Date,GroupLabel,GroupQty,Constituent,StockWeight,WeightBasis,Allocated,Supplier
25/03/2026,800ml Sports Tumbler (MCZ-2080) screw lid anti bacterial,1,800ml Sports Tumbler (MCZ-S040) screw lid antibacterial,5,exact_month,0,TIGER FLASK
25/03/2026,800ml Sports Tumbler (MCZ-2080) screw lid anti bacterial,1,800ml Sports Tumbler (MCZ-S080) screw lid antibacterial,6,exact_month,1,TIGER FLASK
06/08/2024,Back pack,1,Forward Back Pack,39,nearest_month(+3mo),0,NAPOLIZ ENTERPRISES
06/08/2024,Back pack,1,Artic Back Pack,41,nearest_month(+3mo),1,NAPOLIZ ENTERPRISES
13/11/2024,Back pack,2,Forward Back Pack,39,exact_month,1,NAPOLIZ
13/11/2024,Back pack,2,Artic Back Pack,41,exact_month,1,NAPOLIZ
14/11/2024,Back pack,1,Forward Back Pack,39,exact_month,0,NAPOLIZ
14/11/2024,Back pack,1,Artic Back Pack,41,exact_month,1,NAPOLIZ
15/12/2024,Back pack,2,Forward Back Pack,16,exact_month,1,NAPOLIZ ENTERPRISES
15/12/2024,Back pack,2,Artic Back Pack,6,exact_month,1,NAPOLIZ ENTERPRISES
19/12/2024,Back pack,1,Forward Back Pack,16,exact_month,1,NAPOLIZ ENTERPRISES
19/12/2024,Back pack,1,Artic Back Pack,6,exact_month,0,NAPOLIZ ENTERPRISES
12/01/2025,Back pack,2,Forward Back Pack,5,exact_month,1,NAPOLIZ ENTERPRISES
12/01/2025,Back pack,2,Artic Back Pack,4,exact_month,1,NAPOLIZ ENTERPRISES
14/02/2025,Back pack,1,Forward Back Pack,13,exact_month,1,NAPOLIZ ENTERPRISES
14/02/2025,Back pack,1,Artic Back Pack,3,exact_month,0,NAPOLIZ ENTERPRISES
13/06/2025,Back pack,1,Forward Back Pack,16,exact_month,1,NAPOLIZ ENTERPRISES
13/06/2025,Back pack,1,Artic Back Pack,2,exact_month,0,NAPOLIZ ENTERPRISES
18/06/2025,Back pack,1,Forward Back Pack,16,exact_month,1,NAPOLIZ ENTERPRISES
18/06/2025,Back pack,1,Artic Back Pack,2,exact_month,0,NAPOLIZ ENTERPRISES
11/09/2025,Back pack,1,Forward Back Pack,14,exact_month,1,NAPOLIZ ENTERPRISES
11/09/2025,Back pack,1,Artic Back Pack,2,exact_month,0,NAPOLIZ ENTERPRISES
01/10/2025,Back pack,1,Forward Back Pack,13,exact_month,1,NAPOLIZ ENTERPRISES
01/10/2025,Back pack,1,Artic Back Pack,5,exact_month,0,NAPOLIZ ENTERPRISES
03/10/2025,Back pack,1,Forward Back Pack,13,exact_month,1,NAPOLIZ ENTERPRISES
03/10/2025,Back pack,1,Artic Back Pack,5,exact_month,0,NAPOLIZ ENTERPRISES
07/11/2025,"Baseball Shirt (Y,W)",2,Yellow Baseball Shirt,76,nearest_month(-12mo),1,JYL ATHLETICA (CONSIGNMENT)
07/11/2025,"Baseball Shirt (Y,W)",2,Gold Baseball Shirt,2,exact_month,0,JYL ATHLETICA (CONSIGNMENT)
07/11/2025,"Baseball Shirt (Y,W)",2,White Baseball Shirt,30,exact_month,1,JYL ATHLETICA (CONSIGNMENT)
12/11/2025,"Baseball Shirt (Y,W)",1,Yellow Baseball Shirt,76,nearest_month(-12mo),1,JYL ATHLETICA (CONSIGNMENT)
12/11/2025,"Baseball Shirt (Y,W)",1,Gold Baseball Shirt,2,exact_month,0,JYL ATHLETICA (CONSIGNMENT)
12/11/2025,"Baseball Shirt (Y,W)",1,White Baseball Shirt,30,exact_month,0,JYL ATHLETICA (CONSIGNMENT)
14/11/2025,"Baseball Shirt (Y,W)",1,Yellow Baseball Shirt,76,nearest_month(-12mo),1,JYL ATHLETICA (CONSIGNMENT)
14/11/2025,"Baseball Shirt (Y,W)",1,Gold Baseball Shirt,2,exact_month,0,JYL ATHLETICA (CONSIGNMENT)
14/11/2025,"Baseball Shirt (Y,W)",1,White Baseball Shirt,30,exact_month,0,JYL ATHLETICA (CONSIGNMENT)
22/11/2025,"Baseball Shirt (Y,W)",1,Yellow Baseball Shirt,76,nearest_month(-12mo),1,JYL ATHLETICA (CONSIGNMENT)
22/11/2025,"Baseball Shirt (Y,W)",1,Gold Baseball Shirt,2,exact_month,0,JYL ATHLETICA (CONSIGNMENT)
22/11/2025,"Baseball Shirt (Y,W)",1,White Baseball Shirt,30,exact_month,0,JYL ATHLETICA (CONSIGNMENT)
30/11/2025,"Baseball Shirt (Y,W)",2,Yellow Baseball Shirt,76,nearest_month(-12mo),1,JYL ATHLETICA (CONSIGNMENT)
30/11/2025,"Baseball Shirt (Y,W)",2,Gold Baseball Shirt,2,exact_month,0,JYL ATHLETICA (CONSIGNMENT)
30/11/2025,"Baseball Shirt (Y,W)",2,White Baseball Shirt,30,exact_month,1,JYL ATHLETICA (CONSIGNMENT)
10/12/2025,"Baseball Shirt (Y,W)",1,Yellow Baseball Shirt,76,nearest_month(-13mo),1,JYL ATHLETICA (CONSIGNMENT)
10/12/2025,"Baseball Shirt (Y,W)",1,Gold Baseball Shirt,35,exact_month,0,JYL ATHLETICA (CONSIGNMENT)
10/12/2025,"Baseball Shirt (Y,W)",1,White Baseball Shirt,35,exact_month,0,JYL ATHLETICA (CONSIGNMENT)
11/12/2025,"Baseball Shirt (Y,W)",1,Yellow Baseball Shirt,76,nearest_month(-13mo),1,JYL ATHLETICA (CONSIGNMENT)
11/12/2025,"Baseball Shirt (Y,W)",1,Gold Baseball Shirt,35,exact_month,0,JYL ATHLETICA (CONSIGNMENT)
11/12/2025,"Baseball Shirt (Y,W)",1,White Baseball Shirt,35,exact_month,0,JYL ATHLETICA (CONSIGNMENT)
12/12/2025,"Baseball Shirt (Y,W)",1,Yellow Baseball Shirt,76,nearest_month(-13mo),1,JYL ATHLETICA (CONSIGNMENT)
12/12/2025,"Baseball Shirt (Y,W)",1,Gold Baseball Shirt,35,exact_month,0,JYL ATHLETICA (CONSIGNMENT)
12/12/2025,"Baseball Shirt (Y,W)",1,White Baseball Shirt,35,exact_month,0,JYL ATHLETICA (CONSIGNMENT)
15/12/2025,"Baseball Shirt (Y,W)",3,Yellow Baseball Shirt,76,nearest_month(-13mo),1,JYL ATHLETICA (CONSIGNMENT)
15/12/2025,"Baseball Shirt (Y,W)",3,Gold Baseball Shirt,35,exact_month,1,JYL ATHLETICA (CONSIGNMENT)
15/12/2025,"Baseball Shirt (Y,W)",3,White Baseball Shirt,35,exact_month,1,JYL ATHLETICA (CONSIGNMENT)
16/12/2025,"Baseball Shirt (Y,W)",3,Yellow Baseball Shirt,76,nearest_month(-13mo),1,JYL ATHLETICA (CONSIGNMENT)
16/12/2025,"Baseball Shirt (Y,W)",3,Gold Baseball Shirt,35,exact_month,1,JYL ATHLETICA (CONSIGNMENT)
16/12/2025,"Baseball Shirt (Y,W)",3,White Baseball Shirt,35,exact_month,1,JYL ATHLETICA (CONSIGNMENT)
17/12/2025,"Baseball Shirt (Y,W)",2,Yellow Baseball Shirt,76,nearest_month(-13mo),1,JYL ATHLETICA (CONSIGNMENT)
17/12/2025,"Baseball Shirt (Y,W)",2,Gold Baseball Shirt,35,exact_month,1,JYL ATHLETICA (CONSIGNMENT)
17/12/2025,"Baseball Shirt (Y,W)",2,White Baseball Shirt,35,exact_month,0,JYL ATHLETICA (CONSIGNMENT)
18/12/2025,"Baseball Shirt (Y,W)",3,Yellow Baseball Shirt,76,nearest_month(-13mo),1,JYL ATHLETICA (CONSIGNMENT)
18/12/2025,"Baseball Shirt (Y,W)",3,Gold Baseball Shirt,35,exact_month,1,JYL ATHLETICA (CONSIGNMENT)
18/12/2025,"Baseball Shirt (Y,W)",3,White Baseball Shirt,35,exact_month,1,JYL ATHLETICA (CONSIGNMENT)
08/01/2026,"Baseball Shirt (Y,W)",1,Yellow Baseball Shirt,76,nearest_month(-14mo),1,JYL ATHLETICA (CONSIGNMENT)
08/01/2026,"Baseball Shirt (Y,W)",1,Gold Baseball Shirt,25,exact_month,0,JYL ATHLETICA (CONSIGNMENT)
08/01/2026,"Baseball Shirt (Y,W)",1,White Baseball Shirt,32,exact_month,0,JYL ATHLETICA (CONSIGNMENT)
14/01/2026,"Baseball Shirt (Y,W)",1,Yellow Baseball Shirt,76,nearest_month(-14mo),1,JYL ATHLETICA (CONSIGNMENT)
14/01/2026,"Baseball Shirt (Y,W)",1,Gold Baseball Shirt,25,exact_month,0,JYL ATHLETICA (CONSIGNMENT)
14/01/2026,"Baseball Shirt (Y,W)",1,White Baseball Shirt,32,exact_month,0,JYL ATHLETICA (CONSIGNMENT)
16/01/2026,"Baseball Shirt (Y,W)",1,Yellow Baseball Shirt,76,nearest_month(-14mo),1,JYL ATHLETICA (CONSIGNMENT)
16/01/2026,"Baseball Shirt (Y,W)",1,Gold Baseball Shirt,25,exact_month,0,JYL ATHLETICA (CONSIGNMENT)
16/01/2026,"Baseball Shirt (Y,W)",1,White Baseball Shirt,32,exact_month,0,JYL ATHLETICA (CONSIGNMENT)
20/01/2026,"Baseball Shirt (Y,W)",1,Yellow Baseball Shirt,76,nearest_month(-14mo),1,JYL ATHLETICA (CONSIGNMENT)
20/01/2026,"Baseball Shirt (Y,W)",1,Gold Baseball Shirt,25,exact_month,0,JYL ATHLETICA (CONSIGNMENT)
20/01/2026,"Baseball Shirt (Y,W)",1,White Baseball Shirt,32,exact_month,0,JYL ATHLETICA (CONSIGNMENT)
22/01/2026,"Baseball Shirt (Y,W)",1,Yellow Baseball Shirt,76,nearest_month(-14mo),1,JYL ATHLETICA (CONSIGNMENT)
22/01/2026,"Baseball Shirt (Y,W)",1,Gold Baseball Shirt,25,exact_month,0,JYL ATHLETICA (CONSIGNMENT)
22/01/2026,"Baseball Shirt (Y,W)",1,White Baseball Shirt,32,exact_month,0,JYL ATHLETICA (CONSIGNMENT)
27/01/2026,"Baseball Shirt (Y,W)",1,Yellow Baseball Shirt,76,nearest_month(-14mo),1,JYL ATHLETICA (CONSIGNMENT)
27/01/2026,"Baseball Shirt (Y,W)",1,Gold Baseball Shirt,25,exact_month,0,JYL ATHLETICA (CONSIGNMENT)
27/01/2026,"Baseball Shirt (Y,W)",1,White Baseball Shirt,32,exact_month,0,JYL ATHLETICA (CONSIGNMENT)
30/01/2026,"Baseball Shirt (Y,W)",2,Yellow Baseball Shirt,76,nearest_month(-14mo),1,JYL ATHLETICA (CONSIGNMENT)
30/01/2026,"Baseball Shirt (Y,W)",2,Gold Baseball Shirt,25,exact_month,0,JYL ATHLETICA (CONSIGNMENT)
30/01/2026,"Baseball Shirt (Y,W)",2,White Baseball Shirt,32,exact_month,1,JYL ATHLETICA (CONSIGNMENT)
09/02/2026,"Baseball Shirt (Y,W)",1,Yellow Baseball Shirt,76,nearest_month(-15mo),1,JYL ATHLETICA (CONSIGNMENT)
09/02/2026,"Baseball Shirt (Y,W)",1,Gold Baseball Shirt,22,exact_month,0,JYL ATHLETICA (CONSIGNMENT)
09/02/2026,"Baseball Shirt (Y,W)",1,White Baseball Shirt,26,exact_month,0,JYL ATHLETICA (CONSIGNMENT)
13/02/2026,"Baseball Shirt (Y,W)",1,Yellow Baseball Shirt,76,nearest_month(-15mo),1,JYL ATHLETICA (CONSIGNMENT)
13/02/2026,"Baseball Shirt (Y,W)",1,Gold Baseball Shirt,22,exact_month,0,JYL ATHLETICA (CONSIGNMENT)
13/02/2026,"Baseball Shirt (Y,W)",1,White Baseball Shirt,26,exact_month,0,JYL ATHLETICA (CONSIGNMENT)
16/02/2026,"Baseball Shirt (Y,W)",1,Yellow Baseball Shirt,76,nearest_month(-15mo),1,JYL ATHLETICA (CONSIGNMENT)
16/02/2026,"Baseball Shirt (Y,W)",1,Gold Baseball Shirt,22,exact_month,0,JYL ATHLETICA (CONSIGNMENT)
16/02/2026,"Baseball Shirt (Y,W)",1,White Baseball Shirt,26,exact_month,0,JYL ATHLETICA (CONSIGNMENT)
21/02/2026,"Baseball Shirt (Y,W)",1,Yellow Baseball Shirt,76,nearest_month(-15mo),1,JYL ATHLETICA (CONSIGNMENT)
21/02/2026,"Baseball Shirt (Y,W)",1,Gold Baseball Shirt,22,exact_month,0,JYL ATHLETICA (CONSIGNMENT)
21/02/2026,"Baseball Shirt (Y,W)",1,White Baseball Shirt,26,exact_month,0,JYL ATHLETICA (CONSIGNMENT)
27/02/2026,"Baseball Shirt (Y,W)",2,Yellow Baseball Shirt,76,nearest_month(-15mo),1,JYL ATHLETICA (CONSIGNMENT)
27/02/2026,"Baseball Shirt (Y,W)",2,Gold Baseball Shirt,22,exact_month,0,JYL ATHLETICA (CONSIGNMENT)
27/02/2026,"Baseball Shirt (Y,W)",2,White Baseball Shirt,26,exact_month,1,JYL ATHLETICA (CONSIGNMENT)
28/02/2026,"Baseball Shirt (Y,W)",4,Yellow Baseball Shirt,76,nearest_month(-15mo),2,JYL ATHLETICA (CONSIGNMENT)
28/02/2026,"Baseball Shirt (Y,W)",4,Gold Baseball Shirt,22,exact_month,1,JYL ATHLETICA (CONSIGNMENT)
28/02/2026,"Baseball Shirt (Y,W)",4,White Baseball Shirt,26,exact_month,1,JYL ATHLETICA (CONSIGNMENT)
07/03/2026,"Baseball Shirt (Y,W)",1,Yellow Baseball Shirt,76,nearest_month(-16mo),1,JYL ATHLETICA (CONSIGNMENT)
07/03/2026,"Baseball Shirt (Y,W)",1,Gold Baseball Shirt,15,exact_month,0,JYL ATHLETICA (CONSIGNMENT)
07/03/2026,"Baseball Shirt (Y,W)",1,White Baseball Shirt,38,exact_month,0,JYL ATHLETICA (CONSIGNMENT)
13/03/2026,"Baseball Shirt (Y,W)",1,Yellow Baseball Shirt,76,nearest_month(-16mo),1,JYL ATHLETICA (CONSIGNMENT)
13/03/2026,"Baseball Shirt (Y,W)",1,Gold Baseball Shirt,15,exact_month,0,JYL ATHLETICA (CONSIGNMENT)
13/03/2026,"Baseball Shirt (Y,W)",1,White Baseball Shirt,38,exact_month,0,JYL ATHLETICA (CONSIGNMENT)
28/03/2026,"Baseball Shirt (Y,W)",1,Yellow Baseball Shirt,76,nearest_month(-16mo),1,JYL ATHLETICA (CONSIGNMENT)
28/03/2026,"Baseball Shirt (Y,W)",1,Gold Baseball Shirt,15,exact_month,0,JYL ATHLETICA (CONSIGNMENT)
28/03/2026,"Baseball Shirt (Y,W)",1,White Baseball Shirt,38,exact_month,0,JYL ATHLETICA (CONSIGNMENT)
29/03/2026,"Baseball Shirt (Y,W)",3,Yellow Baseball Shirt,76,nearest_month(-16mo),2,JYL ATHLETICA (CONSIGNMENT)
29/03/2026,"Baseball Shirt (Y,W)",3,Gold Baseball Shirt,15,exact_month,0,JYL ATHLETICA (CONSIGNMENT)
29/03/2026,"Baseball Shirt (Y,W)",3,White Baseball Shirt,38,exact_month,1,JYL ATHLETICA (CONSIGNMENT)
10/04/2026,"Baseball Shirt (Y,W)",1,Yellow Baseball Shirt,76,nearest_month(-17mo),1,JYL ATHLETICA (CONSIGNMENT)
10/04/2026,"Baseball Shirt (Y,W)",1,Gold Baseball Shirt,0,exact_month,0,JYL ATHLETICA (CONSIGNMENT)
10/04/2026,"Baseball Shirt (Y,W)",1,White Baseball Shirt,0,exact_month,0,JYL ATHLETICA (CONSIGNMENT)
22/04/2026,"Baseball Shirt (Y,W)",1,Yellow Baseball Shirt,76,nearest_month(-17mo),1,JYL ATHLETICA (CONSIGNMENT)
22/04/2026,"Baseball Shirt (Y,W)",1,Gold Baseball Shirt,0,exact_month,0,JYL ATHLETICA (CONSIGNMENT)
22/04/2026,"Baseball Shirt (Y,W)",1,White Baseball Shirt,0,exact_month,0,JYL ATHLETICA (CONSIGNMENT)
24/04/2026,"Baseball Shirt (Y,W)",1,Yellow Baseball Shirt,76,nearest_month(-17mo),1,JYL ATHLETICA (CONSIGNMENT)
24/04/2026,"Baseball Shirt (Y,W)",1,Gold Baseball Shirt,0,exact_month,0,JYL ATHLETICA (CONSIGNMENT)
24/04/2026,"Baseball Shirt (Y,W)",1,White Baseball Shirt,0,exact_month,0,JYL ATHLETICA (CONSIGNMENT)
25/04/2026,"Baseball Shirt (Y,W)",1,Yellow Baseball Shirt,76,nearest_month(-17mo),1,JYL ATHLETICA (CONSIGNMENT)
25/04/2026,"Baseball Shirt (Y,W)",1,Gold Baseball Shirt,0,exact_month,0,JYL ATHLETICA (CONSIGNMENT)
25/04/2026,"Baseball Shirt (Y,W)",1,White Baseball Shirt,0,exact_month,0,JYL ATHLETICA (CONSIGNMENT)
28/04/2026,"Baseball Shirt (Y,W)",1,Yellow Baseball Shirt,76,nearest_month(-17mo),1,JYL ATHLETICA (CONSIGNMENT)
28/04/2026,"Baseball Shirt (Y,W)",1,Gold Baseball Shirt,0,exact_month,0,JYL ATHLETICA (CONSIGNMENT)
28/04/2026,"Baseball Shirt (Y,W)",1,White Baseball Shirt,0,exact_month,0,JYL ATHLETICA (CONSIGNMENT)
09/05/2026,"Baseball Shirt (Y,W)",1,Yellow Baseball Shirt,76,nearest_month(-18mo),1,JYL ATHLETICA (CONSIGNMENT)
09/05/2026,"Baseball Shirt (Y,W)",1,Gold Baseball Shirt,0,nearest_month(-1mo),0,JYL ATHLETICA (CONSIGNMENT)
09/05/2026,"Baseball Shirt (Y,W)",1,White Baseball Shirt,0,nearest_month(-1mo),0,JYL ATHLETICA (CONSIGNMENT)
14/05/2026,"Baseball Shirt (Y,W)",1,Yellow Baseball Shirt,76,nearest_month(-18mo),1,JYL ATHLETICA (CONSIGNMENT)
14/05/2026,"Baseball Shirt (Y,W)",1,Gold Baseball Shirt,0,nearest_month(-1mo),0,JYL ATHLETICA (CONSIGNMENT)
14/05/2026,"Baseball Shirt (Y,W)",1,White Baseball Shirt,0,nearest_month(-1mo),0,JYL ATHLETICA (CONSIGNMENT)
20/05/2026,"Baseball Shirt (Y,W)",1,Yellow Baseball Shirt,76,nearest_month(-18mo),1,JYL ATHLETICA (CONSIGNMENT)
20/05/2026,"Baseball Shirt (Y,W)",1,Gold Baseball Shirt,0,nearest_month(-1mo),0,JYL ATHLETICA (CONSIGNMENT)
20/05/2026,"Baseball Shirt (Y,W)",1,White Baseball Shirt,0,nearest_month(-1mo),0,JYL ATHLETICA (CONSIGNMENT)
23/05/2026,"Baseball Shirt (Y,W)",2,Yellow Baseball Shirt,76,nearest_month(-18mo),2,JYL ATHLETICA (CONSIGNMENT)
23/05/2026,"Baseball Shirt (Y,W)",2,Gold Baseball Shirt,0,nearest_month(-1mo),0,JYL ATHLETICA (CONSIGNMENT)
23/05/2026,"Baseball Shirt (Y,W)",2,White Baseball Shirt,0,nearest_month(-1mo),0,JYL ATHLETICA (CONSIGNMENT)
28/05/2026,"Baseball Shirt (Y,W)",2,Yellow Baseball Shirt,76,nearest_month(-18mo),2,JYL ATHLETICA (CONSIGNMENT)
28/05/2026,"Baseball Shirt (Y,W)",2,Gold Baseball Shirt,0,nearest_month(-1mo),0,JYL ATHLETICA (CONSIGNMENT)
28/05/2026,"Baseball Shirt (Y,W)",2,White Baseball Shirt,0,nearest_month(-1mo),0,JYL ATHLETICA (CONSIGNMENT)
30/05/2026,"Baseball Shirt (Y,W)",1,Yellow Baseball Shirt,76,nearest_month(-18mo),1,JYL ATHLETICA (CONSIGNMENT)
30/05/2026,"Baseball Shirt (Y,W)",1,Gold Baseball Shirt,0,nearest_month(-1mo),0,JYL ATHLETICA (CONSIGNMENT)
30/05/2026,"Baseball Shirt (Y,W)",1,White Baseball Shirt,0,nearest_month(-1mo),0,JYL ATHLETICA (CONSIGNMENT)
04/06/2026,"Baseball Shirt (Y,W)",1,Yellow Baseball Shirt,76,nearest_month(-19mo),1,JYL ATHLETICA (CONSIGNMENT)
04/06/2026,"Baseball Shirt (Y,W)",1,Gold Baseball Shirt,0,nearest_month(-2mo),0,JYL ATHLETICA (CONSIGNMENT)
04/06/2026,"Baseball Shirt (Y,W)",1,White Baseball Shirt,0,nearest_month(-2mo),0,JYL ATHLETICA (CONSIGNMENT)
08/06/2026,"Baseball Shirt (Y,W)",1,Yellow Baseball Shirt,76,nearest_month(-19mo),1,JYL ATHLETICA (CONSIGNMENT)
08/06/2026,"Baseball Shirt (Y,W)",1,Gold Baseball Shirt,0,nearest_month(-2mo),0,JYL ATHLETICA (CONSIGNMENT)
08/06/2026,"Baseball Shirt (Y,W)",1,White Baseball Shirt,0,nearest_month(-2mo),0,JYL ATHLETICA (CONSIGNMENT)
13/06/2026,"Baseball Shirt (Y,W)",1,Yellow Baseball Shirt,76,nearest_month(-19mo),1,JYL ATHLETICA (CONSIGNMENT)
13/06/2026,"Baseball Shirt (Y,W)",1,Gold Baseball Shirt,0,nearest_month(-2mo),0,JYL ATHLETICA (CONSIGNMENT)
13/06/2026,"Baseball Shirt (Y,W)",1,White Baseball Shirt,0,nearest_month(-2mo),0,JYL ATHLETICA (CONSIGNMENT)
16/06/2026,"Baseball Shirt (Y,W)",1,Yellow Baseball Shirt,76,nearest_month(-19mo),1,JYL ATHLETICA (CONSIGNMENT)
16/06/2026,"Baseball Shirt (Y,W)",1,Gold Baseball Shirt,0,nearest_month(-2mo),0,JYL ATHLETICA (CONSIGNMENT)
16/06/2026,"Baseball Shirt (Y,W)",1,White Baseball Shirt,0,nearest_month(-2mo),0,JYL ATHLETICA (CONSIGNMENT)
17/06/2026,"Baseball Shirt (Y,W)",1,Yellow Baseball Shirt,76,nearest_month(-19mo),1,JYL ATHLETICA (CONSIGNMENT)
17/06/2026,"Baseball Shirt (Y,W)",1,Gold Baseball Shirt,0,nearest_month(-2mo),0,JYL ATHLETICA (CONSIGNMENT)
17/06/2026,"Baseball Shirt (Y,W)",1,White Baseball Shirt,0,nearest_month(-2mo),0,JYL ATHLETICA (CONSIGNMENT)
23/06/2026,"Baseball Shirt (Y,W)",3,Yellow Baseball Shirt,76,nearest_month(-19mo),3,JYL ATHLETICA (CONSIGNMENT)
23/06/2026,"Baseball Shirt (Y,W)",3,Gold Baseball Shirt,0,nearest_month(-2mo),0,JYL ATHLETICA (CONSIGNMENT)
23/06/2026,"Baseball Shirt (Y,W)",3,White Baseball Shirt,0,nearest_month(-2mo),0,JYL ATHLETICA (CONSIGNMENT)
25/06/2026,"Baseball Shirt (Y,W)",1,Yellow Baseball Shirt,76,nearest_month(-19mo),1,JYL ATHLETICA (CONSIGNMENT)
25/06/2026,"Baseball Shirt (Y,W)",1,Gold Baseball Shirt,0,nearest_month(-2mo),0,JYL ATHLETICA (CONSIGNMENT)
25/06/2026,"Baseball Shirt (Y,W)",1,White Baseball Shirt,0,nearest_month(-2mo),0,JYL ATHLETICA (CONSIGNMENT)
26/06/2026,"Baseball Shirt (Y,W)",1,Yellow Baseball Shirt,76,nearest_month(-19mo),1,JYL ATHLETICA (CONSIGNMENT)
26/06/2026,"Baseball Shirt (Y,W)",1,Gold Baseball Shirt,0,nearest_month(-2mo),0,JYL ATHLETICA (CONSIGNMENT)
26/06/2026,"Baseball Shirt (Y,W)",1,White Baseball Shirt,0,nearest_month(-2mo),0,JYL ATHLETICA (CONSIGNMENT)
25/04/2025,Black Embro,1,Black Embro Oversized Shirt,45,nearest_month(+9mo),0,BLAZE
25/04/2025,Black Embro,1,Black Hoodie Embro,50,nearest_month(+5mo),0,BLAZE
25/04/2025,Black Embro,1,Tripple Embro Black Shirt,98,nearest_month(+9mo),1,BLAZE
26/04/2025,Black Embro,6,Black Embro Oversized Shirt,45,nearest_month(+9mo),1,BLAZE
26/04/2025,Black Embro,6,Black Hoodie Embro,50,nearest_month(+5mo),2,BLAZE
26/04/2025,Black Embro,6,Tripple Embro Black Shirt,98,nearest_month(+9mo),3,BLAZE
28/04/2025,Black Embro,1,Black Embro Oversized Shirt,45,nearest_month(+9mo),0,BLAZE
28/04/2025,Black Embro,1,Black Hoodie Embro,50,nearest_month(+5mo),0,BLAZE
28/04/2025,Black Embro,1,Tripple Embro Black Shirt,98,nearest_month(+9mo),1,BLAZE
29/04/2025,Black Embro,2,Black Embro Oversized Shirt,45,nearest_month(+9mo),0,BLAZE
29/04/2025,Black Embro,2,Black Hoodie Embro,50,nearest_month(+5mo),1,BLAZE
29/04/2025,Black Embro,2,Tripple Embro Black Shirt,98,nearest_month(+9mo),1,BLAZE
02/05/2025,Black Embro,4,Black Embro Oversized Shirt,45,nearest_month(+8mo),1,BLAZE
02/05/2025,Black Embro,4,Black Hoodie Embro,50,nearest_month(+4mo),1,BLAZE
02/05/2025,Black Embro,4,Tripple Embro Black Shirt,98,nearest_month(+8mo),2,BLAZE
05/05/2025,Black Embro,2,Black Embro Oversized Shirt,45,nearest_month(+8mo),0,BLAZE
05/05/2025,Black Embro,2,Black Hoodie Embro,50,nearest_month(+4mo),1,BLAZE
05/05/2025,Black Embro,2,Tripple Embro Black Shirt,98,nearest_month(+8mo),1,BLAZE
06/05/2025,Black Embro,2,Black Embro Oversized Shirt,45,nearest_month(+8mo),0,BLAZE
06/05/2025,Black Embro,2,Black Hoodie Embro,50,nearest_month(+4mo),1,BLAZE
06/05/2025,Black Embro,2,Tripple Embro Black Shirt,98,nearest_month(+8mo),1,BLAZE
07/05/2025,Black Embro,1,Black Embro Oversized Shirt,45,nearest_month(+8mo),0,BLAZE
07/05/2025,Black Embro,1,Black Hoodie Embro,50,nearest_month(+4mo),0,BLAZE
07/05/2025,Black Embro,1,Tripple Embro Black Shirt,98,nearest_month(+8mo),1,BLAZE
08/05/2025,Black Embro,4,Black Embro Oversized Shirt,45,nearest_month(+8mo),1,BLAZE
08/05/2025,Black Embro,4,Black Hoodie Embro,50,nearest_month(+4mo),1,BLAZE
08/05/2025,Black Embro,4,Tripple Embro Black Shirt,98,nearest_month(+8mo),2,BLAZE
10/05/2025,Black Embro,2,Black Embro Oversized Shirt,45,nearest_month(+8mo),0,BLAZE
10/05/2025,Black Embro,2,Black Hoodie Embro,50,nearest_month(+4mo),1,BLAZE
10/05/2025,Black Embro,2,Tripple Embro Black Shirt,98,nearest_month(+8mo),1,BLAZE
16/05/2025,Black Embro,11,Black Embro Oversized Shirt,45,nearest_month(+8mo),2,BLAZE
16/05/2025,Black Embro,11,Black Hoodie Embro,50,nearest_month(+4mo),3,BLAZE
16/05/2025,Black Embro,11,Tripple Embro Black Shirt,98,nearest_month(+8mo),6,BLAZE
19/05/2025,Black Embro,4,Black Embro Oversized Shirt,45,nearest_month(+8mo),1,BLAZE
19/05/2025,Black Embro,4,Black Hoodie Embro,50,nearest_month(+4mo),1,BLAZE
19/05/2025,Black Embro,4,Tripple Embro Black Shirt,98,nearest_month(+8mo),2,BLAZE
22/05/2025,Black Embro,1,Black Embro Oversized Shirt,45,nearest_month(+8mo),0,BLAZE
22/05/2025,Black Embro,1,Black Hoodie Embro,50,nearest_month(+4mo),0,BLAZE
22/05/2025,Black Embro,1,Tripple Embro Black Shirt,98,nearest_month(+8mo),1,BLAZE
24/05/2025,Black Embro,3,Black Embro Oversized Shirt,45,nearest_month(+8mo),1,BLAZE
24/05/2025,Black Embro,3,Black Hoodie Embro,50,nearest_month(+4mo),1,BLAZE
24/05/2025,Black Embro,3,Tripple Embro Black Shirt,98,nearest_month(+8mo),1,BLAZE
27/05/2025,Black Embro,1,Black Embro Oversized Shirt,45,nearest_month(+8mo),0,BLAZE
27/05/2025,Black Embro,1,Black Hoodie Embro,50,nearest_month(+4mo),0,BLAZE
27/05/2025,Black Embro,1,Tripple Embro Black Shirt,98,nearest_month(+8mo),1,BLAZE
28/05/2025,Black Embro,1,Black Embro Oversized Shirt,45,nearest_month(+8mo),0,BLAZE
28/05/2025,Black Embro,1,Black Hoodie Embro,50,nearest_month(+4mo),0,BLAZE
28/05/2025,Black Embro,1,Tripple Embro Black Shirt,98,nearest_month(+8mo),1,BLAZE
29/05/2025,Black Embro,2,Black Embro Oversized Shirt,45,nearest_month(+8mo),0,BLAZE
29/05/2025,Black Embro,2,Black Hoodie Embro,50,nearest_month(+4mo),1,BLAZE
29/05/2025,Black Embro,2,Tripple Embro Black Shirt,98,nearest_month(+8mo),1,BLAZE
02/06/2025,Black Embro,2,Black Embro Oversized Shirt,45,nearest_month(+7mo),0,BLAZE
02/06/2025,Black Embro,2,Black Hoodie Embro,50,nearest_month(+3mo),1,BLAZE
02/06/2025,Black Embro,2,Tripple Embro Black Shirt,98,nearest_month(+7mo),1,BLAZE
03/06/2025,Black Embro,1,Black Embro Oversized Shirt,45,nearest_month(+7mo),0,BLAZE
03/06/2025,Black Embro,1,Black Hoodie Embro,50,nearest_month(+3mo),0,BLAZE
03/06/2025,Black Embro,1,Tripple Embro Black Shirt,98,nearest_month(+7mo),1,BLAZE
04/06/2025,Black Embro,2,Black Embro Oversized Shirt,45,nearest_month(+7mo),0,BLAZE
04/06/2025,Black Embro,2,Black Hoodie Embro,50,nearest_month(+3mo),1,BLAZE
04/06/2025,Black Embro,2,Tripple Embro Black Shirt,98,nearest_month(+7mo),1,BLAZE
05/06/2025,Black Embro,6,Black Embro Oversized Shirt,45,nearest_month(+7mo),1,BLAZE
05/06/2025,Black Embro,6,Black Hoodie Embro,50,nearest_month(+3mo),2,BLAZE
05/06/2025,Black Embro,6,Tripple Embro Black Shirt,98,nearest_month(+7mo),3,BLAZE
06/06/2025,Black Embro,3,Black Embro Oversized Shirt,45,nearest_month(+7mo),1,BLAZE
06/06/2025,Black Embro,3,Black Hoodie Embro,50,nearest_month(+3mo),1,BLAZE
06/06/2025,Black Embro,3,Tripple Embro Black Shirt,98,nearest_month(+7mo),1,BLAZE
09/06/2025,Black Embro,5,Black Embro Oversized Shirt,45,nearest_month(+7mo),1,BLAZE
09/06/2025,Black Embro,5,Black Hoodie Embro,50,nearest_month(+3mo),1,BLAZE
09/06/2025,Black Embro,5,Tripple Embro Black Shirt,98,nearest_month(+7mo),3,BLAZE
10/06/2025,Black Embro,2,Black Embro Oversized Shirt,45,nearest_month(+7mo),0,BLAZE
10/06/2025,Black Embro,2,Black Hoodie Embro,50,nearest_month(+3mo),1,BLAZE
10/06/2025,Black Embro,2,Tripple Embro Black Shirt,98,nearest_month(+7mo),1,BLAZE
11/06/2025,Black Embro,7,Black Embro Oversized Shirt,45,nearest_month(+7mo),2,BLAZE
11/06/2025,Black Embro,7,Black Hoodie Embro,50,nearest_month(+3mo),2,BLAZE
11/06/2025,Black Embro,7,Tripple Embro Black Shirt,98,nearest_month(+7mo),3,BLAZE
12/06/2025,Black Embro,1,Black Embro Oversized Shirt,45,nearest_month(+7mo),0,BLAZE
12/06/2025,Black Embro,1,Black Hoodie Embro,50,nearest_month(+3mo),0,BLAZE
12/06/2025,Black Embro,1,Tripple Embro Black Shirt,98,nearest_month(+7mo),1,BLAZE
13/06/2025,Black Embro,3,Black Embro Oversized Shirt,45,nearest_month(+7mo),1,BLAZE
13/06/2025,Black Embro,3,Black Hoodie Embro,50,nearest_month(+3mo),1,BLAZE
13/06/2025,Black Embro,3,Tripple Embro Black Shirt,98,nearest_month(+7mo),1,BLAZE
16/06/2025,Black Embro,1,Black Embro Oversized Shirt,45,nearest_month(+7mo),0,BLAZE
16/06/2025,Black Embro,1,Black Hoodie Embro,50,nearest_month(+3mo),0,BLAZE
16/06/2025,Black Embro,1,Tripple Embro Black Shirt,98,nearest_month(+7mo),1,BLAZE
17/06/2025,Black Embro,1,Black Embro Oversized Shirt,45,nearest_month(+7mo),0,BLAZE
17/06/2025,Black Embro,1,Black Hoodie Embro,50,nearest_month(+3mo),0,BLAZE
17/06/2025,Black Embro,1,Tripple Embro Black Shirt,98,nearest_month(+7mo),1,BLAZE
19/06/2025,Black Embro,1,Black Embro Oversized Shirt,45,nearest_month(+7mo),0,BLAZE
19/06/2025,Black Embro,1,Black Hoodie Embro,50,nearest_month(+3mo),0,BLAZE
19/06/2025,Black Embro,1,Tripple Embro Black Shirt,98,nearest_month(+7mo),1,BLAZE
20/06/2025,Black Embro,1,Black Embro Oversized Shirt,45,nearest_month(+7mo),0,BLAZE
20/06/2025,Black Embro,1,Black Hoodie Embro,50,nearest_month(+3mo),0,BLAZE
20/06/2025,Black Embro,1,Tripple Embro Black Shirt,98,nearest_month(+7mo),1,BLAZE
21/06/2025,Black Embro,2,Black Embro Oversized Shirt,45,nearest_month(+7mo),0,BLAZE
21/06/2025,Black Embro,2,Black Hoodie Embro,50,nearest_month(+3mo),1,BLAZE
21/06/2025,Black Embro,2,Tripple Embro Black Shirt,98,nearest_month(+7mo),1,BLAZE
25/06/2025,Black Embro,3,Black Embro Oversized Shirt,45,nearest_month(+7mo),1,BLAZE
25/06/2025,Black Embro,3,Black Hoodie Embro,50,nearest_month(+3mo),1,BLAZE
25/06/2025,Black Embro,3,Tripple Embro Black Shirt,98,nearest_month(+7mo),1,BLAZE
26/06/2025,Black Embro,1,Black Embro Oversized Shirt,45,nearest_month(+7mo),0,BLAZE
26/06/2025,Black Embro,1,Black Hoodie Embro,50,nearest_month(+3mo),0,BLAZE
26/06/2025,Black Embro,1,Tripple Embro Black Shirt,98,nearest_month(+7mo),1,BLAZE
27/06/2025,Black Embro,4,Black Embro Oversized Shirt,45,nearest_month(+7mo),1,BLAZE
27/06/2025,Black Embro,4,Black Hoodie Embro,50,nearest_month(+3mo),1,BLAZE
27/06/2025,Black Embro,4,Tripple Embro Black Shirt,98,nearest_month(+7mo),2,BLAZE
28/06/2025,Black Embro,3,Black Embro Oversized Shirt,45,nearest_month(+7mo),1,BLAZE
28/06/2025,Black Embro,3,Black Hoodie Embro,50,nearest_month(+3mo),1,BLAZE
28/06/2025,Black Embro,3,Tripple Embro Black Shirt,98,nearest_month(+7mo),1,BLAZE
01/07/2025,Black Embro,1,Black Embro Oversized Shirt,45,nearest_month(+6mo),0,BLAZE
01/07/2025,Black Embro,1,Black Hoodie Embro,50,nearest_month(+2mo),0,BLAZE
01/07/2025,Black Embro,1,Tripple Embro Black Shirt,98,nearest_month(+6mo),1,BLAZE
07/07/2025,Black Embro,1,Black Embro Oversized Shirt,45,nearest_month(+6mo),0,BLAZE
07/07/2025,Black Embro,1,Black Hoodie Embro,50,nearest_month(+2mo),0,BLAZE
07/07/2025,Black Embro,1,Tripple Embro Black Shirt,98,nearest_month(+6mo),1,BLAZE
12/07/2025,Black Embro,1,Black Embro Oversized Shirt,45,nearest_month(+6mo),0,BLAZE
12/07/2025,Black Embro,1,Black Hoodie Embro,50,nearest_month(+2mo),0,BLAZE
12/07/2025,Black Embro,1,Tripple Embro Black Shirt,98,nearest_month(+6mo),1,BLAZE
14/07/2025,Black Embro,1,Black Embro Oversized Shirt,45,nearest_month(+6mo),0,BLAZE
14/07/2025,Black Embro,1,Black Hoodie Embro,50,nearest_month(+2mo),0,BLAZE
14/07/2025,Black Embro,1,Tripple Embro Black Shirt,98,nearest_month(+6mo),1,BLAZE
15/07/2025,Black Embro,5,Black Embro Oversized Shirt,45,nearest_month(+6mo),1,BLAZE
15/07/2025,Black Embro,5,Black Hoodie Embro,50,nearest_month(+2mo),1,BLAZE
15/07/2025,Black Embro,5,Tripple Embro Black Shirt,98,nearest_month(+6mo),3,BLAZE
16/07/2025,Black Embro,5,Black Embro Oversized Shirt,45,nearest_month(+6mo),1,BLAZE
16/07/2025,Black Embro,5,Black Hoodie Embro,50,nearest_month(+2mo),1,BLAZE
16/07/2025,Black Embro,5,Tripple Embro Black Shirt,98,nearest_month(+6mo),3,BLAZE
17/07/2025,Black Embro,2,Black Embro Oversized Shirt,45,nearest_month(+6mo),0,BLAZE
17/07/2025,Black Embro,2,Black Hoodie Embro,50,nearest_month(+2mo),1,BLAZE
17/07/2025,Black Embro,2,Tripple Embro Black Shirt,98,nearest_month(+6mo),1,BLAZE
18/07/2025,Black Embro,1,Black Embro Oversized Shirt,45,nearest_month(+6mo),0,BLAZE
18/07/2025,Black Embro,1,Black Hoodie Embro,50,nearest_month(+2mo),0,BLAZE
18/07/2025,Black Embro,1,Tripple Embro Black Shirt,98,nearest_month(+6mo),1,BLAZE
01/08/2025,Black Embro,7,Black Embro Oversized Shirt,45,nearest_month(+5mo),2,BLAZE
01/08/2025,Black Embro,7,Black Hoodie Embro,50,nearest_month(+1mo),2,BLAZE
01/08/2025,Black Embro,7,Tripple Embro Black Shirt,98,nearest_month(+5mo),3,BLAZE
04/08/2025,Black Embro,3,Black Embro Oversized Shirt,45,nearest_month(+5mo),1,BLAZE
04/08/2025,Black Embro,3,Black Hoodie Embro,50,nearest_month(+1mo),1,BLAZE
04/08/2025,Black Embro,3,Tripple Embro Black Shirt,98,nearest_month(+5mo),1,BLAZE
05/08/2025,Black Embro,2,Black Embro Oversized Shirt,45,nearest_month(+5mo),0,BLAZE
05/08/2025,Black Embro,2,Black Hoodie Embro,50,nearest_month(+1mo),1,BLAZE
05/08/2025,Black Embro,2,Tripple Embro Black Shirt,98,nearest_month(+5mo),1,BLAZE
07/08/2025,Black Embro,1,Black Embro Oversized Shirt,45,nearest_month(+5mo),0,BLAZE
07/08/2025,Black Embro,1,Black Hoodie Embro,50,nearest_month(+1mo),0,BLAZE
07/08/2025,Black Embro,1,Tripple Embro Black Shirt,98,nearest_month(+5mo),1,BLAZE
11/08/2025,Black Embro,2,Black Embro Oversized Shirt,45,nearest_month(+5mo),0,BLAZE
11/08/2025,Black Embro,2,Black Hoodie Embro,50,nearest_month(+1mo),1,BLAZE
11/08/2025,Black Embro,2,Tripple Embro Black Shirt,98,nearest_month(+5mo),1,BLAZE
12/08/2025,Black Embro,1,Black Embro Oversized Shirt,45,nearest_month(+5mo),0,BLAZE
12/08/2025,Black Embro,1,Black Hoodie Embro,50,nearest_month(+1mo),0,BLAZE
12/08/2025,Black Embro,1,Tripple Embro Black Shirt,98,nearest_month(+5mo),1,BLAZE
14/08/2025,Black Embro,1,Black Embro Oversized Shirt,45,nearest_month(+5mo),0,BLAZE
14/08/2025,Black Embro,1,Black Hoodie Embro,50,nearest_month(+1mo),0,BLAZE
14/08/2025,Black Embro,1,Tripple Embro Black Shirt,98,nearest_month(+5mo),1,BLAZE
15/08/2025,Black Embro,4,Black Embro Oversized Shirt,45,nearest_month(+5mo),1,BLAZE
15/08/2025,Black Embro,4,Black Hoodie Embro,50,nearest_month(+1mo),1,BLAZE
15/08/2025,Black Embro,4,Tripple Embro Black Shirt,98,nearest_month(+5mo),2,BLAZE
19/08/2025,Black Embro,3,Black Embro Oversized Shirt,45,nearest_month(+5mo),1,BLAZE
19/08/2025,Black Embro,3,Black Hoodie Embro,50,nearest_month(+1mo),1,BLAZE
19/08/2025,Black Embro,3,Tripple Embro Black Shirt,98,nearest_month(+5mo),1,BLAZE
23/08/2025,Black Embro,1,Black Embro Oversized Shirt,45,nearest_month(+5mo),0,BLAZE
23/08/2025,Black Embro,1,Black Hoodie Embro,50,nearest_month(+1mo),0,BLAZE
23/08/2025,Black Embro,1,Tripple Embro Black Shirt,98,nearest_month(+5mo),1,BLAZE
29/08/2025,Black Embro,4,Black Embro Oversized Shirt,45,nearest_month(+5mo),1,BLAZE
29/08/2025,Black Embro,4,Black Hoodie Embro,50,nearest_month(+1mo),1,BLAZE
29/08/2025,Black Embro,4,Tripple Embro Black Shirt,98,nearest_month(+5mo),2,BLAZE
03/09/2025,Black Embro,1,Black Embro Oversized Shirt,45,nearest_month(+4mo),0,BLAZE
03/09/2025,Black Embro,1,Black Hoodie Embro,50,exact_month,0,BLAZE
03/09/2025,Black Embro,1,Tripple Embro Black Shirt,98,nearest_month(+4mo),1,BLAZE
04/09/2025,Black Embro,2,Black Embro Oversized Shirt,45,nearest_month(+4mo),0,BLAZE
04/09/2025,Black Embro,2,Black Hoodie Embro,50,exact_month,1,BLAZE
04/09/2025,Black Embro,2,Tripple Embro Black Shirt,98,nearest_month(+4mo),1,BLAZE
11/09/2025,Black Embro,1,Black Embro Oversized Shirt,45,nearest_month(+4mo),0,BLAZE
11/09/2025,Black Embro,1,Black Hoodie Embro,50,exact_month,0,BLAZE
11/09/2025,Black Embro,1,Tripple Embro Black Shirt,98,nearest_month(+4mo),1,BLAZE
12/09/2025,Black Embro,2,Black Embro Oversized Shirt,45,nearest_month(+4mo),0,BLAZE
12/09/2025,Black Embro,2,Black Hoodie Embro,50,exact_month,1,BLAZE
12/09/2025,Black Embro,2,Tripple Embro Black Shirt,98,nearest_month(+4mo),1,BLAZE
13/09/2025,Black Embro,3,Black Embro Oversized Shirt,45,nearest_month(+4mo),1,BLAZE
13/09/2025,Black Embro,3,Black Hoodie Embro,50,exact_month,1,BLAZE
13/09/2025,Black Embro,3,Tripple Embro Black Shirt,98,nearest_month(+4mo),1,BLAZE
16/09/2025,Black Embro,3,Black Embro Oversized Shirt,45,nearest_month(+4mo),1,BLAZE
16/09/2025,Black Embro,3,Black Hoodie Embro,50,exact_month,1,BLAZE
16/09/2025,Black Embro,3,Tripple Embro Black Shirt,98,nearest_month(+4mo),1,BLAZE
19/09/2025,Black Embro,7,Black Embro Oversized Shirt,45,nearest_month(+4mo),2,BLAZE
19/09/2025,Black Embro,7,Black Hoodie Embro,50,exact_month,2,BLAZE
19/09/2025,Black Embro,7,Tripple Embro Black Shirt,98,nearest_month(+4mo),3,BLAZE
20/09/2025,Black Embro,3,Black Embro Oversized Shirt,45,nearest_month(+4mo),1,BLAZE
20/09/2025,Black Embro,3,Black Hoodie Embro,50,exact_month,1,BLAZE
20/09/2025,Black Embro,3,Tripple Embro Black Shirt,98,nearest_month(+4mo),1,BLAZE
21/09/2025,Black Embro,3,Black Embro Oversized Shirt,45,nearest_month(+4mo),1,BLAZE
21/09/2025,Black Embro,3,Black Hoodie Embro,50,exact_month,1,BLAZE
21/09/2025,Black Embro,3,Tripple Embro Black Shirt,98,nearest_month(+4mo),1,BLAZE
01/10/2025,Black Embro,2,Black Embro Oversized Shirt,45,nearest_month(+3mo),1,BLAZE
01/10/2025,Black Embro,2,Black Hoodie Embro,45,exact_month,0,BLAZE
01/10/2025,Black Embro,2,Tripple Embro Black Shirt,98,nearest_month(+3mo),1,BLAZE
03/10/2025,Black Embro,1,Black Embro Oversized Shirt,45,nearest_month(+3mo),0,BLAZE
03/10/2025,Black Embro,1,Black Hoodie Embro,45,exact_month,0,BLAZE
03/10/2025,Black Embro,1,Tripple Embro Black Shirt,98,nearest_month(+3mo),1,BLAZE
04/10/2025,Black Embro,3,Black Embro Oversized Shirt,45,nearest_month(+3mo),1,BLAZE
04/10/2025,Black Embro,3,Black Hoodie Embro,45,exact_month,1,BLAZE
04/10/2025,Black Embro,3,Tripple Embro Black Shirt,98,nearest_month(+3mo),1,BLAZE
10/10/2025,Black Embro,3,Black Embro Oversized Shirt,45,nearest_month(+3mo),1,BLAZE
10/10/2025,Black Embro,3,Black Hoodie Embro,45,exact_month,1,BLAZE
10/10/2025,Black Embro,3,Tripple Embro Black Shirt,98,nearest_month(+3mo),1,BLAZE
14/10/2025,Black Embro,1,Black Embro Oversized Shirt,45,nearest_month(+3mo),0,BLAZE
14/10/2025,Black Embro,1,Black Hoodie Embro,45,exact_month,0,BLAZE
14/10/2025,Black Embro,1,Tripple Embro Black Shirt,98,nearest_month(+3mo),1,BLAZE
23/10/2025,Black Embro,1,Black Embro Oversized Shirt,45,nearest_month(+3mo),0,BLAZE
23/10/2025,Black Embro,1,Black Hoodie Embro,45,exact_month,0,BLAZE
23/10/2025,Black Embro,1,Tripple Embro Black Shirt,98,nearest_month(+3mo),1,BLAZE
24/10/2025,Black Embro,1,Black Embro Oversized Shirt,45,nearest_month(+3mo),0,BLAZE
24/10/2025,Black Embro,1,Black Hoodie Embro,45,exact_month,0,BLAZE
24/10/2025,Black Embro,1,Tripple Embro Black Shirt,98,nearest_month(+3mo),1,BLAZE
25/10/2025,Black Embro,3,Black Embro Oversized Shirt,45,nearest_month(+3mo),1,BLAZE
25/10/2025,Black Embro,3,Black Hoodie Embro,45,exact_month,1,BLAZE
25/10/2025,Black Embro,3,Tripple Embro Black Shirt,98,nearest_month(+3mo),1,BLAZE
27/10/2025,Black Embro,1,Black Embro Oversized Shirt,45,nearest_month(+3mo),0,BLAZE
27/10/2025,Black Embro,1,Black Hoodie Embro,45,exact_month,0,BLAZE
27/10/2025,Black Embro,1,Tripple Embro Black Shirt,98,nearest_month(+3mo),1,BLAZE
28/10/2025,Black Embro,1,Black Embro Oversized Shirt,45,nearest_month(+3mo),0,BLAZE
28/10/2025,Black Embro,1,Black Hoodie Embro,45,exact_month,0,BLAZE
28/10/2025,Black Embro,1,Tripple Embro Black Shirt,98,nearest_month(+3mo),1,BLAZE
29/10/2025,Black Embro,3,Black Embro Oversized Shirt,45,nearest_month(+3mo),1,BLAZE
29/10/2025,Black Embro,3,Black Hoodie Embro,45,exact_month,1,BLAZE
29/10/2025,Black Embro,3,Tripple Embro Black Shirt,98,nearest_month(+3mo),1,BLAZE
06/11/2025,Black Embro,5,Black Embro Oversized Shirt,45,nearest_month(+2mo),1,BLAZE (CONSIGNMENT)
06/11/2025,Black Embro,5,Black Hoodie Embro,168,exact_month,3,BLAZE (CONSIGNMENT)
06/11/2025,Black Embro,5,Tripple Embro Black Shirt,98,nearest_month(+2mo),1,BLAZE (CONSIGNMENT)
07/11/2025,Black Embro,3,Black Embro Oversized Shirt,45,nearest_month(+2mo),0,BLAZE (CONSIGNMENT)
07/11/2025,Black Embro,3,Black Hoodie Embro,168,exact_month,2,BLAZE (CONSIGNMENT)
07/11/2025,Black Embro,3,Tripple Embro Black Shirt,98,nearest_month(+2mo),1,BLAZE (CONSIGNMENT)
14/11/2025,Black Embro,1,Black Embro Oversized Shirt,45,nearest_month(+2mo),0,BLAZE (CONSIGNMENT)
14/11/2025,Black Embro,1,Black Hoodie Embro,168,exact_month,1,BLAZE (CONSIGNMENT)
14/11/2025,Black Embro,1,Tripple Embro Black Shirt,98,nearest_month(+2mo),0,BLAZE (CONSIGNMENT)
19/11/2025,Black Embro,3,Black Embro Oversized Shirt,45,nearest_month(+2mo),0,BLAZE (CONSIGNMENT)
19/11/2025,Black Embro,3,Black Hoodie Embro,168,exact_month,2,BLAZE (CONSIGNMENT)
19/11/2025,Black Embro,3,Tripple Embro Black Shirt,98,nearest_month(+2mo),1,BLAZE (CONSIGNMENT)
21/11/2025,Black Embro,1,Black Embro Oversized Shirt,45,nearest_month(+2mo),0,BLAZE (CONSIGNMENT)
21/11/2025,Black Embro,1,Black Hoodie Embro,168,exact_month,1,BLAZE (CONSIGNMENT)
21/11/2025,Black Embro,1,Tripple Embro Black Shirt,98,nearest_month(+2mo),0,BLAZE (CONSIGNMENT)
22/11/2025,Black Embro,1,Black Embro Oversized Shirt,45,nearest_month(+2mo),0,BLAZE (CONSIGNMENT)
22/11/2025,Black Embro,1,Black Hoodie Embro,168,exact_month,1,BLAZE (CONSIGNMENT)
22/11/2025,Black Embro,1,Tripple Embro Black Shirt,98,nearest_month(+2mo),0,BLAZE (CONSIGNMENT)
02/12/2025,Black Embro,1,Black Embro Oversized Shirt,45,nearest_month(+1mo),0,BLAZE (CONSIGNMENT)
02/12/2025,Black Embro,1,Black Hoodie Embro,149,exact_month,1,BLAZE (CONSIGNMENT)
02/12/2025,Black Embro,1,Tripple Embro Black Shirt,98,nearest_month(+1mo),0,BLAZE (CONSIGNMENT)
03/12/2025,Black Embro,1,Black Embro Oversized Shirt,45,nearest_month(+1mo),0,BLAZE (CONSIGNMENT)
03/12/2025,Black Embro,1,Black Hoodie Embro,149,exact_month,1,BLAZE (CONSIGNMENT)
03/12/2025,Black Embro,1,Tripple Embro Black Shirt,98,nearest_month(+1mo),0,BLAZE (CONSIGNMENT)
04/12/2025,Black Embro,1,Black Embro Oversized Shirt,45,nearest_month(+1mo),0,BLAZE (CONSIGNMENT)
04/12/2025,Black Embro,1,Black Hoodie Embro,149,exact_month,1,BLAZE (CONSIGNMENT)
04/12/2025,Black Embro,1,Tripple Embro Black Shirt,98,nearest_month(+1mo),0,BLAZE (CONSIGNMENT)
07/12/2025,Black Embro,22,Black Embro Oversized Shirt,45,nearest_month(+1mo),4,BLAZE (CONSIGNMENT)
07/12/2025,Black Embro,22,Black Hoodie Embro,149,exact_month,11,BLAZE (CONSIGNMENT)
07/12/2025,Black Embro,22,Tripple Embro Black Shirt,98,nearest_month(+1mo),7,BLAZE (CONSIGNMENT)
10/12/2025,Black Embro,3,Black Embro Oversized Shirt,45,nearest_month(+1mo),0,BLAZE (CONSIGNMENT)
10/12/2025,Black Embro,3,Black Hoodie Embro,149,exact_month,2,BLAZE (CONSIGNMENT)
10/12/2025,Black Embro,3,Tripple Embro Black Shirt,98,nearest_month(+1mo),1,BLAZE (CONSIGNMENT)
12/12/2025,Black Embro,1,Black Embro Oversized Shirt,45,nearest_month(+1mo),0,BLAZE (CONSIGNMENT)
12/12/2025,Black Embro,1,Black Hoodie Embro,149,exact_month,1,BLAZE (CONSIGNMENT)
12/12/2025,Black Embro,1,Tripple Embro Black Shirt,98,nearest_month(+1mo),0,BLAZE (CONSIGNMENT)
13/12/2025,Black Embro,1,Black Embro Oversized Shirt,45,nearest_month(+1mo),0,BLAZE (CONSIGNMENT)
13/12/2025,Black Embro,1,Black Hoodie Embro,149,exact_month,1,BLAZE (CONSIGNMENT)
13/12/2025,Black Embro,1,Tripple Embro Black Shirt,98,nearest_month(+1mo),0,BLAZE (CONSIGNMENT)
15/12/2025,Black Embro,1,Black Embro Oversized Shirt,45,nearest_month(+1mo),0,BLAZE (CONSIGNMENT)
15/12/2025,Black Embro,1,Black Hoodie Embro,149,exact_month,1,BLAZE (CONSIGNMENT)
15/12/2025,Black Embro,1,Tripple Embro Black Shirt,98,nearest_month(+1mo),0,BLAZE (CONSIGNMENT)
16/12/2025,Black Embro,2,Black Embro Oversized Shirt,45,nearest_month(+1mo),0,BLAZE (CONSIGNMENT)
16/12/2025,Black Embro,2,Black Hoodie Embro,149,exact_month,1,BLAZE (CONSIGNMENT)
16/12/2025,Black Embro,2,Tripple Embro Black Shirt,98,nearest_month(+1mo),1,BLAZE (CONSIGNMENT)
17/12/2025,Black Embro,1,Black Embro Oversized Shirt,45,nearest_month(+1mo),0,BLAZE (CONSIGNMENT)
17/12/2025,Black Embro,1,Black Hoodie Embro,149,exact_month,1,BLAZE (CONSIGNMENT)
17/12/2025,Black Embro,1,Tripple Embro Black Shirt,98,nearest_month(+1mo),0,BLAZE (CONSIGNMENT)
18/12/2025,Black Embro,5,Black Embro Oversized Shirt,45,nearest_month(+1mo),1,BLAZE (CONSIGNMENT)
18/12/2025,Black Embro,5,Black Hoodie Embro,149,exact_month,2,BLAZE (CONSIGNMENT)
18/12/2025,Black Embro,5,Tripple Embro Black Shirt,98,nearest_month(+1mo),2,BLAZE (CONSIGNMENT)
08/01/2026,Black Embro,1,Black Embro Oversized Shirt,45,exact_month,0,BLAZE (CONSIGNMENT)
08/01/2026,Black Embro,1,Black Hoodie Embro,123,exact_month,1,BLAZE (CONSIGNMENT)
08/01/2026,Black Embro,1,Tripple Embro Black Shirt,98,exact_month,0,BLAZE (CONSIGNMENT)
10/01/2026,Black Embro,1,Black Embro Oversized Shirt,45,exact_month,0,BLAZE (CONSIGNMENT)
10/01/2026,Black Embro,1,Black Hoodie Embro,123,exact_month,1,BLAZE (CONSIGNMENT)
10/01/2026,Black Embro,1,Tripple Embro Black Shirt,98,exact_month,0,BLAZE (CONSIGNMENT)
14/01/2026,Black Embro,4,Black Embro Oversized Shirt,45,exact_month,1,BLAZE (CONSIGNMENT)
14/01/2026,Black Embro,4,Black Hoodie Embro,123,exact_month,2,BLAZE (CONSIGNMENT)
14/01/2026,Black Embro,4,Tripple Embro Black Shirt,98,exact_month,1,BLAZE (CONSIGNMENT)
25/01/2026,Black Embro,3,Black Embro Oversized Shirt,45,exact_month,1,BLAZE (CONSIGNMENT)
25/01/2026,Black Embro,3,Black Hoodie Embro,123,exact_month,1,BLAZE (CONSIGNMENT)
25/01/2026,Black Embro,3,Tripple Embro Black Shirt,98,exact_month,1,BLAZE (CONSIGNMENT)
31/01/2026,Black Embro,1,Black Embro Oversized Shirt,45,exact_month,0,BLAZE (CONSIGNMENT)
31/01/2026,Black Embro,1,Black Hoodie Embro,123,exact_month,1,BLAZE (CONSIGNMENT)
31/01/2026,Black Embro,1,Tripple Embro Black Shirt,98,exact_month,0,BLAZE (CONSIGNMENT)
05/02/2026,Black Embro,2,Black Embro Oversized Shirt,45,exact_month,0,BLAZE (CONSIGNMENT)
05/02/2026,Black Embro,2,Black Hoodie Embro,157,exact_month,1,BLAZE (CONSIGNMENT)
05/02/2026,Black Embro,2,Tripple Embro Black Shirt,98,exact_month,1,BLAZE (CONSIGNMENT)
07/02/2026,Black Embro,1,Black Embro Oversized Shirt,45,exact_month,0,BLAZE (CONSIGNMENT)
07/02/2026,Black Embro,1,Black Hoodie Embro,157,exact_month,1,BLAZE (CONSIGNMENT)
07/02/2026,Black Embro,1,Tripple Embro Black Shirt,98,exact_month,0,BLAZE (CONSIGNMENT)
13/02/2026,Black Embro,2,Black Embro Oversized Shirt,45,exact_month,0,BLAZE (CONSIGNMENT)
13/02/2026,Black Embro,2,Black Hoodie Embro,157,exact_month,1,BLAZE (CONSIGNMENT)
13/02/2026,Black Embro,2,Tripple Embro Black Shirt,98,exact_month,1,BLAZE (CONSIGNMENT)
14/02/2026,Black Embro,1,Black Embro Oversized Shirt,45,exact_month,0,BLAZE (CONSIGNMENT)
14/02/2026,Black Embro,1,Black Hoodie Embro,157,exact_month,1,BLAZE (CONSIGNMENT)
14/02/2026,Black Embro,1,Tripple Embro Black Shirt,98,exact_month,0,BLAZE (CONSIGNMENT)
28/02/2026,Black Embro,10,Black Embro Oversized Shirt,45,exact_month,2,BLAZE (CONSIGNMENT)
28/02/2026,Black Embro,10,Black Hoodie Embro,157,exact_month,5,BLAZE (CONSIGNMENT)
28/02/2026,Black Embro,10,Tripple Embro Black Shirt,98,exact_month,3,BLAZE (CONSIGNMENT)
13/08/2024,Corp Jacket,6,Corp Jacket v.2,397,nearest_month(+10mo),3,JYL ATHLETICA
13/08/2024,Corp Jacket,6,Corp Jacket v.3,420,nearest_month(+15mo),3,JYL ATHLETICA
13/08/2024,Corp Jacket,6,JUC Corp Jacket,13,nearest_month(+3mo),0,JYL ATHLETICA
18/09/2024,Corp Jacket,2,Corp Jacket v.2,397,nearest_month(+9mo),1,JYL ATHLETICA
18/09/2024,Corp Jacket,2,Corp Jacket v.3,420,nearest_month(+14mo),1,JYL ATHLETICA
18/09/2024,Corp Jacket,2,JUC Corp Jacket,13,nearest_month(+2mo),0,JYL ATHLETICA
19/09/2024,Corp Jacket,1,Corp Jacket v.2,397,nearest_month(+9mo),0,JYL ATHLETICA
19/09/2024,Corp Jacket,1,Corp Jacket v.3,420,nearest_month(+14mo),1,JYL ATHLETICA
19/09/2024,Corp Jacket,1,JUC Corp Jacket,13,nearest_month(+2mo),0,JYL ATHLETICA
03/10/2024,Corp Jacket,3,Corp Jacket v.2,397,nearest_month(+8mo),1,JYL ATHLETICA
03/10/2024,Corp Jacket,3,Corp Jacket v.3,420,nearest_month(+13mo),2,JYL ATHLETICA
03/10/2024,Corp Jacket,3,JUC Corp Jacket,13,nearest_month(+1mo),0,JYL ATHLETICA
09/10/2024,Corp Jacket,1,Corp Jacket v.2,397,nearest_month(+8mo),0,JYL ATHLETICA
09/10/2024,Corp Jacket,1,Corp Jacket v.3,420,nearest_month(+13mo),1,JYL ATHLETICA
09/10/2024,Corp Jacket,1,JUC Corp Jacket,13,nearest_month(+1mo),0,JYL ATHLETICA
10/10/2024,Corp Jacket,2,Corp Jacket v.2,397,nearest_month(+8mo),1,JYL ATHLETICA
10/10/2024,Corp Jacket,2,Corp Jacket v.3,420,nearest_month(+13mo),1,JYL ATHLETICA
10/10/2024,Corp Jacket,2,JUC Corp Jacket,13,nearest_month(+1mo),0,JYL ATHLETICA
18/10/2024,Corp Jacket,3,Corp Jacket v.2,397,nearest_month(+8mo),1,JYL ATHLETICA
18/10/2024,Corp Jacket,3,Corp Jacket v.3,420,nearest_month(+13mo),2,JYL ATHLETICA
18/10/2024,Corp Jacket,3,JUC Corp Jacket,13,nearest_month(+1mo),0,JYL ATHLETICA
19/10/2024,Corp Jacket,3,Corp Jacket v.2,397,nearest_month(+8mo),1,JYL ATHLETICA
19/10/2024,Corp Jacket,3,Corp Jacket v.3,420,nearest_month(+13mo),2,JYL ATHLETICA
19/10/2024,Corp Jacket,3,JUC Corp Jacket,13,nearest_month(+1mo),0,JYL ATHLETICA
06/11/2024,Corp Jacket,2,Corp Jacket v.2,397,nearest_month(+7mo),1,JYL ATHLETICA
06/11/2024,Corp Jacket,2,Corp Jacket v.3,420,nearest_month(+12mo),1,JYL ATHLETICA
06/11/2024,Corp Jacket,2,JUC Corp Jacket,13,exact_month,0,JYL ATHLETICA
07/11/2024,Corp Jacket,1,Corp Jacket v.2,397,nearest_month(+7mo),0,JYL ATHLETICA
07/11/2024,Corp Jacket,1,Corp Jacket v.3,420,nearest_month(+12mo),1,JYL ATHLETICA
07/11/2024,Corp Jacket,1,JUC Corp Jacket,13,exact_month,0,JYL ATHLETICA
08/11/2024,Corp Jacket,2,Corp Jacket v.2,397,nearest_month(+7mo),1,JYL ATHLETICA
08/11/2024,Corp Jacket,2,Corp Jacket v.3,420,nearest_month(+12mo),1,JYL ATHLETICA
08/11/2024,Corp Jacket,2,JUC Corp Jacket,13,exact_month,0,JYL ATHLETICA
13/11/2024,Corp Jacket,2,Corp Jacket v.2,397,nearest_month(+7mo),1,JYL ATHLETICA
13/11/2024,Corp Jacket,2,Corp Jacket v.3,420,nearest_month(+12mo),1,JYL ATHLETICA
13/11/2024,Corp Jacket,2,JUC Corp Jacket,13,exact_month,0,JYL ATHLETICA
14/11/2024,Corp Jacket,2,Corp Jacket v.2,397,nearest_month(+7mo),1,JYL ATHLETICA
14/11/2024,Corp Jacket,2,Corp Jacket v.3,420,nearest_month(+12mo),1,JYL ATHLETICA
14/11/2024,Corp Jacket,2,JUC Corp Jacket,13,exact_month,0,JYL ATHLETICA
20/11/2024,Corp Jacket,6,Corp Jacket v.2,397,nearest_month(+7mo),3,JYL ATHLETICA
20/11/2024,Corp Jacket,6,Corp Jacket v.3,420,nearest_month(+12mo),3,JYL ATHLETICA
20/11/2024,Corp Jacket,6,JUC Corp Jacket,13,exact_month,0,JYL ATHLETICA
21/11/2024,Corp Jacket,2,Corp Jacket v.2,397,nearest_month(+7mo),1,JYL ATHLETICA
21/11/2024,Corp Jacket,2,Corp Jacket v.3,420,nearest_month(+12mo),1,JYL ATHLETICA
21/11/2024,Corp Jacket,2,JUC Corp Jacket,13,exact_month,0,JYL ATHLETICA
25/11/2024,Corp Jacket,2,Corp Jacket v.2,397,nearest_month(+7mo),1,JYL ATHLETICA
25/11/2024,Corp Jacket,2,Corp Jacket v.3,420,nearest_month(+12mo),1,JYL ATHLETICA
25/11/2024,Corp Jacket,2,JUC Corp Jacket,13,exact_month,0,JYL ATHLETICA
27/11/2024,Corp Jacket,1,Corp Jacket v.2,397,nearest_month(+7mo),0,JYL ATHLETICA
27/11/2024,Corp Jacket,1,Corp Jacket v.3,420,nearest_month(+12mo),1,JYL ATHLETICA
27/11/2024,Corp Jacket,1,JUC Corp Jacket,13,exact_month,0,JYL ATHLETICA
28/11/2024,Corp Jacket,1,Corp Jacket v.2,397,nearest_month(+7mo),0,JYL ATHLETICA
28/11/2024,Corp Jacket,1,Corp Jacket v.3,420,nearest_month(+12mo),1,JYL ATHLETICA
28/11/2024,Corp Jacket,1,JUC Corp Jacket,13,exact_month,0,JYL ATHLETICA
02/12/2024,Corp Jacket,1,Corp Jacket v.2,397,nearest_month(+6mo),0,JYL ATHLETICA
02/12/2024,Corp Jacket,1,Corp Jacket v.3,420,nearest_month(+11mo),1,JYL ATHLETICA
02/12/2024,Corp Jacket,1,JUC Corp Jacket,79,exact_month,0,JYL ATHLETICA
06/12/2024,Corp Jacket,2,Corp Jacket v.2,397,nearest_month(+6mo),1,JYL ATHLETICA
06/12/2024,Corp Jacket,2,Corp Jacket v.3,420,nearest_month(+11mo),1,JYL ATHLETICA
06/12/2024,Corp Jacket,2,JUC Corp Jacket,79,exact_month,0,JYL ATHLETICA
13/12/2024,Corp Jacket,1,Corp Jacket v.2,397,nearest_month(+6mo),0,JYL ATHLETICA
13/12/2024,Corp Jacket,1,Corp Jacket v.3,420,nearest_month(+11mo),1,JYL ATHLETICA
13/12/2024,Corp Jacket,1,JUC Corp Jacket,79,exact_month,0,JYL ATHLETICA
15/12/2024,Corp Jacket,2,Corp Jacket v.2,397,nearest_month(+6mo),1,JYL ATHLETICA
15/12/2024,Corp Jacket,2,Corp Jacket v.3,420,nearest_month(+11mo),1,JYL ATHLETICA
15/12/2024,Corp Jacket,2,JUC Corp Jacket,79,exact_month,0,JYL ATHLETICA
19/12/2024,Corp Jacket,11,Corp Jacket v.2,397,nearest_month(+6mo),5,JYL ATHLETICA
19/12/2024,Corp Jacket,11,Corp Jacket v.3,420,nearest_month(+11mo),5,JYL ATHLETICA
19/12/2024,Corp Jacket,11,JUC Corp Jacket,79,exact_month,1,JYL ATHLETICA
20/12/2024,Corp Jacket,4,Corp Jacket v.2,397,nearest_month(+6mo),2,JYL ATHLETICA
20/12/2024,Corp Jacket,4,Corp Jacket v.3,420,nearest_month(+11mo),2,JYL ATHLETICA
20/12/2024,Corp Jacket,4,JUC Corp Jacket,79,exact_month,0,JYL ATHLETICA
08/01/2025,Corp Jacket,2,Corp Jacket v.2,397,nearest_month(+5mo),1,JYL ATHLETICA
08/01/2025,Corp Jacket,2,Corp Jacket v.3,420,nearest_month(+10mo),1,JYL ATHLETICA
08/01/2025,Corp Jacket,2,JUC Corp Jacket,62,exact_month,0,JYL ATHLETICA
10/01/2025,Corp Jacket,2,Corp Jacket v.2,397,nearest_month(+5mo),1,JYL ATHLETICA
10/01/2025,Corp Jacket,2,Corp Jacket v.3,420,nearest_month(+10mo),1,JYL ATHLETICA
10/01/2025,Corp Jacket,2,JUC Corp Jacket,62,exact_month,0,JYL ATHLETICA
12/01/2025,Corp Jacket,4,Corp Jacket v.2,397,nearest_month(+5mo),2,JYL ATHLETICA
12/01/2025,Corp Jacket,4,Corp Jacket v.3,420,nearest_month(+10mo),2,JYL ATHLETICA
12/01/2025,Corp Jacket,4,JUC Corp Jacket,62,exact_month,0,JYL ATHLETICA
20/01/2025,Corp Jacket,1,Corp Jacket v.2,397,nearest_month(+5mo),0,JYL ATHLETICA
20/01/2025,Corp Jacket,1,Corp Jacket v.3,420,nearest_month(+10mo),1,JYL ATHLETICA
20/01/2025,Corp Jacket,1,JUC Corp Jacket,62,exact_month,0,JYL ATHLETICA
21/01/2025,Corp Jacket,6,Corp Jacket v.2,397,nearest_month(+5mo),3,JYL ATHLETICA
21/01/2025,Corp Jacket,6,Corp Jacket v.3,420,nearest_month(+10mo),3,JYL ATHLETICA
21/01/2025,Corp Jacket,6,JUC Corp Jacket,62,exact_month,0,JYL ATHLETICA
22/01/2025,Corp Jacket,2,Corp Jacket v.2,397,nearest_month(+5mo),1,JYL ATHLETICA
22/01/2025,Corp Jacket,2,Corp Jacket v.3,420,nearest_month(+10mo),1,JYL ATHLETICA
22/01/2025,Corp Jacket,2,JUC Corp Jacket,62,exact_month,0,JYL ATHLETICA
23/01/2025,Corp Jacket,1,Corp Jacket v.2,397,nearest_month(+5mo),0,JYL ATHLETICA
23/01/2025,Corp Jacket,1,Corp Jacket v.3,420,nearest_month(+10mo),1,JYL ATHLETICA
23/01/2025,Corp Jacket,1,JUC Corp Jacket,62,exact_month,0,JYL ATHLETICA
25/01/2025,Corp Jacket,1,Corp Jacket v.2,397,nearest_month(+5mo),0,JYL ATHLETICA
25/01/2025,Corp Jacket,1,Corp Jacket v.3,420,nearest_month(+10mo),1,JYL ATHLETICA
25/01/2025,Corp Jacket,1,JUC Corp Jacket,62,exact_month,0,JYL ATHLETICA
29/01/2025,Corp Jacket,1,Corp Jacket v.2,397,nearest_month(+5mo),0,JYL ATHLETICA
29/01/2025,Corp Jacket,1,Corp Jacket v.3,420,nearest_month(+10mo),1,JYL ATHLETICA
29/01/2025,Corp Jacket,1,JUC Corp Jacket,62,exact_month,0,JYL ATHLETICA
31/01/2025,Corp Jacket,1,Corp Jacket v.2,397,nearest_month(+5mo),0,JYL ATHLETICA
31/01/2025,Corp Jacket,1,Corp Jacket v.3,420,nearest_month(+10mo),1,JYL ATHLETICA
31/01/2025,Corp Jacket,1,JUC Corp Jacket,62,exact_month,0,JYL ATHLETICA
04/02/2025,Corp Jacket,1,Corp Jacket v.2,397,nearest_month(+4mo),0,JYL ATHLETICA
04/02/2025,Corp Jacket,1,Corp Jacket v.3,420,nearest_month(+9mo),1,JYL ATHLETICA
04/02/2025,Corp Jacket,1,JUC Corp Jacket,42,exact_month,0,JYL ATHLETICA
06/02/2025,Corp Jacket,1,Corp Jacket v.2,397,nearest_month(+4mo),0,JYL ATHLETICA
06/02/2025,Corp Jacket,1,Corp Jacket v.3,420,nearest_month(+9mo),1,JYL ATHLETICA
06/02/2025,Corp Jacket,1,JUC Corp Jacket,42,exact_month,0,JYL ATHLETICA
07/02/2025,Corp Jacket,2,Corp Jacket v.2,397,nearest_month(+4mo),1,JYL ATHLETICA
07/02/2025,Corp Jacket,2,Corp Jacket v.3,420,nearest_month(+9mo),1,JYL ATHLETICA
07/02/2025,Corp Jacket,2,JUC Corp Jacket,42,exact_month,0,JYL ATHLETICA
09/02/2025,Corp Jacket,1,Corp Jacket v.2,397,nearest_month(+4mo),0,JYL ATHLETICA
09/02/2025,Corp Jacket,1,Corp Jacket v.3,420,nearest_month(+9mo),1,JYL ATHLETICA
09/02/2025,Corp Jacket,1,JUC Corp Jacket,42,exact_month,0,JYL ATHLETICA
11/02/2025,Corp Jacket,1,Corp Jacket v.2,397,nearest_month(+4mo),0,JYL ATHLETICA
11/02/2025,Corp Jacket,1,Corp Jacket v.3,420,nearest_month(+9mo),1,JYL ATHLETICA
11/02/2025,Corp Jacket,1,JUC Corp Jacket,42,exact_month,0,JYL ATHLETICA
13/02/2025,Corp Jacket,1,Corp Jacket v.2,397,nearest_month(+4mo),0,JYL ATHLETICA
13/02/2025,Corp Jacket,1,Corp Jacket v.3,420,nearest_month(+9mo),1,JYL ATHLETICA
13/02/2025,Corp Jacket,1,JUC Corp Jacket,42,exact_month,0,JYL ATHLETICA
17/02/2025,Corp Jacket,1,Corp Jacket v.2,397,nearest_month(+4mo),0,JYL ATHLETICA
17/02/2025,Corp Jacket,1,Corp Jacket v.3,420,nearest_month(+9mo),1,JYL ATHLETICA
17/02/2025,Corp Jacket,1,JUC Corp Jacket,42,exact_month,0,JYL ATHLETICA
21/02/2025,Corp Jacket,2,Corp Jacket v.2,397,nearest_month(+4mo),1,JYL ATHLETICA
21/02/2025,Corp Jacket,2,Corp Jacket v.3,420,nearest_month(+9mo),1,JYL ATHLETICA
21/02/2025,Corp Jacket,2,JUC Corp Jacket,42,exact_month,0,JYL ATHLETICA
24/02/2025,Corp Jacket,2,Corp Jacket v.2,397,nearest_month(+4mo),1,JYL ATHLETICA
24/02/2025,Corp Jacket,2,Corp Jacket v.3,420,nearest_month(+9mo),1,JYL ATHLETICA
24/02/2025,Corp Jacket,2,JUC Corp Jacket,42,exact_month,0,JYL ATHLETICA
26/02/2025,Corp Jacket,4,Corp Jacket v.2,397,nearest_month(+4mo),2,JYL ATHLETICA
26/02/2025,Corp Jacket,4,Corp Jacket v.3,420,nearest_month(+9mo),2,JYL ATHLETICA
26/02/2025,Corp Jacket,4,JUC Corp Jacket,42,exact_month,0,JYL ATHLETICA
11/03/2025,Corp Jacket,2,Corp Jacket v.2,397,nearest_month(+3mo),1,JYL ATHLETICA
11/03/2025,Corp Jacket,2,Corp Jacket v.3,420,nearest_month(+8mo),1,JYL ATHLETICA
11/03/2025,Corp Jacket,2,JUC Corp Jacket,22,exact_month,0,JYL ATHLETICA
15/03/2025,Corp Jacket,1,Corp Jacket v.2,397,nearest_month(+3mo),0,JYL ATHLETICA
15/03/2025,Corp Jacket,1,Corp Jacket v.3,420,nearest_month(+8mo),1,JYL ATHLETICA
15/03/2025,Corp Jacket,1,JUC Corp Jacket,22,exact_month,0,JYL ATHLETICA
17/03/2025,Corp Jacket,1,Corp Jacket v.2,397,nearest_month(+3mo),0,JYL ATHLETICA
17/03/2025,Corp Jacket,1,Corp Jacket v.3,420,nearest_month(+8mo),1,JYL ATHLETICA
17/03/2025,Corp Jacket,1,JUC Corp Jacket,22,exact_month,0,JYL ATHLETICA
22/03/2025,Corp Jacket,1,Corp Jacket v.2,397,nearest_month(+3mo),0,JYL ATHLETICA
22/03/2025,Corp Jacket,1,Corp Jacket v.3,420,nearest_month(+8mo),1,JYL ATHLETICA
22/03/2025,Corp Jacket,1,JUC Corp Jacket,22,exact_month,0,JYL ATHLETICA
28/03/2025,Corp Jacket,1,Corp Jacket v.2,397,nearest_month(+3mo),0,JYL ATHLETICA
28/03/2025,Corp Jacket,1,Corp Jacket v.3,420,nearest_month(+8mo),1,JYL ATHLETICA
28/03/2025,Corp Jacket,1,JUC Corp Jacket,22,exact_month,0,JYL ATHLETICA
04/04/2025,Corp Jacket,1,Corp Jacket v.2,397,nearest_month(+2mo),0,JYL ATHLETICA
04/04/2025,Corp Jacket,1,Corp Jacket v.3,420,nearest_month(+7mo),1,JYL ATHLETICA
04/04/2025,Corp Jacket,1,JUC Corp Jacket,15,exact_month,0,JYL ATHLETICA
10/04/2025,Corp Jacket,1,Corp Jacket v.2,397,nearest_month(+2mo),0,JYL ATHLETICA
10/04/2025,Corp Jacket,1,Corp Jacket v.3,420,nearest_month(+7mo),1,JYL ATHLETICA
10/04/2025,Corp Jacket,1,JUC Corp Jacket,15,exact_month,0,JYL ATHLETICA
26/04/2025,Corp Jacket,1,Corp Jacket v.2,397,nearest_month(+2mo),0,JYL ATHLETICA
26/04/2025,Corp Jacket,1,Corp Jacket v.3,420,nearest_month(+7mo),1,JYL ATHLETICA
26/04/2025,Corp Jacket,1,JUC Corp Jacket,15,exact_month,0,JYL ATHLETICA
30/04/2025,Corp Jacket,1,Corp Jacket v.2,397,nearest_month(+2mo),0,JYL ATHLETICA
30/04/2025,Corp Jacket,1,Corp Jacket v.3,420,nearest_month(+7mo),1,JYL ATHLETICA
30/04/2025,Corp Jacket,1,JUC Corp Jacket,15,exact_month,0,JYL ATHLETICA
07/05/2025,Corp Jacket,2,Corp Jacket v.2,397,nearest_month(+1mo),1,JYL ATHLETICA
07/05/2025,Corp Jacket,2,Corp Jacket v.3,420,nearest_month(+6mo),1,JYL ATHLETICA
07/05/2025,Corp Jacket,2,JUC Corp Jacket,15,exact_month,0,JYL ATHLETICA
16/05/2025,Corp Jacket,1,Corp Jacket v.2,397,nearest_month(+1mo),0,JYL ATHLETICA
16/05/2025,Corp Jacket,1,Corp Jacket v.3,420,nearest_month(+6mo),1,JYL ATHLETICA
16/05/2025,Corp Jacket,1,JUC Corp Jacket,15,exact_month,0,JYL ATHLETICA
21/05/2025,Corp Jacket,1,Corp Jacket v.2,397,nearest_month(+1mo),0,JYL ATHLETICA
21/05/2025,Corp Jacket,1,Corp Jacket v.3,420,nearest_month(+6mo),1,JYL ATHLETICA
21/05/2025,Corp Jacket,1,JUC Corp Jacket,15,exact_month,0,JYL ATHLETICA
28/05/2025,Corp Jacket,2,Corp Jacket v.2,397,nearest_month(+1mo),1,JYL ATHLETICA
28/05/2025,Corp Jacket,2,Corp Jacket v.3,420,nearest_month(+6mo),1,JYL ATHLETICA
28/05/2025,Corp Jacket,2,JUC Corp Jacket,15,exact_month,0,JYL ATHLETICA
03/06/2025,Corp Jacket,3,Corp Jacket v.2,397,exact_month,1,JYL ATHLETICA
03/06/2025,Corp Jacket,3,Corp Jacket v.3,420,nearest_month(+5mo),1,JYL ATHLETICA
03/06/2025,Corp Jacket,3,JUC Corp Jacket,205,exact_month,1,JYL ATHLETICA
10/06/2025,Corp Jacket,3,Corp Jacket v.2,397,exact_month,1,JYL ATHLETICA
10/06/2025,Corp Jacket,3,Corp Jacket v.3,420,nearest_month(+5mo),1,JYL ATHLETICA
10/06/2025,Corp Jacket,3,JUC Corp Jacket,205,exact_month,1,JYL ATHLETICA
11/06/2025,Corp Jacket,1,Corp Jacket v.2,397,exact_month,0,JYL ATHLETICA
11/06/2025,Corp Jacket,1,Corp Jacket v.3,420,nearest_month(+5mo),1,JYL ATHLETICA
11/06/2025,Corp Jacket,1,JUC Corp Jacket,205,exact_month,0,JYL ATHLETICA
13/06/2025,Corp Jacket,1,Corp Jacket v.2,397,exact_month,0,JYL ATHLETICA
13/06/2025,Corp Jacket,1,Corp Jacket v.3,420,nearest_month(+5mo),1,JYL ATHLETICA
13/06/2025,Corp Jacket,1,JUC Corp Jacket,205,exact_month,0,JYL ATHLETICA
14/06/2025,Corp Jacket,2,Corp Jacket v.2,397,exact_month,1,JYL ATHLETICA
14/06/2025,Corp Jacket,2,Corp Jacket v.3,420,nearest_month(+5mo),1,JYL ATHLETICA
14/06/2025,Corp Jacket,2,JUC Corp Jacket,205,exact_month,0,JYL ATHLETICA
16/06/2025,Corp Jacket,1,Corp Jacket v.2,397,exact_month,0,JYL ATHLETICA
16/06/2025,Corp Jacket,1,Corp Jacket v.3,420,nearest_month(+5mo),1,JYL ATHLETICA
16/06/2025,Corp Jacket,1,JUC Corp Jacket,205,exact_month,0,JYL ATHLETICA
18/06/2025,Corp Jacket,1,Corp Jacket v.2,397,exact_month,0,JYL ATHLETICA
18/06/2025,Corp Jacket,1,Corp Jacket v.3,420,nearest_month(+5mo),1,JYL ATHLETICA
18/06/2025,Corp Jacket,1,JUC Corp Jacket,205,exact_month,0,JYL ATHLETICA
19/06/2025,Corp Jacket,1,Corp Jacket v.2,397,exact_month,0,JYL ATHLETICA
19/06/2025,Corp Jacket,1,Corp Jacket v.3,420,nearest_month(+5mo),1,JYL ATHLETICA
19/06/2025,Corp Jacket,1,JUC Corp Jacket,205,exact_month,0,JYL ATHLETICA
20/06/2025,Corp Jacket,2,Corp Jacket v.2,397,exact_month,1,JYL ATHLETICA
20/06/2025,Corp Jacket,2,Corp Jacket v.3,420,nearest_month(+5mo),1,JYL ATHLETICA
20/06/2025,Corp Jacket,2,JUC Corp Jacket,205,exact_month,0,JYL ATHLETICA
21/06/2025,Corp Jacket,3,Corp Jacket v.2,397,exact_month,1,JYL ATHLETICA
21/06/2025,Corp Jacket,3,Corp Jacket v.3,420,nearest_month(+5mo),1,JYL ATHLETICA
21/06/2025,Corp Jacket,3,JUC Corp Jacket,205,exact_month,1,JYL ATHLETICA
26/06/2025,Corp Jacket,2,Corp Jacket v.2,397,exact_month,1,JYL ATHLETICA
26/06/2025,Corp Jacket,2,Corp Jacket v.3,420,nearest_month(+5mo),1,JYL ATHLETICA
26/06/2025,Corp Jacket,2,JUC Corp Jacket,205,exact_month,0,JYL ATHLETICA
27/06/2025,Corp Jacket,1,Corp Jacket v.2,397,exact_month,0,JYL ATHLETICA
27/06/2025,Corp Jacket,1,Corp Jacket v.3,420,nearest_month(+5mo),1,JYL ATHLETICA
27/06/2025,Corp Jacket,1,JUC Corp Jacket,205,exact_month,0,JYL ATHLETICA
28/06/2025,Corp Jacket,1,Corp Jacket v.2,397,exact_month,0,JYL ATHLETICA
28/06/2025,Corp Jacket,1,Corp Jacket v.3,420,nearest_month(+5mo),1,JYL ATHLETICA
28/06/2025,Corp Jacket,1,JUC Corp Jacket,205,exact_month,0,JYL ATHLETICA
30/06/2025,Corp Jacket,3,Corp Jacket v.2,397,exact_month,1,JYL ATHLETICA
30/06/2025,Corp Jacket,3,Corp Jacket v.3,420,nearest_month(+5mo),1,JYL ATHLETICA
30/06/2025,Corp Jacket,3,JUC Corp Jacket,205,exact_month,1,JYL ATHLETICA
14/07/2025,Corp Jacket,1,Corp Jacket v.2,379,exact_month,0,JYL ATHLETICA
14/07/2025,Corp Jacket,1,Corp Jacket v.3,420,nearest_month(+4mo),1,JYL ATHLETICA
14/07/2025,Corp Jacket,1,JUC Corp Jacket,180,exact_month,0,JYL ATHLETICA
15/07/2025,Corp Jacket,1,Corp Jacket v.2,379,exact_month,0,JYL ATHLETICA
15/07/2025,Corp Jacket,1,Corp Jacket v.3,420,nearest_month(+4mo),1,JYL ATHLETICA
15/07/2025,Corp Jacket,1,JUC Corp Jacket,180,exact_month,0,JYL ATHLETICA
16/07/2025,Corp Jacket,1,Corp Jacket v.2,379,exact_month,0,JYL ATHLETICA
16/07/2025,Corp Jacket,1,Corp Jacket v.3,420,nearest_month(+4mo),1,JYL ATHLETICA
16/07/2025,Corp Jacket,1,JUC Corp Jacket,180,exact_month,0,JYL ATHLETICA
05/08/2025,Corp Jacket,3,Corp Jacket v.2,349,exact_month,1,JYL ATHLETICA
05/08/2025,Corp Jacket,3,Corp Jacket v.3,420,nearest_month(+3mo),1,JYL ATHLETICA
05/08/2025,Corp Jacket,3,JUC Corp Jacket,176,exact_month,1,JYL ATHLETICA
06/08/2025,Corp Jacket,3,Corp Jacket v.2,349,exact_month,1,JYL ATHLETICA
06/08/2025,Corp Jacket,3,Corp Jacket v.3,420,nearest_month(+3mo),1,JYL ATHLETICA
06/08/2025,Corp Jacket,3,JUC Corp Jacket,176,exact_month,1,JYL ATHLETICA
07/08/2025,Corp Jacket,1,Corp Jacket v.2,349,exact_month,0,JYL ATHLETICA
07/08/2025,Corp Jacket,1,Corp Jacket v.3,420,nearest_month(+3mo),1,JYL ATHLETICA
07/08/2025,Corp Jacket,1,JUC Corp Jacket,176,exact_month,0,JYL ATHLETICA
11/08/2025,Corp Jacket,1,Corp Jacket v.2,349,exact_month,0,JYL ATHLETICA
11/08/2025,Corp Jacket,1,Corp Jacket v.3,420,nearest_month(+3mo),1,JYL ATHLETICA
11/08/2025,Corp Jacket,1,JUC Corp Jacket,176,exact_month,0,JYL ATHLETICA
12/08/2025,Corp Jacket,1,Corp Jacket v.2,349,exact_month,0,JYL ATHLETICA
12/08/2025,Corp Jacket,1,Corp Jacket v.3,420,nearest_month(+3mo),1,JYL ATHLETICA
12/08/2025,Corp Jacket,1,JUC Corp Jacket,176,exact_month,0,JYL ATHLETICA
13/08/2025,Corp Jacket,1,Corp Jacket v.2,349,exact_month,0,JYL ATHLETICA
13/08/2025,Corp Jacket,1,Corp Jacket v.3,420,nearest_month(+3mo),1,JYL ATHLETICA
13/08/2025,Corp Jacket,1,JUC Corp Jacket,176,exact_month,0,JYL ATHLETICA
15/08/2025,Corp Jacket,3,Corp Jacket v.2,349,exact_month,1,JYL ATHLETICA
15/08/2025,Corp Jacket,3,Corp Jacket v.3,420,nearest_month(+3mo),1,JYL ATHLETICA
15/08/2025,Corp Jacket,3,JUC Corp Jacket,176,exact_month,1,JYL ATHLETICA
18/08/2025,Corp Jacket,1,Corp Jacket v.2,349,exact_month,0,JYL ATHLETICA
18/08/2025,Corp Jacket,1,Corp Jacket v.3,420,nearest_month(+3mo),1,JYL ATHLETICA
18/08/2025,Corp Jacket,1,JUC Corp Jacket,176,exact_month,0,JYL ATHLETICA
19/08/2025,Corp Jacket,4,Corp Jacket v.2,349,exact_month,1,JYL ATHLETICA
19/08/2025,Corp Jacket,4,Corp Jacket v.3,420,nearest_month(+3mo),2,JYL ATHLETICA
19/08/2025,Corp Jacket,4,JUC Corp Jacket,176,exact_month,1,JYL ATHLETICA
20/08/2025,Corp Jacket,1,Corp Jacket v.2,349,exact_month,0,JYL ATHLETICA
20/08/2025,Corp Jacket,1,Corp Jacket v.3,420,nearest_month(+3mo),1,JYL ATHLETICA
20/08/2025,Corp Jacket,1,JUC Corp Jacket,176,exact_month,0,JYL ATHLETICA
22/08/2025,Corp Jacket,2,Corp Jacket v.2,349,exact_month,1,JYL ATHLETICA
22/08/2025,Corp Jacket,2,Corp Jacket v.3,420,nearest_month(+3mo),1,JYL ATHLETICA
22/08/2025,Corp Jacket,2,JUC Corp Jacket,176,exact_month,0,JYL ATHLETICA
27/08/2025,Corp Jacket,2,Corp Jacket v.2,349,exact_month,1,JYL ATHLETICA
27/08/2025,Corp Jacket,2,Corp Jacket v.3,420,nearest_month(+3mo),1,JYL ATHLETICA
27/08/2025,Corp Jacket,2,JUC Corp Jacket,176,exact_month,0,JYL ATHLETICA
28/08/2025,Corp Jacket,2,Corp Jacket v.2,349,exact_month,1,JYL ATHLETICA
28/08/2025,Corp Jacket,2,Corp Jacket v.3,420,nearest_month(+3mo),1,JYL ATHLETICA
28/08/2025,Corp Jacket,2,JUC Corp Jacket,176,exact_month,0,JYL ATHLETICA
29/08/2025,Corp Jacket,3,Corp Jacket v.2,349,exact_month,1,JYL ATHLETICA
29/08/2025,Corp Jacket,3,Corp Jacket v.3,420,nearest_month(+3mo),1,JYL ATHLETICA
29/08/2025,Corp Jacket,3,JUC Corp Jacket,176,exact_month,1,JYL ATHLETICA
02/09/2025,Corp Jacket,1,Corp Jacket v.2,269,exact_month,0,JYL ATHLETICA
02/09/2025,Corp Jacket,1,Corp Jacket v.3,420,nearest_month(+2mo),1,JYL ATHLETICA
02/09/2025,Corp Jacket,1,JUC Corp Jacket,145,exact_month,0,JYL ATHLETICA
04/09/2025,Corp Jacket,1,Corp Jacket v.2,269,exact_month,0,JYL ATHLETICA
04/09/2025,Corp Jacket,1,Corp Jacket v.3,420,nearest_month(+2mo),1,JYL ATHLETICA
04/09/2025,Corp Jacket,1,JUC Corp Jacket,145,exact_month,0,JYL ATHLETICA
05/09/2025,Corp Jacket,1,Corp Jacket v.2,269,exact_month,0,JYL ATHLETICA
05/09/2025,Corp Jacket,1,Corp Jacket v.3,420,nearest_month(+2mo),1,JYL ATHLETICA
05/09/2025,Corp Jacket,1,JUC Corp Jacket,145,exact_month,0,JYL ATHLETICA
08/09/2025,Corp Jacket,1,Corp Jacket v.2,269,exact_month,0,JYL ATHLETICA
08/09/2025,Corp Jacket,1,Corp Jacket v.3,420,nearest_month(+2mo),1,JYL ATHLETICA
08/09/2025,Corp Jacket,1,JUC Corp Jacket,145,exact_month,0,JYL ATHLETICA
16/09/2025,Corp Jacket,1,Corp Jacket v.2,269,exact_month,0,JYL ATHLETICA
16/09/2025,Corp Jacket,1,Corp Jacket v.3,420,nearest_month(+2mo),1,JYL ATHLETICA
16/09/2025,Corp Jacket,1,JUC Corp Jacket,145,exact_month,0,JYL ATHLETICA
20/09/2025,Corp Jacket,1,Corp Jacket v.2,269,exact_month,0,JYL ATHLETICA
20/09/2025,Corp Jacket,1,Corp Jacket v.3,420,nearest_month(+2mo),1,JYL ATHLETICA
20/09/2025,Corp Jacket,1,JUC Corp Jacket,145,exact_month,0,JYL ATHLETICA
25/09/2025,Corp Jacket,1,Corp Jacket v.2,269,exact_month,0,JYL ATHLETICA
25/09/2025,Corp Jacket,1,Corp Jacket v.3,420,nearest_month(+2mo),1,JYL ATHLETICA
25/09/2025,Corp Jacket,1,JUC Corp Jacket,145,exact_month,0,JYL ATHLETICA
01/10/2025,Corp Jacket,2,Corp Jacket v.2,203,exact_month,1,JYL ATHLETICA
01/10/2025,Corp Jacket,2,Corp Jacket v.3,420,nearest_month(+1mo),1,JYL ATHLETICA
01/10/2025,Corp Jacket,2,JUC Corp Jacket,137,exact_month,0,JYL ATHLETICA
02/10/2025,Corp Jacket,1,Corp Jacket v.2,203,exact_month,0,JYL ATHLETICA
02/10/2025,Corp Jacket,1,Corp Jacket v.3,420,nearest_month(+1mo),1,JYL ATHLETICA
02/10/2025,Corp Jacket,1,JUC Corp Jacket,137,exact_month,0,JYL ATHLETICA
04/10/2025,Corp Jacket,2,Corp Jacket v.2,203,exact_month,1,JYL ATHLETICA
04/10/2025,Corp Jacket,2,Corp Jacket v.3,420,nearest_month(+1mo),1,JYL ATHLETICA
04/10/2025,Corp Jacket,2,JUC Corp Jacket,137,exact_month,0,JYL ATHLETICA
06/10/2025,Corp Jacket,3,Corp Jacket v.2,203,exact_month,1,JYL ATHLETICA
06/10/2025,Corp Jacket,3,Corp Jacket v.3,420,nearest_month(+1mo),2,JYL ATHLETICA
06/10/2025,Corp Jacket,3,JUC Corp Jacket,137,exact_month,0,JYL ATHLETICA
08/10/2025,Corp Jacket,1,Corp Jacket v.2,203,exact_month,0,JYL ATHLETICA
08/10/2025,Corp Jacket,1,Corp Jacket v.3,420,nearest_month(+1mo),1,JYL ATHLETICA
08/10/2025,Corp Jacket,1,JUC Corp Jacket,137,exact_month,0,JYL ATHLETICA
10/10/2025,Corp Jacket,1,Corp Jacket v.2,203,exact_month,0,JYL ATHLETICA
10/10/2025,Corp Jacket,1,Corp Jacket v.3,420,nearest_month(+1mo),1,JYL ATHLETICA
10/10/2025,Corp Jacket,1,JUC Corp Jacket,137,exact_month,0,JYL ATHLETICA
13/10/2025,Corp Jacket,1,Corp Jacket v.2,203,exact_month,0,JYL ATHLETICA
13/10/2025,Corp Jacket,1,Corp Jacket v.3,420,nearest_month(+1mo),1,JYL ATHLETICA
13/10/2025,Corp Jacket,1,JUC Corp Jacket,137,exact_month,0,JYL ATHLETICA
17/10/2025,Corp Jacket,4,Corp Jacket v.2,203,exact_month,1,JYL ATHLETICA
17/10/2025,Corp Jacket,4,Corp Jacket v.3,420,nearest_month(+1mo),2,JYL ATHLETICA
17/10/2025,Corp Jacket,4,JUC Corp Jacket,137,exact_month,1,JYL ATHLETICA
19/10/2025,Corp Jacket,5,Corp Jacket v.2,203,exact_month,1,JYL ATHLETICA
19/10/2025,Corp Jacket,5,Corp Jacket v.3,420,nearest_month(+1mo),3,JYL ATHLETICA
19/10/2025,Corp Jacket,5,JUC Corp Jacket,137,exact_month,1,JYL ATHLETICA
22/10/2025,Corp Jacket,4,Corp Jacket v.2,203,exact_month,1,JYL ATHLETICA
22/10/2025,Corp Jacket,4,Corp Jacket v.3,420,nearest_month(+1mo),2,JYL ATHLETICA
22/10/2025,Corp Jacket,4,JUC Corp Jacket,137,exact_month,1,JYL ATHLETICA
25/10/2025,Corp Jacket,1,Corp Jacket v.2,203,exact_month,0,JYL ATHLETICA
25/10/2025,Corp Jacket,1,Corp Jacket v.3,420,nearest_month(+1mo),1,JYL ATHLETICA
25/10/2025,Corp Jacket,1,JUC Corp Jacket,137,exact_month,0,JYL ATHLETICA
27/10/2025,Corp Jacket,1,Corp Jacket v.2,203,exact_month,0,JYL ATHLETICA
27/10/2025,Corp Jacket,1,Corp Jacket v.3,420,nearest_month(+1mo),1,JYL ATHLETICA
27/10/2025,Corp Jacket,1,JUC Corp Jacket,137,exact_month,0,JYL ATHLETICA
28/10/2025,Corp Jacket,1,Corp Jacket v.2,203,exact_month,0,JYL ATHLETICA
28/10/2025,Corp Jacket,1,Corp Jacket v.3,420,nearest_month(+1mo),1,JYL ATHLETICA
28/10/2025,Corp Jacket,1,JUC Corp Jacket,137,exact_month,0,JYL ATHLETICA
29/10/2025,Corp Jacket,3,Corp Jacket v.2,203,exact_month,1,JYL ATHLETICA
29/10/2025,Corp Jacket,3,Corp Jacket v.3,420,nearest_month(+1mo),2,JYL ATHLETICA
29/10/2025,Corp Jacket,3,JUC Corp Jacket,137,exact_month,0,JYL ATHLETICA
05/11/2025,Corp Jacket,3,Corp Jacket v.2,147,exact_month,1,JYL ATHLETICA (CONSIGNMENT)
05/11/2025,Corp Jacket,3,Corp Jacket v.3,420,exact_month,2,JYL ATHLETICA (CONSIGNMENT)
05/11/2025,Corp Jacket,3,JUC Corp Jacket,102,exact_month,0,JYL ATHLETICA (CONSIGNMENT)
06/11/2025,Corp Jacket,1,Corp Jacket v.2,147,exact_month,0,JYL ATHLETICA (CONSIGNMENT)
06/11/2025,Corp Jacket,1,Corp Jacket v.3,420,exact_month,1,JYL ATHLETICA (CONSIGNMENT)
06/11/2025,Corp Jacket,1,JUC Corp Jacket,102,exact_month,0,JYL ATHLETICA (CONSIGNMENT)
07/11/2025,Corp Jacket,1,Corp Jacket v.2,147,exact_month,0,JYL ATHLETICA (CONSIGNMENT)
07/11/2025,Corp Jacket,1,Corp Jacket v.3,420,exact_month,1,JYL ATHLETICA (CONSIGNMENT)
07/11/2025,Corp Jacket,1,JUC Corp Jacket,102,exact_month,0,JYL ATHLETICA (CONSIGNMENT)
12/11/2025,Corp Jacket,1,Corp Jacket v.2,147,exact_month,0,JYL ATHLETICA (CONSIGNMENT)
12/11/2025,Corp Jacket,1,Corp Jacket v.3,420,exact_month,1,JYL ATHLETICA (CONSIGNMENT)
12/11/2025,Corp Jacket,1,JUC Corp Jacket,102,exact_month,0,JYL ATHLETICA (CONSIGNMENT)
14/11/2025,Corp Jacket,1,Corp Jacket v.2,147,exact_month,0,JYL ATHLETICA (CONSIGNMENT)
14/11/2025,Corp Jacket,1,Corp Jacket v.3,420,exact_month,1,JYL ATHLETICA (CONSIGNMENT)
14/11/2025,Corp Jacket,1,JUC Corp Jacket,102,exact_month,0,JYL ATHLETICA (CONSIGNMENT)
25/11/2025,Corp Jacket,1,Corp Jacket v.2,147,exact_month,0,JYL ATHLETICA (CONSIGNMENT)
25/11/2025,Corp Jacket,1,Corp Jacket v.3,420,exact_month,1,JYL ATHLETICA (CONSIGNMENT)
25/11/2025,Corp Jacket,1,JUC Corp Jacket,102,exact_month,0,JYL ATHLETICA (CONSIGNMENT)
02/12/2025,Corp Jacket,1,Corp Jacket v.2,77,exact_month,0,JYL ATHLETICA (CONSIGNMENT)
02/12/2025,Corp Jacket,1,Corp Jacket v.3,196,exact_month,1,JYL ATHLETICA (CONSIGNMENT)
02/12/2025,Corp Jacket,1,JUC Corp Jacket,94,exact_month,0,JYL ATHLETICA (CONSIGNMENT)
03/12/2025,Corp Jacket,4,Corp Jacket v.2,77,exact_month,1,JYL ATHLETICA (CONSIGNMENT)
03/12/2025,Corp Jacket,4,Corp Jacket v.3,196,exact_month,2,JYL ATHLETICA (CONSIGNMENT)
03/12/2025,Corp Jacket,4,JUC Corp Jacket,94,exact_month,1,JYL ATHLETICA (CONSIGNMENT)
07/12/2025,Corp Jacket,2,Corp Jacket v.2,77,exact_month,0,JYL ATHLETICA (CONSIGNMENT)
07/12/2025,Corp Jacket,2,Corp Jacket v.3,196,exact_month,1,JYL ATHLETICA (CONSIGNMENT)
07/12/2025,Corp Jacket,2,JUC Corp Jacket,94,exact_month,1,JYL ATHLETICA (CONSIGNMENT)
11/12/2025,Corp Jacket,1,Corp Jacket v.2,77,exact_month,0,JYL ATHLETICA (CONSIGNMENT)
11/12/2025,Corp Jacket,1,Corp Jacket v.3,196,exact_month,1,JYL ATHLETICA (CONSIGNMENT)
11/12/2025,Corp Jacket,1,JUC Corp Jacket,94,exact_month,0,JYL ATHLETICA (CONSIGNMENT)
15/12/2025,Corp Jacket,1,Corp Jacket v.2,77,exact_month,0,JYL ATHLETICA (CONSIGNMENT)
15/12/2025,Corp Jacket,1,Corp Jacket v.3,196,exact_month,1,JYL ATHLETICA (CONSIGNMENT)
15/12/2025,Corp Jacket,1,JUC Corp Jacket,94,exact_month,0,JYL ATHLETICA (CONSIGNMENT)
17/12/2025,Corp Jacket,2,Corp Jacket v.2,77,exact_month,0,JYL ATHLETICA (CONSIGNMENT)
17/12/2025,Corp Jacket,2,Corp Jacket v.3,196,exact_month,1,JYL ATHLETICA (CONSIGNMENT)
17/12/2025,Corp Jacket,2,JUC Corp Jacket,94,exact_month,1,JYL ATHLETICA (CONSIGNMENT)
18/12/2025,Corp Jacket,2,Corp Jacket v.2,77,exact_month,0,JYL ATHLETICA (CONSIGNMENT)
18/12/2025,Corp Jacket,2,Corp Jacket v.3,196,exact_month,1,JYL ATHLETICA (CONSIGNMENT)
18/12/2025,Corp Jacket,2,JUC Corp Jacket,94,exact_month,1,JYL ATHLETICA (CONSIGNMENT)
13/01/2026,Corp Jacket,1,Corp Jacket v.2,28,exact_month,0,JYL ATHLETICA (CONSIGNMENT)
13/01/2026,Corp Jacket,1,Corp Jacket v.3,170,exact_month,1,JYL ATHLETICA (CONSIGNMENT)
13/01/2026,Corp Jacket,1,JUC Corp Jacket,84,exact_month,0,JYL ATHLETICA (CONSIGNMENT)
14/01/2026,Corp Jacket,1,Corp Jacket v.2,28,exact_month,0,JYL ATHLETICA (CONSIGNMENT)
14/01/2026,Corp Jacket,1,Corp Jacket v.3,170,exact_month,1,JYL ATHLETICA (CONSIGNMENT)
14/01/2026,Corp Jacket,1,JUC Corp Jacket,84,exact_month,0,JYL ATHLETICA (CONSIGNMENT)
15/01/2026,Corp Jacket,1,Corp Jacket v.2,28,exact_month,0,JYL ATHLETICA (CONSIGNMENT)
15/01/2026,Corp Jacket,1,Corp Jacket v.3,170,exact_month,1,JYL ATHLETICA (CONSIGNMENT)
15/01/2026,Corp Jacket,1,JUC Corp Jacket,84,exact_month,0,JYL ATHLETICA (CONSIGNMENT)
22/01/2026,Corp Jacket,1,Corp Jacket v.2,28,exact_month,0,JYL ATHLETICA (CONSIGNMENT)
22/01/2026,Corp Jacket,1,Corp Jacket v.3,170,exact_month,1,JYL ATHLETICA (CONSIGNMENT)
22/01/2026,Corp Jacket,1,JUC Corp Jacket,84,exact_month,0,JYL ATHLETICA (CONSIGNMENT)
23/01/2026,Corp Jacket,1,Corp Jacket v.2,28,exact_month,0,JYL ATHLETICA (CONSIGNMENT)
23/01/2026,Corp Jacket,1,Corp Jacket v.3,170,exact_month,1,JYL ATHLETICA (CONSIGNMENT)
23/01/2026,Corp Jacket,1,JUC Corp Jacket,84,exact_month,0,JYL ATHLETICA (CONSIGNMENT)
30/01/2026,Corp Jacket,1,Corp Jacket v.2,28,exact_month,0,JYL ATHLETICA (CONSIGNMENT)
30/01/2026,Corp Jacket,1,Corp Jacket v.3,170,exact_month,1,JYL ATHLETICA (CONSIGNMENT)
30/01/2026,Corp Jacket,1,JUC Corp Jacket,84,exact_month,0,JYL ATHLETICA (CONSIGNMENT)
06/02/2026,Corp Jacket,2,Corp Jacket v.2,6,exact_month,0,JYL ATHLETICA (CONSIGNMENT)
06/02/2026,Corp Jacket,2,Corp Jacket v.3,127,exact_month,1,JYL ATHLETICA (CONSIGNMENT)
06/02/2026,Corp Jacket,2,JUC Corp Jacket,72,exact_month,1,JYL ATHLETICA (CONSIGNMENT)
11/02/2026,Corp Jacket,1,Corp Jacket v.2,6,exact_month,0,JYL ATHLETICA (CONSIGNMENT)
11/02/2026,Corp Jacket,1,Corp Jacket v.3,127,exact_month,1,JYL ATHLETICA (CONSIGNMENT)
11/02/2026,Corp Jacket,1,JUC Corp Jacket,72,exact_month,0,JYL ATHLETICA (CONSIGNMENT)
19/02/2026,Corp Jacket,1,Corp Jacket v.2,6,exact_month,0,JYL ATHLETICA (CONSIGNMENT)
19/02/2026,Corp Jacket,1,Corp Jacket v.3,127,exact_month,1,JYL ATHLETICA (CONSIGNMENT)
19/02/2026,Corp Jacket,1,JUC Corp Jacket,72,exact_month,0,JYL ATHLETICA (CONSIGNMENT)
21/02/2026,Corp Jacket,1,Corp Jacket v.2,6,exact_month,0,JYL ATHLETICA (CONSIGNMENT)
21/02/2026,Corp Jacket,1,Corp Jacket v.3,127,exact_month,1,JYL ATHLETICA (CONSIGNMENT)
21/02/2026,Corp Jacket,1,JUC Corp Jacket,72,exact_month,0,JYL ATHLETICA (CONSIGNMENT)
28/02/2026,Corp Jacket,1,Corp Jacket v.2,6,exact_month,0,JYL ATHLETICA (CONSIGNMENT)
28/02/2026,Corp Jacket,1,Corp Jacket v.3,127,exact_month,1,JYL ATHLETICA (CONSIGNMENT)
28/02/2026,Corp Jacket,1,JUC Corp Jacket,72,exact_month,0,JYL ATHLETICA (CONSIGNMENT)
17/03/2026,Corp Jacket,1,Corp Jacket v.2,499,exact_month,1,JYL ATHLETICA (CONSIGNMENT)
17/03/2026,Corp Jacket,1,Corp Jacket v.3,84,exact_month,0,JYL ATHLETICA (CONSIGNMENT)
17/03/2026,Corp Jacket,1,JUC Corp Jacket,69,exact_month,0,JYL ATHLETICA (CONSIGNMENT)
18/03/2026,Corp Jacket,1,Corp Jacket v.2,499,exact_month,1,JYL ATHLETICA (CONSIGNMENT)
18/03/2026,Corp Jacket,1,Corp Jacket v.3,84,exact_month,0,JYL ATHLETICA (CONSIGNMENT)
18/03/2026,Corp Jacket,1,JUC Corp Jacket,69,exact_month,0,JYL ATHLETICA (CONSIGNMENT)
30/05/2026,Corp Jacket,3,Corp Jacket v.2,0,equal_split,1,JYL ATHLETICA (CONSIGNMENT)
30/05/2026,Corp Jacket,3,Corp Jacket v.3,0,equal_split,1,JYL ATHLETICA (CONSIGNMENT)
30/05/2026,Corp Jacket,3,JUC Corp Jacket,0,equal_split,1,JYL ATHLETICA (CONSIGNMENT)
08/06/2026,Corp Jacket,1,Corp Jacket v.2,0,equal_split,1,JYL ATHLETICA (CONSIGNMENT)
08/06/2026,Corp Jacket,1,Corp Jacket v.3,0,equal_split,0,JYL ATHLETICA (CONSIGNMENT)
08/06/2026,Corp Jacket,1,JUC Corp Jacket,0,equal_split,0,JYL ATHLETICA (CONSIGNMENT)
13/06/2026,Corp Jacket,1,Corp Jacket v.2,0,equal_split,1,JYL ATHLETICA (CONSIGNMENT)
13/06/2026,Corp Jacket,1,Corp Jacket v.3,0,equal_split,0,JYL ATHLETICA (CONSIGNMENT)
13/06/2026,Corp Jacket,1,JUC Corp Jacket,0,equal_split,0,JYL ATHLETICA (CONSIGNMENT)
25/06/2026,Corp Jacket,4,Corp Jacket v.2,0,equal_split,2,JYL ATHLETICA (CONSIGNMENT)
25/06/2026,Corp Jacket,4,Corp Jacket v.3,0,equal_split,1,JYL ATHLETICA (CONSIGNMENT)
25/06/2026,Corp Jacket,4,JUC Corp Jacket,0,equal_split,1,JYL ATHLETICA (CONSIGNMENT)
12/12/2024,Corp Windbreaker,1,Corp Black Windbreaker,96,exact_month,1,JYL ATHLETICA
12/12/2024,Corp Windbreaker,1,Windbreaker,33,exact_month,0,JYL ATHLETICA
13/12/2024,Corp Windbreaker,3,Corp Black Windbreaker,96,exact_month,2,JYL ATHLETICA
13/12/2024,Corp Windbreaker,3,Windbreaker,33,exact_month,1,JYL ATHLETICA
18/12/2024,Corp Windbreaker,1,Corp Black Windbreaker,96,exact_month,1,JYL ATHLETICA
18/12/2024,Corp Windbreaker,1,Windbreaker,33,exact_month,0,JYL ATHLETICA
19/12/2024,Corp Windbreaker,1,Corp Black Windbreaker,96,exact_month,1,JYL ATHLETICA
19/12/2024,Corp Windbreaker,1,Windbreaker,33,exact_month,0,JYL ATHLETICA
20/12/2024,Corp Windbreaker,1,Corp Black Windbreaker,96,exact_month,1,JYL ATHLETICA
20/12/2024,Corp Windbreaker,1,Windbreaker,33,exact_month,0,JYL ATHLETICA
10/01/2025,Corp Windbreaker,1,Corp Black Windbreaker,83,exact_month,1,JYL ATHLETICA
10/01/2025,Corp Windbreaker,1,Windbreaker,39,exact_month,0,JYL ATHLETICA
12/01/2025,Corp Windbreaker,6,Corp Black Windbreaker,83,exact_month,4,JYL ATHLETICA
12/01/2025,Corp Windbreaker,6,Windbreaker,39,exact_month,2,JYL ATHLETICA
16/01/2025,Corp Windbreaker,1,Corp Black Windbreaker,83,exact_month,1,JYL ATHLETICA
16/01/2025,Corp Windbreaker,1,Windbreaker,39,exact_month,0,JYL ATHLETICA
22/01/2025,Corp Windbreaker,2,Corp Black Windbreaker,83,exact_month,1,JYL ATHLETICA
22/01/2025,Corp Windbreaker,2,Windbreaker,39,exact_month,1,JYL ATHLETICA
27/01/2025,Corp Windbreaker,1,Corp Black Windbreaker,83,exact_month,1,JYL ATHLETICA
27/01/2025,Corp Windbreaker,1,Windbreaker,39,exact_month,0,JYL ATHLETICA
29/01/2025,Corp Windbreaker,1,Corp Black Windbreaker,83,exact_month,1,JYL ATHLETICA
29/01/2025,Corp Windbreaker,1,Windbreaker,39,exact_month,0,JYL ATHLETICA
30/01/2025,Corp Windbreaker,2,Corp Black Windbreaker,83,exact_month,1,JYL ATHLETICA
30/01/2025,Corp Windbreaker,2,Windbreaker,39,exact_month,1,JYL ATHLETICA
31/01/2025,Corp Windbreaker,2,Corp Black Windbreaker,83,exact_month,1,JYL ATHLETICA
31/01/2025,Corp Windbreaker,2,Windbreaker,39,exact_month,1,JYL ATHLETICA
03/02/2025,Corp Windbreaker,2,Corp Black Windbreaker,65,exact_month,2,JYL ATHLETICA
03/02/2025,Corp Windbreaker,2,Windbreaker,15,exact_month,0,JYL ATHLETICA
06/02/2025,Corp Windbreaker,1,Corp Black Windbreaker,65,exact_month,1,JYL ATHLETICA
06/02/2025,Corp Windbreaker,1,Windbreaker,15,exact_month,0,JYL ATHLETICA
09/02/2025,Corp Windbreaker,4,Corp Black Windbreaker,65,exact_month,3,JYL ATHLETICA
09/02/2025,Corp Windbreaker,4,Windbreaker,15,exact_month,1,JYL ATHLETICA
11/02/2025,Corp Windbreaker,2,Corp Black Windbreaker,65,exact_month,2,JYL ATHLETICA
11/02/2025,Corp Windbreaker,2,Windbreaker,15,exact_month,0,JYL ATHLETICA
13/02/2025,Corp Windbreaker,2,Corp Black Windbreaker,65,exact_month,2,JYL ATHLETICA
13/02/2025,Corp Windbreaker,2,Windbreaker,15,exact_month,0,JYL ATHLETICA
19/02/2025,Corp Windbreaker,1,Corp Black Windbreaker,65,exact_month,1,JYL ATHLETICA
19/02/2025,Corp Windbreaker,1,Windbreaker,15,exact_month,0,JYL ATHLETICA
20/02/2025,Corp Windbreaker,1,Corp Black Windbreaker,65,exact_month,1,JYL ATHLETICA
20/02/2025,Corp Windbreaker,1,Windbreaker,15,exact_month,0,JYL ATHLETICA
26/02/2025,Corp Windbreaker,1,Corp Black Windbreaker,65,exact_month,1,JYL ATHLETICA
26/02/2025,Corp Windbreaker,1,Windbreaker,15,exact_month,0,JYL ATHLETICA
11/03/2025,Corp Windbreaker,1,Corp Black Windbreaker,52,exact_month,1,JYL ATHLETICA
11/03/2025,Corp Windbreaker,1,Windbreaker,50,exact_month,0,JYL ATHLETICA
02/04/2025,Corp Windbreaker,1,Corp Black Windbreaker,51,exact_month,0,JYL ATHLETICA
02/04/2025,Corp Windbreaker,1,Windbreaker,97,exact_month,1,JYL ATHLETICA
04/04/2025,Corp Windbreaker,1,Corp Black Windbreaker,51,exact_month,0,JYL ATHLETICA
04/04/2025,Corp Windbreaker,1,Windbreaker,97,exact_month,1,JYL ATHLETICA
26/04/2025,Corp Windbreaker,1,Corp Black Windbreaker,51,exact_month,0,JYL ATHLETICA
26/04/2025,Corp Windbreaker,1,Windbreaker,97,exact_month,1,JYL ATHLETICA
29/04/2025,Corp Windbreaker,1,Corp Black Windbreaker,51,exact_month,0,JYL ATHLETICA
29/04/2025,Corp Windbreaker,1,Windbreaker,97,exact_month,1,JYL ATHLETICA
03/05/2025,Corp Windbreaker,2,Corp Black Windbreaker,47,exact_month,1,JYL ATHLETICA
03/05/2025,Corp Windbreaker,2,Windbreaker,103,exact_month,1,JYL ATHLETICA
09/05/2025,Corp Windbreaker,1,Corp Black Windbreaker,47,exact_month,0,JYL ATHLETICA
09/05/2025,Corp Windbreaker,1,Windbreaker,103,exact_month,1,JYL ATHLETICA
15/05/2025,Corp Windbreaker,1,Corp Black Windbreaker,47,exact_month,0,JYL ATHLETICA
15/05/2025,Corp Windbreaker,1,Windbreaker,103,exact_month,1,JYL ATHLETICA
21/05/2025,Corp Windbreaker,1,Corp Black Windbreaker,47,exact_month,0,JYL ATHLETICA
21/05/2025,Corp Windbreaker,1,Windbreaker,103,exact_month,1,JYL ATHLETICA
26/05/2025,Corp Windbreaker,1,Corp Black Windbreaker,47,exact_month,0,JYL ATHLETICA
26/05/2025,Corp Windbreaker,1,Windbreaker,103,exact_month,1,JYL ATHLETICA
31/05/2025,Corp Windbreaker,3,Corp Black Windbreaker,47,exact_month,1,JYL ATHLETICA
31/05/2025,Corp Windbreaker,3,Windbreaker,103,exact_month,2,JYL ATHLETICA
07/06/2025,Corp Windbreaker,5,Corp Black Windbreaker,38,exact_month,2,JYL ATHLETICA
07/06/2025,Corp Windbreaker,5,Windbreaker,67,exact_month,3,JYL ATHLETICA
10/06/2025,Corp Windbreaker,1,Corp Black Windbreaker,38,exact_month,0,JYL ATHLETICA
10/06/2025,Corp Windbreaker,1,Windbreaker,67,exact_month,1,JYL ATHLETICA
12/06/2025,Corp Windbreaker,1,Corp Black Windbreaker,38,exact_month,0,JYL ATHLETICA
12/06/2025,Corp Windbreaker,1,Windbreaker,67,exact_month,1,JYL ATHLETICA
13/06/2025,Corp Windbreaker,2,Corp Black Windbreaker,38,exact_month,1,JYL ATHLETICA
13/06/2025,Corp Windbreaker,2,Windbreaker,67,exact_month,1,JYL ATHLETICA
18/06/2025,Corp Windbreaker,1,Corp Black Windbreaker,38,exact_month,0,JYL ATHLETICA
18/06/2025,Corp Windbreaker,1,Windbreaker,67,exact_month,1,JYL ATHLETICA
20/06/2025,Corp Windbreaker,1,Corp Black Windbreaker,38,exact_month,0,JYL ATHLETICA
20/06/2025,Corp Windbreaker,1,Windbreaker,67,exact_month,1,JYL ATHLETICA
25/06/2025,Corp Windbreaker,1,Corp Black Windbreaker,38,exact_month,0,JYL ATHLETICA
25/06/2025,Corp Windbreaker,1,Windbreaker,67,exact_month,1,JYL ATHLETICA
30/06/2025,Corp Windbreaker,9,Corp Black Windbreaker,38,exact_month,3,JYL ATHLETICA
30/06/2025,Corp Windbreaker,9,Windbreaker,67,exact_month,6,JYL ATHLETICA
01/07/2025,Corp Windbreaker,1,Corp Black Windbreaker,25,exact_month,0,JYL ATHLETICA
01/07/2025,Corp Windbreaker,1,Windbreaker,53,exact_month,1,JYL ATHLETICA
07/07/2025,Corp Windbreaker,1,Corp Black Windbreaker,25,exact_month,0,JYL ATHLETICA
07/07/2025,Corp Windbreaker,1,Windbreaker,53,exact_month,1,JYL ATHLETICA
04/08/2025,Corp Windbreaker,1,Corp Black Windbreaker,23,exact_month,0,JYL ATHLETICA
04/08/2025,Corp Windbreaker,1,Windbreaker,45,exact_month,1,JYL ATHLETICA
14/08/2025,Corp Windbreaker,1,Corp Black Windbreaker,23,exact_month,0,JYL ATHLETICA
14/08/2025,Corp Windbreaker,1,Windbreaker,45,exact_month,1,JYL ATHLETICA
15/08/2025,Corp Windbreaker,1,Corp Black Windbreaker,23,exact_month,0,JYL ATHLETICA
15/08/2025,Corp Windbreaker,1,Windbreaker,45,exact_month,1,JYL ATHLETICA
16/08/2025,Corp Windbreaker,2,Corp Black Windbreaker,23,exact_month,1,JYL ATHLETICA
16/08/2025,Corp Windbreaker,2,Windbreaker,45,exact_month,1,JYL ATHLETICA
20/08/2025,Corp Windbreaker,1,Corp Black Windbreaker,23,exact_month,0,JYL ATHLETICA
20/08/2025,Corp Windbreaker,1,Windbreaker,45,exact_month,1,JYL ATHLETICA
27/08/2025,Corp Windbreaker,1,Corp Black Windbreaker,23,exact_month,0,JYL ATHLETICA
27/08/2025,Corp Windbreaker,1,Windbreaker,45,exact_month,1,JYL ATHLETICA
29/08/2025,Corp Windbreaker,2,Corp Black Windbreaker,23,exact_month,1,JYL ATHLETICA
29/08/2025,Corp Windbreaker,2,Windbreaker,45,exact_month,1,JYL ATHLETICA
11/09/2025,Corp Windbreaker,1,Corp Black Windbreaker,17,exact_month,0,JYL ATHLETICA
11/09/2025,Corp Windbreaker,1,Windbreaker,30,exact_month,1,JYL ATHLETICA
12/09/2025,Corp Windbreaker,1,Corp Black Windbreaker,17,exact_month,0,JYL ATHLETICA
12/09/2025,Corp Windbreaker,1,Windbreaker,30,exact_month,1,JYL ATHLETICA
29/09/2025,Corp Windbreaker,1,Corp Black Windbreaker,17,exact_month,0,JYL ATHLETICA
29/09/2025,Corp Windbreaker,1,Windbreaker,30,exact_month,1,JYL ATHLETICA
30/09/2025,Corp Windbreaker,3,Corp Black Windbreaker,17,exact_month,1,JYL ATHLETICA
30/09/2025,Corp Windbreaker,3,Windbreaker,30,exact_month,2,JYL ATHLETICA
07/10/2025,Corp Windbreaker,1,Corp Black Windbreaker,11,exact_month,0,JYL ATHLETICA
07/10/2025,Corp Windbreaker,1,Windbreaker,195,exact_month,1,JYL ATHLETICA
07/11/2025,Corp Windbreaker,1,Corp Black Windbreaker,11,exact_month,0,JYL ATHLETICA (CONSIGNMENT)
07/11/2025,Corp Windbreaker,1,Windbreaker,210,exact_month,1,JYL ATHLETICA (CONSIGNMENT)
03/12/2025,Corp Windbreaker,1,Corp Black Windbreaker,10,exact_month,0,JYL ATHLETICA (CONSIGNMENT)
03/12/2025,Corp Windbreaker,1,Windbreaker,351,exact_month,1,JYL ATHLETICA (CONSIGNMENT)
10/12/2025,Corp Windbreaker,1,Corp Black Windbreaker,10,exact_month,0,JYL ATHLETICA (CONSIGNMENT)
10/12/2025,Corp Windbreaker,1,Windbreaker,351,exact_month,1,JYL ATHLETICA (CONSIGNMENT)
17/12/2025,Corp Windbreaker,1,Corp Black Windbreaker,10,exact_month,0,JYL ATHLETICA (CONSIGNMENT)
17/12/2025,Corp Windbreaker,1,Windbreaker,351,exact_month,1,JYL ATHLETICA (CONSIGNMENT)
20/01/2026,Corp Windbreaker,1,Corp Black Windbreaker,7,exact_month,0,JYL ATHLETICA (CONSIGNMENT)
20/01/2026,Corp Windbreaker,1,Windbreaker,318,exact_month,1,JYL ATHLETICA (CONSIGNMENT)
28/02/2026,Corp Windbreaker,1,Corp Black Windbreaker,6,exact_month,0,JYL ATHLETICA (CONSIGNMENT)
28/02/2026,Corp Windbreaker,1,Windbreaker,263,exact_month,1,JYL ATHLETICA (CONSIGNMENT)
02/03/2026,Corp Windbreaker,1,Corp Black Windbreaker,5,exact_month,0,JYL ATHLETICA (CONSIGNMENT)
02/03/2026,Corp Windbreaker,1,Windbreaker,238,exact_month,1,JYL ATHLETICA (CONSIGNMENT)
09/03/2026,Corp Windbreaker,1,Corp Black Windbreaker,5,exact_month,0,JYL ATHLETICA (CONSIGNMENT)
09/03/2026,Corp Windbreaker,1,Windbreaker,238,exact_month,1,JYL ATHLETICA (CONSIGNMENT)
18/03/2026,Corp Windbreaker,1,Corp Black Windbreaker,5,exact_month,0,JYL ATHLETICA (CONSIGNMENT)
18/03/2026,Corp Windbreaker,1,Windbreaker,238,exact_month,1,JYL ATHLETICA (CONSIGNMENT)
29/04/2026,Corp Windbreaker,1,Corp Black Windbreaker,0,equal_split,1,JYL ATHLETICA (CONSIGNMENT)
29/04/2026,Corp Windbreaker,1,Windbreaker,0,equal_split,0,JYL ATHLETICA (CONSIGNMENT)
13/06/2026,Corp Windbreaker,1,Corp Black Windbreaker,0,equal_split,1,JYL ATHLETICA (CONSIGNMENT)
13/06/2026,Corp Windbreaker,1,Windbreaker,0,equal_split,0,JYL ATHLETICA (CONSIGNMENT)
01/10/2024,Double Canopy,1,Black Double Canopy Umbrella,300,nearest_month(+17mo),1,NAPOLIZ ENTERPRISES
01/10/2024,Double Canopy,1,Yellow Double Canopy Umbrella,200,nearest_month(+17mo),0,NAPOLIZ ENTERPRISES
03/10/2024,Double Canopy,1,Black Double Canopy Umbrella,300,nearest_month(+17mo),1,NAPOLIZ ENTERPRISES
03/10/2024,Double Canopy,1,Yellow Double Canopy Umbrella,200,nearest_month(+17mo),0,NAPOLIZ ENTERPRISES
18/10/2024,Double Canopy,2,Black Double Canopy Umbrella,300,nearest_month(+17mo),1,NAPOLIZ ENTERPRISES
18/10/2024,Double Canopy,2,Yellow Double Canopy Umbrella,200,nearest_month(+17mo),1,NAPOLIZ ENTERPRISES
19/10/2024,Double Canopy,1,Black Double Canopy Umbrella,300,nearest_month(+17mo),1,NAPOLIZ ENTERPRISES
19/10/2024,Double Canopy,1,Yellow Double Canopy Umbrella,200,nearest_month(+17mo),0,NAPOLIZ ENTERPRISES
20/10/2024,Double Canopy,8,Black Double Canopy Umbrella,300,nearest_month(+17mo),5,NAPOLIZ ENTERPRISES
20/10/2024,Double Canopy,8,Yellow Double Canopy Umbrella,200,nearest_month(+17mo),3,NAPOLIZ ENTERPRISES
04/11/2024,Double Canopy,4,Black Double Canopy Umbrella,300,nearest_month(+16mo),2,NAPOLIZ
04/11/2024,Double Canopy,4,Yellow Double Canopy Umbrella,200,nearest_month(+16mo),2,NAPOLIZ
07/11/2024,Double Canopy,1,Black Double Canopy Umbrella,300,nearest_month(+16mo),1,NAPOLIZ
07/11/2024,Double Canopy,1,Yellow Double Canopy Umbrella,200,nearest_month(+16mo),0,NAPOLIZ
08/11/2024,Double Canopy,2,Black Double Canopy Umbrella,300,nearest_month(+16mo),1,NAPOLIZ
08/11/2024,Double Canopy,2,Yellow Double Canopy Umbrella,200,nearest_month(+16mo),1,NAPOLIZ
28/11/2024,Double Canopy,1,Black Double Canopy Umbrella,300,nearest_month(+16mo),1,NAPOLIZ
28/11/2024,Double Canopy,1,Yellow Double Canopy Umbrella,200,nearest_month(+16mo),0,NAPOLIZ
02/12/2024,Double Canopy,1,Black Double Canopy Umbrella,300,nearest_month(+15mo),1,NAPOLIZ ENTERPRISES
02/12/2024,Double Canopy,1,Yellow Double Canopy Umbrella,200,nearest_month(+15mo),0,NAPOLIZ ENTERPRISES
09/12/2024,Double Canopy,1,Black Double Canopy Umbrella,300,nearest_month(+15mo),1,NAPOLIZ ENTERPRISES
09/12/2024,Double Canopy,1,Yellow Double Canopy Umbrella,200,nearest_month(+15mo),0,NAPOLIZ ENTERPRISES
10/12/2024,Double Canopy,1,Black Double Canopy Umbrella,300,nearest_month(+15mo),1,NAPOLIZ ENTERPRISES
10/12/2024,Double Canopy,1,Yellow Double Canopy Umbrella,200,nearest_month(+15mo),0,NAPOLIZ ENTERPRISES
12/12/2024,Double Canopy,1,Black Double Canopy Umbrella,300,nearest_month(+15mo),1,NAPOLIZ ENTERPRISES
12/12/2024,Double Canopy,1,Yellow Double Canopy Umbrella,200,nearest_month(+15mo),0,NAPOLIZ ENTERPRISES
13/12/2024,Double Canopy,1,Black Double Canopy Umbrella,300,nearest_month(+15mo),1,NAPOLIZ ENTERPRISES
13/12/2024,Double Canopy,1,Yellow Double Canopy Umbrella,200,nearest_month(+15mo),0,NAPOLIZ ENTERPRISES
15/12/2024,Double Canopy,13,Black Double Canopy Umbrella,300,nearest_month(+15mo),8,NAPOLIZ ENTERPRISES
15/12/2024,Double Canopy,13,Yellow Double Canopy Umbrella,200,nearest_month(+15mo),5,NAPOLIZ ENTERPRISES
18/12/2024,Double Canopy,3,Black Double Canopy Umbrella,300,nearest_month(+15mo),2,NAPOLIZ ENTERPRISES
18/12/2024,Double Canopy,3,Yellow Double Canopy Umbrella,200,nearest_month(+15mo),1,NAPOLIZ ENTERPRISES
19/12/2024,Double Canopy,12,Black Double Canopy Umbrella,300,nearest_month(+15mo),7,NAPOLIZ ENTERPRISES
19/12/2024,Double Canopy,12,Yellow Double Canopy Umbrella,200,nearest_month(+15mo),5,NAPOLIZ ENTERPRISES
12/01/2025,Double Canopy,12,Black Double Canopy Umbrella,300,nearest_month(+14mo),7,NAPOLIZ ENTERPRISES
12/01/2025,Double Canopy,12,Yellow Double Canopy Umbrella,200,nearest_month(+14mo),5,NAPOLIZ ENTERPRISES
31/01/2025,Double Canopy,1,Black Double Canopy Umbrella,300,nearest_month(+14mo),1,NAPOLIZ ENTERPRISES
31/01/2025,Double Canopy,1,Yellow Double Canopy Umbrella,200,nearest_month(+14mo),0,NAPOLIZ ENTERPRISES
09/02/2025,Double Canopy,12,Black Double Canopy Umbrella,300,nearest_month(+13mo),7,NAPOLIZ ENTERPRISES
09/02/2025,Double Canopy,12,Yellow Double Canopy Umbrella,200,nearest_month(+13mo),5,NAPOLIZ ENTERPRISES
13/02/2025,Double Canopy,1,Black Double Canopy Umbrella,300,nearest_month(+13mo),1,NAPOLIZ ENTERPRISES
13/02/2025,Double Canopy,1,Yellow Double Canopy Umbrella,200,nearest_month(+13mo),0,NAPOLIZ ENTERPRISES
14/02/2025,Double Canopy,2,Black Double Canopy Umbrella,300,nearest_month(+13mo),1,NAPOLIZ ENTERPRISES
14/02/2025,Double Canopy,2,Yellow Double Canopy Umbrella,200,nearest_month(+13mo),1,NAPOLIZ ENTERPRISES
07/03/2025,Double Canopy,2,Black Double Canopy Umbrella,300,nearest_month(+12mo),1,NAPOLIZ ENTERPRISES
07/03/2025,Double Canopy,2,Yellow Double Canopy Umbrella,200,nearest_month(+12mo),1,NAPOLIZ ENTERPRISES
12/03/2025,Double Canopy,1,Black Double Canopy Umbrella,300,nearest_month(+12mo),1,NAPOLIZ ENTERPRISES
12/03/2025,Double Canopy,1,Yellow Double Canopy Umbrella,200,nearest_month(+12mo),0,NAPOLIZ ENTERPRISES
15/03/2025,Double Canopy,1,Black Double Canopy Umbrella,300,nearest_month(+12mo),1,NAPOLIZ ENTERPRISES
15/03/2025,Double Canopy,1,Yellow Double Canopy Umbrella,200,nearest_month(+12mo),0,NAPOLIZ ENTERPRISES
17/03/2025,Double Canopy,1,Black Double Canopy Umbrella,300,nearest_month(+12mo),1,NAPOLIZ ENTERPRISES
17/03/2025,Double Canopy,1,Yellow Double Canopy Umbrella,200,nearest_month(+12mo),0,NAPOLIZ ENTERPRISES
29/03/2025,Double Canopy,1,Black Double Canopy Umbrella,300,nearest_month(+12mo),1,NAPOLIZ ENTERPRISES
29/03/2025,Double Canopy,1,Yellow Double Canopy Umbrella,200,nearest_month(+12mo),0,NAPOLIZ ENTERPRISES
22/04/2025,Double Canopy,2,Black Double Canopy Umbrella,300,nearest_month(+11mo),1,NAPOLIZ ENTERPRISES
22/04/2025,Double Canopy,2,Yellow Double Canopy Umbrella,200,nearest_month(+11mo),1,NAPOLIZ ENTERPRISES
25/04/2025,Double Canopy,2,Black Double Canopy Umbrella,300,nearest_month(+11mo),1,NAPOLIZ ENTERPRISES
25/04/2025,Double Canopy,2,Yellow Double Canopy Umbrella,200,nearest_month(+11mo),1,NAPOLIZ ENTERPRISES
07/05/2025,Double Canopy,2,Black Double Canopy Umbrella,300,nearest_month(+10mo),1,NAPOLIZ ENTERPRISES
07/05/2025,Double Canopy,2,Yellow Double Canopy Umbrella,200,nearest_month(+10mo),1,NAPOLIZ ENTERPRISES
14/05/2025,Double Canopy,2,Black Double Canopy Umbrella,300,nearest_month(+10mo),1,NAPOLIZ ENTERPRISES
14/05/2025,Double Canopy,2,Yellow Double Canopy Umbrella,200,nearest_month(+10mo),1,NAPOLIZ ENTERPRISES
16/05/2025,Double Canopy,1,Black Double Canopy Umbrella,300,nearest_month(+10mo),1,NAPOLIZ ENTERPRISES
16/05/2025,Double Canopy,1,Yellow Double Canopy Umbrella,200,nearest_month(+10mo),0,NAPOLIZ ENTERPRISES
23/05/2025,Double Canopy,2,Black Double Canopy Umbrella,300,nearest_month(+10mo),1,NAPOLIZ ENTERPRISES
23/05/2025,Double Canopy,2,Yellow Double Canopy Umbrella,200,nearest_month(+10mo),1,NAPOLIZ ENTERPRISES
26/05/2025,Double Canopy,3,Black Double Canopy Umbrella,300,nearest_month(+10mo),2,NAPOLIZ ENTERPRISES
26/05/2025,Double Canopy,3,Yellow Double Canopy Umbrella,200,nearest_month(+10mo),1,NAPOLIZ ENTERPRISES
27/05/2025,Double Canopy,1,Black Double Canopy Umbrella,300,nearest_month(+10mo),1,NAPOLIZ ENTERPRISES
27/05/2025,Double Canopy,1,Yellow Double Canopy Umbrella,200,nearest_month(+10mo),0,NAPOLIZ ENTERPRISES
31/05/2025,Double Canopy,3,Black Double Canopy Umbrella,300,nearest_month(+10mo),2,NAPOLIZ ENTERPRISES
31/05/2025,Double Canopy,3,Yellow Double Canopy Umbrella,200,nearest_month(+10mo),1,NAPOLIZ ENTERPRISES
02/06/2025,Double Canopy,5,Black Double Canopy Umbrella,300,nearest_month(+9mo),3,NAPOLIZ ENTERPRISES
02/06/2025,Double Canopy,5,Yellow Double Canopy Umbrella,200,nearest_month(+9mo),2,NAPOLIZ ENTERPRISES
03/06/2025,Double Canopy,2,Black Double Canopy Umbrella,300,nearest_month(+9mo),1,NAPOLIZ ENTERPRISES
03/06/2025,Double Canopy,2,Yellow Double Canopy Umbrella,200,nearest_month(+9mo),1,NAPOLIZ ENTERPRISES
04/06/2025,Double Canopy,5,Black Double Canopy Umbrella,300,nearest_month(+9mo),3,NAPOLIZ ENTERPRISES
04/06/2025,Double Canopy,5,Yellow Double Canopy Umbrella,200,nearest_month(+9mo),2,NAPOLIZ ENTERPRISES
05/06/2025,Double Canopy,6,Black Double Canopy Umbrella,300,nearest_month(+9mo),4,NAPOLIZ ENTERPRISES
05/06/2025,Double Canopy,6,Yellow Double Canopy Umbrella,200,nearest_month(+9mo),2,NAPOLIZ ENTERPRISES
06/06/2025,Double Canopy,45,Black Double Canopy Umbrella,300,nearest_month(+9mo),27,NAPOLIZ ENTERPRISES
06/06/2025,Double Canopy,45,Yellow Double Canopy Umbrella,200,nearest_month(+9mo),18,NAPOLIZ ENTERPRISES
07/06/2025,Double Canopy,3,Black Double Canopy Umbrella,300,nearest_month(+9mo),2,NAPOLIZ ENTERPRISES
07/06/2025,Double Canopy,3,Yellow Double Canopy Umbrella,200,nearest_month(+9mo),1,NAPOLIZ ENTERPRISES
10/06/2025,Double Canopy,7,Black Double Canopy Umbrella,300,nearest_month(+9mo),4,NAPOLIZ ENTERPRISES
10/06/2025,Double Canopy,7,Yellow Double Canopy Umbrella,200,nearest_month(+9mo),3,NAPOLIZ ENTERPRISES
13/06/2025,Double Canopy,1,Black Double Canopy Umbrella,300,nearest_month(+9mo),1,NAPOLIZ ENTERPRISES
13/06/2025,Double Canopy,1,Yellow Double Canopy Umbrella,200,nearest_month(+9mo),0,NAPOLIZ ENTERPRISES
02/05/2024,Keychain,2,New Keychain,50,nearest_month(+6mo),2,USTORE
02/05/2024,Keychain,2,College Keychain,0,nearest_month(+7mo),0,USTORE
03/05/2024,Keychain,3,New Keychain,50,nearest_month(+6mo),3,USTORE
03/05/2024,Keychain,3,College Keychain,0,nearest_month(+7mo),0,USTORE
04/05/2024,Keychain,1,New Keychain,50,nearest_month(+6mo),1,USTORE
04/05/2024,Keychain,1,College Keychain,0,nearest_month(+7mo),0,USTORE
06/05/2024,Keychain,2,New Keychain,50,nearest_month(+6mo),2,USTORE
06/05/2024,Keychain,2,College Keychain,0,nearest_month(+7mo),0,USTORE
07/05/2024,Keychain,6,New Keychain,50,nearest_month(+6mo),6,USTORE
07/05/2024,Keychain,6,College Keychain,0,nearest_month(+7mo),0,USTORE
08/05/2024,Keychain,10,New Keychain,50,nearest_month(+6mo),10,USTORE
08/05/2024,Keychain,10,College Keychain,0,nearest_month(+7mo),0,USTORE
09/05/2024,Keychain,13,New Keychain,50,nearest_month(+6mo),13,USTORE
09/05/2024,Keychain,13,College Keychain,0,nearest_month(+7mo),0,USTORE
09/05/2024,Keychain,4,New Keychain,50,nearest_month(+6mo),4,VARSITY LIFE STYLE
09/05/2024,Keychain,4,College Keychain,0,nearest_month(+7mo),0,VARSITY LIFE STYLE
10/05/2024,Keychain,5,New Keychain,50,nearest_month(+6mo),5,USTORE
10/05/2024,Keychain,5,College Keychain,0,nearest_month(+7mo),0,USTORE
13/05/2024,Keychain,6,New Keychain,50,nearest_month(+6mo),6,USTORE
13/05/2024,Keychain,6,College Keychain,0,nearest_month(+7mo),0,USTORE
14/05/2024,Keychain,5,New Keychain,50,nearest_month(+6mo),5,USTORE
14/05/2024,Keychain,5,College Keychain,0,nearest_month(+7mo),0,USTORE
15/05/2024,Keychain,12,New Keychain,50,nearest_month(+6mo),12,USTORE
15/05/2024,Keychain,12,College Keychain,0,nearest_month(+7mo),0,USTORE
16/05/2024,Keychain,10,New Keychain,50,nearest_month(+6mo),10,USTORE
16/05/2024,Keychain,10,College Keychain,0,nearest_month(+7mo),0,USTORE
16/05/2024,Keychain,4,New Keychain,50,nearest_month(+6mo),4,VARSITY LIFE STYLE
16/05/2024,Keychain,4,College Keychain,0,nearest_month(+7mo),0,VARSITY LIFE STYLE
17/05/2024,Keychain,11,New Keychain,50,nearest_month(+6mo),11,USTORE
17/05/2024,Keychain,11,College Keychain,0,nearest_month(+7mo),0,USTORE
17/05/2024,Keychain,2,New Keychain,50,nearest_month(+6mo),2,VARSITY LIFE STYLE
17/05/2024,Keychain,2,College Keychain,0,nearest_month(+7mo),0,VARSITY LIFE STYLE
20/05/2024,Keychain,20,New Keychain,50,nearest_month(+6mo),20,USTORE
20/05/2024,Keychain,20,College Keychain,0,nearest_month(+7mo),0,USTORE
20/05/2024,Keychain,5,New Keychain,50,nearest_month(+6mo),5,VARSITY LIFE STYLE
20/05/2024,Keychain,5,College Keychain,0,nearest_month(+7mo),0,VARSITY LIFE STYLE
21/05/2024,Keychain,5,New Keychain,50,nearest_month(+6mo),5,USTORE
21/05/2024,Keychain,5,College Keychain,0,nearest_month(+7mo),0,USTORE
22/05/2024,Keychain,6,New Keychain,50,nearest_month(+6mo),6,USTORE
22/05/2024,Keychain,6,College Keychain,0,nearest_month(+7mo),0,USTORE
22/05/2024,Keychain,2,New Keychain,50,nearest_month(+6mo),2,VARSITY LIFE STYLE
22/05/2024,Keychain,2,College Keychain,0,nearest_month(+7mo),0,VARSITY LIFE STYLE
23/05/2024,Keychain,7,New Keychain,50,nearest_month(+6mo),7,USTORE
23/05/2024,Keychain,7,College Keychain,0,nearest_month(+7mo),0,USTORE
24/05/2024,Keychain,18,New Keychain,50,nearest_month(+6mo),18,USTORE
24/05/2024,Keychain,18,College Keychain,0,nearest_month(+7mo),0,USTORE
27/05/2024,Keychain,1,New Keychain,50,nearest_month(+6mo),1,TET AND DARS
27/05/2024,Keychain,1,College Keychain,0,nearest_month(+7mo),0,TET AND DARS
27/05/2024,Keychain,10,New Keychain,50,nearest_month(+6mo),10,USTORE
27/05/2024,Keychain,10,College Keychain,0,nearest_month(+7mo),0,USTORE
27/05/2024,Keychain,2,New Keychain,50,nearest_month(+6mo),2,VARSITY LIFE STYLE
27/05/2024,Keychain,2,College Keychain,0,nearest_month(+7mo),0,VARSITY LIFE STYLE
28/05/2024,Keychain,4,New Keychain,50,nearest_month(+6mo),4,TET AND DARS
28/05/2024,Keychain,4,College Keychain,0,nearest_month(+7mo),0,TET AND DARS
28/05/2024,Keychain,8,New Keychain,50,nearest_month(+6mo),8,USTORE
28/05/2024,Keychain,8,College Keychain,0,nearest_month(+7mo),0,USTORE
28/05/2024,Keychain,1,New Keychain,50,nearest_month(+6mo),1,VARSITY LIFE STYLE
28/05/2024,Keychain,1,College Keychain,0,nearest_month(+7mo),0,VARSITY LIFE STYLE
29/05/2024,Keychain,3,New Keychain,50,nearest_month(+6mo),3,USTORE
29/05/2024,Keychain,3,College Keychain,0,nearest_month(+7mo),0,USTORE
30/05/2024,Keychain,2,New Keychain,50,nearest_month(+6mo),2,TET AND DARS
30/05/2024,Keychain,2,College Keychain,0,nearest_month(+7mo),0,TET AND DARS
30/05/2024,Keychain,5,New Keychain,50,nearest_month(+6mo),5,USTORE
30/05/2024,Keychain,5,College Keychain,0,nearest_month(+7mo),0,USTORE
30/05/2024,Keychain,2,New Keychain,50,nearest_month(+6mo),2,VARSITY LIFE STYLE
30/05/2024,Keychain,2,College Keychain,0,nearest_month(+7mo),0,VARSITY LIFE STYLE
31/05/2024,Keychain,6,New Keychain,50,nearest_month(+6mo),6,TET AND DARS
31/05/2024,Keychain,6,College Keychain,0,nearest_month(+7mo),0,TET AND DARS
31/05/2024,Keychain,10,New Keychain,50,nearest_month(+6mo),10,USTORE
31/05/2024,Keychain,10,College Keychain,0,nearest_month(+7mo),0,USTORE
31/05/2024,Keychain,1,New Keychain,50,nearest_month(+6mo),1,VARSITY LIFE STYLE
31/05/2024,Keychain,1,College Keychain,0,nearest_month(+7mo),0,VARSITY LIFE STYLE
06/08/2024,Keychain,1,New Keychain,50,nearest_month(+3mo),1,NEW TRENDS
06/08/2024,Keychain,1,College Keychain,0,nearest_month(+4mo),0,NEW TRENDS
02/12/2024,Keychain,1,New Keychain,50,nearest_month(-1mo),1,NEW TRENDS
02/12/2024,Keychain,1,College Keychain,0,exact_month,0,NEW TRENDS
04/12/2024,Keychain,2,New Keychain,50,nearest_month(-1mo),2,NEW TRENDS
04/12/2024,Keychain,2,College Keychain,0,exact_month,0,NEW TRENDS
06/12/2024,Keychain,3,New Keychain,50,nearest_month(-1mo),3,NEW TRENDS
06/12/2024,Keychain,3,College Keychain,0,exact_month,0,NEW TRENDS
10/12/2024,Keychain,2,New Keychain,50,nearest_month(-1mo),2,NEW TRENDS
10/12/2024,Keychain,2,College Keychain,0,exact_month,0,NEW TRENDS
13/12/2024,Keychain,2,New Keychain,50,nearest_month(-1mo),2,NEW TRENDS
13/12/2024,Keychain,2,College Keychain,0,exact_month,0,NEW TRENDS
15/12/2024,Keychain,31,New Keychain,50,nearest_month(-1mo),31,NEW TRENDS
15/12/2024,Keychain,31,College Keychain,0,exact_month,0,NEW TRENDS
12/01/2025,Keychain,1,New Keychain,50,nearest_month(-2mo),1,NEW TRENDS
12/01/2025,Keychain,1,College Keychain,0,exact_month,0,NEW TRENDS
15/05/2025,Keychain,1,New Keychain,50,nearest_month(-6mo),1,VARSITY LIFESTYLE
15/05/2025,Keychain,1,College Keychain,0,exact_month,0,VARSITY LIFESTYLE
16/05/2025,Keychain,7,New Keychain,50,nearest_month(-6mo),7,VARSITY LIFESTYLE
16/05/2025,Keychain,7,College Keychain,0,exact_month,0,VARSITY LIFESTYLE
17/05/2025,Keychain,1,New Keychain,50,nearest_month(-6mo),1,VARSITY LIFESTYLE
17/05/2025,Keychain,1,College Keychain,0,exact_month,0,VARSITY LIFESTYLE
19/05/2025,Keychain,1,New Keychain,50,nearest_month(-6mo),1,VARSITY LIFESTYLE
19/05/2025,Keychain,1,College Keychain,0,exact_month,0,VARSITY LIFESTYLE
21/05/2025,Keychain,1,New Keychain,50,nearest_month(-6mo),1,VARSITY LIFESTYLE
21/05/2025,Keychain,1,College Keychain,0,exact_month,0,VARSITY LIFESTYLE
22/05/2025,Keychain,1,New Keychain,50,nearest_month(-6mo),1,VARSITY LIFESTYLE
22/05/2025,Keychain,1,College Keychain,0,exact_month,0,VARSITY LIFESTYLE
30/05/2025,Keychain,1,New Keychain,50,nearest_month(-6mo),1,VARSITY LIFESTYLE
30/05/2025,Keychain,1,College Keychain,0,exact_month,0,VARSITY LIFESTYLE
31/05/2025,Keychain,1,New Keychain,50,nearest_month(-6mo),1,VARSITY LIFESTYLE
31/05/2025,Keychain,1,College Keychain,0,exact_month,0,VARSITY LIFESTYLE
02/06/2025,Keychain,1,New Keychain,50,nearest_month(-7mo),1,VARSITY LIFESTYLE
02/06/2025,Keychain,1,College Keychain,0,exact_month,0,VARSITY LIFESTYLE
03/06/2025,Keychain,1,New Keychain,50,nearest_month(-7mo),1,VARSITY LIFESTYLE
03/06/2025,Keychain,1,College Keychain,0,exact_month,0,VARSITY LIFESTYLE
04/06/2025,Keychain,1,New Keychain,50,nearest_month(-7mo),1,VARSITY LIFESTYLE
04/06/2025,Keychain,1,College Keychain,0,exact_month,0,VARSITY LIFESTYLE
06/06/2025,Keychain,1,New Keychain,50,nearest_month(-7mo),1,VARSITY LIFESTYLE
06/06/2025,Keychain,1,College Keychain,0,exact_month,0,VARSITY LIFESTYLE
07/06/2025,Keychain,1,New Keychain,50,nearest_month(-7mo),1,VARSITY LIFESTYLE
07/06/2025,Keychain,1,College Keychain,0,exact_month,0,VARSITY LIFESTYLE
09/06/2025,Keychain,1,New Keychain,50,nearest_month(-7mo),1,VARSITY LIFESTYLE
09/06/2025,Keychain,1,College Keychain,0,exact_month,0,VARSITY LIFESTYLE
11/06/2025,Keychain,4,New Keychain,50,nearest_month(-7mo),4,VARSITY LIFESTYLE
11/06/2025,Keychain,4,College Keychain,0,exact_month,0,VARSITY LIFESTYLE
17/06/2025,Keychain,1,New Keychain,50,nearest_month(-7mo),1,VARSITY LIFESTYLE
17/06/2025,Keychain,1,College Keychain,0,exact_month,0,VARSITY LIFESTYLE
18/06/2025,Keychain,1,New Keychain,50,nearest_month(-7mo),1,VARSITY LIFESTYLE
18/06/2025,Keychain,1,College Keychain,0,exact_month,0,VARSITY LIFESTYLE
20/06/2025,Keychain,1,New Keychain,50,nearest_month(-7mo),1,VARSITY LIFESTYLE
20/06/2025,Keychain,1,College Keychain,0,exact_month,0,VARSITY LIFESTYLE
21/06/2025,Keychain,1,New Keychain,50,nearest_month(-7mo),1,VARSITY LIFESTYLE
21/06/2025,Keychain,1,College Keychain,0,exact_month,0,VARSITY LIFESTYLE
31/07/2025,Keychain,1,New Keychain,50,nearest_month(-8mo),1,VARSITY LIFESTYLE
31/07/2025,Keychain,1,College Keychain,0,exact_month,0,VARSITY LIFESTYLE
19/10/2025,Keychain,13,New Keychain,50,nearest_month(-11mo),13,VARSITY LIFESTYLE
19/10/2025,Keychain,13,College Keychain,0,exact_month,0,VARSITY LIFESTYLE
23/10/2025,Keychain,1,New Keychain,50,nearest_month(-11mo),1,VARSITY LIFESTYLE
23/10/2025,Keychain,1,College Keychain,0,exact_month,0,VARSITY LIFESTYLE
27/10/2025,Keychain,1,New Keychain,50,nearest_month(-11mo),1,VARSITY LIFESTYLE
27/10/2025,Keychain,1,College Keychain,0,exact_month,0,VARSITY LIFESTYLE
28/10/2025,Keychain,2,New Keychain,50,nearest_month(-11mo),2,VARSITY LIFESTYLE
28/10/2025,Keychain,2,College Keychain,0,exact_month,0,VARSITY LIFESTYLE
05/11/2025,Keychain,1,New Keychain,50,nearest_month(-12mo),1,VARSITY LIFESTYLE (CONSIGNMENT)
05/11/2025,Keychain,1,College Keychain,0,exact_month,0,VARSITY LIFESTYLE (CONSIGNMENT)
06/11/2025,Keychain,21,New Keychain,50,nearest_month(-12mo),21,VARSITY LIFESTYLE (CONSIGNMENT)
06/11/2025,Keychain,21,College Keychain,0,exact_month,0,VARSITY LIFESTYLE (CONSIGNMENT)
14/11/2025,Keychain,1,New Keychain,50,nearest_month(-12mo),1,VARSITY LIFESTYLE (CONSIGNMENT)
14/11/2025,Keychain,1,College Keychain,0,exact_month,0,VARSITY LIFESTYLE (CONSIGNMENT)
19/11/2025,Keychain,1,New Keychain,50,nearest_month(-12mo),1,VARSITY LIFESTYLE (CONSIGNMENT)
19/11/2025,Keychain,1,College Keychain,0,exact_month,0,VARSITY LIFESTYLE (CONSIGNMENT)
20/11/2025,Keychain,1,New Keychain,50,nearest_month(-12mo),1,VARSITY LIFESTYLE (CONSIGNMENT)
20/11/2025,Keychain,1,College Keychain,0,exact_month,0,VARSITY LIFESTYLE (CONSIGNMENT)
21/11/2025,Keychain,1,New Keychain,50,nearest_month(-12mo),1,VARSITY LIFESTYLE (CONSIGNMENT)
21/11/2025,Keychain,1,College Keychain,0,exact_month,0,VARSITY LIFESTYLE (CONSIGNMENT)
22/11/2025,Keychain,6,New Keychain,50,nearest_month(-12mo),6,VARSITY LIFESTYLE (CONSIGNMENT)
22/11/2025,Keychain,6,College Keychain,0,exact_month,0,VARSITY LIFESTYLE (CONSIGNMENT)
26/11/2025,Keychain,2,New Keychain,50,nearest_month(-12mo),2,VARSITY LIFESTYLE (CONSIGNMENT)
26/11/2025,Keychain,2,College Keychain,0,exact_month,0,VARSITY LIFESTYLE (CONSIGNMENT)
28/11/2025,Keychain,5,New Keychain,50,nearest_month(-12mo),5,VARSITY LIFESTYLE (CONSIGNMENT)
28/11/2025,Keychain,5,College Keychain,0,exact_month,0,VARSITY LIFESTYLE (CONSIGNMENT)
30/11/2025,Keychain,5,New Keychain,50,nearest_month(-12mo),5,VARSITY LIFESTYLE (CONSIGNMENT)
30/11/2025,Keychain,5,College Keychain,0,exact_month,0,VARSITY LIFESTYLE (CONSIGNMENT)
03/12/2025,Keychain,5,New Keychain,50,nearest_month(-13mo),5,VARSITY LIFESTYLE (CONSIGNMENT)
03/12/2025,Keychain,5,College Keychain,0,exact_month,0,VARSITY LIFESTYLE (CONSIGNMENT)
04/12/2025,Keychain,1,New Keychain,50,nearest_month(-13mo),1,VARSITY LIFESTYLE (CONSIGNMENT)
04/12/2025,Keychain,1,College Keychain,0,exact_month,0,VARSITY LIFESTYLE (CONSIGNMENT)
07/12/2025,Keychain,48,New Keychain,50,nearest_month(-13mo),48,VARSITY LIFESTYLE (CONSIGNMENT)
07/12/2025,Keychain,48,College Keychain,0,exact_month,0,VARSITY LIFESTYLE (CONSIGNMENT)
10/12/2025,Keychain,1,New Keychain,50,nearest_month(-13mo),1,VARSITY LIFESTYLE (CONSIGNMENT)
10/12/2025,Keychain,1,College Keychain,0,exact_month,0,VARSITY LIFESTYLE (CONSIGNMENT)
11/12/2025,Keychain,1,New Keychain,50,nearest_month(-13mo),1,VARSITY LIFESTYLE (CONSIGNMENT)
11/12/2025,Keychain,1,College Keychain,0,exact_month,0,VARSITY LIFESTYLE (CONSIGNMENT)
13/12/2025,Keychain,3,New Keychain,50,nearest_month(-13mo),3,VARSITY LIFESTYLE (CONSIGNMENT)
13/12/2025,Keychain,3,College Keychain,0,exact_month,0,VARSITY LIFESTYLE (CONSIGNMENT)
16/12/2025,Keychain,2,New Keychain,50,nearest_month(-13mo),2,VARSITY LIFESTYLE (CONSIGNMENT)
16/12/2025,Keychain,2,College Keychain,0,exact_month,0,VARSITY LIFESTYLE (CONSIGNMENT)
17/12/2025,Keychain,2,New Keychain,50,nearest_month(-13mo),2,VARSITY LIFESTYLE (CONSIGNMENT)
17/12/2025,Keychain,2,College Keychain,0,exact_month,0,VARSITY LIFESTYLE (CONSIGNMENT)
18/12/2025,Keychain,4,New Keychain,50,nearest_month(-13mo),4,VARSITY LIFESTYLE (CONSIGNMENT)
18/12/2025,Keychain,4,College Keychain,0,exact_month,0,VARSITY LIFESTYLE (CONSIGNMENT)
07/01/2026,Keychain,9,New Keychain,50,nearest_month(-14mo),9,VARSITY LIFESTYLE (CONSIGNMENT)
07/01/2026,Keychain,9,College Keychain,0,exact_month,0,VARSITY LIFESTYLE (CONSIGNMENT)
08/01/2026,Keychain,1,New Keychain,50,nearest_month(-14mo),1,VARSITY LIFESTYLE (CONSIGNMENT)
08/01/2026,Keychain,1,College Keychain,0,exact_month,0,VARSITY LIFESTYLE (CONSIGNMENT)
12/01/2026,Keychain,1,New Keychain,50,nearest_month(-14mo),1,VARSITY LIFESTYLE (CONSIGNMENT)
12/01/2026,Keychain,1,College Keychain,0,exact_month,0,VARSITY LIFESTYLE (CONSIGNMENT)
14/01/2026,Keychain,10,New Keychain,50,nearest_month(-14mo),10,VARSITY LIFESTYLE (CONSIGNMENT)
14/01/2026,Keychain,10,College Keychain,0,exact_month,0,VARSITY LIFESTYLE (CONSIGNMENT)
16/01/2026,Keychain,2,New Keychain,50,nearest_month(-14mo),2,VARSITY LIFESTYLE (CONSIGNMENT)
16/01/2026,Keychain,2,College Keychain,0,exact_month,0,VARSITY LIFESTYLE (CONSIGNMENT)
17/01/2026,Keychain,1,New Keychain,50,nearest_month(-14mo),1,VARSITY LIFESTYLE (CONSIGNMENT)
17/01/2026,Keychain,1,College Keychain,0,exact_month,0,VARSITY LIFESTYLE (CONSIGNMENT)
22/01/2026,Keychain,1,New Keychain,50,nearest_month(-14mo),1,VARSITY LIFESTYLE (CONSIGNMENT)
22/01/2026,Keychain,1,College Keychain,0,exact_month,0,VARSITY LIFESTYLE (CONSIGNMENT)
23/01/2026,Keychain,2,New Keychain,50,nearest_month(-14mo),2,VARSITY LIFESTYLE (CONSIGNMENT)
23/01/2026,Keychain,2,College Keychain,0,exact_month,0,VARSITY LIFESTYLE (CONSIGNMENT)
25/01/2026,Keychain,44,New Keychain,50,nearest_month(-14mo),44,VARSITY LIFESTYLE (CONSIGNMENT)
25/01/2026,Keychain,44,College Keychain,0,exact_month,0,VARSITY LIFESTYLE (CONSIGNMENT)
29/01/2026,Keychain,2,New Keychain,50,nearest_month(-14mo),2,VARSITY LIFESTYLE (CONSIGNMENT)
29/01/2026,Keychain,2,College Keychain,0,exact_month,0,VARSITY LIFESTYLE (CONSIGNMENT)
30/01/2026,Keychain,3,New Keychain,50,nearest_month(-14mo),3,VARSITY LIFESTYLE (CONSIGNMENT)
30/01/2026,Keychain,3,College Keychain,0,exact_month,0,VARSITY LIFESTYLE (CONSIGNMENT)
31/01/2026,Keychain,9,New Keychain,50,nearest_month(-14mo),9,VARSITY LIFESTYLE (CONSIGNMENT)
31/01/2026,Keychain,9,College Keychain,0,exact_month,0,VARSITY LIFESTYLE (CONSIGNMENT)
01/02/2026,Keychain,58,New Keychain,50,nearest_month(-15mo),58,VARSITY LIFESTYLE (CONSIGNMENT)
01/02/2026,Keychain,58,College Keychain,0,exact_month,0,VARSITY LIFESTYLE (CONSIGNMENT)
06/02/2026,Keychain,2,New Keychain,50,nearest_month(-15mo),2,VARSITY LIFESTYLE (CONSIGNMENT)
06/02/2026,Keychain,2,College Keychain,0,exact_month,0,VARSITY LIFESTYLE (CONSIGNMENT)
12/02/2026,Keychain,2,New Keychain,50,nearest_month(-15mo),2,VARSITY LIFESTYLE (CONSIGNMENT)
12/02/2026,Keychain,2,College Keychain,0,exact_month,0,VARSITY LIFESTYLE (CONSIGNMENT)
13/02/2026,Keychain,2,New Keychain,50,nearest_month(-15mo),2,VARSITY LIFESTYLE (CONSIGNMENT)
13/02/2026,Keychain,2,College Keychain,0,exact_month,0,VARSITY LIFESTYLE (CONSIGNMENT)
16/02/2026,Keychain,2,New Keychain,50,nearest_month(-15mo),2,VARSITY LIFESTYLE (CONSIGNMENT)
16/02/2026,Keychain,2,College Keychain,0,exact_month,0,VARSITY LIFESTYLE (CONSIGNMENT)
19/02/2026,Keychain,1,New Keychain,50,nearest_month(-15mo),1,VARSITY LIFESTYLE (CONSIGNMENT)
19/02/2026,Keychain,1,College Keychain,0,exact_month,0,VARSITY LIFESTYLE (CONSIGNMENT)
20/02/2026,Keychain,2,New Keychain,50,nearest_month(-15mo),2,VARSITY LIFESTYLE (CONSIGNMENT)
20/02/2026,Keychain,2,College Keychain,0,exact_month,0,VARSITY LIFESTYLE (CONSIGNMENT)
21/02/2026,Keychain,1,New Keychain,50,nearest_month(-15mo),1,VARSITY LIFESTYLE (CONSIGNMENT)
21/02/2026,Keychain,1,College Keychain,0,exact_month,0,VARSITY LIFESTYLE (CONSIGNMENT)
27/02/2026,Keychain,2,New Keychain,50,nearest_month(-15mo),2,VARSITY LIFESTYLE (CONSIGNMENT)
27/02/2026,Keychain,2,College Keychain,0,exact_month,0,VARSITY LIFESTYLE (CONSIGNMENT)
28/02/2026,Keychain,5,New Keychain,50,nearest_month(-15mo),5,VARSITY LIFESTYLE (CONSIGNMENT)
28/02/2026,Keychain,5,College Keychain,0,exact_month,0,VARSITY LIFESTYLE (CONSIGNMENT)
02/05/2024,Lanyard,3,Varsity Lanyard,30,nearest_month(+13mo),0,USTORE
02/05/2024,Lanyard,3,Black Lanyard,310,nearest_month(+6mo),3,USTORE
02/05/2024,Lanyard,3,Generic Lanyard,25,nearest_month(+20mo),0,USTORE
04/05/2024,Lanyard,1,Varsity Lanyard,30,nearest_month(+13mo),0,USTORE
04/05/2024,Lanyard,1,Black Lanyard,310,nearest_month(+6mo),1,USTORE
04/05/2024,Lanyard,1,Generic Lanyard,25,nearest_month(+20mo),0,USTORE
04/05/2024,Lanyard,2,Varsity Lanyard,30,nearest_month(+13mo),0,VARSITY LIFE STYLE
04/05/2024,Lanyard,2,Black Lanyard,310,nearest_month(+6mo),2,VARSITY LIFE STYLE
04/05/2024,Lanyard,2,Generic Lanyard,25,nearest_month(+20mo),0,VARSITY LIFE STYLE
06/05/2024,Lanyard,10,Varsity Lanyard,30,nearest_month(+13mo),1,USTORE
06/05/2024,Lanyard,10,Black Lanyard,310,nearest_month(+6mo),8,USTORE
06/05/2024,Lanyard,10,Generic Lanyard,25,nearest_month(+20mo),1,USTORE
07/05/2024,Lanyard,3,Varsity Lanyard,30,nearest_month(+13mo),0,USTORE
07/05/2024,Lanyard,3,Black Lanyard,310,nearest_month(+6mo),3,USTORE
07/05/2024,Lanyard,3,Generic Lanyard,25,nearest_month(+20mo),0,USTORE
07/05/2024,Lanyard,1,Varsity Lanyard,30,nearest_month(+13mo),0,VARSITY LIFE STYLE
07/05/2024,Lanyard,1,Black Lanyard,310,nearest_month(+6mo),1,VARSITY LIFE STYLE
07/05/2024,Lanyard,1,Generic Lanyard,25,nearest_month(+20mo),0,VARSITY LIFE STYLE
08/05/2024,Lanyard,10,Varsity Lanyard,30,nearest_month(+13mo),1,USTORE
08/05/2024,Lanyard,10,Black Lanyard,310,nearest_month(+6mo),8,USTORE
08/05/2024,Lanyard,10,Generic Lanyard,25,nearest_month(+20mo),1,USTORE
08/05/2024,Lanyard,3,Varsity Lanyard,30,nearest_month(+13mo),0,VARSITY LIFE STYLE
08/05/2024,Lanyard,3,Black Lanyard,310,nearest_month(+6mo),3,VARSITY LIFE STYLE
08/05/2024,Lanyard,3,Generic Lanyard,25,nearest_month(+20mo),0,VARSITY LIFE STYLE
09/05/2024,Lanyard,6,Varsity Lanyard,30,nearest_month(+13mo),1,USTORE
09/05/2024,Lanyard,6,Black Lanyard,310,nearest_month(+6mo),5,USTORE
09/05/2024,Lanyard,6,Generic Lanyard,25,nearest_month(+20mo),0,USTORE
09/05/2024,Lanyard,4,Varsity Lanyard,30,nearest_month(+13mo),0,VARSITY LIFE STYLE
09/05/2024,Lanyard,4,Black Lanyard,310,nearest_month(+6mo),4,VARSITY LIFE STYLE
09/05/2024,Lanyard,4,Generic Lanyard,25,nearest_month(+20mo),0,VARSITY LIFE STYLE
10/05/2024,Lanyard,6,Varsity Lanyard,30,nearest_month(+13mo),1,USTORE
10/05/2024,Lanyard,6,Black Lanyard,310,nearest_month(+6mo),5,USTORE
10/05/2024,Lanyard,6,Generic Lanyard,25,nearest_month(+20mo),0,USTORE
13/05/2024,Lanyard,4,Varsity Lanyard,30,nearest_month(+13mo),0,USTORE
13/05/2024,Lanyard,4,Black Lanyard,310,nearest_month(+6mo),4,USTORE
13/05/2024,Lanyard,4,Generic Lanyard,25,nearest_month(+20mo),0,USTORE
13/05/2024,Lanyard,1,Varsity Lanyard,30,nearest_month(+13mo),0,VARSITY LIFE STYLE
13/05/2024,Lanyard,1,Black Lanyard,310,nearest_month(+6mo),1,VARSITY LIFE STYLE
13/05/2024,Lanyard,1,Generic Lanyard,25,nearest_month(+20mo),0,VARSITY LIFE STYLE
14/05/2024,Lanyard,8,Varsity Lanyard,30,nearest_month(+13mo),1,USTORE
14/05/2024,Lanyard,8,Black Lanyard,310,nearest_month(+6mo),7,USTORE
14/05/2024,Lanyard,8,Generic Lanyard,25,nearest_month(+20mo),0,USTORE
15/05/2024,Lanyard,13,Varsity Lanyard,30,nearest_month(+13mo),1,USTORE
15/05/2024,Lanyard,13,Black Lanyard,310,nearest_month(+6mo),11,USTORE
15/05/2024,Lanyard,13,Generic Lanyard,25,nearest_month(+20mo),1,USTORE
15/05/2024,Lanyard,1,Varsity Lanyard,30,nearest_month(+13mo),0,VARSITY LIFE STYLE
15/05/2024,Lanyard,1,Black Lanyard,310,nearest_month(+6mo),1,VARSITY LIFE STYLE
15/05/2024,Lanyard,1,Generic Lanyard,25,nearest_month(+20mo),0,VARSITY LIFE STYLE
17/05/2024,Lanyard,7,Varsity Lanyard,30,nearest_month(+13mo),1,USTORE
17/05/2024,Lanyard,7,Black Lanyard,310,nearest_month(+6mo),6,USTORE
17/05/2024,Lanyard,7,Generic Lanyard,25,nearest_month(+20mo),0,USTORE
17/05/2024,Lanyard,1,Varsity Lanyard,30,nearest_month(+13mo),0,VARSITY LIFE STYLE
17/05/2024,Lanyard,1,Black Lanyard,310,nearest_month(+6mo),1,VARSITY LIFE STYLE
17/05/2024,Lanyard,1,Generic Lanyard,25,nearest_month(+20mo),0,VARSITY LIFE STYLE
20/05/2024,Lanyard,10,Varsity Lanyard,30,nearest_month(+13mo),1,USTORE
20/05/2024,Lanyard,10,Black Lanyard,310,nearest_month(+6mo),8,USTORE
20/05/2024,Lanyard,10,Generic Lanyard,25,nearest_month(+20mo),1,USTORE
20/05/2024,Lanyard,2,Varsity Lanyard,30,nearest_month(+13mo),0,VARSITY LIFE STYLE
20/05/2024,Lanyard,2,Black Lanyard,310,nearest_month(+6mo),2,VARSITY LIFE STYLE
20/05/2024,Lanyard,2,Generic Lanyard,25,nearest_month(+20mo),0,VARSITY LIFE STYLE
21/05/2024,Lanyard,5,Varsity Lanyard,30,nearest_month(+13mo),1,USTORE
21/05/2024,Lanyard,5,Black Lanyard,310,nearest_month(+6mo),4,USTORE
21/05/2024,Lanyard,5,Generic Lanyard,25,nearest_month(+20mo),0,USTORE
22/05/2024,Lanyard,5,Varsity Lanyard,30,nearest_month(+13mo),1,USTORE
22/05/2024,Lanyard,5,Black Lanyard,310,nearest_month(+6mo),4,USTORE
22/05/2024,Lanyard,5,Generic Lanyard,25,nearest_month(+20mo),0,USTORE
23/05/2024,Lanyard,6,Varsity Lanyard,30,nearest_month(+13mo),1,USTORE
23/05/2024,Lanyard,6,Black Lanyard,310,nearest_month(+6mo),5,USTORE
23/05/2024,Lanyard,6,Generic Lanyard,25,nearest_month(+20mo),0,USTORE
24/05/2024,Lanyard,5,Varsity Lanyard,30,nearest_month(+13mo),1,USTORE
24/05/2024,Lanyard,5,Black Lanyard,310,nearest_month(+6mo),4,USTORE
24/05/2024,Lanyard,5,Generic Lanyard,25,nearest_month(+20mo),0,USTORE
27/05/2024,Lanyard,4,Varsity Lanyard,30,nearest_month(+13mo),0,USTORE
27/05/2024,Lanyard,4,Black Lanyard,310,nearest_month(+6mo),4,USTORE
27/05/2024,Lanyard,4,Generic Lanyard,25,nearest_month(+20mo),0,USTORE
28/05/2024,Lanyard,6,Varsity Lanyard,30,nearest_month(+13mo),1,USTORE
28/05/2024,Lanyard,6,Black Lanyard,310,nearest_month(+6mo),5,USTORE
28/05/2024,Lanyard,6,Generic Lanyard,25,nearest_month(+20mo),0,USTORE
28/05/2024,Lanyard,1,Varsity Lanyard,30,nearest_month(+13mo),0,VARSITY LIFE STYLE
28/05/2024,Lanyard,1,Black Lanyard,310,nearest_month(+6mo),1,VARSITY LIFE STYLE
28/05/2024,Lanyard,1,Generic Lanyard,25,nearest_month(+20mo),0,VARSITY LIFE STYLE
29/05/2024,Lanyard,1,Varsity Lanyard,30,nearest_month(+13mo),0,USTORE
29/05/2024,Lanyard,1,Black Lanyard,310,nearest_month(+6mo),1,USTORE
29/05/2024,Lanyard,1,Generic Lanyard,25,nearest_month(+20mo),0,USTORE
30/05/2024,Lanyard,1,Varsity Lanyard,30,nearest_month(+13mo),0,USTORE
30/05/2024,Lanyard,1,Black Lanyard,310,nearest_month(+6mo),1,USTORE
30/05/2024,Lanyard,1,Generic Lanyard,25,nearest_month(+20mo),0,USTORE
31/05/2024,Lanyard,3,Varsity Lanyard,30,nearest_month(+13mo),0,USTORE
31/05/2024,Lanyard,3,Black Lanyard,310,nearest_month(+6mo),3,USTORE
31/05/2024,Lanyard,3,Generic Lanyard,25,nearest_month(+20mo),0,USTORE
20/10/2024,Lanyard,9,Varsity Lanyard,30,nearest_month(+8mo),1,NEW TRENDS
20/10/2024,Lanyard,9,Black Lanyard,310,nearest_month(+1mo),8,NEW TRENDS
20/10/2024,Lanyard,9,Generic Lanyard,25,nearest_month(+15mo),0,NEW TRENDS
11/06/2025,Lanyard,1,Varsity Lanyard,30,exact_month,0,VARSITY LIFESTYLE
11/06/2025,Lanyard,1,Black Lanyard,1347,exact_month,1,VARSITY LIFESTYLE
11/06/2025,Lanyard,1,Generic Lanyard,25,nearest_month(+7mo),0,VARSITY LIFESTYLE
12/06/2025,Lanyard,1,Varsity Lanyard,30,exact_month,0,VARSITY LIFESTYLE
12/06/2025,Lanyard,1,Black Lanyard,1347,exact_month,1,VARSITY LIFESTYLE
12/06/2025,Lanyard,1,Generic Lanyard,25,nearest_month(+7mo),0,VARSITY LIFESTYLE
13/06/2025,Lanyard,1,Varsity Lanyard,30,exact_month,0,VARSITY LIFESTYLE
13/06/2025,Lanyard,1,Black Lanyard,1347,exact_month,1,VARSITY LIFESTYLE
13/06/2025,Lanyard,1,Generic Lanyard,25,nearest_month(+7mo),0,VARSITY LIFESTYLE
18/06/2025,Lanyard,2,Varsity Lanyard,30,exact_month,0,VARSITY LIFESTYLE
18/06/2025,Lanyard,2,Black Lanyard,1347,exact_month,2,VARSITY LIFESTYLE
18/06/2025,Lanyard,2,Generic Lanyard,25,nearest_month(+7mo),0,VARSITY LIFESTYLE
19/06/2025,Lanyard,1,Varsity Lanyard,30,exact_month,0,VARSITY LIFESTYLE
19/06/2025,Lanyard,1,Black Lanyard,1347,exact_month,1,VARSITY LIFESTYLE
19/06/2025,Lanyard,1,Generic Lanyard,25,nearest_month(+7mo),0,VARSITY LIFESTYLE
01/07/2025,Lanyard,2,Varsity Lanyard,21,exact_month,0,VARSITY LIFESTYLE
01/07/2025,Lanyard,2,Black Lanyard,1163,exact_month,2,VARSITY LIFESTYLE
01/07/2025,Lanyard,2,Generic Lanyard,25,nearest_month(+6mo),0,VARSITY LIFESTYLE
16/07/2025,Lanyard,3,Varsity Lanyard,21,exact_month,0,VARSITY LIFESTYLE
16/07/2025,Lanyard,3,Black Lanyard,1163,exact_month,3,VARSITY LIFESTYLE
16/07/2025,Lanyard,3,Generic Lanyard,25,nearest_month(+6mo),0,VARSITY LIFESTYLE
18/07/2025,Lanyard,1,Varsity Lanyard,21,exact_month,0,VARSITY LIFESTYLE
18/07/2025,Lanyard,1,Black Lanyard,1163,exact_month,1,VARSITY LIFESTYLE
18/07/2025,Lanyard,1,Generic Lanyard,25,nearest_month(+6mo),0,VARSITY LIFESTYLE
31/07/2025,Lanyard,1,Varsity Lanyard,21,exact_month,0,VARSITY LIFESTYLE
31/07/2025,Lanyard,1,Black Lanyard,1163,exact_month,1,VARSITY LIFESTYLE
31/07/2025,Lanyard,1,Generic Lanyard,25,nearest_month(+6mo),0,VARSITY LIFESTYLE
01/08/2025,Lanyard,3,Varsity Lanyard,13,exact_month,0,VARSITY LIFESTYLE
01/08/2025,Lanyard,3,Black Lanyard,1053,exact_month,3,VARSITY LIFESTYLE
01/08/2025,Lanyard,3,Generic Lanyard,25,nearest_month(+5mo),0,VARSITY LIFESTYLE
04/08/2025,Lanyard,5,Varsity Lanyard,13,exact_month,0,VARSITY LIFESTYLE
04/08/2025,Lanyard,5,Black Lanyard,1053,exact_month,5,VARSITY LIFESTYLE
04/08/2025,Lanyard,5,Generic Lanyard,25,nearest_month(+5mo),0,VARSITY LIFESTYLE
05/08/2025,Lanyard,2,Varsity Lanyard,13,exact_month,0,VARSITY LIFESTYLE
05/08/2025,Lanyard,2,Black Lanyard,1053,exact_month,2,VARSITY LIFESTYLE
05/08/2025,Lanyard,2,Generic Lanyard,25,nearest_month(+5mo),0,VARSITY LIFESTYLE
06/08/2025,Lanyard,4,Varsity Lanyard,13,exact_month,0,VARSITY LIFESTYLE
06/08/2025,Lanyard,4,Black Lanyard,1053,exact_month,4,VARSITY LIFESTYLE
06/08/2025,Lanyard,4,Generic Lanyard,25,nearest_month(+5mo),0,VARSITY LIFESTYLE
19/10/2025,Lanyard,27,Varsity Lanyard,13,nearest_month(-2mo),0,VARSITY LIFESTYLE
19/10/2025,Lanyard,27,Black Lanyard,1482,exact_month,26,VARSITY LIFESTYLE
19/10/2025,Lanyard,27,Generic Lanyard,25,nearest_month(+3mo),1,VARSITY LIFESTYLE
23/10/2025,Lanyard,2,Varsity Lanyard,13,nearest_month(-2mo),0,VARSITY LIFESTYLE
23/10/2025,Lanyard,2,Black Lanyard,1482,exact_month,2,VARSITY LIFESTYLE
23/10/2025,Lanyard,2,Generic Lanyard,25,nearest_month(+3mo),0,VARSITY LIFESTYLE
24/10/2025,Lanyard,3,Varsity Lanyard,13,nearest_month(-2mo),0,VARSITY LIFESTYLE
24/10/2025,Lanyard,3,Black Lanyard,1482,exact_month,3,VARSITY LIFESTYLE
24/10/2025,Lanyard,3,Generic Lanyard,25,nearest_month(+3mo),0,VARSITY LIFESTYLE
27/10/2025,Lanyard,5,Varsity Lanyard,13,nearest_month(-2mo),0,VARSITY LIFESTYLE
27/10/2025,Lanyard,5,Black Lanyard,1482,exact_month,5,VARSITY LIFESTYLE
27/10/2025,Lanyard,5,Generic Lanyard,25,nearest_month(+3mo),0,VARSITY LIFESTYLE
28/10/2025,Lanyard,5,Varsity Lanyard,13,nearest_month(-2mo),0,VARSITY LIFESTYLE
28/10/2025,Lanyard,5,Black Lanyard,1482,exact_month,5,VARSITY LIFESTYLE
28/10/2025,Lanyard,5,Generic Lanyard,25,nearest_month(+3mo),0,VARSITY LIFESTYLE
29/10/2025,Lanyard,3,Varsity Lanyard,13,nearest_month(-2mo),0,VARSITY LIFESTYLE
29/10/2025,Lanyard,3,Black Lanyard,1482,exact_month,3,VARSITY LIFESTYLE
29/10/2025,Lanyard,3,Generic Lanyard,25,nearest_month(+3mo),0,VARSITY LIFESTYLE
05/11/2025,Lanyard,1,Varsity Lanyard,13,nearest_month(-3mo),0,VARSITY LIFESTYLE (CONSIGNMENT)
05/11/2025,Lanyard,1,Black Lanyard,900,exact_month,1,VARSITY LIFESTYLE (CONSIGNMENT)
05/11/2025,Lanyard,1,Generic Lanyard,25,nearest_month(+2mo),0,VARSITY LIFESTYLE (CONSIGNMENT)
06/11/2025,Lanyard,2,Varsity Lanyard,13,nearest_month(-3mo),0,VARSITY LIFESTYLE (CONSIGNMENT)
06/11/2025,Lanyard,2,Black Lanyard,900,exact_month,2,VARSITY LIFESTYLE (CONSIGNMENT)
06/11/2025,Lanyard,2,Generic Lanyard,25,nearest_month(+2mo),0,VARSITY LIFESTYLE (CONSIGNMENT)
07/11/2025,Lanyard,1,Varsity Lanyard,13,nearest_month(-3mo),0,VARSITY LIFESTYLE (CONSIGNMENT)
07/11/2025,Lanyard,1,Black Lanyard,900,exact_month,1,VARSITY LIFESTYLE (CONSIGNMENT)
07/11/2025,Lanyard,1,Generic Lanyard,25,nearest_month(+2mo),0,VARSITY LIFESTYLE (CONSIGNMENT)
12/11/2025,Lanyard,1,Varsity Lanyard,13,nearest_month(-3mo),0,VARSITY LIFESTYLE (CONSIGNMENT)
12/11/2025,Lanyard,1,Black Lanyard,900,exact_month,1,VARSITY LIFESTYLE (CONSIGNMENT)
12/11/2025,Lanyard,1,Generic Lanyard,25,nearest_month(+2mo),0,VARSITY LIFESTYLE (CONSIGNMENT)
13/11/2025,Lanyard,2,Varsity Lanyard,13,nearest_month(-3mo),0,VARSITY LIFESTYLE (CONSIGNMENT)
13/11/2025,Lanyard,2,Black Lanyard,900,exact_month,2,VARSITY LIFESTYLE (CONSIGNMENT)
13/11/2025,Lanyard,2,Generic Lanyard,25,nearest_month(+2mo),0,VARSITY LIFESTYLE (CONSIGNMENT)
14/11/2025,Lanyard,4,Varsity Lanyard,13,nearest_month(-3mo),0,VARSITY LIFESTYLE (CONSIGNMENT)
14/11/2025,Lanyard,4,Black Lanyard,900,exact_month,4,VARSITY LIFESTYLE (CONSIGNMENT)
14/11/2025,Lanyard,4,Generic Lanyard,25,nearest_month(+2mo),0,VARSITY LIFESTYLE (CONSIGNMENT)
19/11/2025,Lanyard,1,Varsity Lanyard,13,nearest_month(-3mo),0,VARSITY LIFESTYLE (CONSIGNMENT)
19/11/2025,Lanyard,1,Black Lanyard,900,exact_month,1,VARSITY LIFESTYLE (CONSIGNMENT)
19/11/2025,Lanyard,1,Generic Lanyard,25,nearest_month(+2mo),0,VARSITY LIFESTYLE (CONSIGNMENT)
20/11/2025,Lanyard,1,Varsity Lanyard,13,nearest_month(-3mo),0,VARSITY LIFESTYLE (CONSIGNMENT)
20/11/2025,Lanyard,1,Black Lanyard,900,exact_month,1,VARSITY LIFESTYLE (CONSIGNMENT)
20/11/2025,Lanyard,1,Generic Lanyard,25,nearest_month(+2mo),0,VARSITY LIFESTYLE (CONSIGNMENT)
21/11/2025,Lanyard,1,Varsity Lanyard,13,nearest_month(-3mo),0,VARSITY LIFESTYLE (CONSIGNMENT)
21/11/2025,Lanyard,1,Black Lanyard,900,exact_month,1,VARSITY LIFESTYLE (CONSIGNMENT)
21/11/2025,Lanyard,1,Generic Lanyard,25,nearest_month(+2mo),0,VARSITY LIFESTYLE (CONSIGNMENT)
22/11/2025,Lanyard,2,Varsity Lanyard,13,nearest_month(-3mo),0,VARSITY LIFESTYLE (CONSIGNMENT)
22/11/2025,Lanyard,2,Black Lanyard,900,exact_month,2,VARSITY LIFESTYLE (CONSIGNMENT)
22/11/2025,Lanyard,2,Generic Lanyard,25,nearest_month(+2mo),0,VARSITY LIFESTYLE (CONSIGNMENT)
27/11/2025,Lanyard,4,Varsity Lanyard,13,nearest_month(-3mo),0,VARSITY LIFESTYLE (CONSIGNMENT)
27/11/2025,Lanyard,4,Black Lanyard,900,exact_month,4,VARSITY LIFESTYLE (CONSIGNMENT)
27/11/2025,Lanyard,4,Generic Lanyard,25,nearest_month(+2mo),0,VARSITY LIFESTYLE (CONSIGNMENT)
30/11/2025,Lanyard,3,Varsity Lanyard,13,nearest_month(-3mo),0,VARSITY LIFESTYLE (CONSIGNMENT)
30/11/2025,Lanyard,3,Black Lanyard,900,exact_month,3,VARSITY LIFESTYLE (CONSIGNMENT)
30/11/2025,Lanyard,3,Generic Lanyard,25,nearest_month(+2mo),0,VARSITY LIFESTYLE (CONSIGNMENT)
02/12/2025,Lanyard,2,Varsity Lanyard,13,nearest_month(-4mo),0,VARSITY LIFESTYLE (CONSIGNMENT)
02/12/2025,Lanyard,2,Black Lanyard,620,exact_month,2,VARSITY LIFESTYLE (CONSIGNMENT)
02/12/2025,Lanyard,2,Generic Lanyard,25,nearest_month(+1mo),0,VARSITY LIFESTYLE (CONSIGNMENT)
03/12/2025,Lanyard,4,Varsity Lanyard,13,nearest_month(-4mo),0,VARSITY LIFESTYLE (CONSIGNMENT)
03/12/2025,Lanyard,4,Black Lanyard,620,exact_month,4,VARSITY LIFESTYLE (CONSIGNMENT)
03/12/2025,Lanyard,4,Generic Lanyard,25,nearest_month(+1mo),0,VARSITY LIFESTYLE (CONSIGNMENT)
07/12/2025,Lanyard,101,Varsity Lanyard,13,nearest_month(-4mo),2,VARSITY LIFESTYLE (CONSIGNMENT)
07/12/2025,Lanyard,101,Black Lanyard,620,exact_month,95,VARSITY LIFESTYLE (CONSIGNMENT)
07/12/2025,Lanyard,101,Generic Lanyard,25,nearest_month(+1mo),4,VARSITY LIFESTYLE (CONSIGNMENT)
10/12/2025,Lanyard,2,Varsity Lanyard,13,nearest_month(-4mo),0,VARSITY LIFESTYLE (CONSIGNMENT)
10/12/2025,Lanyard,2,Black Lanyard,620,exact_month,2,VARSITY LIFESTYLE (CONSIGNMENT)
10/12/2025,Lanyard,2,Generic Lanyard,25,nearest_month(+1mo),0,VARSITY LIFESTYLE (CONSIGNMENT)
11/12/2025,Lanyard,2,Varsity Lanyard,13,nearest_month(-4mo),0,VARSITY LIFESTYLE (CONSIGNMENT)
11/12/2025,Lanyard,2,Black Lanyard,620,exact_month,2,VARSITY LIFESTYLE (CONSIGNMENT)
11/12/2025,Lanyard,2,Generic Lanyard,25,nearest_month(+1mo),0,VARSITY LIFESTYLE (CONSIGNMENT)
12/12/2025,Lanyard,3,Varsity Lanyard,13,nearest_month(-4mo),0,VARSITY LIFESTYLE (CONSIGNMENT)
12/12/2025,Lanyard,3,Black Lanyard,620,exact_month,3,VARSITY LIFESTYLE (CONSIGNMENT)
12/12/2025,Lanyard,3,Generic Lanyard,25,nearest_month(+1mo),0,VARSITY LIFESTYLE (CONSIGNMENT)
13/12/2025,Lanyard,1,Varsity Lanyard,13,nearest_month(-4mo),0,VARSITY LIFESTYLE (CONSIGNMENT)
13/12/2025,Lanyard,1,Black Lanyard,620,exact_month,1,VARSITY LIFESTYLE (CONSIGNMENT)
13/12/2025,Lanyard,1,Generic Lanyard,25,nearest_month(+1mo),0,VARSITY LIFESTYLE (CONSIGNMENT)
15/12/2025,Lanyard,1,Varsity Lanyard,13,nearest_month(-4mo),0,VARSITY LIFESTYLE (CONSIGNMENT)
15/12/2025,Lanyard,1,Black Lanyard,620,exact_month,1,VARSITY LIFESTYLE (CONSIGNMENT)
15/12/2025,Lanyard,1,Generic Lanyard,25,nearest_month(+1mo),0,VARSITY LIFESTYLE (CONSIGNMENT)
16/12/2025,Lanyard,2,Varsity Lanyard,13,nearest_month(-4mo),0,VARSITY LIFESTYLE (CONSIGNMENT)
16/12/2025,Lanyard,2,Black Lanyard,620,exact_month,2,VARSITY LIFESTYLE (CONSIGNMENT)
16/12/2025,Lanyard,2,Generic Lanyard,25,nearest_month(+1mo),0,VARSITY LIFESTYLE (CONSIGNMENT)
17/12/2025,Lanyard,4,Varsity Lanyard,13,nearest_month(-4mo),0,VARSITY LIFESTYLE (CONSIGNMENT)
17/12/2025,Lanyard,4,Black Lanyard,620,exact_month,4,VARSITY LIFESTYLE (CONSIGNMENT)
17/12/2025,Lanyard,4,Generic Lanyard,25,nearest_month(+1mo),0,VARSITY LIFESTYLE (CONSIGNMENT)
18/12/2025,Lanyard,1,Varsity Lanyard,13,nearest_month(-4mo),0,VARSITY LIFESTYLE (CONSIGNMENT)
18/12/2025,Lanyard,1,Black Lanyard,620,exact_month,1,VARSITY LIFESTYLE (CONSIGNMENT)
18/12/2025,Lanyard,1,Generic Lanyard,25,nearest_month(+1mo),0,VARSITY LIFESTYLE (CONSIGNMENT)
12/01/2026,Lanyard,1,Varsity Lanyard,13,nearest_month(-5mo),0,VARSITY LIFESTYLE (CONSIGNMENT)
12/01/2026,Lanyard,1,Black Lanyard,72,exact_month,1,VARSITY LIFESTYLE (CONSIGNMENT)
12/01/2026,Lanyard,1,Generic Lanyard,25,exact_month,0,VARSITY LIFESTYLE (CONSIGNMENT)
14/01/2026,Lanyard,1,Varsity Lanyard,13,nearest_month(-5mo),0,VARSITY LIFESTYLE (CONSIGNMENT)
14/01/2026,Lanyard,1,Black Lanyard,72,exact_month,1,VARSITY LIFESTYLE (CONSIGNMENT)
14/01/2026,Lanyard,1,Generic Lanyard,25,exact_month,0,VARSITY LIFESTYLE (CONSIGNMENT)
15/01/2026,Lanyard,2,Varsity Lanyard,13,nearest_month(-5mo),0,VARSITY LIFESTYLE (CONSIGNMENT)
15/01/2026,Lanyard,2,Black Lanyard,72,exact_month,1,VARSITY LIFESTYLE (CONSIGNMENT)
15/01/2026,Lanyard,2,Generic Lanyard,25,exact_month,1,VARSITY LIFESTYLE (CONSIGNMENT)
16/01/2026,Lanyard,2,Varsity Lanyard,13,nearest_month(-5mo),0,VARSITY LIFESTYLE (CONSIGNMENT)
16/01/2026,Lanyard,2,Black Lanyard,72,exact_month,1,VARSITY LIFESTYLE (CONSIGNMENT)
16/01/2026,Lanyard,2,Generic Lanyard,25,exact_month,1,VARSITY LIFESTYLE (CONSIGNMENT)
17/01/2026,Lanyard,1,Varsity Lanyard,13,nearest_month(-5mo),0,VARSITY LIFESTYLE (CONSIGNMENT)
17/01/2026,Lanyard,1,Black Lanyard,72,exact_month,1,VARSITY LIFESTYLE (CONSIGNMENT)
17/01/2026,Lanyard,1,Generic Lanyard,25,exact_month,0,VARSITY LIFESTYLE (CONSIGNMENT)
19/01/2026,Lanyard,1,Varsity Lanyard,13,nearest_month(-5mo),0,VARSITY LIFESTYLE (CONSIGNMENT)
19/01/2026,Lanyard,1,Black Lanyard,72,exact_month,1,VARSITY LIFESTYLE (CONSIGNMENT)
19/01/2026,Lanyard,1,Generic Lanyard,25,exact_month,0,VARSITY LIFESTYLE (CONSIGNMENT)
20/01/2026,Lanyard,2,Varsity Lanyard,13,nearest_month(-5mo),0,VARSITY LIFESTYLE (CONSIGNMENT)
20/01/2026,Lanyard,2,Black Lanyard,72,exact_month,1,VARSITY LIFESTYLE (CONSIGNMENT)
20/01/2026,Lanyard,2,Generic Lanyard,25,exact_month,1,VARSITY LIFESTYLE (CONSIGNMENT)
22/01/2026,Lanyard,3,Varsity Lanyard,13,nearest_month(-5mo),0,VARSITY LIFESTYLE (CONSIGNMENT)
22/01/2026,Lanyard,3,Black Lanyard,72,exact_month,2,VARSITY LIFESTYLE (CONSIGNMENT)
22/01/2026,Lanyard,3,Generic Lanyard,25,exact_month,1,VARSITY LIFESTYLE (CONSIGNMENT)
23/01/2026,Lanyard,2,Varsity Lanyard,13,nearest_month(-5mo),0,VARSITY LIFESTYLE (CONSIGNMENT)
23/01/2026,Lanyard,2,Black Lanyard,72,exact_month,1,VARSITY LIFESTYLE (CONSIGNMENT)
23/01/2026,Lanyard,2,Generic Lanyard,25,exact_month,1,VARSITY LIFESTYLE (CONSIGNMENT)
25/01/2026,Lanyard,74,Varsity Lanyard,13,nearest_month(-5mo),9,VARSITY LIFESTYLE (CONSIGNMENT)
25/01/2026,Lanyard,74,Black Lanyard,72,exact_month,48,VARSITY LIFESTYLE (CONSIGNMENT)
25/01/2026,Lanyard,74,Generic Lanyard,25,exact_month,17,VARSITY LIFESTYLE (CONSIGNMENT)
27/01/2026,Lanyard,1,Varsity Lanyard,13,nearest_month(-5mo),0,VARSITY LIFESTYLE (CONSIGNMENT)
27/01/2026,Lanyard,1,Black Lanyard,72,exact_month,1,VARSITY LIFESTYLE (CONSIGNMENT)
27/01/2026,Lanyard,1,Generic Lanyard,25,exact_month,0,VARSITY LIFESTYLE (CONSIGNMENT)
30/01/2026,Lanyard,2,Varsity Lanyard,13,nearest_month(-5mo),0,VARSITY LIFESTYLE (CONSIGNMENT)
30/01/2026,Lanyard,2,Black Lanyard,72,exact_month,1,VARSITY LIFESTYLE (CONSIGNMENT)
30/01/2026,Lanyard,2,Generic Lanyard,25,exact_month,1,VARSITY LIFESTYLE (CONSIGNMENT)
01/02/2026,Lanyard,82,Varsity Lanyard,13,nearest_month(-6mo),1,VARSITY LIFESTYLE (CONSIGNMENT)
01/02/2026,Lanyard,82,Black Lanyard,1541,exact_month,79,VARSITY LIFESTYLE (CONSIGNMENT)
01/02/2026,Lanyard,82,Generic Lanyard,47,exact_month,2,VARSITY LIFESTYLE (CONSIGNMENT)
05/02/2026,Lanyard,2,Varsity Lanyard,13,nearest_month(-6mo),0,VARSITY LIFESTYLE (CONSIGNMENT)
05/02/2026,Lanyard,2,Black Lanyard,1541,exact_month,2,VARSITY LIFESTYLE (CONSIGNMENT)
05/02/2026,Lanyard,2,Generic Lanyard,47,exact_month,0,VARSITY LIFESTYLE (CONSIGNMENT)
06/02/2026,Lanyard,1,Varsity Lanyard,13,nearest_month(-6mo),0,VARSITY LIFESTYLE (CONSIGNMENT)
06/02/2026,Lanyard,1,Black Lanyard,1541,exact_month,1,VARSITY LIFESTYLE (CONSIGNMENT)
06/02/2026,Lanyard,1,Generic Lanyard,47,exact_month,0,VARSITY LIFESTYLE (CONSIGNMENT)
07/02/2026,Lanyard,3,Varsity Lanyard,13,nearest_month(-6mo),0,VARSITY LIFESTYLE (CONSIGNMENT)
07/02/2026,Lanyard,3,Black Lanyard,1541,exact_month,3,VARSITY LIFESTYLE (CONSIGNMENT)
07/02/2026,Lanyard,3,Generic Lanyard,47,exact_month,0,VARSITY LIFESTYLE (CONSIGNMENT)
09/02/2026,Lanyard,2,Varsity Lanyard,13,nearest_month(-6mo),0,VARSITY LIFESTYLE (CONSIGNMENT)
09/02/2026,Lanyard,2,Black Lanyard,1541,exact_month,2,VARSITY LIFESTYLE (CONSIGNMENT)
09/02/2026,Lanyard,2,Generic Lanyard,47,exact_month,0,VARSITY LIFESTYLE (CONSIGNMENT)
10/02/2026,Lanyard,1,Varsity Lanyard,13,nearest_month(-6mo),0,VARSITY LIFESTYLE (CONSIGNMENT)
10/02/2026,Lanyard,1,Black Lanyard,1541,exact_month,1,VARSITY LIFESTYLE (CONSIGNMENT)
10/02/2026,Lanyard,1,Generic Lanyard,47,exact_month,0,VARSITY LIFESTYLE (CONSIGNMENT)
11/02/2026,Lanyard,1,Varsity Lanyard,13,nearest_month(-6mo),0,VARSITY LIFESTYLE (CONSIGNMENT)
11/02/2026,Lanyard,1,Black Lanyard,1541,exact_month,1,VARSITY LIFESTYLE (CONSIGNMENT)
11/02/2026,Lanyard,1,Generic Lanyard,47,exact_month,0,VARSITY LIFESTYLE (CONSIGNMENT)
12/02/2026,Lanyard,9,Varsity Lanyard,13,nearest_month(-6mo),0,VARSITY LIFESTYLE (CONSIGNMENT)
12/02/2026,Lanyard,9,Black Lanyard,1541,exact_month,9,VARSITY LIFESTYLE (CONSIGNMENT)
12/02/2026,Lanyard,9,Generic Lanyard,47,exact_month,0,VARSITY LIFESTYLE (CONSIGNMENT)
14/02/2026,Lanyard,2,Varsity Lanyard,13,nearest_month(-6mo),0,VARSITY LIFESTYLE (CONSIGNMENT)
14/02/2026,Lanyard,2,Black Lanyard,1541,exact_month,2,VARSITY LIFESTYLE (CONSIGNMENT)
14/02/2026,Lanyard,2,Generic Lanyard,47,exact_month,0,VARSITY LIFESTYLE (CONSIGNMENT)
16/02/2026,Lanyard,3,Varsity Lanyard,13,nearest_month(-6mo),0,VARSITY LIFESTYLE (CONSIGNMENT)
16/02/2026,Lanyard,3,Black Lanyard,1541,exact_month,3,VARSITY LIFESTYLE (CONSIGNMENT)
16/02/2026,Lanyard,3,Generic Lanyard,47,exact_month,0,VARSITY LIFESTYLE (CONSIGNMENT)
19/02/2026,Lanyard,6,Varsity Lanyard,13,nearest_month(-6mo),0,VARSITY LIFESTYLE (CONSIGNMENT)
19/02/2026,Lanyard,6,Black Lanyard,1541,exact_month,6,VARSITY LIFESTYLE (CONSIGNMENT)
19/02/2026,Lanyard,6,Generic Lanyard,47,exact_month,0,VARSITY LIFESTYLE (CONSIGNMENT)
24/02/2026,Lanyard,1,Varsity Lanyard,13,nearest_month(-6mo),0,VARSITY LIFESTYLE (CONSIGNMENT)
24/02/2026,Lanyard,1,Black Lanyard,1541,exact_month,1,VARSITY LIFESTYLE (CONSIGNMENT)
24/02/2026,Lanyard,1,Generic Lanyard,47,exact_month,0,VARSITY LIFESTYLE (CONSIGNMENT)
28/02/2026,Lanyard,13,Varsity Lanyard,13,nearest_month(-6mo),0,VARSITY LIFESTYLE (CONSIGNMENT)
28/02/2026,Lanyard,13,Black Lanyard,1541,exact_month,13,VARSITY LIFESTYLE (CONSIGNMENT)
28/02/2026,Lanyard,13,Generic Lanyard,47,exact_month,0,VARSITY LIFESTYLE (CONSIGNMENT)
09/03/2026,Lanyard,4,Varsity Lanyard,13,nearest_month(-7mo),0,VARSITY LIFESTYLE (CONSIGNMENT)
09/03/2026,Lanyard,4,Black Lanyard,980,exact_month,4,VARSITY LIFESTYLE (CONSIGNMENT)
09/03/2026,Lanyard,4,Generic Lanyard,12,exact_month,0,VARSITY LIFESTYLE (CONSIGNMENT)
13/03/2026,Lanyard,1,Varsity Lanyard,13,nearest_month(-7mo),0,VARSITY LIFESTYLE (CONSIGNMENT)
13/03/2026,Lanyard,1,Black Lanyard,980,exact_month,1,VARSITY LIFESTYLE (CONSIGNMENT)
13/03/2026,Lanyard,1,Generic Lanyard,12,exact_month,0,VARSITY LIFESTYLE (CONSIGNMENT)
14/03/2026,Lanyard,3,Varsity Lanyard,13,nearest_month(-7mo),0,VARSITY LIFESTYLE (CONSIGNMENT)
14/03/2026,Lanyard,3,Black Lanyard,980,exact_month,3,VARSITY LIFESTYLE (CONSIGNMENT)
14/03/2026,Lanyard,3,Generic Lanyard,12,exact_month,0,VARSITY LIFESTYLE (CONSIGNMENT)
16/03/2026,Lanyard,1,Varsity Lanyard,13,nearest_month(-7mo),0,VARSITY LIFESTYLE (CONSIGNMENT)
16/03/2026,Lanyard,1,Black Lanyard,980,exact_month,1,VARSITY LIFESTYLE (CONSIGNMENT)
16/03/2026,Lanyard,1,Generic Lanyard,12,exact_month,0,VARSITY LIFESTYLE (CONSIGNMENT)
23/03/2026,Lanyard,2,Varsity Lanyard,13,nearest_month(-7mo),0,VARSITY LIFESTYLE (CONSIGNMENT)
23/03/2026,Lanyard,2,Black Lanyard,980,exact_month,2,VARSITY LIFESTYLE (CONSIGNMENT)
23/03/2026,Lanyard,2,Generic Lanyard,12,exact_month,0,VARSITY LIFESTYLE (CONSIGNMENT)
24/03/2026,Lanyard,1,Varsity Lanyard,13,nearest_month(-7mo),0,VARSITY LIFESTYLE (CONSIGNMENT)
24/03/2026,Lanyard,1,Black Lanyard,980,exact_month,1,VARSITY LIFESTYLE (CONSIGNMENT)
24/03/2026,Lanyard,1,Generic Lanyard,12,exact_month,0,VARSITY LIFESTYLE (CONSIGNMENT)
25/03/2026,Lanyard,10,Varsity Lanyard,13,nearest_month(-7mo),0,VARSITY LIFESTYLE (CONSIGNMENT)
25/03/2026,Lanyard,10,Black Lanyard,980,exact_month,10,VARSITY LIFESTYLE (CONSIGNMENT)
25/03/2026,Lanyard,10,Generic Lanyard,12,exact_month,0,VARSITY LIFESTYLE (CONSIGNMENT)
29/03/2026,Lanyard,2,Varsity Lanyard,13,nearest_month(-7mo),0,VARSITY LIFESTYLE (CONSIGNMENT)
29/03/2026,Lanyard,2,Black Lanyard,980,exact_month,2,VARSITY LIFESTYLE (CONSIGNMENT)
29/03/2026,Lanyard,2,Generic Lanyard,12,exact_month,0,VARSITY LIFESTYLE (CONSIGNMENT)
05/05/2026,Lanyard,1,Varsity Lanyard,13,nearest_month(-9mo),1,VARSITY LIFESTYLE (CONSIGNMENT)
05/05/2026,Lanyard,1,Black Lanyard,0,nearest_month(-1mo),0,VARSITY LIFESTYLE (CONSIGNMENT)
05/05/2026,Lanyard,1,Generic Lanyard,0,nearest_month(-1mo),0,VARSITY LIFESTYLE (CONSIGNMENT)
06/05/2026,Lanyard,4,Varsity Lanyard,13,nearest_month(-9mo),4,VARSITY LIFESTYLE (CONSIGNMENT)
06/05/2026,Lanyard,4,Black Lanyard,0,nearest_month(-1mo),0,VARSITY LIFESTYLE (CONSIGNMENT)
06/05/2026,Lanyard,4,Generic Lanyard,0,nearest_month(-1mo),0,VARSITY LIFESTYLE (CONSIGNMENT)
07/05/2026,Lanyard,1,Varsity Lanyard,13,nearest_month(-9mo),1,VARSITY LIFESTYLE (CONSIGNMENT)
07/05/2026,Lanyard,1,Black Lanyard,0,nearest_month(-1mo),0,VARSITY LIFESTYLE (CONSIGNMENT)
07/05/2026,Lanyard,1,Generic Lanyard,0,nearest_month(-1mo),0,VARSITY LIFESTYLE (CONSIGNMENT)
09/05/2026,Lanyard,7,Varsity Lanyard,13,nearest_month(-9mo),7,VARSITY LIFESTYLE (CONSIGNMENT)
09/05/2026,Lanyard,7,Black Lanyard,0,nearest_month(-1mo),0,VARSITY LIFESTYLE (CONSIGNMENT)
09/05/2026,Lanyard,7,Generic Lanyard,0,nearest_month(-1mo),0,VARSITY LIFESTYLE (CONSIGNMENT)
12/05/2026,Lanyard,1,Varsity Lanyard,13,nearest_month(-9mo),1,VARSITY LIFESTYLE (CONSIGNMENT)
12/05/2026,Lanyard,1,Black Lanyard,0,nearest_month(-1mo),0,VARSITY LIFESTYLE (CONSIGNMENT)
12/05/2026,Lanyard,1,Generic Lanyard,0,nearest_month(-1mo),0,VARSITY LIFESTYLE (CONSIGNMENT)
13/05/2026,Lanyard,1,Varsity Lanyard,13,nearest_month(-9mo),1,VARSITY LIFESTYLE (CONSIGNMENT)
13/05/2026,Lanyard,1,Black Lanyard,0,nearest_month(-1mo),0,VARSITY LIFESTYLE (CONSIGNMENT)
13/05/2026,Lanyard,1,Generic Lanyard,0,nearest_month(-1mo),0,VARSITY LIFESTYLE (CONSIGNMENT)
14/05/2026,Lanyard,2,Varsity Lanyard,13,nearest_month(-9mo),2,VARSITY LIFESTYLE (CONSIGNMENT)
14/05/2026,Lanyard,2,Black Lanyard,0,nearest_month(-1mo),0,VARSITY LIFESTYLE (CONSIGNMENT)
14/05/2026,Lanyard,2,Generic Lanyard,0,nearest_month(-1mo),0,VARSITY LIFESTYLE (CONSIGNMENT)
15/05/2026,Lanyard,1,Varsity Lanyard,13,nearest_month(-9mo),1,VARSITY LIFESTYLE (CONSIGNMENT)
15/05/2026,Lanyard,1,Black Lanyard,0,nearest_month(-1mo),0,VARSITY LIFESTYLE (CONSIGNMENT)
15/05/2026,Lanyard,1,Generic Lanyard,0,nearest_month(-1mo),0,VARSITY LIFESTYLE (CONSIGNMENT)
20/05/2026,Lanyard,2,Varsity Lanyard,13,nearest_month(-9mo),2,VARSITY LIFESTYLE (CONSIGNMENT)
20/05/2026,Lanyard,2,Black Lanyard,0,nearest_month(-1mo),0,VARSITY LIFESTYLE (CONSIGNMENT)
20/05/2026,Lanyard,2,Generic Lanyard,0,nearest_month(-1mo),0,VARSITY LIFESTYLE (CONSIGNMENT)
21/05/2026,Lanyard,2,Varsity Lanyard,13,nearest_month(-9mo),2,VARSITY LIFESTYLE (CONSIGNMENT)
21/05/2026,Lanyard,2,Black Lanyard,0,nearest_month(-1mo),0,VARSITY LIFESTYLE (CONSIGNMENT)
21/05/2026,Lanyard,2,Generic Lanyard,0,nearest_month(-1mo),0,VARSITY LIFESTYLE (CONSIGNMENT)
23/05/2026,Lanyard,11,Varsity Lanyard,13,nearest_month(-9mo),11,VARSITY LIFESTYLE (CONSIGNMENT)
23/05/2026,Lanyard,11,Black Lanyard,0,nearest_month(-1mo),0,VARSITY LIFESTYLE (CONSIGNMENT)
23/05/2026,Lanyard,11,Generic Lanyard,0,nearest_month(-1mo),0,VARSITY LIFESTYLE (CONSIGNMENT)
28/05/2026,Lanyard,2,Varsity Lanyard,13,nearest_month(-9mo),2,VARSITY LIFESTYLE (CONSIGNMENT)
28/05/2026,Lanyard,2,Black Lanyard,0,nearest_month(-1mo),0,VARSITY LIFESTYLE (CONSIGNMENT)
28/05/2026,Lanyard,2,Generic Lanyard,0,nearest_month(-1mo),0,VARSITY LIFESTYLE (CONSIGNMENT)
29/05/2026,Lanyard,3,Varsity Lanyard,13,nearest_month(-9mo),3,VARSITY LIFESTYLE (CONSIGNMENT)
29/05/2026,Lanyard,3,Black Lanyard,0,nearest_month(-1mo),0,VARSITY LIFESTYLE (CONSIGNMENT)
29/05/2026,Lanyard,3,Generic Lanyard,0,nearest_month(-1mo),0,VARSITY LIFESTYLE (CONSIGNMENT)
01/06/2026,Lanyard,2,Varsity Lanyard,13,nearest_month(-10mo),2,VARSITY LIFESTYLE (CONSIGNMENT)
01/06/2026,Lanyard,2,Black Lanyard,0,nearest_month(-2mo),0,VARSITY LIFESTYLE (CONSIGNMENT)
01/06/2026,Lanyard,2,Generic Lanyard,0,nearest_month(-2mo),0,VARSITY LIFESTYLE (CONSIGNMENT)
02/06/2026,Lanyard,1,Varsity Lanyard,13,nearest_month(-10mo),1,VARSITY LIFESTYLE (CONSIGNMENT)
02/06/2026,Lanyard,1,Black Lanyard,0,nearest_month(-2mo),0,VARSITY LIFESTYLE (CONSIGNMENT)
02/06/2026,Lanyard,1,Generic Lanyard,0,nearest_month(-2mo),0,VARSITY LIFESTYLE (CONSIGNMENT)
03/06/2026,Lanyard,1,Varsity Lanyard,13,nearest_month(-10mo),1,VARSITY LIFESTYLE (CONSIGNMENT)
03/06/2026,Lanyard,1,Black Lanyard,0,nearest_month(-2mo),0,VARSITY LIFESTYLE (CONSIGNMENT)
03/06/2026,Lanyard,1,Generic Lanyard,0,nearest_month(-2mo),0,VARSITY LIFESTYLE (CONSIGNMENT)
04/06/2026,Lanyard,2,Varsity Lanyard,13,nearest_month(-10mo),2,VARSITY LIFESTYLE (CONSIGNMENT)
04/06/2026,Lanyard,2,Black Lanyard,0,nearest_month(-2mo),0,VARSITY LIFESTYLE (CONSIGNMENT)
04/06/2026,Lanyard,2,Generic Lanyard,0,nearest_month(-2mo),0,VARSITY LIFESTYLE (CONSIGNMENT)
05/06/2026,Lanyard,2,Varsity Lanyard,13,nearest_month(-10mo),2,VARSITY LIFESTYLE (CONSIGNMENT)
05/06/2026,Lanyard,2,Black Lanyard,0,nearest_month(-2mo),0,VARSITY LIFESTYLE (CONSIGNMENT)
05/06/2026,Lanyard,2,Generic Lanyard,0,nearest_month(-2mo),0,VARSITY LIFESTYLE (CONSIGNMENT)
08/06/2026,Lanyard,1,Varsity Lanyard,13,nearest_month(-10mo),1,VARSITY LIFESTYLE (CONSIGNMENT)
08/06/2026,Lanyard,1,Black Lanyard,0,nearest_month(-2mo),0,VARSITY LIFESTYLE (CONSIGNMENT)
08/06/2026,Lanyard,1,Generic Lanyard,0,nearest_month(-2mo),0,VARSITY LIFESTYLE (CONSIGNMENT)
09/06/2026,Lanyard,2,Varsity Lanyard,13,nearest_month(-10mo),2,VARSITY LIFESTYLE (CONSIGNMENT)
09/06/2026,Lanyard,2,Black Lanyard,0,nearest_month(-2mo),0,VARSITY LIFESTYLE (CONSIGNMENT)
09/06/2026,Lanyard,2,Generic Lanyard,0,nearest_month(-2mo),0,VARSITY LIFESTYLE (CONSIGNMENT)
11/06/2026,Lanyard,1,Varsity Lanyard,13,nearest_month(-10mo),1,VARSITY LIFESTYLE (CONSIGNMENT)
11/06/2026,Lanyard,1,Black Lanyard,0,nearest_month(-2mo),0,VARSITY LIFESTYLE (CONSIGNMENT)
11/06/2026,Lanyard,1,Generic Lanyard,0,nearest_month(-2mo),0,VARSITY LIFESTYLE (CONSIGNMENT)
13/06/2026,Lanyard,1,Varsity Lanyard,13,nearest_month(-10mo),1,VARSITY LIFESTYLE (CONSIGNMENT)
13/06/2026,Lanyard,1,Black Lanyard,0,nearest_month(-2mo),0,VARSITY LIFESTYLE (CONSIGNMENT)
13/06/2026,Lanyard,1,Generic Lanyard,0,nearest_month(-2mo),0,VARSITY LIFESTYLE (CONSIGNMENT)
15/06/2026,Lanyard,26,Varsity Lanyard,13,nearest_month(-10mo),26,VARSITY LIFESTYLE (CONSIGNMENT)
15/06/2026,Lanyard,26,Black Lanyard,0,nearest_month(-2mo),0,VARSITY LIFESTYLE (CONSIGNMENT)
15/06/2026,Lanyard,26,Generic Lanyard,0,nearest_month(-2mo),0,VARSITY LIFESTYLE (CONSIGNMENT)
17/06/2026,Lanyard,6,Varsity Lanyard,13,nearest_month(-10mo),6,VARSITY LIFESTYLE (CONSIGNMENT)
17/06/2026,Lanyard,6,Black Lanyard,0,nearest_month(-2mo),0,VARSITY LIFESTYLE (CONSIGNMENT)
17/06/2026,Lanyard,6,Generic Lanyard,0,nearest_month(-2mo),0,VARSITY LIFESTYLE (CONSIGNMENT)
18/06/2026,Lanyard,4,Varsity Lanyard,13,nearest_month(-10mo),4,VARSITY LIFESTYLE (CONSIGNMENT)
18/06/2026,Lanyard,4,Black Lanyard,0,nearest_month(-2mo),0,VARSITY LIFESTYLE (CONSIGNMENT)
18/06/2026,Lanyard,4,Generic Lanyard,0,nearest_month(-2mo),0,VARSITY LIFESTYLE (CONSIGNMENT)
19/06/2026,Lanyard,4,Varsity Lanyard,13,nearest_month(-10mo),4,VARSITY LIFESTYLE (CONSIGNMENT)
19/06/2026,Lanyard,4,Black Lanyard,0,nearest_month(-2mo),0,VARSITY LIFESTYLE (CONSIGNMENT)
19/06/2026,Lanyard,4,Generic Lanyard,0,nearest_month(-2mo),0,VARSITY LIFESTYLE (CONSIGNMENT)
23/06/2026,Lanyard,3,Varsity Lanyard,13,nearest_month(-10mo),3,VARSITY LIFESTYLE (CONSIGNMENT)
23/06/2026,Lanyard,3,Black Lanyard,0,nearest_month(-2mo),0,VARSITY LIFESTYLE (CONSIGNMENT)
23/06/2026,Lanyard,3,Generic Lanyard,0,nearest_month(-2mo),0,VARSITY LIFESTYLE (CONSIGNMENT)
25/06/2026,Lanyard,18,Varsity Lanyard,13,nearest_month(-10mo),18,VARSITY LIFESTYLE (CONSIGNMENT)
25/06/2026,Lanyard,18,Black Lanyard,0,nearest_month(-2mo),0,VARSITY LIFESTYLE (CONSIGNMENT)
25/06/2026,Lanyard,18,Generic Lanyard,0,nearest_month(-2mo),0,VARSITY LIFESTYLE (CONSIGNMENT)
26/06/2026,Lanyard,3,Varsity Lanyard,13,nearest_month(-10mo),3,VARSITY LIFESTYLE (CONSIGNMENT)
26/06/2026,Lanyard,3,Black Lanyard,0,nearest_month(-2mo),0,VARSITY LIFESTYLE (CONSIGNMENT)
26/06/2026,Lanyard,3,Generic Lanyard,0,nearest_month(-2mo),0,VARSITY LIFESTYLE (CONSIGNMENT)
29/06/2026,Lanyard,1,Varsity Lanyard,13,nearest_month(-10mo),1,VARSITY LIFESTYLE (CONSIGNMENT)
29/06/2026,Lanyard,1,Black Lanyard,0,nearest_month(-2mo),0,VARSITY LIFESTYLE (CONSIGNMENT)
29/06/2026,Lanyard,1,Generic Lanyard,0,nearest_month(-2mo),0,VARSITY LIFESTYLE (CONSIGNMENT)
30/06/2026,Lanyard,1,Varsity Lanyard,13,nearest_month(-10mo),1,VARSITY LIFESTYLE (CONSIGNMENT)
30/06/2026,Lanyard,1,Black Lanyard,0,nearest_month(-2mo),0,VARSITY LIFESTYLE (CONSIGNMENT)
30/06/2026,Lanyard,1,Generic Lanyard,0,nearest_month(-2mo),0,VARSITY LIFESTYLE (CONSIGNMENT)
14/05/2024,Laptop Bag,1,Pure Black Laptop Bag,35,nearest_month(+6mo),1,NAPOLIZ
14/05/2024,Laptop Bag,1,Yellow Laptop Bag,24,nearest_month(+6mo),0,NAPOLIZ
14/05/2024,Laptop Bag,1,Black Laptop Bag,1,nearest_month(+6mo),0,NAPOLIZ
14/05/2024,Laptop Bag,1,Yelow Laptop Bag,6,nearest_month(+6mo),0,NAPOLIZ
06/08/2024,Laptop Bag,1,Pure Black Laptop Bag,35,nearest_month(+3mo),1,NAPOLIZ ENTERPRISES
06/08/2024,Laptop Bag,1,Yellow Laptop Bag,24,nearest_month(+3mo),0,NAPOLIZ ENTERPRISES
06/08/2024,Laptop Bag,1,Black Laptop Bag,1,nearest_month(+3mo),0,NAPOLIZ ENTERPRISES
06/08/2024,Laptop Bag,1,Yelow Laptop Bag,6,nearest_month(+3mo),0,NAPOLIZ ENTERPRISES
01/10/2024,Laptop Bag,1,Pure Black Laptop Bag,35,nearest_month(+1mo),1,NAPOLIZ ENTERPRISES
01/10/2024,Laptop Bag,1,Yellow Laptop Bag,24,nearest_month(+1mo),0,NAPOLIZ ENTERPRISES
01/10/2024,Laptop Bag,1,Black Laptop Bag,1,nearest_month(+1mo),0,NAPOLIZ ENTERPRISES
01/10/2024,Laptop Bag,1,Yelow Laptop Bag,6,nearest_month(+1mo),0,NAPOLIZ ENTERPRISES
07/10/2024,Laptop Bag,1,Pure Black Laptop Bag,35,nearest_month(+1mo),1,NAPOLIZ ENTERPRISES
07/10/2024,Laptop Bag,1,Yellow Laptop Bag,24,nearest_month(+1mo),0,NAPOLIZ ENTERPRISES
07/10/2024,Laptop Bag,1,Black Laptop Bag,1,nearest_month(+1mo),0,NAPOLIZ ENTERPRISES
07/10/2024,Laptop Bag,1,Yelow Laptop Bag,6,nearest_month(+1mo),0,NAPOLIZ ENTERPRISES
16/10/2024,Laptop Bag,1,Pure Black Laptop Bag,35,nearest_month(+1mo),1,NAPOLIZ ENTERPRISES
16/10/2024,Laptop Bag,1,Yellow Laptop Bag,24,nearest_month(+1mo),0,NAPOLIZ ENTERPRISES
16/10/2024,Laptop Bag,1,Black Laptop Bag,1,nearest_month(+1mo),0,NAPOLIZ ENTERPRISES
16/10/2024,Laptop Bag,1,Yelow Laptop Bag,6,nearest_month(+1mo),0,NAPOLIZ ENTERPRISES
18/10/2024,Laptop Bag,1,Pure Black Laptop Bag,35,nearest_month(+1mo),1,NAPOLIZ ENTERPRISES
18/10/2024,Laptop Bag,1,Yellow Laptop Bag,24,nearest_month(+1mo),0,NAPOLIZ ENTERPRISES
18/10/2024,Laptop Bag,1,Black Laptop Bag,1,nearest_month(+1mo),0,NAPOLIZ ENTERPRISES
18/10/2024,Laptop Bag,1,Yelow Laptop Bag,6,nearest_month(+1mo),0,NAPOLIZ ENTERPRISES
20/11/2024,Laptop Bag,1,Pure Black Laptop Bag,35,exact_month,1,NAPOLIZ
20/11/2024,Laptop Bag,1,Yellow Laptop Bag,24,exact_month,0,NAPOLIZ
20/11/2024,Laptop Bag,1,Black Laptop Bag,1,exact_month,0,NAPOLIZ
20/11/2024,Laptop Bag,1,Yelow Laptop Bag,6,exact_month,0,NAPOLIZ
06/12/2024,Laptop Bag,1,Pure Black Laptop Bag,35,nearest_month(-1mo),1,NAPOLIZ ENTERPRISES
06/12/2024,Laptop Bag,1,Yellow Laptop Bag,24,nearest_month(-1mo),0,NAPOLIZ ENTERPRISES
06/12/2024,Laptop Bag,1,Black Laptop Bag,12,exact_month,0,NAPOLIZ ENTERPRISES
06/12/2024,Laptop Bag,1,Yelow Laptop Bag,7,exact_month,0,NAPOLIZ ENTERPRISES
15/03/2025,Laptop Bag,1,Pure Black Laptop Bag,35,nearest_month(-4mo),1,NAPOLIZ ENTERPRISES
15/03/2025,Laptop Bag,1,Yellow Laptop Bag,24,nearest_month(-4mo),0,NAPOLIZ ENTERPRISES
15/03/2025,Laptop Bag,1,Black Laptop Bag,10,exact_month,0,NAPOLIZ ENTERPRISES
15/03/2025,Laptop Bag,1,Yelow Laptop Bag,6,exact_month,0,NAPOLIZ ENTERPRISES
11/04/2025,Laptop Bag,1,Pure Black Laptop Bag,35,nearest_month(-5mo),1,NAPOLIZ ENTERPRISES
11/04/2025,Laptop Bag,1,Yellow Laptop Bag,24,nearest_month(-5mo),0,NAPOLIZ ENTERPRISES
11/04/2025,Laptop Bag,1,Black Laptop Bag,9,exact_month,0,NAPOLIZ ENTERPRISES
11/04/2025,Laptop Bag,1,Yelow Laptop Bag,6,exact_month,0,NAPOLIZ ENTERPRISES
30/04/2025,Laptop Bag,1,Pure Black Laptop Bag,35,nearest_month(-5mo),1,NAPOLIZ ENTERPRISES
30/04/2025,Laptop Bag,1,Yellow Laptop Bag,24,nearest_month(-5mo),0,NAPOLIZ ENTERPRISES
30/04/2025,Laptop Bag,1,Black Laptop Bag,9,exact_month,0,NAPOLIZ ENTERPRISES
30/04/2025,Laptop Bag,1,Yelow Laptop Bag,6,exact_month,0,NAPOLIZ ENTERPRISES
27/05/2025,Laptop Bag,1,Pure Black Laptop Bag,35,nearest_month(-6mo),1,NAPOLIZ ENTERPRISES
27/05/2025,Laptop Bag,1,Yellow Laptop Bag,24,nearest_month(-6mo),0,NAPOLIZ ENTERPRISES
27/05/2025,Laptop Bag,1,Black Laptop Bag,8,exact_month,0,NAPOLIZ ENTERPRISES
27/05/2025,Laptop Bag,1,Yelow Laptop Bag,5,exact_month,0,NAPOLIZ ENTERPRISES
14/06/2025,Laptop Bag,1,Pure Black Laptop Bag,35,nearest_month(-7mo),1,NAPOLIZ ENTERPRISES
14/06/2025,Laptop Bag,1,Yellow Laptop Bag,24,nearest_month(-7mo),0,NAPOLIZ ENTERPRISES
14/06/2025,Laptop Bag,1,Black Laptop Bag,10,exact_month,0,NAPOLIZ ENTERPRISES
14/06/2025,Laptop Bag,1,Yelow Laptop Bag,5,exact_month,0,NAPOLIZ ENTERPRISES
11/08/2025,Laptop Bag,1,Pure Black Laptop Bag,35,nearest_month(-9mo),1,NAPOLIZ ENTERPRISES
11/08/2025,Laptop Bag,1,Yellow Laptop Bag,24,nearest_month(-9mo),0,NAPOLIZ ENTERPRISES
11/08/2025,Laptop Bag,1,Black Laptop Bag,8,exact_month,0,NAPOLIZ ENTERPRISES
11/08/2025,Laptop Bag,1,Yelow Laptop Bag,5,exact_month,0,NAPOLIZ ENTERPRISES
07/11/2025,Laptop Bag,5,Pure Black Laptop Bag,35,nearest_month(-12mo),2,NAPOLIZ ENTERPRISES (CONSIGNMENT)
07/11/2025,Laptop Bag,5,Yellow Laptop Bag,24,nearest_month(-12mo),2,NAPOLIZ ENTERPRISES (CONSIGNMENT)
07/11/2025,Laptop Bag,5,Black Laptop Bag,7,exact_month,0,NAPOLIZ ENTERPRISES (CONSIGNMENT)
07/11/2025,Laptop Bag,5,Yelow Laptop Bag,8,exact_month,1,NAPOLIZ ENTERPRISES (CONSIGNMENT)
27/01/2026,Laptop Bag,1,Pure Black Laptop Bag,35,nearest_month(-14mo),1,NAPOLIZ ENTERPRISES (CONSIGNMENT)
27/01/2026,Laptop Bag,1,Yellow Laptop Bag,24,nearest_month(-14mo),0,NAPOLIZ ENTERPRISES (CONSIGNMENT)
27/01/2026,Laptop Bag,1,Black Laptop Bag,7,exact_month,0,NAPOLIZ ENTERPRISES (CONSIGNMENT)
27/01/2026,Laptop Bag,1,Yelow Laptop Bag,3,exact_month,0,NAPOLIZ ENTERPRISES (CONSIGNMENT)
15/06/2026,Laptop Bag,2,Pure Black Laptop Bag,35,nearest_month(-19mo),1,NAPOLIZ ENTERPRISES (CONSIGNMENT)
15/06/2026,Laptop Bag,2,Yellow Laptop Bag,24,nearest_month(-19mo),1,NAPOLIZ ENTERPRISES (CONSIGNMENT)
15/06/2026,Laptop Bag,2,Black Laptop Bag,6,nearest_month(-2mo),0,NAPOLIZ ENTERPRISES (CONSIGNMENT)
15/06/2026,Laptop Bag,2,Yelow Laptop Bag,3,nearest_month(-2mo),0,NAPOLIZ ENTERPRISES (CONSIGNMENT)
19/06/2026,Laptop Bag,1,Pure Black Laptop Bag,35,nearest_month(-19mo),1,NAPOLIZ ENTERPRISES (CONSIGNMENT)
19/06/2026,Laptop Bag,1,Yellow Laptop Bag,24,nearest_month(-19mo),0,NAPOLIZ ENTERPRISES (CONSIGNMENT)
19/06/2026,Laptop Bag,1,Black Laptop Bag,6,nearest_month(-2mo),0,NAPOLIZ ENTERPRISES (CONSIGNMENT)
19/06/2026,Laptop Bag,1,Yelow Laptop Bag,3,nearest_month(-2mo),0,NAPOLIZ ENTERPRISES (CONSIGNMENT)
23/06/2026,Laptop Bag,1,Pure Black Laptop Bag,35,nearest_month(-19mo),1,NAPOLIZ ENTERPRISES (CONSIGNMENT)
23/06/2026,Laptop Bag,1,Yellow Laptop Bag,24,nearest_month(-19mo),0,NAPOLIZ ENTERPRISES (CONSIGNMENT)
23/06/2026,Laptop Bag,1,Black Laptop Bag,6,nearest_month(-2mo),0,NAPOLIZ ENTERPRISES (CONSIGNMENT)
23/06/2026,Laptop Bag,1,Yelow Laptop Bag,3,nearest_month(-2mo),0,NAPOLIZ ENTERPRISES (CONSIGNMENT)
10/05/2024,Long Sticker,1,College Long Sticker,0,nearest_month(+8mo),0,VARSITY LIFE STYLE
10/05/2024,Long Sticker,1,UST Long Sticker,29,nearest_month(+7mo),1,VARSITY LIFE STYLE
10/05/2024,Long Sticker,1,Varsity Long Sticker,20,nearest_month(+12mo),0,VARSITY LIFE STYLE
15/05/2024,Long Sticker,1,College Long Sticker,0,nearest_month(+8mo),0,VARSITY LIFE STYLE
15/05/2024,Long Sticker,1,UST Long Sticker,29,nearest_month(+7mo),1,VARSITY LIFE STYLE
15/05/2024,Long Sticker,1,Varsity Long Sticker,20,nearest_month(+12mo),0,VARSITY LIFE STYLE
20/05/2024,Long Sticker,1,College Long Sticker,0,nearest_month(+8mo),0,VARSITY LIFE STYLE
20/05/2024,Long Sticker,1,UST Long Sticker,29,nearest_month(+7mo),1,VARSITY LIFE STYLE
20/05/2024,Long Sticker,1,Varsity Long Sticker,20,nearest_month(+12mo),0,VARSITY LIFE STYLE
27/05/2024,Long Sticker,2,College Long Sticker,0,nearest_month(+8mo),0,VARSITY LIFE STYLE
27/05/2024,Long Sticker,2,UST Long Sticker,29,nearest_month(+7mo),1,VARSITY LIFE STYLE
27/05/2024,Long Sticker,2,Varsity Long Sticker,20,nearest_month(+12mo),1,VARSITY LIFE STYLE
31/05/2024,Long Sticker,2,College Long Sticker,0,nearest_month(+8mo),0,VARSITY LIFE STYLE
31/05/2024,Long Sticker,2,UST Long Sticker,29,nearest_month(+7mo),1,VARSITY LIFE STYLE
31/05/2024,Long Sticker,2,Varsity Long Sticker,20,nearest_month(+12mo),1,VARSITY LIFE STYLE
06/08/2024,Long Sticker,5,College Long Sticker,0,nearest_month(+5mo),0,NEW TRENDS
06/08/2024,Long Sticker,5,UST Long Sticker,29,nearest_month(+4mo),3,NEW TRENDS
06/08/2024,Long Sticker,5,Varsity Long Sticker,20,nearest_month(+9mo),2,NEW TRENDS
13/08/2024,Long Sticker,3,College Long Sticker,0,nearest_month(+5mo),0,NEW TRENDS
13/08/2024,Long Sticker,3,UST Long Sticker,29,nearest_month(+4mo),2,NEW TRENDS
13/08/2024,Long Sticker,3,Varsity Long Sticker,20,nearest_month(+9mo),1,NEW TRENDS
16/08/2024,Long Sticker,4,College Long Sticker,0,nearest_month(+5mo),0,NEW TRENDS
16/08/2024,Long Sticker,4,UST Long Sticker,29,nearest_month(+4mo),2,NEW TRENDS
16/08/2024,Long Sticker,4,Varsity Long Sticker,20,nearest_month(+9mo),2,NEW TRENDS
09/10/2024,Long Sticker,1,College Long Sticker,0,nearest_month(+3mo),0,NEW TRENDS
09/10/2024,Long Sticker,1,UST Long Sticker,29,nearest_month(+2mo),1,NEW TRENDS
09/10/2024,Long Sticker,1,Varsity Long Sticker,20,nearest_month(+7mo),0,NEW TRENDS
11/10/2024,Long Sticker,2,College Long Sticker,0,nearest_month(+3mo),0,NEW TRENDS
11/10/2024,Long Sticker,2,UST Long Sticker,29,nearest_month(+2mo),1,NEW TRENDS
11/10/2024,Long Sticker,2,Varsity Long Sticker,20,nearest_month(+7mo),1,NEW TRENDS
05/11/2024,Long Sticker,1,College Long Sticker,0,nearest_month(+2mo),0,NEW TRENDS
05/11/2024,Long Sticker,1,UST Long Sticker,29,nearest_month(+1mo),1,NEW TRENDS
05/11/2024,Long Sticker,1,Varsity Long Sticker,20,nearest_month(+6mo),0,NEW TRENDS
07/11/2024,Long Sticker,7,College Long Sticker,0,nearest_month(+2mo),0,NEW TRENDS
07/11/2024,Long Sticker,7,UST Long Sticker,29,nearest_month(+1mo),4,NEW TRENDS
07/11/2024,Long Sticker,7,Varsity Long Sticker,20,nearest_month(+6mo),3,NEW TRENDS
08/11/2024,Long Sticker,1,College Long Sticker,0,nearest_month(+2mo),0,NEW TRENDS
08/11/2024,Long Sticker,1,UST Long Sticker,29,nearest_month(+1mo),1,NEW TRENDS
08/11/2024,Long Sticker,1,Varsity Long Sticker,20,nearest_month(+6mo),0,NEW TRENDS
15/05/2025,Long Sticker,3,College Long Sticker,0,exact_month,0,VARSITY LIFESTYLE
15/05/2025,Long Sticker,3,UST Long Sticker,9,exact_month,1,VARSITY LIFESTYLE
15/05/2025,Long Sticker,3,Varsity Long Sticker,20,exact_month,2,VARSITY LIFESTYLE
16/05/2025,Long Sticker,2,College Long Sticker,0,exact_month,0,VARSITY LIFESTYLE
16/05/2025,Long Sticker,2,UST Long Sticker,9,exact_month,1,VARSITY LIFESTYLE
16/05/2025,Long Sticker,2,Varsity Long Sticker,20,exact_month,1,VARSITY LIFESTYLE
21/05/2025,Long Sticker,1,College Long Sticker,0,exact_month,0,VARSITY LIFESTYLE
21/05/2025,Long Sticker,1,UST Long Sticker,9,exact_month,0,VARSITY LIFESTYLE
21/05/2025,Long Sticker,1,Varsity Long Sticker,20,exact_month,1,VARSITY LIFESTYLE
22/05/2025,Long Sticker,1,College Long Sticker,0,exact_month,0,VARSITY LIFESTYLE
22/05/2025,Long Sticker,1,UST Long Sticker,9,exact_month,0,VARSITY LIFESTYLE
22/05/2025,Long Sticker,1,Varsity Long Sticker,20,exact_month,1,VARSITY LIFESTYLE
31/05/2025,Long Sticker,1,College Long Sticker,0,exact_month,0,VARSITY LIFESTYLE
31/05/2025,Long Sticker,1,UST Long Sticker,9,exact_month,0,VARSITY LIFESTYLE
31/05/2025,Long Sticker,1,Varsity Long Sticker,20,exact_month,1,VARSITY LIFESTYLE
02/06/2025,Long Sticker,2,College Long Sticker,0,exact_month,0,VARSITY LIFESTYLE
02/06/2025,Long Sticker,2,UST Long Sticker,74,exact_month,2,VARSITY LIFESTYLE
02/06/2025,Long Sticker,2,Varsity Long Sticker,11,exact_month,0,VARSITY LIFESTYLE
04/06/2025,Long Sticker,2,College Long Sticker,0,exact_month,0,VARSITY LIFESTYLE
04/06/2025,Long Sticker,2,UST Long Sticker,74,exact_month,2,VARSITY LIFESTYLE
04/06/2025,Long Sticker,2,Varsity Long Sticker,11,exact_month,0,VARSITY LIFESTYLE
07/06/2025,Long Sticker,1,College Long Sticker,0,exact_month,0,VARSITY LIFESTYLE
07/06/2025,Long Sticker,1,UST Long Sticker,74,exact_month,1,VARSITY LIFESTYLE
07/06/2025,Long Sticker,1,Varsity Long Sticker,11,exact_month,0,VARSITY LIFESTYLE
09/06/2025,Long Sticker,5,College Long Sticker,0,exact_month,0,VARSITY LIFESTYLE
09/06/2025,Long Sticker,5,UST Long Sticker,74,exact_month,4,VARSITY LIFESTYLE
09/06/2025,Long Sticker,5,Varsity Long Sticker,11,exact_month,1,VARSITY LIFESTYLE
25/06/2025,Long Sticker,1,College Long Sticker,0,exact_month,0,VARSITY LIFESTYLE
25/06/2025,Long Sticker,1,UST Long Sticker,74,exact_month,1,VARSITY LIFESTYLE
25/06/2025,Long Sticker,1,Varsity Long Sticker,11,exact_month,0,VARSITY LIFESTYLE
16/07/2025,Long Sticker,1,College Long Sticker,0,exact_month,0,VARSITY LIFESTYLE
16/07/2025,Long Sticker,1,UST Long Sticker,130,exact_month,1,VARSITY LIFESTYLE
16/07/2025,Long Sticker,1,Varsity Long Sticker,1,exact_month,0,VARSITY LIFESTYLE
13/11/2025,Long Sticker,1,College Long Sticker,0,exact_month,0,VARSITY LIFESTYLE (CONSIGNMENT)
13/11/2025,Long Sticker,1,UST Long Sticker,19,exact_month,0,VARSITY LIFESTYLE (CONSIGNMENT)
13/11/2025,Long Sticker,1,Varsity Long Sticker,100,exact_month,1,VARSITY LIFESTYLE (CONSIGNMENT)
30/11/2025,Long Sticker,2,College Long Sticker,0,exact_month,0,VARSITY LIFESTYLE (CONSIGNMENT)
30/11/2025,Long Sticker,2,UST Long Sticker,19,exact_month,0,VARSITY LIFESTYLE (CONSIGNMENT)
30/11/2025,Long Sticker,2,Varsity Long Sticker,100,exact_month,2,VARSITY LIFESTYLE (CONSIGNMENT)
02/12/2025,Long Sticker,1,College Long Sticker,0,exact_month,0,VARSITY LIFESTYLE (CONSIGNMENT)
02/12/2025,Long Sticker,1,UST Long Sticker,3,exact_month,0,VARSITY LIFESTYLE (CONSIGNMENT)
02/12/2025,Long Sticker,1,Varsity Long Sticker,97,exact_month,1,VARSITY LIFESTYLE (CONSIGNMENT)
07/12/2025,Long Sticker,13,College Long Sticker,0,exact_month,0,VARSITY LIFESTYLE (CONSIGNMENT)
07/12/2025,Long Sticker,13,UST Long Sticker,3,exact_month,0,VARSITY LIFESTYLE (CONSIGNMENT)
07/12/2025,Long Sticker,13,Varsity Long Sticker,97,exact_month,13,VARSITY LIFESTYLE (CONSIGNMENT)
10/12/2025,Long Sticker,1,College Long Sticker,0,exact_month,0,VARSITY LIFESTYLE (CONSIGNMENT)
10/12/2025,Long Sticker,1,UST Long Sticker,3,exact_month,0,VARSITY LIFESTYLE (CONSIGNMENT)
10/12/2025,Long Sticker,1,Varsity Long Sticker,97,exact_month,1,VARSITY LIFESTYLE (CONSIGNMENT)
11/12/2025,Long Sticker,1,College Long Sticker,0,exact_month,0,VARSITY LIFESTYLE (CONSIGNMENT)
11/12/2025,Long Sticker,1,UST Long Sticker,3,exact_month,0,VARSITY LIFESTYLE (CONSIGNMENT)
11/12/2025,Long Sticker,1,Varsity Long Sticker,97,exact_month,1,VARSITY LIFESTYLE (CONSIGNMENT)
16/12/2025,Long Sticker,1,College Long Sticker,0,exact_month,0,VARSITY LIFESTYLE (CONSIGNMENT)
16/12/2025,Long Sticker,1,UST Long Sticker,3,exact_month,0,VARSITY LIFESTYLE (CONSIGNMENT)
16/12/2025,Long Sticker,1,Varsity Long Sticker,97,exact_month,1,VARSITY LIFESTYLE (CONSIGNMENT)
18/12/2025,Long Sticker,8,College Long Sticker,0,exact_month,0,VARSITY LIFESTYLE (CONSIGNMENT)
18/12/2025,Long Sticker,8,UST Long Sticker,3,exact_month,0,VARSITY LIFESTYLE (CONSIGNMENT)
18/12/2025,Long Sticker,8,Varsity Long Sticker,97,exact_month,8,VARSITY LIFESTYLE (CONSIGNMENT)
13/01/2026,Long Sticker,1,College Long Sticker,0,exact_month,0,VARSITY LIFESTYLE (CONSIGNMENT)
13/01/2026,Long Sticker,1,UST Long Sticker,1,exact_month,0,VARSITY LIFESTYLE (CONSIGNMENT)
13/01/2026,Long Sticker,1,Varsity Long Sticker,72,exact_month,1,VARSITY LIFESTYLE (CONSIGNMENT)
14/01/2026,Long Sticker,1,College Long Sticker,0,exact_month,0,VARSITY LIFESTYLE (CONSIGNMENT)
14/01/2026,Long Sticker,1,UST Long Sticker,1,exact_month,0,VARSITY LIFESTYLE (CONSIGNMENT)
14/01/2026,Long Sticker,1,Varsity Long Sticker,72,exact_month,1,VARSITY LIFESTYLE (CONSIGNMENT)
16/01/2026,Long Sticker,2,College Long Sticker,0,exact_month,0,VARSITY LIFESTYLE (CONSIGNMENT)
16/01/2026,Long Sticker,2,UST Long Sticker,1,exact_month,0,VARSITY LIFESTYLE (CONSIGNMENT)
16/01/2026,Long Sticker,2,Varsity Long Sticker,72,exact_month,2,VARSITY LIFESTYLE (CONSIGNMENT)
17/01/2026,Long Sticker,1,College Long Sticker,0,exact_month,0,VARSITY LIFESTYLE (CONSIGNMENT)
17/01/2026,Long Sticker,1,UST Long Sticker,1,exact_month,0,VARSITY LIFESTYLE (CONSIGNMENT)
17/01/2026,Long Sticker,1,Varsity Long Sticker,72,exact_month,1,VARSITY LIFESTYLE (CONSIGNMENT)
20/01/2026,Long Sticker,1,College Long Sticker,0,exact_month,0,VARSITY LIFESTYLE (CONSIGNMENT)
20/01/2026,Long Sticker,1,UST Long Sticker,1,exact_month,0,VARSITY LIFESTYLE (CONSIGNMENT)
20/01/2026,Long Sticker,1,Varsity Long Sticker,72,exact_month,1,VARSITY LIFESTYLE (CONSIGNMENT)
25/01/2026,Long Sticker,3,College Long Sticker,0,exact_month,0,VARSITY LIFESTYLE (CONSIGNMENT)
25/01/2026,Long Sticker,3,UST Long Sticker,1,exact_month,0,VARSITY LIFESTYLE (CONSIGNMENT)
25/01/2026,Long Sticker,3,Varsity Long Sticker,72,exact_month,3,VARSITY LIFESTYLE (CONSIGNMENT)
31/01/2026,Long Sticker,3,College Long Sticker,0,exact_month,0,VARSITY LIFESTYLE (CONSIGNMENT)
31/01/2026,Long Sticker,3,UST Long Sticker,1,exact_month,0,VARSITY LIFESTYLE (CONSIGNMENT)
31/01/2026,Long Sticker,3,Varsity Long Sticker,72,exact_month,3,VARSITY LIFESTYLE (CONSIGNMENT)
06/02/2026,Long Sticker,12,College Long Sticker,0,exact_month,0,VARSITY LIFESTYLE (CONSIGNMENT)
06/02/2026,Long Sticker,12,UST Long Sticker,113,exact_month,4,VARSITY LIFESTYLE (CONSIGNMENT)
06/02/2026,Long Sticker,12,Varsity Long Sticker,210,exact_month,8,VARSITY LIFESTYLE (CONSIGNMENT)
16/02/2026,Long Sticker,1,College Long Sticker,0,exact_month,0,VARSITY LIFESTYLE (CONSIGNMENT)
16/02/2026,Long Sticker,1,UST Long Sticker,113,exact_month,0,VARSITY LIFESTYLE (CONSIGNMENT)
16/02/2026,Long Sticker,1,Varsity Long Sticker,210,exact_month,1,VARSITY LIFESTYLE (CONSIGNMENT)
19/02/2026,Long Sticker,2,College Long Sticker,0,exact_month,0,VARSITY LIFESTYLE (CONSIGNMENT)
19/02/2026,Long Sticker,2,UST Long Sticker,113,exact_month,1,VARSITY LIFESTYLE (CONSIGNMENT)
19/02/2026,Long Sticker,2,Varsity Long Sticker,210,exact_month,1,VARSITY LIFESTYLE (CONSIGNMENT)
27/02/2026,Long Sticker,2,College Long Sticker,0,exact_month,0,VARSITY LIFESTYLE (CONSIGNMENT)
27/02/2026,Long Sticker,2,UST Long Sticker,113,exact_month,1,VARSITY LIFESTYLE (CONSIGNMENT)
27/02/2026,Long Sticker,2,Varsity Long Sticker,210,exact_month,1,VARSITY LIFESTYLE (CONSIGNMENT)
09/03/2026,Long Sticker,2,College Long Sticker,0,exact_month,0,VARSITY LIFESTYLE (CONSIGNMENT)
09/03/2026,Long Sticker,2,UST Long Sticker,94,exact_month,1,VARSITY LIFESTYLE (CONSIGNMENT)
09/03/2026,Long Sticker,2,Varsity Long Sticker,204,exact_month,1,VARSITY LIFESTYLE (CONSIGNMENT)
25/03/2026,Long Sticker,1,College Long Sticker,0,exact_month,0,VARSITY LIFESTYLE (CONSIGNMENT)
25/03/2026,Long Sticker,1,UST Long Sticker,94,exact_month,0,VARSITY LIFESTYLE (CONSIGNMENT)
25/03/2026,Long Sticker,1,Varsity Long Sticker,204,exact_month,1,VARSITY LIFESTYLE (CONSIGNMENT)
08/04/2026,Long Sticker,1,College Long Sticker,0,equal_split,1,VARSITY LIFESTYLE (CONSIGNMENT)
08/04/2026,Long Sticker,1,UST Long Sticker,0,equal_split,0,VARSITY LIFESTYLE (CONSIGNMENT)
08/04/2026,Long Sticker,1,Varsity Long Sticker,0,equal_split,0,VARSITY LIFESTYLE (CONSIGNMENT)
10/04/2026,Long Sticker,1,College Long Sticker,0,equal_split,1,VARSITY LIFESTYLE (CONSIGNMENT)
10/04/2026,Long Sticker,1,UST Long Sticker,0,equal_split,0,VARSITY LIFESTYLE (CONSIGNMENT)
10/04/2026,Long Sticker,1,Varsity Long Sticker,0,equal_split,0,VARSITY LIFESTYLE (CONSIGNMENT)
11/04/2026,Long Sticker,1,College Long Sticker,0,equal_split,1,VARSITY LIFESTYLE (CONSIGNMENT)
11/04/2026,Long Sticker,1,UST Long Sticker,0,equal_split,0,VARSITY LIFESTYLE (CONSIGNMENT)
11/04/2026,Long Sticker,1,Varsity Long Sticker,0,equal_split,0,VARSITY LIFESTYLE (CONSIGNMENT)
22/04/2026,Long Sticker,1,College Long Sticker,0,equal_split,1,VARSITY LIFESTYLE (CONSIGNMENT)
22/04/2026,Long Sticker,1,UST Long Sticker,0,equal_split,0,VARSITY LIFESTYLE (CONSIGNMENT)
22/04/2026,Long Sticker,1,Varsity Long Sticker,0,equal_split,0,VARSITY LIFESTYLE (CONSIGNMENT)
24/04/2026,Long Sticker,1,College Long Sticker,0,equal_split,1,VARSITY LIFESTYLE (CONSIGNMENT)
24/04/2026,Long Sticker,1,UST Long Sticker,0,equal_split,0,VARSITY LIFESTYLE (CONSIGNMENT)
24/04/2026,Long Sticker,1,Varsity Long Sticker,0,equal_split,0,VARSITY LIFESTYLE (CONSIGNMENT)
12/05/2026,Long Sticker,2,College Long Sticker,0,equal_split,1,VARSITY LIFESTYLE (CONSIGNMENT)
12/05/2026,Long Sticker,2,UST Long Sticker,0,equal_split,1,VARSITY LIFESTYLE (CONSIGNMENT)
12/05/2026,Long Sticker,2,Varsity Long Sticker,0,equal_split,0,VARSITY LIFESTYLE (CONSIGNMENT)
19/05/2026,Long Sticker,1,College Long Sticker,0,equal_split,1,VARSITY LIFESTYLE (CONSIGNMENT)
19/05/2026,Long Sticker,1,UST Long Sticker,0,equal_split,0,VARSITY LIFESTYLE (CONSIGNMENT)
19/05/2026,Long Sticker,1,Varsity Long Sticker,0,equal_split,0,VARSITY LIFESTYLE (CONSIGNMENT)
21/05/2026,Long Sticker,2,College Long Sticker,0,equal_split,1,VARSITY LIFESTYLE (CONSIGNMENT)
21/05/2026,Long Sticker,2,UST Long Sticker,0,equal_split,1,VARSITY LIFESTYLE (CONSIGNMENT)
21/05/2026,Long Sticker,2,Varsity Long Sticker,0,equal_split,0,VARSITY LIFESTYLE (CONSIGNMENT)
30/05/2026,Long Sticker,1,College Long Sticker,0,equal_split,1,VARSITY LIFESTYLE (CONSIGNMENT)
30/05/2026,Long Sticker,1,UST Long Sticker,0,equal_split,0,VARSITY LIFESTYLE (CONSIGNMENT)
30/05/2026,Long Sticker,1,Varsity Long Sticker,0,equal_split,0,VARSITY LIFESTYLE (CONSIGNMENT)
03/06/2026,Long Sticker,1,College Long Sticker,0,equal_split,1,VARSITY LIFESTYLE (CONSIGNMENT)
03/06/2026,Long Sticker,1,UST Long Sticker,0,equal_split,0,VARSITY LIFESTYLE (CONSIGNMENT)
03/06/2026,Long Sticker,1,Varsity Long Sticker,0,equal_split,0,VARSITY LIFESTYLE (CONSIGNMENT)
06/06/2026,Long Sticker,2,College Long Sticker,0,equal_split,1,VARSITY LIFESTYLE (CONSIGNMENT)
06/06/2026,Long Sticker,2,UST Long Sticker,0,equal_split,1,VARSITY LIFESTYLE (CONSIGNMENT)
06/06/2026,Long Sticker,2,Varsity Long Sticker,0,equal_split,0,VARSITY LIFESTYLE (CONSIGNMENT)
09/06/2026,Long Sticker,9,College Long Sticker,0,equal_split,3,VARSITY LIFESTYLE (CONSIGNMENT)
09/06/2026,Long Sticker,9,UST Long Sticker,0,equal_split,3,VARSITY LIFESTYLE (CONSIGNMENT)
09/06/2026,Long Sticker,9,Varsity Long Sticker,0,equal_split,3,VARSITY LIFESTYLE (CONSIGNMENT)
11/06/2026,Long Sticker,1,College Long Sticker,0,equal_split,1,VARSITY LIFESTYLE (CONSIGNMENT)
11/06/2026,Long Sticker,1,UST Long Sticker,0,equal_split,0,VARSITY LIFESTYLE (CONSIGNMENT)
11/06/2026,Long Sticker,1,Varsity Long Sticker,0,equal_split,0,VARSITY LIFESTYLE (CONSIGNMENT)
13/06/2026,Long Sticker,5,College Long Sticker,0,equal_split,2,VARSITY LIFESTYLE (CONSIGNMENT)
13/06/2026,Long Sticker,5,UST Long Sticker,0,equal_split,2,VARSITY LIFESTYLE (CONSIGNMENT)
13/06/2026,Long Sticker,5,Varsity Long Sticker,0,equal_split,1,VARSITY LIFESTYLE (CONSIGNMENT)
15/06/2026,Long Sticker,3,College Long Sticker,0,equal_split,1,VARSITY LIFESTYLE (CONSIGNMENT)
15/06/2026,Long Sticker,3,UST Long Sticker,0,equal_split,1,VARSITY LIFESTYLE (CONSIGNMENT)
15/06/2026,Long Sticker,3,Varsity Long Sticker,0,equal_split,1,VARSITY LIFESTYLE (CONSIGNMENT)
16/06/2026,Long Sticker,1,College Long Sticker,0,equal_split,1,VARSITY LIFESTYLE (CONSIGNMENT)
16/06/2026,Long Sticker,1,UST Long Sticker,0,equal_split,0,VARSITY LIFESTYLE (CONSIGNMENT)
16/06/2026,Long Sticker,1,Varsity Long Sticker,0,equal_split,0,VARSITY LIFESTYLE (CONSIGNMENT)
17/06/2026,Long Sticker,1,College Long Sticker,0,equal_split,1,VARSITY LIFESTYLE (CONSIGNMENT)
17/06/2026,Long Sticker,1,UST Long Sticker,0,equal_split,0,VARSITY LIFESTYLE (CONSIGNMENT)
17/06/2026,Long Sticker,1,Varsity Long Sticker,0,equal_split,0,VARSITY LIFESTYLE (CONSIGNMENT)
19/06/2026,Long Sticker,4,College Long Sticker,0,equal_split,2,VARSITY LIFESTYLE (CONSIGNMENT)
19/06/2026,Long Sticker,4,UST Long Sticker,0,equal_split,1,VARSITY LIFESTYLE (CONSIGNMENT)
19/06/2026,Long Sticker,4,Varsity Long Sticker,0,equal_split,1,VARSITY LIFESTYLE (CONSIGNMENT)
23/06/2026,Long Sticker,3,College Long Sticker,0,equal_split,1,VARSITY LIFESTYLE (CONSIGNMENT)
23/06/2026,Long Sticker,3,UST Long Sticker,0,equal_split,1,VARSITY LIFESTYLE (CONSIGNMENT)
23/06/2026,Long Sticker,3,Varsity Long Sticker,0,equal_split,1,VARSITY LIFESTYLE (CONSIGNMENT)
02/05/2024,Polo Shirt,4,3 Color Polo Shirt,192,nearest_month(+6mo),3,BLAZE
02/05/2024,Polo Shirt,4,Black Blaze Polo Shirt,5,nearest_month(+6mo),0,BLAZE
02/05/2024,Polo Shirt,4,White Blaze Polo Shirt,35,nearest_month(+6mo),1,BLAZE
03/05/2024,Polo Shirt,2,3 Color Polo Shirt,192,nearest_month(+6mo),2,BLAZE
03/05/2024,Polo Shirt,2,Black Blaze Polo Shirt,5,nearest_month(+6mo),0,BLAZE
03/05/2024,Polo Shirt,2,White Blaze Polo Shirt,35,nearest_month(+6mo),0,BLAZE
06/05/2024,Polo Shirt,1,3 Color Polo Shirt,192,nearest_month(+6mo),1,BLAZE
06/05/2024,Polo Shirt,1,Black Blaze Polo Shirt,5,nearest_month(+6mo),0,BLAZE
06/05/2024,Polo Shirt,1,White Blaze Polo Shirt,35,nearest_month(+6mo),0,BLAZE
08/05/2024,Polo Shirt,1,3 Color Polo Shirt,192,nearest_month(+6mo),1,BLAZE
08/05/2024,Polo Shirt,1,Black Blaze Polo Shirt,5,nearest_month(+6mo),0,BLAZE
08/05/2024,Polo Shirt,1,White Blaze Polo Shirt,35,nearest_month(+6mo),0,BLAZE
09/05/2024,Polo Shirt,1,3 Color Polo Shirt,192,nearest_month(+6mo),1,BLAZE
09/05/2024,Polo Shirt,1,Black Blaze Polo Shirt,5,nearest_month(+6mo),0,BLAZE
09/05/2024,Polo Shirt,1,White Blaze Polo Shirt,35,nearest_month(+6mo),0,BLAZE
10/05/2024,Polo Shirt,1,3 Color Polo Shirt,192,nearest_month(+6mo),1,BLAZE
10/05/2024,Polo Shirt,1,Black Blaze Polo Shirt,5,nearest_month(+6mo),0,BLAZE
10/05/2024,Polo Shirt,1,White Blaze Polo Shirt,35,nearest_month(+6mo),0,BLAZE
13/05/2024,Polo Shirt,1,3 Color Polo Shirt,192,nearest_month(+6mo),1,BLAZE
13/05/2024,Polo Shirt,1,Black Blaze Polo Shirt,5,nearest_month(+6mo),0,BLAZE
13/05/2024,Polo Shirt,1,White Blaze Polo Shirt,35,nearest_month(+6mo),0,BLAZE
15/05/2024,Polo Shirt,2,3 Color Polo Shirt,192,nearest_month(+6mo),2,BLAZE
15/05/2024,Polo Shirt,2,Black Blaze Polo Shirt,5,nearest_month(+6mo),0,BLAZE
15/05/2024,Polo Shirt,2,White Blaze Polo Shirt,35,nearest_month(+6mo),0,BLAZE
20/05/2024,Polo Shirt,1,3 Color Polo Shirt,192,nearest_month(+6mo),1,BLAZE
20/05/2024,Polo Shirt,1,Black Blaze Polo Shirt,5,nearest_month(+6mo),0,BLAZE
20/05/2024,Polo Shirt,1,White Blaze Polo Shirt,35,nearest_month(+6mo),0,BLAZE
23/05/2024,Polo Shirt,1,3 Color Polo Shirt,192,nearest_month(+6mo),1,BLAZE
23/05/2024,Polo Shirt,1,Black Blaze Polo Shirt,5,nearest_month(+6mo),0,BLAZE
23/05/2024,Polo Shirt,1,White Blaze Polo Shirt,35,nearest_month(+6mo),0,BLAZE
24/05/2024,Polo Shirt,2,3 Color Polo Shirt,192,nearest_month(+6mo),2,BLAZE
24/05/2024,Polo Shirt,2,Black Blaze Polo Shirt,5,nearest_month(+6mo),0,BLAZE
24/05/2024,Polo Shirt,2,White Blaze Polo Shirt,35,nearest_month(+6mo),0,BLAZE
27/05/2024,Polo Shirt,4,3 Color Polo Shirt,192,nearest_month(+6mo),3,BLAZE
27/05/2024,Polo Shirt,4,Black Blaze Polo Shirt,5,nearest_month(+6mo),0,BLAZE
27/05/2024,Polo Shirt,4,White Blaze Polo Shirt,35,nearest_month(+6mo),1,BLAZE
31/05/2024,Polo Shirt,1,3 Color Polo Shirt,192,nearest_month(+6mo),1,BLAZE
31/05/2024,Polo Shirt,1,Black Blaze Polo Shirt,5,nearest_month(+6mo),0,BLAZE
31/05/2024,Polo Shirt,1,White Blaze Polo Shirt,35,nearest_month(+6mo),0,BLAZE
08/01/2025,QUIANA SUBLI SHIRT (B&Y),1,Quiana Black Subli Shirt,200,exact_month,0,JYL ATHLETICA
08/01/2025,QUIANA SUBLI SHIRT (B&Y),1,Quiana Yelloow Subli Shirt,212,exact_month,1,JYL ATHLETICA
12/01/2025,QUIANA SUBLI SHIRT (B&Y),34,Quiana Black Subli Shirt,200,exact_month,17,JYL ATHLETICA
12/01/2025,QUIANA SUBLI SHIRT (B&Y),34,Quiana Yelloow Subli Shirt,212,exact_month,17,JYL ATHLETICA
15/01/2025,QUIANA SUBLI SHIRT (B&Y),1,Quiana Black Subli Shirt,200,exact_month,0,JYL ATHLETICA
15/01/2025,QUIANA SUBLI SHIRT (B&Y),1,Quiana Yelloow Subli Shirt,212,exact_month,1,JYL ATHLETICA
16/01/2025,QUIANA SUBLI SHIRT (B&Y),5,Quiana Black Subli Shirt,200,exact_month,2,JYL ATHLETICA
16/01/2025,QUIANA SUBLI SHIRT (B&Y),5,Quiana Yelloow Subli Shirt,212,exact_month,3,JYL ATHLETICA
17/01/2025,QUIANA SUBLI SHIRT (B&Y),2,Quiana Black Subli Shirt,200,exact_month,1,JYL ATHLETICA
17/01/2025,QUIANA SUBLI SHIRT (B&Y),2,Quiana Yelloow Subli Shirt,212,exact_month,1,JYL ATHLETICA
18/01/2025,QUIANA SUBLI SHIRT (B&Y),1,Quiana Black Subli Shirt,200,exact_month,0,JYL ATHLETICA
18/01/2025,QUIANA SUBLI SHIRT (B&Y),1,Quiana Yelloow Subli Shirt,212,exact_month,1,JYL ATHLETICA
20/01/2025,QUIANA SUBLI SHIRT (B&Y),1,Quiana Black Subli Shirt,200,exact_month,0,JYL ATHLETICA
20/01/2025,QUIANA SUBLI SHIRT (B&Y),1,Quiana Yelloow Subli Shirt,212,exact_month,1,JYL ATHLETICA
21/01/2025,QUIANA SUBLI SHIRT (B&Y),1,Quiana Black Subli Shirt,200,exact_month,0,JYL ATHLETICA
21/01/2025,QUIANA SUBLI SHIRT (B&Y),1,Quiana Yelloow Subli Shirt,212,exact_month,1,JYL ATHLETICA
23/01/2025,QUIANA SUBLI SHIRT (B&Y),2,Quiana Black Subli Shirt,200,exact_month,1,JYL ATHLETICA
23/01/2025,QUIANA SUBLI SHIRT (B&Y),2,Quiana Yelloow Subli Shirt,212,exact_month,1,JYL ATHLETICA
24/01/2025,QUIANA SUBLI SHIRT (B&Y),3,Quiana Black Subli Shirt,200,exact_month,1,JYL ATHLETICA
24/01/2025,QUIANA SUBLI SHIRT (B&Y),3,Quiana Yelloow Subli Shirt,212,exact_month,2,JYL ATHLETICA
25/01/2025,QUIANA SUBLI SHIRT (B&Y),1,Quiana Black Subli Shirt,200,exact_month,0,JYL ATHLETICA
25/01/2025,QUIANA SUBLI SHIRT (B&Y),1,Quiana Yelloow Subli Shirt,212,exact_month,1,JYL ATHLETICA
27/01/2025,QUIANA SUBLI SHIRT (B&Y),2,Quiana Black Subli Shirt,200,exact_month,1,JYL ATHLETICA
27/01/2025,QUIANA SUBLI SHIRT (B&Y),2,Quiana Yelloow Subli Shirt,212,exact_month,1,JYL ATHLETICA
29/01/2025,QUIANA SUBLI SHIRT (B&Y),6,Quiana Black Subli Shirt,200,exact_month,3,JYL ATHLETICA
29/01/2025,QUIANA SUBLI SHIRT (B&Y),6,Quiana Yelloow Subli Shirt,212,exact_month,3,JYL ATHLETICA
30/01/2025,QUIANA SUBLI SHIRT (B&Y),1,Quiana Black Subli Shirt,200,exact_month,0,JYL ATHLETICA
30/01/2025,QUIANA SUBLI SHIRT (B&Y),1,Quiana Yelloow Subli Shirt,212,exact_month,1,JYL ATHLETICA
31/01/2025,QUIANA SUBLI SHIRT (B&Y),17,Quiana Black Subli Shirt,200,exact_month,8,JYL ATHLETICA
31/01/2025,QUIANA SUBLI SHIRT (B&Y),17,Quiana Yelloow Subli Shirt,212,exact_month,9,JYL ATHLETICA
03/02/2025,QUIANA SUBLI SHIRT (B&Y),4,Quiana Black Subli Shirt,153,exact_month,2,JYL ATHLETICA
03/02/2025,QUIANA SUBLI SHIRT (B&Y),4,Quiana Yelloow Subli Shirt,190,exact_month,2,JYL ATHLETICA
04/02/2025,QUIANA SUBLI SHIRT (B&Y),4,Quiana Black Subli Shirt,153,exact_month,2,JYL ATHLETICA
04/02/2025,QUIANA SUBLI SHIRT (B&Y),4,Quiana Yelloow Subli Shirt,190,exact_month,2,JYL ATHLETICA
05/02/2025,QUIANA SUBLI SHIRT (B&Y),1,Quiana Black Subli Shirt,153,exact_month,0,JYL ATHLETICA
05/02/2025,QUIANA SUBLI SHIRT (B&Y),1,Quiana Yelloow Subli Shirt,190,exact_month,1,JYL ATHLETICA
06/02/2025,QUIANA SUBLI SHIRT (B&Y),1,Quiana Black Subli Shirt,153,exact_month,0,JYL ATHLETICA
06/02/2025,QUIANA SUBLI SHIRT (B&Y),1,Quiana Yelloow Subli Shirt,190,exact_month,1,JYL ATHLETICA
07/02/2025,QUIANA SUBLI SHIRT (B&Y),1,Quiana Black Subli Shirt,153,exact_month,0,JYL ATHLETICA
07/02/2025,QUIANA SUBLI SHIRT (B&Y),1,Quiana Yelloow Subli Shirt,190,exact_month,1,JYL ATHLETICA
09/02/2025,QUIANA SUBLI SHIRT (B&Y),41,Quiana Black Subli Shirt,153,exact_month,18,JYL ATHLETICA
09/02/2025,QUIANA SUBLI SHIRT (B&Y),41,Quiana Yelloow Subli Shirt,190,exact_month,23,JYL ATHLETICA
10/02/2025,QUIANA SUBLI SHIRT (B&Y),4,Quiana Black Subli Shirt,153,exact_month,2,JYL ATHLETICA
10/02/2025,QUIANA SUBLI SHIRT (B&Y),4,Quiana Yelloow Subli Shirt,190,exact_month,2,JYL ATHLETICA
11/02/2025,QUIANA SUBLI SHIRT (B&Y),3,Quiana Black Subli Shirt,153,exact_month,1,JYL ATHLETICA
11/02/2025,QUIANA SUBLI SHIRT (B&Y),3,Quiana Yelloow Subli Shirt,190,exact_month,2,JYL ATHLETICA
14/02/2025,QUIANA SUBLI SHIRT (B&Y),1,Quiana Black Subli Shirt,153,exact_month,0,JYL ATHLETICA
14/02/2025,QUIANA SUBLI SHIRT (B&Y),1,Quiana Yelloow Subli Shirt,190,exact_month,1,JYL ATHLETICA
18/02/2025,QUIANA SUBLI SHIRT (B&Y),4,Quiana Black Subli Shirt,153,exact_month,2,JYL ATHLETICA
18/02/2025,QUIANA SUBLI SHIRT (B&Y),4,Quiana Yelloow Subli Shirt,190,exact_month,2,JYL ATHLETICA
20/02/2025,QUIANA SUBLI SHIRT (B&Y),2,Quiana Black Subli Shirt,153,exact_month,1,JYL ATHLETICA
20/02/2025,QUIANA SUBLI SHIRT (B&Y),2,Quiana Yelloow Subli Shirt,190,exact_month,1,JYL ATHLETICA
24/02/2025,QUIANA SUBLI SHIRT (B&Y),3,Quiana Black Subli Shirt,153,exact_month,1,JYL ATHLETICA
24/02/2025,QUIANA SUBLI SHIRT (B&Y),3,Quiana Yelloow Subli Shirt,190,exact_month,2,JYL ATHLETICA
26/02/2025,QUIANA SUBLI SHIRT (B&Y),4,Quiana Black Subli Shirt,153,exact_month,2,JYL ATHLETICA
26/02/2025,QUIANA SUBLI SHIRT (B&Y),4,Quiana Yelloow Subli Shirt,190,exact_month,2,JYL ATHLETICA
28/02/2025,QUIANA SUBLI SHIRT (B&Y),4,Quiana Black Subli Shirt,153,exact_month,2,JYL ATHLETICA
28/02/2025,QUIANA SUBLI SHIRT (B&Y),4,Quiana Yelloow Subli Shirt,190,exact_month,2,JYL ATHLETICA
05/03/2025,QUIANA SUBLI SHIRT (B&Y),1,Quiana Black Subli Shirt,119,exact_month,0,JYL ATHLETICA
05/03/2025,QUIANA SUBLI SHIRT (B&Y),1,Quiana Yelloow Subli Shirt,149,exact_month,1,JYL ATHLETICA
06/03/2025,QUIANA SUBLI SHIRT (B&Y),1,Quiana Black Subli Shirt,119,exact_month,0,JYL ATHLETICA
06/03/2025,QUIANA SUBLI SHIRT (B&Y),1,Quiana Yelloow Subli Shirt,149,exact_month,1,JYL ATHLETICA
07/03/2025,QUIANA SUBLI SHIRT (B&Y),3,Quiana Black Subli Shirt,119,exact_month,1,JYL ATHLETICA
07/03/2025,QUIANA SUBLI SHIRT (B&Y),3,Quiana Yelloow Subli Shirt,149,exact_month,2,JYL ATHLETICA
08/03/2025,QUIANA SUBLI SHIRT (B&Y),2,Quiana Black Subli Shirt,119,exact_month,1,JYL ATHLETICA
08/03/2025,QUIANA SUBLI SHIRT (B&Y),2,Quiana Yelloow Subli Shirt,149,exact_month,1,JYL ATHLETICA
12/03/2025,QUIANA SUBLI SHIRT (B&Y),1,Quiana Black Subli Shirt,119,exact_month,0,JYL ATHLETICA
12/03/2025,QUIANA SUBLI SHIRT (B&Y),1,Quiana Yelloow Subli Shirt,149,exact_month,1,JYL ATHLETICA
13/03/2025,QUIANA SUBLI SHIRT (B&Y),1,Quiana Black Subli Shirt,119,exact_month,0,JYL ATHLETICA
13/03/2025,QUIANA SUBLI SHIRT (B&Y),1,Quiana Yelloow Subli Shirt,149,exact_month,1,JYL ATHLETICA
14/03/2025,QUIANA SUBLI SHIRT (B&Y),3,Quiana Black Subli Shirt,119,exact_month,1,JYL ATHLETICA
14/03/2025,QUIANA SUBLI SHIRT (B&Y),3,Quiana Yelloow Subli Shirt,149,exact_month,2,JYL ATHLETICA
15/03/2025,QUIANA SUBLI SHIRT (B&Y),2,Quiana Black Subli Shirt,119,exact_month,1,JYL ATHLETICA
15/03/2025,QUIANA SUBLI SHIRT (B&Y),2,Quiana Yelloow Subli Shirt,149,exact_month,1,JYL ATHLETICA
17/03/2025,QUIANA SUBLI SHIRT (B&Y),2,Quiana Black Subli Shirt,119,exact_month,1,JYL ATHLETICA
17/03/2025,QUIANA SUBLI SHIRT (B&Y),2,Quiana Yelloow Subli Shirt,149,exact_month,1,JYL ATHLETICA
18/03/2025,QUIANA SUBLI SHIRT (B&Y),2,Quiana Black Subli Shirt,119,exact_month,1,JYL ATHLETICA
18/03/2025,QUIANA SUBLI SHIRT (B&Y),2,Quiana Yelloow Subli Shirt,149,exact_month,1,JYL ATHLETICA
22/03/2025,QUIANA SUBLI SHIRT (B&Y),4,Quiana Black Subli Shirt,119,exact_month,2,JYL ATHLETICA
22/03/2025,QUIANA SUBLI SHIRT (B&Y),4,Quiana Yelloow Subli Shirt,149,exact_month,2,JYL ATHLETICA
25/03/2025,QUIANA SUBLI SHIRT (B&Y),3,Quiana Black Subli Shirt,119,exact_month,1,JYL ATHLETICA
25/03/2025,QUIANA SUBLI SHIRT (B&Y),3,Quiana Yelloow Subli Shirt,149,exact_month,2,JYL ATHLETICA
26/03/2025,QUIANA SUBLI SHIRT (B&Y),1,Quiana Black Subli Shirt,119,exact_month,0,JYL ATHLETICA
26/03/2025,QUIANA SUBLI SHIRT (B&Y),1,Quiana Yelloow Subli Shirt,149,exact_month,1,JYL ATHLETICA
27/03/2025,QUIANA SUBLI SHIRT (B&Y),1,Quiana Black Subli Shirt,119,exact_month,0,JYL ATHLETICA
27/03/2025,QUIANA SUBLI SHIRT (B&Y),1,Quiana Yelloow Subli Shirt,149,exact_month,1,JYL ATHLETICA
28/03/2025,QUIANA SUBLI SHIRT (B&Y),7,Quiana Black Subli Shirt,119,exact_month,3,JYL ATHLETICA
28/03/2025,QUIANA SUBLI SHIRT (B&Y),7,Quiana Yelloow Subli Shirt,149,exact_month,4,JYL ATHLETICA
29/03/2025,QUIANA SUBLI SHIRT (B&Y),1,Quiana Black Subli Shirt,119,exact_month,0,JYL ATHLETICA
29/03/2025,QUIANA SUBLI SHIRT (B&Y),1,Quiana Yelloow Subli Shirt,149,exact_month,1,JYL ATHLETICA
31/03/2025,QUIANA SUBLI SHIRT (B&Y),5,Quiana Black Subli Shirt,119,exact_month,2,JYL ATHLETICA
31/03/2025,QUIANA SUBLI SHIRT (B&Y),5,Quiana Yelloow Subli Shirt,149,exact_month,3,JYL ATHLETICA
02/04/2025,QUIANA SUBLI SHIRT (B&Y),2,Quiana Black Subli Shirt,92,exact_month,1,JYL ATHLETICA
02/04/2025,QUIANA SUBLI SHIRT (B&Y),2,Quiana Yelloow Subli Shirt,129,exact_month,1,JYL ATHLETICA
03/04/2025,QUIANA SUBLI SHIRT (B&Y),3,Quiana Black Subli Shirt,92,exact_month,1,JYL ATHLETICA
03/04/2025,QUIANA SUBLI SHIRT (B&Y),3,Quiana Yelloow Subli Shirt,129,exact_month,2,JYL ATHLETICA
04/04/2025,QUIANA SUBLI SHIRT (B&Y),3,Quiana Black Subli Shirt,92,exact_month,1,JYL ATHLETICA
04/04/2025,QUIANA SUBLI SHIRT (B&Y),3,Quiana Yelloow Subli Shirt,129,exact_month,2,JYL ATHLETICA
05/04/2025,QUIANA SUBLI SHIRT (B&Y),1,Quiana Black Subli Shirt,92,exact_month,0,JYL ATHLETICA
05/04/2025,QUIANA SUBLI SHIRT (B&Y),1,Quiana Yelloow Subli Shirt,129,exact_month,1,JYL ATHLETICA
08/04/2025,QUIANA SUBLI SHIRT (B&Y),2,Quiana Black Subli Shirt,92,exact_month,1,JYL ATHLETICA
08/04/2025,QUIANA SUBLI SHIRT (B&Y),2,Quiana Yelloow Subli Shirt,129,exact_month,1,JYL ATHLETICA
11/04/2025,QUIANA SUBLI SHIRT (B&Y),3,Quiana Black Subli Shirt,92,exact_month,1,JYL ATHLETICA
11/04/2025,QUIANA SUBLI SHIRT (B&Y),3,Quiana Yelloow Subli Shirt,129,exact_month,2,JYL ATHLETICA
22/04/2025,QUIANA SUBLI SHIRT (B&Y),1,Quiana Black Subli Shirt,92,exact_month,0,JYL ATHLETICA
22/04/2025,QUIANA SUBLI SHIRT (B&Y),1,Quiana Yelloow Subli Shirt,129,exact_month,1,JYL ATHLETICA
26/04/2025,QUIANA SUBLI SHIRT (B&Y),1,Quiana Black Subli Shirt,92,exact_month,0,JYL ATHLETICA
26/04/2025,QUIANA SUBLI SHIRT (B&Y),1,Quiana Yelloow Subli Shirt,129,exact_month,1,JYL ATHLETICA
29/04/2025,QUIANA SUBLI SHIRT (B&Y),8,Quiana Black Subli Shirt,92,exact_month,3,JYL ATHLETICA
29/04/2025,QUIANA SUBLI SHIRT (B&Y),8,Quiana Yelloow Subli Shirt,129,exact_month,5,JYL ATHLETICA
02/05/2025,QUIANA SUBLI SHIRT (B&Y),1,Quiana Black Subli Shirt,298,exact_month,0,JYL ATHLETICA
02/05/2025,QUIANA SUBLI SHIRT (B&Y),1,Quiana Yelloow Subli Shirt,325,exact_month,1,JYL ATHLETICA
03/05/2025,QUIANA SUBLI SHIRT (B&Y),2,Quiana Black Subli Shirt,298,exact_month,1,JYL ATHLETICA
03/05/2025,QUIANA SUBLI SHIRT (B&Y),2,Quiana Yelloow Subli Shirt,325,exact_month,1,JYL ATHLETICA
05/05/2025,QUIANA SUBLI SHIRT (B&Y),2,Quiana Black Subli Shirt,298,exact_month,1,JYL ATHLETICA
05/05/2025,QUIANA SUBLI SHIRT (B&Y),2,Quiana Yelloow Subli Shirt,325,exact_month,1,JYL ATHLETICA
06/05/2025,QUIANA SUBLI SHIRT (B&Y),3,Quiana Black Subli Shirt,298,exact_month,1,JYL ATHLETICA
06/05/2025,QUIANA SUBLI SHIRT (B&Y),3,Quiana Yelloow Subli Shirt,325,exact_month,2,JYL ATHLETICA
07/05/2025,QUIANA SUBLI SHIRT (B&Y),1,Quiana Black Subli Shirt,298,exact_month,0,JYL ATHLETICA
07/05/2025,QUIANA SUBLI SHIRT (B&Y),1,Quiana Yelloow Subli Shirt,325,exact_month,1,JYL ATHLETICA
09/05/2025,QUIANA SUBLI SHIRT (B&Y),2,Quiana Black Subli Shirt,298,exact_month,1,JYL ATHLETICA
09/05/2025,QUIANA SUBLI SHIRT (B&Y),2,Quiana Yelloow Subli Shirt,325,exact_month,1,JYL ATHLETICA
10/05/2025,QUIANA SUBLI SHIRT (B&Y),1,Quiana Black Subli Shirt,298,exact_month,0,JYL ATHLETICA
10/05/2025,QUIANA SUBLI SHIRT (B&Y),1,Quiana Yelloow Subli Shirt,325,exact_month,1,JYL ATHLETICA
14/05/2025,QUIANA SUBLI SHIRT (B&Y),3,Quiana Black Subli Shirt,298,exact_month,1,JYL ATHLETICA
14/05/2025,QUIANA SUBLI SHIRT (B&Y),3,Quiana Yelloow Subli Shirt,325,exact_month,2,JYL ATHLETICA
16/05/2025,QUIANA SUBLI SHIRT (B&Y),3,Quiana Black Subli Shirt,298,exact_month,1,JYL ATHLETICA
16/05/2025,QUIANA SUBLI SHIRT (B&Y),3,Quiana Yelloow Subli Shirt,325,exact_month,2,JYL ATHLETICA
17/05/2025,QUIANA SUBLI SHIRT (B&Y),2,Quiana Black Subli Shirt,298,exact_month,1,JYL ATHLETICA
17/05/2025,QUIANA SUBLI SHIRT (B&Y),2,Quiana Yelloow Subli Shirt,325,exact_month,1,JYL ATHLETICA
19/05/2025,QUIANA SUBLI SHIRT (B&Y),2,Quiana Black Subli Shirt,298,exact_month,1,JYL ATHLETICA
19/05/2025,QUIANA SUBLI SHIRT (B&Y),2,Quiana Yelloow Subli Shirt,325,exact_month,1,JYL ATHLETICA
20/05/2025,QUIANA SUBLI SHIRT (B&Y),1,Quiana Black Subli Shirt,298,exact_month,0,JYL ATHLETICA
20/05/2025,QUIANA SUBLI SHIRT (B&Y),1,Quiana Yelloow Subli Shirt,325,exact_month,1,JYL ATHLETICA
24/05/2025,QUIANA SUBLI SHIRT (B&Y),1,Quiana Black Subli Shirt,298,exact_month,0,JYL ATHLETICA
24/05/2025,QUIANA SUBLI SHIRT (B&Y),1,Quiana Yelloow Subli Shirt,325,exact_month,1,JYL ATHLETICA
26/05/2025,QUIANA SUBLI SHIRT (B&Y),2,Quiana Black Subli Shirt,298,exact_month,1,JYL ATHLETICA
26/05/2025,QUIANA SUBLI SHIRT (B&Y),2,Quiana Yelloow Subli Shirt,325,exact_month,1,JYL ATHLETICA
27/05/2025,QUIANA SUBLI SHIRT (B&Y),3,Quiana Black Subli Shirt,298,exact_month,1,JYL ATHLETICA
27/05/2025,QUIANA SUBLI SHIRT (B&Y),3,Quiana Yelloow Subli Shirt,325,exact_month,2,JYL ATHLETICA
28/05/2025,QUIANA SUBLI SHIRT (B&Y),3,Quiana Black Subli Shirt,298,exact_month,1,JYL ATHLETICA
28/05/2025,QUIANA SUBLI SHIRT (B&Y),3,Quiana Yelloow Subli Shirt,325,exact_month,2,JYL ATHLETICA
29/05/2025,QUIANA SUBLI SHIRT (B&Y),1,Quiana Black Subli Shirt,298,exact_month,0,JYL ATHLETICA
29/05/2025,QUIANA SUBLI SHIRT (B&Y),1,Quiana Yelloow Subli Shirt,325,exact_month,1,JYL ATHLETICA
30/05/2025,QUIANA SUBLI SHIRT (B&Y),1,Quiana Black Subli Shirt,298,exact_month,0,JYL ATHLETICA
30/05/2025,QUIANA SUBLI SHIRT (B&Y),1,Quiana Yelloow Subli Shirt,325,exact_month,1,JYL ATHLETICA
31/05/2025,QUIANA SUBLI SHIRT (B&Y),7,Quiana Black Subli Shirt,298,exact_month,3,JYL ATHLETICA
31/05/2025,QUIANA SUBLI SHIRT (B&Y),7,Quiana Yelloow Subli Shirt,325,exact_month,4,JYL ATHLETICA
02/06/2025,QUIANA SUBLI SHIRT (B&Y),1,Quiana Black Subli Shirt,298,exact_month,0,JYL ATHLETICA
02/06/2025,QUIANA SUBLI SHIRT (B&Y),1,Quiana Yelloow Subli Shirt,326,exact_month,1,JYL ATHLETICA
04/06/2025,QUIANA SUBLI SHIRT (B&Y),1,Quiana Black Subli Shirt,298,exact_month,0,JYL ATHLETICA
04/06/2025,QUIANA SUBLI SHIRT (B&Y),1,Quiana Yelloow Subli Shirt,326,exact_month,1,JYL ATHLETICA
05/06/2025,QUIANA SUBLI SHIRT (B&Y),5,Quiana Black Subli Shirt,298,exact_month,2,JYL ATHLETICA
05/06/2025,QUIANA SUBLI SHIRT (B&Y),5,Quiana Yelloow Subli Shirt,326,exact_month,3,JYL ATHLETICA
06/06/2025,QUIANA SUBLI SHIRT (B&Y),2,Quiana Black Subli Shirt,298,exact_month,1,JYL ATHLETICA
06/06/2025,QUIANA SUBLI SHIRT (B&Y),2,Quiana Yelloow Subli Shirt,326,exact_month,1,JYL ATHLETICA
07/06/2025,QUIANA SUBLI SHIRT (B&Y),6,Quiana Black Subli Shirt,298,exact_month,3,JYL ATHLETICA
07/06/2025,QUIANA SUBLI SHIRT (B&Y),6,Quiana Yelloow Subli Shirt,326,exact_month,3,JYL ATHLETICA
09/06/2025,QUIANA SUBLI SHIRT (B&Y),5,Quiana Black Subli Shirt,298,exact_month,2,JYL ATHLETICA
09/06/2025,QUIANA SUBLI SHIRT (B&Y),5,Quiana Yelloow Subli Shirt,326,exact_month,3,JYL ATHLETICA
10/06/2025,QUIANA SUBLI SHIRT (B&Y),3,Quiana Black Subli Shirt,298,exact_month,1,JYL ATHLETICA
10/06/2025,QUIANA SUBLI SHIRT (B&Y),3,Quiana Yelloow Subli Shirt,326,exact_month,2,JYL ATHLETICA
11/06/2025,QUIANA SUBLI SHIRT (B&Y),6,Quiana Black Subli Shirt,298,exact_month,3,JYL ATHLETICA
11/06/2025,QUIANA SUBLI SHIRT (B&Y),6,Quiana Yelloow Subli Shirt,326,exact_month,3,JYL ATHLETICA
12/06/2025,QUIANA SUBLI SHIRT (B&Y),2,Quiana Black Subli Shirt,298,exact_month,1,JYL ATHLETICA
12/06/2025,QUIANA SUBLI SHIRT (B&Y),2,Quiana Yelloow Subli Shirt,326,exact_month,1,JYL ATHLETICA
13/06/2025,QUIANA SUBLI SHIRT (B&Y),10,Quiana Black Subli Shirt,298,exact_month,5,JYL ATHLETICA
13/06/2025,QUIANA SUBLI SHIRT (B&Y),10,Quiana Yelloow Subli Shirt,326,exact_month,5,JYL ATHLETICA
14/06/2025,QUIANA SUBLI SHIRT (B&Y),2,Quiana Black Subli Shirt,298,exact_month,1,JYL ATHLETICA
14/06/2025,QUIANA SUBLI SHIRT (B&Y),2,Quiana Yelloow Subli Shirt,326,exact_month,1,JYL ATHLETICA
16/06/2025,QUIANA SUBLI SHIRT (B&Y),2,Quiana Black Subli Shirt,298,exact_month,1,JYL ATHLETICA
16/06/2025,QUIANA SUBLI SHIRT (B&Y),2,Quiana Yelloow Subli Shirt,326,exact_month,1,JYL ATHLETICA
17/06/2025,QUIANA SUBLI SHIRT (B&Y),1,Quiana Black Subli Shirt,298,exact_month,0,JYL ATHLETICA
17/06/2025,QUIANA SUBLI SHIRT (B&Y),1,Quiana Yelloow Subli Shirt,326,exact_month,1,JYL ATHLETICA
18/06/2025,QUIANA SUBLI SHIRT (B&Y),2,Quiana Black Subli Shirt,298,exact_month,1,JYL ATHLETICA
18/06/2025,QUIANA SUBLI SHIRT (B&Y),2,Quiana Yelloow Subli Shirt,326,exact_month,1,JYL ATHLETICA
19/06/2025,QUIANA SUBLI SHIRT (B&Y),4,Quiana Black Subli Shirt,298,exact_month,2,JYL ATHLETICA
19/06/2025,QUIANA SUBLI SHIRT (B&Y),4,Quiana Yelloow Subli Shirt,326,exact_month,2,JYL ATHLETICA
20/06/2025,QUIANA SUBLI SHIRT (B&Y),6,Quiana Black Subli Shirt,298,exact_month,3,JYL ATHLETICA
20/06/2025,QUIANA SUBLI SHIRT (B&Y),6,Quiana Yelloow Subli Shirt,326,exact_month,3,JYL ATHLETICA
21/06/2025,QUIANA SUBLI SHIRT (B&Y),1,Quiana Black Subli Shirt,298,exact_month,0,JYL ATHLETICA
21/06/2025,QUIANA SUBLI SHIRT (B&Y),1,Quiana Yelloow Subli Shirt,326,exact_month,1,JYL ATHLETICA
25/06/2025,QUIANA SUBLI SHIRT (B&Y),6,Quiana Black Subli Shirt,298,exact_month,3,JYL ATHLETICA
25/06/2025,QUIANA SUBLI SHIRT (B&Y),6,Quiana Yelloow Subli Shirt,326,exact_month,3,JYL ATHLETICA
26/06/2025,QUIANA SUBLI SHIRT (B&Y),6,Quiana Black Subli Shirt,298,exact_month,3,JYL ATHLETICA
26/06/2025,QUIANA SUBLI SHIRT (B&Y),6,Quiana Yelloow Subli Shirt,326,exact_month,3,JYL ATHLETICA
27/06/2025,QUIANA SUBLI SHIRT (B&Y),5,Quiana Black Subli Shirt,298,exact_month,2,JYL ATHLETICA
27/06/2025,QUIANA SUBLI SHIRT (B&Y),5,Quiana Yelloow Subli Shirt,326,exact_month,3,JYL ATHLETICA
30/06/2025,QUIANA SUBLI SHIRT (B&Y),17,Quiana Black Subli Shirt,298,exact_month,8,JYL ATHLETICA
30/06/2025,QUIANA SUBLI SHIRT (B&Y),17,Quiana Yelloow Subli Shirt,326,exact_month,9,JYL ATHLETICA
01/07/2025,QUIANA SUBLI SHIRT (B&Y),1,Quiana Black Subli Shirt,237,exact_month,0,JYL ATHLETICA
01/07/2025,QUIANA SUBLI SHIRT (B&Y),1,Quiana Yelloow Subli Shirt,303,exact_month,1,JYL ATHLETICA
12/07/2025,QUIANA SUBLI SHIRT (B&Y),3,Quiana Black Subli Shirt,237,exact_month,1,JYL ATHLETICA
12/07/2025,QUIANA SUBLI SHIRT (B&Y),3,Quiana Yelloow Subli Shirt,303,exact_month,2,JYL ATHLETICA
14/07/2025,QUIANA SUBLI SHIRT (B&Y),1,Quiana Black Subli Shirt,237,exact_month,0,JYL ATHLETICA
14/07/2025,QUIANA SUBLI SHIRT (B&Y),1,Quiana Yelloow Subli Shirt,303,exact_month,1,JYL ATHLETICA
15/07/2025,QUIANA SUBLI SHIRT (B&Y),2,Quiana Black Subli Shirt,237,exact_month,1,JYL ATHLETICA
15/07/2025,QUIANA SUBLI SHIRT (B&Y),2,Quiana Yelloow Subli Shirt,303,exact_month,1,JYL ATHLETICA
16/07/2025,QUIANA SUBLI SHIRT (B&Y),4,Quiana Black Subli Shirt,237,exact_month,2,JYL ATHLETICA
16/07/2025,QUIANA SUBLI SHIRT (B&Y),4,Quiana Yelloow Subli Shirt,303,exact_month,2,JYL ATHLETICA
17/07/2025,QUIANA SUBLI SHIRT (B&Y),1,Quiana Black Subli Shirt,237,exact_month,0,JYL ATHLETICA
17/07/2025,QUIANA SUBLI SHIRT (B&Y),1,Quiana Yelloow Subli Shirt,303,exact_month,1,JYL ATHLETICA
21/07/2025,QUIANA SUBLI SHIRT (B&Y),1,Quiana Black Subli Shirt,237,exact_month,0,JYL ATHLETICA
21/07/2025,QUIANA SUBLI SHIRT (B&Y),1,Quiana Yelloow Subli Shirt,303,exact_month,1,JYL ATHLETICA
01/08/2025,QUIANA SUBLI SHIRT (B&Y),3,Quiana Black Subli Shirt,225,exact_month,1,JYL ATHLETICA
01/08/2025,QUIANA SUBLI SHIRT (B&Y),3,Quiana Yelloow Subli Shirt,298,exact_month,2,JYL ATHLETICA
04/08/2025,QUIANA SUBLI SHIRT (B&Y),2,Quiana Black Subli Shirt,225,exact_month,1,JYL ATHLETICA
04/08/2025,QUIANA SUBLI SHIRT (B&Y),2,Quiana Yelloow Subli Shirt,298,exact_month,1,JYL ATHLETICA
05/08/2025,QUIANA SUBLI SHIRT (B&Y),10,Quiana Black Subli Shirt,225,exact_month,4,JYL ATHLETICA
05/08/2025,QUIANA SUBLI SHIRT (B&Y),10,Quiana Yelloow Subli Shirt,298,exact_month,6,JYL ATHLETICA
06/08/2025,QUIANA SUBLI SHIRT (B&Y),8,Quiana Black Subli Shirt,225,exact_month,3,JYL ATHLETICA
06/08/2025,QUIANA SUBLI SHIRT (B&Y),8,Quiana Yelloow Subli Shirt,298,exact_month,5,JYL ATHLETICA
07/08/2025,QUIANA SUBLI SHIRT (B&Y),11,Quiana Black Subli Shirt,225,exact_month,5,JYL ATHLETICA
07/08/2025,QUIANA SUBLI SHIRT (B&Y),11,Quiana Yelloow Subli Shirt,298,exact_month,6,JYL ATHLETICA
11/08/2025,QUIANA SUBLI SHIRT (B&Y),4,Quiana Black Subli Shirt,225,exact_month,2,JYL ATHLETICA
11/08/2025,QUIANA SUBLI SHIRT (B&Y),4,Quiana Yelloow Subli Shirt,298,exact_month,2,JYL ATHLETICA
12/08/2025,QUIANA SUBLI SHIRT (B&Y),2,Quiana Black Subli Shirt,225,exact_month,1,JYL ATHLETICA
12/08/2025,QUIANA SUBLI SHIRT (B&Y),2,Quiana Yelloow Subli Shirt,298,exact_month,1,JYL ATHLETICA
13/08/2025,QUIANA SUBLI SHIRT (B&Y),4,Quiana Black Subli Shirt,225,exact_month,2,JYL ATHLETICA
13/08/2025,QUIANA SUBLI SHIRT (B&Y),4,Quiana Yelloow Subli Shirt,298,exact_month,2,JYL ATHLETICA
14/08/2025,QUIANA SUBLI SHIRT (B&Y),5,Quiana Black Subli Shirt,225,exact_month,2,JYL ATHLETICA
14/08/2025,QUIANA SUBLI SHIRT (B&Y),5,Quiana Yelloow Subli Shirt,298,exact_month,3,JYL ATHLETICA
15/08/2025,QUIANA SUBLI SHIRT (B&Y),3,Quiana Black Subli Shirt,225,exact_month,1,JYL ATHLETICA
15/08/2025,QUIANA SUBLI SHIRT (B&Y),3,Quiana Yelloow Subli Shirt,298,exact_month,2,JYL ATHLETICA
18/08/2025,QUIANA SUBLI SHIRT (B&Y),1,Quiana Black Subli Shirt,225,exact_month,0,JYL ATHLETICA
18/08/2025,QUIANA SUBLI SHIRT (B&Y),1,Quiana Yelloow Subli Shirt,298,exact_month,1,JYL ATHLETICA
19/08/2025,QUIANA SUBLI SHIRT (B&Y),6,Quiana Black Subli Shirt,225,exact_month,3,JYL ATHLETICA
19/08/2025,QUIANA SUBLI SHIRT (B&Y),6,Quiana Yelloow Subli Shirt,298,exact_month,3,JYL ATHLETICA
20/08/2025,QUIANA SUBLI SHIRT (B&Y),2,Quiana Black Subli Shirt,225,exact_month,1,JYL ATHLETICA
20/08/2025,QUIANA SUBLI SHIRT (B&Y),2,Quiana Yelloow Subli Shirt,298,exact_month,1,JYL ATHLETICA
22/08/2025,QUIANA SUBLI SHIRT (B&Y),2,Quiana Black Subli Shirt,225,exact_month,1,JYL ATHLETICA
22/08/2025,QUIANA SUBLI SHIRT (B&Y),2,Quiana Yelloow Subli Shirt,298,exact_month,1,JYL ATHLETICA
23/08/2025,QUIANA SUBLI SHIRT (B&Y),1,Quiana Black Subli Shirt,225,exact_month,0,JYL ATHLETICA
23/08/2025,QUIANA SUBLI SHIRT (B&Y),1,Quiana Yelloow Subli Shirt,298,exact_month,1,JYL ATHLETICA
27/08/2025,QUIANA SUBLI SHIRT (B&Y),12,Quiana Black Subli Shirt,225,exact_month,5,JYL ATHLETICA
27/08/2025,QUIANA SUBLI SHIRT (B&Y),12,Quiana Yelloow Subli Shirt,298,exact_month,7,JYL ATHLETICA
28/08/2025,QUIANA SUBLI SHIRT (B&Y),4,Quiana Black Subli Shirt,225,exact_month,2,JYL ATHLETICA
28/08/2025,QUIANA SUBLI SHIRT (B&Y),4,Quiana Yelloow Subli Shirt,298,exact_month,2,JYL ATHLETICA
29/08/2025,QUIANA SUBLI SHIRT (B&Y),1,Quiana Black Subli Shirt,225,exact_month,0,JYL ATHLETICA
29/08/2025,QUIANA SUBLI SHIRT (B&Y),1,Quiana Yelloow Subli Shirt,298,exact_month,1,JYL ATHLETICA
02/09/2025,QUIANA SUBLI SHIRT (B&Y),8,Quiana Black Subli Shirt,189,exact_month,3,JYL ATHLETICA
02/09/2025,QUIANA SUBLI SHIRT (B&Y),8,Quiana Yelloow Subli Shirt,250,exact_month,5,JYL ATHLETICA
03/09/2025,QUIANA SUBLI SHIRT (B&Y),4,Quiana Black Subli Shirt,189,exact_month,2,JYL ATHLETICA
03/09/2025,QUIANA SUBLI SHIRT (B&Y),4,Quiana Yelloow Subli Shirt,250,exact_month,2,JYL ATHLETICA
04/09/2025,QUIANA SUBLI SHIRT (B&Y),2,Quiana Black Subli Shirt,189,exact_month,1,JYL ATHLETICA
04/09/2025,QUIANA SUBLI SHIRT (B&Y),2,Quiana Yelloow Subli Shirt,250,exact_month,1,JYL ATHLETICA
05/09/2025,QUIANA SUBLI SHIRT (B&Y),2,Quiana Black Subli Shirt,189,exact_month,1,JYL ATHLETICA
05/09/2025,QUIANA SUBLI SHIRT (B&Y),2,Quiana Yelloow Subli Shirt,250,exact_month,1,JYL ATHLETICA
08/09/2025,QUIANA SUBLI SHIRT (B&Y),6,Quiana Black Subli Shirt,189,exact_month,3,JYL ATHLETICA
08/09/2025,QUIANA SUBLI SHIRT (B&Y),6,Quiana Yelloow Subli Shirt,250,exact_month,3,JYL ATHLETICA
09/09/2025,QUIANA SUBLI SHIRT (B&Y),3,Quiana Black Subli Shirt,189,exact_month,1,JYL ATHLETICA
09/09/2025,QUIANA SUBLI SHIRT (B&Y),3,Quiana Yelloow Subli Shirt,250,exact_month,2,JYL ATHLETICA
11/09/2025,QUIANA SUBLI SHIRT (B&Y),18,Quiana Black Subli Shirt,189,exact_month,8,JYL ATHLETICA
11/09/2025,QUIANA SUBLI SHIRT (B&Y),18,Quiana Yelloow Subli Shirt,250,exact_month,10,JYL ATHLETICA
12/09/2025,QUIANA SUBLI SHIRT (B&Y),12,Quiana Black Subli Shirt,189,exact_month,5,JYL ATHLETICA
12/09/2025,QUIANA SUBLI SHIRT (B&Y),12,Quiana Yelloow Subli Shirt,250,exact_month,7,JYL ATHLETICA
13/09/2025,QUIANA SUBLI SHIRT (B&Y),2,Quiana Black Subli Shirt,189,exact_month,1,JYL ATHLETICA
13/09/2025,QUIANA SUBLI SHIRT (B&Y),2,Quiana Yelloow Subli Shirt,250,exact_month,1,JYL ATHLETICA
15/09/2025,QUIANA SUBLI SHIRT (B&Y),2,Quiana Black Subli Shirt,189,exact_month,1,JYL ATHLETICA
15/09/2025,QUIANA SUBLI SHIRT (B&Y),2,Quiana Yelloow Subli Shirt,250,exact_month,1,JYL ATHLETICA
16/09/2025,QUIANA SUBLI SHIRT (B&Y),6,Quiana Black Subli Shirt,189,exact_month,3,JYL ATHLETICA
16/09/2025,QUIANA SUBLI SHIRT (B&Y),6,Quiana Yelloow Subli Shirt,250,exact_month,3,JYL ATHLETICA
19/09/2025,QUIANA SUBLI SHIRT (B&Y),10,Quiana Black Subli Shirt,189,exact_month,4,JYL ATHLETICA
19/09/2025,QUIANA SUBLI SHIRT (B&Y),10,Quiana Yelloow Subli Shirt,250,exact_month,6,JYL ATHLETICA
20/09/2025,QUIANA SUBLI SHIRT (B&Y),6,Quiana Black Subli Shirt,189,exact_month,3,JYL ATHLETICA
20/09/2025,QUIANA SUBLI SHIRT (B&Y),6,Quiana Yelloow Subli Shirt,250,exact_month,3,JYL ATHLETICA
21/09/2025,QUIANA SUBLI SHIRT (B&Y),6,Quiana Black Subli Shirt,189,exact_month,3,JYL ATHLETICA
21/09/2025,QUIANA SUBLI SHIRT (B&Y),6,Quiana Yelloow Subli Shirt,250,exact_month,3,JYL ATHLETICA
24/09/2025,QUIANA SUBLI SHIRT (B&Y),3,Quiana Black Subli Shirt,189,exact_month,1,JYL ATHLETICA
24/09/2025,QUIANA SUBLI SHIRT (B&Y),3,Quiana Yelloow Subli Shirt,250,exact_month,2,JYL ATHLETICA
25/09/2025,QUIANA SUBLI SHIRT (B&Y),6,Quiana Black Subli Shirt,189,exact_month,3,JYL ATHLETICA
25/09/2025,QUIANA SUBLI SHIRT (B&Y),6,Quiana Yelloow Subli Shirt,250,exact_month,3,JYL ATHLETICA
29/09/2025,QUIANA SUBLI SHIRT (B&Y),1,Quiana Black Subli Shirt,189,exact_month,0,JYL ATHLETICA
29/09/2025,QUIANA SUBLI SHIRT (B&Y),1,Quiana Yelloow Subli Shirt,250,exact_month,1,JYL ATHLETICA
30/09/2025,QUIANA SUBLI SHIRT (B&Y),7,Quiana Black Subli Shirt,189,exact_month,3,JYL ATHLETICA
30/09/2025,QUIANA SUBLI SHIRT (B&Y),7,Quiana Yelloow Subli Shirt,250,exact_month,4,JYL ATHLETICA
01/10/2025,QUIANA SUBLI SHIRT (B&Y),2,Quiana Black Subli Shirt,151,exact_month,1,JYL ATHLETICA
01/10/2025,QUIANA SUBLI SHIRT (B&Y),2,Quiana Yelloow Subli Shirt,188,exact_month,1,JYL ATHLETICA
02/10/2025,QUIANA SUBLI SHIRT (B&Y),2,Quiana Black Subli Shirt,151,exact_month,1,JYL ATHLETICA
02/10/2025,QUIANA SUBLI SHIRT (B&Y),2,Quiana Yelloow Subli Shirt,188,exact_month,1,JYL ATHLETICA
03/10/2025,QUIANA SUBLI SHIRT (B&Y),3,Quiana Black Subli Shirt,151,exact_month,1,JYL ATHLETICA
03/10/2025,QUIANA SUBLI SHIRT (B&Y),3,Quiana Yelloow Subli Shirt,188,exact_month,2,JYL ATHLETICA
04/10/2025,QUIANA SUBLI SHIRT (B&Y),4,Quiana Black Subli Shirt,151,exact_month,2,JYL ATHLETICA
04/10/2025,QUIANA SUBLI SHIRT (B&Y),4,Quiana Yelloow Subli Shirt,188,exact_month,2,JYL ATHLETICA
06/10/2025,QUIANA SUBLI SHIRT (B&Y),3,Quiana Black Subli Shirt,151,exact_month,1,JYL ATHLETICA
06/10/2025,QUIANA SUBLI SHIRT (B&Y),3,Quiana Yelloow Subli Shirt,188,exact_month,2,JYL ATHLETICA
07/10/2025,QUIANA SUBLI SHIRT (B&Y),1,Quiana Black Subli Shirt,151,exact_month,0,JYL ATHLETICA
07/10/2025,QUIANA SUBLI SHIRT (B&Y),1,Quiana Yelloow Subli Shirt,188,exact_month,1,JYL ATHLETICA
09/10/2025,QUIANA SUBLI SHIRT (B&Y),11,Quiana Black Subli Shirt,151,exact_month,5,JYL ATHLETICA
09/10/2025,QUIANA SUBLI SHIRT (B&Y),11,Quiana Yelloow Subli Shirt,188,exact_month,6,JYL ATHLETICA
10/10/2025,QUIANA SUBLI SHIRT (B&Y),2,Quiana Black Subli Shirt,151,exact_month,1,JYL ATHLETICA
10/10/2025,QUIANA SUBLI SHIRT (B&Y),2,Quiana Yelloow Subli Shirt,188,exact_month,1,JYL ATHLETICA
13/10/2025,QUIANA SUBLI SHIRT (B&Y),1,Quiana Black Subli Shirt,151,exact_month,0,JYL ATHLETICA
13/10/2025,QUIANA SUBLI SHIRT (B&Y),1,Quiana Yelloow Subli Shirt,188,exact_month,1,JYL ATHLETICA
14/10/2025,QUIANA SUBLI SHIRT (B&Y),3,Quiana Black Subli Shirt,151,exact_month,1,JYL ATHLETICA
14/10/2025,QUIANA SUBLI SHIRT (B&Y),3,Quiana Yelloow Subli Shirt,188,exact_month,2,JYL ATHLETICA
17/10/2025,QUIANA SUBLI SHIRT (B&Y),5,Quiana Black Subli Shirt,151,exact_month,2,JYL ATHLETICA
17/10/2025,QUIANA SUBLI SHIRT (B&Y),5,Quiana Yelloow Subli Shirt,188,exact_month,3,JYL ATHLETICA
22/10/2025,QUIANA SUBLI SHIRT (B&Y),2,Quiana Black Subli Shirt,151,exact_month,1,JYL ATHLETICA
22/10/2025,QUIANA SUBLI SHIRT (B&Y),2,Quiana Yelloow Subli Shirt,188,exact_month,1,JYL ATHLETICA
23/10/2025,QUIANA SUBLI SHIRT (B&Y),3,Quiana Black Subli Shirt,151,exact_month,1,JYL ATHLETICA
23/10/2025,QUIANA SUBLI SHIRT (B&Y),3,Quiana Yelloow Subli Shirt,188,exact_month,2,JYL ATHLETICA
24/10/2025,QUIANA SUBLI SHIRT (B&Y),4,Quiana Black Subli Shirt,151,exact_month,2,JYL ATHLETICA
24/10/2025,QUIANA SUBLI SHIRT (B&Y),4,Quiana Yelloow Subli Shirt,188,exact_month,2,JYL ATHLETICA
25/10/2025,QUIANA SUBLI SHIRT (B&Y),5,Quiana Black Subli Shirt,151,exact_month,2,JYL ATHLETICA
25/10/2025,QUIANA SUBLI SHIRT (B&Y),5,Quiana Yelloow Subli Shirt,188,exact_month,3,JYL ATHLETICA
27/10/2025,QUIANA SUBLI SHIRT (B&Y),1,Quiana Black Subli Shirt,151,exact_month,0,JYL ATHLETICA
27/10/2025,QUIANA SUBLI SHIRT (B&Y),1,Quiana Yelloow Subli Shirt,188,exact_month,1,JYL ATHLETICA
28/10/2025,QUIANA SUBLI SHIRT (B&Y),8,Quiana Black Subli Shirt,151,exact_month,4,JYL ATHLETICA
28/10/2025,QUIANA SUBLI SHIRT (B&Y),8,Quiana Yelloow Subli Shirt,188,exact_month,4,JYL ATHLETICA
29/10/2025,QUIANA SUBLI SHIRT (B&Y),2,Quiana Black Subli Shirt,151,exact_month,1,JYL ATHLETICA
29/10/2025,QUIANA SUBLI SHIRT (B&Y),2,Quiana Yelloow Subli Shirt,188,exact_month,1,JYL ATHLETICA
07/11/2025,QUIANA SUBLI SHIRT (B&Y),2,Quiana Black Subli Shirt,107,exact_month,1,JYL ATHLETICA (CONSIGNMENT)
07/11/2025,QUIANA SUBLI SHIRT (B&Y),2,Quiana Yelloow Subli Shirt,160,exact_month,1,JYL ATHLETICA (CONSIGNMENT)
12/11/2025,QUIANA SUBLI SHIRT (B&Y),2,Quiana Black Subli Shirt,107,exact_month,1,JYL ATHLETICA (CONSIGNMENT)
12/11/2025,QUIANA SUBLI SHIRT (B&Y),2,Quiana Yelloow Subli Shirt,160,exact_month,1,JYL ATHLETICA (CONSIGNMENT)
13/11/2025,QUIANA SUBLI SHIRT (B&Y),4,Quiana Black Subli Shirt,107,exact_month,2,JYL ATHLETICA (CONSIGNMENT)
13/11/2025,QUIANA SUBLI SHIRT (B&Y),4,Quiana Yelloow Subli Shirt,160,exact_month,2,JYL ATHLETICA (CONSIGNMENT)
14/11/2025,QUIANA SUBLI SHIRT (B&Y),2,Quiana Black Subli Shirt,107,exact_month,1,JYL ATHLETICA (CONSIGNMENT)
14/11/2025,QUIANA SUBLI SHIRT (B&Y),2,Quiana Yelloow Subli Shirt,160,exact_month,1,JYL ATHLETICA (CONSIGNMENT)
16/11/2025,QUIANA SUBLI SHIRT (B&Y),1,Quiana Black Subli Shirt,107,exact_month,0,JYL ATHLETICA (CONSIGNMENT)
16/11/2025,QUIANA SUBLI SHIRT (B&Y),1,Quiana Yelloow Subli Shirt,160,exact_month,1,JYL ATHLETICA (CONSIGNMENT)
20/11/2025,QUIANA SUBLI SHIRT (B&Y),1,Quiana Black Subli Shirt,107,exact_month,0,JYL ATHLETICA (CONSIGNMENT)
20/11/2025,QUIANA SUBLI SHIRT (B&Y),1,Quiana Yelloow Subli Shirt,160,exact_month,1,JYL ATHLETICA (CONSIGNMENT)
22/11/2025,QUIANA SUBLI SHIRT (B&Y),1,Quiana Black Subli Shirt,107,exact_month,0,JYL ATHLETICA (CONSIGNMENT)
22/11/2025,QUIANA SUBLI SHIRT (B&Y),1,Quiana Yelloow Subli Shirt,160,exact_month,1,JYL ATHLETICA (CONSIGNMENT)
24/11/2025,QUIANA SUBLI SHIRT (B&Y),3,Quiana Black Subli Shirt,107,exact_month,1,JYL ATHLETICA (CONSIGNMENT)
24/11/2025,QUIANA SUBLI SHIRT (B&Y),3,Quiana Yelloow Subli Shirt,160,exact_month,2,JYL ATHLETICA (CONSIGNMENT)
25/11/2025,QUIANA SUBLI SHIRT (B&Y),1,Quiana Black Subli Shirt,107,exact_month,0,JYL ATHLETICA (CONSIGNMENT)
25/11/2025,QUIANA SUBLI SHIRT (B&Y),1,Quiana Yelloow Subli Shirt,160,exact_month,1,JYL ATHLETICA (CONSIGNMENT)
26/11/2025,QUIANA SUBLI SHIRT (B&Y),1,Quiana Black Subli Shirt,107,exact_month,0,JYL ATHLETICA (CONSIGNMENT)
26/11/2025,QUIANA SUBLI SHIRT (B&Y),1,Quiana Yelloow Subli Shirt,160,exact_month,1,JYL ATHLETICA (CONSIGNMENT)
27/11/2025,QUIANA SUBLI SHIRT (B&Y),1,Quiana Black Subli Shirt,107,exact_month,0,JYL ATHLETICA (CONSIGNMENT)
27/11/2025,QUIANA SUBLI SHIRT (B&Y),1,Quiana Yelloow Subli Shirt,160,exact_month,1,JYL ATHLETICA (CONSIGNMENT)
28/11/2025,QUIANA SUBLI SHIRT (B&Y),3,Quiana Black Subli Shirt,107,exact_month,1,JYL ATHLETICA (CONSIGNMENT)
28/11/2025,QUIANA SUBLI SHIRT (B&Y),3,Quiana Yelloow Subli Shirt,160,exact_month,2,JYL ATHLETICA (CONSIGNMENT)
02/12/2025,QUIANA SUBLI SHIRT (B&Y),4,Quiana Black Subli Shirt,96,exact_month,2,JYL ATHLETICA (CONSIGNMENT)
02/12/2025,QUIANA SUBLI SHIRT (B&Y),4,Quiana Yelloow Subli Shirt,152,exact_month,2,JYL ATHLETICA (CONSIGNMENT)
03/12/2025,QUIANA SUBLI SHIRT (B&Y),3,Quiana Black Subli Shirt,96,exact_month,1,JYL ATHLETICA (CONSIGNMENT)
03/12/2025,QUIANA SUBLI SHIRT (B&Y),3,Quiana Yelloow Subli Shirt,152,exact_month,2,JYL ATHLETICA (CONSIGNMENT)
04/12/2025,QUIANA SUBLI SHIRT (B&Y),4,Quiana Black Subli Shirt,96,exact_month,2,JYL ATHLETICA (CONSIGNMENT)
04/12/2025,QUIANA SUBLI SHIRT (B&Y),4,Quiana Yelloow Subli Shirt,152,exact_month,2,JYL ATHLETICA (CONSIGNMENT)
07/12/2025,QUIANA SUBLI SHIRT (B&Y),33,Quiana Black Subli Shirt,96,exact_month,13,JYL ATHLETICA (CONSIGNMENT)
07/12/2025,QUIANA SUBLI SHIRT (B&Y),33,Quiana Yelloow Subli Shirt,152,exact_month,20,JYL ATHLETICA (CONSIGNMENT)
10/12/2025,QUIANA SUBLI SHIRT (B&Y),3,Quiana Black Subli Shirt,96,exact_month,1,JYL ATHLETICA (CONSIGNMENT)
10/12/2025,QUIANA SUBLI SHIRT (B&Y),3,Quiana Yelloow Subli Shirt,152,exact_month,2,JYL ATHLETICA (CONSIGNMENT)
11/12/2025,QUIANA SUBLI SHIRT (B&Y),1,Quiana Black Subli Shirt,96,exact_month,0,JYL ATHLETICA (CONSIGNMENT)
11/12/2025,QUIANA SUBLI SHIRT (B&Y),1,Quiana Yelloow Subli Shirt,152,exact_month,1,JYL ATHLETICA (CONSIGNMENT)
12/12/2025,QUIANA SUBLI SHIRT (B&Y),1,Quiana Black Subli Shirt,96,exact_month,0,JYL ATHLETICA (CONSIGNMENT)
12/12/2025,QUIANA SUBLI SHIRT (B&Y),1,Quiana Yelloow Subli Shirt,152,exact_month,1,JYL ATHLETICA (CONSIGNMENT)
13/12/2025,QUIANA SUBLI SHIRT (B&Y),2,Quiana Black Subli Shirt,96,exact_month,1,JYL ATHLETICA (CONSIGNMENT)
13/12/2025,QUIANA SUBLI SHIRT (B&Y),2,Quiana Yelloow Subli Shirt,152,exact_month,1,JYL ATHLETICA (CONSIGNMENT)
15/12/2025,QUIANA SUBLI SHIRT (B&Y),1,Quiana Black Subli Shirt,96,exact_month,0,JYL ATHLETICA (CONSIGNMENT)
15/12/2025,QUIANA SUBLI SHIRT (B&Y),1,Quiana Yelloow Subli Shirt,152,exact_month,1,JYL ATHLETICA (CONSIGNMENT)
16/12/2025,QUIANA SUBLI SHIRT (B&Y),5,Quiana Black Subli Shirt,96,exact_month,2,JYL ATHLETICA (CONSIGNMENT)
16/12/2025,QUIANA SUBLI SHIRT (B&Y),5,Quiana Yelloow Subli Shirt,152,exact_month,3,JYL ATHLETICA (CONSIGNMENT)
17/12/2025,QUIANA SUBLI SHIRT (B&Y),2,Quiana Black Subli Shirt,96,exact_month,1,JYL ATHLETICA (CONSIGNMENT)
17/12/2025,QUIANA SUBLI SHIRT (B&Y),2,Quiana Yelloow Subli Shirt,152,exact_month,1,JYL ATHLETICA (CONSIGNMENT)
18/12/2025,QUIANA SUBLI SHIRT (B&Y),13,Quiana Black Subli Shirt,96,exact_month,5,JYL ATHLETICA (CONSIGNMENT)
18/12/2025,QUIANA SUBLI SHIRT (B&Y),13,Quiana Yelloow Subli Shirt,152,exact_month,8,JYL ATHLETICA (CONSIGNMENT)
21/04/2026,UST 3D Keychain,1,New UST Keychain,0,equal_split,1,THREADMARKED (PAID)
21/04/2026,UST 3D Keychain,1,UST Keychain,0,equal_split,0,THREADMARKED (PAID)
21/04/2026,UST 3D Keychain,1,Varsity UST Keychain,0,equal_split,0,THREADMARKED (PAID)
22/04/2026,UST 3D Keychain,1,New UST Keychain,0,equal_split,1,THREADMARKED (PAID)
22/04/2026,UST 3D Keychain,1,UST Keychain,0,equal_split,0,THREADMARKED (PAID)
22/04/2026,UST 3D Keychain,1,Varsity UST Keychain,0,equal_split,0,THREADMARKED (PAID)
28/04/2026,UST 3D Keychain,3,New UST Keychain,0,equal_split,1,THREADMARKED (PAID)
28/04/2026,UST 3D Keychain,3,UST Keychain,0,equal_split,1,THREADMARKED (PAID)
28/04/2026,UST 3D Keychain,3,Varsity UST Keychain,0,equal_split,1,THREADMARKED (PAID)
29/04/2026,UST 3D Keychain,1,New UST Keychain,0,equal_split,1,THREADMARKED (PAID)
29/04/2026,UST 3D Keychain,1,UST Keychain,0,equal_split,0,THREADMARKED (PAID)
29/04/2026,UST 3D Keychain,1,Varsity UST Keychain,0,equal_split,0,THREADMARKED (PAID)
06/05/2026,UST 3D Keychain,2,New UST Keychain,0,equal_split,1,THREADMARKED (PAID)
06/05/2026,UST 3D Keychain,2,UST Keychain,0,equal_split,1,THREADMARKED (PAID)
06/05/2026,UST 3D Keychain,2,Varsity UST Keychain,0,equal_split,0,THREADMARKED (PAID)
09/05/2026,UST 3D Keychain,2,New UST Keychain,0,equal_split,1,THREADMARKED (PAID)
09/05/2026,UST 3D Keychain,2,UST Keychain,0,equal_split,1,THREADMARKED (PAID)
09/05/2026,UST 3D Keychain,2,Varsity UST Keychain,0,equal_split,0,THREADMARKED (PAID)
12/05/2026,UST 3D Keychain,4,New UST Keychain,0,equal_split,2,THREADMARKED (PAID)
12/05/2026,UST 3D Keychain,4,UST Keychain,0,equal_split,1,THREADMARKED (PAID)
12/05/2026,UST 3D Keychain,4,Varsity UST Keychain,0,equal_split,1,THREADMARKED (PAID)
13/05/2026,UST 3D Keychain,1,New UST Keychain,0,equal_split,1,THREADMARKED (PAID)
13/05/2026,UST 3D Keychain,1,UST Keychain,0,equal_split,0,THREADMARKED (PAID)
13/05/2026,UST 3D Keychain,1,Varsity UST Keychain,0,equal_split,0,THREADMARKED (PAID)
14/05/2026,UST 3D Keychain,1,New UST Keychain,0,equal_split,1,THREADMARKED (PAID)
14/05/2026,UST 3D Keychain,1,UST Keychain,0,equal_split,0,THREADMARKED (PAID)
14/05/2026,UST 3D Keychain,1,Varsity UST Keychain,0,equal_split,0,THREADMARKED (PAID)
16/05/2026,UST 3D Keychain,2,New UST Keychain,0,equal_split,1,THREADMARKED (PAID)
16/05/2026,UST 3D Keychain,2,UST Keychain,0,equal_split,1,THREADMARKED (PAID)
16/05/2026,UST 3D Keychain,2,Varsity UST Keychain,0,equal_split,0,THREADMARKED (PAID)
20/05/2026,UST 3D Keychain,1,New UST Keychain,0,equal_split,1,THREADMARKED (PAID)
20/05/2026,UST 3D Keychain,1,UST Keychain,0,equal_split,0,THREADMARKED (PAID)
20/05/2026,UST 3D Keychain,1,Varsity UST Keychain,0,equal_split,0,THREADMARKED (PAID)
21/05/2026,UST 3D Keychain,1,New UST Keychain,0,equal_split,1,THREADMARKED (PAID)
21/05/2026,UST 3D Keychain,1,UST Keychain,0,equal_split,0,THREADMARKED (PAID)
21/05/2026,UST 3D Keychain,1,Varsity UST Keychain,0,equal_split,0,THREADMARKED (PAID)
23/05/2026,UST 3D Keychain,42,New UST Keychain,0,equal_split,14,THREADMARKED (PAID)
23/05/2026,UST 3D Keychain,42,UST Keychain,0,equal_split,14,THREADMARKED (PAID)
23/05/2026,UST 3D Keychain,42,Varsity UST Keychain,0,equal_split,14,THREADMARKED (PAID)
28/05/2026,UST 3D Keychain,8,New UST Keychain,0,equal_split,3,THREADMARKED (PAID)
28/05/2026,UST 3D Keychain,8,UST Keychain,0,equal_split,3,THREADMARKED (PAID)
28/05/2026,UST 3D Keychain,8,Varsity UST Keychain,0,equal_split,2,THREADMARKED (PAID)
29/05/2026,UST 3D Keychain,1,New UST Keychain,0,equal_split,1,THREADMARKED (PAID)
29/05/2026,UST 3D Keychain,1,UST Keychain,0,equal_split,0,THREADMARKED (PAID)
29/05/2026,UST 3D Keychain,1,Varsity UST Keychain,0,equal_split,0,THREADMARKED (PAID)
30/05/2026,UST 3D Keychain,1,New UST Keychain,0,equal_split,1,THREADMARKED (PAID)
30/05/2026,UST 3D Keychain,1,UST Keychain,0,equal_split,0,THREADMARKED (PAID)
30/05/2026,UST 3D Keychain,1,Varsity UST Keychain,0,equal_split,0,THREADMARKED (PAID)
01/06/2026,UST 3D Keychain,6,New UST Keychain,0,equal_split,2,THREADMARKED (PAID)
01/06/2026,UST 3D Keychain,6,UST Keychain,0,equal_split,2,THREADMARKED (PAID)
01/06/2026,UST 3D Keychain,6,Varsity UST Keychain,0,equal_split,2,THREADMARKED (PAID)
02/06/2026,UST 3D Keychain,2,New UST Keychain,0,equal_split,1,THREADMARKED (PAID)
02/06/2026,UST 3D Keychain,2,UST Keychain,0,equal_split,1,THREADMARKED (PAID)
02/06/2026,UST 3D Keychain,2,Varsity UST Keychain,0,equal_split,0,THREADMARKED (PAID)
03/06/2026,UST 3D Keychain,2,New UST Keychain,0,equal_split,1,THREADMARKED (PAID)
03/06/2026,UST 3D Keychain,2,UST Keychain,0,equal_split,1,THREADMARKED (PAID)
03/06/2026,UST 3D Keychain,2,Varsity UST Keychain,0,equal_split,0,THREADMARKED (PAID)
04/06/2026,UST 3D Keychain,1,New UST Keychain,0,equal_split,1,THREADMARKED (PAID)
04/06/2026,UST 3D Keychain,1,UST Keychain,0,equal_split,0,THREADMARKED (PAID)
04/06/2026,UST 3D Keychain,1,Varsity UST Keychain,0,equal_split,0,THREADMARKED (PAID)
05/06/2026,UST 3D Keychain,3,New UST Keychain,0,equal_split,1,THREADMARKED (PAID)
05/06/2026,UST 3D Keychain,3,UST Keychain,0,equal_split,1,THREADMARKED (PAID)
05/06/2026,UST 3D Keychain,3,Varsity UST Keychain,0,equal_split,1,THREADMARKED (PAID)
06/06/2026,UST 3D Keychain,3,New UST Keychain,0,equal_split,1,THREADMARKED (PAID)
06/06/2026,UST 3D Keychain,3,UST Keychain,0,equal_split,1,THREADMARKED (PAID)
06/06/2026,UST 3D Keychain,3,Varsity UST Keychain,0,equal_split,1,THREADMARKED (PAID)
08/06/2026,UST 3D Keychain,3,New UST Keychain,0,equal_split,1,THREADMARKED (PAID)
08/06/2026,UST 3D Keychain,3,UST Keychain,0,equal_split,1,THREADMARKED (PAID)
08/06/2026,UST 3D Keychain,3,Varsity UST Keychain,0,equal_split,1,THREADMARKED (PAID)
09/06/2026,UST 3D Keychain,12,New UST Keychain,0,equal_split,4,THREADMARKED (PAID)
09/06/2026,UST 3D Keychain,12,UST Keychain,0,equal_split,4,THREADMARKED (PAID)
09/06/2026,UST 3D Keychain,12,Varsity UST Keychain,0,equal_split,4,THREADMARKED (PAID)
10/06/2026,UST 3D Keychain,1,New UST Keychain,0,equal_split,1,THREADMARKED (PAID)
10/06/2026,UST 3D Keychain,1,UST Keychain,0,equal_split,0,THREADMARKED (PAID)
10/06/2026,UST 3D Keychain,1,Varsity UST Keychain,0,equal_split,0,THREADMARKED (PAID)
11/06/2026,UST 3D Keychain,2,New UST Keychain,0,equal_split,1,THREADMARKED (PAID)
11/06/2026,UST 3D Keychain,2,UST Keychain,0,equal_split,1,THREADMARKED (PAID)
11/06/2026,UST 3D Keychain,2,Varsity UST Keychain,0,equal_split,0,THREADMARKED (PAID)
13/06/2026,UST 3D Keychain,1,New UST Keychain,0,equal_split,1,THREADMARKED (PAID)
13/06/2026,UST 3D Keychain,1,UST Keychain,0,equal_split,0,THREADMARKED (PAID)
13/06/2026,UST 3D Keychain,1,Varsity UST Keychain,0,equal_split,0,THREADMARKED (PAID)
15/06/2026,UST 3D Keychain,3,New UST Keychain,0,equal_split,1,THREADMARKED (PAID)
15/06/2026,UST 3D Keychain,3,UST Keychain,0,equal_split,1,THREADMARKED (PAID)
15/06/2026,UST 3D Keychain,3,Varsity UST Keychain,0,equal_split,1,THREADMARKED (PAID)
16/06/2026,UST 3D Keychain,2,New UST Keychain,0,equal_split,1,THREADMARKED (PAID)
16/06/2026,UST 3D Keychain,2,UST Keychain,0,equal_split,1,THREADMARKED (PAID)
16/06/2026,UST 3D Keychain,2,Varsity UST Keychain,0,equal_split,0,THREADMARKED (PAID)
17/06/2026,UST 3D Keychain,3,New UST Keychain,0,equal_split,1,THREADMARKED (PAID)
17/06/2026,UST 3D Keychain,3,UST Keychain,0,equal_split,1,THREADMARKED (PAID)
17/06/2026,UST 3D Keychain,3,Varsity UST Keychain,0,equal_split,1,THREADMARKED (PAID)
18/06/2026,UST 3D Keychain,2,New UST Keychain,0,equal_split,1,THREADMARKED (PAID)
18/06/2026,UST 3D Keychain,2,UST Keychain,0,equal_split,1,THREADMARKED (PAID)
18/06/2026,UST 3D Keychain,2,Varsity UST Keychain,0,equal_split,0,THREADMARKED (PAID)
19/06/2026,UST 3D Keychain,5,New UST Keychain,0,equal_split,2,THREADMARKED (PAID)
19/06/2026,UST 3D Keychain,5,UST Keychain,0,equal_split,2,THREADMARKED (PAID)
19/06/2026,UST 3D Keychain,5,Varsity UST Keychain,0,equal_split,1,THREADMARKED (PAID)
23/06/2026,UST 3D Keychain,3,New UST Keychain,0,equal_split,1,THREADMARKED (PAID)
23/06/2026,UST 3D Keychain,3,UST Keychain,0,equal_split,1,THREADMARKED (PAID)
23/06/2026,UST 3D Keychain,3,Varsity UST Keychain,0,equal_split,1,THREADMARKED (PAID)
25/06/2026,UST 3D Keychain,5,New UST Keychain,0,equal_split,2,THREADMARKED (PAID)
25/06/2026,UST 3D Keychain,5,UST Keychain,0,equal_split,2,THREADMARKED (PAID)
25/06/2026,UST 3D Keychain,5,Varsity UST Keychain,0,equal_split,1,THREADMARKED (PAID)
26/06/2026,UST 3D Keychain,3,New UST Keychain,0,equal_split,1,THREADMARKED (PAID)
26/06/2026,UST 3D Keychain,3,UST Keychain,0,equal_split,1,THREADMARKED (PAID)
26/06/2026,UST 3D Keychain,3,Varsity UST Keychain,0,equal_split,1,THREADMARKED (PAID)
29/06/2026,UST 3D Keychain,2,New UST Keychain,0,equal_split,1,THREADMARKED (PAID)
29/06/2026,UST 3D Keychain,2,UST Keychain,0,equal_split,1,THREADMARKED (PAID)
29/06/2026,UST 3D Keychain,2,Varsity UST Keychain,0,equal_split,0,THREADMARKED (PAID)
30/06/2026,UST 3D Keychain,1,New UST Keychain,0,equal_split,1,THREADMARKED (PAID)
30/06/2026,UST 3D Keychain,1,UST Keychain,0,equal_split,0,THREADMARKED (PAID)
30/06/2026,UST 3D Keychain,1,Varsity UST Keychain,0,equal_split,0,THREADMARKED (PAID)
04/05/2024,UST Happy Tiger,6,Black Happy Tiger,143,nearest_month(+6mo),3,JUC
04/05/2024,UST Happy Tiger,6,Yellow Happy Tiger,135,nearest_month(+6mo),3,JUC
06/05/2024,UST Happy Tiger,2,Black Happy Tiger,143,nearest_month(+6mo),1,JUC
06/05/2024,UST Happy Tiger,2,Yellow Happy Tiger,135,nearest_month(+6mo),1,JUC
07/05/2024,UST Happy Tiger,2,Black Happy Tiger,143,nearest_month(+6mo),1,JUC
07/05/2024,UST Happy Tiger,2,Yellow Happy Tiger,135,nearest_month(+6mo),1,JUC
08/05/2024,UST Happy Tiger,11,Black Happy Tiger,143,nearest_month(+6mo),6,JUC
08/05/2024,UST Happy Tiger,11,Yellow Happy Tiger,135,nearest_month(+6mo),5,JUC
09/05/2024,UST Happy Tiger,15,Black Happy Tiger,143,nearest_month(+6mo),8,JUC
09/05/2024,UST Happy Tiger,15,Yellow Happy Tiger,135,nearest_month(+6mo),7,JUC
10/05/2024,UST Happy Tiger,13,Black Happy Tiger,143,nearest_month(+6mo),7,JUC
10/05/2024,UST Happy Tiger,13,Yellow Happy Tiger,135,nearest_month(+6mo),6,JUC
13/05/2024,UST Happy Tiger,2,Black Happy Tiger,143,nearest_month(+6mo),1,JUC
13/05/2024,UST Happy Tiger,2,Yellow Happy Tiger,135,nearest_month(+6mo),1,JUC
14/05/2024,UST Happy Tiger,24,Black Happy Tiger,143,nearest_month(+6mo),12,JUC
14/05/2024,UST Happy Tiger,24,Yellow Happy Tiger,135,nearest_month(+6mo),12,JUC
15/05/2024,UST Happy Tiger,22,Black Happy Tiger,143,nearest_month(+6mo),11,JUC
15/05/2024,UST Happy Tiger,22,Yellow Happy Tiger,135,nearest_month(+6mo),11,JUC
17/05/2024,UST Happy Tiger,5,Black Happy Tiger,143,nearest_month(+6mo),3,JUC
17/05/2024,UST Happy Tiger,5,Yellow Happy Tiger,135,nearest_month(+6mo),2,JUC
20/05/2024,UST Happy Tiger,2,Black Happy Tiger,143,nearest_month(+6mo),1,JUC
20/05/2024,UST Happy Tiger,2,Yellow Happy Tiger,135,nearest_month(+6mo),1,JUC
21/05/2024,UST Happy Tiger,4,Black Happy Tiger,143,nearest_month(+6mo),2,JUC
21/05/2024,UST Happy Tiger,4,Yellow Happy Tiger,135,nearest_month(+6mo),2,JUC
22/05/2024,UST Happy Tiger,6,Black Happy Tiger,143,nearest_month(+6mo),3,JUC
22/05/2024,UST Happy Tiger,6,Yellow Happy Tiger,135,nearest_month(+6mo),3,JUC
23/05/2024,UST Happy Tiger,2,Black Happy Tiger,143,nearest_month(+6mo),1,JUC
23/05/2024,UST Happy Tiger,2,Yellow Happy Tiger,135,nearest_month(+6mo),1,JUC
24/05/2024,UST Happy Tiger,3,Black Happy Tiger,143,nearest_month(+6mo),2,JUC
24/05/2024,UST Happy Tiger,3,Yellow Happy Tiger,135,nearest_month(+6mo),1,JUC
27/05/2024,UST Happy Tiger,6,Black Happy Tiger,143,nearest_month(+6mo),3,JUC
27/05/2024,UST Happy Tiger,6,Yellow Happy Tiger,135,nearest_month(+6mo),3,JUC
28/05/2024,UST Happy Tiger,2,Black Happy Tiger,143,nearest_month(+6mo),1,JUC
28/05/2024,UST Happy Tiger,2,Yellow Happy Tiger,135,nearest_month(+6mo),1,JUC
29/05/2024,UST Happy Tiger,3,Black Happy Tiger,143,nearest_month(+6mo),2,JUC
29/05/2024,UST Happy Tiger,3,Yellow Happy Tiger,135,nearest_month(+6mo),1,JUC
06/05/2024,UST OAT MUG,2,White Oat Mug,51,nearest_month(+9mo),1,JUC
06/05/2024,UST OAT MUG,2,Yellow Oat Mug,50,nearest_month(+9mo),1,JUC
07/05/2024,UST OAT MUG,13,White Oat Mug,51,nearest_month(+9mo),7,JUC
07/05/2024,UST OAT MUG,13,Yellow Oat Mug,50,nearest_month(+9mo),6,JUC
08/05/2024,UST OAT MUG,2,White Oat Mug,51,nearest_month(+9mo),1,JUC
08/05/2024,UST OAT MUG,2,Yellow Oat Mug,50,nearest_month(+9mo),1,JUC
09/05/2024,UST OAT MUG,2,White Oat Mug,51,nearest_month(+9mo),1,JUC
09/05/2024,UST OAT MUG,2,Yellow Oat Mug,50,nearest_month(+9mo),1,JUC
10/05/2024,UST OAT MUG,10,White Oat Mug,51,nearest_month(+9mo),5,JUC
10/05/2024,UST OAT MUG,10,Yellow Oat Mug,50,nearest_month(+9mo),5,JUC
13/05/2024,UST OAT MUG,5,White Oat Mug,51,nearest_month(+9mo),3,JUC
13/05/2024,UST OAT MUG,5,Yellow Oat Mug,50,nearest_month(+9mo),2,JUC
15/05/2024,UST OAT MUG,3,White Oat Mug,51,nearest_month(+9mo),2,JUC
15/05/2024,UST OAT MUG,3,Yellow Oat Mug,50,nearest_month(+9mo),1,JUC
16/05/2024,UST OAT MUG,5,White Oat Mug,51,nearest_month(+9mo),3,JUC
16/05/2024,UST OAT MUG,5,Yellow Oat Mug,50,nearest_month(+9mo),2,JUC
17/05/2024,UST OAT MUG,6,White Oat Mug,51,nearest_month(+9mo),3,JUC
17/05/2024,UST OAT MUG,6,Yellow Oat Mug,50,nearest_month(+9mo),3,JUC
13/08/2025,Wearable Blanket,1,Black Wearable Blanket,45,exact_month,1,STITCH CORP. (BLEEVES)
13/08/2025,Wearable Blanket,1,Yellow Wearable Blanket,20,nearest_month(+5mo),0,STITCH CORP. (BLEEVES)
27/08/2025,Wearable Blanket,1,Black Wearable Blanket,45,exact_month,1,STITCH CORP. (BLEEVES)
27/08/2025,Wearable Blanket,1,Yellow Wearable Blanket,20,nearest_month(+5mo),0,STITCH CORP. (BLEEVES)
28/08/2025,Wearable Blanket,1,Black Wearable Blanket,45,exact_month,1,STITCH CORP. (BLEEVES)
28/08/2025,Wearable Blanket,1,Yellow Wearable Blanket,20,nearest_month(+5mo),0,STITCH CORP. (BLEEVES)
02/09/2025,Wearable Blanket,1,Black Wearable Blanket,42,exact_month,1,STITCH CORP. (BLEEVES)
02/09/2025,Wearable Blanket,1,Yellow Wearable Blanket,20,nearest_month(+4mo),0,STITCH CORP. (BLEEVES)
05/09/2025,Wearable Blanket,1,Black Wearable Blanket,42,exact_month,1,STITCH CORP. (BLEEVES)
05/09/2025,Wearable Blanket,1,Yellow Wearable Blanket,20,nearest_month(+4mo),0,STITCH CORP. (BLEEVES)
12/09/2025,Wearable Blanket,1,Black Wearable Blanket,42,exact_month,1,STITCH CORP. (BLEEVES)
12/09/2025,Wearable Blanket,1,Yellow Wearable Blanket,20,nearest_month(+4mo),0,STITCH CORP. (BLEEVES)
16/09/2025,Wearable Blanket,2,Black Wearable Blanket,42,exact_month,1,STITCH CORP. (BLEEVES)
16/09/2025,Wearable Blanket,2,Yellow Wearable Blanket,20,nearest_month(+4mo),1,STITCH CORP. (BLEEVES)
19/09/2025,Wearable Blanket,1,Black Wearable Blanket,42,exact_month,1,STITCH CORP. (BLEEVES)
19/09/2025,Wearable Blanket,1,Yellow Wearable Blanket,20,nearest_month(+4mo),0,STITCH CORP. (BLEEVES)
21/09/2025,Wearable Blanket,1,Black Wearable Blanket,42,exact_month,1,STITCH CORP. (BLEEVES)
21/09/2025,Wearable Blanket,1,Yellow Wearable Blanket,20,nearest_month(+4mo),0,STITCH CORP. (BLEEVES)
24/09/2025,Wearable Blanket,1,Black Wearable Blanket,42,exact_month,1,STITCH CORP. (BLEEVES)
24/09/2025,Wearable Blanket,1,Yellow Wearable Blanket,20,nearest_month(+4mo),0,STITCH CORP. (BLEEVES)
29/09/2025,Wearable Blanket,1,Black Wearable Blanket,42,exact_month,1,STITCH CORP. (BLEEVES)
29/09/2025,Wearable Blanket,1,Yellow Wearable Blanket,20,nearest_month(+4mo),0,STITCH CORP. (BLEEVES)
30/09/2025,Wearable Blanket,1,Black Wearable Blanket,42,exact_month,1,STITCH CORP. (BLEEVES)
30/09/2025,Wearable Blanket,1,Yellow Wearable Blanket,20,nearest_month(+4mo),0,STITCH CORP. (BLEEVES)
02/10/2025,Wearable Blanket,1,Black Wearable Blanket,32,exact_month,1,STITCH CORP. (BLEEVES)
02/10/2025,Wearable Blanket,1,Yellow Wearable Blanket,20,nearest_month(+3mo),0,STITCH CORP. (BLEEVES)
04/10/2025,Wearable Blanket,1,Black Wearable Blanket,32,exact_month,1,STITCH CORP. (BLEEVES)
04/10/2025,Wearable Blanket,1,Yellow Wearable Blanket,20,nearest_month(+3mo),0,STITCH CORP. (BLEEVES)
05/11/2025,Wearable Blanket,1,Black Wearable Blanket,30,exact_month,1,STITCH CORP. (BLEEVES CONSIGNMENT)
05/11/2025,Wearable Blanket,1,Yellow Wearable Blanket,20,nearest_month(+2mo),0,STITCH CORP. (BLEEVES CONSIGNMENT)
22/11/2025,Wearable Blanket,1,Black Wearable Blanket,30,exact_month,1,STITCH CORP. (BLEEVES CONSIGNMENT)
22/11/2025,Wearable Blanket,1,Yellow Wearable Blanket,20,nearest_month(+2mo),0,STITCH CORP. (BLEEVES CONSIGNMENT)
24/11/2025,Wearable Blanket,1,Black Wearable Blanket,30,exact_month,1,STITCH CORP. (BLEEVES CONSIGNMENT)
24/11/2025,Wearable Blanket,1,Yellow Wearable Blanket,20,nearest_month(+2mo),0,STITCH CORP. (BLEEVES CONSIGNMENT)
03/12/2025,Wearable Blanket,5,Black Wearable Blanket,27,exact_month,3,STITCH CORP. (BLEEVES CONSIGNMENT)
03/12/2025,Wearable Blanket,5,Yellow Wearable Blanket,20,nearest_month(+1mo),2,STITCH CORP. (BLEEVES CONSIGNMENT)
13/12/2025,Wearable Blanket,2,Black Wearable Blanket,27,exact_month,1,STITCH CORP. (BLEEVES CONSIGNMENT)
13/12/2025,Wearable Blanket,2,Yellow Wearable Blanket,20,nearest_month(+1mo),1,STITCH CORP. (BLEEVES CONSIGNMENT)
15/12/2025,Wearable Blanket,1,Black Wearable Blanket,27,exact_month,1,STITCH CORP. (BLEEVES CONSIGNMENT)
15/12/2025,Wearable Blanket,1,Yellow Wearable Blanket,20,nearest_month(+1mo),0,STITCH CORP. (BLEEVES CONSIGNMENT)
18/12/2025,Wearable Blanket,6,Black Wearable Blanket,27,exact_month,3,STITCH CORP. (BLEEVES CONSIGNMENT)
18/12/2025,Wearable Blanket,6,Yellow Wearable Blanket,20,nearest_month(+1mo),3,STITCH CORP. (BLEEVES CONSIGNMENT)
12/01/2026,Wearable Blanket,1,Black Wearable Blanket,16,exact_month,0,STITCH CORP. (BLEEVES CONSIGNMENT)
12/01/2026,Wearable Blanket,1,Yellow Wearable Blanket,20,exact_month,1,STITCH CORP. (BLEEVES CONSIGNMENT)
19/01/2026,Wearable Blanket,1,Black Wearable Blanket,16,exact_month,0,STITCH CORP. (BLEEVES CONSIGNMENT)
19/01/2026,Wearable Blanket,1,Yellow Wearable Blanket,20,exact_month,1,STITCH CORP. (BLEEVES CONSIGNMENT)
21/01/2026,Wearable Blanket,2,Black Wearable Blanket,16,exact_month,1,STITCH CORP. (BLEEVES CONSIGNMENT)
21/01/2026,Wearable Blanket,2,Yellow Wearable Blanket,20,exact_month,1,STITCH CORP. (BLEEVES CONSIGNMENT)
25/01/2026,Wearable Blanket,2,Black Wearable Blanket,16,exact_month,1,STITCH CORP. (BLEEVES CONSIGNMENT)
25/01/2026,Wearable Blanket,2,Yellow Wearable Blanket,20,exact_month,1,STITCH CORP. (BLEEVES CONSIGNMENT)
06/02/2026,Wearable Blanket,1,Black Wearable Blanket,10,exact_month,0,STITCH CORP. (BLEEVES CONSIGNMENT)
06/02/2026,Wearable Blanket,1,Yellow Wearable Blanket,20,exact_month,1,STITCH CORP. (BLEEVES CONSIGNMENT)
14/02/2026,Wearable Blanket,1,Black Wearable Blanket,10,exact_month,0,STITCH CORP. (BLEEVES CONSIGNMENT)
14/02/2026,Wearable Blanket,1,Yellow Wearable Blanket,20,exact_month,1,STITCH CORP. (BLEEVES CONSIGNMENT)
28/02/2026,Wearable Blanket,1,Black Wearable Blanket,10,exact_month,0,STITCH CORP. (BLEEVES CONSIGNMENT)
28/02/2026,Wearable Blanket,1,Yellow Wearable Blanket,20,exact_month,1,STITCH CORP. (BLEEVES CONSIGNMENT)
13/03/2026,Wearable Blanket,1,Black Wearable Blanket,29,exact_month,1,STITCH CORP. (CONSIGNMENT)
13/03/2026,Wearable Blanket,1,Yellow Wearable Blanket,19,exact_month,0,STITCH CORP. (CONSIGNMENT)
23/03/2026,Wearable Blanket,9,Black Wearable Blanket,29,exact_month,5,STITCH CORP. (CONSIGNMENT)
23/03/2026,Wearable Blanket,9,Yellow Wearable Blanket,19,exact_month,4,STITCH CORP. (CONSIGNMENT)
25/03/2026,Wearable Blanket,1,Black Wearable Blanket,29,exact_month,1,STITCH CORP. (CONSIGNMENT)
25/03/2026,Wearable Blanket,1,Yellow Wearable Blanket,19,exact_month,0,STITCH CORP. (CONSIGNMENT)
28/03/2026,Wearable Blanket,2,Black Wearable Blanket,29,exact_month,1,STITCH CORP. (CONSIGNMENT)
28/03/2026,Wearable Blanket,2,Yellow Wearable Blanket,19,exact_month,1,STITCH CORP. (CONSIGNMENT)
05/04/2026,Wearable Blanket,2,Black Wearable Blanket,0,equal_split,1,STITCH CORP. (BLEEVES CONSIGNMENT)
05/04/2026,Wearable Blanket,2,Yellow Wearable Blanket,0,equal_split,1,STITCH CORP. (BLEEVES CONSIGNMENT)
21/04/2026,Wearable Blanket,1,Black Wearable Blanket,0,equal_split,1,STITCH CORP. (BLEEVES CONSIGNMENT)
21/04/2026,Wearable Blanket,1,Yellow Wearable Blanket,0,equal_split,0,STITCH CORP. (BLEEVES CONSIGNMENT)
20/05/2026,Wearable Blanket,3,Black Wearable Blanket,0,equal_split,2,STITCH CORP. (BLEEVES CONSIGNMENT)
20/05/2026,Wearable Blanket,3,Yellow Wearable Blanket,0,equal_split,1,STITCH CORP. (BLEEVES CONSIGNMENT)
28/05/2026,Wearable Blanket,1,Black Wearable Blanket,0,equal_split,1,STITCH CORP. (BLEEVES CONSIGNMENT)
28/05/2026,Wearable Blanket,1,Yellow Wearable Blanket,0,equal_split,0,STITCH CORP. (BLEEVES CONSIGNMENT)
01/06/2026,Wearable Blanket,2,Black Wearable Blanket,0,equal_split,1,STITCH CORP. (BLEEVES CONSIGNMENT)
01/06/2026,Wearable Blanket,2,Yellow Wearable Blanket,0,equal_split,1,STITCH CORP. (BLEEVES CONSIGNMENT)
05/06/2026,Wearable Blanket,1,Black Wearable Blanket,0,equal_split,1,STITCH CORP. (BLEEVES CONSIGNMENT)
05/06/2026,Wearable Blanket,1,Yellow Wearable Blanket,0,equal_split,0,STITCH CORP. (BLEEVES CONSIGNMENT)
06/06/2026,Wearable Blanket,1,Black Wearable Blanket,0,equal_split,1,STITCH CORP. (BLEEVES CONSIGNMENT)
06/06/2026,Wearable Blanket,1,Yellow Wearable Blanket,0,equal_split,0,STITCH CORP. (BLEEVES CONSIGNMENT)
08/06/2026,Wearable Blanket,1,Black Wearable Blanket,0,equal_split,1,STITCH CORP. (BLEEVES CONSIGNMENT)
08/06/2026,Wearable Blanket,1,Yellow Wearable Blanket,0,equal_split,0,STITCH CORP. (BLEEVES CONSIGNMENT)
10/06/2026,Wearable Blanket,3,Black Wearable Blanket,0,equal_split,2,STITCH CORP. (BLEEVES CONSIGNMENT)
10/06/2026,Wearable Blanket,3,Yellow Wearable Blanket,0,equal_split,1,STITCH CORP. (BLEEVES CONSIGNMENT)
13/06/2026,Wearable Blanket,1,Black Wearable Blanket,0,equal_split,1,STITCH CORP. (BLEEVES CONSIGNMENT)
13/06/2026,Wearable Blanket,1,Yellow Wearable Blanket,0,equal_split,0,STITCH CORP. (BLEEVES CONSIGNMENT)
18/06/2026,Wearable Blanket,1,Black Wearable Blanket,0,equal_split,1,STITCH CORP. (BLEEVES CONSIGNMENT)
18/06/2026,Wearable Blanket,1,Yellow Wearable Blanket,0,equal_split,0,STITCH CORP. (BLEEVES CONSIGNMENT)
19/06/2026,Wearable Blanket,1,Black Wearable Blanket,0,equal_split,1,STITCH CORP. (BLEEVES CONSIGNMENT)
19/06/2026,Wearable Blanket,1,Yellow Wearable Blanket,0,equal_split,0,STITCH CORP. (BLEEVES CONSIGNMENT)
23/06/2026,Wearable Blanket,3,Black Wearable Blanket,0,equal_split,2,STITCH CORP. (BLEEVES CONSIGNMENT)
23/06/2026,Wearable Blanket,3,Yellow Wearable Blanket,0,equal_split,1,STITCH CORP. (BLEEVES CONSIGNMENT)
25/06/2026,Wearable Blanket,1,Black Wearable Blanket,0,equal_split,1,STITCH CORP. (BLEEVES CONSIGNMENT)
25/06/2026,Wearable Blanket,1,Yellow Wearable Blanket,0,equal_split,0,STITCH CORP. (BLEEVES CONSIGNMENT)
29/06/2026,Wearable Blanket,1,Black Wearable Blanket,0,equal_split,1,STITCH CORP. (BLEEVES CONSIGNMENT)
29/06/2026,Wearable Blanket,1,Yellow Wearable Blanket,0,equal_split,0,STITCH CORP. (BLEEVES CONSIGNMENT)
05/11/2025,Yellow Lanyard,4,Yellow/Black Lanyard,0,nearest_month(-5mo),0,USTORE (PAID)
05/11/2025,Yellow Lanyard,4,Yellow Id Lanyard,107,exact_month,4,USTORE (PAID)
06/11/2025,Yellow Lanyard,1,Yellow/Black Lanyard,0,nearest_month(-5mo),0,USTORE (PAID)
06/11/2025,Yellow Lanyard,1,Yellow Id Lanyard,107,exact_month,1,USTORE (PAID)
07/11/2025,Yellow Lanyard,2,Yellow/Black Lanyard,0,nearest_month(-5mo),0,USTORE (PAID)
07/11/2025,Yellow Lanyard,2,Yellow Id Lanyard,107,exact_month,2,USTORE (PAID)
12/11/2025,Yellow Lanyard,3,Yellow/Black Lanyard,0,nearest_month(-5mo),0,USTORE (PAID)
12/11/2025,Yellow Lanyard,3,Yellow Id Lanyard,107,exact_month,3,USTORE (PAID)
13/11/2025,Yellow Lanyard,2,Yellow/Black Lanyard,0,nearest_month(-5mo),0,USTORE (PAID)
13/11/2025,Yellow Lanyard,2,Yellow Id Lanyard,107,exact_month,2,USTORE (PAID)
14/11/2025,Yellow Lanyard,43,Yellow/Black Lanyard,0,nearest_month(-5mo),0,USTORE (PAID)
14/11/2025,Yellow Lanyard,43,Yellow Id Lanyard,107,exact_month,43,USTORE (PAID)
20/11/2025,Yellow Lanyard,2,Yellow/Black Lanyard,0,nearest_month(-5mo),0,USTORE (PAID)
20/11/2025,Yellow Lanyard,2,Yellow Id Lanyard,107,exact_month,2,USTORE (PAID)
22/11/2025,Yellow Lanyard,2,Yellow/Black Lanyard,0,nearest_month(-5mo),0,USTORE (PAID)
22/11/2025,Yellow Lanyard,2,Yellow Id Lanyard,107,exact_month,2,USTORE (PAID)
24/11/2025,Yellow Lanyard,3,Yellow/Black Lanyard,0,nearest_month(-5mo),0,USTORE (PAID)
24/11/2025,Yellow Lanyard,3,Yellow Id Lanyard,107,exact_month,3,USTORE (PAID)
26/11/2025,Yellow Lanyard,8,Yellow/Black Lanyard,0,nearest_month(-5mo),0,USTORE (PAID)
26/11/2025,Yellow Lanyard,8,Yellow Id Lanyard,107,exact_month,8,USTORE (PAID)
27/11/2025,Yellow Lanyard,5,Yellow/Black Lanyard,0,nearest_month(-5mo),0,USTORE (PAID)
27/11/2025,Yellow Lanyard,5,Yellow Id Lanyard,107,exact_month,5,USTORE (PAID)
02/12/2025,Yellow Lanyard,4,Yellow/Black Lanyard,0,nearest_month(-6mo),0,USTORE (PAID)
02/12/2025,Yellow Lanyard,4,Yellow Id Lanyard,2,exact_month,4,USTORE (PAID)
03/12/2025,Yellow Lanyard,5,Yellow/Black Lanyard,0,nearest_month(-6mo),0,USTORE (PAID)
03/12/2025,Yellow Lanyard,5,Yellow Id Lanyard,2,exact_month,5,USTORE (PAID)
04/12/2025,Yellow Lanyard,3,Yellow/Black Lanyard,0,nearest_month(-6mo),0,USTORE (PAID)
04/12/2025,Yellow Lanyard,3,Yellow Id Lanyard,2,exact_month,3,USTORE (PAID)
07/12/2025,Yellow Lanyard,87,Yellow/Black Lanyard,0,nearest_month(-6mo),0,USTORE (PAID)
07/12/2025,Yellow Lanyard,87,Yellow Id Lanyard,2,exact_month,87,USTORE (PAID)
10/12/2025,Yellow Lanyard,3,Yellow/Black Lanyard,0,nearest_month(-6mo),0,USTORE (PAID)
10/12/2025,Yellow Lanyard,3,Yellow Id Lanyard,2,exact_month,3,USTORE (PAID)
11/12/2025,Yellow Lanyard,4,Yellow/Black Lanyard,0,nearest_month(-6mo),0,USTORE (PAID)
11/12/2025,Yellow Lanyard,4,Yellow Id Lanyard,2,exact_month,4,USTORE (PAID)
12/12/2025,Yellow Lanyard,2,Yellow/Black Lanyard,0,nearest_month(-6mo),0,USTORE (PAID)
12/12/2025,Yellow Lanyard,2,Yellow Id Lanyard,2,exact_month,2,USTORE (PAID)
13/12/2025,Yellow Lanyard,4,Yellow/Black Lanyard,0,nearest_month(-6mo),0,USTORE (PAID)
13/12/2025,Yellow Lanyard,4,Yellow Id Lanyard,2,exact_month,4,USTORE (PAID)
15/12/2025,Yellow Lanyard,2,Yellow/Black Lanyard,0,nearest_month(-6mo),0,USTORE (PAID)
15/12/2025,Yellow Lanyard,2,Yellow Id Lanyard,2,exact_month,2,USTORE (PAID)
16/12/2025,Yellow Lanyard,4,Yellow/Black Lanyard,0,nearest_month(-6mo),0,USTORE (PAID)
16/12/2025,Yellow Lanyard,4,Yellow Id Lanyard,2,exact_month,4,USTORE (PAID)
17/12/2025,Yellow Lanyard,4,Yellow/Black Lanyard,0,nearest_month(-6mo),0,USTORE (PAID)
17/12/2025,Yellow Lanyard,4,Yellow Id Lanyard,2,exact_month,4,USTORE (PAID)
18/12/2025,Yellow Lanyard,41,Yellow/Black Lanyard,0,nearest_month(-6mo),0,USTORE (PAID)
18/12/2025,Yellow Lanyard,41,Yellow Id Lanyard,2,exact_month,41,USTORE (PAID)
08/01/2026,Yellow Lanyard,1,Yellow/Black Lanyard,0,nearest_month(-7mo),0,USTORE (PAID)
08/01/2026,Yellow Lanyard,1,Yellow Id Lanyard,144,exact_month,1,USTORE (PAID)
10/01/2026,Yellow Lanyard,1,Yellow/Black Lanyard,0,nearest_month(-7mo),0,USTORE (PAID)
10/01/2026,Yellow Lanyard,1,Yellow Id Lanyard,144,exact_month,1,USTORE (PAID)
12/01/2026,Yellow Lanyard,5,Yellow/Black Lanyard,0,nearest_month(-7mo),0,USTORE (PAID)
12/01/2026,Yellow Lanyard,5,Yellow Id Lanyard,144,exact_month,5,USTORE (PAID)
13/01/2026,Yellow Lanyard,1,Yellow/Black Lanyard,0,nearest_month(-7mo),0,USTORE (PAID)
13/01/2026,Yellow Lanyard,1,Yellow Id Lanyard,144,exact_month,1,USTORE (PAID)
14/01/2026,Yellow Lanyard,14,Yellow/Black Lanyard,0,nearest_month(-7mo),0,USTORE (PAID)
14/01/2026,Yellow Lanyard,14,Yellow Id Lanyard,144,exact_month,14,USTORE (PAID)
17/01/2026,Yellow Lanyard,6,Yellow/Black Lanyard,0,nearest_month(-7mo),0,USTORE (PAID)
17/01/2026,Yellow Lanyard,6,Yellow Id Lanyard,144,exact_month,6,USTORE (PAID)
19/01/2026,Yellow Lanyard,1,Yellow/Black Lanyard,0,nearest_month(-7mo),0,USTORE (PAID)
19/01/2026,Yellow Lanyard,1,Yellow Id Lanyard,144,exact_month,1,USTORE (PAID)
20/01/2026,Yellow Lanyard,7,Yellow/Black Lanyard,0,nearest_month(-7mo),0,USTORE (PAID)
20/01/2026,Yellow Lanyard,7,Yellow Id Lanyard,144,exact_month,7,USTORE (PAID)
21/01/2026,Yellow Lanyard,4,Yellow/Black Lanyard,0,nearest_month(-7mo),0,USTORE (PAID)
21/01/2026,Yellow Lanyard,4,Yellow Id Lanyard,144,exact_month,4,USTORE (PAID)
22/01/2026,Yellow Lanyard,8,Yellow/Black Lanyard,0,nearest_month(-7mo),0,USTORE (PAID)
22/01/2026,Yellow Lanyard,8,Yellow Id Lanyard,144,exact_month,8,USTORE (PAID)
23/01/2026,Yellow Lanyard,4,Yellow/Black Lanyard,0,nearest_month(-7mo),0,USTORE (PAID)
23/01/2026,Yellow Lanyard,4,Yellow Id Lanyard,144,exact_month,4,USTORE (PAID)
25/01/2026,Yellow Lanyard,100,Yellow/Black Lanyard,0,nearest_month(-7mo),0,USTORE (PAID)
25/01/2026,Yellow Lanyard,100,Yellow Id Lanyard,144,exact_month,100,USTORE (PAID)
18/02/2026,Yellow Lanyard,2,Yellow/Black Lanyard,0,equal_split,1,USTORE (PAID)
18/02/2026,Yellow Lanyard,2,Yellow Id Lanyard,0,equal_split,1,USTORE (PAID)
19/02/2026,Yellow Lanyard,3,Yellow/Black Lanyard,0,equal_split,2,USTORE (PAID)
19/02/2026,Yellow Lanyard,3,Yellow Id Lanyard,0,equal_split,1,USTORE (PAID)
20/02/2026,Yellow Lanyard,2,Yellow/Black Lanyard,0,equal_split,1,USTORE (PAID)
20/02/2026,Yellow Lanyard,2,Yellow Id Lanyard,0,equal_split,1,USTORE (PAID)
21/02/2026,Yellow Lanyard,1,Yellow/Black Lanyard,0,equal_split,1,USTORE (PAID)
21/02/2026,Yellow Lanyard,1,Yellow Id Lanyard,0,equal_split,0,USTORE (PAID)
23/02/2026,Yellow Lanyard,2,Yellow/Black Lanyard,0,equal_split,1,USTORE (PAID)
23/02/2026,Yellow Lanyard,2,Yellow Id Lanyard,0,equal_split,1,USTORE (PAID)
24/02/2026,Yellow Lanyard,4,Yellow/Black Lanyard,0,equal_split,2,USTORE (PAID)
24/02/2026,Yellow Lanyard,4,Yellow Id Lanyard,0,equal_split,2,USTORE (PAID)
27/02/2026,Yellow Lanyard,17,Yellow/Black Lanyard,0,equal_split,9,USTORE (PAID)
27/02/2026,Yellow Lanyard,17,Yellow Id Lanyard,0,equal_split,8,USTORE (PAID)
28/02/2026,Yellow Lanyard,1,Yellow/Black Lanyard,0,equal_split,1,USTORE (PAID)
28/02/2026,Yellow Lanyard,1,Yellow Id Lanyard,0,equal_split,0,USTORE (PAID)
02/03/2026,Yellow Lanyard,5,Yellow/Black Lanyard,0,nearest_month(-9mo),0,USTORE (PAID)
02/03/2026,Yellow Lanyard,5,Yellow Id Lanyard,588,exact_month,5,USTORE (PAID)
13/03/2026,Yellow Lanyard,22,Yellow/Black Lanyard,0,nearest_month(-9mo),0,USTORE (PAID)
13/03/2026,Yellow Lanyard,22,Yellow Id Lanyard,588,exact_month,22,USTORE (PAID)
16/03/2026,Yellow Lanyard,1,Yellow/Black Lanyard,0,nearest_month(-9mo),0,USTORE (PAID)
16/03/2026,Yellow Lanyard,1,Yellow Id Lanyard,588,exact_month,1,USTORE (PAID)
17/03/2026,Yellow Lanyard,2,Yellow/Black Lanyard,0,nearest_month(-9mo),0,USTORE (PAID)
17/03/2026,Yellow Lanyard,2,Yellow Id Lanyard,588,exact_month,2,USTORE (PAID)
18/03/2026,Yellow Lanyard,1,Yellow/Black Lanyard,0,nearest_month(-9mo),0,USTORE (PAID)
18/03/2026,Yellow Lanyard,1,Yellow Id Lanyard,588,exact_month,1,USTORE (PAID)
23/03/2026,Yellow Lanyard,2,Yellow/Black Lanyard,0,nearest_month(-9mo),0,USTORE (PAID)
23/03/2026,Yellow Lanyard,2,Yellow Id Lanyard,588,exact_month,2,USTORE (PAID)
24/03/2026,Yellow Lanyard,1,Yellow/Black Lanyard,0,nearest_month(-9mo),0,USTORE (PAID)
24/03/2026,Yellow Lanyard,1,Yellow Id Lanyard,588,exact_month,1,USTORE (PAID)
25/03/2026,Yellow Lanyard,7,Yellow/Black Lanyard,0,nearest_month(-9mo),0,USTORE (PAID)
25/03/2026,Yellow Lanyard,7,Yellow Id Lanyard,588,exact_month,7,USTORE (PAID)
29/03/2026,Yellow Lanyard,2,Yellow/Black Lanyard,0,nearest_month(-9mo),0,USTORE (PAID)
29/03/2026,Yellow Lanyard,2,Yellow Id Lanyard,588,exact_month,2,USTORE (PAID)
05/04/2026,Yellow Lanyard,1,Yellow/Black Lanyard,0,equal_split,1,USTORE (PAID)
05/04/2026,Yellow Lanyard,1,Yellow Id Lanyard,0,equal_split,0,USTORE (PAID)
07/04/2026,Yellow Lanyard,2,Yellow/Black Lanyard,0,equal_split,1,USTORE (PAID)
07/04/2026,Yellow Lanyard,2,Yellow Id Lanyard,0,equal_split,1,USTORE (PAID)
13/04/2026,Yellow Lanyard,2,Yellow/Black Lanyard,0,equal_split,1,USTORE (PAID)
13/04/2026,Yellow Lanyard,2,Yellow Id Lanyard,0,equal_split,1,USTORE (PAID)
14/04/2026,Yellow Lanyard,5,Yellow/Black Lanyard,0,equal_split,3,USTORE (PAID)
14/04/2026,Yellow Lanyard,5,Yellow Id Lanyard,0,equal_split,2,USTORE (PAID)
18/04/2026,Yellow Lanyard,2,Yellow/Black Lanyard,0,equal_split,1,USTORE (PAID)
18/04/2026,Yellow Lanyard,2,Yellow Id Lanyard,0,equal_split,1,USTORE (PAID)
21/04/2026,Yellow Lanyard,2,Yellow/Black Lanyard,0,equal_split,1,USTORE (PAID)
21/04/2026,Yellow Lanyard,2,Yellow Id Lanyard,0,equal_split,1,USTORE (PAID)
22/04/2026,Yellow Lanyard,1,Yellow/Black Lanyard,0,equal_split,1,USTORE (PAID)
22/04/2026,Yellow Lanyard,1,Yellow Id Lanyard,0,equal_split,0,USTORE (PAID)
23/04/2026,Yellow Lanyard,1,Yellow/Black Lanyard,0,equal_split,1,USTORE (PAID)
23/04/2026,Yellow Lanyard,1,Yellow Id Lanyard,0,equal_split,0,USTORE (PAID)
24/04/2026,Yellow Lanyard,6,Yellow/Black Lanyard,0,equal_split,3,USTORE (PAID)
24/04/2026,Yellow Lanyard,6,Yellow Id Lanyard,0,equal_split,3,USTORE (PAID)
25/04/2026,Yellow Lanyard,3,Yellow/Black Lanyard,0,equal_split,2,USTORE (PAID)
25/04/2026,Yellow Lanyard,3,Yellow Id Lanyard,0,equal_split,1,USTORE (PAID)
30/04/2026,Yellow Lanyard,8,Yellow/Black Lanyard,0,equal_split,4,USTORE (PAID)
30/04/2026,Yellow Lanyard,8,Yellow Id Lanyard,0,equal_split,4,USTORE (PAID)
06/05/2026,Yellow Lanyard,4,Yellow/Black Lanyard,0,equal_split,2,USTORE (PAID)
06/05/2026,Yellow Lanyard,4,Yellow Id Lanyard,0,equal_split,2,USTORE (PAID)
07/05/2026,Yellow Lanyard,4,Yellow/Black Lanyard,0,equal_split,2,USTORE (PAID)
07/05/2026,Yellow Lanyard,4,Yellow Id Lanyard,0,equal_split,2,USTORE (PAID)
12/05/2026,Yellow Lanyard,1,Yellow/Black Lanyard,0,equal_split,1,USTORE (PAID)
12/05/2026,Yellow Lanyard,1,Yellow Id Lanyard,0,equal_split,0,USTORE (PAID)
13/05/2026,Yellow Lanyard,4,Yellow/Black Lanyard,0,equal_split,2,USTORE (PAID)
13/05/2026,Yellow Lanyard,4,Yellow Id Lanyard,0,equal_split,2,USTORE (PAID)
14/05/2026,Yellow Lanyard,4,Yellow/Black Lanyard,0,equal_split,2,USTORE (PAID)
14/05/2026,Yellow Lanyard,4,Yellow Id Lanyard,0,equal_split,2,USTORE (PAID)
16/05/2026,Yellow Lanyard,2,Yellow/Black Lanyard,0,equal_split,1,USTORE (PAID)
16/05/2026,Yellow Lanyard,2,Yellow Id Lanyard,0,equal_split,1,USTORE (PAID)
19/05/2026,Yellow Lanyard,1,Yellow/Black Lanyard,0,equal_split,1,USTORE (PAID)
19/05/2026,Yellow Lanyard,1,Yellow Id Lanyard,0,equal_split,0,USTORE (PAID)
20/05/2026,Yellow Lanyard,2,Yellow/Black Lanyard,0,equal_split,1,USTORE (PAID)
20/05/2026,Yellow Lanyard,2,Yellow Id Lanyard,0,equal_split,1,USTORE (PAID)
21/05/2026,Yellow Lanyard,3,Yellow/Black Lanyard,0,equal_split,2,USTORE (PAID)
21/05/2026,Yellow Lanyard,3,Yellow Id Lanyard,0,equal_split,1,USTORE (PAID)
23/05/2026,Yellow Lanyard,57,Yellow/Black Lanyard,0,equal_split,29,USTORE (PAID)
23/05/2026,Yellow Lanyard,57,Yellow Id Lanyard,0,equal_split,28,USTORE (PAID)
29/05/2026,Yellow Lanyard,8,Yellow/Black Lanyard,0,equal_split,4,USTORE (PAID)
29/05/2026,Yellow Lanyard,8,Yellow Id Lanyard,0,equal_split,4,USTORE (PAID)
01/06/2026,Yellow Lanyard,2,Yellow/Black Lanyard,0,equal_split,1,USTORE (PAID)
01/06/2026,Yellow Lanyard,2,Yellow Id Lanyard,0,equal_split,1,USTORE (PAID)
02/06/2026,Yellow Lanyard,1,Yellow/Black Lanyard,0,equal_split,1,USTORE (PAID)
02/06/2026,Yellow Lanyard,1,Yellow Id Lanyard,0,equal_split,0,USTORE (PAID)
03/06/2026,Yellow Lanyard,2,Yellow/Black Lanyard,0,equal_split,1,USTORE (PAID)
03/06/2026,Yellow Lanyard,2,Yellow Id Lanyard,0,equal_split,1,USTORE (PAID)
05/06/2026,Yellow Lanyard,4,Yellow/Black Lanyard,0,equal_split,2,USTORE (PAID)
05/06/2026,Yellow Lanyard,4,Yellow Id Lanyard,0,equal_split,2,USTORE (PAID)
06/06/2026,Yellow Lanyard,3,Yellow/Black Lanyard,0,equal_split,2,USTORE (PAID)
06/06/2026,Yellow Lanyard,3,Yellow Id Lanyard,0,equal_split,1,USTORE (PAID)
08/06/2026,Yellow Lanyard,2,Yellow/Black Lanyard,0,equal_split,1,USTORE (PAID)
08/06/2026,Yellow Lanyard,2,Yellow Id Lanyard,0,equal_split,1,USTORE (PAID)
09/06/2026,Yellow Lanyard,4,Yellow/Black Lanyard,0,equal_split,2,USTORE (PAID)
09/06/2026,Yellow Lanyard,4,Yellow Id Lanyard,0,equal_split,2,USTORE (PAID)
11/06/2026,Yellow Lanyard,1,Yellow/Black Lanyard,0,equal_split,1,USTORE (PAID)
11/06/2026,Yellow Lanyard,1,Yellow Id Lanyard,0,equal_split,0,USTORE (PAID)
13/06/2026,Yellow Lanyard,1,Yellow/Black Lanyard,0,equal_split,1,USTORE (PAID)
13/06/2026,Yellow Lanyard,1,Yellow Id Lanyard,0,equal_split,0,USTORE (PAID)
15/06/2026,Yellow Lanyard,18,Yellow/Black Lanyard,0,equal_split,9,USTORE (PAID)
15/06/2026,Yellow Lanyard,18,Yellow Id Lanyard,0,equal_split,9,USTORE (PAID)
16/06/2026,Yellow Lanyard,15,Yellow/Black Lanyard,0,equal_split,8,USTORE (PAID)
16/06/2026,Yellow Lanyard,15,Yellow Id Lanyard,0,equal_split,7,USTORE (PAID)
17/06/2026,Yellow Lanyard,10,Yellow/Black Lanyard,0,equal_split,5,USTORE (PAID)
17/06/2026,Yellow Lanyard,10,Yellow Id Lanyard,0,equal_split,5,USTORE (PAID)
18/06/2026,Yellow Lanyard,3,Yellow/Black Lanyard,0,equal_split,2,USTORE (PAID)
18/06/2026,Yellow Lanyard,3,Yellow Id Lanyard,0,equal_split,1,USTORE (PAID)
19/06/2026,Yellow Lanyard,5,Yellow/Black Lanyard,0,equal_split,3,USTORE (PAID)
19/06/2026,Yellow Lanyard,5,Yellow Id Lanyard,0,equal_split,2,USTORE (PAID)
23/06/2026,Yellow Lanyard,2,Yellow/Black Lanyard,0,equal_split,1,USTORE (PAID)
23/06/2026,Yellow Lanyard,2,Yellow Id Lanyard,0,equal_split,1,USTORE (PAID)
25/06/2026,Yellow Lanyard,30,Yellow/Black Lanyard,0,equal_split,15,USTORE (PAID)
25/06/2026,Yellow Lanyard,30,Yellow Id Lanyard,0,equal_split,15,USTORE (PAID)
26/06/2026,Yellow Lanyard,15,Yellow/Black Lanyard,0,equal_split,8,USTORE (PAID)
26/06/2026,Yellow Lanyard,15,Yellow Id Lanyard,0,equal_split,7,USTORE (PAID)
29/06/2026,Yellow Lanyard,1,Yellow/Black Lanyard,0,equal_split,1,USTORE (PAID)
29/06/2026,Yellow Lanyard,1,Yellow Id Lanyard,0,equal_split,0,USTORE (PAID)
30/06/2026,Yellow Lanyard,3,Yellow/Black Lanyard,0,equal_split,2,USTORE (PAID)
30/06/2026,Yellow Lanyard,3,Yellow Id Lanyard,0,equal_split,1,USTORE (PAID)
