Date,Item,Total Quantity,Supplier
06/08/2024,UST College ID Lace,8,JUC
06/08/2024,UST OAT Hoodie Jacket,2,JUC
06/08/2024,UST OAT T-Shirt Y/B/COLLEGE,12,JUC
06/08/2024,UST T-Shirt Santo Tomas Shirt/UST T-Shirt Tiger Pattern/HAPPY,26,JUC
06/08/2024,UST T-Shirt Sporty,12,JUC
06/08/2024,Jacket,2,JYL ATHLETICA
06/08/2024,Poloshirt 123456 @860,2,JYL ATHLETICA
06/08/2024,VB Jersey without Sig @1500,2,JYL ATHLETICA
06/08/2024,Back pack,1,NAPOLIZ ENTERPRISES
06/08/2024,Hoodies Breaker,1,NAPOLIZ ENTERPRISES
06/08/2024,Laptop Bag,1,NAPOLIZ ENTERPRISES
06/08/2024,Shirts,23,NAPOLIZ ENTERPRISES
06/08/2024,Keychain,1,NEW TRENDS
06/08/2024,Long Sticker,5,NEW TRENDS
06/08/2024,Shirts,7,NEW TRENDS
06/08/2024,Eco Bag @80,1,TET AND DARS
06/08/2024,Pen @ 50,4,TET AND DARS
06/08/2024,Sticker @20,3,TET AND DARS
06/08/2024,C. Keychain,11,USTORE
06/08/2024,Eco Bag CGEEE!,4,USTORE
06/08/2024,Lanyard @180,3,USTORE
06/08/2024,Lanyard @190,7,USTORE
06/08/2024,New Tiger Plushie Big,2,USTORE
06/08/2024,New Tiger Plushie Small,1,USTORE
06/08/2024,Sash Small,2,USTORE
06/08/2024,Tote (One For UST),5,USTORE
06/08/2024,Tote Bag Canvas White,1,USTORE
06/08/2024,Umb (One For UST),1,USTORE
09/08/2024,Polo Shirt @800,1,BLAZE
09/08/2024,UST College ID Lace,2,JUC
09/08/2024,UST OAT T-Shirt Y/B/COLLEGE,3,JUC
09/08/2024,UST T-Shirt Santo Tomas Shirt/UST T-Shirt Tiger Pattern/HAPPY,5,JUC
09/08/2024,Jacket,6,JYL ATHLETICA
09/08/2024,Hoodies Breaker,2,NAPOLIZ ENTERPRISES
09/08/2024,Shirts,1,NAPOLIZ ENTERPRISES
09/08/2024,Varsity Jacket,1,NEW TRENDS
09/08/2024,C. Keychain,2,USTORE
09/08/2024,Eco Bag CGEEE!,6,USTORE
09/08/2024,Tumbler,6,USTORE
09/08/2024,Umb (One For UST),2,USTORE
13/08/2024,Polo Shirt @800,6,BLAZE
13/08/2024,IPEA Shirt,3,IPEA
13/08/2024,UST College ID Lace,19,JUC
13/08/2024,UST OAT Hoodie Jacket,5,JUC
13/08/2024,UST OAT T-Shirt Y/B/COLLEGE,36,JUC
13/08/2024,UST Sweatshirt Sporty,1,JUC
13/08/2024,UST T-Shirt Santo Tomas Shirt/UST T-Shirt Tiger Pattern/HAPPY,27,JUC
13/08/2024,UST T-Shirt Sporty,9,JUC
13/08/2024,BASE BALL SHIRT,3,JYL ATHLETICA
13/08/2024,Corp Jacket,6,JYL ATHLETICA
13/08/2024,Jacket,5,JYL ATHLETICA
13/08/2024,Poloshirt 123456 @860,5,JYL ATHLETICA
13/08/2024,VB Jersey without Sig @1500,3,JYL ATHLETICA
13/08/2024,Hoodies Breaker,8,NAPOLIZ ENTERPRISES
13/08/2024,Shirts,13,NAPOLIZ ENTERPRISES
13/08/2024,Long Sticker,3,NEW TRENDS
13/08/2024,Shirts,1,NEW TRENDS
13/08/2024,Varsity Jacket,3,NEW TRENDS
13/08/2024,Eco Bag @80,1,TET AND DARS
13/08/2024,Pen @ 50,5,TET AND DARS
13/08/2024,Pen @30,1,TET AND DARS
13/08/2024,Sticker @20,2,TET AND DARS
13/08/2024,C. Keychain,16,USTORE
13/08/2024,Lanyard @180,1,USTORE
13/08/2024,Lanyard @190,4,USTORE
13/08/2024,New Tiger Plushie Small,4,USTORE
13/08/2024,Sash Small,1,USTORE
13/08/2024,Tote (One For UST),4,USTORE
13/08/2024,Umb (One For UST),1,USTORE
13/08/2024,Utensil,1,USTORE
16/08/2024,Polo Shirt @800,4,BLAZE
16/08/2024,UST College ID Lace,16,JUC
16/08/2024,UST OAT Hoodie Jacket,1,JUC
16/08/2024,UST OAT T-Shirt Y/B/COLLEGE,28,JUC
16/08/2024,UST T-Shirt Santo Tomas Shirt/UST T-Shirt Tiger Pattern/HAPPY,23,JUC
16/08/2024,GT 375,1,JYL ATHLETICA
16/08/2024,Poloshirt 123456 @860,1,JYL ATHLETICA
16/08/2024,Poloshirt @800,2,JYL ATHLETICA
16/08/2024,Hoodies Breaker,5,NAPOLIZ ENTERPRISES
16/08/2024,Shirts,4,NAPOLIZ ENTERPRISES
16/08/2024,Caps,1,NEW TRENDS
16/08/2024,Long Sticker,4,NEW TRENDS
16/08/2024,Shirts,7,NEW TRENDS
16/08/2024,Keychain @160,9,TET AND DARS
16/08/2024,Mug @170,2,TET AND DARS
16/08/2024,C. Keychain,23,USTORE
16/08/2024,Lanyard @180,4,USTORE
16/08/2024,Lanyard @190,2,USTORE
16/08/2024,Sash Small,1,USTORE
16/08/2024,Shabby Hat,1,USTORE
16/08/2024,Tote (One For UST),4,USTORE
16/08/2024,Umb (One For UST),1,USTORE
22/08/2024,UST College ID Lace,3,JUC
22/08/2024,UST OAT T-Shirt Y/B/COLLEGE,1,JUC
22/08/2024,UST T-Shirt Santo Tomas Shirt/UST T-Shirt Tiger Pattern/HAPPY,1,JUC
22/08/2024,BASE BALL SHIRT,1,JYL ATHLETICA
22/08/2024,Jacket,1,JYL ATHLETICA
22/08/2024,Hoodies Breaker,1,NAPOLIZ ENTERPRISES
22/08/2024,Keychain @160,1,TET AND DARS
22/08/2024,C. Keychain,1,USTORE
22/08/2024,New Tiger Plushie Big,1,USTORE
22/08/2024,New Tiger Plushie Small,2,USTORE
22/08/2024,Tote (One For UST),3,USTORE
22/08/2024,Tote Bag Canvas White,1,USTORE
17/09/2024,Bomber Jacket,1,JUC
17/09/2024,UST College ID Lace,4,JUC
17/09/2024,UST OAT T-Shirt Y/B/COLLEGE,6,JUC
17/09/2024,UST T-Shirt Santo Tomas Shirt/UST T-Shirt Tiger Pattern/HAPPY,9,JUC
17/09/2024,UST T-Shirt Sporty,3,JUC
17/09/2024,Hoodies Breaker,2,NAPOLIZ ENTERPRISES
17/09/2024,Shirts,2,NAPOLIZ ENTERPRISES
17/09/2024,C. Keychain,1,USTORE
17/09/2024,Lanyard @180,10,USTORE
17/09/2024,Lanyard @190,2,USTORE
17/09/2024,New Tiger Plushie Big,1,USTORE
17/09/2024,Sash Small,2,USTORE
17/09/2024,Tote (One For UST),2,USTORE
17/09/2024,Umb (One For UST),1,USTORE
18/09/2024,Polo Shirt @800,6,BLAZE
18/09/2024,Bomber Jacket,1,JUC
18/09/2024,UST College ID Lace,5,JUC
18/09/2024,UST OAT T-Shirt Y/B/COLLEGE,6,JUC
18/09/2024,UST Sweatshirt Sporty,4,JUC
18/09/2024,UST T-Shirt Santo Tomas Shirt/UST T-Shirt Tiger Pattern/HAPPY,10,JUC
18/09/2024,UST T-Shirt Sporty,10,JUC
18/09/2024,Corp Jacket,2,JYL ATHLETICA
18/09/2024,VB Jersey without Sig @1500,1,JYL ATHLETICA
18/09/2024,Cane Umbrella,1,NAPOLIZ ENTERPRISES
18/09/2024,Hoodies Breaker,4,NAPOLIZ ENTERPRISES
18/09/2024,Arch @320,1,TET AND DARS
18/09/2024,Eco Bag @80,1,TET AND DARS
18/09/2024,Keychain @160,4,TET AND DARS
18/09/2024,Mug @170,35,TET AND DARS
18/09/2024,Mug @220,1,TET AND DARS
18/09/2024,Pen @ 50,1,TET AND DARS
18/09/2024,Sticker @ 120,1,TET AND DARS
18/09/2024,Sticker @20,1,TET AND DARS
18/09/2024,Auto Umbrella,3,USTORE
18/09/2024,C. Keychain,3,USTORE
18/09/2024,Lanyard @180,11,USTORE
18/09/2024,Lanyard @190,6,USTORE
18/09/2024,New Tiger Plushie Big,3,USTORE
18/09/2024,New Tiger Plushie Small,3,USTORE
18/09/2024,Tote (One For UST),2,USTORE
18/09/2024,Tote Bag Canvas White,1,USTORE
18/09/2024,Umb (One For UST),5,USTORE
19/09/2024,Polo Shirt @800,1,BLAZE
19/09/2024,Bomber Jacket,1,JUC
19/09/2024,UST College ID Lace,9,JUC
19/09/2024,UST OAT Hoodie Jacket,1,JUC
19/09/2024,UST OAT T-Shirt Y/B/COLLEGE,9,JUC
19/09/2024,UST Sweatshirt Sporty,4,JUC
19/09/2024,UST T-Shirt Santo Tomas Shirt/UST T-Shirt Tiger Pattern/HAPPY,5,JUC
19/09/2024,BASE BALL SHIRT,3,JYL ATHLETICA
19/09/2024,Corp Jacket,1,JYL ATHLETICA
19/09/2024,Jacket,1,JYL ATHLETICA
19/09/2024,Poloshirt @800,3,JYL ATHLETICA
19/09/2024,Baller,1,NEW TRENDS
19/09/2024,Shirts,2,NEW TRENDS
19/09/2024,Keychain @160,1,TET AND DARS
19/09/2024,Sticker @20,1,TET AND DARS
19/09/2024,Auto Umbrella,4,USTORE
19/09/2024,C. Keychain,9,USTORE
19/09/2024,Lanyard @180,22,USTORE
19/09/2024,Lanyard @190,1,USTORE
19/09/2024,New Tiger Plushie Big,2,USTORE
19/09/2024,Sash Small,1,USTORE
19/09/2024,Umb Old @250,6,USTORE
01/10/2024,Polo Shirt @800,1,BLAZE
01/10/2024,Bomber Jacket,2,JUC
01/10/2024,UST College ID Lace,9,JUC
01/10/2024,UST OAT Hoodie Jacket,6,JUC
01/10/2024,UST OAT T-Shirt Y/B/COLLEGE,14,JUC
01/10/2024,UST T-Shirt Santo Tomas Shirt/UST T-Shirt Tiger Pattern/HAPPY,16,JUC
01/10/2024,Jacket,3,JYL ATHLETICA
01/10/2024,Poloshirt 123456 @860,1,JYL ATHLETICA
01/10/2024,VB Jersey without Sig @1500,1,JYL ATHLETICA
01/10/2024,Double Canopy,1,NAPOLIZ ENTERPRISES
01/10/2024,Hoodies Breaker,2,NAPOLIZ ENTERPRISES
01/10/2024,Laptop Bag,1,NAPOLIZ ENTERPRISES
01/10/2024,Shirts,2,NAPOLIZ ENTERPRISES
01/10/2024,UST-Pen W/Box,1,NEW TRENDS
01/10/2024,Arch @320,1,TET AND DARS
01/10/2024,Eco Bag @80,1,TET AND DARS
01/10/2024,Keychain @160,4,TET AND DARS
01/10/2024,Mug @170,4,TET AND DARS
01/10/2024,Pen @30,6,TET AND DARS
01/10/2024,Sticker @ 120,1,TET AND DARS
01/10/2024,Sticker @20,2,TET AND DARS
01/10/2024,Auto Umbrella,1,USTORE
01/10/2024,C. Keychain,1,USTORE
01/10/2024,Lanyard @180,28,USTORE
01/10/2024,Lanyard @190,4,USTORE
01/10/2024,New Tiger Plushie Big,2,USTORE
01/10/2024,New Tiger Plushie Small,2,USTORE
01/10/2024,Sash Small,3,USTORE
01/10/2024,Tote (One For UST),1,USTORE
01/10/2024,Umb (One For UST),3,USTORE
02/10/2024,IPEA Shirt,1,IPEA
02/10/2024,Bomber Jacket,1,JUC
02/10/2024,UST College ID Lace,8,JUC
02/10/2024,UST OAT Hoodie Jacket,2,JUC
02/10/2024,UST OAT MUG (W inside),4,JUC
02/10/2024,UST OAT T-Shirt Y/B/COLLEGE,5,JUC
02/10/2024,UST T-Shirt Santo Tomas Shirt/UST T-Shirt Tiger Pattern/HAPPY,12,JUC
02/10/2024,BASE BALL SHIRT,3,JYL ATHLETICA
02/10/2024,Jacket,3,JYL ATHLETICA
02/10/2024,Poloshirt 123456 @860,1,JYL ATHLETICA
02/10/2024,Poloshirt @800,2,JYL ATHLETICA
02/10/2024,VB Jersey without Sig @2000,1,JYL ATHLETICA
02/10/2024,Hoodies Breaker,8,NAPOLIZ ENTERPRISES
02/10/2024,Sling Bag,1,NAPOLIZ ENTERPRISES
02/10/2024,Keychain @160,3,TET AND DARS
02/10/2024,Mug @170,3,TET AND DARS
02/10/2024,Pen @30,2,TET AND DARS
02/10/2024,Sticker @ 120,2,TET AND DARS
02/10/2024,Sticker @20,2,TET AND DARS
02/10/2024,Auto Umbrella,2,USTORE
02/10/2024,C. Keychain,7,USTORE
02/10/2024,Lanyard @180,15,USTORE
02/10/2024,Lanyard @190,5,USTORE
02/10/2024,New Tiger Plushie Big,2,USTORE
02/10/2024,Sash Small,2,USTORE
02/10/2024,Tote (One For UST),1,USTORE
02/10/2024,Tote Bag Canvas White,1,USTORE
02/10/2024,Umb (One For UST),7,USTORE
03/10/2024,Polo Shirt @800,4,BLAZE
03/10/2024,UST College ID Lace,9,JUC
03/10/2024,UST OAT Hoodie Jacket,3,JUC
03/10/2024,UST OAT T-Shirt Y/B/COLLEGE,5,JUC
03/10/2024,UST Sweatshirt Sporty,1,JUC
03/10/2024,UST T-Shirt Santo Tomas Shirt/UST T-Shirt Tiger Pattern/HAPPY,20,JUC
03/10/2024,UST T-Shirt Sporty,10,JUC
03/10/2024,BASE BALL SHIRT,5,JYL ATHLETICA
03/10/2024,Corp Jacket,3,JYL ATHLETICA
03/10/2024,Poloshirt 123456 @860,4,JYL ATHLETICA
03/10/2024,Poloshirt @800,2,JYL ATHLETICA
03/10/2024,Double Canopy,1,NAPOLIZ ENTERPRISES
03/10/2024,Hoodies Breaker,6,NAPOLIZ ENTERPRISES
03/10/2024,Varsity Jacket,1,NEW TRENDS
03/10/2024,Eco Bag @80,2,TET AND DARS
03/10/2024,Keychain @160,8,TET AND DARS
03/10/2024,Pen @30,5,TET AND DARS
03/10/2024,Sticker @ 120,12,TET AND DARS
03/10/2024,Sticker @20,1,TET AND DARS
03/10/2024,Auto Umbrella,3,USTORE
03/10/2024,C. Keychain,13,USTORE
03/10/2024,Lanyard @180,41,USTORE
03/10/2024,Lanyard @190,4,USTORE
03/10/2024,New Tiger Plushie Big,3,USTORE
03/10/2024,New Tiger Plushie Small,2,USTORE
03/10/2024,Shabby Hat,2,USTORE
03/10/2024,Tote (One For UST),1,USTORE
03/10/2024,Tote Bag Canvas White,3,USTORE
03/10/2024,Umb (One For UST),7,USTORE
04/10/2024,Polo Shirt @800,1,BLAZE
04/10/2024,UST OAT Hoodie Jacket,1,JUC
04/10/2024,UST OAT T-Shirt Y/B/COLLEGE,1,JUC
04/10/2024,UST Sweatshirt Sporty,3,JUC
04/10/2024,UST T-Shirt Sporty,4,JUC
04/10/2024,BASE BALL SHIRT,2,JYL ATHLETICA
04/10/2024,Jacket,3,JYL ATHLETICA
04/10/2024,Poloshirt 123456 @860,3,JYL ATHLETICA
04/10/2024,Hoodies Breaker,1,NAPOLIZ ENTERPRISES
04/10/2024,C. Keychain,2,USTORE
04/10/2024,Lanyard @180,1,USTORE
04/10/2024,Lanyard @190,2,USTORE
04/10/2024,New Tiger Plushie Small,4,USTORE
04/10/2024,Sash Small,2,USTORE
04/10/2024,Shabby Hat,3,USTORE
04/10/2024,Umb (One For UST),1,USTORE
07/10/2024,UST College ID Lace,4,JUC
07/10/2024,UST OAT T-Shirt Y/B/COLLEGE,8,JUC
07/10/2024,UST Sweatshirt Sporty,3,JUC
07/10/2024,UST T-Shirt Santo Tomas Shirt/UST T-Shirt Tiger Pattern/HAPPY,9,JUC
07/10/2024,UST T-Shirt Sporty,4,JUC
07/10/2024,BASE BALL SHIRT,2,JYL ATHLETICA
07/10/2024,Hoodies Breaker,4,NAPOLIZ ENTERPRISES
07/10/2024,Laptop Bag,1,NAPOLIZ ENTERPRISES
07/10/2024,Sling Bag,1,NAPOLIZ ENTERPRISES
07/10/2024,Hoodie,2,NEW TRENDS
07/10/2024,Scarves,1,NEW TRENDS
07/10/2024,Shirts,1,NEW TRENDS
07/10/2024,Keychain @160,3,TET AND DARS
07/10/2024,Pen @30,5,TET AND DARS
07/10/2024,Sticker @ 120,1,TET AND DARS
07/10/2024,Sticker @20,6,TET AND DARS
07/10/2024,C. Keychain,8,USTORE
07/10/2024,Lanyard @180,35,USTORE
07/10/2024,Lanyard @190,5,USTORE
07/10/2024,New Tiger Plushie Big,1,USTORE
07/10/2024,Shabby Hat,1,USTORE
07/10/2024,Umb (One For UST),2,USTORE
08/10/2024,Polo Shirt @800,1,BLAZE
08/10/2024,Bomber Jacket,2,JUC
08/10/2024,UST College ID Lace,6,JUC
08/10/2024,UST OAT T-Shirt Y/B/COLLEGE,15,JUC
08/10/2024,UST Sweatshirt Sporty,3,JUC
08/10/2024,UST T-Shirt Santo Tomas Shirt/UST T-Shirt Tiger Pattern/HAPPY,8,JUC
08/10/2024,UST T-Shirt Sporty,10,JUC
08/10/2024,BASE BALL SHIRT,4,JYL ATHLETICA
08/10/2024,Jacket,4,JYL ATHLETICA
08/10/2024,Poloshirt 123456 @860,2,JYL ATHLETICA
08/10/2024,VB Jersey without Sig @1500,1,JYL ATHLETICA
08/10/2024,Hoodies Breaker,3,NAPOLIZ ENTERPRISES
08/10/2024,Shirts,1,NAPOLIZ ENTERPRISES
08/10/2024,Oversized Sweatshirt,1,NEW TRENDS
08/10/2024,Shirts,1,NEW TRENDS
08/10/2024,UST-Pen W/Box,1,NEW TRENDS
08/10/2024,Keychain @160,28,TET AND DARS
08/10/2024,Pen @30,6,TET AND DARS
08/10/2024,Sticker @20,3,TET AND DARS
08/10/2024,C. Keychain,13,USTORE
08/10/2024,Lanyard @180,32,USTORE
08/10/2024,Lanyard @190,8,USTORE
08/10/2024,New Tiger Plushie Big,1,USTORE
08/10/2024,New Tiger Plushie Small,3,USTORE
08/10/2024,Sash Small,1,USTORE
08/10/2024,Shabby Hat,1,USTORE
08/10/2024,Tote (One For UST),3,USTORE
08/10/2024,Umb (One For UST),5,USTORE
08/10/2024,Utensil,1,USTORE
09/10/2024,Polo Shirt @800,2,BLAZE
09/10/2024,UST College ID Lace,18,JUC
09/10/2024,UST OAT T-Shirt Y/B/COLLEGE,2,JUC
09/10/2024,UST Sweatshirt Sporty,2,JUC
09/10/2024,UST T-Shirt Santo Tomas Shirt/UST T-Shirt Tiger Pattern/HAPPY,7,JUC
09/10/2024,UST T-Shirt Sporty,5,JUC
09/10/2024,BASE BALL SHIRT,1,JYL ATHLETICA
09/10/2024,Corp Jacket,1,JYL ATHLETICA
09/10/2024,Jacket,2,JYL ATHLETICA
09/10/2024,Poloshirt 123456 @860,4,JYL ATHLETICA
09/10/2024,Hoodies Breaker,4,NAPOLIZ ENTERPRISES
09/10/2024,Shirts,2,NAPOLIZ ENTERPRISES
09/10/2024,Long Sticker,1,NEW TRENDS
09/10/2024,Eco Bag @ 130,2,TET AND DARS
09/10/2024,Eco Bag @80,18,TET AND DARS
09/10/2024,Keychain @160,4,TET AND DARS
09/10/2024,Mug @170,15,TET AND DARS
09/10/2024,Pen @30,15,TET AND DARS
09/10/2024,Sticker @ 120,2,TET AND DARS
09/10/2024,C. Keychain,6,USTORE
09/10/2024,Lanyard @180,18,USTORE
09/10/2024,Lanyard @190,2,USTORE
09/10/2024,New Tiger Plushie Small,2,USTORE
09/10/2024,Sash Small,1,USTORE
09/10/2024,Shabby Hat,1,USTORE
09/10/2024,Tiger BUNDLE,1,USTORE
09/10/2024,Umb (One For UST),2,USTORE
09/10/2024,Utensil,15,USTORE
10/10/2024,Polo Shirt @800,3,BLAZE
10/10/2024,Bomber Jacket,1,JUC
10/10/2024,UST College ID Lace,4,JUC
10/10/2024,UST OAT Hoodie Jacket,3,JUC
10/10/2024,UST OAT T-Shirt Y/B/COLLEGE,8,JUC
10/10/2024,UST Sweatshirt Sporty,2,JUC
10/10/2024,UST T-Shirt Santo Tomas Shirt/UST T-Shirt Tiger Pattern/HAPPY,4,JUC
10/10/2024,UST T-Shirt Sporty,10,JUC
10/10/2024,BASE BALL SHIRT,5,JYL ATHLETICA
10/10/2024,Corp Jacket,2,JYL ATHLETICA
10/10/2024,Jacket,3,JYL ATHLETICA
10/10/2024,Poloshirt 123456 @860,1,JYL ATHLETICA
10/10/2024,VB Jersey without Sig @1500,1,JYL ATHLETICA
10/10/2024,Hoodies Breaker,6,NAPOLIZ ENTERPRISES
10/10/2024,Arch @320,2,TET AND DARS
10/10/2024,Keychain @160,5,TET AND DARS
10/10/2024,Pen @30,14,TET AND DARS
10/10/2024,Sticker @20,1,TET AND DARS
10/10/2024,C. Keychain,16,USTORE
10/10/2024,Lanyard @180,32,USTORE
10/10/2024,Lanyard @190,5,USTORE
10/10/2024,New Tiger Plushie Small,6,USTORE
10/10/2024,Sash Small,1,USTORE
10/10/2024,Tote (One For UST),3,USTORE
10/10/2024,Tote Bag Canvas White,1,USTORE
10/10/2024,Umb (One For UST),7,USTORE
11/10/2024,Polo Shirt @800,5,BLAZE
11/10/2024,Bomber Jacket,1,JUC
11/10/2024,UST College ID Lace,4,JUC
11/10/2024,UST OAT Hoodie Jacket,2,JUC
11/10/2024,UST OAT T-Shirt Y/B/COLLEGE,14,JUC
11/10/2024,UST Sweatshirt Sporty,1,JUC
11/10/2024,UST T-Shirt Santo Tomas Shirt/UST T-Shirt Tiger Pattern/HAPPY,17,JUC
11/10/2024,UST T-Shirt Sporty,11,JUC
11/10/2024,BASE BALL SHIRT,1,JYL ATHLETICA
11/10/2024,Jacket,1,JYL ATHLETICA
11/10/2024,Poloshirt @800,2,JYL ATHLETICA
11/10/2024,VB Jersey without Sig @1500,1,JYL ATHLETICA
11/10/2024,Hoodies Breaker,4,NAPOLIZ ENTERPRISES
11/10/2024,Shirts,1,NAPOLIZ ENTERPRISES
11/10/2024,Hoodie,1,NEW TRENDS
11/10/2024,Long Sticker,2,NEW TRENDS
11/10/2024,Oversized Sweatshirt,1,NEW TRENDS
11/10/2024,Shirts,1,NEW TRENDS
11/10/2024,UST-Pen W/Box,1,NEW TRENDS
11/10/2024,Arch @320,1,TET AND DARS
11/10/2024,Keychain @160,4,TET AND DARS
11/10/2024,Mug @170,1,TET AND DARS
11/10/2024,Sticker @20,1,TET AND DARS
11/10/2024,C. Keychain,7,USTORE
11/10/2024,Lanyard @180,30,USTORE
11/10/2024,Lanyard @190,3,USTORE
11/10/2024,New Tiger Plushie Small,1,USTORE
11/10/2024,Sash Small,2,USTORE
11/10/2024,Shabby Hat,2,USTORE
11/10/2024,Tiger BUNDLE,1,USTORE
11/10/2024,Tote (One For UST),5,USTORE
11/10/2024,Umb (One For UST),3,USTORE
16/10/2024,Polo Shirt @800,1,BLAZE
16/10/2024,UST College ID Lace,16,JUC
16/10/2024,UST OAT MUG (W inside),13,JUC
16/10/2024,UST OAT T-Shirt Y/B/COLLEGE,16,JUC
16/10/2024,UST Sweatshirt Sporty,1,JUC
16/10/2024,UST T-Shirt Santo Tomas Shirt/UST T-Shirt Tiger Pattern/HAPPY,9,JUC
16/10/2024,UST T-Shirt Sporty,6,JUC
16/10/2024,BASE BALL SHIRT,3,JYL ATHLETICA
16/10/2024,Jacket,1,JYL ATHLETICA
16/10/2024,Poloshirt @800,2,JYL ATHLETICA
16/10/2024,Hoodies Breaker,4,NAPOLIZ ENTERPRISES
16/10/2024,Laptop Bag,1,NAPOLIZ ENTERPRISES
16/10/2024,Arch @320,1,TET AND DARS
16/10/2024,Eco Bag @80,1,TET AND DARS
16/10/2024,Keychain @160,3,TET AND DARS
16/10/2024,Mug @170,16,TET AND DARS
16/10/2024,Pen @30,2,TET AND DARS
16/10/2024,C. Keychain,2,USTORE
16/10/2024,New Tiger Plushie Big,5,USTORE
16/10/2024,New Tiger Plushie Small,10,USTORE
16/10/2024,Tote (One For UST),62,USTORE
16/10/2024,Umb (One For UST),1,USTORE
17/10/2024,Polo Shirt @800,5,BLAZE
17/10/2024,UST College ID Lace,12,JUC
17/10/2024,UST OAT Hoodie Jacket,3,JUC
17/10/2024,UST OAT MUG (W inside),1,JUC
17/10/2024,UST OAT T-Shirt Y/B/COLLEGE,16,JUC
17/10/2024,UST Sweatshirt Sporty,6,JUC
17/10/2024,UST T-Shirt Santo Tomas Shirt/UST T-Shirt Tiger Pattern/HAPPY,6,JUC
17/10/2024,UST T-Shirt Sporty,12,JUC
17/10/2024,BASE BALL SHIRT,10,JYL ATHLETICA
17/10/2024,Jacket,1,JYL ATHLETICA
17/10/2024,VB Jersey without Sig @1500,3,JYL ATHLETICA
17/10/2024,Hoodies Breaker,8,NAPOLIZ ENTERPRISES
17/10/2024,Shirts,1,NAPOLIZ ENTERPRISES
17/10/2024,Shirts,3,NEW TRENDS
17/10/2024,Sticker Pack,1,NEW TRENDS
17/10/2024,UST-Pen W/Box,1,NEW TRENDS
17/10/2024,Varsity Jacket,1,NEW TRENDS
17/10/2024,Arch @320,4,TET AND DARS
17/10/2024,Keychain @160,16,TET AND DARS
17/10/2024,Pen @30,12,TET AND DARS
17/10/2024,Sticker @ 120,1,TET AND DARS
17/10/2024,Sticker @20,5,TET AND DARS
17/10/2024,C. Keychain,11,USTORE
17/10/2024,Lanyard @180,5,USTORE
17/10/2024,Lanyard @190,30,USTORE
17/10/2024,New Tiger Plushie Big,6,USTORE
17/10/2024,New Tiger Plushie Small,7,USTORE
17/10/2024,Sash Big,1,USTORE
17/10/2024,Sash Small,3,USTORE
17/10/2024,Shabby Hat,4,USTORE
17/10/2024,Tiger BUNDLE,1,USTORE
17/10/2024,Tote (One For UST),2,USTORE
17/10/2024,Tote Bag Canvas White,1,USTORE
17/10/2024,Umb (One For UST),1,USTORE
18/10/2024,Polo Shirt @800,6,BLAZE
18/10/2024,UST College ID Lace,4,JUC
18/10/2024,UST OAT Hoodie Jacket,1,JUC
18/10/2024,UST OAT MUG (W inside),2,JUC
18/10/2024,UST OAT T-Shirt Y/B/COLLEGE,27,JUC
18/10/2024,UST T-Shirt Santo Tomas Shirt/UST T-Shirt Tiger Pattern/HAPPY,24,JUC
18/10/2024,UST T-Shirt Sporty,18,JUC
18/10/2024,BASE BALL SHIRT,1,JYL ATHLETICA
18/10/2024,Corp Jacket,3,JYL ATHLETICA
18/10/2024,Jacket,1,JYL ATHLETICA
18/10/2024,Poloshirt @800,1,JYL ATHLETICA
18/10/2024,VB Jersey without Sig @1500,1,JYL ATHLETICA
18/10/2024,Double Canopy,2,NAPOLIZ ENTERPRISES
18/10/2024,Hoodies Breaker,5,NAPOLIZ ENTERPRISES
18/10/2024,Laptop Bag,1,NAPOLIZ ENTERPRISES
18/10/2024,Shirts,5,NEW TRENDS
18/10/2024,UST-Pen W/Box,3,NEW TRENDS
18/10/2024,Arch @320,1,TET AND DARS
18/10/2024,Eco Bag @80,4,TET AND DARS
18/10/2024,Keychain @160,6,TET AND DARS
18/10/2024,Mug @170,3,TET AND DARS
18/10/2024,Pen @30,16,TET AND DARS
18/10/2024,Sticker @ 120,4,TET AND DARS
18/10/2024,Sticker @20,8,TET AND DARS
18/10/2024,C. Keychain,13,USTORE
18/10/2024,Lanyard @180,32,USTORE
18/10/2024,Lanyard @190,7,USTORE
18/10/2024,New Tiger Plushie Big,2,USTORE
18/10/2024,New Tiger Plushie Small,7,USTORE
18/10/2024,Sash Small,3,USTORE
18/10/2024,Shabby Hat,1,USTORE
18/10/2024,Tiger BUNDLE,1,USTORE
18/10/2024,Tote (One For UST),5,USTORE
18/10/2024,Umb (One For UST),5,USTORE
19/10/2024,Polo Shirt @800,2,BLAZE
19/10/2024,UST College ID Lace,1,JUC
19/10/2024,UST OAT T-Shirt Y/B/COLLEGE,27,JUC
19/10/2024,UST Sweatshirt Sporty,10,JUC
19/10/2024,UST T-Shirt Santo Tomas Shirt/UST T-Shirt Tiger Pattern/HAPPY,37,JUC
19/10/2024,UST T-Shirt Sporty,33,JUC
19/10/2024,BASE BALL SHIRT,4,JYL ATHLETICA
19/10/2024,Corp Jacket,3,JYL ATHLETICA
19/10/2024,Jacket,1,JYL ATHLETICA
19/10/2024,Poloshirt @800,6,JYL ATHLETICA
19/10/2024,Double Canopy,1,NAPOLIZ ENTERPRISES
19/10/2024,Hoodies Breaker,12,NAPOLIZ ENTERPRISES
19/10/2024,Shirts,2,NEW TRENDS
19/10/2024,UST-Pen W/Box,1,NEW TRENDS
19/10/2024,Arch @320,2,TET AND DARS
19/10/2024,Eco Bag @80,1,TET AND DARS
19/10/2024,Keychain @160,16,TET AND DARS
19/10/2024,Mug @170,6,TET AND DARS
19/10/2024,Pen @30,28,TET AND DARS
19/10/2024,Sticker @ 120,2,TET AND DARS
19/10/2024,Sticker @20,4,TET AND DARS
19/10/2024,C. Keychain,3,USTORE
19/10/2024,Lanyard @180,34,USTORE
19/10/2024,Lanyard @190,8,USTORE
19/10/2024,New Tiger Plushie Big,3,USTORE
19/10/2024,New Tiger Plushie Small,8,USTORE
19/10/2024,Sash Big,2,USTORE
19/10/2024,Sash Small,2,USTORE
19/10/2024,Shabby Hat,2,USTORE
19/10/2024,Tiger BUNDLE,1,USTORE
19/10/2024,Tote (One For UST),3,USTORE
19/10/2024,Utensil,14,USTORE
20/10/2024,Polo Shirt @800,7,BLAZE
20/10/2024,Bomber Jacket,15,JUC
20/10/2024,UST OAT Hoodie Jacket,6,JUC
20/10/2024,UST OAT T-Shirt Y/B/COLLEGE,34,JUC
20/10/2024,UST Sweatshirt Sporty,8,JUC
20/10/2024,UST T-Shirt Santo Tomas Shirt/UST T-Shirt Tiger Pattern/HAPPY,106,JUC
20/10/2024,UST T-Shirt Sporty,30,JUC
20/10/2024,BASE BALL SHIRT,9,JYL ATHLETICA
20/10/2024,Jacket,21,JYL ATHLETICA
20/10/2024,Poloshirt 123456 @860,1,JYL ATHLETICA
20/10/2024,VB Jersey without Sig @1500,2,JYL ATHLETICA
20/10/2024,Double Canopy,8,NAPOLIZ ENTERPRISES
20/10/2024,Hoodies Breaker,13,NAPOLIZ ENTERPRISES
20/10/2024,Lanyard,9,NEW TRENDS
20/10/2024,New GT Shirts,4,NEW TRENDS
20/10/2024,Shirts,20,NEW TRENDS
20/10/2024,Varsity Jacket,1,NEW TRENDS
20/10/2024,VL Sticker Pack,12,NEW TRENDS
20/10/2024,Keychain @160,36,TET AND DARS
20/10/2024,Pen @30,39,TET AND DARS
20/10/2024,Sticker @ 120,7,TET AND DARS
20/10/2024,Sticker @20,7,TET AND DARS
20/10/2024,C. Keychain,45,USTORE
20/10/2024,Lanyard @180,60,USTORE
20/10/2024,Lanyard @190,27,USTORE
20/10/2024,New Tiger Plushie Big,13,USTORE
20/10/2024,New Tiger Plushie Small,26,USTORE
20/10/2024,Sash Small,3,USTORE
20/10/2024,Shabby Hat,15,USTORE
20/10/2024,Tiger BUNDLE,5,USTORE
20/10/2024,Tote (One For UST),21,USTORE
20/10/2024,Tote Bag Canvas White,24,USTORE
20/10/2024,Umb (One For UST),26,USTORE
20/10/2024,Utensil,4,USTORE
03/11/2024,UST OAT T-Shirt Y/B/COLLEGE,6,JUC
03/11/2024,UST Sweatshirt Sporty,3,JUC
03/11/2024,UST T-Shirt Santo Tomas Shirt/UST T-Shirt Tiger Pattern/HAPPY,7,JUC
03/11/2024,UST T-Shirt Sporty,1,JUC
03/11/2024,BASE BALL SHIRT,2,JYL ATHLETICA
03/11/2024,Jacket,1,JYL ATHLETICA
03/11/2024,Hoodies Breaker,3,NAPOLIZ
03/11/2024,Shirts,2,NEW TRENDS
03/11/2024,Pen @30,2,TET AND DARS
03/11/2024,C. Keychain,2,USTORE
03/11/2024,Lanyard @180,2,USTORE
03/11/2024,Lanyard @190,2,USTORE
03/11/2024,New Tiger Plushie Small,3,USTORE
03/11/2024,Sash Big,1,USTORE
03/11/2024,Shabby Hat,1,USTORE
03/11/2024,Tote Bag Canvas White,2,USTORE
03/11/2024,Umb (One For UST),2,USTORE
04/11/2024,Polo Shirt @800,2,BLAZE
04/11/2024,Bomber Jacket,1,JUC
04/11/2024,UST College ID Lace,2,JUC
04/11/2024,UST OAT T-Shirt Y/B/COLLEGE,9,JUC
04/11/2024,UST Sweatshirt Sporty,1,JUC
04/11/2024,UST T-Shirt Santo Tomas Shirt/UST T-Shirt Tiger Pattern/HAPPY,13,JUC
04/11/2024,UST T-Shirt Sporty,3,JUC
04/11/2024,BASE BALL SHIRT,1,JYL ATHLETICA
04/11/2024,Poloshirt @800,2,JYL ATHLETICA
04/11/2024,VB Jersey without Sig @1500,1,JYL ATHLETICA
04/11/2024,Double Canopy,4,NAPOLIZ
04/11/2024,Hoodies Breaker,6,NAPOLIZ
04/11/2024,Hoodie,1,NEW TRENDS
04/11/2024,Keychain @160,7,TET AND DARS
04/11/2024,Mug @170,3,TET AND DARS
04/11/2024,Pen @30,14,TET AND DARS
04/11/2024,C. Keychain,3,USTORE
04/11/2024,Lanyard @180,10,USTORE
04/11/2024,Lanyard @190,5,USTORE
04/11/2024,New Tiger Plushie Small,3,USTORE
04/11/2024,Tote (One For UST),3,USTORE
04/11/2024,Tote Bag Canvas White,1,USTORE
04/11/2024,Umb (One For UST),4,USTORE
05/11/2024,Polo Shirt @800,6,BLAZE
05/11/2024,UST College ID Lace,1,JUC
05/11/2024,UST OAT T-Shirt Y/B/COLLEGE,3,JUC
05/11/2024,UST Sweatshirt Sporty,2,JUC
05/11/2024,UST T-Shirt Santo Tomas Shirt/UST T-Shirt Tiger Pattern/HAPPY,4,JUC
05/11/2024,UST T-Shirt Sporty,6,JUC
05/11/2024,BASE BALL SHIRT,4,JYL ATHLETICA
05/11/2024,Poloshirt 123456 @860,2,JYL ATHLETICA
05/11/2024,Hoodies Breaker,1,NAPOLIZ
05/11/2024,Long Sticker,1,NEW TRENDS
05/11/2024,UST-Pen W/Box,3,NEW TRENDS
05/11/2024,VL Sticker Pack,1,NEW TRENDS
05/11/2024,Keychain @160,3,TET AND DARS
05/11/2024,C. Keychain,8,USTORE
05/11/2024,Lanyard @180,17,USTORE
05/11/2024,Lanyard @190,3,USTORE
05/11/2024,New Tiger Plushie Big,1,USTORE
05/11/2024,New Tiger Plushie Small,3,USTORE
05/11/2024,Tote (One For UST),1,USTORE
05/11/2024,Tote Bag Canvas White,89,USTORE
05/11/2024,Umb (One For UST),7,USTORE
06/11/2024,Polo Shirt @800,9,BLAZE
06/11/2024,UST College ID Lace,2,JUC
06/11/2024,UST OAT T-Shirt Y/B/COLLEGE,14,JUC
06/11/2024,UST Sweatshirt Sporty,3,JUC
06/11/2024,UST T-Shirt Santo Tomas Shirt/UST T-Shirt Tiger Pattern/HAPPY,4,JUC
06/11/2024,UST T-Shirt Sporty,1,JUC
06/11/2024,Corp Jacket,2,JYL ATHLETICA
06/11/2024,Poloshirt @800,2,JYL ATHLETICA
06/11/2024,Hoodies Breaker,1,NAPOLIZ
06/11/2024,UST-Pen W/Box,2,NEW TRENDS
06/11/2024,Varsity Jacket,1,NEW TRENDS
06/11/2024,VL Sticker Pack,4,NEW TRENDS
06/11/2024,Arch @320,5,TET AND DARS
06/11/2024,Keychain @160,4,TET AND DARS
06/11/2024,Mug @170,3,TET AND DARS
06/11/2024,Pen @30,2,TET AND DARS
06/11/2024,Sticker @120,2,TET AND DARS
06/11/2024,C. Keychain,4,USTORE
06/11/2024,Lanyard @180,14,USTORE
06/11/2024,Lanyard @190,3,USTORE
06/11/2024,Sash Small,20,USTORE
06/11/2024,Shabby Hat,1,USTORE
06/11/2024,Tote (One For UST),2,USTORE
06/11/2024,Umb (One For UST),1,USTORE
07/11/2024,Polo Shirt @800,1,BLAZE
07/11/2024,UST College ID Lace,1,JUC
07/11/2024,UST OAT T-Shirt Y/B/COLLEGE,3,JUC
07/11/2024,UST Sweatshirt Sporty,3,JUC
07/11/2024,UST T-Shirt Santo Tomas Shirt/UST T-Shirt Tiger Pattern/HAPPY,12,JUC
07/11/2024,UST T-Shirt Sporty,8,JUC
07/11/2024,BASE BALL SHIRT,2,JYL ATHLETICA
07/11/2024,Corp Jacket,1,JYL ATHLETICA
07/11/2024,Jacket,2,JYL ATHLETICA
07/11/2024,Poloshirt 123456 @860,2,JYL ATHLETICA
07/11/2024,Double Canopy,1,NAPOLIZ
07/11/2024,Hoodies Breaker,1,NAPOLIZ
07/11/2024,Long Sticker,7,NEW TRENDS
07/11/2024,Shirts,2,NEW TRENDS
07/11/2024,UST-Pen W/Box,6,NEW TRENDS
07/11/2024,VL Sticker Pack,2,NEW TRENDS
07/11/2024,Keychain @160,5,TET AND DARS
07/11/2024,Mug @170,1,TET AND DARS
07/11/2024,Pen @30,1,TET AND DARS
07/11/2024,C. Keychain,1,USTORE
07/11/2024,Lanyard @180,15,USTORE
07/11/2024,Sash Small,1,USTORE
07/11/2024,Tote (One For UST),3,USTORE
07/11/2024,Tote Bag Canvas White,1,USTORE
07/11/2024,Umb (One For UST),1,USTORE
08/11/2024,Polo Shirt @800,1,BLAZE
08/11/2024,UST College ID Lace,1,JUC
08/11/2024,UST OAT T-Shirt Y/B/COLLEGE,11,JUC
08/11/2024,UST Sweatshirt Sporty,5,JUC
08/11/2024,UST T-Shirt Santo Tomas Shirt/UST T-Shirt Tiger Pattern/HAPPY,19,JUC
08/11/2024,UST T-Shirt Sporty,12,JUC
08/11/2024,BASE BALL SHIRT,7,JYL ATHLETICA
08/11/2024,Corp Jacket,2,JYL ATHLETICA
08/11/2024,Jacket,2,JYL ATHLETICA
08/11/2024,Poloshirt @800,1,JYL ATHLETICA
08/11/2024,VB Jersey without Sig @1500,1,JYL ATHLETICA
08/11/2024,Double Canopy,2,NAPOLIZ
08/11/2024,Hoodies Breaker,3,NAPOLIZ
08/11/2024,Shirts,1,NAPOLIZ
08/11/2024,Long Sticker,1,NEW TRENDS
08/11/2024,Shirts,1,NEW TRENDS
08/11/2024,VL Sticker Pack,7,NEW TRENDS
08/11/2024,Keychain @160,12,TET AND DARS
08/11/2024,Mug @170,2,TET AND DARS
08/11/2024,C. Keychain,12,USTORE
08/11/2024,Lanyard @180,28,USTORE
08/11/2024,New Tiger Plushie Small,1,USTORE
08/11/2024,Sash Small,3,USTORE
08/11/2024,Shabby Hat,4,USTORE
08/11/2024,Tiger BUNDLE,1,USTORE
08/11/2024,Tote (One For UST),3,USTORE
08/11/2024,Umb. Cane,2,USTORE
08/11/2024,Utensil,3,USTORE
12/11/2024,Bomber Jacket,3,JUC
12/11/2024,UST College ID Lace,20,JUC
12/11/2024,UST OAT Hoodie Jacket,3,JUC
12/11/2024,UST OAT T-Shirt Y/B/COLLEGE,10,JUC
12/11/2024,UST Sweatshirt Sporty,2,JUC
12/11/2024,UST T-Shirt Santo Tomas Shirt/UST T-Shirt Tiger Pattern/HAPPY,9,JUC
12/11/2024,UST T-Shirt Sporty,2,JUC
12/11/2024,BASE BALL SHIRT,3,JYL ATHLETICA
12/11/2024,Jacket,2,JYL ATHLETICA
12/11/2024,Poloshirt @800,4,JYL ATHLETICA
12/11/2024,Hoodies Breaker,8,NAPOLIZ
12/11/2024,Shirts,1,NAPOLIZ
12/11/2024,Varsity Jacket,1,NEW TRENDS
12/11/2024,Keychain @160,4,TET AND DARS
12/11/2024,Sticker @120,1,TET AND DARS
12/11/2024,Lanyard @180,20,USTORE
12/11/2024,Lanyard @190,9,USTORE
12/11/2024,Tote (One For UST),9,USTORE
12/11/2024,Tote Bag Canvas White,1,USTORE
12/11/2024,Umb (One For UST),1,USTORE
13/11/2024,UST College ID Lace,8,JUC
13/11/2024,UST OAT Hoodie Jacket,1,JUC
13/11/2024,UST OAT T-Shirt Y/B/COLLEGE,15,JUC
13/11/2024,UST Sweatshirt Sporty,1,JUC
13/11/2024,UST T-Shirt Santo Tomas Shirt/UST T-Shirt Tiger Pattern/HAPPY,10,JUC
13/11/2024,UST T-Shirt Sporty,9,JUC
13/11/2024,BASE BALL SHIRT,2,JYL ATHLETICA
13/11/2024,Corp Jacket,2,JYL ATHLETICA
13/11/2024,Jacket,2,JYL ATHLETICA
13/11/2024,Poloshirt 123456 @860,1,JYL ATHLETICA
13/11/2024,Poloshirt @800,1,JYL ATHLETICA
13/11/2024,Back pack,2,NAPOLIZ
13/11/2024,Hoodies Breaker,2,NAPOLIZ
13/11/2024,VL Sticker Pack,1,NEW TRENDS
13/11/2024,Arch @320,2,TET AND DARS
13/11/2024,Eco Bag @80,1,TET AND DARS
13/11/2024,Keychain @160,6,TET AND DARS
13/11/2024,Pen @30,4,TET AND DARS
13/11/2024,Sticker @120,1,TET AND DARS
13/11/2024,C. Keychain,2,USTORE
13/11/2024,Lanyard @180,16,USTORE
13/11/2024,Lanyard @190,1,USTORE
13/11/2024,New Tiger Plushie Big,1,USTORE
13/11/2024,New Tiger Plushie Small,5,USTORE
13/11/2024,Tiger BUNDLE,2,USTORE
13/11/2024,Tote (One For UST),33,USTORE
13/11/2024,Tote Bag Canvas White,1,USTORE
14/11/2024,Polo Shirt @800,1,BLAZE
14/11/2024,Bomber Jacket,1,JUC
14/11/2024,UST College ID Lace,14,JUC
14/11/2024,UST OAT T-Shirt Y/B/COLLEGE,2,JUC
14/11/2024,UST Sweatshirt Sporty,1,JUC
14/11/2024,UST T-Shirt Santo Tomas Shirt/UST T-Shirt Tiger Pattern/HAPPY,18,JUC
14/11/2024,UST T-Shirt Sporty,7,JUC
14/11/2024,BASE BALL SHIRT,1,JYL ATHLETICA
14/11/2024,Corp Jacket,2,JYL ATHLETICA
14/11/2024,Jacket,4,JYL ATHLETICA
14/11/2024,Poloshirt 123456 @860,1,JYL ATHLETICA
14/11/2024,VB Jersey without Sig @1500,1,JYL ATHLETICA
14/11/2024,Back pack,1,NAPOLIZ
14/11/2024,Hoodies Breaker,1,NAPOLIZ
14/11/2024,VL Sticker Pack,1,NEW TRENDS
14/11/2024,Keychain @160,4,TET AND DARS
14/11/2024,Pen @30,10,TET AND DARS
14/11/2024,Sticker @120,1,TET AND DARS
14/11/2024,C. Keychain,1,USTORE
14/11/2024,Kit Set,2,USTORE
14/11/2024,Lanyard @180,10,USTORE
14/11/2024,Lanyard @190,3,USTORE
14/11/2024,New Tiger Plushie Big,1,USTORE
14/11/2024,New Tiger Plushie Small,2,USTORE
14/11/2024,Tiger BUNDLE,1,USTORE
15/11/2024,Polo Shirt @800,4,BLAZE
15/11/2024,UST College ID Lace,10,JUC
15/11/2024,UST OAT T-Shirt Y/B/COLLEGE,3,JUC
15/11/2024,UST Sweatshirt Sporty,2,JUC
15/11/2024,UST T-Shirt Santo Tomas Shirt/UST T-Shirt Tiger Pattern/HAPPY,12,JUC
15/11/2024,UST T-Shirt Sporty,2,JUC
15/11/2024,BASE BALL SHIRT,3,JYL ATHLETICA
15/11/2024,Poloshirt 123456 @860,1,JYL ATHLETICA
15/11/2024,Poloshirt @800,2,JYL ATHLETICA
15/11/2024,Hoodies Breaker,2,NAPOLIZ
15/11/2024,VL Sticker Pack,1,NEW TRENDS
15/11/2024,Arch @320,1,TET AND DARS
15/11/2024,Keychain @160,5,TET AND DARS
15/11/2024,Pen @30,1,TET AND DARS
15/11/2024,Sticker @120,3,TET AND DARS
15/11/2024,Lanyard @180,17,USTORE
15/11/2024,Lanyard @190,1,USTORE
15/11/2024,New Tiger Plushie Small,4,USTORE
15/11/2024,Sash Small,1,USTORE
15/11/2024,Tote (One For UST),3,USTORE
15/11/2024,Tote Bag Canvas White,2,USTORE
19/11/2024,Polo Shirt @800,1,BLAZE
19/11/2024,Bomber Jacket,1,JUC
19/11/2024,UST College ID Lace,10,JUC
19/11/2024,UST OAT T-Shirt Y/B/COLLEGE,16,JUC
19/11/2024,UST Sweatshirt Sporty,1,JUC
19/11/2024,UST T-Shirt Santo Tomas Shirt/UST T-Shirt Tiger Pattern/HAPPY,2,JUC
19/11/2024,UST T-Shirt Sporty,1,JUC
19/11/2024,Hoodies Breaker,7,NAPOLIZ
19/11/2024,Shirts,1,NAPOLIZ
19/11/2024,Pen @30,1,TET AND DARS
19/11/2024,Sticker @120,1,TET AND DARS
19/11/2024,C. Keychain,7,USTORE
19/11/2024,Kit Set,1,USTORE
19/11/2024,Lanyard @180,16,USTORE
19/11/2024,Lanyard @190,1,USTORE
19/11/2024,Tote (One For UST),1,USTORE
19/11/2024,Umb (One For UST),41,USTORE
19/11/2024,Umb. Cane,1,USTORE
20/11/2024,Polo Shirt @800,1,BLAZE
20/11/2024,UST College ID Lace,5,JUC
20/11/2024,UST OAT Hoodie Jacket,4,JUC
20/11/2024,UST OAT MUG (W inside),1,JUC
20/11/2024,UST OAT T-Shirt Y/B/COLLEGE,8,JUC
20/11/2024,UST Sweatshirt Sporty,1,JUC
20/11/2024,UST T-Shirt Santo Tomas Shirt/UST T-Shirt Tiger Pattern/HAPPY,9,JUC
20/11/2024,UST T-Shirt Sporty,5,JUC
20/11/2024,BASE BALL SHIRT,1,JYL ATHLETICA
20/11/2024,Corp Jacket,6,JYL ATHLETICA
20/11/2024,Poloshirt @800,1,JYL ATHLETICA
20/11/2024,Laptop Bag,1,NAPOLIZ
20/11/2024,Shirts,3,NAPOLIZ
20/11/2024,UST-Pen W/Box,1,NEW TRENDS
20/11/2024,Arch @320,2,TET AND DARS
20/11/2024,Keychain @160,5,TET AND DARS
20/11/2024,Pen @30,4,TET AND DARS
20/11/2024,Sticker @120,2,TET AND DARS
20/11/2024,C. Keychain,5,USTORE
20/11/2024,Lanyard @180,12,USTORE
20/11/2024,Lanyard @190,2,USTORE
20/11/2024,New Tiger Plushie Small,1,USTORE
20/11/2024,Shabby Hat,1,USTORE
20/11/2024,Tiger BUNDLE,3,USTORE
20/11/2024,Tote (One For UST),4,USTORE
20/11/2024,Umb (One For UST),1,USTORE
20/11/2024,Utensil,10,USTORE
21/11/2024,UST College ID Lace,13,JUC
21/11/2024,UST OAT Hoodie Jacket,2,JUC
21/11/2024,UST OAT T-Shirt Y/B/COLLEGE,5,JUC
21/11/2024,UST Sweatshirt Sporty,1,JUC
21/11/2024,UST T-Shirt Santo Tomas Shirt/UST T-Shirt Tiger Pattern/HAPPY,9,JUC
21/11/2024,UST T-Shirt Sporty,5,JUC
21/11/2024,BASE BALL SHIRT,1,JYL ATHLETICA
21/11/2024,Corp Jacket,2,JYL ATHLETICA
21/11/2024,Poloshirt 123456 @860,1,JYL ATHLETICA
21/11/2024,Poloshirt @800,3,JYL ATHLETICA
21/11/2024,Hoodies Breaker,2,NAPOLIZ
21/11/2024,New GT Shirts,1,NEW TRENDS
21/11/2024,UST-Pen W/Box,14,NEW TRENDS
21/11/2024,Arch @320,3,TET AND DARS
21/11/2024,Keychain @160,6,TET AND DARS
21/11/2024,Pen @30,12,TET AND DARS
21/11/2024,Sticker @120,4,TET AND DARS
21/11/2024,C. Keychain,6,USTORE
21/11/2024,Kit Set,2,USTORE
21/11/2024,Lanyard @180,8,USTORE
21/11/2024,New Tiger Plushie Big,3,USTORE
21/11/2024,Sash Big,1,USTORE
21/11/2024,Tiger BUNDLE,3,USTORE
21/11/2024,Tote (One For UST),3,USTORE
21/11/2024,Tote Bag Canvas White,2,USTORE
21/11/2024,Umb (One For UST),3,USTORE
22/11/2024,Polo Shirt @800,1,BLAZE
22/11/2024,UST College ID Lace,17,JUC
22/11/2024,UST OAT Hoodie Jacket,1,JUC
22/11/2024,UST OAT T-Shirt Y/B/COLLEGE,15,JUC
22/11/2024,UST Sweatshirt Sporty,1,JUC
22/11/2024,UST T-Shirt Santo Tomas Shirt/UST T-Shirt Tiger Pattern/HAPPY,10,JUC
22/11/2024,UST T-Shirt Sporty,6,JUC
22/11/2024,BASE BALL SHIRT,3,JYL ATHLETICA
22/11/2024,Jacket,4,JYL ATHLETICA
22/11/2024,Hoodies Breaker,1,NAPOLIZ
22/11/2024,Baller,1,NEW TRENDS
22/11/2024,VL Sticker Pack,2,NEW TRENDS
22/11/2024,Mug @170,1,TET AND DARS
22/11/2024,Pen @30,26,TET AND DARS
22/11/2024,Sticker @120,4,TET AND DARS
22/11/2024,C. Keychain,4,USTORE
22/11/2024,Lanyard @180,15,USTORE
22/11/2024,Lanyard @190,5,USTORE
22/11/2024,New Tiger Plushie Small,2,USTORE
22/11/2024,Shabby Hat,1,USTORE
22/11/2024,Tote (One For UST),15,USTORE
22/11/2024,Tote Bag Canvas White,1,USTORE
22/11/2024,Umb (One For UST),2,USTORE
25/11/2024,Polo Shirt @800,2,BLAZE
25/11/2024,UST College ID Lace,12,JUC
25/11/2024,UST OAT T-Shirt Y/B/COLLEGE,4,JUC
25/11/2024,UST Sweatshirt Sporty,6,JUC
25/11/2024,UST T-Shirt Santo Tomas Shirt/UST T-Shirt Tiger Pattern/HAPPY,5,JUC
25/11/2024,UST T-Shirt Sporty,3,JUC
25/11/2024,BASE BALL SHIRT,1,JYL ATHLETICA
25/11/2024,Corp Jacket,2,JYL ATHLETICA
25/11/2024,Jacket,1,JYL ATHLETICA
25/11/2024,Hoodies Breaker,4,NAPOLIZ
25/11/2024,Shirts,3,NAPOLIZ
25/11/2024,Baller,1,NEW TRENDS
25/11/2024,UST-Pen W/Box,3,NEW TRENDS
25/11/2024,Varsity Jacket,1,NEW TRENDS
25/11/2024,Arch @320,1,TET AND DARS
25/11/2024,Mug @170,3,TET AND DARS
25/11/2024,Pen @30,5,TET AND DARS
25/11/2024,C. Keychain,3,USTORE
25/11/2024,Lanyard @180,15,USTORE
25/11/2024,Lanyard @190,4,USTORE
25/11/2024,New Tiger Plushie Big,4,USTORE
25/11/2024,New Tiger Plushie Small,1,USTORE
25/11/2024,Tote (One For UST),1,USTORE
25/11/2024,Tote Bag Canvas White,3,USTORE
25/11/2024,Umb (One For UST),4,USTORE
25/11/2024,Utensil,2,USTORE
26/11/2024,Polo Shirt @800,1,BLAZE
26/11/2024,Bomber Jacket,1,JUC
26/11/2024,UST College ID Lace,6,JUC
26/11/2024,UST OAT MUG (W inside),11,JUC
26/11/2024,UST OAT T-Shirt Y/B/COLLEGE,4,JUC
26/11/2024,UST Sweatshirt Sporty,1,JUC
26/11/2024,UST T-Shirt Santo Tomas Shirt/UST T-Shirt Tiger Pattern/HAPPY,6,JUC
26/11/2024,UST T-Shirt Sporty,6,JUC
26/11/2024,BASE BALL SHIRT,1,JYL ATHLETICA
26/11/2024,Poloshirt @800,1,JYL ATHLETICA
26/11/2024,Subli. Shirt 2 colors,5,JYL ATHLETICA
26/11/2024,Hoodies Breaker,4,NAPOLIZ
26/11/2024,Shirts,1,NAPOLIZ
26/11/2024,Baller,13,NEW TRENDS
26/11/2024,New GT Shirts,1,NEW TRENDS
26/11/2024,Pen @30,7,TET AND DARS
26/11/2024,Sticker @120,2,TET AND DARS
26/11/2024,C. Keychain,5,USTORE
26/11/2024,Lanyard @180,7,USTORE
26/11/2024,Lanyard @190,1,USTORE
26/11/2024,New Tiger Plushie Small,2,USTORE
26/11/2024,Sash Small,2,USTORE
26/11/2024,Shabby Hat,1,USTORE
26/11/2024,Tote (One For UST),14,USTORE
26/11/2024,Tote Bag Canvas White,1,USTORE
26/11/2024,Utensil,6,USTORE
27/11/2024,UST College ID Lace,6,JUC
27/11/2024,UST OAT Hoodie Jacket,2,JUC
27/11/2024,UST OAT T-Shirt Y/B/COLLEGE,11,JUC
27/11/2024,UST Sweatshirt Sporty,3,JUC
27/11/2024,UST T-Shirt Santo Tomas Shirt/UST T-Shirt Tiger Pattern/HAPPY,12,JUC
27/11/2024,UST T-Shirt Sporty,10,JUC
27/11/2024,BASE BALL SHIRT,1,JYL ATHLETICA
27/11/2024,Corp Jacket,1,JYL ATHLETICA
27/11/2024,Poloshirt @800,1,JYL ATHLETICA
27/11/2024,Hoodies Breaker,1,NAPOLIZ
27/11/2024,Shirts,3,NAPOLIZ
27/11/2024,Baller,8,NEW TRENDS
27/11/2024,UST-Pen W/Box,1,NEW TRENDS
27/11/2024,Varsity Jacket,1,NEW TRENDS
27/11/2024,VL Sticker Pack,3,NEW TRENDS
27/11/2024,Mug @170,1,TET AND DARS
27/11/2024,Pen @30,23,TET AND DARS
27/11/2024,C. Keychain,11,USTORE
27/11/2024,Clappers,3,USTORE
27/11/2024,Lanyard @180,12,USTORE
27/11/2024,Lanyard @190,1,USTORE
27/11/2024,New Tiger Plushie Big,3,USTORE
27/11/2024,New Tiger Plushie Small,3,USTORE
27/11/2024,Shabby Hat,1,USTORE
27/11/2024,Tote (One For UST),3,USTORE
27/11/2024,Umb (One For UST),3,USTORE
28/11/2024,UST OAT Hoodie Jacket,1,JUC
28/11/2024,UST OAT T-Shirt Y/B/COLLEGE,6,JUC
28/11/2024,UST T-Shirt Santo Tomas Shirt/UST T-Shirt Tiger Pattern/HAPPY,7,JUC
28/11/2024,UST T-Shirt Sporty,2,JUC
28/11/2024,Corp Jacket,1,JYL ATHLETICA
28/11/2024,Poloshirt @800,1,JYL ATHLETICA
28/11/2024,Double Canopy,1,NAPOLIZ
28/11/2024,Hoodies Breaker,3,NAPOLIZ
28/11/2024,Baller,1,NEW TRENDS
28/11/2024,Varsity Jacket,1,NEW TRENDS
28/11/2024,C. Keychain,2,USTORE
28/11/2024,Clappers,10,USTORE
28/11/2024,Lanyard @180,1,USTORE
28/11/2024,New Tiger Plushie Big,2,USTORE
28/11/2024,Tiger BUNDLE,1,USTORE
29/11/2024,Polo Shirt @800,2,BLAZE
29/11/2024,UST College ID Lace,7,JUC
29/11/2024,UST OAT T-Shirt Y/B/COLLEGE,2,JUC
29/11/2024,UST Sweatshirt Sporty,4,JUC
29/11/2024,UST T-Shirt Santo Tomas Shirt/UST T-Shirt Tiger Pattern/HAPPY,21,JUC
29/11/2024,UST T-Shirt Sporty,3,JUC
29/11/2024,BASE BALL SHIRT,3,JYL ATHLETICA
29/11/2024,Jacket,4,JYL ATHLETICA
29/11/2024,Poloshirt 123456 @860,1,JYL ATHLETICA
29/11/2024,Poloshirt @800,2,JYL ATHLETICA
29/11/2024,VB Jersey without Sig @1500,2,JYL ATHLETICA
29/11/2024,Hoodies Breaker,6,NAPOLIZ
29/11/2024,Shirts,1,NAPOLIZ
29/11/2024,Pen @30,31,TET AND DARS
29/11/2024,Sticker @120,3,TET AND DARS
29/11/2024,C. Keychain,3,USTORE
29/11/2024,Clappers,1,USTORE
29/11/2024,Lanyard @190,2,USTORE
29/11/2024,New Tiger Plushie Small,4,USTORE
29/11/2024,Tote (One For UST),2,USTORE
29/11/2024,Tote Bag Canvas White,2,USTORE
29/11/2024,Utensil,3,USTORE
02/12/2024,IPEA Shirt,1,IPEA
02/12/2024,Bomber Jacket,1,JUC
02/12/2024,UST College ID Lace / GENERIC Lace,10,JUC
02/12/2024,UST OAT T-Shirt Y/B/COLLEGE,8,JUC
02/12/2024,UST Sweatshirt Sporty,1,JUC
02/12/2024,UST T-Shirt Santo Tomas Shirt/UST T-Shirt Tiger Pattern/HAPPY,8,JUC
02/12/2024,UST T-Shirt Sporty,8,JUC
02/12/2024,BASE BALL SHIRT,4,JYL ATHLETICA
02/12/2024,Corp Jacket,1,JYL ATHLETICA
02/12/2024,DRI-FIT NEW,2,JYL ATHLETICA
02/12/2024,Jacket,3,JYL ATHLETICA
02/12/2024,Poloshirt @800,1,JYL ATHLETICA
02/12/2024,Double Canopy,1,NAPOLIZ ENTERPRISES
02/12/2024,Hoodies Breaker,6,NAPOLIZ ENTERPRISES
02/12/2024,Keychain,1,NEW TRENDS
02/12/2024,New GT Shirts,1,NEW TRENDS
02/12/2024,Shirts,2,NEW TRENDS
02/12/2024,UST-Pen W/Box,1,NEW TRENDS
02/12/2024,VL Sticker Pack,1,NEW TRENDS
02/12/2024,Arch @320,2,TET AND DARS
02/12/2024,Pen @30,7,TET AND DARS
02/12/2024,Sticker @ 120,3,TET AND DARS
02/12/2024,C. Keychain,3,USTORE
02/12/2024,Lanyard @180,24,USTORE
02/12/2024,Lanyard @190,1,USTORE
02/12/2024,New Tiger Plushie Big,7,USTORE
02/12/2024,New Tiger Plushie Small,2,USTORE
02/12/2024,Shabby Hat,2,USTORE
02/12/2024,Tote (One For UST),3,USTORE
02/12/2024,Tote Bag Canvas White,4,USTORE
02/12/2024,Umb (One For UST),6,USTORE
02/12/2024,Utensil,2,USTORE
03/12/2024,Polo Shirt @800,1,BLAZE
03/12/2024,UST College ID Lace / GENERIC Lace,1,JUC
03/12/2024,UST OAT T-Shirt Y/B/COLLEGE,5,JUC
03/12/2024,UST T-Shirt Santo Tomas Shirt/UST T-Shirt Tiger Pattern/HAPPY,3,JUC
03/12/2024,UST T-Shirt Sporty,3,JUC
03/12/2024,BASE BALL SHIRT,1,JYL ATHLETICA
03/12/2024,Poloshirt @800,1,JYL ATHLETICA
03/12/2024,Hoodies Breaker,3,NAPOLIZ ENTERPRISES
03/12/2024,UST-Pen W/Box,1,NEW TRENDS
03/12/2024,VL Sticker Pack,1,NEW TRENDS
03/12/2024,Arch @320,2,TET AND DARS
03/12/2024,Pen @30,5,TET AND DARS
03/12/2024,Sticker @ 120,3,TET AND DARS
03/12/2024,C. Keychain,1,USTORE
03/12/2024,Lanyard @180,11,USTORE
03/12/2024,Lanyard @190,2,USTORE
03/12/2024,New Clappers,1,USTORE
03/12/2024,New Tiger Plushie Small,1,USTORE
03/12/2024,Shabby Hat,1,USTORE
03/12/2024,Umb (One For UST),1,USTORE
04/12/2024,Polo Shirt @800,1,BLAZE
04/12/2024,IPEA Shirt,1,IPEA
04/12/2024,UST College ID Lace / GENERIC Lace,5,JUC
04/12/2024,UST OAT Hoodie Jacket,3,JUC
04/12/2024,UST OAT T-Shirt Y/B/COLLEGE,10,JUC
04/12/2024,UST Sweatshirt Sporty,1,JUC
04/12/2024,UST T-Shirt Santo Tomas Shirt/UST T-Shirt Tiger Pattern/HAPPY,12,JUC
04/12/2024,UST T-Shirt Sporty,6,JUC
04/12/2024,DRI-FIT NEW,48,JYL ATHLETICA
04/12/2024,Poloshirt @800,4,JYL ATHLETICA
04/12/2024,Hoodies Breaker,4,NAPOLIZ ENTERPRISES
04/12/2024,Baller,1,NEW TRENDS
04/12/2024,Keychain,2,NEW TRENDS
04/12/2024,Scarves,1,NEW TRENDS
04/12/2024,UST-Pen W/Box,6,NEW TRENDS
04/12/2024,Varsity Jacket,1,NEW TRENDS
04/12/2024,VL Sticker Pack,2,NEW TRENDS
04/12/2024,Pen @30,9,TET AND DARS
04/12/2024,C. Keychain,11,USTORE
04/12/2024,Kit Set,1,USTORE
04/12/2024,Lanyard @180,20,USTORE
04/12/2024,Lanyard @190,2,USTORE
04/12/2024,New Tiger Plushie Big,2,USTORE
04/12/2024,New Tiger Plushie Small,5,USTORE
04/12/2024,Shabby Hat,3,USTORE
04/12/2024,Tote (One For UST),2,USTORE
04/12/2024,Tote Bag Canvas White,2,USTORE
04/12/2024,Umb (One For UST),9,USTORE
06/12/2024,Polo Shirt @800,5,BLAZE
06/12/2024,IPEA Shirt,1,IPEA
06/12/2024,UST College ID Lace / GENERIC Lace,9,JUC
06/12/2024,UST OAT T-Shirt Y/B/COLLEGE,12,JUC
06/12/2024,UST Sweatshirt Sporty,2,JUC
06/12/2024,UST T-Shirt Santo Tomas Shirt/UST T-Shirt Tiger Pattern/HAPPY,16,JUC
06/12/2024,UST T-Shirt Sporty,10,JUC
06/12/2024,BASE BALL SHIRT,4,JYL ATHLETICA
06/12/2024,Corp Jacket,2,JYL ATHLETICA
06/12/2024,Jacket,3,JYL ATHLETICA
06/12/2024,Poloshirt 123456 @860,3,JYL ATHLETICA
06/12/2024,Poloshirt @800,3,JYL ATHLETICA
06/12/2024,VB Jersey without Sig @1500,2,JYL ATHLETICA
06/12/2024,Hoodies Breaker,3,NAPOLIZ ENTERPRISES
06/12/2024,Laptop Bag,1,NAPOLIZ ENTERPRISES
06/12/2024,Keychain,3,NEW TRENDS
06/12/2024,UST-Pen W/Box,4,NEW TRENDS
06/12/2024,VL Sticker Pack,7,NEW TRENDS
06/12/2024,Arch @320,4,TET AND DARS
06/12/2024,Pen @30,26,TET AND DARS
06/12/2024,Sticker @ 120,2,TET AND DARS
06/12/2024,C. Keychain,3,USTORE
06/12/2024,Lanyard @180,25,USTORE
06/12/2024,Lanyard @190,2,USTORE
06/12/2024,New Tiger Plushie Small,4,USTORE
06/12/2024,Shabby Hat,5,USTORE
06/12/2024,Tote (One For UST),9,USTORE
06/12/2024,Tote (Viva),3,USTORE
06/12/2024,Tote Bag Canvas White,4,USTORE
06/12/2024,Umb (One For UST),3,USTORE
07/12/2024,IPEA Shirt,1,IPEA
07/12/2024,UST College ID Lace / GENERIC Lace,1,JUC
07/12/2024,UST OAT Hoodie Jacket,2,JUC
07/12/2024,UST OAT T-Shirt Y/B/COLLEGE,4,JUC
07/12/2024,UST T-Shirt Santo Tomas Shirt/UST T-Shirt Tiger Pattern/HAPPY,2,JUC
07/12/2024,UST T-Shirt Sporty,2,JUC
07/12/2024,BASE BALL SHIRT,3,JYL ATHLETICA
07/12/2024,DRI-FIT NEW,2,JYL ATHLETICA
07/12/2024,Poloshirt @800,1,JYL ATHLETICA
07/12/2024,Baller,1,NEW TRENDS
07/12/2024,Mug @170,1,TET AND DARS
07/12/2024,C. Keychain,1,USTORE
07/12/2024,Lanyard @180,3,USTORE
07/12/2024,Lanyard @190,1,USTORE
07/12/2024,New Tiger Plushie Small,1,USTORE
07/12/2024,Tote (One For UST),1,USTORE
07/12/2024,Tote (Viva),6,USTORE
09/12/2024,UST College ID Lace / GENERIC Lace,7,JUC
09/12/2024,UST OAT Hoodie Jacket,1,JUC
09/12/2024,UST OAT T-Shirt Y/B/COLLEGE,9,JUC
09/12/2024,UST Sweatshirt Sporty,2,JUC
09/12/2024,UST T-Shirt Santo Tomas Shirt/UST T-Shirt Tiger Pattern/HAPPY,8,JUC
09/12/2024,UST T-Shirt Sporty,8,JUC
09/12/2024,Jacket,4,JYL ATHLETICA
09/12/2024,Poloshirt @800,2,JYL ATHLETICA
09/12/2024,Double Canopy,1,NAPOLIZ ENTERPRISES
09/12/2024,Hoodies Breaker,4,NAPOLIZ ENTERPRISES
09/12/2024,New GT Shirts,1,NEW TRENDS
09/12/2024,Scarves,2,NEW TRENDS
09/12/2024,Arch @320,1,TET AND DARS
09/12/2024,Pen @30,15,TET AND DARS
09/12/2024,Sticker @ 120,2,TET AND DARS
09/12/2024,C. Keychain,6,USTORE
09/12/2024,Lanyard @180,15,USTORE
09/12/2024,Lanyard @190,4,USTORE
09/12/2024,New Tiger Plushie Small,5,USTORE
09/12/2024,Shabby Hat,1,USTORE
09/12/2024,Tote (One For UST),2,USTORE
09/12/2024,Tote Bag Canvas White,1,USTORE
09/12/2024,Umb (One For UST),5,USTORE
10/12/2024,IPEA Shirt,1,IPEA
10/12/2024,Bomber Jacket,2,JUC
10/12/2024,UST College ID Lace / GENERIC Lace,2,JUC
10/12/2024,UST OAT Hoodie Jacket,1,JUC
10/12/2024,UST OAT T-Shirt Y/B/COLLEGE,8,JUC
10/12/2024,UST Sweatshirt Sporty,1,JUC
10/12/2024,UST T-Shirt Santo Tomas Shirt/UST T-Shirt Tiger Pattern/HAPPY,1,JUC
10/12/2024,UST T-Shirt Sporty,3,JUC
10/12/2024,BASE BALL SHIRT,1,JYL ATHLETICA
10/12/2024,DRI-FIT NEW,3,JYL ATHLETICA
10/12/2024,Jacket,2,JYL ATHLETICA
10/12/2024,Poloshirt 123456 @860,1,JYL ATHLETICA
10/12/2024,Poloshirt @800,5,JYL ATHLETICA
10/12/2024,Double Canopy,1,NAPOLIZ ENTERPRISES
10/12/2024,Hoodies Breaker,2,NAPOLIZ ENTERPRISES
10/12/2024,Baller,3,NEW TRENDS
10/12/2024,Keychain,2,NEW TRENDS
10/12/2024,Scarves,1,NEW TRENDS
10/12/2024,VL Sticker Pack,2,NEW TRENDS
10/12/2024,Pen @30,1,TET AND DARS
10/12/2024,C. Keychain,10,USTORE
10/12/2024,Kit Set,1,USTORE
10/12/2024,Lanyard @190,9,USTORE
10/12/2024,New Clappers,150,USTORE
10/12/2024,New Tiger Plushie Big,1,USTORE
10/12/2024,Shabby Hat,2,USTORE
10/12/2024,Tiger BUNDLE,2,USTORE
10/12/2024,Tote (One For UST),8,USTORE
10/12/2024,Tote (Viva),1,USTORE
10/12/2024,Umb (One For UST),3,USTORE
11/12/2024,Bomber Jacket,2,JUC
11/12/2024,UST College ID Lace / GENERIC Lace,4,JUC
11/12/2024,UST OAT Hoodie Jacket,4,JUC
11/12/2024,UST OAT T-Shirt Y/B/COLLEGE,4,JUC
11/12/2024,UST T-Shirt Santo Tomas Shirt/UST T-Shirt Tiger Pattern/HAPPY,13,JUC
11/12/2024,UST T-Shirt Sporty,13,JUC
11/12/2024,Cotton Brush Jacket,1,JYL ATHLETICA
11/12/2024,Jacket,4,JYL ATHLETICA
11/12/2024,Hoodies Breaker,2,NAPOLIZ ENTERPRISES
11/12/2024,New GT Shirts,1,NEW TRENDS
11/12/2024,Arch @320,1,TET AND DARS
11/12/2024,Sticker @ 120,1,TET AND DARS
11/12/2024,C. Keychain,5,USTORE
11/12/2024,Lanyard @180,18,USTORE
11/12/2024,Lanyard @190,2,USTORE
11/12/2024,Shabby Hat,1,USTORE
11/12/2024,Tiger BUNDLE,2,USTORE
11/12/2024,Tote (One For UST),1,USTORE
11/12/2024,Tote Bag Canvas White,3,USTORE
11/12/2024,Umb (One For UST),22,USTORE
12/12/2024,UST College ID Lace / GENERIC Lace,7,JUC
12/12/2024,UST OAT Hoodie Jacket,1,JUC
12/12/2024,UST OAT T-Shirt Y/B/COLLEGE,14,JUC
12/12/2024,UST T-Shirt Santo Tomas Shirt/UST T-Shirt Tiger Pattern/HAPPY,4,JUC
12/12/2024,UST T-Shirt Sporty,4,JUC
12/12/2024,BASE BALL SHIRT,1,JYL ATHLETICA
12/12/2024,Corp Windbreaker,1,JYL ATHLETICA
12/12/2024,Jacket,8,JYL ATHLETICA
12/12/2024,Poloshirt @800,1,JYL ATHLETICA
12/12/2024,VB Jersey without Sig @1500,1,JYL ATHLETICA
12/12/2024,Double Canopy,1,NAPOLIZ ENTERPRISES
12/12/2024,Hoodies Breaker,4,NAPOLIZ ENTERPRISES
12/12/2024,Baller,1,NEW TRENDS
12/12/2024,VL Sticker Pack,2,NEW TRENDS
12/12/2024,Arch @320,4,TET AND DARS
12/12/2024,Pen @30,1,TET AND DARS
12/12/2024,Sticker @ 120,3,TET AND DARS
12/12/2024,C. Keychain,10,USTORE
12/12/2024,Kit Set,2,USTORE
12/12/2024,Lanyard @180,21,USTORE
12/12/2024,Lanyard @190,2,USTORE
12/12/2024,New Tiger Plushie Small,1,USTORE
12/12/2024,Shabby Hat,1,USTORE
12/12/2024,Tiger BUNDLE,4,USTORE
12/12/2024,Tote (One For UST),4,USTORE
12/12/2024,Tote (Viva),1,USTORE
12/12/2024,Umb (One For UST),3,USTORE
13/12/2024,Polo Shirt @800,1,BLAZE
13/12/2024,UST College ID Lace / GENERIC Lace,2,JUC
13/12/2024,UST OAT Hoodie Jacket,6,JUC
13/12/2024,UST OAT T-Shirt Y/B/COLLEGE,20,JUC
13/12/2024,UST Sweatshirt Sporty,3,JUC
13/12/2024,UST T-Shirt Santo Tomas Shirt/UST T-Shirt Tiger Pattern/HAPPY,8,JUC
13/12/2024,UST T-Shirt Sporty,8,JUC
13/12/2024,BASE BALL SHIRT,4,JYL ATHLETICA
13/12/2024,Corp Jacket,1,JYL ATHLETICA
13/12/2024,Corp Windbreaker,3,JYL ATHLETICA
13/12/2024,Cotton Brush Jacket,4,JYL ATHLETICA
13/12/2024,DRI-FIT NEW,7,JYL ATHLETICA
13/12/2024,Jacket,4,JYL ATHLETICA
13/12/2024,Poloshirt @800,1,JYL ATHLETICA
13/12/2024,Double Canopy,1,NAPOLIZ ENTERPRISES
13/12/2024,Hoodies Breaker,6,NAPOLIZ ENTERPRISES
13/12/2024,Keychain,2,NEW TRENDS
13/12/2024,Shirts,1,NEW TRENDS
13/12/2024,VL Sticker Pack,3,NEW TRENDS
13/12/2024,Pen @30,12,TET AND DARS
13/12/2024,Sticker @ 120,2,TET AND DARS
13/12/2024,C. Keychain,3,USTORE
13/12/2024,Kit Set,10,USTORE
13/12/2024,Lanyard @180,22,USTORE
13/12/2024,Lanyard @190,4,USTORE
13/12/2024,New Clappers,3,USTORE
13/12/2024,New Tiger Plushie Big,1,USTORE
13/12/2024,New Tiger Plushie Small,2,USTORE
13/12/2024,Tote (One For UST),4,USTORE
13/12/2024,Tote Bag Canvas White,5,USTORE
13/12/2024,Umb (One For UST),1,USTORE
15/12/2024,IPEA Shirt,5,IPEA
15/12/2024,Bomber Jacket,3,JUC
15/12/2024,UST OAT Hoodie Jacket,7,JUC
15/12/2024,UST OAT T-Shirt Y/B/COLLEGE,26,JUC
15/12/2024,UST Sweatshirt Sporty,3,JUC
15/12/2024,UST T-Shirt Santo Tomas Shirt/UST T-Shirt Tiger Pattern/HAPPY,62,JUC
15/12/2024,UST T-Shirt Sporty,29,JUC
15/12/2024,BASE BALL SHIRT,6,JYL ATHLETICA
15/12/2024,Corp Jacket,2,JYL ATHLETICA
15/12/2024,Cotton Brush Jacket,7,JYL ATHLETICA
15/12/2024,DRI-FIT NEW,7,JYL ATHLETICA
15/12/2024,Jacket,2,JYL ATHLETICA
15/12/2024,Poloshirt 123456 @860,1,JYL ATHLETICA
15/12/2024,Poloshirt @800,7,JYL ATHLETICA
15/12/2024,QUIANA SHIRT (B&Y SUBLI),22,JYL ATHLETICA
15/12/2024,Back pack,2,NAPOLIZ ENTERPRISES
15/12/2024,Double Canopy,13,NAPOLIZ ENTERPRISES
15/12/2024,Hoodies Breaker,6,NAPOLIZ ENTERPRISES
15/12/2024,Baller,17,NEW TRENDS
15/12/2024,Keychain,31,NEW TRENDS
15/12/2024,New GT Shirts,2,NEW TRENDS
15/12/2024,Varsity Jacket,1,NEW TRENDS
15/12/2024,VL Sticker Pack,6,NEW TRENDS
15/12/2024,Arch @320,3,TET AND DARS
15/12/2024,Sticker @ 120,15,TET AND DARS
15/12/2024,C. Keychain,48,USTORE
15/12/2024,Lanyard @180,161,USTORE
15/12/2024,Lanyard @190,38,USTORE
15/12/2024,New Clappers,2,USTORE
15/12/2024,New Tiger Plushie Big,11,USTORE
15/12/2024,New Tiger Plushie Small,5,USTORE
15/12/2024,Shabby Hat,11,USTORE
15/12/2024,Tiger BUNDLE,1,USTORE
15/12/2024,Tote (Viva),20,USTORE
15/12/2024,Tote Bag Canvas White,29,USTORE
15/12/2024,Umb (One For UST),8,USTORE
15/12/2024,Utensil,2,USTORE
18/12/2024,IPEA Shirt,2,IPEA
18/12/2024,Bomber Jacket,1,JUC
18/12/2024,UST College ID Lace / GENERIC Lace,3,JUC
18/12/2024,UST OAT Hoodie Jacket,6,JUC
18/12/2024,UST OAT T-Shirt Y/B/COLLEGE,7,JUC
18/12/2024,UST Sweatshirt Sporty,2,JUC
18/12/2024,UST T-Shirt Santo Tomas Shirt/UST T-Shirt Tiger Pattern/HAPPY,7,JUC
18/12/2024,UST T-Shirt Sporty,3,JUC
18/12/2024,BASE BALL SHIRT,6,JYL ATHLETICA
18/12/2024,Corp Windbreaker,1,JYL ATHLETICA
18/12/2024,Cotton Brush Jacket,4,JYL ATHLETICA
18/12/2024,Poloshirt @800,2,JYL ATHLETICA
18/12/2024,QUIANA SHIRT (B&Y SUBLI),5,JYL ATHLETICA
18/12/2024,Double Canopy,3,NAPOLIZ ENTERPRISES
18/12/2024,Hoodies Breaker,12,NAPOLIZ ENTERPRISES
18/12/2024,New GT Shirts,1,NEW TRENDS
18/12/2024,VL Sticker Pack,4,NEW TRENDS
18/12/2024,Arch @320,3,TET AND DARS
18/12/2024,Sticker @ 120,1,TET AND DARS
18/12/2024,C. Keychain,12,USTORE
18/12/2024,Kit Set,5,USTORE
18/12/2024,Lanyard @180,2,USTORE
18/12/2024,Lanyard @190,1,USTORE
18/12/2024,New Tiger Plushie Big,1,USTORE
18/12/2024,New Tiger Plushie Small,2,USTORE
18/12/2024,Shabby Hat,6,USTORE
18/12/2024,Tote (One For UST),15,USTORE
18/12/2024,Tote (Viva),3,USTORE
18/12/2024,Tote Bag Canvas White,2,USTORE
19/12/2024,Bomber Jacket,1,JUC
19/12/2024,UST College ID Lace / GENERIC Lace,10,JUC
19/12/2024,UST OAT Hoodie Jacket,7,JUC
19/12/2024,UST OAT T-Shirt Y/B/COLLEGE,10,JUC
19/12/2024,UST Sweatshirt Sporty,2,JUC
19/12/2024,UST T-Shirt Santo Tomas Shirt/UST T-Shirt Tiger Pattern/HAPPY,15,JUC
19/12/2024,Corp Jacket,11,JYL ATHLETICA
19/12/2024,Corp Windbreaker,1,JYL ATHLETICA
19/12/2024,Cotton Brush Jacket,3,JYL ATHLETICA
19/12/2024,Jacket,4,JYL ATHLETICA
19/12/2024,Poloshirt 123456 @860,1,JYL ATHLETICA
19/12/2024,Poloshirt @800,1,JYL ATHLETICA
19/12/2024,QUIANA SHIRT (B&Y SUBLI),10,JYL ATHLETICA
19/12/2024,Back pack,1,NAPOLIZ ENTERPRISES
19/12/2024,Double Canopy,12,NAPOLIZ ENTERPRISES
19/12/2024,Hoodies Breaker,5,NAPOLIZ ENTERPRISES
19/12/2024,Shirts,1,NAPOLIZ ENTERPRISES
19/12/2024,New GT Shirts,1,NEW TRENDS
19/12/2024,UST-Pen W/Box,2,NEW TRENDS
19/12/2024,VL Sticker Pack,4,NEW TRENDS
19/12/2024,Arch @320,5,TET AND DARS
19/12/2024,Keychain @160,100,TET AND DARS
19/12/2024,Sticker @ 120,2,TET AND DARS
19/12/2024,C. Keychain,11,USTORE
19/12/2024,Lanyard @180,7,USTORE
19/12/2024,Lanyard @190,10,USTORE
19/12/2024,New Clappers,700,USTORE
19/12/2024,New Tiger Plushie Big,3,USTORE
19/12/2024,New Tiger Plushie Small,4,USTORE
19/12/2024,Shabby Hat,150,USTORE
19/12/2024,Tote (One For UST),6,USTORE
19/12/2024,Tote (Viva),151,USTORE
19/12/2024,Tote Bag Canvas White,1,USTORE
20/12/2024,Polo Shirt @800,1,BLAZE
20/12/2024,UST OAT T-Shirt Y/B/COLLEGE,7,JUC
20/12/2024,UST T-Shirt Santo Tomas Shirt/UST T-Shirt Tiger Pattern/HAPPY,13,JUC
20/12/2024,UST T-Shirt Sporty,4,JUC
20/12/2024,Corp Jacket,4,JYL ATHLETICA
20/12/2024,Corp Windbreaker,1,JYL ATHLETICA
20/12/2024,Cotton Brush Jacket,1,JYL ATHLETICA
20/12/2024,Jacket,1,JYL ATHLETICA
20/12/2024,Poloshirt @800,1,JYL ATHLETICA
20/12/2024,QUIANA SHIRT (B&Y SUBLI),2,JYL ATHLETICA
20/12/2024,Hoodies Breaker,2,NAPOLIZ ENTERPRISES
20/12/2024,Shirts,5,NAPOLIZ ENTERPRISES
20/12/2024,UST-Pen W/Box,4,NEW TRENDS
20/12/2024,VL Sticker Pack,2,NEW TRENDS
20/12/2024,C. Keychain,53,USTORE
20/12/2024,Lanyard @190,5,USTORE
20/12/2024,New Clappers,80,USTORE
20/12/2024,New Tiger Plushie Big,3,USTORE
20/12/2024,New Tiger Plushie Small,3,USTORE
20/12/2024,Shabby Hat,4,USTORE
20/12/2024,Tiger BUNDLE,1,USTORE
20/12/2024,Tote (One For UST),2,USTORE
20/12/2024,Tote Bag Canvas White,55,USTORE
20/12/2024,Umb (One For UST),2,USTORE
20/12/2024,Utensil,150,USTORE
07/01/2025,Bomber Jacket,1,JUC
07/01/2025,UST College ID Lace,2,JUC
07/01/2025,UST OAT Hoodie Jacket,1,JUC
07/01/2025,UST OAT T-Shirt Y/B/COLLEGE,4,JUC
07/01/2025,UST Sweatshirt Sporty,1,JUC
07/01/2025,UST T-Shirt Santo Tomas Shirt/UST T-Shirt Tiger Pattern/HAPPY,4,JUC
07/01/2025,UST T-Shirt Sporty,2,JUC
07/01/2025,Cotton Brush Jacket,2,JYL ATHLETICA
07/01/2025,Jacket,1,JYL ATHLETICA
07/01/2025,Poloshirt @800,1,JYL ATHLETICA
07/01/2025,C. Keychain,2,USTORE
07/01/2025,Lanyard @180,1,USTORE
07/01/2025,Lanyard @190,1,USTORE
07/01/2025,New Tiger Plushie Small,1,USTORE
07/01/2025,Shabby Hat,1,USTORE
07/01/2025,Tote (Viva),1,USTORE
08/01/2025,UST College ID Lace,1,JUC
08/01/2025,UST OAT Hoodie Jacket,2,JUC
08/01/2025,UST OAT T-Shirt Y/B/COLLEGE,2,JUC
08/01/2025,UST Sweatshirt Sporty,1,JUC
08/01/2025,UST T-Shirt Santo Tomas Shirt/UST T-Shirt Tiger Pattern/HAPPY,3,JUC
08/01/2025,Corp Jacket,2,JYL ATHLETICA
08/01/2025,Jacket,1,JYL ATHLETICA
08/01/2025,Poloshirt @800,1,JYL ATHLETICA
08/01/2025,QUIANA SUBLI SHIRT (B&Y),1,JYL ATHLETICA
08/01/2025,Hoodies Breaker,2,NAPOLIZ ENTERPRISES
08/01/2025,C. Keychain,1,USTORE
08/01/2025,Lanyard @190,1,USTORE
08/01/2025,New Tiger Plushie Big,1,USTORE
08/01/2025,Shabby Hat,5,USTORE
08/01/2025,Umb. Cane,1,USTORE
10/01/2025,UST College ID Lace,4,JUC
10/01/2025,UST OAT T-Shirt Y/B/COLLEGE,5,JUC
10/01/2025,UST T-Shirt Santo Tomas Shirt/UST T-Shirt Tiger Pattern/HAPPY,6,JUC
10/01/2025,UST T-Shirt Sporty,2,JUC
10/01/2025,Corp Jacket,2,JYL ATHLETICA
10/01/2025,Corp Windbreaker,1,JYL ATHLETICA
10/01/2025,Cotton Brush Jacket,1,JYL ATHLETICA
10/01/2025,DRI-FIT NEW,1,JYL ATHLETICA
10/01/2025,Poloshirt @800,1,JYL ATHLETICA
10/01/2025,Hoodies Breaker,2,NAPOLIZ ENTERPRISES
10/01/2025,Arch @320,2,TET AND DARS
10/01/2025,C. Keychain,1,USTORE
10/01/2025,Lanyard @180,1,USTORE
10/01/2025,Lanyard @190,2,USTORE
10/01/2025,Tote (One For UST),1,USTORE
10/01/2025,Tote (Viva),1,USTORE
10/01/2025,Umb (One For UST),1,USTORE
12/01/2025,Polo Shirt @800,1,BLAZE
12/01/2025,IPEA Shirt,1,IPEA
12/01/2025,Bomber Jacket,3,JUC
12/01/2025,UST College ID Lace,88,JUC
12/01/2025,UST OAT Hoodie Jacket,7,JUC
12/01/2025,UST OAT T-Shirt Y/B/COLLEGE,64,JUC
12/01/2025,UST Sweatshirt Sporty,10,JUC
12/01/2025,UST T-Shirt Santo Tomas Shirt/UST T-Shirt Tiger Pattern/HAPPY,109,JUC
12/01/2025,UST T-Shirt Sporty,57,JUC
12/01/2025,BASE BALL SHIRT,6,JYL ATHLETICA
12/01/2025,Corp Jacket,4,JYL ATHLETICA
12/01/2025,Corp Windbreaker,6,JYL ATHLETICA
12/01/2025,Cotton Brush Jacket,13,JYL ATHLETICA
12/01/2025,Jacket,3,JYL ATHLETICA
12/01/2025,Poloshirt 123456 @860,1,JYL ATHLETICA
12/01/2025,Poloshirt @800,10,JYL ATHLETICA
12/01/2025,QUIANA SUBLI SHIRT (B&Y),34,JYL ATHLETICA
12/01/2025,VB Jersey without Sig @1500,3,JYL ATHLETICA
12/01/2025,Back pack,2,NAPOLIZ ENTERPRISES
12/01/2025,Double Canopy,12,NAPOLIZ ENTERPRISES
12/01/2025,Hoodies Breaker,16,NAPOLIZ ENTERPRISES
12/01/2025,Keychain,1,NEW TRENDS
12/01/2025,New GT Shirts,11,NEW TRENDS
12/01/2025,Scarves,2,NEW TRENDS
12/01/2025,Shirts,9,NEW TRENDS
12/01/2025,UST-Pen W/Box,3,NEW TRENDS
12/01/2025,Varsity Jacket,1,NEW TRENDS
12/01/2025,VL Sticker Pack,20,NEW TRENDS
12/01/2025,Arch @320,1,TET AND DARS
12/01/2025,C. Keychain,68,USTORE
12/01/2025,Clappers,2,USTORE
12/01/2025,Lanyard @180,158,USTORE
12/01/2025,Lanyard @190,81,USTORE
12/01/2025,New Tiger Plushie Big,16,USTORE
12/01/2025,New Tiger Plushie Small,10,USTORE
12/01/2025,Shabby Hat,9,USTORE
12/01/2025,Tote (Viva),17,USTORE
12/01/2025,Tote Bag Canvas White,47,USTORE
12/01/2025,Umb (One For UST),3,USTORE
12/01/2025,Utensil,2,USTORE
15/01/2025,New Polo Shirt (EMBROIDED),1,BLAZE
15/01/2025,UST College ID Lace,6,JUC
15/01/2025,UST OAT Hoodie Jacket,1,JUC
15/01/2025,UST OAT T-Shirt Y/B/COLLEGE,7,JUC
15/01/2025,UST Sweatshirt Sporty,4,JUC
15/01/2025,UST T-Shirt Santo Tomas Shirt/UST T-Shirt Tiger Pattern/HAPPY,10,JUC
15/01/2025,UST T-Shirt Sporty,8,JUC
15/01/2025,Cotton Brush Jacket,5,JYL ATHLETICA
15/01/2025,DRI-FIT NEW,1,JYL ATHLETICA
15/01/2025,Poloshirt @800,1,JYL ATHLETICA
15/01/2025,QUIANA SUBLI SHIRT (B&Y),1,JYL ATHLETICA
15/01/2025,Hoodies Breaker,2,NAPOLIZ ENTERPRISES
15/01/2025,New GT Shirts,2,NEW TRENDS
15/01/2025,UST-Pen W/Box,2,NEW TRENDS
15/01/2025,Arch @320,2,TET AND DARS
15/01/2025,Eco Bag @80,2,TET AND DARS
15/01/2025,Sticker @120,1,TET AND DARS
15/01/2025,C. Keychain,14,USTORE
15/01/2025,Lanyard @180,5,USTORE
15/01/2025,Lanyard @190,4,USTORE
15/01/2025,New Tiger Plushie Small,14,USTORE
15/01/2025,Tote (Viva),1,USTORE
15/01/2025,Tote Bag Canvas White,3,USTORE
15/01/2025,Umb (One For UST),3,USTORE
15/01/2025,Utensil,2,USTORE
16/01/2025,UST College ID Lace,5,JUC
16/01/2025,UST OAT Hoodie Jacket,1,JUC
16/01/2025,UST OAT T-Shirt Y/B/COLLEGE,10,JUC
16/01/2025,UST Sweatshirt Sporty,2,JUC
16/01/2025,UST T-Shirt Santo Tomas Shirt/UST T-Shirt Tiger Pattern/HAPPY,20,JUC
16/01/2025,UST T-Shirt Sporty,3,JUC
16/01/2025,BASE BALL SHIRT,2,JYL ATHLETICA
16/01/2025,Corp Windbreaker,1,JYL ATHLETICA
16/01/2025,Cotton Brush Jacket,1,JYL ATHLETICA
16/01/2025,Poloshirt @800,1,JYL ATHLETICA
16/01/2025,QUIANA SUBLI SHIRT (B&Y),5,JYL ATHLETICA
16/01/2025,Hoodies Breaker,3,NAPOLIZ ENTERPRISES
16/01/2025,New GT Shirts,2,NEW TRENDS
16/01/2025,UST-Pen W/Box,2,NEW TRENDS
16/01/2025,VL Sticker Pack,1,NEW TRENDS
16/01/2025,Arch @320,1,TET AND DARS
16/01/2025,C. Keychain,7,USTORE
16/01/2025,Kit Set,1,USTORE
16/01/2025,Lanyard @180,6,USTORE
16/01/2025,Lanyard @190,4,USTORE
16/01/2025,New Tiger Plushie Big,1,USTORE
16/01/2025,New Tiger Plushie Small,3,USTORE
16/01/2025,Shabby Hat,1,USTORE
16/01/2025,Tiger BUNDLE,1,USTORE
16/01/2025,Tote (One For UST),2,USTORE
16/01/2025,Tote (Viva),25,USTORE
16/01/2025,Tote Bag Canvas White,2,USTORE
16/01/2025,Umb (One For UST),4,USTORE
16/01/2025,Utensil,2,USTORE
17/01/2025,UST College ID Lace,7,JUC
17/01/2025,UST OAT Hoodie Jacket,2,JUC
17/01/2025,UST OAT T-Shirt Y/B/COLLEGE,7,JUC
17/01/2025,UST Sweatshirt Sporty,1,JUC
17/01/2025,UST T-Shirt Santo Tomas Shirt/UST T-Shirt Tiger Pattern/HAPPY,5,JUC
17/01/2025,UST T-Shirt Sporty,9,JUC
17/01/2025,Cotton Brush Jacket,6,JYL ATHLETICA
17/01/2025,DRI-FIT NEW,1,JYL ATHLETICA
17/01/2025,Jacket,1,JYL ATHLETICA
17/01/2025,Poloshirt @800,1,JYL ATHLETICA
17/01/2025,QUIANA SUBLI SHIRT (B&Y),2,JYL ATHLETICA
17/01/2025,Hoodies Breaker,3,NAPOLIZ ENTERPRISES
17/01/2025,UST-Pen W/Box,1,NEW TRENDS
17/01/2025,VL Sticker Pack,1,NEW TRENDS
17/01/2025,Eco Bag @80,1,TET AND DARS
17/01/2025,C. Keychain,4,USTORE
17/01/2025,Lanyard @180,4,USTORE
17/01/2025,Lanyard @190,1,USTORE
17/01/2025,New Tiger Plushie Big,1,USTORE
17/01/2025,New Tiger Plushie Small,1,USTORE
17/01/2025,Umb (One For UST),2,USTORE
17/01/2025,Utensil,1,USTORE
18/01/2025,UST College ID Lace,1,JUC
18/01/2025,UST OAT T-Shirt Y/B/COLLEGE,2,JUC
18/01/2025,UST T-Shirt Santo Tomas Shirt/UST T-Shirt Tiger Pattern/HAPPY,2,JUC
18/01/2025,UST T-Shirt Sporty,1,JUC
18/01/2025,Cotton Brush Jacket,1,JYL ATHLETICA
18/01/2025,QUIANA SUBLI SHIRT (B&Y),1,JYL ATHLETICA
18/01/2025,Hoodies Breaker,2,NAPOLIZ ENTERPRISES
18/01/2025,UST-Pen W/Box,1,NEW TRENDS
18/01/2025,Arch @320,1,TET AND DARS
18/01/2025,C. Keychain,1,USTORE
18/01/2025,Lanyard @180,1,USTORE
18/01/2025,New Tiger Plushie Small,1,USTORE
18/01/2025,Utensil,2,USTORE
20/01/2025,UST College ID Lace,10,JUC
20/01/2025,UST OAT T-Shirt Y/B/COLLEGE,4,JUC
20/01/2025,UST Sweatshirt Sporty,3,JUC
20/01/2025,UST T-Shirt Santo Tomas Shirt/UST T-Shirt Tiger Pattern/HAPPY,4,JUC
20/01/2025,UST T-Shirt Sporty,1,JUC
20/01/2025,BASE BALL SHIRT,1,JYL ATHLETICA
20/01/2025,Corp Jacket,1,JYL ATHLETICA
20/01/2025,Jacket,2,JYL ATHLETICA
20/01/2025,Poloshirt @800,2,JYL ATHLETICA
20/01/2025,QUIANA SUBLI SHIRT (B&Y),1,JYL ATHLETICA
20/01/2025,Hoodies Breaker,1,NAPOLIZ ENTERPRISES
20/01/2025,C. Keychain,7,USTORE
20/01/2025,Lanyard @180,2,USTORE
20/01/2025,Lanyard @190,6,USTORE
20/01/2025,New Tiger Plushie Big,2,USTORE
20/01/2025,New Tiger Plushie Small,1,USTORE
20/01/2025,Tote (Viva),1,USTORE
20/01/2025,Tote Bag Canvas White,3,USTORE
20/01/2025,Umb (One For UST),2,USTORE
21/01/2025,UST College ID Lace,9,JUC
21/01/2025,UST OAT Hoodie Jacket,1,JUC
21/01/2025,UST OAT T-Shirt Y/B/COLLEGE,5,JUC
21/01/2025,UST T-Shirt Santo Tomas Shirt/UST T-Shirt Tiger Pattern/HAPPY,11,JUC
21/01/2025,UST T-Shirt Sporty,8,JUC
21/01/2025,BASE BALL SHIRT,1,JYL ATHLETICA
21/01/2025,Corp Jacket,6,JYL ATHLETICA
21/01/2025,Cotton Brush Jacket,1,JYL ATHLETICA
21/01/2025,DRI-FIT NEW,2,JYL ATHLETICA
21/01/2025,Jacket,1,JYL ATHLETICA
21/01/2025,Poloshirt @800,2,JYL ATHLETICA
21/01/2025,QUIANA SUBLI SHIRT (B&Y),1,JYL ATHLETICA
21/01/2025,VB Jersey without Sig @1500,1,JYL ATHLETICA
21/01/2025,Hoodies Breaker,1,NAPOLIZ ENTERPRISES
21/01/2025,Arch @320,2,TET AND DARS
21/01/2025,C. Keychain,1,USTORE
21/01/2025,Lanyard @190,3,USTORE
21/01/2025,New Tiger Plushie Big,5,USTORE
21/01/2025,Shabby Hat,1,USTORE
21/01/2025,Tote (One For UST),1,USTORE
21/01/2025,Tote (Viva),4,USTORE
21/01/2025,Tote Bag Canvas White,2,USTORE
22/01/2025,UST College ID Lace,9,JUC
22/01/2025,UST OAT Hoodie Jacket,3,JUC
22/01/2025,UST OAT T-Shirt Y/B/COLLEGE,10,JUC
22/01/2025,UST T-Shirt Santo Tomas Shirt/UST T-Shirt Tiger Pattern/HAPPY,8,JUC
22/01/2025,UST T-Shirt Sporty,6,JUC
22/01/2025,BASE BALL SHIRT,1,JYL ATHLETICA
22/01/2025,Corp Jacket,2,JYL ATHLETICA
22/01/2025,Corp Windbreaker,2,JYL ATHLETICA
22/01/2025,Cotton Brush Jacket,1,JYL ATHLETICA
22/01/2025,DRI-FIT NEW,2,JYL ATHLETICA
22/01/2025,Jacket,2,JYL ATHLETICA
22/01/2025,Poloshirt 123456 @860,1,JYL ATHLETICA
22/01/2025,Hoodies Breaker,2,NAPOLIZ ENTERPRISES
22/01/2025,New GT Shirts,1,NEW TRENDS
22/01/2025,Arch @320,1,TET AND DARS
22/01/2025,Sticker @120,1,TET AND DARS
22/01/2025,C. Keychain,2,USTORE
22/01/2025,Lanyard @190,6,USTORE
22/01/2025,New Tiger Plushie Big,1,USTORE
22/01/2025,New Tiger Plushie Small,1,USTORE
22/01/2025,Tote (One For UST),2,USTORE
22/01/2025,Tote (Viva),1,USTORE
22/01/2025,Tote Bag Canvas White,3,USTORE
23/01/2025,UST College ID Lace,12,JUC
23/01/2025,UST OAT T-Shirt Y/B/COLLEGE,4,JUC
23/01/2025,UST Sweatshirt Sporty,3,JUC
23/01/2025,UST T-Shirt Santo Tomas Shirt/UST T-Shirt Tiger Pattern/HAPPY,7,JUC
23/01/2025,UST T-Shirt Sporty,6,JUC
23/01/2025,Corp Jacket,1,JYL ATHLETICA
23/01/2025,DRI-FIT NEW,1,JYL ATHLETICA
23/01/2025,Jacket,1,JYL ATHLETICA
23/01/2025,Poloshirt @800,1,JYL ATHLETICA
23/01/2025,QUIANA SUBLI SHIRT (B&Y),2,JYL ATHLETICA
23/01/2025,Hoodies Breaker,1,NAPOLIZ ENTERPRISES
23/01/2025,Hoodie,1,NEW TRENDS
23/01/2025,UST-Pen W/Box,1,NEW TRENDS
23/01/2025,Arch @320,2,TET AND DARS
23/01/2025,Eco Bag @80,1,TET AND DARS
23/01/2025,Keychain @160,6,TET AND DARS
23/01/2025,Sticker @20,2,TET AND DARS
23/01/2025,C. Keychain,10,USTORE
23/01/2025,Lanyard @190,4,USTORE
23/01/2025,New Tiger Plushie Big,2,USTORE
23/01/2025,New Tiger Plushie Small,1,USTORE
23/01/2025,Tiger BUNDLE,2,USTORE
23/01/2025,Tote Bag Canvas White,671,USTORE
23/01/2025,Umb (One For UST),2,USTORE
24/01/2025,Bomber Jacket,1,JUC
24/01/2025,UST College ID Lace,5,JUC
24/01/2025,UST OAT T-Shirt Y/B/COLLEGE,2,JUC
24/01/2025,UST Sweatshirt Sporty,1,JUC
24/01/2025,UST T-Shirt Santo Tomas Shirt/UST T-Shirt Tiger Pattern/HAPPY,10,JUC
24/01/2025,UST T-Shirt Sporty,6,JUC
24/01/2025,BASE BALL SHIRT,1,JYL ATHLETICA
24/01/2025,Cotton Brush Jacket,1,JYL ATHLETICA
24/01/2025,Poloshirt @800,1,JYL ATHLETICA
24/01/2025,QUIANA SUBLI SHIRT (B&Y),3,JYL ATHLETICA
24/01/2025,Hoodies Breaker,2,NAPOLIZ ENTERPRISES
24/01/2025,Eco Bag @80,2,TET AND DARS
24/01/2025,Keychain @160,6,TET AND DARS
24/01/2025,Pen @30,4,TET AND DARS
24/01/2025,Sticker @120,1,TET AND DARS
24/01/2025,Sticker @20,3,TET AND DARS
24/01/2025,C. Keychain,3,USTORE
24/01/2025,Lanyard @190,2,USTORE
24/01/2025,New Tiger Plushie Big,2,USTORE
24/01/2025,New Tiger Plushie Small,1,USTORE
24/01/2025,Paper weight @330,1,USTORE
24/01/2025,Shabby Hat,1,USTORE
24/01/2025,Tote (One For UST),1,USTORE
24/01/2025,Tote (Viva),1,USTORE
24/01/2025,Tote Bag Canvas White,3,USTORE
25/01/2025,Polo Shirt @800,1,BLAZE
25/01/2025,Bomber Jacket,1,JUC
25/01/2025,UST College ID Lace,4,JUC
25/01/2025,UST Sweatshirt Sporty,1,JUC
25/01/2025,UST T-Shirt Santo Tomas Shirt/UST T-Shirt Tiger Pattern/HAPPY,2,JUC
25/01/2025,UST T-Shirt Sporty,1,JUC
25/01/2025,Corp Jacket,1,JYL ATHLETICA
25/01/2025,QUIANA SUBLI SHIRT (B&Y),1,JYL ATHLETICA
25/01/2025,Hoodies Breaker,1,NAPOLIZ ENTERPRISES
25/01/2025,Keychain @160,2,TET AND DARS
25/01/2025,Sticker @20,3,TET AND DARS
25/01/2025,Lanyard @190,5,USTORE
25/01/2025,Tote (Viva),1,USTORE
25/01/2025,Utensil,1,USTORE
27/01/2025,UST College ID Lace,8,JUC
27/01/2025,UST OAT Hoodie Jacket,1,JUC
27/01/2025,UST OAT T-Shirt Y/B/COLLEGE,4,JUC
27/01/2025,UST Sweatshirt Sporty,1,JUC
27/01/2025,UST T-Shirt Santo Tomas Shirt/UST T-Shirt Tiger Pattern/HAPPY,8,JUC
27/01/2025,UST T-Shirt Sporty,10,JUC
27/01/2025,Corp Windbreaker,1,JYL ATHLETICA
27/01/2025,Cotton Brush Jacket,1,JYL ATHLETICA
27/01/2025,DRI-FIT NEW,1,JYL ATHLETICA
27/01/2025,QUIANA SUBLI SHIRT (B&Y),2,JYL ATHLETICA
27/01/2025,Hoodies Breaker,1,NAPOLIZ ENTERPRISES
27/01/2025,Shirts,1,NAPOLIZ ENTERPRISES
27/01/2025,VL Sticker Pack,1,NEW TRENDS
27/01/2025,Sticker @120,1,TET AND DARS
27/01/2025,Sticker @20,2,TET AND DARS
27/01/2025,C. Keychain,2,USTORE
27/01/2025,Lanyard @190,5,USTORE
27/01/2025,New Tiger Plushie Big,1,USTORE
27/01/2025,New Tiger Plushie Small,4,USTORE
27/01/2025,Tote (One For UST),1,USTORE
27/01/2025,Tote (Viva),8,USTORE
29/01/2025,UST OAT Hoodie Jacket,2,JUC
29/01/2025,UST OAT T-Shirt Y/B/COLLEGE,1,JUC
29/01/2025,UST Sweatshirt Sporty,1,JUC
29/01/2025,UST T-Shirt Santo Tomas Shirt/UST T-Shirt Tiger Pattern/HAPPY,5,JUC
29/01/2025,UST T-Shirt Sporty,1,JUC
29/01/2025,Corp Jacket,1,JYL ATHLETICA
29/01/2025,Corp Windbreaker,1,JYL ATHLETICA
29/01/2025,QUIANA SUBLI SHIRT (B&Y),6,JYL ATHLETICA
29/01/2025,Arch @320,1,TET AND DARS
29/01/2025,Keychain @160,1,TET AND DARS
29/01/2025,Pen @30,2,TET AND DARS
29/01/2025,Sticker @20,30,TET AND DARS
29/01/2025,C. Keychain,2,USTORE
29/01/2025,Lanyard @190,1,USTORE
29/01/2025,New Tiger Plushie Big,1,USTORE
29/01/2025,Tote (Viva),1,USTORE
29/01/2025,Umb (One For UST),4,USTORE
29/01/2025,Utensil,3,USTORE
30/01/2025,Bomber Jacket,1,JUC
30/01/2025,UST College ID Lace,10,JUC
30/01/2025,UST OAT Hoodie Jacket,4,JUC
30/01/2025,UST OAT T-Shirt Y/B/COLLEGE,19,JUC
30/01/2025,UST Sweatshirt Sporty,3,JUC
30/01/2025,UST T-Shirt Santo Tomas Shirt/UST T-Shirt Tiger Pattern/HAPPY,13,JUC
30/01/2025,UST T-Shirt Sporty,4,JUC
30/01/2025,BASE BALL SHIRT,1,JYL ATHLETICA
30/01/2025,Corp Windbreaker,2,JYL ATHLETICA
30/01/2025,Cotton Brush Jacket,2,JYL ATHLETICA
30/01/2025,DRI-FIT NEW,1,JYL ATHLETICA
30/01/2025,Jacket,2,JYL ATHLETICA
30/01/2025,Poloshirt @800,1,JYL ATHLETICA
30/01/2025,QUIANA SUBLI SHIRT (B&Y),1,JYL ATHLETICA
30/01/2025,Cane Umbrella,1,NAPOLIZ ENTERPRISES
30/01/2025,Hoodies Breaker,2,NAPOLIZ ENTERPRISES
30/01/2025,UST-Pen W/Box,1,NEW TRENDS
30/01/2025,Arch @320,2,TET AND DARS
30/01/2025,Eco Bag @80,1,TET AND DARS
30/01/2025,Keychain @160,5,TET AND DARS
30/01/2025,Pen @30,13,TET AND DARS
30/01/2025,Sticker @120,1,TET AND DARS
30/01/2025,Sticker @20,3,TET AND DARS
30/01/2025,C. Keychain,6,USTORE
30/01/2025,Kit Set,1,USTORE
30/01/2025,Lanyard @190,5,USTORE
30/01/2025,New Tiger Plushie Big,3,USTORE
30/01/2025,New Tiger Plushie Small,1,USTORE
30/01/2025,Shabby Hat,1,USTORE
30/01/2025,Tote (One For UST),3,USTORE
30/01/2025,Tote (Viva),4,USTORE
30/01/2025,Utensil,1,USTORE
31/01/2025,UST College ID Lace,7,JUC
31/01/2025,UST OAT Hoodie Jacket,8,JUC
31/01/2025,UST OAT T-Shirt Y/B/COLLEGE,32,JUC
31/01/2025,UST Sweatshirt Sporty,12,JUC
31/01/2025,UST T-Shirt Santo Tomas Shirt/UST T-Shirt Tiger Pattern/HAPPY,39,JUC
31/01/2025,UST T-Shirt Sporty,33,JUC
31/01/2025,BASE BALL SHIRT,27,JYL ATHLETICA
31/01/2025,Corp Jacket,1,JYL ATHLETICA
31/01/2025,Corp Windbreaker,2,JYL ATHLETICA
31/01/2025,Cotton Brush Jacket,8,JYL ATHLETICA
31/01/2025,Jacket,1,JYL ATHLETICA
31/01/2025,Poloshirt @800,70,JYL ATHLETICA
31/01/2025,QUIANA SUBLI SHIRT (B&Y),17,JYL ATHLETICA
31/01/2025,Double Canopy,1,NAPOLIZ ENTERPRISES
31/01/2025,Hoodies Breaker,11,NAPOLIZ ENTERPRISES
31/01/2025,UST-Pen W/Box,4,NEW TRENDS
31/01/2025,Arch @320,1,TET AND DARS
31/01/2025,Keychain @160,8,TET AND DARS
31/01/2025,Pen @30,7,TET AND DARS
31/01/2025,Sticker @120,2,TET AND DARS
31/01/2025,Sticker @20,1,TET AND DARS
31/01/2025,C. Keychain,26,USTORE
31/01/2025,Kit Set,2,USTORE
31/01/2025,Lanyard @190,7,USTORE
31/01/2025,New Tiger Plushie Big,7,USTORE
31/01/2025,New Tiger Plushie Small,3,USTORE
31/01/2025,Shabby Hat,11,USTORE
31/01/2025,Tote (Viva),10,USTORE
31/01/2025,Umb (One For UST),1,USTORE
31/01/2025,Utensil,1,USTORE
03/02/2025,UST College ID Lace,13,JUC
03/02/2025,UST OAT T-Shirt Y/B/COLLEGE,6,JUC
03/02/2025,UST Sweatshirt Sporty,4,JUC
03/02/2025,UST T-Shirt Santo Tomas Shirt/UST T-Shirt Tiger Pattern/HAPPY,9,JUC
03/02/2025,UST T-Shirt Sporty,3,JUC
03/02/2025,BASE BALL SHIRT,1,JYL ATHLETICA
03/02/2025,Corp Windbreaker,2,JYL ATHLETICA
03/02/2025,Cotton Brush Jacket,3,JYL ATHLETICA
03/02/2025,DRI-FIT NEW,1,JYL ATHLETICA
03/02/2025,Jacket,1,JYL ATHLETICA
03/02/2025,QUIANA SUBLI SHIRT (B&Y),4,JYL ATHLETICA
03/02/2025,Hoodies Breaker,2,NAPOLIZ ENTERPRISES
03/02/2025,VL Sticker Pack,2,NEW TRENDS
03/02/2025,Eco Bag @80,1,TET AND DARS
03/02/2025,Keychain @180,4,TET AND DARS
03/02/2025,Pen @30,4,TET AND DARS
03/02/2025,Sticker @120,2,TET AND DARS
03/02/2025,Sticker @20,4,TET AND DARS
03/02/2025,C. Keychain,1,USTORE
03/02/2025,Lanyard @190,4,USTORE
03/02/2025,New Tiger Plushie Small @750,1,USTORE
03/02/2025,Shabby Hat,2,USTORE
03/02/2025,Tote (Viva),2,USTORE
03/02/2025,Umb (One For UST),2,USTORE
04/02/2025,UST College ID Lace,4,JUC
04/02/2025,UST OAT T-Shirt Y/B/COLLEGE,6,JUC
04/02/2025,UST T-Shirt Santo Tomas Shirt/UST T-Shirt Tiger Pattern/HAPPY,4,JUC
04/02/2025,UST T-Shirt Sporty,3,JUC
04/02/2025,Corp Jacket,1,JYL ATHLETICA
04/02/2025,DRI-FIT NEW,2,JYL ATHLETICA
04/02/2025,Jacket,2,JYL ATHLETICA
04/02/2025,QUIANA SUBLI SHIRT (B&Y),4,JYL ATHLETICA
04/02/2025,Keychain @180,3,TET AND DARS
04/02/2025,Pen @30,1,TET AND DARS
04/02/2025,Sticker @20,2,TET AND DARS
04/02/2025,C. Keychain,1,USTORE
04/02/2025,Lanyard @190,3,USTORE
04/02/2025,Tote (Viva),1,USTORE
04/02/2025,Umb (One For UST),2,USTORE
05/02/2025,UST College ID Lace,7,JUC
05/02/2025,UST OAT Hoodie Jacket,3,JUC
05/02/2025,UST OAT MUG (W inside),15,JUC
05/02/2025,UST OAT T-Shirt Y/B/COLLEGE,12,JUC
05/02/2025,UST T-Shirt Santo Tomas Shirt/UST T-Shirt Tiger Pattern/HAPPY,10,JUC
05/02/2025,UST T-Shirt Sporty,4,JUC
05/02/2025,Cotton Brush Jacket,2,JYL ATHLETICA
05/02/2025,DRI-FIT NEW,1,JYL ATHLETICA
05/02/2025,Poloshirt 123456 @860,1,JYL ATHLETICA
05/02/2025,Poloshirt @800,2,JYL ATHLETICA
05/02/2025,QUIANA SUBLI SHIRT (B&Y),1,JYL ATHLETICA
05/02/2025,Hoodies Breaker,4,NAPOLIZ ENTERPRISES
05/02/2025,Eco Bag @80,7,TET AND DARS
05/02/2025,Keychain @180,2,TET AND DARS
05/02/2025,Pen @30,2,TET AND DARS
05/02/2025,Sticker @120,1,TET AND DARS
05/02/2025,Sticker @20,3,TET AND DARS
05/02/2025,C. Keychain,1,USTORE
05/02/2025,Lanyard @190,2,USTORE
05/02/2025,MJ Sticker Large,1,USTORE
05/02/2025,MJ Sticker Medium,5,USTORE
05/02/2025,MJ Sticker Small,7,USTORE
05/02/2025,New Tiger Plushie Big @850,1,USTORE
05/02/2025,New Tiger Plushie Small @750,9,USTORE
05/02/2025,Tote (One For UST),1,USTORE
05/02/2025,Tote Bag Canvas White,1,USTORE
05/02/2025,Utensil,1,USTORE
06/02/2025,UST College ID Lace,7,JUC
06/02/2025,UST OAT Hoodie Jacket,1,JUC
06/02/2025,UST OAT MUG (W inside),2,JUC
06/02/2025,UST OAT T-Shirt Y/B/COLLEGE,4,JUC
06/02/2025,UST Sweatshirt Sporty,1,JUC
06/02/2025,UST T-Shirt Santo Tomas Shirt/UST T-Shirt Tiger Pattern/HAPPY,8,JUC
06/02/2025,UST T-Shirt Sporty,1,JUC
06/02/2025,BASE BALL SHIRT,2,JYL ATHLETICA
06/02/2025,Corp Jacket,1,JYL ATHLETICA
06/02/2025,Corp Windbreaker,1,JYL ATHLETICA
06/02/2025,Poloshirt @800,1,JYL ATHLETICA
06/02/2025,QUIANA SUBLI SHIRT (B&Y),1,JYL ATHLETICA
06/02/2025,UST-Pen W/Box,2,NEW TRENDS
06/02/2025,Arch @320,4,TET AND DARS
06/02/2025,Eco Bag @80,1,TET AND DARS
06/02/2025,Keychain @180,13,TET AND DARS
06/02/2025,Pen @30,5,TET AND DARS
06/02/2025,Sticker @120,1,TET AND DARS
06/02/2025,Sticker @20,1,TET AND DARS
06/02/2025,C. Keychain,2,USTORE
06/02/2025,MJ Sticker Bundle,2,USTORE
06/02/2025,MJ Sticker Large,4,USTORE
06/02/2025,MJ Sticker Medium,6,USTORE
06/02/2025,MJ Sticker Small,11,USTORE
06/02/2025,Shabby Hat,2,USTORE
06/02/2025,Tote (One For UST),2,USTORE
06/02/2025,Tote (Viva),2,USTORE
06/02/2025,Tote Bag Canvas White,2,USTORE
06/02/2025,Umb (One For UST),8,USTORE
07/02/2025,UST College ID Lace,13,JUC
07/02/2025,UST OAT Hoodie Jacket,2,JUC
07/02/2025,UST OAT MUG (W inside),6,JUC
07/02/2025,UST OAT T-Shirt Y/B/COLLEGE,9,JUC
07/02/2025,UST Sweatshirt Sporty,3,JUC
07/02/2025,UST T-Shirt Santo Tomas Shirt/UST T-Shirt Tiger Pattern/HAPPY,11,JUC
07/02/2025,UST T-Shirt Sporty,6,JUC
07/02/2025,BASE BALL SHIRT,1,JYL ATHLETICA
07/02/2025,Corp Jacket,2,JYL ATHLETICA
07/02/2025,Cotton Brush Jacket,1,JYL ATHLETICA
07/02/2025,DRI-FIT NEW,3,JYL ATHLETICA
07/02/2025,Jacket,1,JYL ATHLETICA
07/02/2025,QUIANA SUBLI SHIRT (B&Y),1,JYL ATHLETICA
07/02/2025,Hoodies Breaker,3,NAPOLIZ ENTERPRISES
07/02/2025,Hoodie,1,NEW TRENDS
07/02/2025,Eco Bag @80,5,TET AND DARS
07/02/2025,Keychain @180,12,TET AND DARS
07/02/2025,Pen @30,9,TET AND DARS
07/02/2025,Sticker @120,2,TET AND DARS
07/02/2025,Sticker @20,5,TET AND DARS
07/02/2025,C. Keychain,9,USTORE
07/02/2025,Kit Set,1,USTORE
07/02/2025,Lanyard @190,4,USTORE
07/02/2025,MJ Sticker Bundle,1,USTORE
07/02/2025,MJ Sticker Large,1,USTORE
07/02/2025,MJ Sticker Medium,3,USTORE
07/02/2025,MJ Sticker Small,10,USTORE
07/02/2025,New Tiger Plushie Small @750,3,USTORE
07/02/2025,Tote (Viva),1,USTORE
07/02/2025,Umb (One For UST),1,USTORE
09/02/2025,UST College ID Lace,61,JUC
09/02/2025,UST OAT Hoodie Jacket,10,JUC
09/02/2025,UST OAT MUG (W inside),9,JUC
09/02/2025,UST OAT T-Shirt Y/B/COLLEGE,51,JUC
09/02/2025,UST Sweatshirt Sporty,5,JUC
09/02/2025,UST T-Shirt Santo Tomas Shirt/UST T-Shirt Tiger Pattern/HAPPY,91,JUC
09/02/2025,UST T-Shirt Sporty,38,JUC
09/02/2025,Corp Jacket,1,JYL ATHLETICA
09/02/2025,Corp Windbreaker,4,JYL ATHLETICA
09/02/2025,Cotton Brush Jacket,5,JYL ATHLETICA
09/02/2025,DRI-FIT NEW,27,JYL ATHLETICA
09/02/2025,QUIANA SUBLI SHIRT (B&Y),41,JYL ATHLETICA
09/02/2025,Double Canopy,12,NAPOLIZ ENTERPRISES
09/02/2025,Hoodies Breaker,9,NAPOLIZ ENTERPRISES
09/02/2025,Arch @320,7,TET AND DARS
09/02/2025,Keychain @180,28,TET AND DARS
09/02/2025,Pen @30,50,TET AND DARS
09/02/2025,Sticker @120,16,TET AND DARS
09/02/2025,Sticker @20,23,TET AND DARS
09/02/2025,C. Keychain,17,USTORE
09/02/2025,Lanyard @190,30,USTORE
09/02/2025,MJ Sticker Bundle,10,USTORE
09/02/2025,MJ Sticker Large,22,USTORE
09/02/2025,MJ Sticker Medium,73,USTORE
09/02/2025,MJ Sticker Small,80,USTORE
09/02/2025,New Tiger Plushie Big @850,8,USTORE
09/02/2025,New Tiger Plushie Small @750,6,USTORE
09/02/2025,Shabby Hat,5,USTORE
09/02/2025,Tote (Viva),13,USTORE
09/02/2025,Tote Bag Canvas White,27,USTORE
09/02/2025,Umb (One For UST),7,USTORE
09/02/2025,Utensil,2,USTORE
10/02/2025,ABSC College Shirt (60th),20,ARTS AND LETTERS (SHIRT HAPPENS)
10/02/2025,Polo Shirt @800,1,BLAZE
10/02/2025,UST College ID Lace,4,JUC
10/02/2025,UST OAT Hoodie Jacket,5,JUC
10/02/2025,UST OAT MUG (W inside),1,JUC
10/02/2025,UST OAT T-Shirt Y/B/COLLEGE,8,JUC
10/02/2025,UST Sweatshirt Sporty,2,JUC
10/02/2025,UST T-Shirt Santo Tomas Shirt/UST T-Shirt Tiger Pattern/HAPPY,7,JUC
10/02/2025,UST T-Shirt Sporty,4,JUC
10/02/2025,BASE BALL SHIRT,1,JYL ATHLETICA
10/02/2025,Cotton Brush Jacket,1,JYL ATHLETICA
10/02/2025,Poloshirt @800,2,JYL ATHLETICA
10/02/2025,QUIANA SUBLI SHIRT (B&Y),4,JYL ATHLETICA
10/02/2025,Arch @320,3,TET AND DARS
10/02/2025,Sticker @120,1,TET AND DARS
10/02/2025,Sticker @20,3,TET AND DARS
10/02/2025,C. Keychain,3,USTORE
10/02/2025,MJ Sticker Bundle,2,USTORE
10/02/2025,MJ Sticker Large,2,USTORE
10/02/2025,MJ Sticker Medium,9,USTORE
10/02/2025,MJ Sticker Small,6,USTORE
10/02/2025,New Tiger Plushie Big @850,1,USTORE
10/02/2025,Shabby Hat,4,USTORE
10/02/2025,Tote (One For UST),1,USTORE
10/02/2025,Tote (Viva),1,USTORE
10/02/2025,Umb (One For UST),1,USTORE
11/02/2025,ABSC College Shirt (60th),12,ARTS AND LETTERS (SHIRT HAPPENS)
11/02/2025,IPEA Shirt,1,ARTS AND LETTERS (SHIRT HAPPENS)
11/02/2025,Bomber Jacket,1,JUC
11/02/2025,UST College ID Lace,4,JUC
11/02/2025,UST OAT T-Shirt Y/B/COLLEGE,4,JUC
11/02/2025,UST T-Shirt Santo Tomas Shirt/UST T-Shirt Tiger Pattern/HAPPY,8,JUC
11/02/2025,UST T-Shirt Sporty,6,JUC
11/02/2025,BASE BALL SHIRT,1,JYL ATHLETICA
11/02/2025,Corp Jacket,1,JYL ATHLETICA
11/02/2025,Corp Windbreaker,2,JYL ATHLETICA
11/02/2025,Jacket,1,JYL ATHLETICA
11/02/2025,QUIANA SUBLI SHIRT (B&Y),3,JYL ATHLETICA
11/02/2025,Hoodies Breaker,1,NAPOLIZ ENTERPRISES
11/02/2025,Keychain @180,2,TET AND DARS
11/02/2025,Pen @30,1,TET AND DARS
11/02/2025,Sticker @20,4,TET AND DARS
11/02/2025,C. Keychain,2,USTORE
11/02/2025,Kit Set,2,USTORE
11/02/2025,Lanyard @190,10,USTORE
11/02/2025,MJ Sticker Large,3,USTORE
11/02/2025,MJ Sticker Medium,4,USTORE
11/02/2025,New Tiger Plushie Big @850,1,USTORE
11/02/2025,New Tiger Plushie Small @750,2,USTORE
11/02/2025,Tote (Viva),2,USTORE
11/02/2025,Umb (One For UST),3,USTORE
12/02/2025,ABSC College Shirt (60th),6,ARTS AND LETTERS (SHIRT HAPPENS)
12/02/2025,IPEA Shirt,1,ARTS AND LETTERS (SHIRT HAPPENS)
12/02/2025,UST College ID Lace,8,JUC
12/02/2025,UST OAT Hoodie Jacket,1,JUC
12/02/2025,UST OAT MUG (W inside),8,JUC
12/02/2025,UST OAT T-Shirt Y/B/COLLEGE,6,JUC
12/02/2025,UST T-Shirt Santo Tomas Shirt/UST T-Shirt Tiger Pattern/HAPPY,9,JUC
12/02/2025,UST T-Shirt Sporty,2,JUC
12/02/2025,BASE BALL SHIRT,1,JYL ATHLETICA
12/02/2025,Cotton Brush Jacket,1,JYL ATHLETICA
12/02/2025,Jacket,1,JYL ATHLETICA
12/02/2025,New GT Shirts,2,NEW TRENDS
12/02/2025,Arch @320,3,TET AND DARS
12/02/2025,Keychain @180,26,TET AND DARS
12/02/2025,Pen @30,1,TET AND DARS
12/02/2025,Sticker @120,1,TET AND DARS
12/02/2025,C. Keychain,2,USTORE
12/02/2025,Lanyard @190,8,USTORE
12/02/2025,MJ Sticker Large,2,USTORE
12/02/2025,MJ Sticker Medium,3,USTORE
12/02/2025,MJ Sticker Small,1,USTORE
12/02/2025,Tiger BUNDLE,1,USTORE
12/02/2025,Tote (Viva),4,USTORE
12/02/2025,Umb (One For UST),1,USTORE
13/02/2025,ABSC College Shirt (60th),18,ARTS AND LETTERS (SHIRT HAPPENS)
13/02/2025,IPEA Shirt,1,ARTS AND LETTERS (SHIRT HAPPENS)
13/02/2025,UST College ID Lace,5,JUC
13/02/2025,UST OAT Hoodie Jacket,1,JUC
13/02/2025,UST OAT MUG (W inside),1,JUC
13/02/2025,UST OAT T-Shirt Y/B/COLLEGE,10,JUC
13/02/2025,UST Sweatshirt Sporty,2,JUC
13/02/2025,UST T-Shirt Santo Tomas Shirt/UST T-Shirt Tiger Pattern/HAPPY,10,JUC
13/02/2025,UST T-Shirt Sporty,4,JUC
13/02/2025,BASE BALL SHIRT,1,JYL ATHLETICA
13/02/2025,Corp Jacket,1,JYL ATHLETICA
13/02/2025,Corp Windbreaker,2,JYL ATHLETICA
13/02/2025,Double Canopy,1,NAPOLIZ ENTERPRISES
13/02/2025,New GT Shirts,1,NEW TRENDS
13/02/2025,Arch @320,2,TET AND DARS
13/02/2025,Eco Bag @80,7,TET AND DARS
13/02/2025,Keychain @180,2,TET AND DARS
13/02/2025,Pen @30,4,TET AND DARS
13/02/2025,Sticker @120,2,TET AND DARS
13/02/2025,Kit Set,1,USTORE
13/02/2025,Lanyard @190,1,USTORE
13/02/2025,MJ Sticker Large,2,USTORE
13/02/2025,MJ Sticker Medium,6,USTORE
13/02/2025,MJ Sticker Small,6,USTORE
13/02/2025,New Tiger Plushie Big @850,1,USTORE
13/02/2025,Shabby Hat,1,USTORE
13/02/2025,Tote (One For UST),1,USTORE
13/02/2025,Tote (Viva),10,USTORE
13/02/2025,Umb (One For UST),3,USTORE
13/02/2025,Utensil,2,USTORE
14/02/2025,ABSC College Shirt (60th),3,ARTS AND LETTERS (SHIRT HAPPENS)
14/02/2025,UST College ID Lace,4,JUC
14/02/2025,UST OAT Hoodie Jacket,1,JUC
14/02/2025,UST OAT T-Shirt Y/B/COLLEGE,8,JUC
14/02/2025,UST Sweatshirt Sporty,1,JUC
14/02/2025,UST T-Shirt Santo Tomas Shirt/UST T-Shirt Tiger Pattern/HAPPY,12,JUC
14/02/2025,UST T-Shirt Sporty,5,JUC
14/02/2025,DRI-FIT NEW,1,JYL ATHLETICA
14/02/2025,Jacket,1,JYL ATHLETICA
14/02/2025,Poloshirt @800,1,JYL ATHLETICA
14/02/2025,QUIANA SUBLI SHIRT (B&Y),1,JYL ATHLETICA
14/02/2025,Back pack,1,NAPOLIZ ENTERPRISES
14/02/2025,Double Canopy,2,NAPOLIZ ENTERPRISES
14/02/2025,Scarves,2,NEW TRENDS
14/02/2025,Keychain @180,2,TET AND DARS
14/02/2025,Pen @30,1,TET AND DARS
14/02/2025,Sticker @120,2,TET AND DARS
14/02/2025,C. Keychain,7,USTORE
14/02/2025,Lanyard @190,4,USTORE
14/02/2025,MJ Sticker Medium,2,USTORE
14/02/2025,MJ Sticker Small,4,USTORE
14/02/2025,New Tiger Plushie Small @750,2,USTORE
14/02/2025,Tote (Viva),6,USTORE
14/02/2025,Umb (One For UST),9,USTORE
14/02/2025,Utensil,1,USTORE
17/02/2025,ABSC College Shirt (60th),4,ARTS AND LETTERS (SHIRT HAPPENS)
17/02/2025,IPEA Shirt,1,ARTS AND LETTERS (SHIRT HAPPENS)
17/02/2025,UST College ID Lace,2,JUC
17/02/2025,UST OAT MUG (W inside),1,JUC
17/02/2025,UST OAT T-Shirt Y/B/COLLEGE,6,JUC
17/02/2025,UST T-Shirt Santo Tomas Shirt/UST T-Shirt Tiger Pattern/HAPPY,3,JUC
17/02/2025,UST T-Shirt Sporty,2,JUC
17/02/2025,Corp Jacket,1,JYL ATHLETICA
17/02/2025,DRI-FIT NEW,1,JYL ATHLETICA
17/02/2025,Poloshirt @800,2,JYL ATHLETICA
17/02/2025,New GT Shirts,1,NEW TRENDS
17/02/2025,Pen @30,1,TET AND DARS
17/02/2025,C. Keychain,1,USTORE
17/02/2025,C. Sticker @120,1,USTORE
17/02/2025,Lanyard @190,2,USTORE
17/02/2025,MJ Sticker Medium,4,USTORE
17/02/2025,MJ Sticker Small,5,USTORE
17/02/2025,New Tiger Plushie Big @850,1,USTORE
17/02/2025,Umb (One For UST),7,USTORE
18/02/2025,ABSC College Shirt (60th),2,ARTS AND LETTERS (SHIRT HAPPENS)
18/02/2025,UST College ID Lace,6,JUC
18/02/2025,UST OAT MUG (W inside),2,JUC
18/02/2025,UST Sweatshirt Sporty,1,JUC
18/02/2025,UST T-Shirt Santo Tomas Shirt/UST T-Shirt Tiger Pattern/HAPPY,8,JUC
18/02/2025,UST T-Shirt Sporty,3,JUC
18/02/2025,DRI-FIT NEW,2,JYL ATHLETICA
18/02/2025,QUIANA SUBLI SHIRT (B&Y),4,JYL ATHLETICA
18/02/2025,Hoodies Breaker,1,NAPOLIZ ENTERPRISES
18/02/2025,Eco Bag @80,2,TET AND DARS
18/02/2025,Keychain @180,2,TET AND DARS
18/02/2025,Sticker @120,2,TET AND DARS
18/02/2025,Sticker @20,1,TET AND DARS
18/02/2025,Lanyard @190,1,USTORE
18/02/2025,MJ Sticker Bundle,1,USTORE
18/02/2025,MJ Sticker Medium,3,USTORE
18/02/2025,MJ Sticker Small,3,USTORE
18/02/2025,Shabby Hat,1,USTORE
18/02/2025,Tote (Viva),4,USTORE
18/02/2025,Umb (One For UST),6,USTORE
19/02/2025,ABSC College Shirt (60th),10,ARTS AND LETTERS (SHIRT HAPPENS)
19/02/2025,UST College ID Lace,3,JUC
19/02/2025,UST OAT MUG (W inside),11,JUC
19/02/2025,UST OAT T-Shirt Y/B/COLLEGE,14,JUC
19/02/2025,UST Sweatshirt Sporty,1,JUC
19/02/2025,UST T-Shirt Santo Tomas Shirt/UST T-Shirt Tiger Pattern/HAPPY,9,JUC
19/02/2025,Corp Windbreaker,1,JYL ATHLETICA
19/02/2025,DRI-FIT NEW,1,JYL ATHLETICA
19/02/2025,Hoodies Breaker,1,NAPOLIZ ENTERPRISES
19/02/2025,Shirts,2,NEW TRENDS
19/02/2025,VL Sticker Pack,1,NEW TRENDS
19/02/2025,Keychain @180,1,TET AND DARS
19/02/2025,Pen @30,83,TET AND DARS
19/02/2025,Sticker @120,4,TET AND DARS
19/02/2025,C. Keychain,1,USTORE
19/02/2025,Lanyard @190,4,USTORE
19/02/2025,MJ Sticker Medium,9,USTORE
19/02/2025,MJ Sticker Small,7,USTORE
19/02/2025,New Tiger Plushie Small @750,7,USTORE
19/02/2025,Tote (Viva),2,USTORE
19/02/2025,Tote Bag Canvas White,3,USTORE
19/02/2025,Umb (One For UST),9,USTORE
20/02/2025,ABSC College Shirt (60th),5,ARTS AND LETTERS (SHIRT HAPPENS)
20/02/2025,UST College ID Lace,4,JUC
20/02/2025,UST OAT Hoodie Jacket,3,JUC
20/02/2025,UST OAT MUG (W inside),2,JUC
20/02/2025,UST OAT T-Shirt Y/B/COLLEGE,6,JUC
20/02/2025,UST Sweatshirt Sporty,3,JUC
20/02/2025,UST T-Shirt Santo Tomas Shirt/UST T-Shirt Tiger Pattern/HAPPY,4,JUC
20/02/2025,UST T-Shirt Sporty,3,JUC
20/02/2025,Corp Windbreaker,1,JYL ATHLETICA
20/02/2025,DRI-FIT NEW,1,JYL ATHLETICA
20/02/2025,Poloshirt 123456 @860,1,JYL ATHLETICA
20/02/2025,Poloshirt @800,1,JYL ATHLETICA
20/02/2025,QUIANA SUBLI SHIRT (B&Y),2,JYL ATHLETICA
20/02/2025,Hoodies Breaker,1,NAPOLIZ ENTERPRISES
20/02/2025,UST-Pen W/Box,1,NEW TRENDS
20/02/2025,Arch @320,1,TET AND DARS
20/02/2025,Keychain @180,1,TET AND DARS
20/02/2025,Kit Set,1,USTORE
20/02/2025,Lanyard @190,2,USTORE
20/02/2025,MJ Sticker Large,1,USTORE
20/02/2025,MJ Sticker Medium,2,USTORE
20/02/2025,New Tiger Plushie Big @850,2,USTORE
20/02/2025,Tiger BUNDLE,2,USTORE
20/02/2025,Tote (Viva),7,USTORE
20/02/2025,Tote Bag Canvas White,12,USTORE
20/02/2025,Umb (One For UST),12,USTORE
20/02/2025,Utensil,9,USTORE
21/02/2025,ABSC College Shirt (60th),1,ARTS AND LETTERS (SHIRT HAPPENS)
21/02/2025,UST College ID Lace,10,JUC
21/02/2025,UST OAT Hoodie Jacket,4,JUC
21/02/2025,UST OAT MUG (W inside),8,JUC
21/02/2025,UST OAT T-Shirt Y/B/COLLEGE,7,JUC
21/02/2025,UST Sweatshirt Sporty,2,JUC
21/02/2025,UST T-Shirt Santo Tomas Shirt/UST T-Shirt Tiger Pattern/HAPPY,7,JUC
21/02/2025,UST T-Shirt Sporty,2,JUC
21/02/2025,BASE BALL SHIRT,2,JYL ATHLETICA
21/02/2025,Corp Jacket,2,JYL ATHLETICA
21/02/2025,Cotton Brush Jacket,1,JYL ATHLETICA
21/02/2025,DRI-FIT NEW,1,JYL ATHLETICA
21/02/2025,Jacket,3,JYL ATHLETICA
21/02/2025,Poloshirt @800,4,JYL ATHLETICA
21/02/2025,Shirts,1,NAPOLIZ ENTERPRISES
21/02/2025,Varsity Jacket,1,NEW TRENDS
21/02/2025,Arch @320,3,TET AND DARS
21/02/2025,Eco Bag @80,3,TET AND DARS
21/02/2025,C. Keychain,1,USTORE
21/02/2025,Lanyard @190,5,USTORE
21/02/2025,MJ Sticker Large,4,USTORE
21/02/2025,MJ Sticker Medium,4,USTORE
21/02/2025,MJ Sticker Small,2,USTORE
21/02/2025,New Tiger Plushie Big @850,3,USTORE
21/02/2025,New Tiger Plushie Small @750,4,USTORE
21/02/2025,Shabby Hat,1,USTORE
21/02/2025,Tote (Viva),2,USTORE
21/02/2025,Umb (One For UST),1,USTORE
21/02/2025,Utensil,4,USTORE
24/02/2025,ABSC College Shirt (60th),2,ARTS AND LETTERS (SHIRT HAPPENS)
24/02/2025,UST College ID Lace,4,JUC
24/02/2025,UST OAT Hoodie Jacket,5,JUC
24/02/2025,UST OAT MUG (W inside),4,JUC
24/02/2025,UST OAT T-Shirt Y/B/COLLEGE,3,JUC
24/02/2025,UST Sweatshirt Sporty,1,JUC
24/02/2025,UST T-Shirt Santo Tomas Shirt/UST T-Shirt Tiger Pattern/HAPPY,24,JUC
24/02/2025,UST T-Shirt Sporty,1,JUC
24/02/2025,Corp Jacket,2,JYL ATHLETICA
24/02/2025,Cotton Brush Jacket,1,JYL ATHLETICA
24/02/2025,DRI-FIT NEW,1,JYL ATHLETICA
24/02/2025,QUIANA SUBLI SHIRT (B&Y),3,JYL ATHLETICA
24/02/2025,Hoodies Breaker,2,NAPOLIZ ENTERPRISES
24/02/2025,Varsity Jacket,1,NEW TRENDS
24/02/2025,Arch @320,6,TET AND DARS
24/02/2025,Eco Bag @80,6,TET AND DARS
24/02/2025,Keychain @180,6,TET AND DARS
24/02/2025,Sticker @120,4,TET AND DARS
24/02/2025,C. Keychain,3,USTORE
24/02/2025,Lanyard @180,2,USTORE
24/02/2025,Lanyard @190,3,USTORE
24/02/2025,MJ Sticker Medium,3,USTORE
24/02/2025,MJ Sticker Small,4,USTORE
24/02/2025,Tote (Viva),5,USTORE
24/02/2025,Tote Bag Canvas White,2,USTORE
24/02/2025,Umb (One For UST),4,USTORE
24/02/2025,Utensil,5,USTORE
26/02/2025,ABSC College Shirt (60th),3,ARTS AND LETTERS (SHIRT HAPPENS)
26/02/2025,Bomber Jacket,1,JUC
26/02/2025,UST College ID Lace,5,JUC
26/02/2025,UST OAT Hoodie Jacket,3,JUC
26/02/2025,UST OAT MUG (W inside),1,JUC
26/02/2025,UST OAT T-Shirt Y/B/COLLEGE,11,JUC
26/02/2025,UST Sweatshirt Sporty,5,JUC
26/02/2025,UST T-Shirt Santo Tomas Shirt/UST T-Shirt Tiger Pattern/HAPPY,6,JUC
26/02/2025,UST T-Shirt Sporty,7,JUC
26/02/2025,BASE BALL SHIRT,3,JYL ATHLETICA
26/02/2025,Corp Jacket,4,JYL ATHLETICA
26/02/2025,Corp Windbreaker,1,JYL ATHLETICA
26/02/2025,Cotton Brush Jacket,4,JYL ATHLETICA
26/02/2025,DRI-FIT NEW,2,JYL ATHLETICA
26/02/2025,Jacket,1,JYL ATHLETICA
26/02/2025,Poloshirt @800,3,JYL ATHLETICA
26/02/2025,QUIANA SUBLI SHIRT (B&Y),4,JYL ATHLETICA
26/02/2025,Shirts,1,NEW TRENDS
26/02/2025,Keychain @180,2,TET AND DARS
26/02/2025,Sticker @120,5,TET AND DARS
26/02/2025,C. Keychain,2,USTORE
26/02/2025,Lanyard @180,9,USTORE
26/02/2025,Lanyard @190,3,USTORE
26/02/2025,MJ Sticker Large,1,USTORE
26/02/2025,MJ Sticker Medium,3,USTORE
26/02/2025,MJ Sticker Small,3,USTORE
26/02/2025,New Tiger Plushie Big @850,1,USTORE
26/02/2025,New Tiger Plushie Small @750,3,USTORE
26/02/2025,Tote (Viva),4,USTORE
26/02/2025,Tote Bag Canvas White,1,USTORE
26/02/2025,Umb (One For UST),5,USTORE
27/02/2025,ABSC College Shirt (60th),1,ARTS AND LETTERS (SHIRT HAPPENS)
27/02/2025,New Polo Shirt (EMBROIDED),1,BLAZE
27/02/2025,UST OAT Hoodie Jacket,1,JUC
27/02/2025,UST OAT MUG (W inside),9,JUC
27/02/2025,UST OAT T-Shirt Y/B/COLLEGE,8,JUC
27/02/2025,UST T-Shirt Santo Tomas Shirt/UST T-Shirt Tiger Pattern/HAPPY,6,JUC
27/02/2025,UST T-Shirt Sporty,1,JUC
27/02/2025,Cotton Brush Jacket,1,JYL ATHLETICA
27/02/2025,Jacket,1,JYL ATHLETICA
27/02/2025,Arch @320,1,TET AND DARS
27/02/2025,Eco Bag @80,1,TET AND DARS
27/02/2025,Keychain @180,5,TET AND DARS
27/02/2025,C. Keychain,6,USTORE
27/02/2025,Lanyard @180,4,USTORE
27/02/2025,MJ Sticker Bundle,1,USTORE
27/02/2025,MJ Sticker Large,8,USTORE
27/02/2025,MJ Sticker Medium,5,USTORE
27/02/2025,MJ Sticker Small,9,USTORE
27/02/2025,New Tiger Plushie Small @750,2,USTORE
27/02/2025,Tote (Viva),1,USTORE
27/02/2025,Tote Bag Canvas White,6,USTORE
28/02/2025,ABSC College Shirt (60th),1,ARTS AND LETTERS (SHIRT HAPPENS)
28/02/2025,Bomber Jacket,1,JUC
28/02/2025,UST College ID Lace,6,JUC
28/02/2025,UST OAT Hoodie Jacket,3,JUC
28/02/2025,UST OAT MUG (W inside),1,JUC
28/02/2025,UST OAT T-Shirt Y/B/COLLEGE,6,JUC
28/02/2025,UST Sweatshirt Sporty,4,JUC
28/02/2025,UST T-Shirt Santo Tomas Shirt/UST T-Shirt Tiger Pattern/HAPPY,22,JUC
28/02/2025,UST T-Shirt Sporty,4,JUC
28/02/2025,Cotton Brush Jacket,2,JYL ATHLETICA
28/02/2025,DRI-FIT NEW,1,JYL ATHLETICA
28/02/2025,Poloshirt @800,1,JYL ATHLETICA
28/02/2025,QUIANA SUBLI SHIRT (B&Y),4,JYL ATHLETICA
28/02/2025,Hoodies Breaker,2,NAPOLIZ ENTERPRISES
28/02/2025,Arch @320,4,TET AND DARS
28/02/2025,Eco Bag @80,3,TET AND DARS
28/02/2025,Keychain @180,5,TET AND DARS
28/02/2025,Sticker @120,4,TET AND DARS
28/02/2025,C. Keychain,2,USTORE
28/02/2025,Lanyard @180,17,USTORE
28/02/2025,Lanyard @190,4,USTORE
28/02/2025,MJ Sticker Large,2,USTORE
28/02/2025,MJ Sticker Medium,8,USTORE
28/02/2025,MJ Sticker Small,14,USTORE
28/02/2025,New Tiger Plushie Big @850,1,USTORE
28/02/2025,New Tiger Plushie Small @750,2,USTORE
28/02/2025,Shabby Hat,13,USTORE
28/02/2025,Tiger BUNDLE,1,USTORE
28/02/2025,Tote (Viva),5,USTORE
28/02/2025,Tote Bag Canvas White,1,USTORE
28/02/2025,Umb (One For UST),2,USTORE
03/03/2025,IPEA Shirt,1,ARTS AND LETTERS (SHIRT HAPPENS)
03/03/2025,New Polo Shirt (EMBROIDED),2,BLAZE
03/03/2025,UST T-Shirt Santo Tomas Shirt/UST T-Shirt Tiger Pattern/HAPPY,6,JUC
03/03/2025,Hoodies Breaker,3,NAPOLIZ ENTERPRISES
03/03/2025,Lanyard @180,1,USTORE
03/03/2025,MJ Sticker Large,2,USTORE
03/03/2025,MJ Sticker Medium,3,USTORE
03/03/2025,MJ Sticker Small,2,USTORE
03/03/2025,Tote Bag Canvas White,15,USTORE
05/03/2025,Shirts all @450 UPSIZE (3XL-5XL),2,JUC
05/03/2025,UST College ID Lace,4,JUC
05/03/2025,UST OAT Hoodie Jacket,3,JUC
05/03/2025,UST OAT T-Shirt Y/B/COLLEGE,1,JUC
05/03/2025,UST Sweatshirt Sporty,1,JUC
05/03/2025,UST T-Shirt Santo Tomas Shirt/UST T-Shirt Tiger Pattern/HAPPY,5,JUC
05/03/2025,UST T-Shirt Sporty,1,JUC
05/03/2025,BASE BALL SHIRT,1,JYL ATHLETICA
05/03/2025,Cotton Gray Jacket,1,JYL ATHLETICA
05/03/2025,DRI-FIT NEW,1,JYL ATHLETICA
05/03/2025,Jacket,1,JYL ATHLETICA
05/03/2025,Poloshirt @800,2,JYL ATHLETICA
05/03/2025,QUIANA SUBLI SHIRT (B&Y),1,JYL ATHLETICA
05/03/2025,Hoodies Breaker,1,NAPOLIZ ENTERPRISES
05/03/2025,Arch @320,3,TET AND DARS
05/03/2025,Eco Bag @80,3,TET AND DARS
05/03/2025,Keychain @180,1,TET AND DARS
05/03/2025,Sticker @120,5,TET AND DARS
05/03/2025,Lanyard @180,17,USTORE
05/03/2025,Lanyard @190,1,USTORE
05/03/2025,MJ Sticker Medium,4,USTORE
05/03/2025,MJ Sticker Small,5,USTORE
05/03/2025,New Tiger Plushie Big @850,1,USTORE
05/03/2025,New Tiger Plushie Small @750,1,USTORE
05/03/2025,Notelet,9,USTORE
05/03/2025,Shabby Hat,8,USTORE
05/03/2025,Tote (Viva),1,USTORE
05/03/2025,Tote Bag Canvas White,1,USTORE
05/03/2025,Umb (One For UST),3,USTORE
05/03/2025,New GT Shirts,1,VARSITY LIFESTYLE
06/03/2025,UST College ID Lace,2,JUC
06/03/2025,UST OAT Hoodie Jacket,1,JUC
06/03/2025,UST OAT MUG (W inside),1,JUC
06/03/2025,UST OAT T-Shirt Y/B/COLLEGE,4,JUC
06/03/2025,UST T-Shirt Santo Tomas Shirt/UST T-Shirt Tiger Pattern/HAPPY,7,JUC
06/03/2025,UST T-Shirt Sporty,4,JUC
06/03/2025,Cotton Brush Jacket,1,JYL ATHLETICA
06/03/2025,Poloshirt @800,1,JYL ATHLETICA
06/03/2025,QUIANA SUBLI SHIRT (B&Y),1,JYL ATHLETICA
06/03/2025,Arch @320,1,TET AND DARS
06/03/2025,Keychain @180,4,TET AND DARS
06/03/2025,C. Keychain,1,USTORE
06/03/2025,Clappers,1,USTORE
06/03/2025,Lanyard @180,18,USTORE
06/03/2025,Lanyard @190,3,USTORE
06/03/2025,MJ Sticker Large,4,USTORE
06/03/2025,MJ Sticker Medium,4,USTORE
06/03/2025,MJ Sticker Small,5,USTORE
06/03/2025,Tote (One For UST),45,USTORE
06/03/2025,Umb (One For UST),1,USTORE
07/03/2025,ABSC College Shirt (60th),2,ARTS AND LETTERS (SHIRT HAPPENS)
07/03/2025,New Polo Shirt (EMBROIDED),2,BLAZE
07/03/2025,UST College ID Lace,7,JUC
07/03/2025,UST OAT MUG (W inside),1,JUC
07/03/2025,UST OAT T-Shirt Y/B/COLLEGE,5,JUC
07/03/2025,UST Sweatshirt Sporty,4,JUC
07/03/2025,UST T-Shirt Santo Tomas Shirt/UST T-Shirt Tiger Pattern/HAPPY,17,JUC
07/03/2025,UST T-Shirt Sporty,9,JUC
07/03/2025,UST T-Shirt Sporty UPSIZE (3XL-5XL),1,JUC
07/03/2025,BASE BALL SHIRT,4,JYL ATHLETICA
07/03/2025,Cotton Black Jacket,1,JYL ATHLETICA
07/03/2025,Cotton Brush Jacket,1,JYL ATHLETICA
07/03/2025,Cotton Gray Jacket,1,JYL ATHLETICA
07/03/2025,DRI-FIT NEW,1,JYL ATHLETICA
07/03/2025,Jacket,4,JYL ATHLETICA
07/03/2025,Poloshirt @800,1,JYL ATHLETICA
07/03/2025,QUIANA SUBLI SHIRT (B&Y),3,JYL ATHLETICA
07/03/2025,Double Canopy,2,NAPOLIZ ENTERPRISES
07/03/2025,Hoodies Breaker,1,NAPOLIZ ENTERPRISES
07/03/2025,UST-Pen W/Box,1,NEW TRENDS
07/03/2025,Arch @320,3,TET AND DARS
07/03/2025,Keychain @180,4,TET AND DARS
07/03/2025,C. Keychain,4,USTORE
07/03/2025,Lanyard @180,18,USTORE
07/03/2025,Lanyard @190,4,USTORE
07/03/2025,MJ Sticker Large,4,USTORE
07/03/2025,MJ Sticker Medium,8,USTORE
07/03/2025,MJ Sticker Small,11,USTORE
07/03/2025,New Tiger Plushie Big @850,1,USTORE
07/03/2025,New Tiger Plushie Small @750,2,USTORE
07/03/2025,Notelet,2,USTORE
07/03/2025,Tote (One For UST),2,USTORE
07/03/2025,Tote (Viva),12,USTORE
07/03/2025,Tote Bag Canvas White,2,USTORE
07/03/2025,Umb (One For UST),3,USTORE
07/03/2025,New GT Shirts,1,VARSITY LIFESTYLE
08/03/2025,IPEA Shirt,1,ARTS AND LETTERS (SHIRT HAPPENS)
08/03/2025,Shirts all @450 UPSIZE (3XL-5XL),1,JUC
08/03/2025,UST College ID Lace,9,JUC
08/03/2025,UST OAT Hoodie Jacket,1,JUC
08/03/2025,UST OAT T-Shirt Y/B/COLLEGE,6,JUC
08/03/2025,UST T-Shirt Santo Tomas Shirt/UST T-Shirt Tiger Pattern/HAPPY,6,JUC
08/03/2025,UST T-Shirt Sporty,1,JUC
08/03/2025,UST T-Shirt Sporty UPSIZE (3XL-5XL),1,JUC
08/03/2025,Cotton Gray Jacket,1,JYL ATHLETICA
08/03/2025,DRI-FIT NEW,2,JYL ATHLETICA
08/03/2025,Poloshirt 123456 @860,1,JYL ATHLETICA
08/03/2025,Poloshirt @800,4,JYL ATHLETICA
08/03/2025,QUIANA SUBLI SHIRT (B&Y),2,JYL ATHLETICA
08/03/2025,Arch @320,2,TET AND DARS
08/03/2025,Keychain @180,1,TET AND DARS
08/03/2025,Aquaflask,1,USTORE
08/03/2025,C. Keychain,1,USTORE
08/03/2025,Clappers,2,USTORE
08/03/2025,Lanyard @180,9,USTORE
08/03/2025,Lanyard @190,6,USTORE
08/03/2025,MJ Sticker Large,4,USTORE
08/03/2025,MJ Sticker Medium,7,USTORE
08/03/2025,MJ Sticker Small,20,USTORE
08/03/2025,New Tiger Plushie Big @850,1,USTORE
08/03/2025,Tote Bag Canvas White,1,USTORE
08/03/2025,Umb (One For UST),2,USTORE
10/03/2025,New Polo Shirt (EMBROIDED),1,BLAZE
10/03/2025,Polo Shirt @800,1,BLAZE
10/03/2025,UST College ID Lace,4,JUC
10/03/2025,UST OAT Hoodie Jacket,2,JUC
10/03/2025,UST OAT T-Shirt Y/B/COLLEGE,11,JUC
10/03/2025,UST T-Shirt Santo Tomas Shirt/UST T-Shirt Tiger Pattern/HAPPY,1,JUC
10/03/2025,UST T-Shirt Sporty,2,JUC
10/03/2025,Cotton Black Jacket,1,JYL ATHLETICA
10/03/2025,Cotton Gray Jacket,1,JYL ATHLETICA
10/03/2025,Keychain @180,1,TET AND DARS
10/03/2025,Aquaflask,1,USTORE
10/03/2025,Lanyard @180,7,USTORE
10/03/2025,Lanyard @190,1,USTORE
10/03/2025,MJ Sticker Large,2,USTORE
10/03/2025,MJ Sticker Medium,1,USTORE
10/03/2025,MJ Sticker Small,3,USTORE
10/03/2025,Shabby Hat,1,USTORE
10/03/2025,Tote (Viva),1,USTORE
10/03/2025,Tote Bag Canvas White,1,USTORE
11/03/2025,ABSC College Shirt (60th),1,ARTS AND LETTERS (SHIRT HAPPENS)
11/03/2025,New Polo Shirt (EMBROIDED),1,BLAZE
11/03/2025,Polo Shirt @800,2,BLAZE
11/03/2025,Bomber Jacket,1,JUC
11/03/2025,Shirts all @450 UPSIZE (3XL-5XL),1,JUC
11/03/2025,UST College ID Lace,2,JUC
11/03/2025,UST OAT Hoodie Jacket,2,JUC
11/03/2025,UST OAT T-Shirt Y/B/COLLEGE,6,JUC
11/03/2025,UST Sweatshirt Sporty,1,JUC
11/03/2025,UST T-Shirt Santo Tomas Shirt/UST T-Shirt Tiger Pattern/HAPPY,4,JUC
11/03/2025,UST T-Shirt Sporty,5,JUC
11/03/2025,Corp Jacket,2,JYL ATHLETICA
11/03/2025,Corp Windbreaker,1,JYL ATHLETICA
11/03/2025,Cotton Brush Jacket,2,JYL ATHLETICA
11/03/2025,Poloshirt 123456 @860,2,JYL ATHLETICA
11/03/2025,Poloshirt @800,2,JYL ATHLETICA
11/03/2025,Arch @320,4,TET AND DARS
11/03/2025,Sticker @120,4,TET AND DARS
11/03/2025,C. Keychain,2,USTORE
11/03/2025,Lanyard @180,17,USTORE
11/03/2025,Lanyard @190,2,USTORE
11/03/2025,MJ Sticker Medium,4,USTORE
11/03/2025,MJ Sticker Small,4,USTORE
11/03/2025,Tote (One For UST),1,USTORE
11/03/2025,Tote Bag Canvas White,1,USTORE
11/03/2025,Umb (One For UST),1,USTORE
12/03/2025,Bomber Jacket,1,JUC
12/03/2025,UST College ID Lace,5,JUC
12/03/2025,UST OAT Hoodie Jacket,1,JUC
12/03/2025,UST OAT MUG (Y/B inside),1,JUC
12/03/2025,UST Sweatshirt Sporty,1,JUC
12/03/2025,UST T-Shirt Santo Tomas Shirt/UST T-Shirt Tiger Pattern/HAPPY,7,JUC
12/03/2025,UST T-Shirt Sporty,6,JUC
12/03/2025,DRI-FIT NEW,1,JYL ATHLETICA
12/03/2025,Jacket,3,JYL ATHLETICA
12/03/2025,Poloshirt @800,1,JYL ATHLETICA
12/03/2025,QUIANA SUBLI SHIRT (B&Y),1,JYL ATHLETICA
12/03/2025,Double Canopy,1,NAPOLIZ ENTERPRISES
12/03/2025,UST-Pen W/Box,1,NEW TRENDS
12/03/2025,Keychain @180,1,TET AND DARS
12/03/2025,Sticker @120,1,TET AND DARS
12/03/2025,Aquaflask,1,USTORE
12/03/2025,Bookmark,47,USTORE
12/03/2025,C. Keychain,2,USTORE
12/03/2025,Clappers,2,USTORE
12/03/2025,Kit Set,11,USTORE
12/03/2025,Lanyard @180,9,USTORE
12/03/2025,Lanyard @190,2,USTORE
12/03/2025,MJ Sticker Large,2,USTORE
12/03/2025,MJ Sticker Medium,3,USTORE
12/03/2025,MJ Sticker Small,1,USTORE
12/03/2025,New Tiger Plushie Big @850,1,USTORE
12/03/2025,New Tiger Plushie Small @750,1,USTORE
12/03/2025,Notelet,47,USTORE
12/03/2025,Tiger BUNDLE,1,USTORE
12/03/2025,Tote (Viva),3,USTORE
12/03/2025,Tote Bag Canvas White,48,USTORE
12/03/2025,Utensil,1,USTORE
12/03/2025,Hoodie,1,VARSITY LIFESTYLE
13/03/2025,ABSC College Shirt (60th),1,ARTS AND LETTERS (SHIRT HAPPENS)
13/03/2025,New Polo Shirt (EMBROIDED),1,BLAZE
13/03/2025,UST College ID Lace,3,JUC
13/03/2025,UST OAT Hoodie Jacket,1,JUC
13/03/2025,UST OAT MUG (Y/B inside),1,JUC
13/03/2025,UST OAT T-Shirt Y/B/COLLEGE,4,JUC
13/03/2025,UST Sweatshirt Sporty,1,JUC
13/03/2025,UST T-Shirt Santo Tomas Shirt/UST T-Shirt Tiger Pattern/HAPPY,9,JUC
13/03/2025,UST T-Shirt Sporty,4,JUC
13/03/2025,DRI-FIT NEW,1,JYL ATHLETICA
13/03/2025,QUIANA SUBLI SHIRT (B&Y),1,JYL ATHLETICA
13/03/2025,Keychain @180,3,TET AND DARS
13/03/2025,Aquaflask,2,USTORE
13/03/2025,C. Keychain,9,USTORE
13/03/2025,Lanyard @180,8,USTORE
13/03/2025,Lanyard @190,3,USTORE
13/03/2025,MJ Sticker Large,3,USTORE
13/03/2025,MJ Sticker Medium,5,USTORE
13/03/2025,MJ Sticker Small,3,USTORE
13/03/2025,New Tiger Plushie Big @850,1,USTORE
13/03/2025,New Tiger Plushie Small @750,10,USTORE
13/03/2025,Shabby Hat,8,USTORE
13/03/2025,Tote Bag Canvas White,1,USTORE
13/03/2025,New GT Shirts,1,VARSITY LIFESTYLE
14/03/2025,ABSC College Shirt (60th),2,ARTS AND LETTERS (SHIRT HAPPENS)
14/03/2025,New Polo Shirt (EMBROIDED),3,BLAZE
14/03/2025,Shirts all @450 UPSIZE (3XL-5XL),2,JUC
14/03/2025,UST College ID Lace,2,JUC
14/03/2025,UST OAT Hoodie Jacket,1,JUC
14/03/2025,UST OAT MUG (Y/B inside),2,JUC
14/03/2025,UST OAT T-Shirt Y/B/COLLEGE,9,JUC
14/03/2025,UST Sweatshirt Sporty,6,JUC
14/03/2025,UST T-Shirt Santo Tomas Shirt/UST T-Shirt Tiger Pattern/HAPPY,15,JUC
14/03/2025,UST T-Shirt Sporty,26,JUC
14/03/2025,UST T-Shirt Sporty UPSIZE (3XL-5XL),1,JUC
14/03/2025,BASE BALL SHIRT,1,JYL ATHLETICA
14/03/2025,Cotton Brush Jacket,1,JYL ATHLETICA
14/03/2025,DRI-FIT NEW,2,JYL ATHLETICA
14/03/2025,QUIANA SUBLI SHIRT (B&Y),3,JYL ATHLETICA
14/03/2025,Taslan NEW,1,JYL ATHLETICA
14/03/2025,Arch @320,1,TET AND DARS
14/03/2025,Eco Bag @80,1,TET AND DARS
14/03/2025,Keychain @180,1,TET AND DARS
14/03/2025,Sticker @120,1,TET AND DARS
14/03/2025,Aquaflask,1,USTORE
14/03/2025,C. Keychain,1,USTORE
14/03/2025,Clappers,2,USTORE
14/03/2025,Lanyard @180,14,USTORE
14/03/2025,Lanyard @190,3,USTORE
14/03/2025,MJ Sticker Large,6,USTORE
14/03/2025,MJ Sticker Medium,6,USTORE
14/03/2025,MJ Sticker Small,12,USTORE
14/03/2025,New Tiger Plushie Big @850,1,USTORE
14/03/2025,New Tiger Plushie Small @750,1,USTORE
14/03/2025,Shabby Hat,2,USTORE
14/03/2025,Tiger BUNDLE,22,USTORE
14/03/2025,Tote (One For UST),2,USTORE
14/03/2025,Tote (Viva),4,USTORE
14/03/2025,Tote Bag Canvas White,1,USTORE
14/03/2025,Umb (One For UST),5,USTORE
14/03/2025,Hoodie,2,VARSITY LIFESTYLE
14/03/2025,Scarves,2,VARSITY LIFESTYLE
15/03/2025,Shirts all @450 UPSIZE (3XL-5XL),1,JUC
15/03/2025,UST College ID Lace,5,JUC
15/03/2025,UST OAT Hoodie Jacket,1,JUC
15/03/2025,UST OAT MUG (Y/B inside),1,JUC
15/03/2025,UST T-Shirt Santo Tomas Shirt/UST T-Shirt Tiger Pattern/HAPPY,8,JUC
15/03/2025,UST T-Shirt Sporty,2,JUC
15/03/2025,Corp Jacket,1,JYL ATHLETICA
15/03/2025,DRI-FIT NEW,2,JYL ATHLETICA
15/03/2025,Jacket,1,JYL ATHLETICA
15/03/2025,Poloshirt @800,1,JYL ATHLETICA
15/03/2025,QUIANA SUBLI SHIRT (B&Y),2,JYL ATHLETICA
15/03/2025,Double Canopy,1,NAPOLIZ ENTERPRISES
15/03/2025,Laptop Bag,1,NAPOLIZ ENTERPRISES
15/03/2025,Keychain @180,1,TET AND DARS
15/03/2025,Sticker @120,1,TET AND DARS
15/03/2025,C. Sticker @120,1,USTORE
15/03/2025,Lanyard @180,6,USTORE
15/03/2025,Lanyard @190,2,USTORE
15/03/2025,MJ Sticker Large,2,USTORE
15/03/2025,MJ Sticker Medium,5,USTORE
15/03/2025,MJ Sticker Small,4,USTORE
15/03/2025,New Tiger Plushie Small @750,3,USTORE
15/03/2025,Tote (One For UST),3,USTORE
15/03/2025,Tote Bag Canvas White,2,USTORE
15/03/2025,New GT Shirts,1,VARSITY LIFESTYLE
17/03/2025,IPEA Shirt,2,ARTS AND LETTERS (SHIRT HAPPENS)
17/03/2025,UST College ID Lace,1,JUC
17/03/2025,UST OAT MUG (Y/B inside),3,JUC
17/03/2025,UST OAT T-Shirt Y/B/COLLEGE,8,JUC
17/03/2025,UST T-Shirt Santo Tomas Shirt/UST T-Shirt Tiger Pattern/HAPPY,2,JUC
17/03/2025,UST T-Shirt Sporty,4,JUC
17/03/2025,Corp Jacket,1,JYL ATHLETICA
17/03/2025,DRI-FIT NEW,3,JYL ATHLETICA
17/03/2025,Jacket,1,JYL ATHLETICA
17/03/2025,Poloshirt @800,2,JYL ATHLETICA
17/03/2025,QUIANA SUBLI SHIRT (B&Y),2,JYL ATHLETICA
17/03/2025,Double Canopy,1,NAPOLIZ ENTERPRISES
17/03/2025,Keychain @180,5,TET AND DARS
17/03/2025,Sticker @120,1,TET AND DARS
17/03/2025,Aquaflask,1,USTORE
17/03/2025,C. Keychain,4,USTORE
17/03/2025,C. Sticker @120,1,USTORE
17/03/2025,Clappers,1,USTORE
17/03/2025,Lanyard @180,8,USTORE
17/03/2025,Lanyard @190,3,USTORE
17/03/2025,MJ Sticker Medium,3,USTORE
17/03/2025,MJ Sticker Small,8,USTORE
17/03/2025,New Tiger Plushie Big @850,1,USTORE
17/03/2025,Tote (One For UST),2,USTORE
17/03/2025,Tote (Viva),5,USTORE
17/03/2025,Umb (One For UST),5,USTORE
18/03/2025,New Polo Shirt (EMBROIDED),1,BLAZE
18/03/2025,Shirts all @450 UPSIZE (3XL-5XL),1,JUC
18/03/2025,UST College ID Lace,4,JUC
18/03/2025,UST OAT MUG (W inside),5,JUC
18/03/2025,UST OAT T-Shirt Y/B/COLLEGE,5,JUC
18/03/2025,UST T-Shirt Santo Tomas Shirt/UST T-Shirt Tiger Pattern/HAPPY,10,JUC
18/03/2025,UST T-Shirt Sporty,5,JUC
18/03/2025,BASE BALL SHIRT,1,JYL ATHLETICA
18/03/2025,Cotton Gray Jacket,1,JYL ATHLETICA
18/03/2025,Poloshirt @800,3,JYL ATHLETICA
18/03/2025,QUIANA SUBLI SHIRT (B&Y),2,JYL ATHLETICA
18/03/2025,Keychain @180,1,TET AND DARS
18/03/2025,Aquaflask,1,USTORE
18/03/2025,C. Keychain,1,USTORE
18/03/2025,Lanyard @180,13,USTORE
18/03/2025,MJ Sticker Medium,7,USTORE
18/03/2025,MJ Sticker Small,7,USTORE
18/03/2025,New Tiger Plushie Big @850,3,USTORE
18/03/2025,New Tiger Plushie Small @750,2,USTORE
18/03/2025,Tote (One For UST),1,USTORE
18/03/2025,Tote Bag Canvas White,11,USTORE
19/03/2025,Bomber Jacket,1,JUC
19/03/2025,UST College ID Lace,3,JUC
19/03/2025,UST OAT Hoodie Jacket,1,JUC
19/03/2025,UST OAT MUG (W inside),7,JUC
19/03/2025,UST OAT MUG (Y/B inside),3,JUC
19/03/2025,UST OAT T-Shirt Y/B/COLLEGE,3,JUC
19/03/2025,UST T-Shirt Santo Tomas Shirt/UST T-Shirt Tiger Pattern/HAPPY,7,JUC
19/03/2025,UST T-Shirt Sporty,2,JUC
19/03/2025,UST-Pen W/Box,12,NEW TRENDS
19/03/2025,Eco Bag @80,1,TET AND DARS
19/03/2025,Keychain @180,3,TET AND DARS
19/03/2025,Aquaflask,11,USTORE
19/03/2025,Lanyard @180,5,USTORE
19/03/2025,Lanyard @190,1,USTORE
19/03/2025,MJ Sticker Large,3,USTORE
19/03/2025,MJ Sticker Medium,6,USTORE
19/03/2025,MJ Sticker Small,4,USTORE
19/03/2025,New Tiger Plushie Big @850,7,USTORE
19/03/2025,New Tiger Plushie Small @750,2,USTORE
19/03/2025,Notelet,7,USTORE
19/03/2025,Tiger BUNDLE,1,USTORE
19/03/2025,Tote (One For UST),3,USTORE
19/03/2025,Tote (Viva),1,USTORE
19/03/2025,Umb (One For UST),10,USTORE
20/03/2025,Polo Shirt @800,1,BLAZE
20/03/2025,UST College ID Lace,5,JUC
20/03/2025,UST OAT T-Shirt Y/B/COLLEGE,1,JUC
20/03/2025,UST Sweatshirt Sporty,1,JUC
20/03/2025,UST T-Shirt Santo Tomas Shirt/UST T-Shirt Tiger Pattern/HAPPY,4,JUC
20/03/2025,UST T-Shirt Sporty,2,JUC
20/03/2025,UST T-Shirt Sporty UPSIZE (3XL-5XL),1,JUC
20/03/2025,BASE BALL SHIRT,1,JYL ATHLETICA
20/03/2025,DRI-FIT NEW,1,JYL ATHLETICA
20/03/2025,Poloshirt @800,2,JYL ATHLETICA
20/03/2025,Hoodies Breaker,1,NAPOLIZ ENTERPRISES
20/03/2025,Keychain @180,2,TET AND DARS
20/03/2025,Sticker @120,1,TET AND DARS
20/03/2025,C. Keychain,5,USTORE
20/03/2025,Clappers,6,USTORE
20/03/2025,Kit Set,1,USTORE
20/03/2025,Lanyard @180,18,USTORE
20/03/2025,Lanyard @190,3,USTORE
20/03/2025,MJ Sticker Large,5,USTORE
20/03/2025,MJ Sticker Medium,12,USTORE
20/03/2025,MJ Sticker Small,7,USTORE
20/03/2025,Tote (Viva),1,USTORE
20/03/2025,Tote Bag Canvas White,1,USTORE
20/03/2025,Umb (One For UST),3,USTORE
21/03/2025,IPEA Shirt,1,ARTS AND LETTERS (SHIRT HAPPENS)
21/03/2025,UST College ID Lace,4,JUC
21/03/2025,UST OAT Hoodie Jacket,1,JUC
21/03/2025,UST OAT MUG (W inside),6,JUC
21/03/2025,UST OAT T-Shirt Y/B/COLLEGE,18,JUC
21/03/2025,UST Sweatshirt Sporty,1,JUC
21/03/2025,UST T-Shirt Santo Tomas Shirt/UST T-Shirt Tiger Pattern/HAPPY,7,JUC
21/03/2025,UST T-Shirt Sporty,1,JUC
21/03/2025,BASE BALL SHIRT,1,JYL ATHLETICA
21/03/2025,Cotton Brush Jacket,1,JYL ATHLETICA
21/03/2025,Cotton Gray Jacket,2,JYL ATHLETICA
21/03/2025,Jacket,3,JYL ATHLETICA
21/03/2025,Poloshirt @800,1,JYL ATHLETICA
21/03/2025,VB Jersey without Sig @1500,1,JYL ATHLETICA
21/03/2025,Hoodies Breaker,1,NAPOLIZ ENTERPRISES
21/03/2025,Keychain @180,1,TET AND DARS
21/03/2025,Aquaflask,1,USTORE
21/03/2025,C. Keychain,6,USTORE
21/03/2025,Lanyard @180,12,USTORE
21/03/2025,MJ Sticker Medium,4,USTORE
21/03/2025,MJ Sticker Small,4,USTORE
21/03/2025,New Tiger Plushie Big @850,3,USTORE
21/03/2025,New Tiger Plushie Small @750,2,USTORE
21/03/2025,Notelet,6,USTORE
21/03/2025,Tote (Viva),6,USTORE
21/03/2025,Tote Bag Canvas White,3,USTORE
21/03/2025,Umb (One For UST),4,USTORE
21/03/2025,Shirts,1,VARSITY LIFESTYLE
22/03/2025,ABSC College Shirt (60th),1,ARTS AND LETTERS (SHIRT HAPPENS)
22/03/2025,UST College ID Lace,2,JUC
22/03/2025,UST OAT MUG (Y/B inside),19,JUC
22/03/2025,UST OAT T-Shirt Y/B/COLLEGE,1,JUC
22/03/2025,UST T-Shirt Santo Tomas Shirt/UST T-Shirt Tiger Pattern/HAPPY,4,JUC
22/03/2025,UST T-Shirt Sporty,1,JUC
22/03/2025,Corp Jacket,1,JYL ATHLETICA
22/03/2025,QUIANA SUBLI SHIRT (B&Y),4,JYL ATHLETICA
22/03/2025,Eco Bag @80,1,TET AND DARS
22/03/2025,Sticker @120,1,TET AND DARS
22/03/2025,C. Keychain,3,USTORE
22/03/2025,Lanyard @180,3,USTORE
22/03/2025,Lanyard @190,5,USTORE
22/03/2025,MJ Sticker Medium,2,USTORE
22/03/2025,New Tiger Plushie Big @850,1,USTORE
22/03/2025,Notelet,5,USTORE
22/03/2025,Shabby Hat,1,USTORE
22/03/2025,Tote (One For UST),1,USTORE
22/03/2025,Umb (One For UST),1,USTORE
25/03/2025,New Polo Shirt (EMBROIDED),1,BLAZE
25/03/2025,Polo Shirt @800,1,BLAZE
25/03/2025,UST College ID Lace,1,JUC
25/03/2025,UST OAT Hoodie Jacket,1,JUC
25/03/2025,UST OAT MUG (Y/B inside),4,JUC
25/03/2025,UST OAT T-Shirt Y/B/COLLEGE,7,JUC
25/03/2025,UST Sweatshirt Sporty,3,JUC
25/03/2025,UST T-Shirt Santo Tomas Shirt/UST T-Shirt Tiger Pattern/HAPPY,9,JUC
25/03/2025,UST T-Shirt Sporty,6,JUC
25/03/2025,Cotton Black Jacket,2,JYL ATHLETICA
25/03/2025,Cotton Gray Jacket,1,JYL ATHLETICA
25/03/2025,DRI-FIT NEW,2,JYL ATHLETICA
25/03/2025,Jacket,1,JYL ATHLETICA
25/03/2025,Poloshirt @800,1,JYL ATHLETICA
25/03/2025,QUIANA SUBLI SHIRT (B&Y),3,JYL ATHLETICA
25/03/2025,Keychain @180,5,TET AND DARS
25/03/2025,Aquaflask,1,USTORE
25/03/2025,C. Keychain,2,USTORE
25/03/2025,Kit Set,11,USTORE
25/03/2025,Lanyard @180,8,USTORE
25/03/2025,MJ Sticker Large,3,USTORE
25/03/2025,MJ Sticker Medium,6,USTORE
25/03/2025,MJ Sticker Small,4,USTORE
25/03/2025,New Tiger Plushie Big @850,2,USTORE
25/03/2025,New Tiger Plushie Small @750,3,USTORE
25/03/2025,Notelet,170,USTORE
25/03/2025,Pencil,172,USTORE
25/03/2025,Tote (One For UST),1,USTORE
25/03/2025,Tote (Viva),2,USTORE
25/03/2025,Tote Bag Canvas White,74,USTORE
25/03/2025,Umb (One For UST),2,USTORE
26/03/2025,ABSC College Shirt (60th),4,ARTS AND LETTERS (SHIRT HAPPENS)
26/03/2025,New Polo Shirt (EMBROIDED),3,BLAZE
26/03/2025,Polo Shirt @800,1,BLAZE
26/03/2025,UST College ID Lace,4,JUC
26/03/2025,UST OAT Hoodie Jacket,1,JUC
26/03/2025,UST OAT MUG (Y/B inside),2,JUC
26/03/2025,UST OAT T-Shirt Y/B/COLLEGE,4,JUC
26/03/2025,UST T-Shirt Santo Tomas Shirt/UST T-Shirt Tiger Pattern/HAPPY,3,JUC
26/03/2025,UST T-Shirt Sporty,10,JUC
26/03/2025,UST T-Shirt Sporty UPSIZE (3XL-5XL),1,JUC
26/03/2025,Cotton Black Jacket,1,JYL ATHLETICA
26/03/2025,Cotton Gray Jacket,1,JYL ATHLETICA
26/03/2025,Jacket,2,JYL ATHLETICA
26/03/2025,Poloshirt 123456 @860,1,JYL ATHLETICA
26/03/2025,QUIANA SUBLI SHIRT (B&Y),1,JYL ATHLETICA
26/03/2025,UST-Pen W/Box,4,NEW TRENDS
26/03/2025,Aquaflask,1,USTORE
26/03/2025,C. Sticker @120,2,USTORE
26/03/2025,Lanyard @180,10,USTORE
26/03/2025,Lanyard @190,1,USTORE
26/03/2025,MJ Sticker Large,1,USTORE
26/03/2025,MJ Sticker Medium,3,USTORE
26/03/2025,MJ Sticker Small,2,USTORE
26/03/2025,Notelet,10,USTORE
26/03/2025,Tote Bag Canvas White,1,USTORE
26/03/2025,Umb (One For UST),2,USTORE
26/03/2025,Utensil,10,USTORE
27/03/2025,New Polo Shirt (EMBROIDED),2,BLAZE
27/03/2025,UST College ID Lace,2,JUC
27/03/2025,UST OAT Hoodie Jacket,1,JUC
27/03/2025,UST OAT MUG (W inside),3,JUC
27/03/2025,UST OAT MUG (Y/B inside),1,JUC
27/03/2025,UST OAT T-Shirt Y/B/COLLEGE,8,JUC
27/03/2025,UST Sweatshirt Sporty,1,JUC
27/03/2025,UST T-Shirt Santo Tomas Shirt/UST T-Shirt Tiger Pattern/HAPPY,4,JUC
27/03/2025,UST T-Shirt Sporty,3,JUC
27/03/2025,DRI-FIT NEW,2,JYL ATHLETICA
27/03/2025,QUIANA SUBLI SHIRT (B&Y),1,JYL ATHLETICA
27/03/2025,Hoodies Breaker,1,NAPOLIZ ENTERPRISES
27/03/2025,Keychain @180,3,TET AND DARS
27/03/2025,Aquaflask,1,USTORE
27/03/2025,C. Keychain,1,USTORE
27/03/2025,Clappers,200,USTORE
27/03/2025,ID Case,2,USTORE
27/03/2025,Lanyard @180,5,USTORE
27/03/2025,Lanyard @190,2,USTORE
27/03/2025,MJ Sticker Large,1,USTORE
27/03/2025,MJ Sticker Medium,2,USTORE
27/03/2025,MJ Sticker Small,3,USTORE
27/03/2025,New Tiger Plushie Small @750,2,USTORE
27/03/2025,Notelet,3,USTORE
27/03/2025,Umb (One For UST),1,USTORE
27/03/2025,New GT Shirts,1,VARSITY LIFESTYLE
28/03/2025,IPEA Shirt,1,ARTS AND LETTERS (SHIRT HAPPENS)
28/03/2025,New Polo Shirt (EMBROIDED),2,BLAZE
28/03/2025,Shirts all @450 UPSIZE (3XL-5XL),1,JUC
28/03/2025,UST OAT Hoodie Jacket,1,JUC
28/03/2025,UST OAT MUG (W inside),6,JUC
28/03/2025,UST OAT MUG (Y/B inside),10,JUC
28/03/2025,UST OAT T-Shirt Y/B/COLLEGE,11,JUC
28/03/2025,UST Sweatshirt Sporty,2,JUC
28/03/2025,UST T-Shirt Santo Tomas Shirt/UST T-Shirt Tiger Pattern/HAPPY,14,JUC
28/03/2025,UST T-Shirt Sporty,9,JUC
28/03/2025,UST T-Shirt Sporty UPSIZE (3XL-5XL),1,JUC
28/03/2025,Corp Jacket,1,JYL ATHLETICA
28/03/2025,Cotton Black Jacket,1,JYL ATHLETICA
28/03/2025,Cotton Gray Jacket,1,JYL ATHLETICA
28/03/2025,DRI-FIT NEW,6,JYL ATHLETICA
28/03/2025,Poloshirt @800,9,JYL ATHLETICA
28/03/2025,QUIANA SUBLI SHIRT (B&Y),7,JYL ATHLETICA
28/03/2025,Hoodies Breaker,4,NAPOLIZ ENTERPRISES
28/03/2025,UST-Pen W/Box,6,NEW TRENDS
28/03/2025,Keychain @180,1,TET AND DARS
28/03/2025,Sticker @120,1,TET AND DARS
28/03/2025,Aquaflask,1,USTORE
28/03/2025,C. Keychain,1,USTORE
28/03/2025,Clappers,5,USTORE
28/03/2025,Lanyard @180,15,USTORE
28/03/2025,Lanyard @190,4,USTORE
28/03/2025,MJ Sticker Large,1,USTORE
28/03/2025,MJ Sticker Medium,6,USTORE
28/03/2025,MJ Sticker Small,3,USTORE
28/03/2025,New Tiger Plushie Big @850,1,USTORE
28/03/2025,Shabby Hat,2,USTORE
28/03/2025,Thick Lanyard,1,USTORE
28/03/2025,Tote (Viva),2,USTORE
28/03/2025,Umb (One For UST),1,USTORE
28/03/2025,Scarves,1,VARSITY LIFESTYLE
29/03/2025,Polo Shirt @800,1,BLAZE
29/03/2025,UST College ID Lace,1,JUC
29/03/2025,UST OAT MUG (W inside),5,JUC
29/03/2025,UST OAT T-Shirt Y/B/COLLEGE,2,JUC
29/03/2025,UST Sweatshirt Sporty,1,JUC
29/03/2025,UST T-Shirt Santo Tomas Shirt/UST T-Shirt Tiger Pattern/HAPPY,5,JUC
29/03/2025,UST T-Shirt Sporty,1,JUC
29/03/2025,BASE BALL SHIRT,1,JYL ATHLETICA
29/03/2025,DRI-FIT NEW,1,JYL ATHLETICA
29/03/2025,Poloshirt @800,1,JYL ATHLETICA
29/03/2025,QUIANA SUBLI SHIRT (B&Y),1,JYL ATHLETICA
29/03/2025,Double Canopy,1,NAPOLIZ ENTERPRISES
29/03/2025,ID Case,3,USTORE
29/03/2025,Lanyard @180,5,USTORE
29/03/2025,MJ Sticker Large,2,USTORE
29/03/2025,MJ Sticker Small,5,USTORE
29/03/2025,Shabby Hat,1,USTORE
29/03/2025,Umb (One For UST),3,USTORE
31/03/2025,ABSC College Shirt (60th),2,ARTS AND LETTERS (SHIRT HAPPENS)
31/03/2025,New Polo Shirt (EMBROIDED),6,BLAZE
31/03/2025,Polo Shirt @800,1,BLAZE
31/03/2025,UST College ID Lace,7,JUC
31/03/2025,UST OAT Hoodie Jacket,2,JUC
31/03/2025,UST OAT MUG (W inside),4,JUC
31/03/2025,UST OAT T-Shirt Y/B/COLLEGE,7,JUC
31/03/2025,UST Sweatshirt Sporty,6,JUC
31/03/2025,UST T-Shirt Santo Tomas Shirt/UST T-Shirt Tiger Pattern/HAPPY,14,JUC
31/03/2025,UST T-Shirt Sporty,5,JUC
31/03/2025,BASE BALL SHIRT,1,JYL ATHLETICA
31/03/2025,DRI-FIT NEW,2,JYL ATHLETICA
31/03/2025,Poloshirt 123456 @860,1,JYL ATHLETICA
31/03/2025,Poloshirt @800,5,JYL ATHLETICA
31/03/2025,QUIANA SUBLI SHIRT (B&Y),5,JYL ATHLETICA
31/03/2025,Eco Bag @80,4,TET AND DARS
31/03/2025,Keychain @180,1,TET AND DARS
31/03/2025,Sticker @120,2,TET AND DARS
31/03/2025,Aquaflask,3,USTORE
31/03/2025,C. Keychain,3,USTORE
31/03/2025,ID Case,3,USTORE
31/03/2025,Lanyard @180,25,USTORE
31/03/2025,Lanyard @190,2,USTORE
31/03/2025,MJ Sticker Large,2,USTORE
31/03/2025,MJ Sticker Medium,5,USTORE
31/03/2025,MJ Sticker Small,4,USTORE
31/03/2025,New Tiger Plushie Big @850,2,USTORE
31/03/2025,New Tiger Plushie Small @750,3,USTORE
31/03/2025,Thick Lanyard,6,USTORE
31/03/2025,Tote Bag Canvas White,4,USTORE
31/03/2025,Utensil,2,USTORE
31/03/2025,New GT Shirts,1,VARSITY LIFESTYLE
31/03/2025,Scarves,1,VARSITY LIFESTYLE
02/04/2025,ABSC College Shirt (60th),1,ARTS AND LETTERS (SHIRT HAPPENS)
02/04/2025,Polo Shirt @800,1,BLAZE
02/04/2025,White Embro,2,BLAZE
02/04/2025,Bomber Jacket,2,JUC
02/04/2025,Shirts all @450 UPSIZE (3XL-5XL),2,JUC
02/04/2025,UST OAT MUG (W inside),2,JUC
02/04/2025,UST OAT MUG (Y/B inside),42,JUC
02/04/2025,UST OAT T-Shirt Y/B/COLLEGE,9,JUC
02/04/2025,UST T-Shirt Santo Tomas Shirt/UST T-Shirt Tiger Pattern/HAPPY,10,JUC
02/04/2025,BASE BALL SHIRT,1,JYL ATHLETICA
02/04/2025,Corp Windbreaker,1,JYL ATHLETICA
02/04/2025,DRI-FIT NEW,3,JYL ATHLETICA
02/04/2025,Poloshirt @800,3,JYL ATHLETICA
02/04/2025,QUIANA SUBLI SHIRT (B&Y),2,JYL ATHLETICA
02/04/2025,Eco Bag @80,4,TET AND DARS
02/04/2025,Sticker @120,1,TET AND DARS
02/04/2025,Aquaflask,3,USTORE
02/04/2025,C. Keychain,2,USTORE
02/04/2025,ID Case,1,USTORE
02/04/2025,Lanyard @180,9,USTORE
02/04/2025,Lanyard @190,4,USTORE
02/04/2025,MJ Sticker Large,4,USTORE
02/04/2025,MJ Sticker Medium,3,USTORE
02/04/2025,MJ Sticker Small,7,USTORE
02/04/2025,New Tiger Plushie Big @850,11,USTORE
02/04/2025,New Tiger Plushie Small @750,2,USTORE
02/04/2025,Shabby Hat,1,USTORE
02/04/2025,Tote (Viva),3,USTORE
02/04/2025,Tote Bag Canvas White,1,USTORE
02/04/2025,Umb (One For UST),42,USTORE
03/04/2025,IPEA Shirt,1,ARTS AND LETTERS (SHIRT HAPPENS)
03/04/2025,UST College ID Lace,4,JUC
03/04/2025,UST OAT Hoodie Jacket,1,JUC
03/04/2025,UST OAT MUG (Y/B inside),9,JUC
03/04/2025,UST OAT T-Shirt Y/B/COLLEGE,5,JUC
03/04/2025,UST T-Shirt Santo Tomas Shirt/UST T-Shirt Tiger Pattern/HAPPY,21,JUC
03/04/2025,BASE BALL SHIRT,1,JYL ATHLETICA
03/04/2025,Cotton Black Jacket,2,JYL ATHLETICA
03/04/2025,Jacket,7,JYL ATHLETICA
03/04/2025,Poloshirt @800,2,JYL ATHLETICA
03/04/2025,QUIANA SUBLI SHIRT (B&Y),3,JYL ATHLETICA
03/04/2025,Hoodies Breaker,3,NAPOLIZ ENTERPRISES
03/04/2025,UST-Pen W/Box,8,NEW TRENDS
03/04/2025,Eco Bag @80,1,TET AND DARS
03/04/2025,Sticker @120,1,TET AND DARS
03/04/2025,C. Keychain,1,USTORE
03/04/2025,ID Case,2,USTORE
03/04/2025,Kit Set,1,USTORE
03/04/2025,Lanyard @180,9,USTORE
03/04/2025,Lanyard @190,1,USTORE
03/04/2025,MJ Sticker Large,2,USTORE
03/04/2025,MJ Sticker Medium,3,USTORE
03/04/2025,New Tiger Plushie Big @850,1,USTORE
03/04/2025,New Tiger Plushie Small @750,9,USTORE
03/04/2025,Shabby Hat,7,USTORE
03/04/2025,Thick Lanyard,8,USTORE
03/04/2025,Tote (Viva),2,USTORE
03/04/2025,Tote Bag Canvas White,1,USTORE
03/04/2025,Umb (One For UST),2,USTORE
04/04/2025,IPEA Shirt,1,ARTS AND LETTERS (SHIRT HAPPENS)
04/04/2025,Polo Shirt @800,1,BLAZE
04/04/2025,Shirts all @450 UPSIZE (3XL-5XL),1,JUC
04/04/2025,UST College ID Lace,1,JUC
04/04/2025,UST OAT MUG (Y/B inside),3,JUC
04/04/2025,UST OAT T-Shirt Y/B/COLLEGE,3,JUC
04/04/2025,UST T-Shirt Santo Tomas Shirt/UST T-Shirt Tiger Pattern/HAPPY,8,JUC
04/04/2025,UST T-Shirt Sporty,4,JUC
04/04/2025,UST T-Shirt Sporty UPSIZE (3XL-5XL),1,JUC
04/04/2025,Corp Jacket,1,JYL ATHLETICA
04/04/2025,Corp Windbreaker,1,JYL ATHLETICA
04/04/2025,Cotton Black Jacket,1,JYL ATHLETICA
04/04/2025,DRI-FIT NEW,1,JYL ATHLETICA
04/04/2025,Jacket,9,JYL ATHLETICA
04/04/2025,QUIANA SUBLI SHIRT (B&Y),3,JYL ATHLETICA
04/04/2025,Hoodies Breaker,1,NAPOLIZ ENTERPRISES
04/04/2025,Sticker @120,3,TET AND DARS
04/04/2025,Aquaflask,3,USTORE
04/04/2025,Bookmark,1,USTORE
04/04/2025,ID Case,7,USTORE
04/04/2025,Lanyard @180,11,USTORE
04/04/2025,Lanyard @190,2,USTORE
04/04/2025,MJ Sticker Large,2,USTORE
04/04/2025,MJ Sticker Medium,7,USTORE
04/04/2025,MJ Sticker Small,7,USTORE
04/04/2025,Thick Lanyard,3,USTORE
04/04/2025,Tote (One For UST),1,USTORE
04/04/2025,Tote (Viva),5,USTORE
04/04/2025,Umb (One For UST),2,USTORE
04/04/2025,Hoodie,1,VARSITY LIFESTYLE
05/04/2025,UST College ID Lace,1,JUC
05/04/2025,UST OAT Hoodie Jacket,1,JUC
05/04/2025,UST OAT T-Shirt Y/B/COLLEGE,6,JUC
05/04/2025,UST T-Shirt Sporty,1,JUC
05/04/2025,DRI-FIT NEW,1,JYL ATHLETICA
05/04/2025,QUIANA SUBLI SHIRT (B&Y),1,JYL ATHLETICA
05/04/2025,Hoodies Breaker,1,NAPOLIZ ENTERPRISES
05/04/2025,Eco Bag @80,2,TET AND DARS
05/04/2025,C. Keychain,1,USTORE
05/04/2025,Clappers,4,USTORE
05/04/2025,ID Case,1,USTORE
05/04/2025,Lanyard @180,3,USTORE
05/04/2025,MJ Sticker Large,5,USTORE
05/04/2025,MJ Sticker Medium,4,USTORE
05/04/2025,MJ Sticker Small,3,USTORE
05/04/2025,New Tiger Plushie Small @750,2,USTORE
05/04/2025,Thick Lanyard,2,USTORE
05/04/2025,Tote (One For UST),1,USTORE
07/04/2025,IPEA Shirt,1,ARTS AND LETTERS (SHIRT HAPPENS)
07/04/2025,Polo Shirt @800,2,BLAZE
07/04/2025,UST College ID Lace,6,JUC
07/04/2025,UST OAT T-Shirt Y/B/COLLEGE,4,JUC
07/04/2025,UST T-Shirt Santo Tomas Shirt/UST T-Shirt Tiger Pattern/HAPPY,12,JUC
07/04/2025,UST T-Shirt Sporty,3,JUC
07/04/2025,BASE BALL SHIRT,3,JYL ATHLETICA
07/04/2025,DRI-FIT NEW,3,JYL ATHLETICA
07/04/2025,Poloshirt @800,1,JYL ATHLETICA
07/04/2025,Hoodies Breaker,4,NAPOLIZ ENTERPRISES
07/04/2025,Eco Bag @80,2,TET AND DARS
07/04/2025,Sticker @120,1,TET AND DARS
07/04/2025,C. Keychain,2,USTORE
07/04/2025,ID Case,3,USTORE
07/04/2025,Lanyard @180,11,USTORE
07/04/2025,Lanyard @190,4,USTORE
07/04/2025,MJ Sticker Large,4,USTORE
07/04/2025,MJ Sticker Medium,1,USTORE
07/04/2025,MJ Sticker Small,5,USTORE
07/04/2025,New Tiger Plushie Big @850,1,USTORE
07/04/2025,Notelet,3,USTORE
07/04/2025,Thick Lanyard,3,USTORE
07/04/2025,Tote (Viva),5,USTORE
07/04/2025,Umb (One For UST),3,USTORE
08/04/2025,White Embro,2,BLAZE
08/04/2025,UST College ID Lace,2,JUC
08/04/2025,UST OAT Hoodie Jacket,1,JUC
08/04/2025,UST OAT T-Shirt Y/B/COLLEGE,9,JUC
08/04/2025,UST Sweatshirt Sporty,1,JUC
08/04/2025,UST T-Shirt Santo Tomas Shirt/UST T-Shirt Tiger Pattern/HAPPY,9,JUC
08/04/2025,UST T-Shirt Sporty,2,JUC
08/04/2025,Cotton Gray Jacket,1,JYL ATHLETICA
08/04/2025,Jacket,1,JYL ATHLETICA
08/04/2025,QUIANA SUBLI SHIRT (B&Y),2,JYL ATHLETICA
08/04/2025,Hoodies Breaker,6,NAPOLIZ ENTERPRISES
08/04/2025,Eco Bag @80,5,TET AND DARS
08/04/2025,Keychain @180,1,TET AND DARS
08/04/2025,Sticker @120,1,TET AND DARS
08/04/2025,C. Keychain,1,USTORE
08/04/2025,ID Case,1,USTORE
08/04/2025,Kit Set,3,USTORE
08/04/2025,Lanyard @180,4,USTORE
08/04/2025,Lanyard @190,3,USTORE
08/04/2025,MJ Sticker Large,1,USTORE
08/04/2025,MJ Sticker Medium,2,USTORE
08/04/2025,MJ Sticker Small,3,USTORE
08/04/2025,New Tiger Plushie Big @850,1,USTORE
08/04/2025,Tote (One For UST),1,USTORE
08/04/2025,Umb (One For UST),1,USTORE
08/04/2025,New GT Shirts,2,VARSITY LIFESTYLE
10/04/2025,Shirts all @450 UPSIZE (3XL-5XL),2,JUC
10/04/2025,UST College ID Lace,2,JUC
10/04/2025,UST OAT Hoodie Jacket,3,JUC
10/04/2025,UST OAT T-Shirt Y/B/COLLEGE,5,JUC
10/04/2025,UST Sweatshirt Sporty,3,JUC
10/04/2025,UST T-Shirt Santo Tomas Shirt/UST T-Shirt Tiger Pattern/HAPPY,17,JUC
10/04/2025,UST T-Shirt Sporty,2,JUC
10/04/2025,Corp Jacket,1,JYL ATHLETICA
10/04/2025,Cotton Black Jacket,1,JYL ATHLETICA
10/04/2025,DRI-FIT NEW,2,JYL ATHLETICA
10/04/2025,Poloshirt @800,4,JYL ATHLETICA
10/04/2025,Hoodies Breaker,1,NAPOLIZ ENTERPRISES
10/04/2025,Aquaflask,6,USTORE
10/04/2025,C. Keychain,1,USTORE
10/04/2025,ID Case,8,USTORE
10/04/2025,Kit Set,2,USTORE
10/04/2025,Lanyard @180,10,USTORE
10/04/2025,Lanyard @190,3,USTORE
10/04/2025,MJ Sticker Medium,3,USTORE
10/04/2025,Thick Lanyard,1,USTORE
10/04/2025,Tote (One For UST),12,USTORE
10/04/2025,Tote (Viva),14,USTORE
10/04/2025,Umb (One For UST),1,USTORE
10/04/2025,Hoodie,1,VARSITY LIFESTYLE
11/04/2025,ABSC College Shirt (60th),1,ARTS AND LETTERS (SHIRT HAPPENS)
11/04/2025,White Embro,2,BLAZE
11/04/2025,UST College ID Lace,2,JUC
11/04/2025,UST OAT Hoodie Jacket,2,JUC
11/04/2025,UST OAT T-Shirt Y/B/COLLEGE,12,JUC
11/04/2025,UST Sweatshirt Sporty,1,JUC
11/04/2025,UST T-Shirt Santo Tomas Shirt/UST T-Shirt Tiger Pattern/HAPPY,14,JUC
11/04/2025,UST T-Shirt Sporty,5,JUC
11/04/2025,BASE BALL SHIRT,1,JYL ATHLETICA
11/04/2025,Cotton Gray Jacket,2,JYL ATHLETICA
11/04/2025,QUIANA SUBLI SHIRT (B&Y),3,JYL ATHLETICA
11/04/2025,Hoodies Breaker,2,NAPOLIZ ENTERPRISES
11/04/2025,Laptop Bag,1,NAPOLIZ ENTERPRISES
11/04/2025,UST-Pen W/Box,42,NEW TRENDS
11/04/2025,Sticker @120,2,TET AND DARS
11/04/2025,C. Keychain,6,USTORE
11/04/2025,ID Case,4,USTORE
11/04/2025,Lanyard @180,20,USTORE
11/04/2025,Lanyard @190,4,USTORE
11/04/2025,MJ Sticker Medium,7,USTORE
11/04/2025,MJ Sticker Small,9,USTORE
11/04/2025,New Tiger Plushie Big @850,4,USTORE
11/04/2025,New Tiger Plushie Small @750,15,USTORE
11/04/2025,Shabby Hat,1,USTORE
11/04/2025,Tote (One For UST),1,USTORE
11/04/2025,Tote Bag Canvas White,1,USTORE
11/04/2025,Umb (One For UST),8,USTORE
11/04/2025,Hoodie,1,VARSITY LIFESTYLE
11/04/2025,New GT Shirts,1,VARSITY LIFESTYLE
22/04/2025,Shirts all @450 UPSIZE (3XL-5XL),1,JUC
22/04/2025,UST College ID Lace,2,JUC
22/04/2025,UST OAT Hoodie Jacket,3,JUC
22/04/2025,UST OAT MUG (W inside),25,JUC
22/04/2025,UST OAT MUG (Y/B inside),25,JUC
22/04/2025,UST OAT T-Shirt Y/B/COLLEGE,13,JUC
22/04/2025,UST T-Shirt Santo Tomas Shirt/UST T-Shirt Tiger Pattern/HAPPY,10,JUC
22/04/2025,UST T-Shirt Sporty,6,JUC
22/04/2025,UST T-Shirt Sporty UPSIZE (3XL-5XL),1,JUC
22/04/2025,Cotton Black Jacket,3,JYL ATHLETICA
22/04/2025,Cotton Gray Jacket,2,JYL ATHLETICA
22/04/2025,DRI-FIT NEW,4,JYL ATHLETICA
22/04/2025,Jacket,1,JYL ATHLETICA
22/04/2025,Poloshirt @800,1,JYL ATHLETICA
22/04/2025,QUIANA SUBLI SHIRT (B&Y),1,JYL ATHLETICA
22/04/2025,Double Canopy,2,NAPOLIZ ENTERPRISES
22/04/2025,Hoodies Breaker,2,NAPOLIZ ENTERPRISES
22/04/2025,UST-Pen W/Box,1,NEW TRENDS
22/04/2025,Pen @30,2,TET AND DARS
22/04/2025,Aquaflask,2,USTORE
22/04/2025,C. Keychain,3,USTORE
22/04/2025,Lanyard @180,15,USTORE
22/04/2025,Lanyard @190,2,USTORE
22/04/2025,MJ Sticker Large,3,USTORE
22/04/2025,MJ Sticker Medium,2,USTORE
22/04/2025,MJ Sticker Small,2,USTORE
22/04/2025,New Tiger Plushie Big @850,3,USTORE
22/04/2025,New Tiger Plushie Small @750,1,USTORE
22/04/2025,Thick Lanyard,5,USTORE
22/04/2025,Tote (Viva),3,USTORE
22/04/2025,Umb (One For UST),1,USTORE
22/04/2025,Utensil,50,USTORE
22/04/2025,Hoodie,1,VARSITY LIFESTYLE
23/04/2025,ABSC College Shirt (60th),1,ARTS AND LETTERS (SHIRT HAPPENS)
23/04/2025,UST College ID Lace,6,JUC
23/04/2025,UST OAT MUG (W inside),1,JUC
23/04/2025,UST OAT MUG (Y/B inside),1,JUC
23/04/2025,UST OAT T-Shirt Y/B/COLLEGE,6,JUC
23/04/2025,UST Sweatshirt Sporty,2,JUC
23/04/2025,UST T-Shirt Santo Tomas Shirt/UST T-Shirt Tiger Pattern/HAPPY,2,JUC
23/04/2025,UST T-Shirt Sporty,1,JUC
23/04/2025,DRI-FIT NEW,3,JYL ATHLETICA
23/04/2025,Hoodies Breaker,1,NAPOLIZ ENTERPRISES
23/04/2025,Arch @320,1,TET AND DARS
23/04/2025,Eco Bag @80,1,TET AND DARS
23/04/2025,Pen @30,1,TET AND DARS
23/04/2025,Lanyard @180,2,USTORE
23/04/2025,MJ Sticker Large,3,USTORE
23/04/2025,MJ Sticker Medium,2,USTORE
23/04/2025,MJ Sticker Small,5,USTORE
23/04/2025,Tote (One For UST),2,USTORE
23/04/2025,Tote Bag Canvas White,1,USTORE
23/04/2025,Umb (One For UST),3,USTORE
25/04/2025,Black Embro,1,BLAZE
25/04/2025,Polo Shirt @800,4,BLAZE
25/04/2025,White Embro,1,BLAZE
25/04/2025,UST College ID Lace,1,JUC
25/04/2025,UST OAT Hoodie Jacket,9,JUC
25/04/2025,UST OAT MUG (W inside),3,JUC
25/04/2025,UST OAT MUG (Y/B inside),11,JUC
25/04/2025,UST OAT T-Shirt Y/B/COLLEGE,5,JUC
25/04/2025,UST Sweatshirt Sporty,1,JUC
25/04/2025,UST T-Shirt Santo Tomas Shirt/UST T-Shirt Tiger Pattern/HAPPY,9,JUC
25/04/2025,UST T-Shirt Sporty,3,JUC
25/04/2025,UST T-Shirt Sporty UPSIZE (3XL-5XL),1,JUC
25/04/2025,BASE BALL SHIRT,1,JYL ATHLETICA
25/04/2025,Cotton Brush Jacket,23,JYL ATHLETICA
25/04/2025,Cotton Gray Jacket,11,JYL ATHLETICA
25/04/2025,DRI-FIT NEW,1,JYL ATHLETICA
25/04/2025,Jacket,1,JYL ATHLETICA
25/04/2025,Poloshirt @800,3,JYL ATHLETICA
25/04/2025,Double Canopy,2,NAPOLIZ ENTERPRISES
25/04/2025,Hoodies Breaker,2,NAPOLIZ ENTERPRISES
25/04/2025,UST-Pen W/Box,2,NEW TRENDS
25/04/2025,Arch @320,1,TET AND DARS
25/04/2025,Eco Bag @80,4,TET AND DARS
25/04/2025,Keychain @180,2,TET AND DARS
25/04/2025,Pen @30,2,TET AND DARS
25/04/2025,Sticker @20,2,TET AND DARS
25/04/2025,Aquaflask,3,USTORE
25/04/2025,C. Keychain,1,USTORE
25/04/2025,Lanyard @180,7,USTORE
25/04/2025,Lanyard @190,2,USTORE
25/04/2025,MJ Sticker Large,3,USTORE
25/04/2025,MJ Sticker Medium,8,USTORE
25/04/2025,MJ Sticker Small,3,USTORE
25/04/2025,New Tiger Plushie Big @850,3,USTORE
25/04/2025,New Tiger Plushie Small @750,9,USTORE
25/04/2025,Thick Lanyard,1,USTORE
25/04/2025,Tote (One For UST),1,USTORE
25/04/2025,Tote Bag Canvas White,3,USTORE
25/04/2025,Umb (One For UST),1,USTORE
25/04/2025,Utensil,1,USTORE
25/04/2025,Scarves,1,VARSITY LIFESTYLE
26/04/2025,Black Embro,6,BLAZE
26/04/2025,UST College ID Lace,2,JUC
26/04/2025,UST OAT MUG (Y/B inside),5,JUC
26/04/2025,UST OAT T-Shirt Y/B/COLLEGE,1,JUC
26/04/2025,UST Sweatshirt Sporty,1,JUC
26/04/2025,UST T-Shirt Santo Tomas Shirt/UST T-Shirt Tiger Pattern/HAPPY,11,JUC
26/04/2025,UST T-Shirt Sporty,3,JUC
26/04/2025,UST T-Shirt Sporty UPSIZE (3XL-5XL),1,JUC
26/04/2025,Corp Jacket,1,JYL ATHLETICA
26/04/2025,Corp Windbreaker,1,JYL ATHLETICA
26/04/2025,Cotton Brush Jacket,2,JYL ATHLETICA
26/04/2025,DRI-FIT NEW,2,JYL ATHLETICA
26/04/2025,Jacket,1,JYL ATHLETICA
26/04/2025,Poloshirt @800,1,JYL ATHLETICA
26/04/2025,QUIANA SUBLI SHIRT (B&Y),1,JYL ATHLETICA
26/04/2025,Hoodies Breaker,2,NAPOLIZ ENTERPRISES
26/04/2025,UST-Pen W/Box,5,NEW TRENDS
26/04/2025,Keychain @180,3,TET AND DARS
26/04/2025,Sticker @120,1,TET AND DARS
26/04/2025,Sticker @20,4,TET AND DARS
26/04/2025,Aquaflask,1,USTORE
26/04/2025,C. Keychain,3,USTORE
26/04/2025,Clappers,2,USTORE
26/04/2025,ID Case,1,USTORE
26/04/2025,Lanyard @180,11,USTORE
26/04/2025,MJ Sticker Large,1,USTORE
26/04/2025,MJ Sticker Medium,4,USTORE
26/04/2025,MJ Sticker Small,10,USTORE
26/04/2025,New Tiger Plushie Small @750,1,USTORE
26/04/2025,Thick Lanyard,3,USTORE
26/04/2025,Tote (One For UST),3,USTORE
26/04/2025,Tote (Viva),1,USTORE
26/04/2025,New GT Shirts,1,VARSITY LIFESTYLE
28/04/2025,Black Embro,1,BLAZE
28/04/2025,Polo Shirt @800,2,BLAZE
28/04/2025,White Embro,1,BLAZE
28/04/2025,Bomber Jacket,1,JUC
28/04/2025,UST College ID Lace,5,JUC
28/04/2025,UST OAT T-Shirt Y/B/COLLEGE,6,JUC
28/04/2025,UST Sweatshirt Sporty,1,JUC
28/04/2025,UST T-Shirt Santo Tomas Shirt/UST T-Shirt Tiger Pattern/HAPPY,7,JUC
28/04/2025,UST T-Shirt Sporty,1,JUC
28/04/2025,UST T-Shirt Sporty UPSIZE (3XL-5XL),1,JUC
28/04/2025,Cotton Brush Jacket,1,JYL ATHLETICA
28/04/2025,Cotton Gray Jacket,1,JYL ATHLETICA
28/04/2025,DRI-FIT NEW,2,JYL ATHLETICA
28/04/2025,Jacket,1,JYL ATHLETICA
28/04/2025,Hoodies Breaker,2,NAPOLIZ ENTERPRISES
28/04/2025,Arch @320,2,TET AND DARS
28/04/2025,Eco Bag @80,1,TET AND DARS
28/04/2025,Pen @30,2,TET AND DARS
28/04/2025,Sticker @20,1,TET AND DARS
28/04/2025,Aquaflask,2,USTORE
28/04/2025,C. Keychain,4,USTORE
28/04/2025,ID Case,1,USTORE
28/04/2025,Lanyard @180,9,USTORE
28/04/2025,MJ Sticker Bundle,3,USTORE
28/04/2025,MJ Sticker Large,2,USTORE
28/04/2025,MJ Sticker Medium,1,USTORE
28/04/2025,MJ Sticker Small,1,USTORE
28/04/2025,Thick Lanyard,1,USTORE
28/04/2025,Tote (Viva),1,USTORE
28/04/2025,Umb (One For UST),3,USTORE
28/04/2025,New GT Shirts,1,VARSITY LIFESTYLE
29/04/2025,Black Embro,2,BLAZE
29/04/2025,Shirts all @450 UPSIZE (3XL-5XL),1,JUC
29/04/2025,UST College ID Lace,4,JUC
29/04/2025,UST OAT Hoodie Jacket,2,JUC
29/04/2025,UST OAT MUG (W inside),1,JUC
29/04/2025,UST OAT MUG (Y/B inside),5,JUC
29/04/2025,UST Sweatshirt Sporty,1,JUC
29/04/2025,UST T-Shirt Santo Tomas Shirt/UST T-Shirt Tiger Pattern/HAPPY,15,JUC
29/04/2025,UST T-Shirt Sporty,8,JUC
29/04/2025,UST T-Shirt Sporty UPSIZE (3XL-5XL),1,JUC
29/04/2025,BASE BALL SHIRT,1,JYL ATHLETICA
29/04/2025,Corp Windbreaker,1,JYL ATHLETICA
29/04/2025,Cotton Black Jacket,1,JYL ATHLETICA
29/04/2025,Cotton Brush Jacket,2,JYL ATHLETICA
29/04/2025,Cotton Gray Jacket,1,JYL ATHLETICA
29/04/2025,QUIANA SUBLI SHIRT (B&Y),8,JYL ATHLETICA
29/04/2025,Arch @320,1,TET AND DARS
29/04/2025,Keychain @180,6,TET AND DARS
29/04/2025,Pen @30,8,TET AND DARS
29/04/2025,Sticker @120,3,TET AND DARS
29/04/2025,Sticker @20,3,TET AND DARS
29/04/2025,Aquaflask,1,USTORE
29/04/2025,C. Keychain,2,USTORE
29/04/2025,C. Sticker @120,1,USTORE
29/04/2025,Lanyard @180,15,USTORE
29/04/2025,Lanyard @190,2,USTORE
29/04/2025,MJ Sticker Large,4,USTORE
29/04/2025,MJ Sticker Medium,1,USTORE
29/04/2025,MJ Sticker Small,13,USTORE
29/04/2025,New Tiger Plushie Big @850,1,USTORE
29/04/2025,Shabby Hat,1,USTORE
29/04/2025,Thick Lanyard,4,USTORE
29/04/2025,Tote (One For UST),2,USTORE
29/04/2025,Umb (One For UST),11,USTORE
29/04/2025,Hoodie,1,VARSITY LIFESTYLE
30/04/2025,UST College ID Lace,6,JUC
30/04/2025,UST OAT MUG (W inside),3,JUC
30/04/2025,UST OAT MUG (Y/B inside),10,JUC
30/04/2025,UST OAT T-Shirt Y/B/COLLEGE,5,JUC
30/04/2025,UST Sweatshirt Sporty,1,JUC
30/04/2025,UST T-Shirt Santo Tomas Shirt/UST T-Shirt Tiger Pattern/HAPPY,21,JUC
30/04/2025,UST T-Shirt Sporty UPSIZE (3XL-5XL),1,JUC
30/04/2025,BASE BALL SHIRT,1,JYL ATHLETICA
30/04/2025,Corp Jacket,1,JYL ATHLETICA
30/04/2025,Cotton Brush Jacket,2,JYL ATHLETICA
30/04/2025,DRI-FIT NEW,1,JYL ATHLETICA
30/04/2025,Hoodies Breaker,1,NAPOLIZ ENTERPRISES
30/04/2025,Laptop Bag,1,NAPOLIZ ENTERPRISES
30/04/2025,UST-Pen W/Box,3,NEW TRENDS
30/04/2025,Arch @320,5,TET AND DARS
30/04/2025,Eco Bag @80,6,TET AND DARS
30/04/2025,Keychain @180,1,TET AND DARS
30/04/2025,Pen @30,7,TET AND DARS
30/04/2025,Sticker @120,2,TET AND DARS
30/04/2025,Aquaflask,3,USTORE
30/04/2025,C. Keychain,9,USTORE
30/04/2025,Kit Set,10,USTORE
30/04/2025,Lanyard @180,11,USTORE
30/04/2025,Lanyard @190,1,USTORE
30/04/2025,MJ Sticker Large,14,USTORE
30/04/2025,MJ Sticker Medium,4,USTORE
30/04/2025,MJ Sticker Small,16,USTORE
30/04/2025,New Tiger Plushie Big @850,1,USTORE
30/04/2025,Notelet,43,USTORE
30/04/2025,Pencil,36,USTORE
30/04/2025,Shabby Hat,3,USTORE
30/04/2025,Thick Lanyard,4,USTORE
30/04/2025,Tote (One For UST),1,USTORE
30/04/2025,Tote (Viva),3,USTORE
30/04/2025,Tote Bag Canvas White,2,USTORE
30/04/2025,Umb (One For UST),1,USTORE
30/04/2025,New GT Shirts,1,VARSITY LIFESTYLE
02/05/2025,ABSC College Shirt (60th),3,ARTS AND LETTERS (SHIRT HAPPENS)
02/05/2025,Black Embro,4,BLAZE
02/05/2025,White Embro,7,BLAZE
02/05/2025,Shirts all @450 UPSIZE (3XL-5XL),1,JUC
02/05/2025,UST College ID Lace,4,JUC
02/05/2025,UST OAT Hoodie Jacket,3,JUC
02/05/2025,UST OAT MUG (Y/B inside),7,JUC
02/05/2025,UST OAT T-Shirt Y/B/COLLEGE,19,JUC
02/05/2025,UST Sweatshirt Sporty,1,JUC
02/05/2025,UST T-Shirt Santo Tomas Shirt/UST T-Shirt Tiger Pattern/HAPPY,12,JUC
02/05/2025,UST T-Shirt Sporty,11,JUC
02/05/2025,Cotton Brush Jacket,2,JYL ATHLETICA
02/05/2025,DRI-FIT NEW,1,JYL ATHLETICA
02/05/2025,Poloshirt @800,1,JYL ATHLETICA
02/05/2025,QUIANA SUBLI SHIRT (B&Y),1,JYL ATHLETICA
02/05/2025,UST-Pen W/Box,40,NEW TRENDS
02/05/2025,Ballpen 2 Designs @50 (B&Y),8,STITCH CORP. (BLEEVES)
02/05/2025,Bamboo Pen @60,2,STITCH CORP. (BLEEVES)
02/05/2025,Clock @550,1,STITCH CORP. (BLEEVES)
02/05/2025,Kraft Notebook @85,40,STITCH CORP. (BLEEVES)
02/05/2025,Arch @320,5,TET AND DARS
02/05/2025,Eco Bag @80,40,TET AND DARS
02/05/2025,Keychain @180,3,TET AND DARS
02/05/2025,Pen @40,403,TET AND DARS
02/05/2025,Sticker @120,1,TET AND DARS
02/05/2025,Aquaflask,2,USTORE
02/05/2025,C. Keychain,1,USTORE
02/05/2025,C. Sticker @120,2,USTORE
02/05/2025,Eco Bag CGEEE!,1,USTORE
02/05/2025,ID Case,1,USTORE
02/05/2025,Kit Set,1,USTORE
02/05/2025,Lanyard @180,13,USTORE
02/05/2025,Lanyard @190,1,USTORE
02/05/2025,MJ Sticker Large,5,USTORE
02/05/2025,MJ Sticker Medium,1,USTORE
02/05/2025,MJ Sticker Small,5,USTORE
02/05/2025,New Tiger Plushie Big @850,1,USTORE
02/05/2025,Notelet,41,USTORE
02/05/2025,Pencil,3,USTORE
02/05/2025,Thick Lanyard,6,USTORE
02/05/2025,Tiger BUNDLE,1,USTORE
02/05/2025,Tote (Viva),1,USTORE
02/05/2025,Tote Bag Canvas White,2,USTORE
02/05/2025,Umb (One For UST),2,USTORE
03/05/2025,Shirts all @450 UPSIZE (3XL-5XL),1,JUC
03/05/2025,UST College ID Lace,2,JUC
03/05/2025,UST OAT T-Shirt Y/B/COLLEGE,5,JUC
03/05/2025,UST Sweatshirt Sporty,1,JUC
03/05/2025,UST T-Shirt Santo Tomas Shirt/UST T-Shirt Tiger Pattern/HAPPY,8,JUC
03/05/2025,UST T-Shirt Sporty,3,JUC
03/05/2025,Corp Windbreaker,2,JYL ATHLETICA
03/05/2025,Cotton Black Jacket,2,JYL ATHLETICA
03/05/2025,Cotton Brush Jacket,2,JYL ATHLETICA
03/05/2025,DRI-FIT NEW,2,JYL ATHLETICA
03/05/2025,Jacket,1,JYL ATHLETICA
03/05/2025,QUIANA SUBLI SHIRT (B&Y),2,JYL ATHLETICA
03/05/2025,Hoodies Breaker,1,NAPOLIZ ENTERPRISES
03/05/2025,Ballpen 2 Designs @50 (B&Y),4,STITCH CORP. (BLEEVES)
03/05/2025,Bamboo Pen @60,1,STITCH CORP. (BLEEVES)
03/05/2025,Kraft Notebook @85,6,STITCH CORP. (BLEEVES)
03/05/2025,Arch @320,7,TET AND DARS
03/05/2025,Eco Bag @80,2,TET AND DARS
03/05/2025,Keychain @180,7,TET AND DARS
03/05/2025,Pen @40,2,TET AND DARS
03/05/2025,Sticker @120,1,TET AND DARS
03/05/2025,Sticker @25,1,TET AND DARS
03/05/2025,C. Keychain,3,USTORE
03/05/2025,ID Case,1,USTORE
03/05/2025,Lanyard @180,11,USTORE
03/05/2025,Lanyard @190,3,USTORE
03/05/2025,MJ Sticker Large,4,USTORE
03/05/2025,MJ Sticker Medium,13,USTORE
03/05/2025,MJ Sticker Small,6,USTORE
03/05/2025,Thick Lanyard,2,USTORE
03/05/2025,Umb (One For UST),1,USTORE
03/05/2025,Utensil,1,USTORE
05/05/2025,ABSC College Shirt (60th),1,ARTS AND LETTERS (SHIRT HAPPENS)
05/05/2025,Black Embro,2,BLAZE
05/05/2025,White Embro,1,BLAZE
05/05/2025,UST College ID Lace,8,JUC
05/05/2025,UST OAT Hoodie Jacket,1,JUC
05/05/2025,UST OAT MUG (W inside),2,JUC
05/05/2025,UST OAT MUG (Y/B inside),9,JUC
05/05/2025,UST OAT T-Shirt Y/B/COLLEGE,11,JUC
05/05/2025,UST T-Shirt Santo Tomas Shirt/UST T-Shirt Tiger Pattern/HAPPY,21,JUC
05/05/2025,UST T-Shirt Sporty,6,JUC
05/05/2025,BASE BALL SHIRT,1,JYL ATHLETICA
05/05/2025,Cotton Black Jacket,1,JYL ATHLETICA
05/05/2025,Cotton Brush Jacket,1,JYL ATHLETICA
05/05/2025,DRI-FIT NEW,1,JYL ATHLETICA
05/05/2025,Poloshirt 123456 @860,1,JYL ATHLETICA
05/05/2025,QUIANA SUBLI SHIRT (B&Y),2,JYL ATHLETICA
05/05/2025,Hoodies Breaker,4,NAPOLIZ ENTERPRISES
05/05/2025,UST-Pen W/Box,1,NEW TRENDS
05/05/2025,Ballpen 2 Designs @50 (B&Y),1,STITCH CORP. (BLEEVES)
05/05/2025,Baseball Cap METAL @380,1,STITCH CORP. (BLEEVES)
05/05/2025,Clock @550,1,STITCH CORP. (BLEEVES)
05/05/2025,Kraft Notebook @85,2,STITCH CORP. (BLEEVES)
05/05/2025,Arch @320,1,TET AND DARS
05/05/2025,Eco Bag @80,3,TET AND DARS
05/05/2025,Pen @40,2,TET AND DARS
05/05/2025,Sticker @120,3,TET AND DARS
05/05/2025,Sticker @25,3,TET AND DARS
05/05/2025,Aquaflask,2,USTORE
05/05/2025,C. Keychain,1,USTORE
05/05/2025,Clappers,1,USTORE
05/05/2025,ID Case,1,USTORE
05/05/2025,Lanyard @180,8,USTORE
05/05/2025,Lanyard @190,1,USTORE
05/05/2025,MJ Sticker Large,3,USTORE
05/05/2025,MJ Sticker Medium,5,USTORE
05/05/2025,MJ Sticker Small,2,USTORE
05/05/2025,Pencil,2,USTORE
05/05/2025,Thick Lanyard,11,USTORE
05/05/2025,Tote (One For UST),3,USTORE
05/05/2025,Tote (Viva),1,USTORE
05/05/2025,Tote Bag Canvas White,2,USTORE
05/05/2025,Umb (One For UST),7,USTORE
05/05/2025,Utensil,3,USTORE
05/05/2025,New GT Shirts,1,VARSITY LIFESTYLE
06/05/2025,Black Embro,2,BLAZE
06/05/2025,Shirts all @450 UPSIZE (3XL-5XL),2,JUC
06/05/2025,UST College ID Lace,7,JUC
06/05/2025,UST OAT MUG (W inside),2,JUC
06/05/2025,UST OAT MUG (Y/B inside),4,JUC
06/05/2025,UST OAT T-Shirt Y/B/COLLEGE,4,JUC
06/05/2025,UST Sweatshirt Sporty,1,JUC
06/05/2025,UST T-Shirt Santo Tomas Shirt/UST T-Shirt Tiger Pattern/HAPPY,12,JUC
06/05/2025,UST T-Shirt Sporty,10,JUC
06/05/2025,BASE BALL SHIRT,1,JYL ATHLETICA
06/05/2025,Cotton Brush Jacket,1,JYL ATHLETICA
06/05/2025,Cotton Gray Jacket,1,JYL ATHLETICA
06/05/2025,DRI-FIT NEW,2,JYL ATHLETICA
06/05/2025,Poloshirt @800,1,JYL ATHLETICA
06/05/2025,QUIANA SUBLI SHIRT (B&Y),3,JYL ATHLETICA
06/05/2025,VB Jersey without Sig @1500,1,JYL ATHLETICA
06/05/2025,Hoodies Breaker,5,NAPOLIZ ENTERPRISES
06/05/2025,UST-Pen W/Box,3,NEW TRENDS
06/05/2025,Ballpen 2 Designs @50 (B&Y),6,STITCH CORP. (BLEEVES)
06/05/2025,Bamboo Pen @60,3,STITCH CORP. (BLEEVES)
06/05/2025,Arch @320,2,TET AND DARS
06/05/2025,Eco Bag @80,1,TET AND DARS
06/05/2025,Keychain @180,3,TET AND DARS
06/05/2025,Sticker @120,1,TET AND DARS
06/05/2025,Sticker @25,3,TET AND DARS
06/05/2025,Aquaflask,2,USTORE
06/05/2025,C. Keychain,3,USTORE
06/05/2025,C. Sticker @120,1,USTORE
06/05/2025,ID Case,5,USTORE
06/05/2025,Kit Set,15,USTORE
06/05/2025,Lanyard @180,20,USTORE
06/05/2025,Lanyard @190,8,USTORE
06/05/2025,MJ Sticker Large,3,USTORE
06/05/2025,MJ Sticker Medium,7,USTORE
06/05/2025,MJ Sticker Small,16,USTORE
06/05/2025,New Tiger Plushie Big @850,4,USTORE
06/05/2025,Thick Lanyard,7,USTORE
06/05/2025,Tote (One For UST),2,USTORE
06/05/2025,Tote (Viva),1,USTORE
06/05/2025,Tote Bag Canvas White,3,USTORE
07/05/2025,ABSC College Shirt (60th),1,ARTS AND LETTERS (SHIRT HAPPENS)
07/05/2025,Black Embro,1,BLAZE
07/05/2025,Polo Shirt @800,2,BLAZE
07/05/2025,Shirts all @450 UPSIZE (3XL-5XL),2,JUC
07/05/2025,UST OAT Hoodie Jacket,1,JUC
07/05/2025,UST OAT MUG (W inside),1,JUC
07/05/2025,UST OAT MUG (Y/B inside),16,JUC
07/05/2025,UST OAT T-Shirt Y/B/COLLEGE,5,JUC
07/05/2025,UST Sweatshirt Sporty,2,JUC
07/05/2025,UST T-Shirt Santo Tomas Shirt/UST T-Shirt Tiger Pattern/HAPPY,5,JUC
07/05/2025,UST T-Shirt Sporty,1,JUC
07/05/2025,Corp Jacket,2,JYL ATHLETICA
07/05/2025,Cotton Gray Jacket,1,JYL ATHLETICA
07/05/2025,Jacket,1,JYL ATHLETICA
07/05/2025,Poloshirt @800,1,JYL ATHLETICA
07/05/2025,QUIANA SUBLI SHIRT (B&Y),1,JYL ATHLETICA
07/05/2025,Double Canopy,2,NAPOLIZ ENTERPRISES
07/05/2025,Hoodies Breaker,2,NAPOLIZ ENTERPRISES
07/05/2025,UST-Pen W/Box,2,NEW TRENDS
07/05/2025,Ballpen 2 Designs @50 (B&Y),8,STITCH CORP. (BLEEVES)
07/05/2025,Kraft Notebook @85,3,STITCH CORP. (BLEEVES)
07/05/2025,Arch @320,8,TET AND DARS
07/05/2025,Eco Bag @80,16,TET AND DARS
07/05/2025,Keychain @180,3,TET AND DARS
07/05/2025,Sticker @120,2,TET AND DARS
07/05/2025,Sticker @25,2,TET AND DARS
07/05/2025,Aquaflask,1,USTORE
07/05/2025,C. Keychain,4,USTORE
07/05/2025,C. Sticker @120,2,USTORE
07/05/2025,ID Case,1,USTORE
07/05/2025,Kit Set,2,USTORE
07/05/2025,Lanyard @190,8,USTORE
07/05/2025,MJ Sticker Medium,3,USTORE
07/05/2025,MJ Sticker Small,3,USTORE
07/05/2025,New Tiger Plushie Big @850,3,USTORE
07/05/2025,Thick Lanyard,2,USTORE
07/05/2025,Tote (Viva),22,USTORE
07/05/2025,Tote Bag Canvas White,2,USTORE
07/05/2025,Umb (One For UST),12,USTORE
07/05/2025,New GT Shirts,2,VARSITY LIFESTYLE
08/05/2025,Black Embro,4,BLAZE
08/05/2025,UST College ID Lace,3,JUC
08/05/2025,UST OAT MUG (Y/B inside),1,JUC
08/05/2025,UST OAT T-Shirt Y/B/COLLEGE,10,JUC
08/05/2025,UST T-Shirt Santo Tomas Shirt/UST T-Shirt Tiger Pattern/HAPPY,11,JUC
08/05/2025,BASE BALL SHIRT,1,JYL ATHLETICA
08/05/2025,Cotton Brush Jacket,2,JYL ATHLETICA
08/05/2025,DRI-FIT NEW,1,JYL ATHLETICA
08/05/2025,Hoodies Breaker,2,NAPOLIZ ENTERPRISES
08/05/2025,Ballpen 2 Designs @50 (B&Y),1,STITCH CORP. (BLEEVES)
08/05/2025,Bamboo Notebook @150,1,STITCH CORP. (BLEEVES)
08/05/2025,Baseball Cap METAL @380,2,STITCH CORP. (BLEEVES)
08/05/2025,Arch @320,3,TET AND DARS
08/05/2025,Eco Bag @80,1,TET AND DARS
08/05/2025,Keychain @180,1,TET AND DARS
08/05/2025,C. Keychain,3,USTORE
08/05/2025,ID Case,2,USTORE
08/05/2025,Lanyard @180,7,USTORE
08/05/2025,Lanyard @190,2,USTORE
08/05/2025,MJ Sticker Medium,11,USTORE
08/05/2025,MJ Sticker Small,3,USTORE
08/05/2025,Notelet,1,USTORE
08/05/2025,Thick Lanyard,2,USTORE
08/05/2025,Tote (One For UST),1,USTORE
08/05/2025,Tote (Viva),4,USTORE
08/05/2025,Tote Bag Canvas White,4,USTORE
08/05/2025,Umb (One For UST),6,USTORE
08/05/2025,Scarves,1,VARSITY LIFESTYLE
09/05/2025,ABSC College Shirt (60th),1,ARTS AND LETTERS (SHIRT HAPPENS)
09/05/2025,White Embro,3,BLAZE
09/05/2025,UST College ID Lace,1,JUC
09/05/2025,UST OAT Hoodie Jacket,2,JUC
09/05/2025,UST OAT MUG (Y/B inside),69,JUC
09/05/2025,UST OAT T-Shirt Y/B/COLLEGE,10,JUC
09/05/2025,UST Sweatshirt Sporty,1,JUC
09/05/2025,UST T-Shirt Santo Tomas Shirt/UST T-Shirt Tiger Pattern/HAPPY,15,JUC
09/05/2025,UST T-Shirt Sporty,8,JUC
09/05/2025,BASE BALL SHIRT,1,JYL ATHLETICA
09/05/2025,Corp Windbreaker,1,JYL ATHLETICA
09/05/2025,DRI-FIT NEW,3,JYL ATHLETICA
09/05/2025,Jacket,1,JYL ATHLETICA
09/05/2025,QUIANA SUBLI SHIRT (B&Y),2,JYL ATHLETICA
09/05/2025,Hoodies Breaker,2,NAPOLIZ ENTERPRISES
09/05/2025,UST-Pen W/Box,3,NEW TRENDS
09/05/2025,Ballpen 2 Designs @50 (B&Y),2,STITCH CORP. (BLEEVES)
09/05/2025,Bamboo Pen @60,1,STITCH CORP. (BLEEVES)
09/05/2025,Kraft Notebook @85,1,STITCH CORP. (BLEEVES)
09/05/2025,Arch @320,3,TET AND DARS
09/05/2025,Eco Bag @80,3,TET AND DARS
09/05/2025,Keychain @180,3,TET AND DARS
09/05/2025,Pen @40,12,TET AND DARS
09/05/2025,Sticker @120,1,TET AND DARS
09/05/2025,5M Rotating Keychain,1,USTORE
09/05/2025,C. Keychain,2,USTORE
09/05/2025,Clappers,3,USTORE
09/05/2025,ID Case,1,USTORE
09/05/2025,Lanyard @180,11,USTORE
09/05/2025,Lanyard @190,2,USTORE
09/05/2025,MJ Sticker Large,2,USTORE
09/05/2025,MJ Sticker Medium,12,USTORE
09/05/2025,MJ Sticker Small,9,USTORE
09/05/2025,New Tiger Plushie Big @850,5,USTORE
09/05/2025,Thick Lanyard,7,USTORE
09/05/2025,Tote (One For UST),25,USTORE
09/05/2025,Tote (Viva),26,USTORE
09/05/2025,Umb (One For UST),1,USTORE
09/05/2025,New GT Shirts,1,VARSITY LIFESTYLE
10/05/2025,Black Embro,2,BLAZE
10/05/2025,White Embro,1,BLAZE
10/05/2025,UST College ID Lace,3,JUC
10/05/2025,UST OAT MUG (Y/B inside),2,JUC
10/05/2025,UST OAT T-Shirt Y/B/COLLEGE,7,JUC
10/05/2025,UST Sweatshirt Sporty,1,JUC
10/05/2025,UST T-Shirt Santo Tomas Shirt/UST T-Shirt Tiger Pattern/HAPPY,10,JUC
10/05/2025,UST T-Shirt Sporty,5,JUC
10/05/2025,BASE BALL SHIRT,1,JYL ATHLETICA
10/05/2025,Poloshirt @800,2,JYL ATHLETICA
10/05/2025,QUIANA SUBLI SHIRT (B&Y),1,JYL ATHLETICA
10/05/2025,Hoodies Breaker,2,NAPOLIZ ENTERPRISES
10/05/2025,Ballpen 2 Designs @50 (B&Y),4,STITCH CORP. (BLEEVES)
10/05/2025,Eco Bag @80,4,TET AND DARS
10/05/2025,Keychain @180,7,TET AND DARS
10/05/2025,Pen @40,1,TET AND DARS
10/05/2025,Sticker @25,3,TET AND DARS
10/05/2025,5M Magnetic Pin,3,USTORE
10/05/2025,5M Rotating Keychain,1,USTORE
10/05/2025,C. Keychain,1,USTORE
10/05/2025,Lanyard @180,8,USTORE
10/05/2025,MJ Sticker Large,8,USTORE
10/05/2025,MJ Sticker Medium,10,USTORE
10/05/2025,MJ Sticker Small,6,USTORE
10/05/2025,Thick Lanyard,5,USTORE
10/05/2025,Tote (One For UST),2,USTORE
10/05/2025,Umb (One For UST),3,USTORE
14/05/2025,ABSC College Shirt (60th),1,ARTS AND LETTERS (SHIRT HAPPENS)
14/05/2025,Polo Shirt @800,1,BLAZE
14/05/2025,White Embro,1,BLAZE
14/05/2025,UST College ID Lace,1,JUC
14/05/2025,UST OAT MUG (W inside),5,JUC
14/05/2025,UST OAT MUG (Y/B inside),4,JUC
14/05/2025,UST OAT T-Shirt Y/B/COLLEGE,10,JUC
14/05/2025,UST T-Shirt Santo Tomas Shirt/UST T-Shirt Tiger Pattern/HAPPY,4,JUC
14/05/2025,UST T-Shirt Sporty,2,JUC
14/05/2025,UST T-Shirt Sporty UPSIZE (3XL-5XL),1,JUC
14/05/2025,Cotton Brush Jacket,1,JYL ATHLETICA
14/05/2025,DRI-FIT NEW,2,JYL ATHLETICA
14/05/2025,Poloshirt 123456 @860,1,JYL ATHLETICA
14/05/2025,Poloshirt @800,2,JYL ATHLETICA
14/05/2025,QUIANA SUBLI SHIRT (B&Y),3,JYL ATHLETICA
14/05/2025,Double Canopy,2,NAPOLIZ ENTERPRISES
14/05/2025,Hoodies Breaker,3,NAPOLIZ ENTERPRISES
14/05/2025,Ballpen 2 Designs @50 (B&Y),7,STITCH CORP. (BLEEVES)
14/05/2025,Bamboo Notebook @150,6,STITCH CORP. (BLEEVES)
14/05/2025,Bamboo Pen @60,1,STITCH CORP. (BLEEVES)
14/05/2025,Kraft Notebook @85,6,STITCH CORP. (BLEEVES)
14/05/2025,Arch @320,5,TET AND DARS
14/05/2025,Eco Bag @80,5,TET AND DARS
14/05/2025,Keychain @180,1,TET AND DARS
14/05/2025,Pen @40,1,TET AND DARS
14/05/2025,Sticker @25,1,TET AND DARS
14/05/2025,5M Magnetic Pin,5,USTORE
14/05/2025,Aquaflask,12,USTORE
14/05/2025,C. Keychain,2,USTORE
14/05/2025,Clappers,2,USTORE
14/05/2025,ID Case,2,USTORE
14/05/2025,Lanyard @180,4,USTORE
14/05/2025,Lanyard @190,2,USTORE
14/05/2025,MJ Sticker Large,10,USTORE
14/05/2025,MJ Sticker Medium,20,USTORE
14/05/2025,MJ Sticker Small,15,USTORE
14/05/2025,New Tiger Plushie Big @850,1,USTORE
14/05/2025,Thick Lanyard,2,USTORE
14/05/2025,Tote (Viva),2,USTORE
14/05/2025,Umb (One For UST),2,USTORE
14/05/2025,Baller,1,VARSITY LIFESTYLE
15/05/2025,UST College ID Lace,2,JUC
15/05/2025,UST OAT Hoodie Jacket,1,JUC
15/05/2025,UST OAT MUG (Y/B inside),4,JUC
15/05/2025,UST OAT T-Shirt Y/B/COLLEGE,4,JUC
15/05/2025,UST Sweatshirt Sporty,1,JUC
15/05/2025,UST T-Shirt Santo Tomas Shirt/UST T-Shirt Tiger Pattern/HAPPY,11,JUC
15/05/2025,UST T-Shirt Sporty,4,JUC
15/05/2025,Corp Windbreaker,1,JYL ATHLETICA
15/05/2025,Cotton Brush Jacket,2,JYL ATHLETICA
15/05/2025,Poloshirt @800,7,JYL ATHLETICA
15/05/2025,Hoodies Breaker,3,NAPOLIZ ENTERPRISES
15/05/2025,Keychain @180,10,TET AND DARS
15/05/2025,Sticker @120,3,TET AND DARS
15/05/2025,Sticker @25,4,TET AND DARS
15/05/2025,5M Magnetic Pin,4,USTORE
15/05/2025,5M Rotating Keychain,1,USTORE
15/05/2025,Aquaflask,1,USTORE
15/05/2025,C. Keychain,2,USTORE
15/05/2025,C. Sticker @120,2,USTORE
15/05/2025,ID Case,1,USTORE
15/05/2025,Kit Set,2,USTORE
15/05/2025,Lanyard @180,6,USTORE
15/05/2025,Lanyard @190,1,USTORE
15/05/2025,MJ Sticker Large,66,USTORE
15/05/2025,MJ Sticker Medium,77,USTORE
15/05/2025,MJ Sticker Small,188,USTORE
15/05/2025,Thick Lanyard,3,USTORE
15/05/2025,Tote (One For UST),6,USTORE
15/05/2025,Tote (Viva),2,USTORE
15/05/2025,Umb (One For UST),25,USTORE
15/05/2025,Hoodie,1,VARSITY LIFESTYLE
15/05/2025,Keychain,1,VARSITY LIFESTYLE
15/05/2025,Long Sticker,3,VARSITY LIFESTYLE
16/05/2025,ABSC College Shirt (60th),1,ARTS AND LETTERS (SHIRT HAPPENS)
16/05/2025,Black Embro,11,BLAZE
16/05/2025,Polo Shirt @800,2,BLAZE
16/05/2025,White Embro,2,BLAZE
16/05/2025,UST College ID Lace,22,JUC
16/05/2025,UST OAT Hoodie Jacket,2,JUC
16/05/2025,UST OAT MUG (Y/B inside),1,JUC
16/05/2025,UST OAT T-Shirt Y/B/COLLEGE,9,JUC
16/05/2025,UST Sweatshirt Sporty,5,JUC
16/05/2025,UST T-Shirt Santo Tomas Shirt/UST T-Shirt Tiger Pattern/HAPPY,36,JUC
16/05/2025,UST T-Shirt Sporty,7,JUC
16/05/2025,UST T-Shirt Sporty UPSIZE (3XL-5XL),1,JUC
16/05/2025,BASE BALL SHIRT,1,JYL ATHLETICA
16/05/2025,Corp Jacket,1,JYL ATHLETICA
16/05/2025,Cotton Black Jacket,2,JYL ATHLETICA
16/05/2025,Cotton Brush Jacket,6,JYL ATHLETICA
16/05/2025,DRI-FIT NEW,2,JYL ATHLETICA
16/05/2025,Jacket,1,JYL ATHLETICA
16/05/2025,Poloshirt @800,1,JYL ATHLETICA
16/05/2025,QUIANA SUBLI SHIRT (B&Y),3,JYL ATHLETICA
16/05/2025,Double Canopy,1,NAPOLIZ ENTERPRISES
16/05/2025,UST-Pen W/Box,1,NEW TRENDS
16/05/2025,Ballpen 2 Designs @50 (B&Y),2,STITCH CORP. (BLEEVES)
16/05/2025,Bamboo Pen @60,9,STITCH CORP. (BLEEVES)
16/05/2025,Eco Bag @ 130,4,TET AND DARS
16/05/2025,Eco Bag @80,8,TET AND DARS
16/05/2025,Keychain @180,12,TET AND DARS
16/05/2025,Pen @40,3,TET AND DARS
16/05/2025,Sticker @120,2,TET AND DARS
16/05/2025,Sticker @25,10,TET AND DARS
16/05/2025,5M Magnetic Pin,14,USTORE
16/05/2025,5M Rotating Keychain,4,USTORE
16/05/2025,Aquaflask,1,USTORE
16/05/2025,C. Keychain,3,USTORE
16/05/2025,Lanyard @180,20,USTORE
16/05/2025,Lanyard @190,1,USTORE
16/05/2025,MJ Sticker Large,4,USTORE
16/05/2025,MJ Sticker Medium,8,USTORE
16/05/2025,MJ Sticker Small,32,USTORE
16/05/2025,New Tiger Plushie Big @850,1,USTORE
16/05/2025,Thick Lanyard,21,USTORE
16/05/2025,Tote (One For UST),1,USTORE
16/05/2025,Tote (Viva),1,USTORE
16/05/2025,Umb (One For UST),3,USTORE
16/05/2025,Baller,1,VARSITY LIFESTYLE
16/05/2025,Hoodie,1,VARSITY LIFESTYLE
16/05/2025,Keychain,7,VARSITY LIFESTYLE
16/05/2025,Long Sticker,2,VARSITY LIFESTYLE
16/05/2025,New GT Shirts,1,VARSITY LIFESTYLE
17/05/2025,White Embro,4,BLAZE
17/05/2025,UST College ID Lace,10,JUC
17/05/2025,UST OAT Hoodie Jacket,3,JUC
17/05/2025,UST OAT MUG (W inside),1,JUC
17/05/2025,UST OAT MUG (Y/B inside),5,JUC
17/05/2025,UST OAT T-Shirt Y/B/COLLEGE,7,JUC
17/05/2025,UST T-Shirt Santo Tomas Shirt/UST T-Shirt Tiger Pattern/HAPPY,13,JUC
17/05/2025,UST T-Shirt Sporty,4,JUC
17/05/2025,BASE BALL SHIRT,1,JYL ATHLETICA
17/05/2025,DRI-FIT NEW,2,JYL ATHLETICA
17/05/2025,Poloshirt @800,1,JYL ATHLETICA
17/05/2025,QUIANA SUBLI SHIRT (B&Y),2,JYL ATHLETICA
17/05/2025,Hoodies Breaker,3,NAPOLIZ ENTERPRISES
17/05/2025,Ballpen 2 Designs @50 (B&Y),9,STITCH CORP. (BLEEVES)
17/05/2025,Baseball Cap METAL @380,2,STITCH CORP. (BLEEVES)
17/05/2025,Kraft Notebook @85,5,STITCH CORP. (BLEEVES)
17/05/2025,Keychain @180,2,TET AND DARS
17/05/2025,Sticker @120,4,TET AND DARS
17/05/2025,Sticker @25,5,TET AND DARS
17/05/2025,5M Magnetic Pin,3,USTORE
17/05/2025,5M Rotating Keychain,2,USTORE
17/05/2025,Aquaflask,2,USTORE
17/05/2025,Clappers,3,USTORE
17/05/2025,Lanyard @180,15,USTORE
17/05/2025,MJ Sticker Large,5,USTORE
17/05/2025,MJ Sticker Medium,10,USTORE
17/05/2025,MJ Sticker Small,7,USTORE
17/05/2025,Notelet,3,USTORE
17/05/2025,Thick Lanyard,6,USTORE
17/05/2025,Tote (One For UST),1,USTORE
17/05/2025,Tote (Viva),1,USTORE
17/05/2025,Tote Bag Canvas White,1,USTORE
17/05/2025,Baller,1,VARSITY LIFESTYLE
17/05/2025,Keychain,1,VARSITY LIFESTYLE
17/05/2025,New GT Shirts,1,VARSITY LIFESTYLE
19/05/2025,ABSC College Shirt (60th),1,ARTS AND LETTERS (SHIRT HAPPENS)
19/05/2025,Black Embro,4,BLAZE
19/05/2025,White Embro,1,BLAZE
19/05/2025,UST College ID Lace,3,JUC
19/05/2025,UST OAT Hoodie Jacket,2,JUC
19/05/2025,UST OAT T-Shirt Y/B/COLLEGE,12,JUC
19/05/2025,UST Sweatshirt Sporty,1,JUC
19/05/2025,UST T-Shirt Santo Tomas Shirt/UST T-Shirt Tiger Pattern/HAPPY,5,JUC
19/05/2025,UST T-Shirt Sporty,2,JUC
19/05/2025,Cotton Black Jacket,1,JYL ATHLETICA
19/05/2025,Cotton Brush Jacket,1,JYL ATHLETICA
19/05/2025,Cotton Gray Jacket,1,JYL ATHLETICA
19/05/2025,QUIANA SUBLI SHIRT (B&Y),2,JYL ATHLETICA
19/05/2025,Hoodies Breaker,2,NAPOLIZ ENTERPRISES
19/05/2025,Ballpen 2 Designs @50 (B&Y),3,STITCH CORP. (BLEEVES)
19/05/2025,Eco Bag @80,1,TET AND DARS
19/05/2025,Keychain @180,2,TET AND DARS
19/05/2025,Sticker @120,2,TET AND DARS
19/05/2025,Sticker @25,1,TET AND DARS
19/05/2025,5M Magnetic Pin,7,USTORE
19/05/2025,5M Rotating Keychain,1,USTORE
19/05/2025,Aquaflask,4,USTORE
19/05/2025,C. Keychain,1,USTORE
19/05/2025,Lanyard @180,10,USTORE
19/05/2025,Lanyard @190,1,USTORE
19/05/2025,MJ Sticker Large,2,USTORE
19/05/2025,MJ Sticker Medium,6,USTORE
19/05/2025,MJ Sticker Small,9,USTORE
19/05/2025,New Tiger Plushie Big @850,4,USTORE
19/05/2025,Shabby Hat,3,USTORE
19/05/2025,Tote (One For UST),2,USTORE
19/05/2025,Tote (Viva),2,USTORE
19/05/2025,Tote Bag Canvas White,2,USTORE
19/05/2025,Baller,1,VARSITY LIFESTYLE
19/05/2025,Keychain,1,VARSITY LIFESTYLE
19/05/2025,Scarves,1,VARSITY LIFESTYLE
20/05/2025,Shirts all @450 UPSIZE (3XL-5XL),1,JUC
20/05/2025,UST College ID Lace,6,JUC
20/05/2025,UST OAT Hoodie Jacket,2,JUC
20/05/2025,UST OAT MUG (W inside),1,JUC
20/05/2025,UST OAT MUG (Y/B inside),12,JUC
20/05/2025,UST OAT T-Shirt Y/B/COLLEGE,1,JUC
20/05/2025,UST Sweatshirt Sporty,1,JUC
20/05/2025,UST T-Shirt Santo Tomas Shirt/UST T-Shirt Tiger Pattern/HAPPY,14,JUC
20/05/2025,UST T-Shirt Sporty,7,JUC
20/05/2025,UST T-Shirt Sporty UPSIZE (3XL-5XL),1,JUC
20/05/2025,Cotton Black Jacket,3,JYL ATHLETICA
20/05/2025,Cotton Gray Jacket,1,JYL ATHLETICA
20/05/2025,DRI-FIT NEW,2,JYL ATHLETICA
20/05/2025,Jacket,5,JYL ATHLETICA
20/05/2025,Poloshirt @800,1,JYL ATHLETICA
20/05/2025,QUIANA SUBLI SHIRT (B&Y),1,JYL ATHLETICA
20/05/2025,VB Jersey without Sig @1500,1,JYL ATHLETICA
20/05/2025,Ballpen 2 Designs @50 (B&Y),8,STITCH CORP. (BLEEVES)
20/05/2025,Bamboo Pen @60,1,STITCH CORP. (BLEEVES)
20/05/2025,Kraft Notebook @85,14,STITCH CORP. (BLEEVES)
20/05/2025,Arch @320,30,TET AND DARS
20/05/2025,Eco Bag @ 130,10,TET AND DARS
20/05/2025,Keychain @180,1,TET AND DARS
20/05/2025,Pen @40,5,TET AND DARS
20/05/2025,Sticker @25,2,TET AND DARS
20/05/2025,5M Magnetic Pin,2,USTORE
20/05/2025,C. Keychain,1,USTORE
20/05/2025,Lanyard @180,6,USTORE
20/05/2025,MJ Sticker Large,4,USTORE
20/05/2025,MJ Sticker Medium,4,USTORE
20/05/2025,MJ Sticker Small,7,USTORE
20/05/2025,New Tiger Plushie Big @850,1,USTORE
20/05/2025,Notelet,1,USTORE
20/05/2025,Thick Lanyard,2,USTORE
20/05/2025,Tote (One For UST),1,USTORE
20/05/2025,Tote (Viva),2,USTORE
20/05/2025,Umb (One For UST),5,USTORE
20/05/2025,Utensil,2,USTORE
20/05/2025,Baller,1,VARSITY LIFESTYLE
21/05/2025,UST College ID Lace,2,JUC
21/05/2025,UST OAT MUG (W inside),4,JUC
21/05/2025,UST OAT MUG (Y/B inside),3,JUC
21/05/2025,UST OAT T-Shirt Y/B/COLLEGE,3,JUC
21/05/2025,UST Sweatshirt Sporty,1,JUC
21/05/2025,UST T-Shirt Santo Tomas Shirt/UST T-Shirt Tiger Pattern/HAPPY,6,JUC
21/05/2025,Corp Jacket,1,JYL ATHLETICA
21/05/2025,Corp Windbreaker,1,JYL ATHLETICA
21/05/2025,Cotton Brush Jacket,1,JYL ATHLETICA
21/05/2025,Jacket,2,JYL ATHLETICA
21/05/2025,Taslan NEW,1,JYL ATHLETICA
21/05/2025,Hoodies Breaker,2,NAPOLIZ ENTERPRISES
21/05/2025,UST-Pen W/Box,9,NEW TRENDS
21/05/2025,Ballpen 2 Designs @50 (B&Y),6,STITCH CORP. (BLEEVES)
21/05/2025,Bamboo Pen @60,2,STITCH CORP. (BLEEVES)
21/05/2025,Kraft Notebook @85,1,STITCH CORP. (BLEEVES)
21/05/2025,Arch @320,2,TET AND DARS
21/05/2025,Eco Bag @80,5,TET AND DARS
21/05/2025,Keychain @180,2,TET AND DARS
21/05/2025,Pen @40,8,TET AND DARS
21/05/2025,Sticker @120,3,TET AND DARS
21/05/2025,5M Magnetic Pin,6,USTORE
21/05/2025,5M Rotating Keychain,2,USTORE
21/05/2025,Aquaflask,1,USTORE
21/05/2025,C. Keychain,2,USTORE
21/05/2025,ID Case,3,USTORE
21/05/2025,Lanyard @180,6,USTORE
21/05/2025,Lanyard @190,5,USTORE
21/05/2025,MJ Sticker Large,1,USTORE
21/05/2025,MJ Sticker Small,4,USTORE
21/05/2025,New Tiger Plushie Big @850,1,USTORE
21/05/2025,Notelet,5,USTORE
21/05/2025,Thick Lanyard,2,USTORE
21/05/2025,Tote Bag Canvas White,2,USTORE
21/05/2025,Umb (One For UST),4,USTORE
21/05/2025,Keychain,1,VARSITY LIFESTYLE
21/05/2025,Long Sticker,1,VARSITY LIFESTYLE
22/05/2025,Black Embro,1,BLAZE
22/05/2025,Polo Shirt @800,1,BLAZE
22/05/2025,White Embro,3,BLAZE
22/05/2025,UST College ID Lace,1,JUC
22/05/2025,UST OAT Hoodie Jacket,2,JUC
22/05/2025,UST OAT MUG (W inside),5,JUC
22/05/2025,UST OAT T-Shirt Y/B/COLLEGE,6,JUC
22/05/2025,UST T-Shirt Santo Tomas Shirt/UST T-Shirt Tiger Pattern/HAPPY,13,JUC
22/05/2025,UST T-Shirt Sporty,1,JUC
22/05/2025,Cotton Brush Jacket,8,JYL ATHLETICA
22/05/2025,UST-Pen W/Box,9,NEW TRENDS
22/05/2025,Bamboo Notebook @150,11,STITCH CORP. (BLEEVES)
22/05/2025,Bamboo Pen @60,2,STITCH CORP. (BLEEVES)
22/05/2025,Eco Bag @80,11,TET AND DARS
22/05/2025,Keychain @180,5,TET AND DARS
22/05/2025,Pen @40,5,TET AND DARS
22/05/2025,Sticker @120,1,TET AND DARS
22/05/2025,Sticker @25,3,TET AND DARS
22/05/2025,5M Magnetic Pin,13,USTORE
22/05/2025,5M Rotating Keychain,2,USTORE
22/05/2025,Aquaflask,5,USTORE
22/05/2025,C. Keychain,2,USTORE
22/05/2025,ID Case,2,USTORE
22/05/2025,Lanyard @180,6,USTORE
22/05/2025,Lanyard @190,1,USTORE
22/05/2025,MJ Sticker Large,1,USTORE
22/05/2025,MJ Sticker Medium,5,USTORE
22/05/2025,MJ Sticker Small,5,USTORE
22/05/2025,New Tiger Plushie Big @850,5,USTORE
22/05/2025,Paper weight @330,5,USTORE
22/05/2025,Thick Lanyard,2,USTORE
22/05/2025,Tote (One For UST),5,USTORE
22/05/2025,Tote (Viva),2,USTORE
22/05/2025,Tote Bag Canvas White,1,USTORE
22/05/2025,Travel Mug,1,USTORE
22/05/2025,Umb (One For UST),2,USTORE
22/05/2025,Baller,2,VARSITY LIFESTYLE
22/05/2025,Keychain,1,VARSITY LIFESTYLE
22/05/2025,Long Sticker,1,VARSITY LIFESTYLE
23/05/2025,IPEA Shirt,2,ARTS AND LETTERS (SHIRT HAPPENS)
23/05/2025,White Embro,7,BLAZE
23/05/2025,Shirts all @450 UPSIZE (3XL-5XL),3,JUC
23/05/2025,UST College ID Lace,1,JUC
23/05/2025,UST OAT Hoodie Jacket,2,JUC
23/05/2025,UST OAT MUG (Y/B inside),1,JUC
23/05/2025,UST OAT T-Shirt Y/B/COLLEGE,7,JUC
23/05/2025,UST Sweatshirt Sporty,1,JUC
23/05/2025,UST T-Shirt Santo Tomas Shirt/UST T-Shirt Tiger Pattern/HAPPY,18,JUC
23/05/2025,UST T-Shirt Sporty,3,JUC
23/05/2025,UST T-Shirt Sporty UPSIZE (3XL-5XL),3,JUC
23/05/2025,BASE BALL SHIRT,1,JYL ATHLETICA
23/05/2025,Cotton Black Jacket,2,JYL ATHLETICA
23/05/2025,Cotton Gray Jacket,1,JYL ATHLETICA
23/05/2025,Jacket,1,JYL ATHLETICA
23/05/2025,Poloshirt @800,3,JYL ATHLETICA
23/05/2025,Double Canopy,2,NAPOLIZ ENTERPRISES
23/05/2025,Hoodies Breaker,3,NAPOLIZ ENTERPRISES
23/05/2025,UST-Pen W/Box,1,NEW TRENDS
23/05/2025,Ballpen 2 Designs @50 (B&Y),1,STITCH CORP. (BLEEVES)
23/05/2025,Bamboo Pen @60,4,STITCH CORP. (BLEEVES)
23/05/2025,Keychain @180,6,TET AND DARS
23/05/2025,Pen @40,1,TET AND DARS
23/05/2025,5M Magnetic Pin,1,USTORE
23/05/2025,5M Rotating Keychain,2,USTORE
23/05/2025,C. Keychain,1,USTORE
23/05/2025,Lanyard @180,4,USTORE
23/05/2025,MJ Sticker Large,1,USTORE
23/05/2025,MJ Sticker Small,4,USTORE
23/05/2025,New Tiger Plushie Big @850,2,USTORE
23/05/2025,Thick Lanyard,1,USTORE
23/05/2025,Tote (One For UST),1,USTORE
23/05/2025,Tote (Viva),1,USTORE
23/05/2025,Umb (One For UST),4,USTORE
23/05/2025,Utensil,1,USTORE
24/05/2025,ABSC College Shirt (60th),1,ARTS AND LETTERS (SHIRT HAPPENS)
24/05/2025,IPEA Shirt,1,ARTS AND LETTERS (SHIRT HAPPENS)
24/05/2025,Black Embro,3,BLAZE
24/05/2025,UST College ID Lace,2,JUC
24/05/2025,UST OAT Hoodie Jacket,1,JUC
24/05/2025,UST OAT MUG (W inside),2,JUC
24/05/2025,UST OAT T-Shirt Y/B/COLLEGE,4,JUC
24/05/2025,UST Sweatshirt Sporty,2,JUC
24/05/2025,UST T-Shirt Santo Tomas Shirt/UST T-Shirt Tiger Pattern/HAPPY,8,JUC
24/05/2025,UST T-Shirt Sporty,2,JUC
24/05/2025,Cotton Black Jacket,2,JYL ATHLETICA
24/05/2025,Cotton Gray Jacket,1,JYL ATHLETICA
24/05/2025,Poloshirt 123456 @860,1,JYL ATHLETICA
24/05/2025,QUIANA SUBLI SHIRT (B&Y),1,JYL ATHLETICA
24/05/2025,Hoodies Breaker,1,NAPOLIZ ENTERPRISES
24/05/2025,UST-Pen W/Box,1,NEW TRENDS
24/05/2025,Ballpen 2 Designs @50 (B&Y),2,STITCH CORP. (BLEEVES)
24/05/2025,Arch @320,2,TET AND DARS
24/05/2025,Keychain @180,3,TET AND DARS
24/05/2025,Pen @40,2,TET AND DARS
24/05/2025,Sticker @120,1,TET AND DARS
24/05/2025,5M Rotating Keychain,1,USTORE
24/05/2025,C. Keychain,4,USTORE
24/05/2025,ID Case,2,USTORE
24/05/2025,Lanyard @180,4,USTORE
24/05/2025,MJ Sticker Large,3,USTORE
24/05/2025,MJ Sticker Medium,4,USTORE
24/05/2025,MJ Sticker Small,4,USTORE
24/05/2025,Thick Lanyard,4,USTORE
24/05/2025,Tote (One For UST),2,USTORE
26/05/2025,ABSC College Shirt (60th),2,ARTS AND LETTERS (SHIRT HAPPENS)
26/05/2025,White Embro,2,BLAZE
26/05/2025,UST College ID Lace,4,JUC
26/05/2025,UST OAT MUG (Y/B inside),3,JUC
26/05/2025,UST OAT T-Shirt Y/B/COLLEGE,4,JUC
26/05/2025,UST T-Shirt Santo Tomas Shirt/UST T-Shirt Tiger Pattern/HAPPY,15,JUC
26/05/2025,UST T-Shirt Sporty,3,JUC
26/05/2025,UST T-Shirt Sporty UPSIZE (3XL-5XL),2,JUC
26/05/2025,Corp Windbreaker,1,JYL ATHLETICA
26/05/2025,DRI-FIT NEW,2,JYL ATHLETICA
26/05/2025,Poloshirt @800,6,JYL ATHLETICA
26/05/2025,QUIANA SUBLI SHIRT (B&Y),2,JYL ATHLETICA
26/05/2025,Taslan NEW,1,JYL ATHLETICA
26/05/2025,Double Canopy,3,NAPOLIZ ENTERPRISES
26/05/2025,Hoodies Breaker,3,NAPOLIZ ENTERPRISES
26/05/2025,UST-Pen W/Box,1,NEW TRENDS
26/05/2025,Ballpen 2 Designs @50 (B&Y),1,STITCH CORP. (BLEEVES)
26/05/2025,Bamboo Notebook @150,10,STITCH CORP. (BLEEVES)
26/05/2025,Bamboo Pen @60,1,STITCH CORP. (BLEEVES)
26/05/2025,Baseball Cap METAL @380,1,STITCH CORP. (BLEEVES)
26/05/2025,Eco Bag @ 130,2,TET AND DARS
26/05/2025,Eco Bag @80,3,TET AND DARS
26/05/2025,Keychain @180,1,TET AND DARS
26/05/2025,Pen @40,5,TET AND DARS
26/05/2025,Sticker @120,1,TET AND DARS
26/05/2025,Sticker @25,12,TET AND DARS
26/05/2025,5M Magnetic Pin,2,USTORE
26/05/2025,5M Rotating Keychain,1,USTORE
26/05/2025,C. Keychain,8,USTORE
26/05/2025,ID Case,1,USTORE
26/05/2025,Lanyard @180,10,USTORE
26/05/2025,Lanyard @190,3,USTORE
26/05/2025,MJ Sticker Large,7,USTORE
26/05/2025,MJ Sticker Medium,5,USTORE
26/05/2025,MJ Sticker Small,11,USTORE
26/05/2025,Thick Lanyard,4,USTORE
26/05/2025,Tote (One For UST),2,USTORE
26/05/2025,Tote (Viva),4,USTORE
26/05/2025,Tote Bag Canvas White,15,USTORE
26/05/2025,Travel Mug,3,USTORE
26/05/2025,Umb (One For UST),23,USTORE
26/05/2025,New GT Shirts,1,VARSITY LIFESTYLE
26/05/2025,Scarves,1,VARSITY LIFESTYLE
27/05/2025,ABSC College Shirt (60th),3,ARTS AND LETTERS (SHIRT HAPPENS)
27/05/2025,Black Embro,1,BLAZE
27/05/2025,Bomber Jacket,1,JUC
27/05/2025,UST College ID Lace,1,JUC
27/05/2025,UST OAT MUG (W inside),1,JUC
27/05/2025,UST OAT MUG (Y/B inside),7,JUC
27/05/2025,UST OAT T-Shirt Y/B/COLLEGE,17,JUC
27/05/2025,UST Sweatshirt Sporty,6,JUC
27/05/2025,UST T-Shirt Santo Tomas Shirt/UST T-Shirt Tiger Pattern/HAPPY,7,JUC
27/05/2025,UST T-Shirt Sporty,3,JUC
27/05/2025,DRI-FIT NEW,1,JYL ATHLETICA
27/05/2025,Poloshirt @800,3,JYL ATHLETICA
27/05/2025,QUIANA SUBLI SHIRT (B&Y),3,JYL ATHLETICA
27/05/2025,Double Canopy,1,NAPOLIZ ENTERPRISES
27/05/2025,Laptop Bag,1,NAPOLIZ ENTERPRISES
27/05/2025,Ballpen 2 Designs @50 (B&Y),5,STITCH CORP. (BLEEVES)
27/05/2025,Arch @320,1,TET AND DARS
27/05/2025,Eco Bag @80,5,TET AND DARS
27/05/2025,Keychain @180,1,TET AND DARS
27/05/2025,Pen @40,1,TET AND DARS
27/05/2025,Sticker @120,4,TET AND DARS
27/05/2025,5M Magnetic Pin,120,USTORE
27/05/2025,5M Rotating Keychain,161,USTORE
27/05/2025,C. Keychain,7,USTORE
27/05/2025,ID Case,1,USTORE
27/05/2025,Lanyard @190,6,USTORE
27/05/2025,MJ Sticker Large,4,USTORE
27/05/2025,MJ Sticker Medium,10,USTORE
27/05/2025,MJ Sticker Small,3,USTORE
27/05/2025,New Tiger Plushie Big @850,8,USTORE
27/05/2025,Notelet,4,USTORE
27/05/2025,Pencil,3,USTORE
27/05/2025,Scarf @490,10,USTORE
27/05/2025,Thick Lanyard,2,USTORE
27/05/2025,Tote (One For UST),1,USTORE
27/05/2025,Tote (Viva),3,USTORE
28/05/2025,Black Embro,1,BLAZE
28/05/2025,White Embro,1,BLAZE
28/05/2025,UST College ID Lace,2,JUC
28/05/2025,UST OAT Hoodie Jacket,1,JUC
28/05/2025,UST OAT MUG (W inside),6,JUC
28/05/2025,UST OAT T-Shirt Y/B/COLLEGE,5,JUC
28/05/2025,UST Sweatshirt Sporty,1,JUC
28/05/2025,UST T-Shirt Santo Tomas Shirt/UST T-Shirt Tiger Pattern/HAPPY,9,JUC
28/05/2025,Corp Jacket,2,JYL ATHLETICA
28/05/2025,Jacket,2,JYL ATHLETICA
28/05/2025,QUIANA SUBLI SHIRT (B&Y),3,JYL ATHLETICA
28/05/2025,Taslan NEW,1,JYL ATHLETICA
28/05/2025,Hoodies Breaker,5,NAPOLIZ ENTERPRISES
28/05/2025,UST-Pen W/Box,1,NEW TRENDS
28/05/2025,Ballpen 2 Designs @50 (B&Y),6,STITCH CORP. (BLEEVES)
28/05/2025,Bamboo Pen @60,1,STITCH CORP. (BLEEVES)
28/05/2025,Kraft Notebook @85,6,STITCH CORP. (BLEEVES)
28/05/2025,Arch @320,12,TET AND DARS
28/05/2025,Eco Bag @80,10,TET AND DARS
28/05/2025,Keychain @180,1,TET AND DARS
28/05/2025,Sticker @120,1,TET AND DARS
28/05/2025,Sticker @25,2,TET AND DARS
28/05/2025,5M Magnetic Pin,6,USTORE
28/05/2025,5M Rotating Keychain,7,USTORE
28/05/2025,Aquaflask,2,USTORE
28/05/2025,C. Keychain,2,USTORE
28/05/2025,ID Case,1,USTORE
28/05/2025,Lanyard @180,1,USTORE
28/05/2025,Lanyard @190,1,USTORE
28/05/2025,MJ Sticker Medium,2,USTORE
28/05/2025,New Tiger Plushie Big @850,3,USTORE
28/05/2025,Thick Lanyard,2,USTORE
28/05/2025,Tote (Viva),7,USTORE
28/05/2025,Tote Bag Canvas White,1,USTORE
28/05/2025,Travel Mug,8,USTORE
28/05/2025,New GT Shirts,1,VARSITY LIFESTYLE
29/05/2025,ABSC College Shirt (60th),1,ARTS AND LETTERS (SHIRT HAPPENS)
29/05/2025,Black Embro,2,BLAZE
29/05/2025,Polo Shirt @800,4,BLAZE
29/05/2025,Bomber Jacket,1,JUC
29/05/2025,UST OAT Hoodie Jacket,1,JUC
29/05/2025,UST OAT MUG (W inside),4,JUC
29/05/2025,UST OAT T-Shirt Y/B/COLLEGE,5,JUC
29/05/2025,UST Sweatshirt Sporty,1,JUC
29/05/2025,UST T-Shirt Santo Tomas Shirt/UST T-Shirt Tiger Pattern/HAPPY,8,JUC
29/05/2025,UST T-Shirt Sporty,2,JUC
29/05/2025,Cotton Black Jacket,2,JYL ATHLETICA
29/05/2025,DRI-FIT NEW,1,JYL ATHLETICA
29/05/2025,Jacket,3,JYL ATHLETICA
29/05/2025,Poloshirt @800,2,JYL ATHLETICA
29/05/2025,QUIANA SUBLI SHIRT (B&Y),1,JYL ATHLETICA
29/05/2025,Hoodies Breaker,1,NAPOLIZ ENTERPRISES
29/05/2025,UST-Pen W/Box,1,NEW TRENDS
29/05/2025,Bamboo Notebook @150,1,STITCH CORP. (BLEEVES)
29/05/2025,Arch @320,1,TET AND DARS
29/05/2025,Eco Bag @ 130,4,TET AND DARS
29/05/2025,Eco Bag @80,1,TET AND DARS
29/05/2025,Keychain @180,2,TET AND DARS
29/05/2025,Sticker @25,5,TET AND DARS
29/05/2025,5M Magnetic Pin,1,USTORE
29/05/2025,Lanyard @180,2,USTORE
29/05/2025,MJ Sticker Medium,7,USTORE
29/05/2025,MJ Sticker Small,9,USTORE
29/05/2025,Notelet,4,USTORE
29/05/2025,Thick Lanyard,1,USTORE
29/05/2025,Tote (One For UST),2,USTORE
29/05/2025,Travel Mug,15,USTORE
29/05/2025,Umb (One For UST),1,USTORE
30/05/2025,UST College ID Lace,4,JUC
30/05/2025,UST OAT MUG (W inside),30,JUC
30/05/2025,UST OAT MUG (Y/B inside),30,JUC
30/05/2025,UST OAT T-Shirt Y/B/COLLEGE,5,JUC
30/05/2025,UST Sweatshirt Sporty,1,JUC
30/05/2025,UST T-Shirt Santo Tomas Shirt/UST T-Shirt Tiger Pattern/HAPPY,7,JUC
30/05/2025,UST T-Shirt Sporty,4,JUC
30/05/2025,BASE BALL SHIRT,2,JYL ATHLETICA
30/05/2025,Cotton Black Jacket,1,JYL ATHLETICA
30/05/2025,Cotton Brush Jacket,3,JYL ATHLETICA
30/05/2025,Poloshirt @800,1,JYL ATHLETICA
30/05/2025,QUIANA SUBLI SHIRT (B&Y),1,JYL ATHLETICA
30/05/2025,Hoodies Breaker,3,NAPOLIZ ENTERPRISES
30/05/2025,Ballpen 2 Designs @50 (B&Y),3,STITCH CORP. (BLEEVES)
30/05/2025,Kraft Notebook @85,8,STITCH CORP. (BLEEVES)
30/05/2025,Eco Bag @80,1,TET AND DARS
30/05/2025,Keychain @180,3,TET AND DARS
30/05/2025,Sticker @120,1,TET AND DARS
30/05/2025,5M Magnetic Pin,3,USTORE
30/05/2025,5M Rotating Keychain,5,USTORE
30/05/2025,C. Keychain,1,USTORE
30/05/2025,ID Case,3,USTORE
30/05/2025,Lanyard @180,5,USTORE
30/05/2025,Lanyard @190,1,USTORE
30/05/2025,MJ Sticker Large,3,USTORE
30/05/2025,MJ Sticker Medium,8,USTORE
30/05/2025,MJ Sticker Small,10,USTORE
30/05/2025,New Tiger Plushie Big @850,3,USTORE
30/05/2025,Thick Lanyard,2,USTORE
30/05/2025,Tote (One For UST),1,USTORE
30/05/2025,Tote Bag Canvas White,1,USTORE
30/05/2025,Umb (One For UST),7,USTORE
30/05/2025,Utensil,50,USTORE
30/05/2025,Baller,1,VARSITY LIFESTYLE
30/05/2025,Keychain,1,VARSITY LIFESTYLE
31/05/2025,ABSC College Shirt (60th),1,ARTS AND LETTERS (SHIRT HAPPENS)
31/05/2025,Polo Shirt @800,4,BLAZE
31/05/2025,UST College ID Lace,9,JUC
31/05/2025,UST OAT Hoodie Jacket,4,JUC
31/05/2025,UST OAT MUG (W inside),1,JUC
31/05/2025,UST OAT MUG (Y/B inside),1,JUC
31/05/2025,UST OAT T-Shirt Y/B/COLLEGE,4,JUC
31/05/2025,UST Sweatshirt Sporty,6,JUC
31/05/2025,UST T-Shirt Santo Tomas Shirt/UST T-Shirt Tiger Pattern/HAPPY,30,JUC
31/05/2025,UST T-Shirt Sporty,10,JUC
31/05/2025,BASE BALL SHIRT,4,JYL ATHLETICA
31/05/2025,Corp Windbreaker,3,JYL ATHLETICA
31/05/2025,Cotton Brush Jacket,3,JYL ATHLETICA
31/05/2025,Cotton Gray Jacket,4,JYL ATHLETICA
31/05/2025,DRI-FIT NEW,9,JYL ATHLETICA
31/05/2025,Jacket,3,JYL ATHLETICA
31/05/2025,Poloshirt 123456 @860,2,JYL ATHLETICA
31/05/2025,Poloshirt @800,5,JYL ATHLETICA
31/05/2025,QUIANA SUBLI SHIRT (B&Y),7,JYL ATHLETICA
31/05/2025,Double Canopy,3,NAPOLIZ ENTERPRISES
31/05/2025,Hoodies Breaker,3,NAPOLIZ ENTERPRISES
31/05/2025,UST-Pen W/Box,2,NEW TRENDS
31/05/2025,Ballpen 2 Designs @50 (B&Y),30,STITCH CORP. (BLEEVES)
31/05/2025,Bamboo Pen @60,1,STITCH CORP. (BLEEVES)
31/05/2025,Baseball Cap VELCRO @380,1,STITCH CORP. (BLEEVES)
31/05/2025,Arch @320,1,TET AND DARS
31/05/2025,Eco Bag @ 130,5,TET AND DARS
31/05/2025,Eco Bag @80,3,TET AND DARS
31/05/2025,Keychain @180,9,TET AND DARS
31/05/2025,Pen @40,53,TET AND DARS
31/05/2025,Sticker @120,3,TET AND DARS
31/05/2025,Sticker @25,4,TET AND DARS
31/05/2025,5M Magnetic Pin,1,USTORE
31/05/2025,5M Rotating Keychain,4,USTORE
31/05/2025,Aquaflask,1,USTORE
31/05/2025,C. Keychain,3,USTORE
31/05/2025,ID Case,1,USTORE
31/05/2025,Kit Set,3,USTORE
31/05/2025,Lanyard @180,12,USTORE
31/05/2025,MJ Sticker Large,3,USTORE
31/05/2025,MJ Sticker Medium,1,USTORE
31/05/2025,New Tiger Plushie Big @850,4,USTORE
31/05/2025,Scarf @490,6,USTORE
31/05/2025,Thick Lanyard,12,USTORE
31/05/2025,Tote (One For UST),1,USTORE
31/05/2025,Tote (Viva),4,USTORE
31/05/2025,Tote Bag Canvas White,1,USTORE
31/05/2025,Umb (One For UST),11,USTORE
31/05/2025,Baller,1,VARSITY LIFESTYLE
31/05/2025,Keychain,1,VARSITY LIFESTYLE
31/05/2025,Long Sticker,1,VARSITY LIFESTYLE
31/05/2025,New GT Shirts,3,VARSITY LIFESTYLE
02/06/2025,ABSC College Shirt (60th),1,ARTS AND LETTERS (SHIRT HAPPENS)
02/06/2025,Black Embro,2,BLAZE
02/06/2025,Polo Shirt @800,1,BLAZE
02/06/2025,Shirts all @450 UPSIZE (3XL-5XL),2,JUC
02/06/2025,UST College ID Lace,2,JUC
02/06/2025,UST OAT Hoodie Jacket,5,JUC
02/06/2025,UST OAT MUG (W inside),10,JUC
02/06/2025,UST OAT MUG (Y/B inside),2,JUC
02/06/2025,UST OAT T-Shirt Y/B/COLLEGE,5,JUC
02/06/2025,UST Sweatshirt Sporty,1,JUC
02/06/2025,UST T-Shirt Santo Tomas Shirt/UST T-Shirt Tiger Pattern/HAPPY,11,JUC
02/06/2025,UST T-Shirt Sporty,3,JUC
02/06/2025,UST T-Shirt Sporty UPSIZE (3XL-5XL),1,JUC
02/06/2025,Cotton Black Jacket,1,JYL ATHLETICA
02/06/2025,Cotton Gray Jacket,1,JYL ATHLETICA
02/06/2025,DRI-FIT NEW,4,JYL ATHLETICA
02/06/2025,Jacket,1,JYL ATHLETICA
02/06/2025,Poloshirt @800,3,JYL ATHLETICA
02/06/2025,QUIANA SUBLI SHIRT (B&Y),1,JYL ATHLETICA
02/06/2025,Taslan NEW,1,JYL ATHLETICA
02/06/2025,Double Canopy,5,NAPOLIZ ENTERPRISES
02/06/2025,Hoodies Breaker,1,NAPOLIZ ENTERPRISES
02/06/2025,UST-Pen W/Box,3,NEW TRENDS
02/06/2025,Ballpen 2 Designs @50 (B&Y),6,STITCH CORP. (BLEEVES)
02/06/2025,Bamboo Pen @60,2,STITCH CORP. (BLEEVES)
02/06/2025,Kraft Notebook @130,4,STITCH CORP. (BLEEVES)
02/06/2025,Logo Sticker @25,8,TET AND DARS
02/06/2025,Pen @40,1,TET AND DARS
02/06/2025,Sticker @120,8,TET AND DARS
02/06/2025,5M Magnetic Pin,5,USTORE
02/06/2025,5M Rotating Keychain,3,USTORE
02/06/2025,Aquaflask,1,USTORE
02/06/2025,C. Keychain,7,USTORE
02/06/2025,Eco Bag CGEEE!,3,USTORE
02/06/2025,Lanyard @180,4,USTORE
02/06/2025,MJ Sticker Large,2,USTORE
02/06/2025,MJ Sticker Medium,2,USTORE
02/06/2025,MJ Sticker Small,7,USTORE
02/06/2025,New Tiger Plushie Big @850,23,USTORE
02/06/2025,New Tiger Plushie Small @750,8,USTORE
02/06/2025,Scarf @490,2,USTORE
02/06/2025,Thick Lanyard,1,USTORE
02/06/2025,Tote (One For UST),2,USTORE
02/06/2025,Tote (Viva),2,USTORE
02/06/2025,Tote Bag Canvas White,3,USTORE
02/06/2025,Travel Mug,3,USTORE
02/06/2025,Umb (One For UST),5,USTORE
02/06/2025,Utensil,1,USTORE
02/06/2025,Baller,1,VARSITY LIFESTYLE
02/06/2025,Keychain,1,VARSITY LIFESTYLE
02/06/2025,Long Sticker,2,VARSITY LIFESTYLE
02/06/2025,New GT Shirts,1,VARSITY LIFESTYLE
03/06/2025,Black Embro,1,BLAZE
03/06/2025,Shirts all @450 UPSIZE (3XL-5XL),1,JUC
03/06/2025,UST College ID Lace,7,JUC
03/06/2025,UST OAT Hoodie Jacket,9,JUC
03/06/2025,UST OAT MUG (W inside),4,JUC
03/06/2025,UST OAT MUG (Y/B inside),5,JUC
03/06/2025,UST OAT T-Shirt Y/B/COLLEGE,25,JUC
03/06/2025,UST Sweatshirt Sporty,2,JUC
03/06/2025,UST T-Shirt Santo Tomas Shirt/UST T-Shirt Tiger Pattern/HAPPY,24,JUC
03/06/2025,UST T-Shirt Sporty,6,JUC
03/06/2025,UST T-Shirt Sporty UPSIZE (3XL-5XL),2,JUC
03/06/2025,Corp Jacket,3,JYL ATHLETICA
03/06/2025,Cotton Black Jacket,1,JYL ATHLETICA
03/06/2025,Cotton Brush Jacket,1,JYL ATHLETICA
03/06/2025,DRI-FIT NEW,1,JYL ATHLETICA
03/06/2025,Jacket,1,JYL ATHLETICA
03/06/2025,Poloshirt @800,5,JYL ATHLETICA
03/06/2025,Small Mystery Car,1,MADEBYRUZ CONSUMER GOODS TRADING
03/06/2025,Double Canopy,2,NAPOLIZ ENTERPRISES
03/06/2025,Hoodies Breaker,4,NAPOLIZ ENTERPRISES
03/06/2025,Arch @320,3,TET AND DARS
03/06/2025,Eco Bag @ 130,4,TET AND DARS
03/06/2025,Eco Bag @80,1,TET AND DARS
03/06/2025,Keychain @180,4,TET AND DARS
03/06/2025,Logo Sticker @25,1,TET AND DARS
03/06/2025,Sticker @120,6,TET AND DARS
03/06/2025,5M Magnetic Pin,11,USTORE
03/06/2025,5M Rotating Keychain,3,USTORE
03/06/2025,Aquaflask,4,USTORE
03/06/2025,C. Keychain,18,USTORE
03/06/2025,Eco Bag CGEEE!,20,USTORE
03/06/2025,ID Case,2,USTORE
03/06/2025,Lanyard @180,11,USTORE
03/06/2025,MJ Sticker Large,5,USTORE
03/06/2025,MJ Sticker Medium,6,USTORE
03/06/2025,MJ Sticker Small,10,USTORE
03/06/2025,New Tiger Plushie Big @850,40,USTORE
03/06/2025,New Tiger Plushie Small @750,9,USTORE
03/06/2025,Scarf @490,4,USTORE
03/06/2025,Thick Lanyard,4,USTORE
03/06/2025,Tote (One For UST),2,USTORE
03/06/2025,Tote (Viva),6,USTORE
03/06/2025,Tote Bag Canvas White,6,USTORE
03/06/2025,Travel Mug,1,USTORE
03/06/2025,Utensil,5,USTORE
03/06/2025,Baller,2,VARSITY LIFESTYLE
03/06/2025,Keychain,1,VARSITY LIFESTYLE
03/06/2025,New GT Shirts,1,VARSITY LIFESTYLE
04/06/2025,Black Embro,2,BLAZE
04/06/2025,UST College ID Lace,2,JUC
04/06/2025,UST OAT Hoodie Jacket,3,JUC
04/06/2025,UST OAT MUG (W inside),3,JUC
04/06/2025,UST OAT MUG (Y/B inside),4,JUC
04/06/2025,UST Sweatshirt Sporty,1,JUC
04/06/2025,UST T-Shirt Santo Tomas Shirt/UST T-Shirt Tiger Pattern/HAPPY,10,JUC
04/06/2025,UST T-Shirt Sporty,1,JUC
04/06/2025,BASE BALL SHIRT,1,JYL ATHLETICA
04/06/2025,Cotton Black Jacket,2,JYL ATHLETICA
04/06/2025,Cotton Brush Jacket,2,JYL ATHLETICA
04/06/2025,Cotton Gray Jacket,1,JYL ATHLETICA
04/06/2025,DRI-FIT NEW,4,JYL ATHLETICA
04/06/2025,QUIANA SUBLI SHIRT (B&Y),1,JYL ATHLETICA
04/06/2025,Double Canopy,5,NAPOLIZ ENTERPRISES
04/06/2025,Hoodies Breaker,2,NAPOLIZ ENTERPRISES
04/06/2025,UST-Pen W/Box,1,NEW TRENDS
04/06/2025,Ballpen 2 Designs @50 (B&Y),2,STITCH CORP. (BLEEVES)
04/06/2025,Bamboo Pen @60,1,STITCH CORP. (BLEEVES)
04/06/2025,Arch @320,3,TET AND DARS
04/06/2025,Eco Bag @ 130,1,TET AND DARS
04/06/2025,Keychain @180,1,TET AND DARS
04/06/2025,Logo Sticker @25,3,TET AND DARS
04/06/2025,Pen @40,1,TET AND DARS
04/06/2025,Sticker @120,1,TET AND DARS
04/06/2025,5M Magnetic Pin,3,USTORE
04/06/2025,5M Rotating Keychain,1,USTORE
04/06/2025,Aquaflask,6,USTORE
04/06/2025,C. Keychain,4,USTORE
04/06/2025,Eco Bag CGEEE!,1,USTORE
04/06/2025,Lanyard @180,3,USTORE
04/06/2025,MJ Sticker Small,4,USTORE
04/06/2025,New Tiger Plushie Big @850,14,USTORE
04/06/2025,New Tiger Plushie Small @750,10,USTORE
04/06/2025,Notelet,5,USTORE
04/06/2025,Scarf @490,1,USTORE
04/06/2025,Thick Lanyard,3,USTORE
04/06/2025,Tote (One For UST),1,USTORE
04/06/2025,Tote (Viva),4,USTORE
04/06/2025,Tote Bag Canvas White,1,USTORE
04/06/2025,Travel Mug,1,USTORE
04/06/2025,Umb (One For UST),2,USTORE
04/06/2025,Baller,2,VARSITY LIFESTYLE
04/06/2025,Keychain,1,VARSITY LIFESTYLE
04/06/2025,Long Sticker,2,VARSITY LIFESTYLE
05/06/2025,ABSC College Shirt (60th),2,ARTS AND LETTERS (SHIRT HAPPENS)
05/06/2025,Black Embro,6,BLAZE
05/06/2025,Polo Shirt @800,4,BLAZE
05/06/2025,Bomber Jacket,1,JUC
05/06/2025,Shirts all @450 UPSIZE (3XL-5XL),1,JUC
05/06/2025,UST College ID Lace,3,JUC
05/06/2025,UST OAT Hoodie Jacket,8,JUC
05/06/2025,UST OAT MUG (W inside),5,JUC
05/06/2025,UST OAT MUG (Y/B inside),15,JUC
05/06/2025,UST OAT T-Shirt Y/B/COLLEGE,13,JUC
05/06/2025,UST Sweatshirt Sporty,2,JUC
05/06/2025,UST T-Shirt Santo Tomas Shirt/UST T-Shirt Tiger Pattern/HAPPY,16,JUC
05/06/2025,UST T-Shirt Sporty,10,JUC
05/06/2025,UST T-Shirt Sporty UPSIZE (3XL-5XL),2,JUC
05/06/2025,BASE BALL SHIRT,1,JYL ATHLETICA
05/06/2025,Cotton Black Jacket,4,JYL ATHLETICA
05/06/2025,Cotton Brush Jacket,12,JYL ATHLETICA
05/06/2025,Cotton Gray Jacket,2,JYL ATHLETICA
05/06/2025,DRI-FIT NEW,5,JYL ATHLETICA
05/06/2025,Jacket,2,JYL ATHLETICA
05/06/2025,Poloshirt @800,1,JYL ATHLETICA
05/06/2025,QUIANA SUBLI SHIRT (B&Y),5,JYL ATHLETICA
05/06/2025,Small Mystery Car,1,MADEBYRUZ CONSUMER GOODS TRADING
05/06/2025,Double Canopy,6,NAPOLIZ ENTERPRISES
05/06/2025,Hoodies Breaker,3,NAPOLIZ ENTERPRISES
05/06/2025,UST-Pen W/Box,1,NEW TRENDS
05/06/2025,Ballpen 2 Designs @50 (B&Y),11,STITCH CORP. (BLEEVES)
05/06/2025,Baseball Cap METAL @380,6,STITCH CORP. (BLEEVES)
05/06/2025,Arch @320,1,TET AND DARS
05/06/2025,Keychain @180,9,TET AND DARS
05/06/2025,Logo Sticker @25,16,TET AND DARS
05/06/2025,Pen @40,2,TET AND DARS
05/06/2025,Sticker @120,12,TET AND DARS
05/06/2025,5M Magnetic Pin,2,USTORE
05/06/2025,5M Rotating Keychain,2,USTORE
05/06/2025,Aquaflask,3,USTORE
05/06/2025,C. Keychain,6,USTORE
05/06/2025,C. Sticker @120,1,USTORE
05/06/2025,Eco Bag CGEEE!,4,USTORE
05/06/2025,ID Case,3,USTORE
05/06/2025,Lanyard @180,7,USTORE
05/06/2025,MJ Sticker Large,3,USTORE
05/06/2025,MJ Sticker Medium,4,USTORE
05/06/2025,MJ Sticker Small,13,USTORE
05/06/2025,New Tiger Plushie Big @850,35,USTORE
05/06/2025,New Tiger Plushie Small @750,16,USTORE
05/06/2025,Scarf @490,3,USTORE
05/06/2025,Shabby Hat,2,USTORE
05/06/2025,Thick Lanyard,15,USTORE
05/06/2025,Tote (One For UST),4,USTORE
05/06/2025,Tote (Viva),5,USTORE
05/06/2025,Tote Bag Canvas White,4,USTORE
05/06/2025,Travel Mug,1,USTORE
05/06/2025,Umb (One For UST),7,USTORE
05/06/2025,Baller,5,VARSITY LIFESTYLE
05/06/2025,New GT Shirts,4,VARSITY LIFESTYLE
06/06/2025,Black Embro,3,BLAZE
06/06/2025,Bomber Jacket,1,JUC
06/06/2025,Shirts all @450 UPSIZE (3XL-5XL),1,JUC
06/06/2025,UST College ID Lace,1,JUC
06/06/2025,UST OAT Hoodie Jacket,4,JUC
06/06/2025,UST OAT MUG (W inside),1,JUC
06/06/2025,UST OAT MUG (Y/B inside),6,JUC
06/06/2025,UST OAT T-Shirt Y/B/COLLEGE,12,JUC
06/06/2025,UST Sweatshirt Sporty,1,JUC
06/06/2025,UST T-Shirt Santo Tomas Shirt/UST T-Shirt Tiger Pattern/HAPPY,20,JUC
06/06/2025,UST T-Shirt Sporty,4,JUC
06/06/2025,UST T-Shirt Sporty UPSIZE (3XL-5XL),2,JUC
06/06/2025,Cotton Black Jacket,1,JYL ATHLETICA
06/06/2025,Cotton Brush Jacket,4,JYL ATHLETICA
06/06/2025,Cotton Gray Jacket,1,JYL ATHLETICA
06/06/2025,DRI-FIT NEW,3,JYL ATHLETICA
06/06/2025,Jacket,4,JYL ATHLETICA
06/06/2025,QUIANA SUBLI SHIRT (B&Y),2,JYL ATHLETICA
06/06/2025,Small Mystery Car,3,MADEBYRUZ CONSUMER GOODS TRADING
06/06/2025,Double Canopy,45,NAPOLIZ ENTERPRISES
06/06/2025,Hoodies Breaker,4,NAPOLIZ ENTERPRISES
06/06/2025,Ballpen 2 Designs @50 (B&Y),7,STITCH CORP. (BLEEVES)
06/06/2025,Baseball Cap METAL @380,1,STITCH CORP. (BLEEVES)
06/06/2025,Arch @320,2,TET AND DARS
06/06/2025,Eco Bag @ 130,2,TET AND DARS
06/06/2025,Keychain @180,6,TET AND DARS
06/06/2025,Logo Sticker @25,1,TET AND DARS
06/06/2025,Pen @40,1,TET AND DARS
06/06/2025,Sticker @120,5,TET AND DARS
06/06/2025,5M Magnetic Pin,1,USTORE
06/06/2025,5M Rotating Keychain,18,USTORE
06/06/2025,Aquaflask,2,USTORE
06/06/2025,C. Keychain,1,USTORE
06/06/2025,Eco Bag CGEEE!,9,USTORE
06/06/2025,ID Case,1,USTORE
06/06/2025,Lanyard @180,4,USTORE
06/06/2025,MJ Sticker Large,5,USTORE
06/06/2025,MJ Sticker Medium,11,USTORE
06/06/2025,MJ Sticker Small,15,USTORE
06/06/2025,New Tiger Plushie Big @850,64,USTORE
06/06/2025,New Tiger Plushie Small @750,19,USTORE
06/06/2025,Scarf @490,4,USTORE
06/06/2025,Shabby Hat,2,USTORE
06/06/2025,Thick Lanyard,5,USTORE
06/06/2025,Tote (One For UST),3,USTORE
06/06/2025,Tote (Viva),5,USTORE
06/06/2025,Tote Bag Canvas White,3,USTORE
06/06/2025,Travel Mug,1,USTORE
06/06/2025,Umb (One For UST),31,USTORE
06/06/2025,Keychain,1,VARSITY LIFESTYLE
06/06/2025,New GT Shirts,1,VARSITY LIFESTYLE
06/06/2025,VL Sticker Pack,1,VARSITY LIFESTYLE
07/06/2025,Polo Shirt @800,1,BLAZE
07/06/2025,Shirts all @450 UPSIZE (3XL-5XL),2,JUC
07/06/2025,UST College ID Lace,2,JUC
07/06/2025,UST OAT Hoodie Jacket,3,JUC
07/06/2025,UST OAT MUG (Y/B inside),10,JUC
07/06/2025,UST OAT T-Shirt Y/B/COLLEGE,7,JUC
07/06/2025,UST Sweatshirt Sporty,1,JUC
07/06/2025,UST T-Shirt Santo Tomas Shirt/UST T-Shirt Tiger Pattern/HAPPY,19,JUC
07/06/2025,UST T-Shirt Sporty,9,JUC
07/06/2025,UST T-Shirt Sporty UPSIZE (3XL-5XL),4,JUC
07/06/2025,BASE BALL SHIRT,1,JYL ATHLETICA
07/06/2025,Corp Windbreaker,5,JYL ATHLETICA
07/06/2025,Cotton Brush Jacket,2,JYL ATHLETICA
07/06/2025,DRI-FIT NEW,7,JYL ATHLETICA
07/06/2025,Jacket,5,JYL ATHLETICA
07/06/2025,QUIANA SUBLI SHIRT (B&Y),6,JYL ATHLETICA
07/06/2025,Taslan NEW,1,JYL ATHLETICA
07/06/2025,Small Mystery Car,2,MADEBYRUZ CONSUMER GOODS TRADING
07/06/2025,Double Canopy,3,NAPOLIZ ENTERPRISES
07/06/2025,Ballpen 2 Designs @50 (B&Y),7,STITCH CORP. (BLEEVES)
07/06/2025,Bamboo Pen @60,2,STITCH CORP. (BLEEVES)
07/06/2025,Baseball Cap METAL @380,1,STITCH CORP. (BLEEVES)
07/06/2025,Clock @550,1,STITCH CORP. (BLEEVES)
07/06/2025,Corp Jacket  V2,1,STITCH CORP. (BLEEVES)
07/06/2025,Arch @320,9,TET AND DARS
07/06/2025,Eco Bag @80,1,TET AND DARS
07/06/2025,Keychain @180,7,TET AND DARS
07/06/2025,Logo Sticker @25,7,TET AND DARS
07/06/2025,Sticker @120,5,TET AND DARS
07/06/2025,5M Rotating Keychain,9,USTORE
07/06/2025,Aquaflask,3,USTORE
07/06/2025,Lanyard @180,6,USTORE
07/06/2025,MJ Sticker Large,3,USTORE
07/06/2025,MJ Sticker Medium,13,USTORE
07/06/2025,MJ Sticker Small,18,USTORE
07/06/2025,New Tiger Plushie Big @850,45,USTORE
07/06/2025,New Tiger Plushie Small @750,17,USTORE
07/06/2025,Scarf @490,5,USTORE
07/06/2025,Thick Lanyard,6,USTORE
07/06/2025,Tote (One For UST),2,USTORE
07/06/2025,Tote (Viva),3,USTORE
07/06/2025,Tote Bag Canvas White,3,USTORE
07/06/2025,Travel Mug,3,USTORE
07/06/2025,Umb (One For UST),3,USTORE
07/06/2025,Baller,2,VARSITY LIFESTYLE
07/06/2025,Keychain,1,VARSITY LIFESTYLE
07/06/2025,Long Sticker,1,VARSITY LIFESTYLE
07/06/2025,New GT Shirts,3,VARSITY LIFESTYLE
09/06/2025,ABSC College Shirt (60th),3,ARTS AND LETTERS (SHIRT HAPPENS)
09/06/2025,Black Embro,5,BLAZE
09/06/2025,Bomber Jacket,2,JUC
09/06/2025,UST College ID Lace,7,JUC
09/06/2025,UST OAT Hoodie Jacket,7,JUC
09/06/2025,UST OAT MUG (Y/B inside),5,JUC
09/06/2025,UST OAT T-Shirt Y/B/COLLEGE,8,JUC
09/06/2025,UST Sweatshirt Sporty,2,JUC
09/06/2025,UST T-Shirt Santo Tomas Shirt/UST T-Shirt Tiger Pattern/HAPPY,15,JUC
09/06/2025,UST T-Shirt Sporty,9,JUC
09/06/2025,UST T-Shirt Sporty UPSIZE (3XL-5XL),2,JUC
09/06/2025,BASE BALL SHIRT,1,JYL ATHLETICA
09/06/2025,Cotton Black Jacket,3,JYL ATHLETICA
09/06/2025,Cotton Brush Jacket,6,JYL ATHLETICA
09/06/2025,Cotton Gray Jacket,1,JYL ATHLETICA
09/06/2025,DRI-FIT NEW,6,JYL ATHLETICA
09/06/2025,Jacket,2,JYL ATHLETICA
09/06/2025,Poloshirt @800,3,JYL ATHLETICA
09/06/2025,QUIANA SUBLI SHIRT (B&Y),5,JYL ATHLETICA
09/06/2025,Taslan NEW,1,JYL ATHLETICA
09/06/2025,Small Mystery Car,2,MADEBYRUZ CONSUMER GOODS TRADING
09/06/2025,Hoodies Breaker,5,NAPOLIZ ENTERPRISES
09/06/2025,UST-Pen W/Box,1,NEW TRENDS
09/06/2025,Ballpen 2 Designs @50 (B&Y),6,STITCH CORP. (BLEEVES)
09/06/2025,Bamboo Pen @60,1,STITCH CORP. (BLEEVES)
09/06/2025,Baseball Cap METAL @380,8,STITCH CORP. (BLEEVES)
09/06/2025,Arch @320,3,TET AND DARS
09/06/2025,Keychain @180,4,TET AND DARS
09/06/2025,Logo Sticker @25,16,TET AND DARS
09/06/2025,Sticker @120,9,TET AND DARS
09/06/2025,5M Magnetic Pin,2,USTORE
09/06/2025,5M Rotating Keychain,1,USTORE
09/06/2025,Aquaflask,7,USTORE
09/06/2025,C. Keychain,7,USTORE
09/06/2025,Lanyard @180,9,USTORE
09/06/2025,MJ Sticker Large,5,USTORE
09/06/2025,MJ Sticker Medium,11,USTORE
09/06/2025,MJ Sticker Small,10,USTORE
09/06/2025,New Tiger Plushie Big @850,26,USTORE
09/06/2025,New Tiger Plushie Small @750,12,USTORE
09/06/2025,Pencil,2,USTORE
09/06/2025,Scarf @490,8,USTORE
09/06/2025,Shabby Hat,3,USTORE
09/06/2025,Thick Lanyard,5,USTORE
09/06/2025,Tote (Viva),7,USTORE
09/06/2025,Tote Bag Canvas White,2,USTORE
09/06/2025,Travel Mug,3,USTORE
09/06/2025,Umb (One For UST),5,USTORE
09/06/2025,Keychain,1,VARSITY LIFESTYLE
09/06/2025,Long Sticker,5,VARSITY LIFESTYLE
09/06/2025,New GT Shirts,1,VARSITY LIFESTYLE
09/06/2025,VL Sticker Pack,2,VARSITY LIFESTYLE
10/06/2025,Black Embro,2,BLAZE
10/06/2025,White Embro,1,BLAZE
10/06/2025,Bomber Jacket,2,JUC
10/06/2025,Shirts all @450 UPSIZE (3XL-5XL),2,JUC
10/06/2025,UST OAT Hoodie Jacket,14,JUC
10/06/2025,UST OAT MUG (W inside),1,JUC
10/06/2025,UST OAT MUG (Y/B inside),19,JUC
10/06/2025,UST OAT T-Shirt Y/B/COLLEGE,8,JUC
10/06/2025,UST Sweatshirt Sporty,3,JUC
10/06/2025,UST T-Shirt Santo Tomas Shirt/UST T-Shirt Tiger Pattern/HAPPY,22,JUC
10/06/2025,UST T-Shirt Sporty,11,JUC
10/06/2025,BASE BALL SHIRT,2,JYL ATHLETICA
10/06/2025,Corp Jacket,3,JYL ATHLETICA
10/06/2025,Corp Windbreaker,1,JYL ATHLETICA
10/06/2025,Cotton Black Jacket,5,JYL ATHLETICA
10/06/2025,Cotton Brush Jacket,9,JYL ATHLETICA
10/06/2025,Cotton Gray Jacket,2,JYL ATHLETICA
10/06/2025,DRI-FIT NEW,5,JYL ATHLETICA
10/06/2025,Jacket,4,JYL ATHLETICA
10/06/2025,Poloshirt @800,4,JYL ATHLETICA
10/06/2025,QUIANA SUBLI SHIRT (B&Y),3,JYL ATHLETICA
10/06/2025,Taslan NEW,1,JYL ATHLETICA
10/06/2025,Small Mystery Car,1,MADEBYRUZ CONSUMER GOODS TRADING
10/06/2025,Double Canopy,7,NAPOLIZ ENTERPRISES
10/06/2025,Hoodies Breaker,9,NAPOLIZ ENTERPRISES
10/06/2025,UST-Pen W/Box,2,NEW TRENDS
10/06/2025,Ballpen 2 Designs @50 (B&Y),5,STITCH CORP. (BLEEVES)
10/06/2025,Bamboo Pen @60,3,STITCH CORP. (BLEEVES)
10/06/2025,Baseball Cap METAL @380,14,STITCH CORP. (BLEEVES)
10/06/2025,Clock @550,2,STITCH CORP. (BLEEVES)
10/06/2025,Corp Jacket  V2,2,STITCH CORP. (BLEEVES)
10/06/2025,Arch @320,12,TET AND DARS
10/06/2025,Eco Bag @ 130,2,TET AND DARS
10/06/2025,Eco Bag @80,2,TET AND DARS
10/06/2025,Keychain @180,6,TET AND DARS
10/06/2025,Logo Sticker @25,10,TET AND DARS
10/06/2025,Sticker @120,19,TET AND DARS
10/06/2025,5M Magnetic Pin,1,USTORE
10/06/2025,5M Rotating Keychain,8,USTORE
10/06/2025,Aquaflask,1,USTORE
10/06/2025,C. Keychain,10,USTORE
10/06/2025,Eco Bag CGEEE!,1,USTORE
10/06/2025,Lanyard @180,9,USTORE
10/06/2025,MJ Sticker Large,10,USTORE
10/06/2025,MJ Sticker Medium,11,USTORE
10/06/2025,MJ Sticker Small,19,USTORE
10/06/2025,New Tiger Plushie Big @850,32,USTORE
10/06/2025,New Tiger Plushie Small @750,10,USTORE
10/06/2025,Notelet,5,USTORE
10/06/2025,Scarf @490,13,USTORE
10/06/2025,Shabby Hat,1,USTORE
10/06/2025,Thick Lanyard,5,USTORE
10/06/2025,Tote (One For UST),1,USTORE
10/06/2025,Tote (Viva),4,USTORE
10/06/2025,Tote Bag Canvas White,2,USTORE
10/06/2025,Travel Mug,4,USTORE
10/06/2025,Umb (One For UST),18,USTORE
10/06/2025,USTORE Voucher (1000),1,USTORE
10/06/2025,Utensil,5,USTORE
10/06/2025,Baller,1,VARSITY LIFESTYLE
10/06/2025,New GT Shirts,1,VARSITY LIFESTYLE
11/06/2025,ABSC College Shirt (60th),1,ARTS AND LETTERS (SHIRT HAPPENS)
11/06/2025,Black Embro,7,BLAZE
11/06/2025,Polo Shirt @800,1,BLAZE
11/06/2025,White Embro,3,BLAZE
11/06/2025,Bomber Jacket,1,JUC
11/06/2025,Shirts all @450 UPSIZE (3XL-5XL),1,JUC
11/06/2025,UST College ID Lace,1,JUC
11/06/2025,UST OAT Hoodie Jacket,5,JUC
11/06/2025,UST OAT MUG (Y/B inside),9,JUC
11/06/2025,UST OAT T-Shirt Y/B/COLLEGE,7,JUC
11/06/2025,UST Sweatshirt Sporty,2,JUC
11/06/2025,UST T-Shirt Santo Tomas Shirt/UST T-Shirt Tiger Pattern/HAPPY,14,JUC
11/06/2025,UST T-Shirt Sporty,5,JUC
11/06/2025,UST T-Shirt Sporty UPSIZE (3XL-5XL),1,JUC
11/06/2025,BASE BALL SHIRT,1,JYL ATHLETICA
11/06/2025,Corp Jacket,1,JYL ATHLETICA
11/06/2025,Cotton Black Jacket,2,JYL ATHLETICA
11/06/2025,Cotton Brush Jacket,5,JYL ATHLETICA
11/06/2025,Cotton Gray Jacket,1,JYL ATHLETICA
11/06/2025,Jacket,3,JYL ATHLETICA
11/06/2025,Poloshirt @800,6,JYL ATHLETICA
11/06/2025,QUIANA SUBLI SHIRT (B&Y),6,JYL ATHLETICA
11/06/2025,Hoodies Breaker,4,NAPOLIZ ENTERPRISES
11/06/2025,Ballpen 2 Designs @50 (B&Y),4,STITCH CORP. (BLEEVES)
11/06/2025,Bamboo Pen @60,2,STITCH CORP. (BLEEVES)
11/06/2025,Baseball Cap METAL @380,9,STITCH CORP. (BLEEVES)
11/06/2025,Kraft Notebook @130,4,STITCH CORP. (BLEEVES)
11/06/2025,Arch @320,3,TET AND DARS
11/06/2025,Eco Bag @80,5,TET AND DARS
11/06/2025,Keychain @180,3,TET AND DARS
11/06/2025,Logo Sticker @25,10,TET AND DARS
11/06/2025,Pen @40,2,TET AND DARS
11/06/2025,Sticker @120,9,TET AND DARS
11/06/2025,5M Magnetic Pin,2,USTORE
11/06/2025,5M Rotating Keychain,5,USTORE
11/06/2025,Aquaflask,2,USTORE
11/06/2025,C. Keychain,5,USTORE
11/06/2025,Eco Bag CGEEE!,2,USTORE
11/06/2025,Lanyard @180,3,USTORE
11/06/2025,MJ Sticker Large,2,USTORE
11/06/2025,MJ Sticker Medium,13,USTORE
11/06/2025,MJ Sticker Small,14,USTORE
11/06/2025,Scarf @490,2,USTORE
11/06/2025,Shabby Hat,1,USTORE
11/06/2025,Thick Lanyard,1,USTORE
11/06/2025,Tote (One For UST),10,USTORE
11/06/2025,Tote (Viva),3,USTORE
11/06/2025,Tote Bag Canvas White,1,USTORE
11/06/2025,Travel Mug,2,USTORE
11/06/2025,Umb (One For UST),5,USTORE
11/06/2025,Utensil,1,USTORE
11/06/2025,Keychain,4,VARSITY LIFESTYLE
11/06/2025,Lanyard,1,VARSITY LIFESTYLE
11/06/2025,VL Sticker Pack,1,VARSITY LIFESTYLE
12/06/2025,Black Embro,1,BLAZE
12/06/2025,UST OAT Hoodie Jacket,1,JUC
12/06/2025,UST OAT T-Shirt Y/B/COLLEGE,7,JUC
12/06/2025,UST T-Shirt Santo Tomas Shirt/UST T-Shirt Tiger Pattern/HAPPY,1,JUC
12/06/2025,UST T-Shirt Sporty,1,JUC
12/06/2025,BASE BALL SHIRT,1,JYL ATHLETICA
12/06/2025,Corp Windbreaker,1,JYL ATHLETICA
12/06/2025,QUIANA SUBLI SHIRT (B&Y),2,JYL ATHLETICA
12/06/2025,Small Mystery Car,1,MADEBYRUZ CONSUMER GOODS TRADING
12/06/2025,Ballpen 2 Designs @50 (B&Y),7,STITCH CORP. (BLEEVES)
12/06/2025,Bamboo Pen @60,1,STITCH CORP. (BLEEVES)
12/06/2025,Eco Bag @80,1,TET AND DARS
12/06/2025,Keychain @180,2,TET AND DARS
12/06/2025,Logo Sticker @25,2,TET AND DARS
12/06/2025,Pen @40,6,TET AND DARS
12/06/2025,5M Rotating Keychain,13,USTORE
12/06/2025,C. Keychain,1,USTORE
12/06/2025,Eco Bag CGEEE!,1,USTORE
12/06/2025,Lanyard @180,3,USTORE
12/06/2025,MJ Sticker Large,2,USTORE
12/06/2025,MJ Sticker Medium,6,USTORE
12/06/2025,MJ Sticker Small,3,USTORE
12/06/2025,Thick Lanyard,4,USTORE
12/06/2025,Tote (One For UST),1,USTORE
12/06/2025,Tote Bag Canvas White,1,USTORE
12/06/2025,Umb (One For UST),1,USTORE
12/06/2025,Lanyard,1,VARSITY LIFESTYLE
13/06/2025,Black Embro,3,BLAZE
13/06/2025,Polo Shirt @800,3,BLAZE
13/06/2025,White Embro,3,BLAZE
13/06/2025,Shirts all @450 UPSIZE (3XL-5XL),1,JUC
13/06/2025,UST College ID Lace,2,JUC
13/06/2025,UST OAT Hoodie Jacket,7,JUC
13/06/2025,UST OAT MUG (Y/B inside),6,JUC
13/06/2025,UST OAT T-Shirt Y/B/COLLEGE,28,JUC
13/06/2025,UST T-Shirt Santo Tomas Shirt/UST T-Shirt Tiger Pattern/HAPPY,20,JUC
13/06/2025,UST T-Shirt Sporty,3,JUC
13/06/2025,BASE BALL SHIRT,5,JYL ATHLETICA
13/06/2025,Corp Jacket,1,JYL ATHLETICA
13/06/2025,Corp Windbreaker,2,JYL ATHLETICA
13/06/2025,DRI-FIT NEW,3,JYL ATHLETICA
13/06/2025,Poloshirt @800,2,JYL ATHLETICA
13/06/2025,QUIANA SUBLI SHIRT (B&Y),10,JYL ATHLETICA
13/06/2025,Big Mystery Car,1,MADEBYRUZ CONSUMER GOODS TRADING
13/06/2025,Small Mystery Car,3,MADEBYRUZ CONSUMER GOODS TRADING
13/06/2025,Back pack,1,NAPOLIZ ENTERPRISES
13/06/2025,Double Canopy,1,NAPOLIZ ENTERPRISES
13/06/2025,Hoodies Breaker,2,NAPOLIZ ENTERPRISES
13/06/2025,Ballpen 2 Designs @50 (B&Y),4,STITCH CORP. (BLEEVES)
13/06/2025,Bamboo Notebook @150,6,STITCH CORP. (BLEEVES)
13/06/2025,Bamboo Pen @60,2,STITCH CORP. (BLEEVES)
13/06/2025,Baseball Cap METAL @380,4,STITCH CORP. (BLEEVES)
13/06/2025,Kraft Notebook @130,2,STITCH CORP. (BLEEVES)
13/06/2025,Arch @320,11,TET AND DARS
13/06/2025,Eco Bag @80,2,TET AND DARS
13/06/2025,Keychain @180,7,TET AND DARS
13/06/2025,Logo Sticker @25,8,TET AND DARS
13/06/2025,Pen @40,3,TET AND DARS
13/06/2025,5M Magnetic Pin,6,USTORE
13/06/2025,5M Rotating Keychain,14,USTORE
13/06/2025,Aquaflask,2,USTORE
13/06/2025,C. Keychain,8,USTORE
13/06/2025,Lanyard @180,11,USTORE
13/06/2025,MJ Sticker Large,4,USTORE
13/06/2025,MJ Sticker Medium,6,USTORE
13/06/2025,MJ Sticker Small,24,USTORE
13/06/2025,New Tiger Plushie Big @850,39,USTORE
13/06/2025,New Tiger Plushie Small @750,6,USTORE
13/06/2025,Notelet,18,USTORE
13/06/2025,Scarf @490,10,USTORE
13/06/2025,Thick Lanyard,6,USTORE
13/06/2025,Tote (Viva),5,USTORE
13/06/2025,Tote Bag Canvas White,1,USTORE
13/06/2025,Travel Mug,4,USTORE
13/06/2025,Umb (One For UST),11,USTORE
13/06/2025,Lanyard,1,VARSITY LIFESTYLE
13/06/2025,Oversized Sweatshirt,1,VARSITY LIFESTYLE
13/06/2025,VL Sticker Pack,2,VARSITY LIFESTYLE
14/06/2025,White Embro,1,BLAZE
14/06/2025,Bomber Jacket,1,JUC
14/06/2025,Shirts all @450 UPSIZE (3XL-5XL),3,JUC
14/06/2025,UST College ID Lace,3,JUC
14/06/2025,UST OAT Hoodie Jacket,14,JUC
14/06/2025,UST OAT MUG (W inside),1,JUC
14/06/2025,UST OAT MUG (Y/B inside),12,JUC
14/06/2025,UST OAT T-Shirt Y/B/COLLEGE,8,JUC
14/06/2025,UST Sweatshirt Sporty,2,JUC
14/06/2025,UST T-Shirt Santo Tomas Shirt/UST T-Shirt Tiger Pattern/HAPPY,8,JUC
14/06/2025,Corp Jacket,2,JYL ATHLETICA
14/06/2025,Cotton Black Jacket,1,JYL ATHLETICA
14/06/2025,Cotton Brush Jacket,5,JYL ATHLETICA
14/06/2025,DRI-FIT NEW,1,JYL ATHLETICA
14/06/2025,Jacket,1,JYL ATHLETICA
14/06/2025,Poloshirt @800,1,JYL ATHLETICA
14/06/2025,QUIANA SUBLI SHIRT (B&Y),2,JYL ATHLETICA
14/06/2025,Small Mystery Car,6,MADEBYRUZ CONSUMER GOODS TRADING
14/06/2025,Hoodies Breaker,2,NAPOLIZ ENTERPRISES
14/06/2025,Laptop Bag,1,NAPOLIZ ENTERPRISES
14/06/2025,Ballpen 2 Designs @50 (B&Y),7,STITCH CORP. (BLEEVES)
14/06/2025,Bamboo Pen @60,3,STITCH CORP. (BLEEVES)
14/06/2025,Clock @550,1,STITCH CORP. (BLEEVES)
14/06/2025,Corp Jacket  V2,1,STITCH CORP. (BLEEVES)
14/06/2025,Arch @320,3,TET AND DARS
14/06/2025,Eco Bag @ 130,1,TET AND DARS
14/06/2025,Keychain @180,8,TET AND DARS
14/06/2025,Logo Sticker @25,4,TET AND DARS
14/06/2025,Pen @40,1,TET AND DARS
14/06/2025,5M Magnetic Pin,2,USTORE
14/06/2025,5M Rotating Keychain,5,USTORE
14/06/2025,Aquaflask,4,USTORE
14/06/2025,Bookmark,1,USTORE
14/06/2025,C. Keychain,11,USTORE
14/06/2025,Eco Bag CGEEE!,4,USTORE
14/06/2025,Lanyard @180,11,USTORE
14/06/2025,MJ Sticker Large,1,USTORE
14/06/2025,MJ Sticker Medium,2,USTORE
14/06/2025,MJ Sticker Small,4,USTORE
14/06/2025,New Tiger Plushie Big @850,14,USTORE
14/06/2025,New Tiger Plushie Small @750,15,USTORE
14/06/2025,Scarf @490,8,USTORE
14/06/2025,Tote (Viva),7,USTORE
14/06/2025,Tote Bag Canvas White,3,USTORE
14/06/2025,Travel Mug,3,USTORE
14/06/2025,Umb (One For UST),7,USTORE
16/06/2025,Black Embro,1,BLAZE
16/06/2025,UST College ID Lace,1,JUC
16/06/2025,UST OAT Hoodie Jacket,1,JUC
16/06/2025,UST OAT T-Shirt Y/B/COLLEGE,2,JUC
16/06/2025,UST Sweatshirt Sporty,2,JUC
16/06/2025,UST T-Shirt Santo Tomas Shirt/UST T-Shirt Tiger Pattern/HAPPY,4,JUC
16/06/2025,Corp Jacket,1,JYL ATHLETICA
16/06/2025,Cotton Brush Jacket,1,JYL ATHLETICA
16/06/2025,Jacket,2,JYL ATHLETICA
16/06/2025,QUIANA SUBLI SHIRT (B&Y),2,JYL ATHLETICA
16/06/2025,Hoodies Breaker,1,NAPOLIZ ENTERPRISES
16/06/2025,Kraft Notebook @130,1,STITCH CORP. (BLEEVES)
16/06/2025,Eco Bag @ 130,1,TET AND DARS
16/06/2025,5M Magnetic Pin,1,USTORE
16/06/2025,5M Rotating Keychain,1,USTORE
16/06/2025,Lanyard @180,5,USTORE
16/06/2025,New Tiger Plushie Small @750,1,USTORE
16/06/2025,Scarf @490,1,USTORE
16/06/2025,Tote (One For UST),1,USTORE
16/06/2025,Tote (Viva),1,USTORE
17/06/2025,ABSC College Shirt (60th),2,ARTS AND LETTERS (SHIRT HAPPENS)
17/06/2025,Black Embro,1,BLAZE
17/06/2025,Shirts all @450 UPSIZE (3XL-5XL),1,JUC
17/06/2025,UST OAT Hoodie Jacket,1,JUC
17/06/2025,UST OAT T-Shirt Y/B/COLLEGE,5,JUC
17/06/2025,UST Sweatshirt Sporty,3,JUC
17/06/2025,UST T-Shirt Santo Tomas Shirt/UST T-Shirt Tiger Pattern/HAPPY,6,JUC
17/06/2025,Cotton Gray Jacket,1,JYL ATHLETICA
17/06/2025,Poloshirt @800,1,JYL ATHLETICA
17/06/2025,QUIANA SUBLI SHIRT (B&Y),1,JYL ATHLETICA
17/06/2025,Ballpen 2 Designs @50 (B&Y),7,STITCH CORP. (BLEEVES)
17/06/2025,Bamboo Pen @60,1,STITCH CORP. (BLEEVES)
17/06/2025,Keychain @180,1,TET AND DARS
17/06/2025,Logo Sticker @25,1,TET AND DARS
17/06/2025,Pen @40,27,TET AND DARS
17/06/2025,Sticker @120,2,TET AND DARS
17/06/2025,5M Rotating Keychain,1,USTORE
17/06/2025,Aquaflask,1,USTORE
17/06/2025,ID Case,25,USTORE
17/06/2025,Lanyard @180,2,USTORE
17/06/2025,MJ Sticker Medium,2,USTORE
17/06/2025,MJ Sticker Small,1,USTORE
17/06/2025,New Tiger Plushie Small @750,2,USTORE
17/06/2025,Notelet,1,USTORE
17/06/2025,Thick Lanyard,1,USTORE
17/06/2025,Tote (Viva),5,USTORE
17/06/2025,Tote Bag Canvas White,26,USTORE
17/06/2025,Umb (One For UST),1,USTORE
17/06/2025,Keychain,1,VARSITY LIFESTYLE
18/06/2025,Polo Shirt @800,1,BLAZE
18/06/2025,White Embro,1,BLAZE
18/06/2025,UST College ID Lace,2,JUC
18/06/2025,UST OAT Hoodie Jacket,2,JUC
18/06/2025,UST OAT MUG (Y/B inside),1,JUC
18/06/2025,UST OAT T-Shirt Y/B/COLLEGE,1,JUC
18/06/2025,UST Sweatshirt Sporty,1,JUC
18/06/2025,UST T-Shirt Santo Tomas Shirt/UST T-Shirt Tiger Pattern/HAPPY,2,JUC
18/06/2025,UST T-Shirt Sporty,2,JUC
18/06/2025,Corp Jacket,1,JYL ATHLETICA
18/06/2025,Corp Windbreaker,1,JYL ATHLETICA
18/06/2025,DRI-FIT NEW,2,JYL ATHLETICA
18/06/2025,Poloshirt @800,1,JYL ATHLETICA
18/06/2025,QUIANA SUBLI SHIRT (B&Y),2,JYL ATHLETICA
18/06/2025,Small Mystery Car,2,MADEBYRUZ CONSUMER GOODS TRADING
18/06/2025,Back pack,1,NAPOLIZ ENTERPRISES
18/06/2025,Hoodies Breaker,3,NAPOLIZ ENTERPRISES
18/06/2025,Ballpen 2 Designs @50 (B&Y),9,STITCH CORP. (BLEEVES)
18/06/2025,Bamboo Pen @60,2,STITCH CORP. (BLEEVES)
18/06/2025,Keychain @180,1,TET AND DARS
18/06/2025,5M Rotating Keychain,2,USTORE
18/06/2025,Aquaflask,1,USTORE
18/06/2025,C. Keychain,3,USTORE
18/06/2025,Lanyard @180,10,USTORE
18/06/2025,MJ Sticker Large,1,USTORE
18/06/2025,MJ Sticker Medium,2,USTORE
18/06/2025,MJ Sticker Small,5,USTORE
18/06/2025,New Tiger Plushie Small @750,1,USTORE
18/06/2025,Paper weight @330,1,USTORE
18/06/2025,Thick Lanyard,1,USTORE
18/06/2025,Tote (Viva),2,USTORE
18/06/2025,Umb (One For UST),1,USTORE
18/06/2025,Keychain,1,VARSITY LIFESTYLE
18/06/2025,Lanyard,2,VARSITY LIFESTYLE
19/06/2025,Black Embro,1,BLAZE
19/06/2025,UST College ID Lace,2,JUC
19/06/2025,UST OAT Hoodie Jacket,1,JUC
19/06/2025,UST OAT T-Shirt Y/B/COLLEGE,2,JUC
19/06/2025,UST T-Shirt Santo Tomas Shirt/UST T-Shirt Tiger Pattern/HAPPY,7,JUC
19/06/2025,Corp Jacket,1,JYL ATHLETICA
19/06/2025,QUIANA SUBLI SHIRT (B&Y),4,JYL ATHLETICA
19/06/2025,Hoodies Breaker,3,NAPOLIZ ENTERPRISES
19/06/2025,Bamboo Pen @60,1,STITCH CORP. (BLEEVES)
19/06/2025,Arch @320,1,TET AND DARS
19/06/2025,Keychain @180,1,TET AND DARS
19/06/2025,Aquaflask,1,USTORE
19/06/2025,C. Keychain,3,USTORE
19/06/2025,Lanyard @180,6,USTORE
19/06/2025,MJ Sticker Large,3,USTORE
19/06/2025,MJ Sticker Medium,3,USTORE
19/06/2025,MJ Sticker Small,9,USTORE
19/06/2025,New Tiger Plushie Small @750,2,USTORE
19/06/2025,Thick Lanyard,9,USTORE
19/06/2025,Tote Bag Canvas White,1,USTORE
19/06/2025,Travel Mug,1,USTORE
19/06/2025,Lanyard,1,VARSITY LIFESTYLE
19/06/2025,New GT Shirts,1,VARSITY LIFESTYLE
20/06/2025,Black Embro,1,BLAZE
20/06/2025,White Embro,1,BLAZE
20/06/2025,UST OAT Hoodie Jacket,4,JUC
20/06/2025,UST OAT MUG (W inside),2,JUC
20/06/2025,UST OAT MUG (Y/B inside),4,JUC
20/06/2025,UST OAT T-Shirt Y/B/COLLEGE,5,JUC
20/06/2025,UST Sweatshirt Sporty,2,JUC
20/06/2025,UST T-Shirt Santo Tomas Shirt/UST T-Shirt Tiger Pattern/HAPPY,9,JUC
20/06/2025,UST T-Shirt Sporty,3,JUC
20/06/2025,UST T-Shirt Sporty UPSIZE (3XL-5XL),1,JUC
20/06/2025,Corp Jacket,2,JYL ATHLETICA
20/06/2025,Corp Windbreaker,1,JYL ATHLETICA
20/06/2025,Cotton Brush Jacket,3,JYL ATHLETICA
20/06/2025,Jacket,2,JYL ATHLETICA
20/06/2025,Poloshirt 123456 @860,1,JYL ATHLETICA
20/06/2025,Poloshirt @800,1,JYL ATHLETICA
20/06/2025,QUIANA SUBLI SHIRT (B&Y),6,JYL ATHLETICA
20/06/2025,Small Mystery Car,1,MADEBYRUZ CONSUMER GOODS TRADING
20/06/2025,Hoodies Breaker,2,NAPOLIZ ENTERPRISES
20/06/2025,UST-Pen W/Box,2,NEW TRENDS
20/06/2025,Ballpen 2 Designs @50 (B&Y),4,STITCH CORP. (BLEEVES)
20/06/2025,Kraft Notebook @130,1,STITCH CORP. (BLEEVES)
20/06/2025,Arch @320,3,TET AND DARS
20/06/2025,Eco Bag @ 130,1,TET AND DARS
20/06/2025,Keychain @180,2,TET AND DARS
20/06/2025,5M Magnetic Pin,2,USTORE
20/06/2025,5M Rotating Keychain,3,USTORE
20/06/2025,Aquaflask,3,USTORE
20/06/2025,C. Keychain,2,USTORE
20/06/2025,Eco Bag CGEEE!,3,USTORE
20/06/2025,ID Case,2,USTORE
20/06/2025,Lanyard @180,8,USTORE
20/06/2025,MJ Sticker Large,1,USTORE
20/06/2025,MJ Sticker Medium,5,USTORE
20/06/2025,MJ Sticker Small,9,USTORE
20/06/2025,New Tiger Plushie Small @750,18,USTORE
20/06/2025,Scarf @490,5,USTORE
20/06/2025,Thick Lanyard,6,USTORE
20/06/2025,Tote (One For UST),3,USTORE
20/06/2025,Tote (Viva),2,USTORE
20/06/2025,Tote Bag Canvas White,3,USTORE
20/06/2025,Travel Mug,1,USTORE
20/06/2025,Umb (One For UST),3,USTORE
20/06/2025,Utensil,1,USTORE
20/06/2025,Keychain,1,VARSITY LIFESTYLE
20/06/2025,New GT Shirts,1,VARSITY LIFESTYLE
20/06/2025,VL Sticker Pack,2,VARSITY LIFESTYLE
21/06/2025,Black Embro,2,BLAZE
21/06/2025,Polo Shirt @800,1,BLAZE
21/06/2025,Triple Black Embro,1,BLAZE
21/06/2025,UST College ID Lace,2,JUC
21/06/2025,UST OAT MUG (W inside),2,JUC
21/06/2025,UST OAT MUG (Y/B inside),4,JUC
21/06/2025,UST OAT T-Shirt Y/B/COLLEGE,6,JUC
21/06/2025,UST T-Shirt Santo Tomas Shirt/UST T-Shirt Tiger Pattern/HAPPY,2,JUC
21/06/2025,UST T-Shirt Sporty,1,JUC
21/06/2025,Corp Jacket,3,JYL ATHLETICA
21/06/2025,Cotton Brush Jacket,1,JYL ATHLETICA
21/06/2025,DRI-FIT NEW,5,JYL ATHLETICA
21/06/2025,Jacket,1,JYL ATHLETICA
21/06/2025,Poloshirt @800,2,JYL ATHLETICA
21/06/2025,QUIANA SUBLI SHIRT (B&Y),1,JYL ATHLETICA
21/06/2025,Small Mystery Car,2,MADEBYRUZ CONSUMER GOODS TRADING
21/06/2025,Hoodies Breaker,5,NAPOLIZ ENTERPRISES
21/06/2025,Ballpen 2 Designs @50 (B&Y),8,STITCH CORP. (BLEEVES)
21/06/2025,Bamboo Pen @60,1,STITCH CORP. (BLEEVES)
21/06/2025,Baseball Cap METAL @380,6,STITCH CORP. (BLEEVES)
21/06/2025,Corp Jacket  V2,2,STITCH CORP. (BLEEVES)
21/06/2025,Arch @320,8,TET AND DARS
21/06/2025,Eco Bag @ 130,1,TET AND DARS
21/06/2025,Keychain @180,4,TET AND DARS
21/06/2025,Logo Sticker @25,20,TET AND DARS
21/06/2025,Pen @40,1,TET AND DARS
21/06/2025,Sticker @120,9,TET AND DARS
21/06/2025,5M Rotating Keychain,6,USTORE
21/06/2025,Aquaflask,2,USTORE
21/06/2025,C. Keychain,9,USTORE
21/06/2025,Eco Bag CGEEE!,4,USTORE
21/06/2025,ID Case,5,USTORE
21/06/2025,Lanyard @180,6,USTORE
21/06/2025,MJ Sticker Large,4,USTORE
21/06/2025,MJ Sticker Medium,4,USTORE
21/06/2025,MJ Sticker Small,7,USTORE
21/06/2025,New Tiger Plushie Big @850,5,USTORE
21/06/2025,New Tiger Plushie Small @750,4,USTORE
21/06/2025,Scarf @490,3,USTORE
21/06/2025,Thick Lanyard,4,USTORE
21/06/2025,Tote (One For UST),1,USTORE
21/06/2025,Tote Bag Canvas White,1,USTORE
21/06/2025,Travel Mug,3,USTORE
21/06/2025,Umb (One For UST),40,USTORE
21/06/2025,Utensil,1,USTORE
21/06/2025,Keychain,1,VARSITY LIFESTYLE
25/06/2025,Black Embro,3,BLAZE
25/06/2025,UST College ID Lace,1,JUC
25/06/2025,UST OAT MUG (Y/B inside),17,JUC
25/06/2025,UST OAT T-Shirt Y/B/COLLEGE,5,JUC
25/06/2025,UST Sweatshirt Sporty,1,JUC
25/06/2025,UST T-Shirt Santo Tomas Shirt/UST T-Shirt Tiger Pattern/HAPPY,12,JUC
25/06/2025,Corp Windbreaker,1,JYL ATHLETICA
25/06/2025,Cotton Brush Jacket,1,JYL ATHLETICA
25/06/2025,Jacket,2,JYL ATHLETICA
25/06/2025,Poloshirt 123456 @860,1,JYL ATHLETICA
25/06/2025,Poloshirt @800,2,JYL ATHLETICA
25/06/2025,QUIANA SUBLI SHIRT (B&Y),6,JYL ATHLETICA
25/06/2025,Hoodies Breaker,3,NAPOLIZ ENTERPRISES
25/06/2025,Baseball Cap METAL @380,2,STITCH CORP. (BLEEVES)
25/06/2025,Corp Jacket  V2,3,STITCH CORP. (BLEEVES)
25/06/2025,Arch @320,1,TET AND DARS
25/06/2025,Eco Bag @80,1,TET AND DARS
25/06/2025,Keychain @180,2,TET AND DARS
25/06/2025,Logo Sticker @25,3,TET AND DARS
25/06/2025,Pen @40,1,TET AND DARS
25/06/2025,Sticker @120,2,TET AND DARS
25/06/2025,5M Rotating Keychain,4,USTORE
25/06/2025,Aquaflask,1,USTORE
25/06/2025,C. Keychain,1,USTORE
25/06/2025,Lanyard @180,2,USTORE
25/06/2025,MJ Sticker Large,2,USTORE
25/06/2025,MJ Sticker Medium,3,USTORE
25/06/2025,MJ Sticker Small,11,USTORE
25/06/2025,New Tiger Plushie Big @850,1,USTORE
25/06/2025,New Tiger Plushie Small @750,1,USTORE
25/06/2025,Notelet,10,USTORE
25/06/2025,Thick Lanyard,2,USTORE
25/06/2025,Tote (One For UST),3,USTORE
25/06/2025,Tote (Viva),3,USTORE
25/06/2025,Umb (One For UST),5,USTORE
25/06/2025,Utensil,16,USTORE
25/06/2025,Long Sticker,1,VARSITY LIFESTYLE
25/06/2025,New GT Shirts,1,VARSITY LIFESTYLE
26/06/2025,ABSC College Shirt (60th),1,ARTS AND LETTERS (SHIRT HAPPENS)
26/06/2025,Black Embro,1,BLAZE
26/06/2025,Shirts all @450 UPSIZE (3XL-5XL),2,JUC
26/06/2025,UST College ID Lace,3,JUC
26/06/2025,UST OAT MUG (W inside),1,JUC
26/06/2025,UST OAT MUG (Y/B inside),3,JUC
26/06/2025,UST OAT T-Shirt Y/B/COLLEGE,12,JUC
26/06/2025,UST Sweatshirt Sporty,2,JUC
26/06/2025,UST T-Shirt Santo Tomas Shirt/UST T-Shirt Tiger Pattern/HAPPY,10,JUC
26/06/2025,UST T-Shirt Sporty,4,JUC
26/06/2025,Corp Jacket,2,JYL ATHLETICA
26/06/2025,Cotton Brush Jacket,1,JYL ATHLETICA
26/06/2025,Cotton Gray Jacket,1,JYL ATHLETICA
26/06/2025,Poloshirt @800,5,JYL ATHLETICA
26/06/2025,QUIANA SUBLI SHIRT (B&Y),6,JYL ATHLETICA
26/06/2025,Small Mystery Car,1,MADEBYRUZ CONSUMER GOODS TRADING
26/06/2025,UST-Pen W/Box,2,NEW TRENDS
26/06/2025,Ballpen 2 Designs @50 (B&Y),23,STITCH CORP. (BLEEVES)
26/06/2025,Bamboo Pen @60,3,STITCH CORP. (BLEEVES)
26/06/2025,Clock @550,3,STITCH CORP. (BLEEVES)
26/06/2025,Corp Jacket  V2,3,STITCH CORP. (BLEEVES)
26/06/2025,Kraft Notebook @130,1,STITCH CORP. (BLEEVES)
26/06/2025,Keychain @180,8,TET AND DARS
26/06/2025,Logo Sticker @25,13,TET AND DARS
26/06/2025,Pen @40,8,TET AND DARS
26/06/2025,Sticker @120,1,TET AND DARS
26/06/2025,5M Magnetic Pin,18,USTORE
26/06/2025,5M Rotating Keychain,8,USTORE
26/06/2025,Aquaflask,1,USTORE
26/06/2025,C. Keychain,2,USTORE
26/06/2025,ID Case,1,USTORE
26/06/2025,Lanyard @180,16,USTORE
26/06/2025,MJ Sticker Large,1,USTORE
26/06/2025,MJ Sticker Medium,7,USTORE
26/06/2025,MJ Sticker Small,40,USTORE
26/06/2025,Notelet,6,USTORE
26/06/2025,Thick Lanyard,10,USTORE
26/06/2025,Tote (Viva),3,USTORE
26/06/2025,Tote Bag Canvas White,1,USTORE
26/06/2025,Travel Mug,2,USTORE
26/06/2025,Umb (One For UST),6,USTORE
26/06/2025,Utensil,2,USTORE
27/06/2025,ABSC College Shirt (60th),1,ARTS AND LETTERS (SHIRT HAPPENS)
27/06/2025,Black Embro,4,BLAZE
27/06/2025,White Embro,1,BLAZE
27/06/2025,Bomber Jacket,1,JUC
27/06/2025,Shirts all @450 UPSIZE (3XL-5XL),3,JUC
27/06/2025,UST OAT MUG (Y/B inside),2,JUC
27/06/2025,UST OAT T-Shirt Y/B/COLLEGE,5,JUC
27/06/2025,UST T-Shirt Santo Tomas Shirt/UST T-Shirt Tiger Pattern/HAPPY,12,JUC
27/06/2025,UST T-Shirt Sporty,2,JUC
27/06/2025,UST T-Shirt Sporty UPSIZE (3XL-5XL),1,JUC
27/06/2025,BASE BALL SHIRT,1,JYL ATHLETICA
27/06/2025,Corp Jacket,1,JYL ATHLETICA
27/06/2025,Cotton Brush Jacket,2,JYL ATHLETICA
27/06/2025,Cotton Gray Jacket,1,JYL ATHLETICA
27/06/2025,DRI-FIT NEW,2,JYL ATHLETICA
27/06/2025,QUIANA SUBLI SHIRT (B&Y),5,JYL ATHLETICA
27/06/2025,Hoodies Breaker,1,NAPOLIZ ENTERPRISES
27/06/2025,Ballpen 2 Designs @50 (B&Y),2,STITCH CORP. (BLEEVES)
27/06/2025,Baseball Cap METAL @380,3,STITCH CORP. (BLEEVES)
27/06/2025,Corp Jacket  V2,4,STITCH CORP. (BLEEVES)
27/06/2025,Logo Sticker @25,4,TET AND DARS
27/06/2025,Pen @40,14,TET AND DARS
27/06/2025,5M Rotating Keychain,1,USTORE
27/06/2025,Aquaflask,34,USTORE
27/06/2025,C. Keychain,2,USTORE
27/06/2025,Eco Bag CGEEE!,1,USTORE
27/06/2025,ID Case,1,USTORE
27/06/2025,Lanyard @180,8,USTORE
27/06/2025,MJ Sticker Large,2,USTORE
27/06/2025,MJ Sticker Medium,13,USTORE
27/06/2025,MJ Sticker Small,8,USTORE
27/06/2025,New Tiger Plushie Big @850,9,USTORE
27/06/2025,New Tiger Plushie Small @750,10,USTORE
27/06/2025,Thick Lanyard,12,USTORE
27/06/2025,Tote (One For UST),1,USTORE
27/06/2025,Tote (Viva),2,USTORE
27/06/2025,Travel Mug,2,USTORE
28/06/2025,Black Embro,3,BLAZE
28/06/2025,Triple Black Embro,3,BLAZE
28/06/2025,White Embro,2,BLAZE
28/06/2025,Bomber Jacket,1,JUC
28/06/2025,Shirts all @450 UPSIZE (3XL-5XL),2,JUC
28/06/2025,UST OAT Hoodie Jacket,7,JUC
28/06/2025,UST OAT MUG (W inside),1,JUC
28/06/2025,UST OAT MUG (Y/B inside),3,JUC
28/06/2025,UST OAT T-Shirt Y/B/COLLEGE,12,JUC
28/06/2025,UST T-Shirt Santo Tomas Shirt/UST T-Shirt Tiger Pattern/HAPPY,8,JUC
28/06/2025,UST T-Shirt Sporty,2,JUC
28/06/2025,Corp Jacket,1,JYL ATHLETICA
28/06/2025,Cotton Black Jacket,1,JYL ATHLETICA
28/06/2025,Cotton Gray Jacket,2,JYL ATHLETICA
28/06/2025,Jacket,2,JYL ATHLETICA
28/06/2025,Poloshirt @800,2,JYL ATHLETICA
28/06/2025,Taslan NEW,1,JYL ATHLETICA
28/06/2025,Big Mystery Car,1,MADEBYRUZ CONSUMER GOODS TRADING
28/06/2025,Small Mystery Car,6,MADEBYRUZ CONSUMER GOODS TRADING
28/06/2025,Tiger Costume,1,MADEBYRUZ CONSUMER GOODS TRADING
28/06/2025,Hoodies Breaker,1,NAPOLIZ ENTERPRISES
28/06/2025,UST-Pen W/Box,2,NEW TRENDS
28/06/2025,Ballpen 2 Designs @50 (B&Y),3,STITCH CORP. (BLEEVES)
28/06/2025,Baseball Cap METAL @380,1,STITCH CORP. (BLEEVES)
28/06/2025,Corp Jacket  V2,2,STITCH CORP. (BLEEVES)
28/06/2025,Arch @320,2,TET AND DARS
28/06/2025,Eco Bag @ 130,1,TET AND DARS
28/06/2025,Keychain @180,2,TET AND DARS
28/06/2025,Logo Sticker @25,3,TET AND DARS
28/06/2025,Pen @40,1,TET AND DARS
28/06/2025,Sticker @120,2,TET AND DARS
28/06/2025,5M Rotating Keychain,4,USTORE
28/06/2025,Aquaflask,1,USTORE
28/06/2025,C. Keychain,7,USTORE
28/06/2025,Eco Bag CGEEE!,2,USTORE
28/06/2025,Lanyard @180,5,USTORE
28/06/2025,MJ Sticker Large,3,USTORE
28/06/2025,MJ Sticker Medium,3,USTORE
28/06/2025,MJ Sticker Small,5,USTORE
28/06/2025,New Tiger Plushie Big @850,21,USTORE
28/06/2025,New Tiger Plushie Small @750,4,USTORE
28/06/2025,Thick Lanyard,2,USTORE
28/06/2025,Tote Bag Canvas White,1,USTORE
28/06/2025,Umb (One For UST),4,USTORE
28/06/2025,Utensil,1,USTORE
30/06/2025,Polo Shirt @800,7,BLAZE
30/06/2025,White Embro,10,BLAZE
30/06/2025,Bomber Jacket,1,JUC
30/06/2025,Shirts all @450 UPSIZE (3XL-5XL),3,JUC
30/06/2025,UST College ID Lace,8,JUC
30/06/2025,UST OAT Hoodie Jacket,9,JUC
30/06/2025,UST OAT MUG (W inside),11,JUC
30/06/2025,UST OAT MUG (Y/B inside),22,JUC
30/06/2025,UST OAT T-Shirt Y/B/COLLEGE,51,JUC
30/06/2025,UST Sweatshirt Sporty,7,JUC
30/06/2025,UST T-Shirt Santo Tomas Shirt/UST T-Shirt Tiger Pattern/HAPPY,60,JUC
30/06/2025,UST T-Shirt Sporty,6,JUC
30/06/2025,UST T-Shirt Sporty UPSIZE (3XL-5XL),1,JUC
30/06/2025,BASE BALL SHIRT,6,JYL ATHLETICA
30/06/2025,Corp Jacket,3,JYL ATHLETICA
30/06/2025,Corp Windbreaker,9,JYL ATHLETICA
30/06/2025,Cotton Brush Jacket,10,JYL ATHLETICA
30/06/2025,DRI-FIT NEW,8,JYL ATHLETICA
30/06/2025,Poloshirt 123456 @860,1,JYL ATHLETICA
30/06/2025,Poloshirt @800,14,JYL ATHLETICA
30/06/2025,QUIANA SUBLI SHIRT (B&Y),17,JYL ATHLETICA
30/06/2025,VB Jersey without Sig @1500,1,JYL ATHLETICA
30/06/2025,Hoodies Breaker,3,NAPOLIZ ENTERPRISES
30/06/2025,Ballpen 2 Designs @50 (B&Y),1,STITCH CORP. (BLEEVES)
30/06/2025,Corp Jacket  V2,5,STITCH CORP. (BLEEVES)
30/06/2025,Arch @320,1,TET AND DARS
30/06/2025,Keychain @180,19,TET AND DARS
30/06/2025,Logo Sticker @25,19,TET AND DARS
30/06/2025,Pen @40,5,TET AND DARS
30/06/2025,5M Magnetic Pin,1,USTORE
30/06/2025,5M Rotating Keychain,8,USTORE
30/06/2025,Aquaflask,1,USTORE
30/06/2025,C. Keychain,4,USTORE
30/06/2025,Lanyard @180,32,USTORE
30/06/2025,MJ Sticker Large,2,USTORE
30/06/2025,MJ Sticker Medium,5,USTORE
30/06/2025,MJ Sticker Small,2,USTORE
30/06/2025,New Tiger Plushie Big @850,3,USTORE
30/06/2025,New Tiger Plushie Small @750,20,USTORE
30/06/2025,Paper weight @330,4,USTORE
30/06/2025,Thick Lanyard,1,USTORE
30/06/2025,Tote (One For UST),4,USTORE
30/06/2025,Umb (One For UST),4,USTORE
30/06/2025,New GT Shirts,5,VARSITY LIFESTYLE
01/07/2025,Bamboo Pen @60,5,(Paid)
01/07/2025,Black Embro,1,BLAZE
01/07/2025,Bomber Jacket,1,JUC
01/07/2025,UST OAT Hoodie Jacket,1,JUC
01/07/2025,UST OAT T-Shirt Y/B/COLLEGE,1,JUC
01/07/2025,UST Sweatshirt Sporty,4,JUC
01/07/2025,UST T-Shirt Santo Tomas Shirt/UST T-Shirt Tiger Pattern/HAPPY,3,JUC
01/07/2025,UST T-Shirt Sporty,1,JUC
01/07/2025,BASE BALL SHIRT,1,JYL ATHLETICA
01/07/2025,Corp Windbreaker,1,JYL ATHLETICA
01/07/2025,Cotton Brush Jacket,2,JYL ATHLETICA
01/07/2025,Cotton Gray Jacket,1,JYL ATHLETICA
01/07/2025,QUIANA SUBLI SHIRT (B&Y),1,JYL ATHLETICA
01/07/2025,Corp Jacket V2,3,STITCH CORP. (BLEEVES)
01/07/2025,Keychain @180,1,TET AND DARS
01/07/2025,Logo Sticker @25,2,TET AND DARS
01/07/2025,Pen @40,2,TET AND DARS
01/07/2025,5M Magnetic Pin,1,USTORE
01/07/2025,5M Rotating Keychain,3,USTORE
01/07/2025,Aquaflask,1,USTORE
01/07/2025,ID Case,1,USTORE
01/07/2025,Lanyard @180,3,USTORE
01/07/2025,New Tiger Plushie Small @750,1,USTORE
01/07/2025,Thick Lanyard,1,USTORE
01/07/2025,Tote (Viva),1,USTORE
01/07/2025,Umb (One For UST),2,USTORE
01/07/2025,Lanyard,2,VARSITY LIFESTYLE
01/07/2025,New GT Shirts,1,VARSITY LIFESTYLE
01/07/2025,Sweatshirt (NEW),1,VARSITY LIFESTYLE
05/07/2025,Shirts all @450 UPSIZE (3XL-4XL),4,JUC
05/07/2025,UST OAT MUG (W inside),2,JUC
05/07/2025,UST OAT T-Shirt Y/B/COLLEGE,2,JUC
05/07/2025,UST Sweatshirt Sporty,2,JUC
05/07/2025,UST T-Shirt Santo Tomas Shirt/UST T-Shirt Tiger Pattern/HAPPY,5,JUC
05/07/2025,Cotton Brush Jacket,6,JYL ATHLETICA
05/07/2025,Corp Jacket V2,1,STITCH CORP. (BLEEVES)
05/07/2025,Arch @320,1,TET AND DARS
05/07/2025,Keychain @180,5,TET AND DARS
05/07/2025,Pen @40,2,TET AND DARS
05/07/2025,5M Rotating Keychain,5,USTORE
05/07/2025,New Tiger Plushie Big @850,1,USTORE
05/07/2025,Tote (One For UST),4,USTORE
05/07/2025,Umb (One For UST),1,USTORE
07/07/2025,Ballpen 2 Designs @50 (B&Y),5,(Paid)
07/07/2025,Bamboo Pen @60,2,(Paid)
07/07/2025,Black Embro,1,BLAZE
07/07/2025,UST OAT Hoodie Jacket,2,JUC
07/07/2025,UST OAT MUG (W inside),5,JUC
07/07/2025,UST OAT MUG (Y/B inside),8,JUC
07/07/2025,UST OAT T-Shirt Y/B/COLLEGE,20,JUC
07/07/2025,UST T-Shirt Santo Tomas Shirt/UST T-Shirt Tiger Pattern/HAPPY,11,JUC
07/07/2025,UST T-Shirt Sporty,3,JUC
07/07/2025,Corp Windbreaker,1,JYL ATHLETICA
07/07/2025,Cotton Gray Jacket,2,JYL ATHLETICA
07/07/2025,DRI-FIT NEW,2,JYL ATHLETICA
07/07/2025,Poloshirt 123456 @860,1,JYL ATHLETICA
07/07/2025,Small Mystery Car,1,MADEBYRUZ CONSUMER GOODS TRADING
07/07/2025,Hoodies Breaker,1,NAPOLIZ ENTERPRISES
07/07/2025,UST-Pen W/Box,10,NEW TRENDS
07/07/2025,Corp Jacket V2,14,STITCH CORP. (BLEEVES)
07/07/2025,Arch @320,2,TET AND DARS
07/07/2025,5M Rotating Keychain,1,USTORE
07/07/2025,Blanca Pen,5,USTORE
07/07/2025,Bookmark,3,USTORE
07/07/2025,C. Keychain,2,USTORE
07/07/2025,"Chibi Stickers (S1,S2)",2,USTORE
07/07/2025,Eco Bag CGEEE!,24,USTORE
07/07/2025,Insignia Pen,1,USTORE
07/07/2025,Lanyard @180,5,USTORE
07/07/2025,MJ Sticker Small,3,USTORE
07/07/2025,Picasso Pen,5,USTORE
07/07/2025,Thick Lanyard,2,USTORE
07/07/2025,Tote (Viva),3,USTORE
07/07/2025,Travel Mug,9,USTORE
07/07/2025,Umb (One For UST),3,USTORE
07/07/2025,New GT Shirts,1,VARSITY LIFESTYLE
11/07/2025,Small Mystery Car,30,MADEBYRUZ CONSUMER GOODS TRADING
12/07/2025,Ballpen 2 Designs @50 (B&Y),3,(Paid)
12/07/2025,Black Embro,1,BLAZE
12/07/2025,UST OAT Hoodie Jacket,1,JUC
12/07/2025,UST OAT MUG (Y/B inside),4,JUC
12/07/2025,UST OAT T-Shirt Y/B/COLLEGE,1,JUC
12/07/2025,UST T-Shirt Santo Tomas Shirt/UST T-Shirt Tiger Pattern/HAPPY,10,JUC
12/07/2025,QUIANA SUBLI SHIRT (B&Y),3,JYL ATHLETICA
12/07/2025,Small Mystery Car,1,MADEBYRUZ CONSUMER GOODS TRADING
12/07/2025,Hoodies Breaker,2,NAPOLIZ ENTERPRISES
12/07/2025,Keychain @180,1,TET AND DARS
12/07/2025,Logo Sticker @25,1,TET AND DARS
12/07/2025,Sticker @120,1,TET AND DARS
12/07/2025,5M Magnetic Pin,1,USTORE
12/07/2025,5M Rotating Keychain,5,USTORE
12/07/2025,Eco Bag CGEEE!,1,USTORE
12/07/2025,ID Case,1,USTORE
12/07/2025,Lanyard @180,4,USTORE
12/07/2025,MJ Sticker Large,1,USTORE
12/07/2025,MJ Sticker Medium,1,USTORE
12/07/2025,MJ Sticker Small,3,USTORE
12/07/2025,New Tiger Plushie Big @850,1,USTORE
12/07/2025,Scarf @490,1,USTORE
12/07/2025,Thick Lanyard,3,USTORE
12/07/2025,Tote (Viva),4,USTORE
12/07/2025,Umb (One For UST),2,USTORE
14/07/2025,Kraft Notebook @130,4,(Paid)
14/07/2025,ABSC College Shirt (60th),6,ARTS AND LETTERS (SHIRT HAPPENS)
14/07/2025,Black Embro,1,BLAZE
14/07/2025,Polo Shirt @800,2,BLAZE
14/07/2025,Shirts all @450 UPSIZE (3XL-4XL),1,JUC
14/07/2025,UST College ID Lace,3,JUC
14/07/2025,UST OAT MUG (W inside),3,JUC
14/07/2025,UST OAT MUG (Y/B inside),2,JUC
14/07/2025,UST OAT T-Shirt Y/B/COLLEGE,12,JUC
14/07/2025,UST Sweatshirt Sporty,1,JUC
14/07/2025,UST T-Shirt Santo Tomas Shirt/UST T-Shirt Tiger Pattern/HAPPY,13,JUC
14/07/2025,UST T-Shirt Sporty,5,JUC
14/07/2025,Corp Jacket,1,JYL ATHLETICA
14/07/2025,Cotton Brush Jacket,1,JYL ATHLETICA
14/07/2025,DRI-FIT NEW,1,JYL ATHLETICA
14/07/2025,Jacket,1,JYL ATHLETICA
14/07/2025,Poloshirt @800,1,JYL ATHLETICA
14/07/2025,QUIANA SUBLI SHIRT (B&Y),1,JYL ATHLETICA
14/07/2025,Big Car,3,MADEBYRUZ CONSUMER GOODS TRADING
14/07/2025,Small Mystery Car,1,MADEBYRUZ CONSUMER GOODS TRADING
14/07/2025,Tiger Costume,1,MADEBYRUZ CONSUMER GOODS TRADING
14/07/2025,Corp Jacket V2,1,STITCH CORP. (BLEEVES)
14/07/2025,Arch @320,1,TET AND DARS
14/07/2025,Logo Sticker @25,1,TET AND DARS
14/07/2025,Pen @40,1,TET AND DARS
14/07/2025,Sticker @120,2,TET AND DARS
14/07/2025,5M Magnetic Pin,1,USTORE
14/07/2025,Blanca Pen,1,USTORE
14/07/2025,C. Keychain,8,USTORE
14/07/2025,ID Case,6,USTORE
14/07/2025,Insignia Pen,1,USTORE
14/07/2025,Lanyard @180,28,USTORE
14/07/2025,MJ Sticker Large,1,USTORE
14/07/2025,MJ Sticker Medium,7,USTORE
14/07/2025,MJ Sticker Small,7,USTORE
14/07/2025,New Tiger Plushie Small @750,3,USTORE
14/07/2025,Thick Lanyard,2,USTORE
14/07/2025,Tote (One For UST),1,USTORE
14/07/2025,Tote Bag Canvas White,1,USTORE
14/07/2025,Travel Mug,14,USTORE
14/07/2025,Umb (One For UST),5,USTORE
14/07/2025,New GT Shirts,3,VARSITY LIFESTYLE
15/07/2025,Ballpen 2 Designs @50 (B&Y),2,(Paid)
15/07/2025,ABSC College Shirt (60th),4,ARTS AND LETTERS (SHIRT HAPPENS)
15/07/2025,Black Embro,5,BLAZE
15/07/2025,UST College ID Lace,1,JUC
15/07/2025,UST OAT Hoodie Jacket,2,JUC
15/07/2025,UST OAT T-Shirt Y/B/COLLEGE,25,JUC
15/07/2025,UST Sweatshirt Sporty,1,JUC
15/07/2025,UST T-Shirt Santo Tomas Shirt/UST T-Shirt Tiger Pattern/HAPPY,36,JUC
15/07/2025,UST T-Shirt Sporty,5,JUC
15/07/2025,Corp Jacket,1,JYL ATHLETICA
15/07/2025,Cotton Brush Jacket,1,JYL ATHLETICA
15/07/2025,DRI-FIT NEW,1,JYL ATHLETICA
15/07/2025,QUIANA SUBLI SHIRT (B&Y),2,JYL ATHLETICA
15/07/2025,Corp Jacket V2,3,STITCH CORP. (BLEEVES)
15/07/2025,Arch @320,1,TET AND DARS
15/07/2025,Eco Bag @ 130,10,TET AND DARS
15/07/2025,Logo Sticker @25,9,TET AND DARS
15/07/2025,Sticker @120,2,TET AND DARS
15/07/2025,5M Magnetic Pin,1,USTORE
15/07/2025,5M Rotating Keychain,3,USTORE
15/07/2025,Blanca Pen,2,USTORE
15/07/2025,Button Pins Small,4,USTORE
15/07/2025,C. Keychain,2,USTORE
15/07/2025,"Chibi Stickers (S1,S2)",3,USTORE
15/07/2025,ID Case,1,USTORE
15/07/2025,Lanyard @180,16,USTORE
15/07/2025,MJ Sticker Medium,3,USTORE
15/07/2025,MJ Sticker Small,1,USTORE
15/07/2025,New Tiger Plushie Small @750,1,USTORE
15/07/2025,Thick Lanyard,2,USTORE
15/07/2025,Tote (One For UST),1,USTORE
15/07/2025,Tote (Viva),1,USTORE
15/07/2025,Tote Bag Canvas White,10,USTORE
15/07/2025,New GT Shirts,1,VARSITY LIFESTYLE
15/07/2025,VL Sticker Pack,1,VARSITY LIFESTYLE
16/07/2025,Ballpen 2 Designs @50 (B&Y),4,(Paid)
16/07/2025,Black Embro,5,BLAZE
16/07/2025,White Embro,1,BLAZE
16/07/2025,UST College ID Lace,8,JUC
16/07/2025,UST OAT Hoodie Jacket,3,JUC
16/07/2025,UST OAT MUG (Y/B inside),2,JUC
16/07/2025,UST OAT T-Shirt Y/B/COLLEGE,4,JUC
16/07/2025,UST Sweatshirt Sporty,3,JUC
16/07/2025,UST T-Shirt Santo Tomas Shirt/UST T-Shirt Tiger Pattern/HAPPY,16,JUC
16/07/2025,BASE BALL SHIRT,1,JYL ATHLETICA
16/07/2025,Corp Jacket,1,JYL ATHLETICA
16/07/2025,DRI-FIT NEW,3,JYL ATHLETICA
16/07/2025,QUIANA SUBLI SHIRT (B&Y),4,JYL ATHLETICA
16/07/2025,Hoodies Breaker,1,NAPOLIZ ENTERPRISES
16/07/2025,Baseball Cap METAL @380,2,STITCH CORP. (BLEEVES)
16/07/2025,Clock @700,1,STITCH CORP. (BLEEVES)
16/07/2025,Corp Jacket V2,5,STITCH CORP. (BLEEVES)
16/07/2025,Arch @320,1,TET AND DARS
16/07/2025,Logo Sticker @25,3,TET AND DARS
16/07/2025,Sticker @120,2,TET AND DARS
16/07/2025,5M Magnetic Pin,1,USTORE
16/07/2025,5M Rotating Keychain,5,USTORE
16/07/2025,Button Pins Small,1,USTORE
16/07/2025,C. Keychain,7,USTORE
16/07/2025,Eco Bag CGEEE!,1,USTORE
16/07/2025,ID Case,2,USTORE
16/07/2025,Lanyard @180,15,USTORE
16/07/2025,MJ Sticker Large,2,USTORE
16/07/2025,MJ Sticker Medium,21,USTORE
16/07/2025,MJ Sticker Small,16,USTORE
16/07/2025,New Tiger Plushie Small @750,2,USTORE
16/07/2025,Notelet,32,USTORE
16/07/2025,Scarf @490,1,USTORE
16/07/2025,Thick Lanyard,11,USTORE
16/07/2025,Tote (Viva),1,USTORE
16/07/2025,Utensil,32,USTORE
16/07/2025,Lanyard,3,VARSITY LIFESTYLE
16/07/2025,Long Sticker,1,VARSITY LIFESTYLE
16/07/2025,New GT Shirts,2,VARSITY LIFESTYLE
16/07/2025,Sweatshirt (NEW),1,VARSITY LIFESTYLE
16/07/2025,VL Sticker Pack,1,VARSITY LIFESTYLE
17/07/2025,Ballpen 2 Designs @50 (B&Y),2,(Paid)
17/07/2025,ABSC College Shirt (60th),2,ARTS AND LETTERS (SHIRT HAPPENS)
17/07/2025,Black Embro,2,BLAZE
17/07/2025,Triple Black Embro,1,BLAZE
17/07/2025,White Embro,1,BLAZE
17/07/2025,UST College ID Lace,4,JUC
17/07/2025,UST OAT Hoodie Jacket,1,JUC
17/07/2025,UST OAT T-Shirt Y/B/COLLEGE,18,JUC
17/07/2025,UST Sweatshirt Sporty,2,JUC
17/07/2025,UST T-Shirt Santo Tomas Shirt/UST T-Shirt Tiger Pattern/HAPPY,17,JUC
17/07/2025,Poloshirt @800,2,JYL ATHLETICA
17/07/2025,QUIANA SUBLI SHIRT (B&Y),1,JYL ATHLETICA
17/07/2025,Small Mystery Car,1,MADEBYRUZ CONSUMER GOODS TRADING
17/07/2025,Hoodies Breaker,5,NAPOLIZ ENTERPRISES
17/07/2025,Baseball Cap METAL @380,2,STITCH CORP. (BLEEVES)
17/07/2025,Corp Jacket V2,1,STITCH CORP. (BLEEVES)
17/07/2025,Logo Sticker @25,4,TET AND DARS
17/07/2025,Sticker @120,1,TET AND DARS
17/07/2025,5M Magnetic Pin,2,USTORE
17/07/2025,5M Rotating Keychain,3,USTORE
17/07/2025,Aquaflask,2,USTORE
17/07/2025,C. Keychain,6,USTORE
17/07/2025,"Chibi Stickers (S1,S2)",2,USTORE
17/07/2025,ID Case,2,USTORE
17/07/2025,Lanyard @180,20,USTORE
17/07/2025,MJ Sticker Large,15,USTORE
17/07/2025,MJ Sticker Medium,5,USTORE
17/07/2025,MJ Sticker Small,16,USTORE
17/07/2025,New Tiger Plushie Small @750,1,USTORE
17/07/2025,Thick Lanyard,1,USTORE
17/07/2025,Tote (One For UST),6,USTORE
17/07/2025,Tote (Viva),7,USTORE
17/07/2025,Tote Bag Canvas White,1,USTORE
17/07/2025,Travel Mug,1,USTORE
17/07/2025,Umb (One For UST),1,USTORE
17/07/2025,Sweatshirt (NEW),1,VARSITY LIFESTYLE
18/07/2025,Ballpen 2 Designs @50 (B&Y),9,(Paid)
18/07/2025,Bamboo Pen @60,2,(Paid)
18/07/2025,ABSC College Shirt (60th),1,ARTS AND LETTERS (SHIRT HAPPENS)
18/07/2025,Black Embro,1,BLAZE
18/07/2025,UST College ID Lace,2,JUC
18/07/2025,UST OAT Hoodie Jacket,3,JUC
18/07/2025,UST OAT MUG (Y/B inside),2,JUC
18/07/2025,UST OAT T-Shirt Y/B/COLLEGE,10,JUC
18/07/2025,UST Sweatshirt Sporty,1,JUC
18/07/2025,UST T-Shirt Santo Tomas Shirt/UST T-Shirt Tiger Pattern/HAPPY,9,JUC
18/07/2025,UST T-Shirt Sporty,5,JUC
18/07/2025,Cotton Brush Jacket,1,JYL ATHLETICA
18/07/2025,Cotton Gray Jacket,3,JYL ATHLETICA
18/07/2025,Jacket,1,JYL ATHLETICA
18/07/2025,Poloshirt 123456 @860,1,JYL ATHLETICA
18/07/2025,Poloshirt @800,10,JYL ATHLETICA
18/07/2025,Small Mystery Car,1,MADEBYRUZ CONSUMER GOODS TRADING
18/07/2025,Baseball Cap METAL @380,1,STITCH CORP. (BLEEVES)
18/07/2025,Clock @700,1,STITCH CORP. (BLEEVES)
18/07/2025,Corp Jacket V2,1,STITCH CORP. (BLEEVES)
18/07/2025,Logo Sticker @25,1,TET AND DARS
18/07/2025,Pen @40,3,TET AND DARS
18/07/2025,Sticker @120,2,TET AND DARS
18/07/2025,5M Magnetic Pin,1,USTORE
18/07/2025,Button Pins Small,4,USTORE
18/07/2025,C. Keychain,6,USTORE
18/07/2025,C. Sticker @120,1,USTORE
18/07/2025,ID Case,1,USTORE
18/07/2025,Lanyard @180,11,USTORE
18/07/2025,MJ Sticker Large,9,USTORE
18/07/2025,MJ Sticker Medium,12,USTORE
18/07/2025,MJ Sticker Small,11,USTORE
18/07/2025,New Tiger Plushie Big @850,1,USTORE
18/07/2025,Thick Lanyard,15,USTORE
18/07/2025,Tote (Viva),1,USTORE
18/07/2025,Tote Bag Canvas White,1,USTORE
18/07/2025,Travel Mug,1,USTORE
18/07/2025,Lanyard,1,VARSITY LIFESTYLE
18/07/2025,VL Sticker Pack,1,VARSITY LIFESTYLE
21/07/2025,Ballpen 2 Designs @50 (B&Y),3,(Paid)
21/07/2025,UST College ID Lace,1,JUC
21/07/2025,UST OAT Hoodie Jacket,1,JUC
21/07/2025,UST OAT T-Shirt Y/B/COLLEGE,1,JUC
21/07/2025,UST Sweatshirt Sporty,1,JUC
21/07/2025,UST T-Shirt Santo Tomas Shirt/UST T-Shirt Tiger Pattern/HAPPY,5,JUC
21/07/2025,UST T-Shirt Sporty,2,JUC
21/07/2025,Cotton Brush Jacket,1,JYL ATHLETICA
21/07/2025,QUIANA SUBLI SHIRT (B&Y),1,JYL ATHLETICA
21/07/2025,Keychain @180,2,TET AND DARS
21/07/2025,5M Magnetic Pin,2,USTORE
21/07/2025,5M Rotating Keychain,2,USTORE
21/07/2025,Clappers,1,USTORE
21/07/2025,Eco Bag CGEEE!,2,USTORE
21/07/2025,ID Case,2,USTORE
21/07/2025,Kit Set,3,USTORE
21/07/2025,Lanyard @180,3,USTORE
21/07/2025,MJ Sticker Medium,1,USTORE
21/07/2025,MJ Sticker Small,4,USTORE
21/07/2025,New Tiger Plushie Small @750,1,USTORE
21/07/2025,Scarf @490,1,USTORE
21/07/2025,Thick Lanyard,2,USTORE
21/07/2025,Tote (Viva),2,USTORE
21/07/2025,Umb (One For UST),4,USTORE
21/07/2025,VL Sticker Pack,1,VARSITY LIFESTYLE
31/07/2025,Bamboo Pen @60,1,(Paid)
31/07/2025,UST College ID Lace,1,JUC
31/07/2025,Baller,1,VARSITY LIFESTYLE
31/07/2025,Keychain,1,VARSITY LIFESTYLE
31/07/2025,Lanyard,1,VARSITY LIFESTYLE
01/08/2025,Ballpen 2 Designs @50 (B&Y),12,(Paid)
01/08/2025,Corp Jacket V2,2,(Paid)
01/08/2025,Kraft Notebook @130,12,(Paid)
01/08/2025,ABSC College Shirt (60th),5,ARTS AND LETTERS (SHIRT HAPPENS)
01/08/2025,Black Embro,7,BLAZE
01/08/2025,Triple Black Embro,5,BLAZE
01/08/2025,White Embro,1,BLAZE
01/08/2025,Shirts all @450 UPSIZE (3XL-4XL),4,JUC
01/08/2025,Shirts all @450 UPSIZE (5XL),1,JUC
01/08/2025,UST College ID Lace,2,JUC
01/08/2025,"UST OAT MUG (Y,B,W)",18,JUC
01/08/2025,UST OAT T-Shirt Y/B/COLLEGE,19,JUC
01/08/2025,UST Sweatshirt Sporty,1,JUC
01/08/2025,UST T-Shirt Santo Tomas Shirt/UST T-Shirt Tiger Pattern/HAPPY,35,JUC
01/08/2025,UST T-Shirt Sporty,9,JUC
01/08/2025,Cotton Brush Jacket,1,JYL ATHLETICA
01/08/2025,Poloshirt 123456 @860,1,JYL ATHLETICA
01/08/2025,QUIANA SUBLI SHIRT (B&Y),3,JYL ATHLETICA
01/08/2025,Big Car,1,MADEBYRUZ CONSUMER GOODS TRADING
01/08/2025,Small Mystery Car,2,MADEBYRUZ CONSUMER GOODS TRADING
01/08/2025,Hoodies Breaker,1,NAPOLIZ ENTERPRISES
01/08/2025,Baseball Cap METAL @380,1,STITCH CORP. (BLEEVES)
01/08/2025,Arch @320,1,TET AND DARS
01/08/2025,Logo Sticker @25,5,TET AND DARS
01/08/2025,Paper Bag @80,3,TET AND DARS
01/08/2025,Pen @40,2,TET AND DARS
01/08/2025,Sticker @120,1,TET AND DARS
01/08/2025,5M Magnetic Pin,4,USTORE
01/08/2025,5M Rotating Keychain,9,USTORE
01/08/2025,Aquaflask,3,USTORE
01/08/2025,Blanca Pen,2,USTORE
01/08/2025,Button Pins Big,5,USTORE
01/08/2025,Button Pins Small,8,USTORE
01/08/2025,C. Keychain,3,USTORE
01/08/2025,"Chibi Stickers (S1,S2)",3,USTORE
01/08/2025,Eco Bag,6,USTORE
01/08/2025,ID Case,16,USTORE
01/08/2025,Lanyard @180,48,USTORE
01/08/2025,MJ Sticker Large,15,USTORE
01/08/2025,MJ Sticker Medium,21,USTORE
01/08/2025,MJ Sticker Small,17,USTORE
01/08/2025,New Tiger Plushie Small @750,3,USTORE
01/08/2025,Stainless Eco Tumbler,1,USTORE
01/08/2025,Thick Lanyard,13,USTORE
01/08/2025,Tote (One For UST),2,USTORE
01/08/2025,Tote (Viva),17,USTORE
01/08/2025,Tote Bag Canvas White,2,USTORE
01/08/2025,Travel Mug,25,USTORE
01/08/2025,Umb (One For UST),5,USTORE
01/08/2025,Utensil,5,USTORE
01/08/2025,Lanyard,3,VARSITY LIFESTYLE
01/08/2025,New GT Shirts,3,VARSITY LIFESTYLE
01/08/2025,VL Sticker Pack,1,VARSITY LIFESTYLE
04/08/2025,Ballpen 2 Designs @50 (B&Y),9,(Paid)
04/08/2025,Bamboo Pen @60,1,(Paid)
04/08/2025,Corp Jacket V2,1,(Paid)
04/08/2025,ABSC College Shirt (60th),5,ARTS AND LETTERS (SHIRT HAPPENS)
04/08/2025,Black Embro,3,BLAZE
04/08/2025,Shirts all @450 UPSIZE (3XL-4XL),2,JUC
04/08/2025,UST College ID Lace,9,JUC
04/08/2025,UST OAT Hoodie Jacket,1,JUC
04/08/2025,"UST OAT MUG (Y,B,W)",1,JUC
04/08/2025,UST OAT T-Shirt Y/B/COLLEGE,19,JUC
04/08/2025,UST Sweatshirt Sporty,2,JUC
04/08/2025,UST T-Shirt Santo Tomas Shirt/UST T-Shirt Tiger Pattern/HAPPY,61,JUC
04/08/2025,UST T-Shirt Sporty,15,JUC
04/08/2025,BASE BALL SHIRT,1,JYL ATHLETICA
04/08/2025,Corp Windbreaker,1,JYL ATHLETICA
04/08/2025,Cotton Brush Jacket,1,JYL ATHLETICA
04/08/2025,DRI-FIT NEW,1,JYL ATHLETICA
04/08/2025,Jacket,1,JYL ATHLETICA
04/08/2025,Poloshirt @800,4,JYL ATHLETICA
04/08/2025,QUIANA SUBLI SHIRT (B&Y),2,JYL ATHLETICA
04/08/2025,Taslan NEW,1,JYL ATHLETICA
04/08/2025,Small Mystery Car,1,MADEBYRUZ CONSUMER GOODS TRADING
04/08/2025,Baseball Cap METAL @380,2,STITCH CORP. (BLEEVES)
04/08/2025,Logo Sticker @25,2,TET AND DARS
04/08/2025,Paper Bag  @ 130,6,TET AND DARS
04/08/2025,Pen @40,1,TET AND DARS
04/08/2025,5M Magnetic Pin,3,USTORE
04/08/2025,5M Rotating Keychain,7,USTORE
04/08/2025,Aquaflask,1,USTORE
04/08/2025,Blanca Pen,1,USTORE
04/08/2025,Button Pins Small,6,USTORE
04/08/2025,C. Keychain,8,USTORE
04/08/2025,"Chibi Stickers (S1,S2)",3,USTORE
04/08/2025,Eco Bag,1,USTORE
04/08/2025,ID Case,14,USTORE
04/08/2025,Insignia Pen,1,USTORE
04/08/2025,Lanyard @180,44,USTORE
04/08/2025,MJ Sticker Large,3,USTORE
04/08/2025,MJ Sticker Medium,15,USTORE
04/08/2025,MJ Sticker Small,12,USTORE
04/08/2025,New Tiger Plushie Big @850,4,USTORE
04/08/2025,New Tiger Plushie Small @750,3,USTORE
04/08/2025,Picasso Pen,1,USTORE
04/08/2025,Scarf @490,4,USTORE
04/08/2025,Stainless Eco Tumbler,2,USTORE
04/08/2025,Thick Lanyard,28,USTORE
04/08/2025,Tote (One For UST),3,USTORE
04/08/2025,Tote Bag Canvas White,6,USTORE
04/08/2025,Travel Mug,2,USTORE
04/08/2025,USTORE Voucher (500),3,USTORE
04/08/2025,Lanyard,5,VARSITY LIFESTYLE
04/08/2025,New GT Shirts,7,VARSITY LIFESTYLE
05/08/2025,Ballpen 2 Designs @50 (B&Y),5,(Paid)
05/08/2025,Bamboo Notebook @150,1,(Paid)
05/08/2025,Bamboo Pen @60,2,(Paid)
05/08/2025,Corp Jacket V2,7,(Paid)
05/08/2025,ABSC College Shirt (60th),27,ARTS AND LETTERS (SHIRT HAPPENS)
05/08/2025,Black Embro,2,BLAZE
05/08/2025,Polo Shirt @800,1,BLAZE
05/08/2025,Triple Black Embro,1,BLAZE
05/08/2025,White Embro,3,BLAZE
05/08/2025,Bomber Jacket,1,JUC
05/08/2025,Shirts all @450 UPSIZE (3XL-4XL),5,JUC
05/08/2025,Shirts all @450 UPSIZE (5XL),1,JUC
05/08/2025,UST College ID Lace,7,JUC
05/08/2025,UST OAT Hoodie Jacket,3,JUC
05/08/2025,"UST OAT MUG (Y,B,W)",1,JUC
05/08/2025,UST OAT T-Shirt Y/B/COLLEGE,63,JUC
05/08/2025,UST Sweatshirt Sporty,2,JUC
05/08/2025,UST T-Shirt Santo Tomas Shirt/UST T-Shirt Tiger Pattern/HAPPY,133,JUC
05/08/2025,UST T-Shirt Sporty,32,JUC
05/08/2025,UST T-Shirt Sporty UPSIZE (3XL-5XL),1,JUC
05/08/2025,Corp Jacket,3,JYL ATHLETICA
05/08/2025,Cotton Black Jacket,1,JYL ATHLETICA
05/08/2025,Cotton Brush Jacket,1,JYL ATHLETICA
05/08/2025,DRI-FIT NEW,3,JYL ATHLETICA
05/08/2025,Jacket,4,JYL ATHLETICA
05/08/2025,Poloshirt @800,5,JYL ATHLETICA
05/08/2025,QUIANA SUBLI SHIRT (B&Y),10,JYL ATHLETICA
05/08/2025,VB Jersey without Sig @1500,1,JYL ATHLETICA
05/08/2025,Baseball Cap METAL @380,3,STITCH CORP. (BLEEVES)
05/08/2025,Clock @700,1,STITCH CORP. (BLEEVES)
05/08/2025,Arch @320,2,TET AND DARS
05/08/2025,Logo Sticker @25,3,TET AND DARS
05/08/2025,Sticker @120,3,TET AND DARS
05/08/2025,5M Magnetic Pin,2,USTORE
05/08/2025,5M Rotating Keychain,11,USTORE
05/08/2025,Aquaflask,2,USTORE
05/08/2025,Button Pins Small,3,USTORE
05/08/2025,C. Keychain,15,USTORE
05/08/2025,"Chibi Stickers (S1,S2)",3,USTORE
05/08/2025,ID Case,9,USTORE
05/08/2025,Lanyard @180,128,USTORE
05/08/2025,MJ Sticker Large,7,USTORE
05/08/2025,MJ Sticker Medium,19,USTORE
05/08/2025,MJ Sticker Small,21,USTORE
05/08/2025,New Tiger Plushie Big @850,7,USTORE
05/08/2025,New Tiger Plushie Small @750,6,USTORE
05/08/2025,Thick Lanyard,38,USTORE
05/08/2025,Thomasian Kit Set,1,USTORE
05/08/2025,Tote (One For UST),2,USTORE
05/08/2025,Tote (Viva),4,USTORE
05/08/2025,Tote Bag Canvas White,4,USTORE
05/08/2025,Travel Mug,1,USTORE
05/08/2025,Umb (One For UST),2,USTORE
05/08/2025,Lanyard,2,VARSITY LIFESTYLE
05/08/2025,New GT Shirts,10,VARSITY LIFESTYLE
05/08/2025,VL Sticker Pack,3,VARSITY LIFESTYLE
06/08/2025,Ballpen 2 Designs @50 (B&Y),13,(Paid)
06/08/2025,Bamboo Pen @60,2,(Paid)
06/08/2025,Corp Jacket V2,6,(Paid)
06/08/2025,ABSC College Shirt (60th),5,ARTS AND LETTERS (SHIRT HAPPENS)
06/08/2025,Shirts all @450 UPSIZE (3XL-4XL),2,JUC
06/08/2025,UST College ID Lace,4,JUC
06/08/2025,UST OAT Hoodie Jacket,9,JUC
06/08/2025,"UST OAT MUG (Y,B,W)",1,JUC
06/08/2025,UST OAT T-Shirt Y/B/COLLEGE,59,JUC
06/08/2025,UST Sweatshirt Sporty,4,JUC
06/08/2025,UST T-Shirt Santo Tomas Shirt/UST T-Shirt Tiger Pattern/HAPPY,134,JUC
06/08/2025,UST T-Shirt Sporty,42,JUC
06/08/2025,UST T-Shirt Sporty UPSIZE (3XL-5XL),2,JUC
06/08/2025,BASE BALL SHIRT,1,JYL ATHLETICA
06/08/2025,Corp Jacket,3,JYL ATHLETICA
06/08/2025,Cotton Black Jacket,4,JYL ATHLETICA
06/08/2025,Cotton Brush Jacket,3,JYL ATHLETICA
06/08/2025,Cotton Gray Jacket,3,JYL ATHLETICA
06/08/2025,DRI-FIT NEW,1,JYL ATHLETICA
06/08/2025,Jacket,2,JYL ATHLETICA
06/08/2025,Poloshirt @800,3,JYL ATHLETICA
06/08/2025,QUIANA SUBLI SHIRT (B&Y),8,JYL ATHLETICA
06/08/2025,Taslan NEW,2,JYL ATHLETICA
06/08/2025,Small Mystery Car,2,MADEBYRUZ CONSUMER GOODS TRADING
06/08/2025,Hoodies Breaker,1,NAPOLIZ ENTERPRISES
06/08/2025,UST-Pen W/Box,1,NEW TRENDS
06/08/2025,Baseball Cap METAL @380,5,STITCH CORP. (BLEEVES)
06/08/2025,Arch @320,1,TET AND DARS
06/08/2025,Logo Sticker @25,6,TET AND DARS
06/08/2025,Pen @40,3,TET AND DARS
06/08/2025,Sticker @120,2,TET AND DARS
06/08/2025,5M Magnetic Pin,3,USTORE
06/08/2025,5M Rotating Keychain,5,USTORE
06/08/2025,Aquaflask,1,USTORE
06/08/2025,C. Keychain,9,USTORE
06/08/2025,"Chibi Stickers (S1,S2)",1,USTORE
06/08/2025,Eco Bag,2,USTORE
06/08/2025,ID Case,3,USTORE
06/08/2025,Lanyard @180,88,USTORE
06/08/2025,MJ Sticker Large,5,USTORE
06/08/2025,MJ Sticker Medium,9,USTORE
06/08/2025,MJ Sticker Small,13,USTORE
06/08/2025,New Tiger Plushie Small @750,5,USTORE
06/08/2025,Scarf @490,1,USTORE
06/08/2025,Thick Lanyard,31,USTORE
06/08/2025,Tote (One For UST),5,USTORE
06/08/2025,Tote (Viva),10,USTORE
06/08/2025,Tote Bag Canvas White,3,USTORE
06/08/2025,Umb (One For UST),24,USTORE
06/08/2025,Lanyard,4,VARSITY LIFESTYLE
06/08/2025,New GT Shirts,8,VARSITY LIFESTYLE
07/08/2025,Ballpen 2 Designs @50 (B&Y),23,(Paid)
07/08/2025,Bamboo Notebook @150,1,(Paid)
07/08/2025,Bamboo Pen @60,5,(Paid)
07/08/2025,Corp Jacket V2,10,(Paid)
07/08/2025,Kraft Notebook @130,2,(Paid)
07/08/2025,ABSC College Shirt (60th),3,ARTS AND LETTERS (SHIRT HAPPENS)
07/08/2025,Black Embro,1,BLAZE
07/08/2025,Bomber Jacket,1,JUC
07/08/2025,Shirts all @450 UPSIZE (3XL-4XL),4,JUC
07/08/2025,Shirts all @450 UPSIZE (5XL),2,JUC
07/08/2025,UST College ID Lace,2,JUC
07/08/2025,UST OAT Hoodie Jacket,6,JUC
07/08/2025,"UST OAT MUG (Y,B,W)",5,JUC
07/08/2025,UST OAT T-Shirt Y/B/COLLEGE,38,JUC
07/08/2025,UST Sweatshirt Sporty,1,JUC
07/08/2025,UST T-Shirt Santo Tomas Shirt/UST T-Shirt Tiger Pattern/HAPPY,65,JUC
07/08/2025,UST T-Shirt Sporty,18,JUC
07/08/2025,Corp Jacket,1,JYL ATHLETICA
07/08/2025,Cotton Brush Jacket,1,JYL ATHLETICA
07/08/2025,Cotton Gray Jacket,3,JYL ATHLETICA
07/08/2025,DRI-FIT NEW,2,JYL ATHLETICA
07/08/2025,Jacket,4,JYL ATHLETICA
07/08/2025,Poloshirt @800,2,JYL ATHLETICA
07/08/2025,QUIANA SUBLI SHIRT (B&Y),11,JYL ATHLETICA
07/08/2025,Taslan NEW,2,JYL ATHLETICA
07/08/2025,Tiger Costume,2,MADEBYRUZ CONSUMER GOODS TRADING
07/08/2025,UST-Pen W/Box,1,NEW TRENDS
07/08/2025,Baseball Cap METAL @380,3,STITCH CORP. (BLEEVES)
07/08/2025,Clock @550,1,STITCH CORP. (BLEEVES)
07/08/2025,Arch @320,2,TET AND DARS
07/08/2025,Logo Sticker @25,12,TET AND DARS
07/08/2025,Pen @40,3,TET AND DARS
07/08/2025,Sticker @120,7,TET AND DARS
07/08/2025,5M Magnetic Pin,4,USTORE
07/08/2025,5M Rotating Keychain,18,USTORE
07/08/2025,Aquaflask,3,USTORE
07/08/2025,Blanca Pen,1,USTORE
07/08/2025,Button Pins Small,2,USTORE
07/08/2025,C. Keychain,11,USTORE
07/08/2025,ID Case,18,USTORE
07/08/2025,Lanyard @180,101,USTORE
07/08/2025,MJ Sticker Large,5,USTORE
07/08/2025,MJ Sticker Medium,8,USTORE
07/08/2025,MJ Sticker Small,22,USTORE
07/08/2025,New Tiger Plushie Big @850,6,USTORE
07/08/2025,New Tiger Plushie Small @750,3,USTORE
07/08/2025,Notelet,2,USTORE
07/08/2025,Thick Lanyard,34,USTORE
07/08/2025,Tote (Viva),16,USTORE
07/08/2025,Tote Bag Canvas White,8,USTORE
07/08/2025,Travel Mug,15,USTORE
07/08/2025,Umb (One For UST),10,USTORE
07/08/2025,New GT Shirts,8,VARSITY LIFESTYLE
07/08/2025,Shirts,1,VARSITY LIFESTYLE
07/08/2025,Sweatshirt (NEW),1,VARSITY LIFESTYLE
11/08/2025,Ballpen 2 Designs @50 (B&Y),9,(Paid)
11/08/2025,Bamboo Pen @60,1,(Paid)
11/08/2025,Corp Jacket V2,4,(Paid)
11/08/2025,ABSC College Shirt (60th),3,ARTS AND LETTERS (SHIRT HAPPENS)
11/08/2025,Black Embro,2,BLAZE
11/08/2025,Polo Shirt @800,1,BLAZE
11/08/2025,Triple Black Embro,1,BLAZE
11/08/2025,White Embro,1,BLAZE
11/08/2025,Shirts all @450 UPSIZE (3XL-4XL),1,JUC
11/08/2025,Shirts all @450 UPSIZE (5XL),1,JUC
11/08/2025,UST OAT Hoodie Jacket,1,JUC
11/08/2025,"UST OAT MUG (Y,B,W)",1,JUC
11/08/2025,UST OAT T-Shirt Y/B/COLLEGE,40,JUC
11/08/2025,UST Sweatshirt Sporty,2,JUC
11/08/2025,UST T-Shirt Santo Tomas Shirt/UST T-Shirt Tiger Pattern/HAPPY,49,JUC
11/08/2025,UST T-Shirt Sporty,27,JUC
11/08/2025,Corp Jacket,1,JYL ATHLETICA
11/08/2025,Cotton Brush Jacket,1,JYL ATHLETICA
11/08/2025,Cotton Gray Jacket,3,JYL ATHLETICA
11/08/2025,DRI-FIT NEW,4,JYL ATHLETICA
11/08/2025,Poloshirt 123456 @860,1,JYL ATHLETICA
11/08/2025,Poloshirt @800,4,JYL ATHLETICA
11/08/2025,QUIANA SUBLI SHIRT (B&Y),4,JYL ATHLETICA
11/08/2025,Laptop Bag,1,NAPOLIZ ENTERPRISES
11/08/2025,Baseball Cap METAL @380,1,STITCH CORP. (BLEEVES)
11/08/2025,Clock @700,10,STITCH CORP. (BLEEVES)
11/08/2025,Arch @320,2,TET AND DARS
11/08/2025,Logo Sticker @25,2,TET AND DARS
11/08/2025,Pen @40,1,TET AND DARS
11/08/2025,Sticker @120,2,TET AND DARS
11/08/2025,5M Magnetic Pin,6,USTORE
11/08/2025,5M Rotating Keychain,12,USTORE
11/08/2025,Button Pins Small,1,USTORE
11/08/2025,C. Keychain,3,USTORE
11/08/2025,"Chibi Stickers (S1,S2)",3,USTORE
11/08/2025,Eco Bag,2,USTORE
11/08/2025,ID Case,27,USTORE
11/08/2025,Insignia Pen,1,USTORE
11/08/2025,Lanyard @180,102,USTORE
11/08/2025,MJ Sticker Large,8,USTORE
11/08/2025,MJ Sticker Medium,3,USTORE
11/08/2025,MJ Sticker Small,11,USTORE
11/08/2025,New Tiger Plushie Small @750,1,USTORE
11/08/2025,Thick Lanyard,29,USTORE
11/08/2025,Tote (Viva),3,USTORE
11/08/2025,Tote Bag Canvas White,1,USTORE
11/08/2025,New GT Shirts,5,VARSITY LIFESTYLE
11/08/2025,Shirts,1,VARSITY LIFESTYLE
11/08/2025,VL Sticker Pack,2,VARSITY LIFESTYLE
12/08/2025,Ballpen 2 Designs @50 (B&Y),16,(Paid)
12/08/2025,Corp Jacket V2,7,(Paid)
12/08/2025,Black Embro,1,BLAZE
12/08/2025,Triple Black Embro,1,BLAZE
12/08/2025,Shirts all @450 UPSIZE (3XL-4XL),3,JUC
12/08/2025,Shirts all @450 UPSIZE (5XL),16,JUC
12/08/2025,UST College ID Lace,1,JUC
12/08/2025,"UST OAT MUG (Y,B,W)",2,JUC
12/08/2025,UST OAT T-Shirt Y/B/COLLEGE,25,JUC
12/08/2025,UST Sweatshirt Sporty,1,JUC
12/08/2025,UST T-Shirt Santo Tomas Shirt/UST T-Shirt Tiger Pattern/HAPPY,27,JUC
12/08/2025,Corp Jacket,1,JYL ATHLETICA
12/08/2025,Cotton Brush Jacket,2,JYL ATHLETICA
12/08/2025,DRI-FIT NEW,2,JYL ATHLETICA
12/08/2025,Jacket,1,JYL ATHLETICA
12/08/2025,Poloshirt @800,6,JYL ATHLETICA
12/08/2025,QUIANA SUBLI SHIRT (B&Y),2,JYL ATHLETICA
12/08/2025,Logo Sticker @25,1,TET AND DARS
12/08/2025,Sticker @120,4,TET AND DARS
12/08/2025,5M Magnetic Pin,4,USTORE
12/08/2025,5M Rotating Keychain,3,USTORE
12/08/2025,Aquaflask,1,USTORE
12/08/2025,"Chibi Stickers (S1,S2)",2,USTORE
12/08/2025,Eco Bag,10,USTORE
12/08/2025,ID Case,12,USTORE
12/08/2025,Lanyard @180,54,USTORE
12/08/2025,MJ Sticker Large,4,USTORE
12/08/2025,MJ Sticker Medium,3,USTORE
12/08/2025,MJ Sticker Small,6,USTORE
12/08/2025,New Tiger Plushie Small @750,2,USTORE
12/08/2025,Notelet,10,USTORE
12/08/2025,Powerbank,1,USTORE
12/08/2025,Thick Lanyard,5,USTORE
12/08/2025,Tote (Viva),1,USTORE
12/08/2025,Umb (One For UST),6,USTORE
12/08/2025,New GT Shirts,1,VARSITY LIFESTYLE
13/08/2025,Ballpen 2 Designs @50 (B&Y),2,(Paid)
13/08/2025,Corp Jacket V2,3,(Paid)
13/08/2025,ABSC College Shirt (60th),2,ARTS AND LETTERS (SHIRT HAPPENS)
13/08/2025,Bomber Jacket,3,JUC
13/08/2025,Shirts all @450 UPSIZE (3XL-4XL),3,JUC
13/08/2025,UST OAT Hoodie Jacket,1,JUC
13/08/2025,UST OAT T-Shirt Y/B/COLLEGE,13,JUC
13/08/2025,UST Sweatshirt Sporty,1,JUC
13/08/2025,UST T-Shirt Santo Tomas Shirt/UST T-Shirt Tiger Pattern/HAPPY,29,JUC
13/08/2025,UST T-Shirt Sporty,15,JUC
13/08/2025,BASE BALL SHIRT,2,JYL ATHLETICA
13/08/2025,Corp Jacket,1,JYL ATHLETICA
13/08/2025,Cotton Black Jacket,2,JYL ATHLETICA
13/08/2025,Cotton Brush Jacket,2,JYL ATHLETICA
13/08/2025,DRI-FIT NEW,1,JYL ATHLETICA
13/08/2025,Jacket,2,JYL ATHLETICA
13/08/2025,Poloshirt @800,1,JYL ATHLETICA
13/08/2025,QUIANA SUBLI SHIRT (B&Y),4,JYL ATHLETICA
13/08/2025,VB Jersey without Sig @1500,1,JYL ATHLETICA
13/08/2025,Baseball Cap METAL @380,1,STITCH CORP. (BLEEVES)
13/08/2025,Wearable Blanket,1,STITCH CORP. (BLEEVES)
13/08/2025,Arch @320,2,TET AND DARS
13/08/2025,Logo Sticker @25,3,TET AND DARS
13/08/2025,Pen @40,3,TET AND DARS
13/08/2025,5M Magnetic Pin,5,USTORE
13/08/2025,5M Rotating Keychain,7,USTORE
13/08/2025,Aquaflask,46,USTORE
13/08/2025,Bookmark,1,USTORE
13/08/2025,C. Keychain,4,USTORE
13/08/2025,Charger,1,USTORE
13/08/2025,"Chibi Stickers (S1,S2)",1,USTORE
13/08/2025,Eco Bag,4,USTORE
13/08/2025,ID Case,27,USTORE
13/08/2025,Lanyard @180,113,USTORE
13/08/2025,MJ Sticker Large,2,USTORE
13/08/2025,MJ Sticker Medium,10,USTORE
13/08/2025,MJ Sticker Small,16,USTORE
13/08/2025,New Tiger Plushie Big @850,1,USTORE
13/08/2025,New Tiger Plushie Small @750,2,USTORE
13/08/2025,Notelet,1,USTORE
13/08/2025,Powerbank,1,USTORE
13/08/2025,Thomasian Kit Set,3,USTORE
13/08/2025,Tote (Viva),6,USTORE
13/08/2025,Tote Bag Canvas White,2,USTORE
13/08/2025,Umb (One For UST),6,USTORE
13/08/2025,New GT Shirts,4,VARSITY LIFESTYLE
13/08/2025,Sweatshirt (NEW),1,VARSITY LIFESTYLE
14/08/2025,Ballpen 2 Designs @50 (B&Y),3,(Paid)
14/08/2025,Corp Jacket V2,5,(Paid)
14/08/2025,ABSC College Shirt (60th),4,ARTS AND LETTERS (SHIRT HAPPENS)
14/08/2025,Black Embro,1,BLAZE
14/08/2025,Polo Shirt @800,1,BLAZE
14/08/2025,Shirts all @450 UPSIZE (3XL-4XL),4,JUC
14/08/2025,UST College ID Lace,3,JUC
14/08/2025,UST OAT Hoodie Jacket,6,JUC
14/08/2025,"UST OAT MUG (Y,B,W)",1,JUC
14/08/2025,UST OAT T-Shirt Y/B/COLLEGE,21,JUC
14/08/2025,UST Sweatshirt Sporty,2,JUC
14/08/2025,UST T-Shirt Santo Tomas Shirt/UST T-Shirt Tiger Pattern/HAPPY,45,JUC
14/08/2025,UST T-Shirt Sporty,17,JUC
14/08/2025,Corp Windbreaker,1,JYL ATHLETICA
14/08/2025,Cotton Black Jacket,1,JYL ATHLETICA
14/08/2025,Cotton Brush Jacket,1,JYL ATHLETICA
14/08/2025,Jacket,1,JYL ATHLETICA
14/08/2025,Poloshirt @800,1,JYL ATHLETICA
14/08/2025,QUIANA SUBLI SHIRT (B&Y),5,JYL ATHLETICA
14/08/2025,Big Car,1,MADEBYRUZ CONSUMER GOODS TRADING
14/08/2025,Baseball Cap METAL @380,2,STITCH CORP. (BLEEVES)
14/08/2025,Logo Sticker @25,5,TET AND DARS
14/08/2025,Pen @40,2,TET AND DARS
14/08/2025,Sticker @120,4,TET AND DARS
14/08/2025,5M Magnetic Pin,4,USTORE
14/08/2025,5M Rotating Keychain,5,USTORE
14/08/2025,Aquaflask,5,USTORE
14/08/2025,Blanca Pen,1,USTORE
14/08/2025,C. Keychain,4,USTORE
14/08/2025,Eco Bag,1,USTORE
14/08/2025,ID Case,18,USTORE
14/08/2025,Insignia Pen,2,USTORE
14/08/2025,Lanyard @180,58,USTORE
14/08/2025,MJ Sticker Large,2,USTORE
14/08/2025,MJ Sticker Medium,8,USTORE
14/08/2025,MJ Sticker Small,7,USTORE
14/08/2025,New Tiger Plushie Small @750,1,USTORE
14/08/2025,Scarf @490,1,USTORE
14/08/2025,Tote (One For UST),4,USTORE
14/08/2025,Tote (Viva),3,USTORE
14/08/2025,Umb (One For UST),10,USTORE
14/08/2025,New GT Shirts,3,VARSITY LIFESTYLE
14/08/2025,VL Sticker Pack,1,VARSITY LIFESTYLE
15/08/2025,Ballpen 2 Designs @50 (B&Y),14,(Paid)
15/08/2025,Bamboo Pen @60,2,(Paid)
15/08/2025,Corp Jacket V2,6,(Paid)
15/08/2025,Kraft Notebook @130,1,(Paid)
15/08/2025,Black Embro,4,BLAZE
15/08/2025,Polo Shirt @800,4,BLAZE
15/08/2025,White Embro,1,BLAZE
15/08/2025,Shirts all @450 UPSIZE (3XL-4XL),1,JUC
15/08/2025,Shirts all @450 UPSIZE (5XL),2,JUC
15/08/2025,UST OAT Hoodie Jacket,3,JUC
15/08/2025,"UST OAT MUG (Y,B,W)",5,JUC
15/08/2025,UST OAT T-Shirt Y/B/COLLEGE,3,JUC
15/08/2025,UST Sweatshirt Sporty,1,JUC
15/08/2025,UST T-Shirt Santo Tomas Shirt/UST T-Shirt Tiger Pattern/HAPPY,14,JUC
15/08/2025,UST T-Shirt Sporty,1,JUC
15/08/2025,Corp Jacket,3,JYL ATHLETICA
15/08/2025,Corp Windbreaker,1,JYL ATHLETICA
15/08/2025,Cotton Brush Jacket,1,JYL ATHLETICA
15/08/2025,DRI-FIT NEW,4,JYL ATHLETICA
15/08/2025,Poloshirt @800,2,JYL ATHLETICA
15/08/2025,QUIANA SUBLI SHIRT (B&Y),3,JYL ATHLETICA
15/08/2025,Big Car,1,MADEBYRUZ CONSUMER GOODS TRADING
15/08/2025,Tiger Claw,1,MADEBYRUZ CONSUMER GOODS TRADING
15/08/2025,Logo Sticker @25,5,TET AND DARS
15/08/2025,Pen @40,5,TET AND DARS
15/08/2025,5M Magnetic Pin,2,USTORE
15/08/2025,5M Rotating Keychain,4,USTORE
15/08/2025,Aquaflask,10,USTORE
15/08/2025,Button Pins Small,1,USTORE
15/08/2025,C. Keychain,3,USTORE
15/08/2025,ID Case,9,USTORE
15/08/2025,Lanyard @180,22,USTORE
15/08/2025,MJ Sticker Large,5,USTORE
15/08/2025,MJ Sticker Medium,4,USTORE
15/08/2025,MJ Sticker Small,11,USTORE
15/08/2025,New Tiger Plushie Big @850,1,USTORE
15/08/2025,New Tiger Plushie Small @750,1,USTORE
15/08/2025,Notelet,1,USTORE
15/08/2025,Tote (Viva),2,USTORE
15/08/2025,Umb (One For UST),7,USTORE
15/08/2025,New GT Shirts,3,VARSITY LIFESTYLE
15/08/2025,VL Sticker Pack,2,VARSITY LIFESTYLE
16/08/2025,Corp Jacket V2,2,(Paid)
16/08/2025,Triple Black Embro,1,BLAZE
16/08/2025,Shirts all @450 UPSIZE (5XL),1,JUC
16/08/2025,UST OAT T-Shirt Y/B/COLLEGE,9,JUC
16/08/2025,UST T-Shirt Santo Tomas Shirt/UST T-Shirt Tiger Pattern/HAPPY,14,JUC
16/08/2025,UST T-Shirt Sporty,10,JUC
16/08/2025,Corp Windbreaker,2,JYL ATHLETICA
16/08/2025,Cotton Gray Jacket,1,JYL ATHLETICA
16/08/2025,Poloshirt @800,1,JYL ATHLETICA
16/08/2025,Big Car,1,MADEBYRUZ CONSUMER GOODS TRADING
16/08/2025,Baseball Cap METAL @380,2,STITCH CORP. (BLEEVES)
16/08/2025,Logo Sticker @25,3,TET AND DARS
16/08/2025,Sticker @120,2,TET AND DARS
16/08/2025,5M Rotating Keychain,1,USTORE
16/08/2025,Button Pins Small,1,USTORE
16/08/2025,C. Keychain,2,USTORE
16/08/2025,ID Case,3,USTORE
16/08/2025,Lanyard @180,22,USTORE
16/08/2025,MJ Sticker Medium,1,USTORE
16/08/2025,MJ Sticker Small,2,USTORE
16/08/2025,Scarf @490,1,USTORE
16/08/2025,Umb (One For UST),2,USTORE
16/08/2025,New GT Shirts,1,VARSITY LIFESTYLE
18/08/2025,Ballpen 2 Designs @50 (B&Y),7,(Paid)
18/08/2025,Bamboo Notebook @150,1,(Paid)
18/08/2025,Corp Jacket V2,4,(Paid)
18/08/2025,ABSC College Shirt (60th),2,ARTS AND LETTERS (SHIRT HAPPENS)
18/08/2025,Polo Shirt @800,1,BLAZE
18/08/2025,Bomber Jacket,1,JUC
18/08/2025,Shirts all @450 UPSIZE (3XL-4XL),1,JUC
18/08/2025,Shirts all @450 UPSIZE (5XL),1,JUC
18/08/2025,UST OAT Hoodie Jacket,2,JUC
18/08/2025,UST OAT T-Shirt Y/B/COLLEGE,15,JUC
18/08/2025,UST T-Shirt Santo Tomas Shirt/UST T-Shirt Tiger Pattern/HAPPY,26,JUC
18/08/2025,Corp Jacket,1,JYL ATHLETICA
18/08/2025,Cotton Black Jacket,1,JYL ATHLETICA
18/08/2025,DRI-FIT NEW,2,JYL ATHLETICA
18/08/2025,Poloshirt @800,1,JYL ATHLETICA
18/08/2025,QUIANA SUBLI SHIRT (B&Y),1,JYL ATHLETICA
18/08/2025,Taslan NEW,1,JYL ATHLETICA
18/08/2025,Small Mystery Car,1,MADEBYRUZ CONSUMER GOODS TRADING
18/08/2025,Arch @320,1,TET AND DARS
18/08/2025,Logo Sticker @25,4,TET AND DARS
18/08/2025,Sticker @120,2,TET AND DARS
18/08/2025,5M Magnetic Pin,1,USTORE
18/08/2025,5M Rotating Keychain,7,USTORE
18/08/2025,Aquaflask,1,USTORE
18/08/2025,Button Pins Small,1,USTORE
18/08/2025,C. Keychain,2,USTORE
18/08/2025,ID Case,20,USTORE
18/08/2025,Lanyard @180,60,USTORE
18/08/2025,MJ Sticker Large,3,USTORE
18/08/2025,MJ Sticker Medium,7,USTORE
18/08/2025,MJ Sticker Small,7,USTORE
18/08/2025,New Tiger Plushie Big @850,3,USTORE
18/08/2025,New Tiger Plushie Small @750,1,USTORE
18/08/2025,Tote (One For UST),2,USTORE
18/08/2025,Tote (Viva),2,USTORE
18/08/2025,Tote Bag Canvas White,2,USTORE
18/08/2025,Umb (One For UST),4,USTORE
18/08/2025,New GT Shirts,2,VARSITY LIFESTYLE
19/08/2025,Ballpen 2 Designs @50 (B&Y),4,(Paid)
19/08/2025,Bamboo Pen @60,1,(Paid)
19/08/2025,Corp Jacket V2,3,(Paid)
19/08/2025,ABSC College Shirt (60th),1,ARTS AND LETTERS (SHIRT HAPPENS)
19/08/2025,Black Embro,3,BLAZE
19/08/2025,White Embro,3,BLAZE
19/08/2025,Bomber Jacket,1,JUC
19/08/2025,Shirts all @450 UPSIZE (3XL-4XL),1,JUC
19/08/2025,UST OAT Hoodie Jacket,1,JUC
19/08/2025,"UST OAT MUG (Y,B,W)",1,JUC
19/08/2025,UST OAT T-Shirt Y/B/COLLEGE,6,JUC
19/08/2025,UST Sweatshirt Sporty,2,JUC
19/08/2025,UST T-Shirt Santo Tomas Shirt/UST T-Shirt Tiger Pattern/HAPPY,27,JUC
19/08/2025,UST T-Shirt Sporty,6,JUC
19/08/2025,Corp Jacket,4,JYL ATHLETICA
19/08/2025,Cotton Black Jacket,3,JYL ATHLETICA
19/08/2025,Cotton Brush Jacket,3,JYL ATHLETICA
19/08/2025,Cotton Gray Jacket,1,JYL ATHLETICA
19/08/2025,DRI-FIT NEW,2,JYL ATHLETICA
19/08/2025,Jacket,3,JYL ATHLETICA
19/08/2025,Poloshirt @800,4,JYL ATHLETICA
19/08/2025,QUIANA SUBLI SHIRT (B&Y),6,JYL ATHLETICA
19/08/2025,Big Car,2,MADEBYRUZ CONSUMER GOODS TRADING
19/08/2025,Small Mystery Car,1,MADEBYRUZ CONSUMER GOODS TRADING
19/08/2025,Hoodies Breaker,2,NAPOLIZ ENTERPRISES
19/08/2025,Logo Sticker @25,5,TET AND DARS
19/08/2025,Sticker @120,1,TET AND DARS
19/08/2025,5M Rotating Keychain,5,USTORE
19/08/2025,Aquaflask,6,USTORE
19/08/2025,Button Pins Small,2,USTORE
19/08/2025,C. Keychain,6,USTORE
19/08/2025,"Chibi Stickers (S1,S2)",1,USTORE
19/08/2025,Eco Bag,9,USTORE
19/08/2025,ID Case,16,USTORE
19/08/2025,Lanyard @180,56,USTORE
19/08/2025,MJ Sticker Large,2,USTORE
19/08/2025,MJ Sticker Medium,7,USTORE
19/08/2025,MJ Sticker Small,13,USTORE
19/08/2025,New Tiger Plushie Big @850,6,USTORE
19/08/2025,New Tiger Plushie Small @750,2,USTORE
19/08/2025,Stainless Eco Tumbler,5,USTORE
19/08/2025,Tote (Viva),4,USTORE
19/08/2025,Umb (One For UST),8,USTORE
19/08/2025,New GT Shirts,2,VARSITY LIFESTYLE
20/08/2025,Ballpen 2 Designs @50 (B&Y),1,(Paid)
20/08/2025,Corp Jacket V2,6,(Paid)
20/08/2025,ABSC College Shirt (60th),1,ARTS AND LETTERS (SHIRT HAPPENS)
20/08/2025,Triple Black Embro,1,BLAZE
20/08/2025,White Embro,3,BLAZE
20/08/2025,UST OAT Hoodie Jacket,1,JUC
20/08/2025,UST OAT T-Shirt Y/B/COLLEGE,12,JUC
20/08/2025,UST Sweatshirt Sporty,2,JUC
20/08/2025,UST T-Shirt Santo Tomas Shirt/UST T-Shirt Tiger Pattern/HAPPY,24,JUC
20/08/2025,UST T-Shirt Sporty,16,JUC
20/08/2025,Corp Jacket,1,JYL ATHLETICA
20/08/2025,Corp Windbreaker,1,JYL ATHLETICA
20/08/2025,Cotton Black Jacket,1,JYL ATHLETICA
20/08/2025,Cotton Brush Jacket,1,JYL ATHLETICA
20/08/2025,Cotton Gray Jacket,3,JYL ATHLETICA
20/08/2025,DRI-FIT NEW,4,JYL ATHLETICA
20/08/2025,Jacket,1,JYL ATHLETICA
20/08/2025,Poloshirt @800,1,JYL ATHLETICA
20/08/2025,QUIANA SUBLI SHIRT (B&Y),2,JYL ATHLETICA
20/08/2025,VB Jersey without Sig @1500,1,JYL ATHLETICA
20/08/2025,Big Car,1,MADEBYRUZ CONSUMER GOODS TRADING
20/08/2025,Small Mystery Car,6,MADEBYRUZ CONSUMER GOODS TRADING
20/08/2025,Baseball Cap METAL @380,2,STITCH CORP. (BLEEVES)
20/08/2025,Logo Sticker @25,4,TET AND DARS
20/08/2025,Sticker @120,1,TET AND DARS
20/08/2025,5M Magnetic Pin,4,USTORE
20/08/2025,5M Rotating Keychain,2,USTORE
20/08/2025,C. Keychain,4,USTORE
20/08/2025,Eco Bag,3,USTORE
20/08/2025,ID Case,7,USTORE
20/08/2025,Lanyard @180,36,USTORE
20/08/2025,MJ Sticker Large,7,USTORE
20/08/2025,MJ Sticker Medium,5,USTORE
20/08/2025,MJ Sticker Small,6,USTORE
20/08/2025,New Tiger Plushie Big @850,3,USTORE
20/08/2025,Tote (Viva),4,USTORE
20/08/2025,Umb (One For UST),8,USTORE
20/08/2025,New GT Shirts,1,VARSITY LIFESTYLE
20/08/2025,Sweatshirt (NEW),1,VARSITY LIFESTYLE
20/08/2025,VL Sticker Pack,2,VARSITY LIFESTYLE
22/08/2025,Corp Jacket V2,1,(Paid)
22/08/2025,UST OAT Hoodie Jacket,1,JUC
22/08/2025,"UST OAT MUG (Y,B,W)",1,JUC
22/08/2025,UST OAT T-Shirt Y/B/COLLEGE,5,JUC
22/08/2025,UST T-Shirt Santo Tomas Shirt/UST T-Shirt Tiger Pattern/HAPPY,8,JUC
22/08/2025,UST T-Shirt Sporty,4,JUC
22/08/2025,Corp Jacket,2,JYL ATHLETICA
22/08/2025,QUIANA SUBLI SHIRT (B&Y),2,JYL ATHLETICA
22/08/2025,Logo Sticker @25,3,TET AND DARS
22/08/2025,5M Rotating Keychain,1,USTORE
22/08/2025,C. Keychain,3,USTORE
22/08/2025,ID Case,2,USTORE
22/08/2025,Lanyard @180,15,USTORE
22/08/2025,MJ Sticker Small,3,USTORE
22/08/2025,Scarf @490,1,USTORE
22/08/2025,Thomasian Kit Set,1,USTORE
22/08/2025,Tote (Viva),2,USTORE
22/08/2025,Umb (One For UST),16,USTORE
22/08/2025,New GT Shirts,1,VARSITY LIFESTYLE
23/08/2025,Ballpen 2 Designs @50 (B&Y),2,(Paid)
23/08/2025,Corp Jacket V2,1,(Paid)
23/08/2025,Kraft Notebook @130,101,(Paid)
23/08/2025,Black Embro,1,BLAZE
23/08/2025,Polo Shirt @800,1,BLAZE
23/08/2025,Shirts all @450 UPSIZE (5XL),1,JUC
23/08/2025,UST OAT Hoodie Jacket,3,JUC
23/08/2025,"UST OAT MUG (Y,B,W)",1,JUC
23/08/2025,UST OAT T-Shirt Y/B/COLLEGE,6,JUC
23/08/2025,UST Sweatshirt Sporty,6,JUC
23/08/2025,UST T-Shirt Santo Tomas Shirt/UST T-Shirt Tiger Pattern/HAPPY,16,JUC
23/08/2025,UST T-Shirt Sporty,3,JUC
23/08/2025,Cotton Brush Jacket,3,JYL ATHLETICA
23/08/2025,Cotton Gray Jacket,1,JYL ATHLETICA
23/08/2025,Jacket,1,JYL ATHLETICA
23/08/2025,QUIANA SUBLI SHIRT (B&Y),1,JYL ATHLETICA
23/08/2025,Small Mystery Car,6,MADEBYRUZ CONSUMER GOODS TRADING
23/08/2025,Tiger Claw,1,MADEBYRUZ CONSUMER GOODS TRADING
23/08/2025,Baseball Cap METAL @380,1,STITCH CORP. (BLEEVES)
23/08/2025,Logo Sticker @25,2,TET AND DARS
23/08/2025,Pen @40,1,TET AND DARS
23/08/2025,Sticker @120,2,TET AND DARS
23/08/2025,5M Magnetic Pin,2,USTORE
23/08/2025,5M Rotating Keychain,6,USTORE
23/08/2025,C. Keychain,2,USTORE
23/08/2025,ID Case,3,USTORE
23/08/2025,Insignia Pen,1,USTORE
23/08/2025,Lanyard @180,30,USTORE
23/08/2025,MJ Sticker Bundle,1,USTORE
23/08/2025,MJ Sticker Large,2,USTORE
23/08/2025,MJ Sticker Medium,5,USTORE
23/08/2025,MJ Sticker Small,7,USTORE
23/08/2025,New Tiger Plushie Small @750,1,USTORE
23/08/2025,Notelet,1,USTORE
23/08/2025,Tote (One For UST),2,USTORE
23/08/2025,Tote (Viva),4,USTORE
23/08/2025,Tote Bag Canvas White,2,USTORE
23/08/2025,Umb (One For UST),6,USTORE
23/08/2025,VL Sticker Pack,1,VARSITY LIFESTYLE
27/08/2025,Ballpen 2 Designs @50 (B&Y),4,(Paid)
27/08/2025,Corp Jacket V2,2,(Paid)
27/08/2025,Kraft Notebook @130,51,(Paid)
27/08/2025,ABSC College Shirt (60th),1,ARTS AND LETTERS (SHIRT HAPPENS)
27/08/2025,Polo Shirt @800,2,BLAZE
27/08/2025,Triple Black Embro,1,BLAZE
27/08/2025,White Embro,2,BLAZE
27/08/2025,IPEA Shirt,1,IPEA
27/08/2025,Shirts all @450 UPSIZE (3XL-4XL),7,JUC
27/08/2025,UST OAT Hoodie Jacket,2,JUC
27/08/2025,"UST OAT MUG (Y,B,W)",18,JUC
27/08/2025,UST OAT T-Shirt Y/B/COLLEGE,95,JUC
27/08/2025,UST Sweatshirt Sporty,2,JUC
27/08/2025,UST T-Shirt Santo Tomas Shirt/UST T-Shirt Tiger Pattern/HAPPY,127,JUC
27/08/2025,UST T-Shirt Sporty,49,JUC
27/08/2025,BASE BALL SHIRT,7,JYL ATHLETICA
27/08/2025,Corp Jacket,2,JYL ATHLETICA
27/08/2025,Corp Windbreaker,1,JYL ATHLETICA
27/08/2025,Cotton Black Jacket,1,JYL ATHLETICA
27/08/2025,Cotton Gray Jacket,1,JYL ATHLETICA
27/08/2025,Jacket,2,JYL ATHLETICA
27/08/2025,Poloshirt @800,8,JYL ATHLETICA
27/08/2025,QUIANA SUBLI SHIRT (B&Y),12,JYL ATHLETICA
27/08/2025,Big Car,2,MADEBYRUZ CONSUMER GOODS TRADING
27/08/2025,Tiger Costume,1,MADEBYRUZ CONSUMER GOODS TRADING
27/08/2025,Tiger Headband (2 Designs),1,MADEBYRUZ CONSUMER GOODS TRADING
27/08/2025,Hoodies Breaker,4,NAPOLIZ ENTERPRISES
27/08/2025,Baseball Cap METAL @380,1,STITCH CORP. (BLEEVES)
27/08/2025,Clock @550,2,STITCH CORP. (BLEEVES)
27/08/2025,Wearable Blanket,1,STITCH CORP. (BLEEVES)
27/08/2025,Arch @320,16,TET AND DARS
27/08/2025,Logo Sticker @25,6,TET AND DARS
27/08/2025,Paper Bag  @ 130,1,TET AND DARS
27/08/2025,Paper Bag @80,1,TET AND DARS
27/08/2025,Sticker @120,4,TET AND DARS
27/08/2025,5M Magnetic Pin,6,USTORE
27/08/2025,5M Rotating Keychain,12,USTORE
27/08/2025,C. Keychain,6,USTORE
27/08/2025,C. Sticker @120,2,USTORE
27/08/2025,"Chibi Stickers (S1,S2)",1,USTORE
27/08/2025,Eco Bag,4,USTORE
27/08/2025,ID Case,9,USTORE
27/08/2025,Lanyard @180,55,USTORE
27/08/2025,MJ Sticker Large,2,USTORE
27/08/2025,MJ Sticker Medium,5,USTORE
27/08/2025,MJ Sticker Small,3,USTORE
27/08/2025,New Tiger Plushie Big @850,4,USTORE
27/08/2025,New Tiger Plushie Small @750,1,USTORE
27/08/2025,Scarf @490,1,USTORE
27/08/2025,Tote (Viva),2,USTORE
27/08/2025,Tote Bag Canvas White,8,USTORE
27/08/2025,Umb (One For UST),9,USTORE
27/08/2025,New GT Shirts,7,VARSITY LIFESTYLE
27/08/2025,Scarves,1,VARSITY LIFESTYLE
27/08/2025,Sweatshirt (NEW),1,VARSITY LIFESTYLE
28/08/2025,Ballpen 2 Designs @50 (B&Y),2,(Paid)
28/08/2025,Kraft Notebook @130,1,(Paid)
28/08/2025,White Embro,1,BLAZE
28/08/2025,Shirts all @450 UPSIZE (3XL-4XL),1,JUC
28/08/2025,UST OAT Hoodie Jacket,1,JUC
28/08/2025,"UST OAT MUG (Y,B,W)",1,JUC
28/08/2025,UST OAT T-Shirt Y/B/COLLEGE,15,JUC
28/08/2025,UST T-Shirt Santo Tomas Shirt/UST T-Shirt Tiger Pattern/HAPPY,53,JUC
28/08/2025,UST T-Shirt Sporty,14,JUC
28/08/2025,Corp Jacket,2,JYL ATHLETICA
28/08/2025,Cotton Brush Jacket,1,JYL ATHLETICA
28/08/2025,DRI-FIT NEW,1,JYL ATHLETICA
28/08/2025,Jacket,1,JYL ATHLETICA
28/08/2025,Poloshirt 123456 @860,2,JYL ATHLETICA
28/08/2025,Poloshirt @800,1,JYL ATHLETICA
28/08/2025,QUIANA SUBLI SHIRT (B&Y),4,JYL ATHLETICA
28/08/2025,Wearable Blanket,1,STITCH CORP. (BLEEVES)
28/08/2025,Arch @320,4,TET AND DARS
28/08/2025,Paper Bag  @ 130,4,TET AND DARS
28/08/2025,Sticker @120,1,TET AND DARS
28/08/2025,5M Rotating Keychain,2,USTORE
28/08/2025,C. Keychain,2,USTORE
28/08/2025,Eco Bag,1,USTORE
28/08/2025,ID Case,10,USTORE
28/08/2025,Lanyard @180,24,USTORE
28/08/2025,MJ Sticker Large,1,USTORE
28/08/2025,MJ Sticker Medium,4,USTORE
28/08/2025,MJ Sticker Small,3,USTORE
28/08/2025,Thomasian Kit Set,5,USTORE
28/08/2025,Tote (Viva),7,USTORE
28/08/2025,Umb (One For UST),14,USTORE
28/08/2025,VL Sticker Pack,1,VARSITY LIFESTYLE
29/08/2025,Ballpen 2 Designs @50 (B&Y),4,(Paid)
29/08/2025,Bamboo Pen @60,1,(Paid)
29/08/2025,Corp Jacket V2,10,(Paid)
29/08/2025,Black Embro,4,BLAZE
29/08/2025,Polo Shirt @800,5,BLAZE
29/08/2025,Triple Black Embro,5,BLAZE
29/08/2025,White Embro,7,BLAZE
29/08/2025,Bomber Jacket,1,JUC
29/08/2025,Shirts all @450 UPSIZE (3XL-4XL),12,JUC
29/08/2025,UST OAT Hoodie Jacket,6,JUC
29/08/2025,"UST OAT MUG (Y,B,W)",3,JUC
29/08/2025,UST OAT T-Shirt Y/B/COLLEGE,42,JUC
29/08/2025,UST Sweatshirt Sporty,14,JUC
29/08/2025,UST T-Shirt Santo Tomas Shirt/UST T-Shirt Tiger Pattern/HAPPY,95,JUC
29/08/2025,UST T-Shirt Sporty,44,JUC
29/08/2025,UST T-Shirt Sporty UPSIZE (3XL-5XL),2,JUC
29/08/2025,BASE BALL SHIRT,2,JYL ATHLETICA
29/08/2025,Corp Jacket,3,JYL ATHLETICA
29/08/2025,Corp Windbreaker,2,JYL ATHLETICA
29/08/2025,Cotton Black Jacket,5,JYL ATHLETICA
29/08/2025,Cotton Brush Jacket,5,JYL ATHLETICA
29/08/2025,Cotton Gray Jacket,4,JYL ATHLETICA
29/08/2025,DRI-FIT NEW,5,JYL ATHLETICA
29/08/2025,Jacket,13,JYL ATHLETICA
29/08/2025,QUIANA SUBLI SHIRT (B&Y),1,JYL ATHLETICA
29/08/2025,Big Car,1,MADEBYRUZ CONSUMER GOODS TRADING
29/08/2025,Small Mystery Car,1,MADEBYRUZ CONSUMER GOODS TRADING
29/08/2025,Tiger Claw,1,MADEBYRUZ CONSUMER GOODS TRADING
29/08/2025,Tiger Headband (2 Designs),1,MADEBYRUZ CONSUMER GOODS TRADING
29/08/2025,Hoodies Breaker,10,NAPOLIZ ENTERPRISES
29/08/2025,Baseball Cap METAL @380,9,STITCH CORP. (BLEEVES)
29/08/2025,Arch @320,12,TET AND DARS
29/08/2025,Logo Sticker @25,15,TET AND DARS
29/08/2025,Paper Bag  @ 130,9,TET AND DARS
29/08/2025,Pen @40,2,TET AND DARS
29/08/2025,Sticker @120,7,TET AND DARS
29/08/2025,5M Magnetic Pin,10,USTORE
29/08/2025,5M Rotating Keychain,4,USTORE
29/08/2025,Button Pins Small,1,USTORE
29/08/2025,C. Keychain,6,USTORE
29/08/2025,"Chibi Stickers (S1,S2)",72,USTORE
29/08/2025,Eco Bag,1,USTORE
29/08/2025,ID Case,21,USTORE
29/08/2025,Lanyard @180,142,USTORE
29/08/2025,MJ Sticker Large,3,USTORE
29/08/2025,MJ Sticker Medium,14,USTORE
29/08/2025,MJ Sticker Small,23,USTORE
29/08/2025,New Tiger Plushie Big @850,1,USTORE
29/08/2025,New Tiger Plushie Small @750,1,USTORE
29/08/2025,Notelet,150,USTORE
29/08/2025,Scarf @490,3,USTORE
29/08/2025,Stainless Eco Tumbler,9,USTORE
29/08/2025,Thick Lanyard,24,USTORE
29/08/2025,Tote (Viva),4,USTORE
29/08/2025,Tote Bag Canvas White,1,USTORE
29/08/2025,Umb (One For UST),109,USTORE
29/08/2025,New GT Shirts,13,VARSITY LIFESTYLE
29/08/2025,VL Sticker Pack,7,VARSITY LIFESTYLE
02/09/2025,Ballpen 2 Designs @50 (B&Y),3,(Paid)
02/09/2025,Corp Jacket V2,4,(Paid)
02/09/2025,Triple Black Embro,1,BLAZE
02/09/2025,White Embro,1,BLAZE
02/09/2025,Shirts all @450 UPSIZE (3XL-4XL),3,JUC
02/09/2025,UST College ID Lace,27,JUC
02/09/2025,UST OAT Hoodie Jacket,2,JUC
02/09/2025,"UST OAT MUG (Y,W)",4,JUC
02/09/2025,UST OAT T-Shirt Y/B/COLLEGE,10,JUC
02/09/2025,UST T-Shirt Santo Tomas Shirt/UST T-Shirt Tiger Pattern/HAPPY,40,JUC
02/09/2025,UST T-Shirt Sporty,13,JUC
02/09/2025,BASE BALL SHIRT,1,JYL ATHLETICA
02/09/2025,Corp Jacket,1,JYL ATHLETICA
02/09/2025,Cotton Brush Jacket,5,JYL ATHLETICA
02/09/2025,Cotton Gray Jacket,2,JYL ATHLETICA
02/09/2025,DRI-FIT NEW,5,JYL ATHLETICA
02/09/2025,Jacket,3,JYL ATHLETICA
02/09/2025,Poloshirt @800,1,JYL ATHLETICA
02/09/2025,QUIANA SUBLI SHIRT (B&Y),8,JYL ATHLETICA
02/09/2025,Tiger Headband (2 Designs),2,MADEBYRUZ CONSUMER GOODS TRADING
02/09/2025,Hoodies Breaker,1,NAPOLIZ ENTERPRISES
02/09/2025,UST-Pen W/Box,1,NEW TRENDS
02/09/2025,Clock @700,1,STITCH CORP. (BLEEVES)
02/09/2025,Wearable Blanket,1,STITCH CORP. (BLEEVES)
02/09/2025,Arch @320,2,TET AND DARS
02/09/2025,Logo Sticker @25,1,TET AND DARS
02/09/2025,Long Sticker @120,2,TET AND DARS
02/09/2025,Pen @40,3,TET AND DARS
02/09/2025,5M Magnetic Pin,8,USTORE
02/09/2025,5M Rotating Keychain,2,USTORE
02/09/2025,Button Pins Small,1,USTORE
02/09/2025,C. Keychain,4,USTORE
02/09/2025,"Chibi Stickers (S1,S2)",2,USTORE
02/09/2025,ID Case,9,USTORE
02/09/2025,Lanyard @180,38,USTORE
02/09/2025,MJ Sticker Large,7,USTORE
02/09/2025,MJ Sticker Medium,11,USTORE
02/09/2025,MJ Sticker Small,11,USTORE
02/09/2025,New Tiger Plushie Small @750,1,USTORE
02/09/2025,Tote (Viva),3,USTORE
02/09/2025,New GT Shirts,3,VARSITY LIFESTYLE
02/09/2025,VL Sticker Pack,1,VARSITY LIFESTYLE
03/09/2025,Ballpen 2 Designs @50 (B&Y),5,(Paid)
03/09/2025,Corp Jacket V2,1,(Paid)
03/09/2025,Black Embro,1,BLAZE
03/09/2025,Polo Shirt @800,2,BLAZE
03/09/2025,UST College ID Lace,17,JUC
03/09/2025,UST OAT T-Shirt Y/B/COLLEGE,5,JUC
03/09/2025,UST Sweatshirt Sporty,1,JUC
03/09/2025,UST T-Shirt Santo Tomas Shirt/UST T-Shirt Tiger Pattern/HAPPY,17,JUC
03/09/2025,UST T-Shirt Sporty,6,JUC
03/09/2025,BASE BALL SHIRT,3,JYL ATHLETICA
03/09/2025,Cotton Gray Jacket,2,JYL ATHLETICA
03/09/2025,Poloshirt @800,1,JYL ATHLETICA
03/09/2025,QUIANA SUBLI SHIRT (B&Y),4,JYL ATHLETICA
03/09/2025,Big Car,1,MADEBYRUZ CONSUMER GOODS TRADING
03/09/2025,Hoodies Breaker,1,NAPOLIZ ENTERPRISES
03/09/2025,Arch @320,1,TET AND DARS
03/09/2025,Logo Sticker @25,2,TET AND DARS
03/09/2025,Long Sticker @120,1,TET AND DARS
03/09/2025,5M Magnetic Pin,2,USTORE
03/09/2025,5M Rotating Keychain,3,USTORE
03/09/2025,Button Pins Small,1,USTORE
03/09/2025,C. Keychain,4,USTORE
03/09/2025,ID Case,6,USTORE
03/09/2025,Lanyard @180,13,USTORE
03/09/2025,MJ Sticker Large,5,USTORE
03/09/2025,MJ Sticker Medium,6,USTORE
03/09/2025,MJ Sticker Small,3,USTORE
03/09/2025,New Tiger Plushie Small @750,1,USTORE
03/09/2025,Tote (Viva),2,USTORE
03/09/2025,Tote Bag Canvas White,1,USTORE
03/09/2025,Travel Mug,1,USTORE
03/09/2025,Umb (One For UST),2,USTORE
03/09/2025,New GT Shirts,2,VARSITY LIFESTYLE
03/09/2025,VL Sticker Pack,1,VARSITY LIFESTYLE
04/09/2025,Ballpen 2 Designs @50 (B&Y),2,(Paid)
04/09/2025,Corp Jacket V2,1,(Paid)
04/09/2025,Black Embro,2,BLAZE
04/09/2025,Triple Black Embro,2,BLAZE
04/09/2025,UST College ID Lace,16,JUC
04/09/2025,UST OAT Hoodie Jacket,1,JUC
04/09/2025,UST OAT T-Shirt Y/B/COLLEGE,5,JUC
04/09/2025,UST T-Shirt Santo Tomas Shirt/UST T-Shirt Tiger Pattern/HAPPY,9,JUC
04/09/2025,UST T-Shirt Sporty,3,JUC
04/09/2025,Corp Jacket,1,JYL ATHLETICA
04/09/2025,DRI-FIT NEW,4,JYL ATHLETICA
04/09/2025,Jacket,2,JYL ATHLETICA
04/09/2025,QUIANA SUBLI SHIRT (B&Y),2,JYL ATHLETICA
04/09/2025,Big Car,1,MADEBYRUZ CONSUMER GOODS TRADING
04/09/2025,Tiger Costume,2,MADEBYRUZ CONSUMER GOODS TRADING
04/09/2025,Baseball Cap METAL @380,1,STITCH CORP. (BLEEVES)
04/09/2025,Arch @320,1,TET AND DARS
04/09/2025,Logo Sticker @25,6,TET AND DARS
04/09/2025,Long Sticker @120,4,TET AND DARS
04/09/2025,Pen @40,2,TET AND DARS
04/09/2025,5M Magnetic Pin,4,USTORE
04/09/2025,5M Rotating Keychain,9,USTORE
04/09/2025,C. Keychain,1,USTORE
04/09/2025,"Chibi Stickers (S1,S2)",3,USTORE
04/09/2025,ID Case,7,USTORE
04/09/2025,Lanyard @180,17,USTORE
04/09/2025,MJ Sticker Large,5,USTORE
04/09/2025,MJ Sticker Medium,5,USTORE
04/09/2025,MJ Sticker Small,5,USTORE
04/09/2025,Tote (Viva),2,USTORE
04/09/2025,Umb (One For UST),3,USTORE
04/09/2025,New GT Shirts,1,VARSITY LIFESTYLE
04/09/2025,VL Sticker Pack,2,VARSITY LIFESTYLE
05/09/2025,Ballpen 2 Designs @50 (B&Y),2,(Paid)
05/09/2025,Corp Jacket V2,3,(Paid)
05/09/2025,Polo Shirt @800,2,BLAZE
05/09/2025,White Embro,2,BLAZE
05/09/2025,Shirts all @450 UPSIZE (3XL-4XL),7,JUC
05/09/2025,UST College ID Lace,15,JUC
05/09/2025,UST OAT Hoodie Jacket,1,JUC
05/09/2025,"UST OAT MUG (Y,W)",1,JUC
05/09/2025,UST OAT T-Shirt Y/B/COLLEGE,3,JUC
05/09/2025,UST T-Shirt Santo Tomas Shirt/UST T-Shirt Tiger Pattern/HAPPY,15,JUC
05/09/2025,UST T-Shirt Sporty,9,JUC
05/09/2025,Corp Jacket,1,JYL ATHLETICA
05/09/2025,Cotton Brush Jacket,1,JYL ATHLETICA
05/09/2025,Jacket,4,JYL ATHLETICA
05/09/2025,Poloshirt 123456 @860,4,JYL ATHLETICA
05/09/2025,QUIANA SUBLI SHIRT (B&Y),2,JYL ATHLETICA
05/09/2025,Baseball Cap METAL @380,1,STITCH CORP. (BLEEVES)
05/09/2025,Wearable Blanket,1,STITCH CORP. (BLEEVES)
05/09/2025,Logo Sticker @25,1,TET AND DARS
05/09/2025,Long Sticker @120,1,TET AND DARS
05/09/2025,Paper Bag BIG @130,2,TET AND DARS
05/09/2025,Pen @40,4,TET AND DARS
05/09/2025,5M Magnetic Pin,3,USTORE
05/09/2025,Button Pins Small,1,USTORE
05/09/2025,C. Keychain,2,USTORE
05/09/2025,"Chibi Stickers (S1,S2)",2,USTORE
05/09/2025,ID Case,9,USTORE
05/09/2025,Lanyard @180,21,USTORE
05/09/2025,MJ Sticker Large,1,USTORE
05/09/2025,MJ Sticker Medium,7,USTORE
05/09/2025,MJ Sticker Small,12,USTORE
05/09/2025,New Tiger Plushie Big @850,3,USTORE
05/09/2025,Notelet,1,USTORE
05/09/2025,Thomasian Kit Set,1,USTORE
05/09/2025,Tote (One For UST),1,USTORE
05/09/2025,Umb (One For UST),4,USTORE
05/09/2025,New GT Shirts,2,VARSITY LIFESTYLE
05/09/2025,Sweatshirt (NEW),1,VARSITY LIFESTYLE
05/09/2025,VL Sticker Pack,1,VARSITY LIFESTYLE
06/09/2025,Bamboo Notebook @150,1,(Paid)
06/09/2025,Corp Jacket V2,1,(Paid)
06/09/2025,White Embro,1,BLAZE
06/09/2025,Bomber Jacket,1,JUC
06/09/2025,Shirts all @450 UPSIZE (3XL-4XL),1,JUC
06/09/2025,UST College ID Lace,4,JUC
06/09/2025,UST OAT Hoodie Jacket,2,JUC
06/09/2025,UST OAT T-Shirt Y/B/COLLEGE,6,JUC
06/09/2025,UST Sweatshirt Sporty,1,JUC
06/09/2025,UST T-Shirt Santo Tomas Shirt/UST T-Shirt Tiger Pattern/HAPPY,8,JUC
06/09/2025,UST T-Shirt Sporty,3,JUC
06/09/2025,Cotton Brush Jacket,1,JYL ATHLETICA
06/09/2025,DRI-FIT NEW,2,JYL ATHLETICA
06/09/2025,Tiger Claw,1,MADEBYRUZ CONSUMER GOODS TRADING
06/09/2025,Tiger Costume,1,MADEBYRUZ CONSUMER GOODS TRADING
06/09/2025,Baseball Cap METAL @380,1,STITCH CORP. (BLEEVES)
06/09/2025,Logo Sticker @25,1,TET AND DARS
06/09/2025,Long Sticker @120,5,TET AND DARS
06/09/2025,5M Magnetic Pin,2,USTORE
06/09/2025,5M Rotating Keychain,1,USTORE
06/09/2025,Button Pins Small,7,USTORE
06/09/2025,C. Keychain,3,USTORE
06/09/2025,Eco Bag,7,USTORE
06/09/2025,ID Case,2,USTORE
06/09/2025,Lanyard @180,8,USTORE
06/09/2025,MJ Sticker Large,1,USTORE
06/09/2025,MJ Sticker Medium,4,USTORE
06/09/2025,MJ Sticker Small,6,USTORE
06/09/2025,New Tiger Plushie Big @850,1,USTORE
06/09/2025,Tote (Viva),1,USTORE
06/09/2025,Umb (One For UST),4,USTORE
06/09/2025,New GT Shirts,1,VARSITY LIFESTYLE
06/09/2025,VL Sticker Pack,2,VARSITY LIFESTYLE
08/09/2025,Ballpen 2 Designs @50 (B&Y),1,(Paid)
08/09/2025,Corp Jacket V2,1,(Paid)
08/09/2025,Triple Black Embro,1,BLAZE
08/09/2025,White Embro,1,BLAZE
08/09/2025,Shirts all @450 UPSIZE (3XL-4XL),2,JUC
08/09/2025,UST College ID Lace,6,JUC
08/09/2025,UST OAT T-Shirt Y/B/COLLEGE,3,JUC
08/09/2025,UST Sweatshirt Sporty,2,JUC
08/09/2025,UST T-Shirt Santo Tomas Shirt/UST T-Shirt Tiger Pattern/HAPPY,28,JUC
08/09/2025,UST T-Shirt Sporty,22,JUC
08/09/2025,Corp Jacket,1,JYL ATHLETICA
08/09/2025,Cotton Brush Jacket,1,JYL ATHLETICA
08/09/2025,Cotton Gray Jacket,1,JYL ATHLETICA
08/09/2025,DRI-FIT NEW,1,JYL ATHLETICA
08/09/2025,Jacket,1,JYL ATHLETICA
08/09/2025,Poloshirt 123456 @860,1,JYL ATHLETICA
08/09/2025,Poloshirt @800,1,JYL ATHLETICA
08/09/2025,QUIANA SUBLI SHIRT (B&Y),6,JYL ATHLETICA
08/09/2025,Baseball Cap METAL @380,1,STITCH CORP. (BLEEVES)
08/09/2025,Logo Sticker @25,3,TET AND DARS
08/09/2025,5M Rotating Keychain,1,USTORE
08/09/2025,C. Keychain,3,USTORE
08/09/2025,C. Sticker @120,2,USTORE
08/09/2025,ID Case,3,USTORE
08/09/2025,Lanyard @180,18,USTORE
08/09/2025,MJ Sticker Medium,6,USTORE
08/09/2025,New Tiger Plushie Big @850,2,USTORE
08/09/2025,Travel Mug,1,USTORE
08/09/2025,Umb (One For UST),157,USTORE
08/09/2025,New GT Shirts,3,VARSITY LIFESTYLE
09/09/2025,Ballpen 2 Designs @50 (B&Y),13,(Paid)
09/09/2025,Bamboo Notebook @150,40,(Paid)
09/09/2025,Corp Jacket V2,2,(Paid)
09/09/2025,White Embro,1,BLAZE
09/09/2025,Shirts all @450 UPSIZE (3XL-4XL),3,JUC
09/09/2025,UST College ID Lace,7,JUC
09/09/2025,UST OAT MUG (B),1,JUC
09/09/2025,"UST OAT MUG (Y,W)",1,JUC
09/09/2025,UST OAT T-Shirt Y/B/COLLEGE,4,JUC
09/09/2025,UST Sweatshirt Sporty,2,JUC
09/09/2025,UST T-Shirt Santo Tomas Shirt/UST T-Shirt Tiger Pattern/HAPPY,48,JUC
09/09/2025,BASE BALL SHIRT,1,JYL ATHLETICA
09/09/2025,Cotton Brush Jacket,1,JYL ATHLETICA
09/09/2025,DRI-FIT NEW,1,JYL ATHLETICA
09/09/2025,Machete v2,2,JYL ATHLETICA
09/09/2025,Poloshirt @800,4,JYL ATHLETICA
09/09/2025,QUIANA SUBLI SHIRT (B&Y),3,JYL ATHLETICA
09/09/2025,Big Car,1,MADEBYRUZ CONSUMER GOODS TRADING
09/09/2025,UST-Pen W/Box,20,NEW TRENDS
09/09/2025,Baseball Cap METAL @380,1,STITCH CORP. (BLEEVES)
09/09/2025,Logo Sticker @25,4,TET AND DARS
09/09/2025,Long Sticker @120,2,TET AND DARS
09/09/2025,Paper Bag BIG @130,1,TET AND DARS
09/09/2025,Pen @40,3,TET AND DARS
09/09/2025,5M Magnetic Pin,2,USTORE
09/09/2025,5M Rotating Keychain,2,USTORE
09/09/2025,C. Keychain,4,USTORE
09/09/2025,"Chibi Stickers (S1,S2)",1,USTORE
09/09/2025,ID Case,5,USTORE
09/09/2025,Lanyard @180,14,USTORE
09/09/2025,MJ Sticker Large,2,USTORE
09/09/2025,MJ Sticker Medium,4,USTORE
09/09/2025,MJ Sticker Small,14,USTORE
09/09/2025,New Tiger Plushie Small @750,1,USTORE
09/09/2025,Tote (One For UST),1,USTORE
09/09/2025,Tote (Viva),11,USTORE
09/09/2025,Tote Bag Canvas White,50,USTORE
09/09/2025,Umb (One For UST),5,USTORE
09/09/2025,Utensil,1,USTORE
09/09/2025,New GT Shirts,3,VARSITY LIFESTYLE
11/09/2025,Ballpen 2 Designs @50 (B&Y),8,(Paid)
11/09/2025,Bamboo Notebook @150,1,(Paid)
11/09/2025,Corp Jacket V2,2,(Paid)
11/09/2025,Kraft Notebook @130,4,(Paid)
11/09/2025,Black Embro,1,BLAZE
11/09/2025,Polo Shirt @800,1,BLAZE
11/09/2025,Triple Black Embro,3,BLAZE
11/09/2025,White Embro,2,BLAZE
11/09/2025,Shirts all @450 UPSIZE (3XL-4XL),12,JUC
11/09/2025,UST College ID Lace,21,JUC
11/09/2025,UST OAT Hoodie Jacket,5,JUC
11/09/2025,UST OAT MUG (B),1,JUC
11/09/2025,"UST OAT MUG (Y,W)",2,JUC
11/09/2025,UST OAT T-Shirt Y/B/COLLEGE,100,JUC
11/09/2025,UST Sweatshirt Sporty,2,JUC
11/09/2025,UST T-Shirt Santo Tomas Shirt/UST T-Shirt Tiger Pattern/HAPPY,185,JUC
11/09/2025,UST T-Shirt Sporty,93,JUC
11/09/2025,UST T-Shirt Sporty UPSIZE (3XL-5XL),1,JUC
11/09/2025,Corp Windbreaker,1,JYL ATHLETICA
11/09/2025,DRI-FIT NEW,7,JYL ATHLETICA
11/09/2025,Jacket,2,JYL ATHLETICA
11/09/2025,Machete v2,1,JYL ATHLETICA
11/09/2025,Poloshirt @800,5,JYL ATHLETICA
11/09/2025,QUIANA SUBLI SHIRT (B&Y),18,JYL ATHLETICA
11/09/2025,VB Jersey without Sig @1500,1,JYL ATHLETICA
11/09/2025,Tiger Headband (2 Designs),2,MADEBYRUZ CONSUMER GOODS TRADING
11/09/2025,Back pack,1,NAPOLIZ ENTERPRISES
11/09/2025,Hoodies Breaker,1,NAPOLIZ ENTERPRISES
11/09/2025,Baseball Cap METAL @380,1,STITCH CORP. (BLEEVES)
11/09/2025,Logo Sticker @25,6,TET AND DARS
11/09/2025,Pen @40,3,TET AND DARS
11/09/2025,5M Rotating Keychain,1,USTORE
11/09/2025,Aquaflask,1,USTORE
11/09/2025,Button Pins Big,20,USTORE
11/09/2025,C. Keychain,2,USTORE
11/09/2025,"Chibi Stickers (S1,S2)",5,USTORE
11/09/2025,ID Case,3,USTORE
11/09/2025,Lanyard @180,25,USTORE
11/09/2025,MJ Sticker Large,5,USTORE
11/09/2025,MJ Sticker Medium,7,USTORE
11/09/2025,MJ Sticker Small,23,USTORE
11/09/2025,New Tiger Plushie Big @850,1,USTORE
11/09/2025,Tote (One For UST),2,USTORE
11/09/2025,Tote (Viva),6,USTORE
11/09/2025,Tote Bag Canvas White,8,USTORE
11/09/2025,Umb (One For UST),8,USTORE
11/09/2025,New GT Shirts,8,VARSITY LIFESTYLE
12/09/2025,Corp Jacket V2,6,(Paid)
12/09/2025,Kraft Notebook @130,2,(Paid)
12/09/2025,ABSC College Shirt (60th),1,ARTS AND LETTERS (SHIRT HAPPENS)
12/09/2025,Black Embro,2,BLAZE
12/09/2025,Triple Black Embro,2,BLAZE
12/09/2025,White Embro,3,BLAZE
12/09/2025,Shirts all @450 UPSIZE (3XL-4XL),10,JUC
12/09/2025,Shirts all @450 UPSIZE (5XL),1,JUC
12/09/2025,UST College ID Lace,54,JUC
12/09/2025,UST OAT Hoodie Jacket,6,JUC
12/09/2025,UST OAT MUG (B),79,JUC
12/09/2025,"UST OAT MUG (Y,W)",4,JUC
12/09/2025,UST OAT T-Shirt Y/B/COLLEGE,56,JUC
12/09/2025,UST Sweatshirt Sporty,7,JUC
12/09/2025,UST T-Shirt Santo Tomas Shirt/UST T-Shirt Tiger Pattern/HAPPY,116,JUC
12/09/2025,UST T-Shirt Sporty,72,JUC
12/09/2025,BASE BALL SHIRT,1,JYL ATHLETICA
12/09/2025,Corp Windbreaker,1,JYL ATHLETICA
12/09/2025,Cotton Brush Jacket,6,JYL ATHLETICA
12/09/2025,Cotton Gray Jacket,1,JYL ATHLETICA
12/09/2025,DRI-FIT NEW,9,JYL ATHLETICA
12/09/2025,Jacket,5,JYL ATHLETICA
12/09/2025,Poloshirt @800,4,JYL ATHLETICA
12/09/2025,QUIANA SUBLI SHIRT (B&Y),12,JYL ATHLETICA
12/09/2025,Big Car,2,MADEBYRUZ CONSUMER GOODS TRADING
12/09/2025,Tiger Claw,2,MADEBYRUZ CONSUMER GOODS TRADING
12/09/2025,Tiger Headband (2 Designs),1,MADEBYRUZ CONSUMER GOODS TRADING
12/09/2025,Hoodies Breaker,1,NAPOLIZ ENTERPRISES
12/09/2025,Baseball Cap METAL @380,2,STITCH CORP. (BLEEVES)
12/09/2025,Clock @550,1,STITCH CORP. (BLEEVES)
12/09/2025,Clock @700,6,STITCH CORP. (BLEEVES)
12/09/2025,Wearable Blanket,1,STITCH CORP. (BLEEVES)
12/09/2025,Arch @320,2,TET AND DARS
12/09/2025,Logo Sticker @25,1,TET AND DARS
12/09/2025,Long Sticker @120,2,TET AND DARS
12/09/2025,Paper Bag SMALL @80,1,TET AND DARS
12/09/2025,5M Magnetic Pin,4,USTORE
12/09/2025,5M Rotating Keychain,9,USTORE
12/09/2025,Aquaflask,4,USTORE
12/09/2025,C. Keychain,20,USTORE
12/09/2025,"Chibi Stickers (S1,S2)",2,USTORE
12/09/2025,Clappers,31,USTORE
12/09/2025,Eco Bag,2,USTORE
12/09/2025,ID Case,14,USTORE
12/09/2025,Lanyard @180,47,USTORE
12/09/2025,MJ Sticker Large,5,USTORE
12/09/2025,MJ Sticker Medium,18,USTORE
12/09/2025,MJ Sticker Small,15,USTORE
12/09/2025,New Tiger Plushie Big @850,3,USTORE
12/09/2025,New Tiger Plushie Small @750,4,USTORE
12/09/2025,Powerbank,1,USTORE
12/09/2025,Tote (Viva),3,USTORE
12/09/2025,Tote Bag Canvas White,1,USTORE
12/09/2025,Umb (One For UST),16,USTORE
12/09/2025,Utensil,1,USTORE
12/09/2025,New GT Shirts,2,VARSITY LIFESTYLE
12/09/2025,VL Sticker Pack,3,VARSITY LIFESTYLE
13/09/2025,Ballpen 2 Designs @50 (B&Y),7,(Paid)
13/09/2025,Corp Jacket V2,4,(Paid)
13/09/2025,Kraft Notebook @130,1,(Paid)
13/09/2025,ABSC College Shirt (60th),1,ARTS AND LETTERS (SHIRT HAPPENS)
13/09/2025,Black Embro,3,BLAZE
13/09/2025,Shirts all @450 UPSIZE (3XL-4XL),2,JUC
13/09/2025,UST College ID Lace,4,JUC
13/09/2025,UST OAT Hoodie Jacket,5,JUC
13/09/2025,UST OAT MUG (B),1,JUC
13/09/2025,UST OAT T-Shirt Y/B/COLLEGE,4,JUC
13/09/2025,UST Sweatshirt Sporty,2,JUC
13/09/2025,UST T-Shirt Santo Tomas Shirt/UST T-Shirt Tiger Pattern/HAPPY,9,JUC
13/09/2025,UST T-Shirt Sporty,3,JUC
13/09/2025,BASE BALL SHIRT,1,JYL ATHLETICA
13/09/2025,Cotton Brush Jacket,3,JYL ATHLETICA
13/09/2025,DRI-FIT NEW,2,JYL ATHLETICA
13/09/2025,Jacket,2,JYL ATHLETICA
13/09/2025,Machete v2,1,JYL ATHLETICA
13/09/2025,Poloshirt @800,2,JYL ATHLETICA
13/09/2025,QUIANA SUBLI SHIRT (B&Y),2,JYL ATHLETICA
13/09/2025,Big Car,1,MADEBYRUZ CONSUMER GOODS TRADING
13/09/2025,Arch @320,1,TET AND DARS
13/09/2025,Long Sticker @120,1,TET AND DARS
13/09/2025,Paper Bag BIG @130,1,TET AND DARS
13/09/2025,Pen @40,3,TET AND DARS
13/09/2025,5M Magnetic Pin,3,USTORE
13/09/2025,5M Rotating Keychain,3,USTORE
13/09/2025,C. Keychain,1,USTORE
13/09/2025,"Chibi Stickers (S1,S2)",2,USTORE
13/09/2025,ID Case,1,USTORE
13/09/2025,Lanyard @180,7,USTORE
13/09/2025,MJ Sticker Medium,3,USTORE
13/09/2025,MJ Sticker Small,2,USTORE
13/09/2025,New Tiger Plushie Big @850,2,USTORE
13/09/2025,Tote (Viva),2,USTORE
13/09/2025,Umb (One For UST),4,USTORE
13/09/2025,New GT Shirts,1,VARSITY LIFESTYLE
15/09/2025,Ballpen 2 Designs @50 (B&Y),5,(Paid)
15/09/2025,Bamboo Notebook @150,2,(Paid)
15/09/2025,ABSC College Shirt (60th),4,ARTS AND LETTERS (SHIRT HAPPENS)
15/09/2025,Triple Black Embro,1,BLAZE
15/09/2025,Shirts all @450 UPSIZE (3XL-4XL),2,JUC
15/09/2025,UST College ID Lace,7,JUC
15/09/2025,"UST OAT MUG (Y,W)",50,JUC
15/09/2025,UST OAT T-Shirt Y/B/COLLEGE,17,JUC
15/09/2025,UST T-Shirt Santo Tomas Shirt/UST T-Shirt Tiger Pattern/HAPPY,31,JUC
15/09/2025,UST T-Shirt Sporty,11,JUC
15/09/2025,Cotton Black Jacket,1,JYL ATHLETICA
15/09/2025,Cotton Brush Jacket,1,JYL ATHLETICA
15/09/2025,Cotton Gray Jacket,1,JYL ATHLETICA
15/09/2025,DRI-FIT NEW,1,JYL ATHLETICA
15/09/2025,Jacket,3,JYL ATHLETICA
15/09/2025,Machete v2,2,JYL ATHLETICA
15/09/2025,Poloshirt 123456 @860,5,JYL ATHLETICA
15/09/2025,Poloshirt @800,2,JYL ATHLETICA
15/09/2025,QUIANA SUBLI SHIRT (B&Y),2,JYL ATHLETICA
15/09/2025,Hoodies Breaker,1,NAPOLIZ ENTERPRISES
15/09/2025,Baseball Cap METAL @380,1,STITCH CORP. (BLEEVES)
15/09/2025,Arch @320,1,TET AND DARS
15/09/2025,Logo Sticker @25,6,TET AND DARS
15/09/2025,Pen @40,1,TET AND DARS
15/09/2025,5M Magnetic Pin,51,USTORE
15/09/2025,5M Rotating Keychain,2,USTORE
15/09/2025,Blanca Pen,50,USTORE
15/09/2025,C. Keychain,1,USTORE
15/09/2025,C. Sticker @120,1,USTORE
15/09/2025,"Chibi Stickers (S1,S2)",1,USTORE
15/09/2025,ID Case,2,USTORE
15/09/2025,Insignia Pen,2,USTORE
15/09/2025,Lanyard @180,16,USTORE
15/09/2025,MJ Sticker Large,3,USTORE
15/09/2025,MJ Sticker Medium,1,USTORE
15/09/2025,MJ Sticker Small,4,USTORE
15/09/2025,New Tiger Plushie Big @850,6,USTORE
15/09/2025,New Tiger Plushie Small @750,5,USTORE
15/09/2025,Notelet,1,USTORE
15/09/2025,Picasso Pen,1,USTORE
15/09/2025,Tote (Viva),2,USTORE
15/09/2025,Tote Bag Canvas White,50,USTORE
15/09/2025,Umb (One For UST),5,USTORE
15/09/2025,New GT Shirts,1,VARSITY LIFESTYLE
15/09/2025,Scarves,1,VARSITY LIFESTYLE
15/09/2025,VL Sticker Pack,1,VARSITY LIFESTYLE
16/09/2025,Ballpen 2 Designs @50 (B&Y),2,(Paid)
16/09/2025,Bamboo Notebook @150,3,(Paid)
16/09/2025,Corp Jacket V2,5,(Paid)
16/09/2025,ABSC College Shirt (60th),2,ARTS AND LETTERS (SHIRT HAPPENS)
16/09/2025,Black Embro,3,BLAZE
16/09/2025,Polo Shirt @800,11,BLAZE
16/09/2025,Triple Black Embro,1,BLAZE
16/09/2025,White Embro,1,BLAZE
16/09/2025,Bomber Jacket,1,JUC
16/09/2025,Shirts all @450 UPSIZE (3XL-4XL),8,JUC
16/09/2025,UST College ID Lace,18,JUC
16/09/2025,UST OAT Hoodie Jacket,2,JUC
16/09/2025,"UST OAT MUG (Y,W)",1,JUC
16/09/2025,UST OAT T-Shirt Y/B/COLLEGE,47,JUC
16/09/2025,UST Sweatshirt Sporty,2,JUC
16/09/2025,UST T-Shirt Santo Tomas Shirt/UST T-Shirt Tiger Pattern/HAPPY,60,JUC
16/09/2025,UST T-Shirt Sporty,29,JUC
16/09/2025,BASE BALL SHIRT,2,JYL ATHLETICA
16/09/2025,Corp Jacket,1,JYL ATHLETICA
16/09/2025,DRI-FIT NEW,5,JYL ATHLETICA
16/09/2025,Machete v2,1,JYL ATHLETICA
16/09/2025,Poloshirt @800,10,JYL ATHLETICA
16/09/2025,QUIANA SUBLI SHIRT (B&Y),6,JYL ATHLETICA
16/09/2025,Tiger Claw,1,MADEBYRUZ CONSUMER GOODS TRADING
16/09/2025,Hoodies Breaker,3,NAPOLIZ ENTERPRISES
16/09/2025,Baseball Cap METAL @380,2,STITCH CORP. (BLEEVES)
16/09/2025,Wearable Blanket,2,STITCH CORP. (BLEEVES)
16/09/2025,Logo Sticker @25,4,TET AND DARS
16/09/2025,Pen @40,8,TET AND DARS
16/09/2025,5M Magnetic Pin,3,USTORE
16/09/2025,5M Rotating Keychain,1,USTORE
16/09/2025,Aquaflask,1,USTORE
16/09/2025,Blanca Pen,1,USTORE
16/09/2025,C. Keychain,3,USTORE
16/09/2025,C. Sticker @120,1,USTORE
16/09/2025,"Chibi Stickers (S1,S2)",3,USTORE
16/09/2025,Eco Bag,1,USTORE
16/09/2025,ID Case,4,USTORE
16/09/2025,Lanyard @180,28,USTORE
16/09/2025,MJ Sticker Large,3,USTORE
16/09/2025,MJ Sticker Medium,12,USTORE
16/09/2025,MJ Sticker Small,13,USTORE
16/09/2025,New Tiger Plushie Big @850,1,USTORE
16/09/2025,New Tiger Plushie Small @750,1,USTORE
16/09/2025,Pencil,1,USTORE
16/09/2025,Scarf @490,1,USTORE
16/09/2025,Thomasian Kit Set,1,USTORE
16/09/2025,Tote (One For UST),1,USTORE
16/09/2025,Tote (Viva),1,USTORE
16/09/2025,Tote Bag Canvas White,4,USTORE
16/09/2025,Umb (One For UST),9,USTORE
16/09/2025,New GT Shirts,4,VARSITY LIFESTYLE
18/09/2025,Ballpen 2 Designs @50 (B&Y),12,(Paid)
18/09/2025,Polo Shirt @800,1,BLAZE
18/09/2025,UST OAT Hoodie Jacket,1,JUC
18/09/2025,UST OAT T-Shirt Y/B/COLLEGE,1,JUC
18/09/2025,UST T-Shirt Santo Tomas Shirt/UST T-Shirt Tiger Pattern/HAPPY,7,JUC
18/09/2025,UST T-Shirt Sporty,1,JUC
18/09/2025,DRI-FIT NEW,2,JYL ATHLETICA
18/09/2025,Poloshirt @800,4,JYL ATHLETICA
18/09/2025,Big Car,1,MADEBYRUZ CONSUMER GOODS TRADING
18/09/2025,Tiger Claw,2,MADEBYRUZ CONSUMER GOODS TRADING
18/09/2025,Eco Bag,1,USTORE
18/09/2025,Tote Bag Canvas White,1,USTORE
18/09/2025,Scarves,1,VARSITY LIFESTYLE
19/09/2025,Ballpen 2 Designs @50 (B&Y),2,(Paid)
19/09/2025,Bamboo Notebook @150,1,(Paid)
19/09/2025,Corp Jacket V2,6,(Paid)
19/09/2025,ABSC College Shirt (60th),1,ARTS AND LETTERS (SHIRT HAPPENS)
19/09/2025,Black Embro,7,BLAZE
19/09/2025,Triple Black Embro,9,BLAZE
19/09/2025,White Embro,3,BLAZE
19/09/2025,Bomber Jacket,1,JUC
19/09/2025,Shirts all @450 UPSIZE (3XL-4XL),18,JUC
19/09/2025,Shirts all @450 UPSIZE (5XL),3,JUC
19/09/2025,UST College ID Lace,18,JUC
19/09/2025,UST OAT Hoodie Jacket,2,JUC
19/09/2025,UST OAT MUG (B),3,JUC
19/09/2025,"UST OAT MUG (Y,W)",1,JUC
19/09/2025,UST OAT T-Shirt Y/B/COLLEGE,73,JUC
19/09/2025,UST T-Shirt Santo Tomas Shirt/UST T-Shirt Tiger Pattern/HAPPY,151,JUC
19/09/2025,UST T-Shirt Sporty,86,JUC
19/09/2025,BASE BALL SHIRT,2,JYL ATHLETICA
19/09/2025,Cotton Brush Jacket,1,JYL ATHLETICA
19/09/2025,DRI-FIT NEW,13,JYL ATHLETICA
19/09/2025,Jacket,2,JYL ATHLETICA
19/09/2025,Machete v2,1,JYL ATHLETICA
19/09/2025,Poloshirt 123456 @860,1,JYL ATHLETICA
19/09/2025,Poloshirt @800,1,JYL ATHLETICA
19/09/2025,QUIANA SUBLI SHIRT (B&Y),10,JYL ATHLETICA
19/09/2025,Taslan NEW,1,JYL ATHLETICA
19/09/2025,Small Mystery Car,1,MADEBYRUZ CONSUMER GOODS TRADING
19/09/2025,Tiger Claw,3,MADEBYRUZ CONSUMER GOODS TRADING
19/09/2025,Tiger Headband (2 Designs),6,MADEBYRUZ CONSUMER GOODS TRADING
19/09/2025,Hoodies Breaker,5,NAPOLIZ ENTERPRISES
19/09/2025,Baseball Cap METAL @380,3,STITCH CORP. (BLEEVES)
19/09/2025,Wearable Blanket,1,STITCH CORP. (BLEEVES)
19/09/2025,Arch @320,1,TET AND DARS
19/09/2025,Logo Sticker @25,1,TET AND DARS
19/09/2025,"Go USTE (W,Y,B) @450",15,THREADMARKED
19/09/2025,"Hoodie UST embro (C,G,Y,B) @1800",3,THREADMARKED
19/09/2025,Two-toned windbreaker @1700,6,THREADMARKED
19/09/2025,5M Magnetic Pin,3,USTORE
19/09/2025,5M Rotating Keychain,2,USTORE
19/09/2025,Aquaflask,3,USTORE
19/09/2025,Button Pins Big,1,USTORE
19/09/2025,C. Keychain,1,USTORE
19/09/2025,"Chibi Stickers (S1,S2)",1,USTORE
19/09/2025,Clappers,8,USTORE
19/09/2025,Eco Bag,14,USTORE
19/09/2025,ID Case,10,USTORE
19/09/2025,Lanyard @180,44,USTORE
19/09/2025,MJ Sticker Large,5,USTORE
19/09/2025,MJ Sticker Medium,13,USTORE
19/09/2025,MJ Sticker Small,3,USTORE
19/09/2025,New Tiger Plushie Big @850,4,USTORE
19/09/2025,New Tiger Plushie Small @750,3,USTORE
19/09/2025,Thomasian Kit Set,15,USTORE
19/09/2025,Tote (One For UST),1,USTORE
19/09/2025,Tote (Viva),5,USTORE
19/09/2025,Travel Mug,5,USTORE
19/09/2025,Umb (One For UST),2,USTORE
19/09/2025,New GT Shirts,7,VARSITY LIFESTYLE
19/09/2025,Sweatshirt (NEW),1,VARSITY LIFESTYLE
19/09/2025,VL Sticker Pack,1,VARSITY LIFESTYLE
20/09/2025,Ballpen 2 Designs @50 (B&Y),7,(Paid)
20/09/2025,Corp Jacket V2,7,(Paid)
20/09/2025,Kraft Notebook @130,1,(Paid)
20/09/2025,ABSC College Shirt (60th),1,ARTS AND LETTERS (SHIRT HAPPENS)
20/09/2025,Black Embro,3,BLAZE
20/09/2025,Triple Black Embro,1,BLAZE
20/09/2025,White Embro,3,BLAZE
20/09/2025,Shirts all @450 UPSIZE (3XL-4XL),4,JUC
20/09/2025,UST College ID Lace,24,JUC
20/09/2025,UST OAT Hoodie Jacket,2,JUC
20/09/2025,UST OAT MUG (B),3,JUC
20/09/2025,"UST OAT MUG (Y,W)",4,JUC
20/09/2025,UST OAT T-Shirt Y/B/COLLEGE,9,JUC
20/09/2025,UST Sweatshirt Sporty,1,JUC
20/09/2025,UST T-Shirt Santo Tomas Shirt/UST T-Shirt Tiger Pattern/HAPPY,46,JUC
20/09/2025,UST T-Shirt Sporty,8,JUC
20/09/2025,Corp Jacket,1,JYL ATHLETICA
20/09/2025,Cotton Brush Jacket,5,JYL ATHLETICA
20/09/2025,DRI-FIT NEW,1,JYL ATHLETICA
20/09/2025,Machete v2,1,JYL ATHLETICA
20/09/2025,Poloshirt @800,2,JYL ATHLETICA
20/09/2025,QUIANA SUBLI SHIRT (B&Y),6,JYL ATHLETICA
20/09/2025,Tiger Claw,2,MADEBYRUZ CONSUMER GOODS TRADING
20/09/2025,Tiger Costume,1,MADEBYRUZ CONSUMER GOODS TRADING
20/09/2025,Tiger Headband (2 Designs),1,MADEBYRUZ CONSUMER GOODS TRADING
20/09/2025,Hoodies Breaker,3,NAPOLIZ ENTERPRISES
20/09/2025,UST-Pen W/Box,1,NEW TRENDS
20/09/2025,Baseball Cap METAL @380,1,STITCH CORP. (BLEEVES)
20/09/2025,Arch @320,1,TET AND DARS
20/09/2025,Logo Sticker @25,13,TET AND DARS
20/09/2025,"Go USTE (W,Y,B) @450",2,THREADMARKED
20/09/2025,Two-toned windbreaker @1700,4,THREADMARKED
20/09/2025,5M Magnetic Pin,3,USTORE
20/09/2025,Blanca Pen,1,USTORE
20/09/2025,C. Keychain,2,USTORE
20/09/2025,"Chibi Stickers (S1,S2)",3,USTORE
20/09/2025,Clappers,13,USTORE
20/09/2025,ID Case,3,USTORE
20/09/2025,Insignia Pen,1,USTORE
20/09/2025,Lanyard @180,21,USTORE
20/09/2025,MJ Sticker Large,3,USTORE
20/09/2025,MJ Sticker Medium,5,USTORE
20/09/2025,MJ Sticker Small,12,USTORE
20/09/2025,New Tiger Plushie Big @850,1,USTORE
20/09/2025,New Tiger Plushie Small @750,1,USTORE
20/09/2025,Tote (One For UST),3,USTORE
20/09/2025,Tote (Viva),1,USTORE
20/09/2025,Umb (One For UST),3,USTORE
20/09/2025,Utensil,1,USTORE
20/09/2025,Sweatshirt (NEW),1,VARSITY LIFESTYLE
20/09/2025,VL Sticker Pack,1,VARSITY LIFESTYLE
21/09/2025,Ballpen 2 Designs @50 (B&Y),4,(Paid)
21/09/2025,Corp Jacket V2,4,(Paid)
21/09/2025,ABSC College Shirt (60th),2,ARTS AND LETTERS (SHIRT HAPPENS)
21/09/2025,Black Embro,3,BLAZE
21/09/2025,Triple Black Embro,2,BLAZE
21/09/2025,Shirts all @450 UPSIZE (3XL-4XL),4,JUC
21/09/2025,Shirts all @450 UPSIZE (5XL),1,JUC
21/09/2025,UST College ID Lace,14,JUC
21/09/2025,UST OAT Hoodie Jacket,2,JUC
21/09/2025,UST OAT MUG (B),3,JUC
21/09/2025,"UST OAT MUG (Y,W)",3,JUC
21/09/2025,UST OAT T-Shirt Y/B/COLLEGE,14,JUC
21/09/2025,UST Sweatshirt Sporty,1,JUC
21/09/2025,UST T-Shirt Santo Tomas Shirt/UST T-Shirt Tiger Pattern/HAPPY,47,JUC
21/09/2025,UST T-Shirt Sporty,4,JUC
21/09/2025,Cotton Black Jacket,1,JYL ATHLETICA
21/09/2025,Cotton Brush Jacket,3,JYL ATHLETICA
21/09/2025,Cotton Gray Jacket,4,JYL ATHLETICA
21/09/2025,DRI-FIT NEW,3,JYL ATHLETICA
21/09/2025,Jacket,2,JYL ATHLETICA
21/09/2025,QUIANA SUBLI SHIRT (B&Y),6,JYL ATHLETICA
21/09/2025,Taslan NEW,1,JYL ATHLETICA
21/09/2025,VB Jersey without Sig @1500,1,JYL ATHLETICA
21/09/2025,Tiger Claw,4,MADEBYRUZ CONSUMER GOODS TRADING
21/09/2025,Tiger Headband (2 Designs),6,MADEBYRUZ CONSUMER GOODS TRADING
21/09/2025,Hoodies Breaker,1,NAPOLIZ ENTERPRISES
21/09/2025,Wearable Blanket,1,STITCH CORP. (BLEEVES)
21/09/2025,Logo Sticker @25,1,TET AND DARS
21/09/2025,Long Sticker @120,2,TET AND DARS
21/09/2025,"Go USTE (W,Y,B) @450",6,THREADMARKED
21/09/2025,"Hoodie UST embro (C,G,Y,B) @1800",7,THREADMARKED
21/09/2025,"Oversized shirt (C,B) @650",2,THREADMARKED
21/09/2025,Two-toned windbreaker @1700,7,THREADMARKED
21/09/2025,5M Magnetic Pin,2,USTORE
21/09/2025,5M Rotating Keychain,4,USTORE
21/09/2025,Aquaflask,3,USTORE
21/09/2025,C. Keychain,3,USTORE
21/09/2025,C. Sticker @120,1,USTORE
21/09/2025,"Chibi Stickers (S1,S2)",3,USTORE
21/09/2025,Clappers,12,USTORE
21/09/2025,ID Case,1,USTORE
21/09/2025,Lanyard @180,13,USTORE
21/09/2025,MJ Sticker Large,5,USTORE
21/09/2025,MJ Sticker Medium,10,USTORE
21/09/2025,MJ Sticker Small,12,USTORE
21/09/2025,Scarf @490,3,USTORE
21/09/2025,Stainless Eco Tumbler,1,USTORE
21/09/2025,Tote (One For UST),3,USTORE
21/09/2025,Tote (Viva),3,USTORE
21/09/2025,Umb (One For UST),5,USTORE
21/09/2025,Utensil,1,USTORE
21/09/2025,Scarves,1,VARSITY LIFESTYLE
21/09/2025,VL Sticker Pack,2,VARSITY LIFESTYLE
24/09/2025,Ballpen 2 Designs @50 (B&Y),6,(Paid)
24/09/2025,Corp Jacket V2,7,(Paid)
24/09/2025,Polo Shirt @800,1,BLAZE
24/09/2025,Triple Black Embro,2,BLAZE
24/09/2025,White Embro,1,BLAZE
24/09/2025,Shirts all @450 UPSIZE (3XL-4XL),2,JUC
24/09/2025,UST College ID Lace,15,JUC
24/09/2025,UST OAT MUG (B),3,JUC
24/09/2025,"UST OAT MUG (Y,W)",1,JUC
24/09/2025,UST OAT T-Shirt Y/B/COLLEGE,16,JUC
24/09/2025,UST Sweatshirt Sporty,3,JUC
24/09/2025,UST T-Shirt Santo Tomas Shirt/UST T-Shirt Tiger Pattern/HAPPY,15,JUC
24/09/2025,UST T-Shirt Sporty,11,JUC
24/09/2025,Cotton Brush Jacket,3,JYL ATHLETICA
24/09/2025,DRI-FIT NEW,1,JYL ATHLETICA
24/09/2025,QUIANA SUBLI SHIRT (B&Y),3,JYL ATHLETICA
24/09/2025,Small Mystery Car,1,MADEBYRUZ CONSUMER GOODS TRADING
24/09/2025,UST-Pen W/Box,16,NEW TRENDS
24/09/2025,Wearable Blanket,1,STITCH CORP. (BLEEVES)
24/09/2025,Arch @320,1,TET AND DARS
24/09/2025,Logo Sticker @25,1,TET AND DARS
24/09/2025,Pen @40,2,TET AND DARS
24/09/2025,"Go USTE (W,Y,B) @450",2,THREADMARKED
24/09/2025,"Hoodie UST embro (C,G,Y,B) @1800",2,THREADMARKED
24/09/2025,5M Magnetic Pin,1,USTORE
24/09/2025,5M Rotating Keychain,3,USTORE
24/09/2025,Aquaflask,6,USTORE
24/09/2025,Button Pins Big,1,USTORE
24/09/2025,Button Pins Small,2,USTORE
24/09/2025,C. Keychain,2,USTORE
24/09/2025,"Chibi Stickers (S1,S2)",1,USTORE
24/09/2025,Clappers,1,USTORE
24/09/2025,Eco Bag,40,USTORE
24/09/2025,Lanyard @180,15,USTORE
24/09/2025,MJ Sticker Large,2,USTORE
24/09/2025,MJ Sticker Medium,4,USTORE
24/09/2025,Notelet,1,USTORE
24/09/2025,Tote (Viva),27,USTORE
24/09/2025,Tote Bag Canvas White,2,USTORE
24/09/2025,Travel Mug,29,USTORE
24/09/2025,Umb (One For UST),13,USTORE
24/09/2025,New GT Shirts,3,VARSITY LIFESTYLE
24/09/2025,VL Sticker Pack,2,VARSITY LIFESTYLE
25/09/2025,Ballpen 2 Designs @50 (B&Y),2,(Paid)
25/09/2025,Bamboo Notebook @150,3,(Paid)
25/09/2025,Bamboo Pen @60,1,(Paid)
25/09/2025,Corp Jacket V2,6,(Paid)
25/09/2025,Shirts all @450 UPSIZE (3XL-4XL),3,JUC
25/09/2025,UST College ID Lace,12,JUC
25/09/2025,UST OAT Hoodie Jacket,2,JUC
25/09/2025,UST OAT MUG (B),2,JUC
25/09/2025,"UST OAT MUG (Y,W)",2,JUC
25/09/2025,UST OAT T-Shirt Y/B/COLLEGE,14,JUC
25/09/2025,UST Sweatshirt Sporty,1,JUC
25/09/2025,UST T-Shirt Santo Tomas Shirt/UST T-Shirt Tiger Pattern/HAPPY,16,JUC
25/09/2025,BASE BALL SHIRT,1,JYL ATHLETICA
25/09/2025,Corp Jacket,1,JYL ATHLETICA
25/09/2025,Cotton Black Jacket,1,JYL ATHLETICA
25/09/2025,Cotton Brush Jacket,4,JYL ATHLETICA
25/09/2025,Cotton Gray Jacket,2,JYL ATHLETICA
25/09/2025,DRI-FIT NEW,1,JYL ATHLETICA
25/09/2025,Machete v2,2,JYL ATHLETICA
25/09/2025,Poloshirt @800,3,JYL ATHLETICA
25/09/2025,QUIANA SUBLI SHIRT (B&Y),6,JYL ATHLETICA
25/09/2025,Tiger Claw,1,MADEBYRUZ CONSUMER GOODS TRADING
25/09/2025,Tiger Headband (2 Designs),2,MADEBYRUZ CONSUMER GOODS TRADING
25/09/2025,Hoodies Breaker,3,NAPOLIZ ENTERPRISES
25/09/2025,Baseball Cap METAL @380,1,STITCH CORP. (BLEEVES)
25/09/2025,Arch @320,2,TET AND DARS
25/09/2025,Logo Sticker @25,2,TET AND DARS
25/09/2025,"Go USTE (W,Y,B) @450",5,THREADMARKED
25/09/2025,"Hoodie UST embro (C,G,Y,B) @1800",5,THREADMARKED
25/09/2025,"Oversized shirt (C,B) @650",3,THREADMARKED
25/09/2025,Two-toned windbreaker @1700,3,THREADMARKED
25/09/2025,5M Magnetic Pin,1,USTORE
25/09/2025,5M Rotating Keychain,1,USTORE
25/09/2025,Aquaflask,13,USTORE
25/09/2025,Button Pins Big,1,USTORE
25/09/2025,Button Pins Small,2,USTORE
25/09/2025,"Chibi Stickers (S1,S2)",3,USTORE
25/09/2025,Clappers,1,USTORE
25/09/2025,Eco Bag,13,USTORE
25/09/2025,ID Case,3,USTORE
25/09/2025,Lanyard @180,29,USTORE
25/09/2025,MJ Sticker Large,5,USTORE
25/09/2025,MJ Sticker Medium,8,USTORE
25/09/2025,MJ Sticker Small,7,USTORE
25/09/2025,New Tiger Plushie Big @850,4,USTORE
25/09/2025,New Tiger Plushie Small @750,3,USTORE
25/09/2025,Scarf @490,1,USTORE
25/09/2025,Stainless Eco Tumbler,1,USTORE
25/09/2025,Tote (Viva),5,USTORE
25/09/2025,Umb (One For UST),4,USTORE
25/09/2025,New GT Shirts,1,VARSITY LIFESTYLE
25/09/2025,VL Sticker Pack,1,VARSITY LIFESTYLE
29/09/2025,Ballpen 2 Designs @50 (B&Y),2,(Paid)
29/09/2025,Corp Jacket V2,4,(Paid)
29/09/2025,Woven Tote Bag (SMALL),1,"ASSOCIATION FOR THE EDUCATIONAL ASSISTANCE OF POOR SEMINARIANS, INC."
29/09/2025,White Embro,1,BLAZE
29/09/2025,Shirts all @450 UPSIZE (3XL-4XL),1,JUC
29/09/2025,UST College ID Lace,20,JUC
29/09/2025,UST OAT Hoodie Jacket,1,JUC
29/09/2025,UST OAT T-Shirt Y/B/COLLEGE,11,JUC
29/09/2025,UST T-Shirt Santo Tomas Shirt/UST T-Shirt Tiger Pattern/HAPPY,23,JUC
29/09/2025,UST T-Shirt Sporty,1,JUC
29/09/2025,BASE BALL SHIRT,1,JYL ATHLETICA
29/09/2025,Corp Windbreaker,1,JYL ATHLETICA
29/09/2025,Cotton Black Jacket,1,JYL ATHLETICA
29/09/2025,Cotton Brush Jacket,3,JYL ATHLETICA
29/09/2025,DRI-FIT NEW,1,JYL ATHLETICA
29/09/2025,Jacket,1,JYL ATHLETICA
29/09/2025,Machete v2,1,JYL ATHLETICA
29/09/2025,Poloshirt @800,1,JYL ATHLETICA
29/09/2025,QUIANA SUBLI SHIRT (B&Y),1,JYL ATHLETICA
29/09/2025,Big Car,2,MADEBYRUZ CONSUMER GOODS TRADING
29/09/2025,Tiger Claw Keychain @375,1,MADEBYRUZ CONSUMER GOODS TRADING
29/09/2025,Tiger Costume,1,MADEBYRUZ CONSUMER GOODS TRADING
29/09/2025,Hoodies Breaker,2,NAPOLIZ ENTERPRISES
29/09/2025,Tiger w/ Box,1,STITCH CORP. (BLEEVES)
29/09/2025,Wearable Blanket,1,STITCH CORP. (BLEEVES)
29/09/2025,Arch @320,3,TET AND DARS
29/09/2025,Logo Sticker @25,1,TET AND DARS
29/09/2025,Paper Bag BIG @130,1,TET AND DARS
29/09/2025,Pen @40,4,TET AND DARS
29/09/2025,"Go USTE (W,Y,B) @450",3,THREADMARKED
29/09/2025,"Hoodie UST embro (C,G,Y,B) @1800",2,THREADMARKED
29/09/2025,"Oversized shirt (C,B) @650",4,THREADMARKED
29/09/2025,Two-toned windbreaker @1700,1,THREADMARKED
29/09/2025,5M Magnetic Pin,3,USTORE
29/09/2025,5M Rotating Keychain,4,USTORE
29/09/2025,C. Keychain,6,USTORE
29/09/2025,"Chibi Stickers (S1,S2)",2,USTORE
29/09/2025,Eco Bag,2,USTORE
29/09/2025,ID Case,4,USTORE
29/09/2025,Lanyard @180,21,USTORE
29/09/2025,MJ Sticker Large,4,USTORE
29/09/2025,MJ Sticker Medium,2,USTORE
29/09/2025,MJ Sticker Small,19,USTORE
29/09/2025,New Tiger Plushie Big @850,1,USTORE
29/09/2025,Scarf @490,1,USTORE
29/09/2025,Thick Lanyard,3,USTORE
29/09/2025,Thomasian Kit Set,2,USTORE
29/09/2025,Umb (One For UST),16,USTORE
29/09/2025,New GT Shirts,1,VARSITY LIFESTYLE
29/09/2025,VL Sticker Pack,1,VARSITY LIFESTYLE
30/09/2025,Ballpen 2 Designs @50 (B&Y),2,(Paid)
30/09/2025,Bamboo Notebook @150,3,(Paid)
30/09/2025,Bamboo Pen @60,1,(Paid)
30/09/2025,Corp Jacket V2,4,(Paid)
30/09/2025,Kraft Notebook @130,25,(Paid)
30/09/2025,Woven Tote Bag (SMALL),1,"ASSOCIATION FOR THE EDUCATIONAL ASSISTANCE OF POOR SEMINARIANS, INC."
30/09/2025,Polo Shirt @800,2,BLAZE
30/09/2025,Triple Black Embro,3,BLAZE
30/09/2025,Bomber Jacket,1,JUC
30/09/2025,Shirts all @450 UPSIZE (3XL-4XL),3,JUC
30/09/2025,Shirts all @450 UPSIZE (5XL),1,JUC
30/09/2025,UST College ID Lace,53,JUC
30/09/2025,UST OAT Hoodie Jacket,3,JUC
30/09/2025,UST OAT MUG (B),1,JUC
30/09/2025,"UST OAT MUG (Y,W)",1,JUC
30/09/2025,UST OAT T-Shirt Y/B/COLLEGE,23,JUC
30/09/2025,UST Sweatshirt Sporty,7,JUC
30/09/2025,UST T-Shirt Santo Tomas Shirt/UST T-Shirt Tiger Pattern/HAPPY,35,JUC
30/09/2025,UST T-Shirt Sporty,6,JUC
30/09/2025,BASE BALL SHIRT,1,JYL ATHLETICA
30/09/2025,Corp Windbreaker,3,JYL ATHLETICA
30/09/2025,Cotton Brush Jacket,1,JYL ATHLETICA
30/09/2025,DRI-FIT NEW,5,JYL ATHLETICA
30/09/2025,Jacket,3,JYL ATHLETICA
30/09/2025,Machete v2,4,JYL ATHLETICA
30/09/2025,Poloshirt @800,16,JYL ATHLETICA
30/09/2025,QUIANA SUBLI SHIRT (B&Y),7,JYL ATHLETICA
30/09/2025,Tiger Claw,1,MADEBYRUZ CONSUMER GOODS TRADING
30/09/2025,Tiger Claw Keychain @375,4,MADEBYRUZ CONSUMER GOODS TRADING
30/09/2025,Tiger Headband (2 Designs),1,MADEBYRUZ CONSUMER GOODS TRADING
30/09/2025,Hoodies Breaker,4,NAPOLIZ ENTERPRISES
30/09/2025,UST-Pen W/Box,5,NEW TRENDS
30/09/2025,Baseball Cap METAL @380,10,STITCH CORP. (BLEEVES)
30/09/2025,Wearable Blanket,1,STITCH CORP. (BLEEVES)
30/09/2025,Arch @320,1,TET AND DARS
30/09/2025,Logo Sticker @25,7,TET AND DARS
30/09/2025,Long Sticker @120,3,TET AND DARS
30/09/2025,"Go USTE (W,Y,B) @450",9,THREADMARKED
30/09/2025,"Hoodie UST embro (C,G,Y,B) @1800",13,THREADMARKED
30/09/2025,"Oversized shirt (C,B) @650",1,THREADMARKED
30/09/2025,Two-toned windbreaker @1700,2,THREADMARKED
30/09/2025,5M Magnetic Pin,3,USTORE
30/09/2025,5M Rotating Keychain,15,USTORE
30/09/2025,Aquaflask,16,USTORE
30/09/2025,C. Keychain,1,USTORE
30/09/2025,C. Sticker @120,1,USTORE
30/09/2025,Eco Bag,66,USTORE
30/09/2025,ID Case,3,USTORE
30/09/2025,ID Case v2,31,USTORE
30/09/2025,Lanyard @180,41,USTORE
30/09/2025,MJ Sticker Large,1,USTORE
30/09/2025,MJ Sticker Medium,1,USTORE
30/09/2025,MJ Sticker Small,1,USTORE
30/09/2025,Scarf @490,2,USTORE
30/09/2025,Tote (One For UST),4,USTORE
30/09/2025,Tote (Viva),1,USTORE
30/09/2025,Umb (One For UST),9,USTORE
30/09/2025,Utensil,2,USTORE
30/09/2025,New GT Shirts,5,VARSITY LIFESTYLE
01/10/2025,Ballpen 2 Designs @50 (B&Y),6,(Paid)
01/10/2025,Bamboo Pen @60,1,(Paid)
01/10/2025,Corp Jacket V2,7,(Paid)
01/10/2025,Black Embro,2,BLAZE
01/10/2025,Polo Shirt @800,1,BLAZE
01/10/2025,Triple Black Embro,2,BLAZE
01/10/2025,Shirts all @450 UPSIZE (3XL-4XL),2,JUC
01/10/2025,UST College ID Lace,27,JUC
01/10/2025,UST OAT Hoodie Jacket,5,JUC
01/10/2025,UST OAT MUG (B),1,JUC
01/10/2025,UST OAT T-Shirt Y/B/COLLEGE,19,JUC
01/10/2025,UST Sweatshirt Sporty,1,JUC
01/10/2025,UST T-Shirt Santo Tomas Shirt/UST T-Shirt Tiger Pattern/HAPPY,28,JUC
01/10/2025,UST T-Shirt Sporty,14,JUC
01/10/2025,Corp Jacket,2,JYL ATHLETICA
01/10/2025,Cotton Black Jacket,2,JYL ATHLETICA
01/10/2025,Cotton Brush Jacket,2,JYL ATHLETICA
01/10/2025,Cotton Gray Jacket,4,JYL ATHLETICA
01/10/2025,DRI-FIT NEW,5,JYL ATHLETICA
01/10/2025,Jacket,1,JYL ATHLETICA
01/10/2025,Poloshirt 123456 @860,1,JYL ATHLETICA
01/10/2025,Poloshirt @800,4,JYL ATHLETICA
01/10/2025,QUIANA SUBLI SHIRT (B&Y),2,JYL ATHLETICA
01/10/2025,Small Mystery Car,3,MADEBYRUZ CONSUMER GOODS TRADING
01/10/2025,Tiger Claw,1,MADEBYRUZ CONSUMER GOODS TRADING
01/10/2025,Tiger Claw Keychain @375,4,MADEBYRUZ CONSUMER GOODS TRADING
01/10/2025,Tiger Costume,1,MADEBYRUZ CONSUMER GOODS TRADING
01/10/2025,Back pack,1,NAPOLIZ ENTERPRISES
01/10/2025,Hoodies Breaker,4,NAPOLIZ ENTERPRISES
01/10/2025,Baseball Cap METAL @380,2,STITCH CORP. (BLEEVES)
01/10/2025,Tiger w/ Box,2,STITCH CORP. (BLEEVES)
01/10/2025,Arch @320,1,TET AND DARS
01/10/2025,Logo Sticker @25,5,TET AND DARS
01/10/2025,Long Sticker @120,1,TET AND DARS
01/10/2025,Pen @40,2,TET AND DARS
01/10/2025,"Go USTE (W,Y,B) @450",3,THREADMARKED (CONSIGNMENT)
01/10/2025,"Oversized shirt (V,B) @650",8,THREADMARKED (CONSIGNMENT)
01/10/2025,"Hoodie UST embro (V,G,Y,B) @1800",5,THREADMARKED (PAID)
01/10/2025,Two-toned windbreaker @1700,2,THREADMARKED (PAID)
01/10/2025,5M Magnetic Pin,2,USTORE
01/10/2025,5M Rotating Keychain,2,USTORE
01/10/2025,Aquaflask,1,USTORE
01/10/2025,C. Keychain,6,USTORE
01/10/2025,Clappers,12,USTORE
01/10/2025,Discounted Yellow Lanyard @80,11,USTORE
01/10/2025,ID Case @20,2,USTORE
01/10/2025,ID Case v2 @40,10,USTORE
01/10/2025,Lanyard @180,49,USTORE
01/10/2025,MJ Sticker Large,4,USTORE
01/10/2025,MJ Sticker Medium,11,USTORE
01/10/2025,MJ Sticker Small,24,USTORE
01/10/2025,Scarf @490,1,USTORE
01/10/2025,Tote (One For UST),3,USTORE
01/10/2025,Tote (Viva),5,USTORE
01/10/2025,Travel Mug,2,USTORE
01/10/2025,Umb (One For UST),10,USTORE
01/10/2025,Yellow Notebook,1,USTORE
01/10/2025,New GT Shirts,1,VARSITY LIFESTYLE
01/10/2025,Scarves,1,VARSITY LIFESTYLE
01/10/2025,VL Sticker Pack,2,VARSITY LIFESTYLE
02/10/2025,Ballpen 2 Designs @50 (B&Y),8,(Paid)
02/10/2025,Corp Jacket V2,1,(Paid)
02/10/2025,Kraft Notebook @130,10,(Paid)
02/10/2025,ABSC College Shirt (60th),1,ARTS AND LETTERS (SHIRT HAPPENS)
02/10/2025,Shirts all @450 UPSIZE (3XL-4XL),2,JUC
02/10/2025,UST College ID Lace,11,JUC
02/10/2025,UST OAT Hoodie Jacket,1,JUC
02/10/2025,"UST OAT MUG (Y,W)",3,JUC
02/10/2025,UST OAT T-Shirt Y/B/COLLEGE,3,JUC
02/10/2025,UST Sweatshirt Sporty,1,JUC
02/10/2025,UST T-Shirt Santo Tomas Shirt/UST T-Shirt Tiger Pattern/HAPPY,12,JUC
02/10/2025,UST T-Shirt Sporty,4,JUC
02/10/2025,Corp Jacket,1,JYL ATHLETICA
02/10/2025,Cotton Brush Jacket,2,JYL ATHLETICA
02/10/2025,Poloshirt @800,1,JYL ATHLETICA
02/10/2025,QUIANA SUBLI SHIRT (B&Y),2,JYL ATHLETICA
02/10/2025,Big Car,1,MADEBYRUZ CONSUMER GOODS TRADING
02/10/2025,Tiger Claw,1,MADEBYRUZ CONSUMER GOODS TRADING
02/10/2025,Tiger Claw Keychain @375,7,MADEBYRUZ CONSUMER GOODS TRADING
02/10/2025,UST-Pen W/Box,6,NEW TRENDS
02/10/2025,Baseball Cap METAL @380,1,STITCH CORP. (BLEEVES)
02/10/2025,Tiger w/ Box,3,STITCH CORP. (BLEEVES)
02/10/2025,Wearable Blanket,1,STITCH CORP. (BLEEVES)
02/10/2025,Arch @320,4,TET AND DARS
02/10/2025,Logo Sticker @25,3,TET AND DARS
02/10/2025,Long Sticker @120,1,TET AND DARS
02/10/2025,Pen @40,2,TET AND DARS
02/10/2025,"Oversized shirt (V,B) @650",3,THREADMARKED (CONSIGNMENT)
02/10/2025,"Hoodie UST embro (V,G,Y,B) @1800",2,THREADMARKED (PAID)
02/10/2025,Two-toned windbreaker @1700,1,THREADMARKED (PAID)
02/10/2025,5M Magnetic Pin,1,USTORE
02/10/2025,5M Rotating Keychain,5,USTORE
02/10/2025,Aquaflask,10,USTORE
02/10/2025,Button Pins Big,1,USTORE
02/10/2025,C. Keychain,3,USTORE
02/10/2025,"Chibi Stickers (S1,S2)",1,USTORE
02/10/2025,Eco Bag,15,USTORE
02/10/2025,ID Case v2 @40,3,USTORE
02/10/2025,Insignia Pen,10,USTORE
02/10/2025,Lanyard @180,17,USTORE
02/10/2025,MJ Sticker Large,2,USTORE
02/10/2025,MJ Sticker Medium,4,USTORE
02/10/2025,MJ Sticker Small,6,USTORE
02/10/2025,New Tiger Plushie Big @850,2,USTORE
02/10/2025,New Tiger Plushie Small @750,1,USTORE
02/10/2025,Pencil,10,USTORE
02/10/2025,Tote (Viva),1,USTORE
02/10/2025,Travel Mug,14,USTORE
02/10/2025,Umb (One For UST),10,USTORE
02/10/2025,VL Sticker Pack,2,VARSITY LIFESTYLE
03/10/2025,Ballpen 2 Designs @50 (B&Y),6,(Paid)
03/10/2025,Corp Jacket V2,5,(Paid)
03/10/2025,ABSC College Shirt (60th),1,ARTS AND LETTERS (SHIRT HAPPENS)
03/10/2025,Black Embro,1,BLAZE
03/10/2025,Shirts all @450 UPSIZE (3XL-4XL),2,JUC
03/10/2025,UST College ID Lace,16,JUC
03/10/2025,UST OAT Hoodie Jacket,3,JUC
03/10/2025,UST OAT MUG (B),1,JUC
03/10/2025,"UST OAT MUG (Y,W)",1,JUC
03/10/2025,UST OAT T-Shirt Y/B/COLLEGE,9,JUC
03/10/2025,UST T-Shirt Santo Tomas Shirt/UST T-Shirt Tiger Pattern/HAPPY,20,JUC
03/10/2025,UST T-Shirt Sporty,9,JUC
03/10/2025,Cotton Brush Jacket,3,JYL ATHLETICA
03/10/2025,Cotton Gray Jacket,1,JYL ATHLETICA
03/10/2025,DRI-FIT NEW,2,JYL ATHLETICA
03/10/2025,Jacket,1,JYL ATHLETICA
03/10/2025,Machete v2,1,JYL ATHLETICA
03/10/2025,Poloshirt 123456 @860,1,JYL ATHLETICA
03/10/2025,Poloshirt @800,6,JYL ATHLETICA
03/10/2025,QUIANA SUBLI SHIRT (B&Y),3,JYL ATHLETICA
03/10/2025,Tiger Claw Keychain @375,33,MADEBYRUZ CONSUMER GOODS TRADING
03/10/2025,Back pack,1,NAPOLIZ ENTERPRISES
03/10/2025,Hoodies Breaker,3,NAPOLIZ ENTERPRISES
03/10/2025,Logo Sticker @25,3,TET AND DARS
03/10/2025,"Go USTE (W,Y,B) @450",4,THREADMARKED (CONSIGNMENT)
03/10/2025,"Hoodie UST embro (V,G,Y,B) @1800",6,THREADMARKED (PAID)
03/10/2025,5M Magnetic Pin,1,USTORE
03/10/2025,5M Rotating Keychain,2,USTORE
03/10/2025,Button Pins Small,3,USTORE
03/10/2025,C. Keychain,5,USTORE
03/10/2025,Clappers,2,USTORE
03/10/2025,Discounted Yellow Lanyard @80,2,USTORE
03/10/2025,ID Case v2 @40,7,USTORE
03/10/2025,Lanyard @180,45,USTORE
03/10/2025,MJ Sticker Medium,1,USTORE
03/10/2025,MJ Sticker Small,3,USTORE
03/10/2025,New Tiger Plushie Big @850,1,USTORE
03/10/2025,Travel Mug,11,USTORE
03/10/2025,Umb (One For UST),11,USTORE
03/10/2025,New GT Shirts,1,VARSITY LIFESTYLE
03/10/2025,Scarves,1,VARSITY LIFESTYLE
04/10/2025,Ballpen 2 Designs @50 (B&Y),21,(Paid)
04/10/2025,Bamboo Pen @60,4,(Paid)
04/10/2025,Corp Jacket V2,5,(Paid)
04/10/2025,Black Embro,3,BLAZE
04/10/2025,Polo Shirt @800,1,BLAZE
04/10/2025,Triple Black Embro,1,BLAZE
04/10/2025,White Embro,1,BLAZE
04/10/2025,Shirts all @450 UPSIZE (3XL-4XL),1,JUC
04/10/2025,Shirts all @450 UPSIZE (5XL),1,JUC
04/10/2025,UST College ID Lace,12,JUC
04/10/2025,UST OAT Hoodie Jacket,2,JUC
04/10/2025,UST OAT MUG (B),4,JUC
04/10/2025,UST OAT T-Shirt Y/B/COLLEGE,16,JUC
04/10/2025,UST Sweatshirt Sporty,1,JUC
04/10/2025,UST T-Shirt Santo Tomas Shirt/UST T-Shirt Tiger Pattern/HAPPY,50,JUC
04/10/2025,UST T-Shirt Sporty,14,JUC
04/10/2025,Corp Jacket,2,JYL ATHLETICA
04/10/2025,Cotton Brush Jacket,4,JYL ATHLETICA
04/10/2025,Cotton Gray Jacket,1,JYL ATHLETICA
04/10/2025,DRI-FIT NEW,4,JYL ATHLETICA
04/10/2025,Poloshirt @800,2,JYL ATHLETICA
04/10/2025,QUIANA SUBLI SHIRT (B&Y),4,JYL ATHLETICA
04/10/2025,Small Mystery Car,2,MADEBYRUZ CONSUMER GOODS TRADING
04/10/2025,Tiger Claw,4,MADEBYRUZ CONSUMER GOODS TRADING
04/10/2025,Tiger Costume,1,MADEBYRUZ CONSUMER GOODS TRADING
04/10/2025,Tiger Headband (2 Designs),4,MADEBYRUZ CONSUMER GOODS TRADING
04/10/2025,Baseball Cap METAL @380,2,STITCH CORP. (BLEEVES)
04/10/2025,Tiger w/ Box,1,STITCH CORP. (BLEEVES)
04/10/2025,Wearable Blanket,1,STITCH CORP. (BLEEVES)
04/10/2025,Logo Sticker @25,3,TET AND DARS
04/10/2025,Long Sticker @120,1,TET AND DARS
04/10/2025,Pen @40,4,TET AND DARS
04/10/2025,"Go USTE (W,Y,B) @450",5,THREADMARKED (CONSIGNMENT)
04/10/2025,"Hoodie UST embro (V,G,Y,B) @1800",5,THREADMARKED (PAID)
04/10/2025,Two-toned windbreaker @1700,6,THREADMARKED (PAID)
04/10/2025,5M Magnetic Pin,2,USTORE
04/10/2025,5M Rotating Keychain,2,USTORE
04/10/2025,Blanca Pen,2,USTORE
04/10/2025,Button Pins Big,1,USTORE
04/10/2025,Button Pins Small,1,USTORE
04/10/2025,C. Keychain,8,USTORE
04/10/2025,"Chibi Stickers (S1,S2)",3,USTORE
04/10/2025,Clappers,1,USTORE
04/10/2025,Discounted Yellow Lanyard @80,4,USTORE
04/10/2025,Eco Bag,2,USTORE
04/10/2025,ID Case v2 @40,7,USTORE
04/10/2025,Lanyard @180,27,USTORE
04/10/2025,MJ Sticker Large,7,USTORE
04/10/2025,MJ Sticker Medium,8,USTORE
04/10/2025,MJ Sticker Small,22,USTORE
04/10/2025,New Tiger Plushie Big @850,2,USTORE
04/10/2025,New Tiger Plushie Small @750,5,USTORE
04/10/2025,Tote (One For UST),2,USTORE
04/10/2025,Tote (Viva),2,USTORE
04/10/2025,Tote Bag Canvas White,2,USTORE
04/10/2025,Umb (One For UST),3,USTORE
04/10/2025,Yellow Notebook,6,USTORE
04/10/2025,VL Sticker Pack,2,VARSITY LIFESTYLE
06/10/2025,Ballpen 2 Designs @50 (B&Y),3,(Paid)
06/10/2025,Bamboo Notebook @150,4,(Paid)
06/10/2025,Bamboo Pen @60,1,(Paid)
06/10/2025,ABSC College Shirt (60th),1,ARTS AND LETTERS (SHIRT HAPPENS)
06/10/2025,Polo Shirt @800,3,BLAZE
06/10/2025,White Embro,2,BLAZE
06/10/2025,UST College ID Lace,8,JUC
06/10/2025,UST OAT Hoodie Jacket,3,JUC
06/10/2025,UST OAT T-Shirt Y/B/COLLEGE,7,JUC
06/10/2025,UST T-Shirt Santo Tomas Shirt/UST T-Shirt Tiger Pattern/HAPPY,13,JUC
06/10/2025,Corp Jacket,3,JYL ATHLETICA
06/10/2025,Cotton Black Jacket,1,JYL ATHLETICA
06/10/2025,Cotton Gray Jacket,1,JYL ATHLETICA
06/10/2025,DRI-FIT NEW,2,JYL ATHLETICA
06/10/2025,Machete v2,2,JYL ATHLETICA
06/10/2025,Poloshirt @800,3,JYL ATHLETICA
06/10/2025,QUIANA SUBLI SHIRT (B&Y),3,JYL ATHLETICA
06/10/2025,Tiger Claw,1,MADEBYRUZ CONSUMER GOODS TRADING
06/10/2025,Tiger Headband (2 Designs),3,MADEBYRUZ CONSUMER GOODS TRADING
06/10/2025,UST-Pen W/Box,1,NEW TRENDS
06/10/2025,Tiger w/ Box,1,STITCH CORP. (BLEEVES)
06/10/2025,Logo Sticker @25,2,TET AND DARS
06/10/2025,Long Sticker @120,2,TET AND DARS
06/10/2025,Pen @40,1,TET AND DARS
06/10/2025,"Go USTE (W,Y,B) @450",2,THREADMARKED (CONSIGNMENT)
06/10/2025,"Hoodie UST embro (V,G,Y,B) @1800",3,THREADMARKED (PAID)
06/10/2025,Two-toned windbreaker @1700,1,THREADMARKED (PAID)
06/10/2025,5M Magnetic Pin,3,USTORE
06/10/2025,5M Rotating Keychain,4,USTORE
06/10/2025,Bookmark,1,USTORE
06/10/2025,Button Pins Big,1,USTORE
06/10/2025,C. Keychain,2,USTORE
06/10/2025,Discounted Yellow Lanyard @80,5,USTORE
06/10/2025,Eco Bag,1,USTORE
06/10/2025,ID Case v2 @40,2,USTORE
06/10/2025,Insignia Pen,1,USTORE
06/10/2025,Lanyard @180,9,USTORE
06/10/2025,MJ Sticker Large,1,USTORE
06/10/2025,MJ Sticker Medium,5,USTORE
06/10/2025,MJ Sticker Small,14,USTORE
06/10/2025,Pencil,3,USTORE
06/10/2025,Tote (One For UST),1,USTORE
06/10/2025,Tote (Viva),2,USTORE
06/10/2025,Umb (One For UST),1,USTORE
06/10/2025,Yellow Notebook,1,USTORE
07/10/2025,Ballpen 2 Designs @50 (B&Y),3,(Paid)
07/10/2025,Bamboo Pen @60,1,(Paid)
07/10/2025,Corp Jacket V2,3,(Paid)
07/10/2025,Kraft Notebook @130,10,(Paid)
07/10/2025,Polo Shirt @800,2,BLAZE
07/10/2025,Shirts all @450 UPSIZE (3XL-4XL),1,JUC
07/10/2025,UST College ID Lace,16,JUC
07/10/2025,UST OAT Hoodie Jacket,1,JUC
07/10/2025,UST OAT T-Shirt Y/B/COLLEGE,66,JUC
07/10/2025,UST T-Shirt Santo Tomas Shirt/UST T-Shirt Tiger Pattern/HAPPY,13,JUC
07/10/2025,UST T-Shirt Sporty,3,JUC
07/10/2025,Corp Windbreaker,1,JYL ATHLETICA
07/10/2025,Cotton Brush Jacket,3,JYL ATHLETICA
07/10/2025,DRI-FIT NEW,1,JYL ATHLETICA
07/10/2025,Jacket,1,JYL ATHLETICA
07/10/2025,Poloshirt @800,1,JYL ATHLETICA
07/10/2025,QUIANA SUBLI SHIRT (B&Y),1,JYL ATHLETICA
07/10/2025,Tiger Claw,1,MADEBYRUZ CONSUMER GOODS TRADING
07/10/2025,Baseball Cap METAL @380,1,STITCH CORP. (BLEEVES)
07/10/2025,Arch @320,10,TET AND DARS
07/10/2025,Long Sticker @120,10,TET AND DARS
07/10/2025,Pen @40,1,TET AND DARS
07/10/2025,"Go USTE (W,Y,B) @450",4,THREADMARKED (CONSIGNMENT)
07/10/2025,"Hoodie UST embro (V,G,Y,B) @1800",3,THREADMARKED (PAID)
07/10/2025,Two-toned windbreaker @1700,5,THREADMARKED (PAID)
07/10/2025,5M Rotating Keychain,7,USTORE
07/10/2025,C. Keychain,2,USTORE
07/10/2025,C. Sticker @120,1,USTORE
07/10/2025,"Chibi Stickers (S1,S2)",2,USTORE
07/10/2025,Discounted Yellow Lanyard @80,4,USTORE
07/10/2025,ID Case v2 @40,4,USTORE
07/10/2025,Lanyard @180,25,USTORE
07/10/2025,MJ Sticker Large,2,USTORE
07/10/2025,MJ Sticker Medium,9,USTORE
07/10/2025,MJ Sticker Small,7,USTORE
07/10/2025,New Tiger Plushie Small @750,1,USTORE
07/10/2025,Tote (One For UST),1,USTORE
07/10/2025,Tote (Viva),2,USTORE
07/10/2025,Tote Bag Canvas White,11,USTORE
07/10/2025,Travel Mug,1,USTORE
07/10/2025,Umb (One For UST),16,USTORE
07/10/2025,VL Sticker Pack,1,VARSITY LIFESTYLE
08/10/2025,Ballpen 2 Designs @50 (B&Y),1,(Paid)
08/10/2025,Corp Jacket V2,4,(Paid)
08/10/2025,Kraft Notebook @130,7,(Paid)
08/10/2025,Polo Shirt @800,1,BLAZE
08/10/2025,UST College ID Lace,7,JUC
08/10/2025,"UST OAT MUG (Y,W)",1,JUC
08/10/2025,UST OAT T-Shirt Y/B/COLLEGE,6,JUC
08/10/2025,UST T-Shirt Santo Tomas Shirt/UST T-Shirt Tiger Pattern/HAPPY,6,JUC
08/10/2025,UST T-Shirt Sporty,2,JUC
08/10/2025,BASE BALL SHIRT,1,JYL ATHLETICA
08/10/2025,Corp Jacket,1,JYL ATHLETICA
08/10/2025,Cotton Brush Jacket,1,JYL ATHLETICA
08/10/2025,Poloshirt @800,1,JYL ATHLETICA
08/10/2025,Hoodies Breaker,1,NAPOLIZ ENTERPRISES
08/10/2025,UST-Pen W/Box,6,NEW TRENDS
08/10/2025,Baseball Cap METAL @380,1,STITCH CORP. (BLEEVES)
08/10/2025,Pen @40,1,TET AND DARS
08/10/2025,"Go USTE (W,Y,B) @450",4,THREADMARKED (CONSIGNMENT)
08/10/2025,"Hoodie UST embro (V,G,Y,B) @1800",1,THREADMARKED (PAID)
08/10/2025,5M Magnetic Pin,3,USTORE
08/10/2025,5M Rotating Keychain,2,USTORE
08/10/2025,C. Keychain,1,USTORE
08/10/2025,"Chibi Stickers (S1,S2)",5,USTORE
08/10/2025,Clappers,1,USTORE
08/10/2025,Discounted Yellow Lanyard @80,1,USTORE
08/10/2025,ID Case v2 @40,2,USTORE
08/10/2025,Lanyard @180,22,USTORE
08/10/2025,MJ Sticker Medium,2,USTORE
08/10/2025,MJ Sticker Small,2,USTORE
08/10/2025,Umb (One For UST),1,USTORE
08/10/2025,VL Sticker Pack,1,VARSITY LIFESTYLE
09/10/2025,Ballpen 2 Designs @50 (B&Y),18,(Paid)
09/10/2025,Bamboo Notebook @150,9,(Paid)
09/10/2025,Bamboo Pen @60,4,(Paid)
09/10/2025,Corp Jacket V2,3,(Paid)
09/10/2025,Kraft Notebook @130,2,(Paid)
09/10/2025,White Embro,6,BLAZE
09/10/2025,UST College ID Lace,23,JUC
09/10/2025,UST OAT Hoodie Jacket,4,JUC
09/10/2025,UST OAT MUG (B),4,JUC
09/10/2025,"UST OAT MUG (Y,W)",1,JUC
09/10/2025,UST OAT T-Shirt Y/B/COLLEGE,26,JUC
09/10/2025,UST Sweatshirt Sporty,2,JUC
09/10/2025,UST T-Shirt Santo Tomas Shirt/UST T-Shirt Tiger Pattern/HAPPY,26,JUC
09/10/2025,UST T-Shirt Sporty,12,JUC
09/10/2025,Cotton Brush Jacket,1,JYL ATHLETICA
09/10/2025,Cotton Gray Jacket,1,JYL ATHLETICA
09/10/2025,DRI-FIT NEW,1,JYL ATHLETICA
09/10/2025,Machete v2,1,JYL ATHLETICA
09/10/2025,Poloshirt 123456 @860,1,JYL ATHLETICA
09/10/2025,Poloshirt @800,1,JYL ATHLETICA
09/10/2025,QUIANA SUBLI SHIRT (B&Y),11,JYL ATHLETICA
09/10/2025,Tiger Headband (2 Designs),1,MADEBYRUZ CONSUMER GOODS TRADING
09/10/2025,Hoodies Breaker,1,NAPOLIZ ENTERPRISES
09/10/2025,Baseball Cap METAL @380,5,STITCH CORP. (BLEEVES)
09/10/2025,Tiger w/ Box,2,STITCH CORP. (BLEEVES)
09/10/2025,Arch @320,4,TET AND DARS
09/10/2025,Logo Sticker @25,4,TET AND DARS
09/10/2025,Pen @40,5,TET AND DARS
09/10/2025,"Go USTE (W,Y,B) @450",9,THREADMARKED (CONSIGNMENT)
09/10/2025,"Oversized shirt (V,B) @650",2,THREADMARKED (CONSIGNMENT)
09/10/2025,"Hoodie UST embro (V,G,Y,B) @1800",1,THREADMARKED (PAID)
09/10/2025,Two-toned windbreaker @1700,3,THREADMARKED (PAID)
09/10/2025,5M Magnetic Pin,1,USTORE
09/10/2025,5M Rotating Keychain,9,USTORE
09/10/2025,Aquaflask,2,USTORE
09/10/2025,Button Pins Small,5,USTORE
09/10/2025,"Chibi Stickers (S1,S2)",1,USTORE
09/10/2025,Clappers,6,USTORE
09/10/2025,Discounted Yellow Lanyard @80,22,USTORE
09/10/2025,Eco Bag,7,USTORE
09/10/2025,ID Case v2 @40,5,USTORE
09/10/2025,Insignia Pen,1,USTORE
09/10/2025,Lanyard @180,17,USTORE
09/10/2025,MJ Sticker Large,5,USTORE
09/10/2025,MJ Sticker Medium,11,USTORE
09/10/2025,MJ Sticker Small,16,USTORE
09/10/2025,New Tiger Plushie Big @850,14,USTORE
09/10/2025,New Tiger Plushie Small @750,4,USTORE
09/10/2025,Tote (Viva),1,USTORE
09/10/2025,Tote Bag Canvas White,1,USTORE
09/10/2025,Travel Mug,3,USTORE
09/10/2025,Umb (One For UST),4,USTORE
09/10/2025,Scarves,1,VARSITY LIFESTYLE
10/10/2025,Ballpen 2 Designs @50 (B&Y),3,(Paid)
10/10/2025,Bamboo Pen @60,2,(Paid)
10/10/2025,Black Embro,3,BLAZE
10/10/2025,Polo Shirt @800,1,BLAZE
10/10/2025,Triple Black Embro,1,BLAZE
10/10/2025,White Embro,2,BLAZE
10/10/2025,Bomber Jacket,1,JUC
10/10/2025,UST College ID Lace,16,JUC
10/10/2025,UST OAT MUG (B),1,JUC
10/10/2025,UST OAT T-Shirt Y/B/COLLEGE,9,JUC
10/10/2025,UST Sweatshirt Sporty,1,JUC
10/10/2025,UST T-Shirt Santo Tomas Shirt/UST T-Shirt Tiger Pattern/HAPPY,25,JUC
10/10/2025,UST T-Shirt Sporty,9,JUC
10/10/2025,BASE BALL SHIRT,1,JYL ATHLETICA
10/10/2025,Corp Jacket,1,JYL ATHLETICA
10/10/2025,DRI-FIT NEW,1,JYL ATHLETICA
10/10/2025,Machete v2,2,JYL ATHLETICA
10/10/2025,Poloshirt @800,5,JYL ATHLETICA
10/10/2025,QUIANA SUBLI SHIRT (B&Y),2,JYL ATHLETICA
10/10/2025,Small Mystery Car,2,MADEBYRUZ CONSUMER GOODS TRADING
10/10/2025,Tiger Headband (2 Designs),1,MADEBYRUZ CONSUMER GOODS TRADING
10/10/2025,Hoodies Breaker,1,NAPOLIZ ENTERPRISES
10/10/2025,Baseball Cap METAL @380,2,STITCH CORP. (BLEEVES)
10/10/2025,Long Sticker @120,1,TET AND DARS
10/10/2025,Pen @40,2,TET AND DARS
10/10/2025,"Go USTE (W,Y,B) @450",7,THREADMARKED (CONSIGNMENT)
10/10/2025,"Oversized shirt (V,B) @650",1,THREADMARKED (CONSIGNMENT)
10/10/2025,"Hoodie UST embro (V,G,Y,B) @1800",6,THREADMARKED (PAID)
10/10/2025,Two-toned windbreaker @1700,3,THREADMARKED (PAID)
10/10/2025,5M Magnetic Pin,1,USTORE
10/10/2025,Aquaflask,1,USTORE
10/10/2025,Button Pins Small,1,USTORE
10/10/2025,C. Keychain,5,USTORE
10/10/2025,C. Sticker @120,1,USTORE
10/10/2025,"Chibi Stickers (S1,S2)",1,USTORE
10/10/2025,Clappers,2,USTORE
10/10/2025,Discounted Yellow Lanyard @80,4,USTORE
10/10/2025,ID Case v2 @40,8,USTORE
10/10/2025,Insignia Pen,1,USTORE
10/10/2025,Lanyard @180,35,USTORE
10/10/2025,MJ Sticker Large,1,USTORE
10/10/2025,MJ Sticker Medium,8,USTORE
10/10/2025,MJ Sticker Small,6,USTORE
10/10/2025,New Tiger Plushie Big @850,2,USTORE
10/10/2025,New Tiger Plushie Small @750,2,USTORE
10/10/2025,Tote (Viva),13,USTORE
10/10/2025,Umb (One For UST),7,USTORE
10/10/2025,New GT Shirts,1,VARSITY LIFESTYLE
10/10/2025,Scarves,1,VARSITY LIFESTYLE
13/10/2025,Ballpen 2 Designs @50 (B&Y),37,(Paid)
13/10/2025,Corp Jacket V2,1,(Paid)
13/10/2025,Kraft Notebook @130,1,(Paid)
13/10/2025,ABSC College Shirt (60th),1,ARTS AND LETTERS (SHIRT HAPPENS)
13/10/2025,Polo Shirt @800,1,BLAZE
13/10/2025,UST College ID Lace,9,JUC
13/10/2025,UST OAT MUG (B),1,JUC
13/10/2025,"UST OAT MUG (Y,W)",7,JUC
13/10/2025,UST OAT T-Shirt Y/B/COLLEGE,5,JUC
13/10/2025,UST Sweatshirt Sporty,3,JUC
13/10/2025,UST T-Shirt Santo Tomas Shirt/UST T-Shirt Tiger Pattern/HAPPY,12,JUC
13/10/2025,UST T-Shirt Sporty,2,JUC
13/10/2025,Corp Jacket,1,JYL ATHLETICA
13/10/2025,Cotton Brush Jacket,1,JYL ATHLETICA
13/10/2025,Cotton Gray Jacket,3,JYL ATHLETICA
13/10/2025,DRI-FIT NEW,1,JYL ATHLETICA
13/10/2025,Poloshirt @800,1,JYL ATHLETICA
13/10/2025,QUIANA SUBLI SHIRT (B&Y),1,JYL ATHLETICA
13/10/2025,Small Mystery Car,1,MADEBYRUZ CONSUMER GOODS TRADING
13/10/2025,Tiger Headband (2 Designs),2,MADEBYRUZ CONSUMER GOODS TRADING
13/10/2025,Hoodies Breaker,3,NAPOLIZ ENTERPRISES
13/10/2025,Baseball Cap METAL @380,1,STITCH CORP. (BLEEVES)
13/10/2025,Logo Sticker @25,6,TET AND DARS
13/10/2025,Long Sticker @120,2,TET AND DARS
13/10/2025,Pen @40,1,TET AND DARS
13/10/2025,"Go USTE (W,Y,B) @450",2,THREADMARKED (CONSIGNMENT)
13/10/2025,"Oversized shirt (V,B) @650",1,THREADMARKED (CONSIGNMENT)
13/10/2025,"Hoodie UST embro (V,G,Y,B) @1800",4,THREADMARKED (PAID)
13/10/2025,Two-toned windbreaker @1700,1,THREADMARKED (PAID)
13/10/2025,5M Magnetic Pin,2,USTORE
13/10/2025,5M Rotating Keychain,10,USTORE
13/10/2025,Aquaflask,1,USTORE
13/10/2025,Button Pins Small,1,USTORE
13/10/2025,C. Keychain,4,USTORE
13/10/2025,"Chibi Stickers (S1,S2)",4,USTORE
13/10/2025,Clappers,2,USTORE
13/10/2025,Discounted Yellow Lanyard @80,2,USTORE
13/10/2025,ID Case v2 @40,7,USTORE
13/10/2025,Lanyard @180,18,USTORE
13/10/2025,MJ Sticker Small,4,USTORE
13/10/2025,New Tiger Plushie Big @850,1,USTORE
13/10/2025,New Tiger Plushie Small @750,3,USTORE
13/10/2025,Scarf @490,1,USTORE
13/10/2025,Tote (Viva),5,USTORE
13/10/2025,Tote Bag Canvas White,1,USTORE
13/10/2025,Travel Mug,2,USTORE
13/10/2025,Umb (One For UST),5,USTORE
13/10/2025,Yellow Notebook,7,USTORE
13/10/2025,New GT Shirts,1,VARSITY LIFESTYLE
14/10/2025,Ballpen 2 Designs @50 (B&Y),3,(Paid)
14/10/2025,Bamboo Notebook @150,4,(Paid)
14/10/2025,Bamboo Pen @60,1,(Paid)
14/10/2025,Corp Jacket V2,1,(Paid)
14/10/2025,Kraft Notebook @130,1,(Paid)
14/10/2025,Black Embro,1,BLAZE
14/10/2025,White Embro,2,BLAZE
14/10/2025,Bomber Jacket,2,JUC
14/10/2025,Shirts all @450 UPSIZE (3XL-4XL),1,JUC
14/10/2025,UST College ID Lace,11,JUC
14/10/2025,"UST OAT MUG (Y,W)",5,JUC
14/10/2025,UST OAT T-Shirt Y/B/COLLEGE,10,JUC
14/10/2025,UST T-Shirt Santo Tomas Shirt/UST T-Shirt Tiger Pattern/HAPPY,17,JUC
14/10/2025,UST T-Shirt Sporty,4,JUC
14/10/2025,Cotton Black Jacket,1,JYL ATHLETICA
14/10/2025,Cotton Gray Jacket,1,JYL ATHLETICA
14/10/2025,DRI-FIT NEW,4,JYL ATHLETICA
14/10/2025,Jacket,1,JYL ATHLETICA
14/10/2025,Poloshirt @800,3,JYL ATHLETICA
14/10/2025,QUIANA SUBLI SHIRT (B&Y),3,JYL ATHLETICA
14/10/2025,Tiger Claw,1,MADEBYRUZ CONSUMER GOODS TRADING
14/10/2025,Tiger Claw Keychain @375,5,MADEBYRUZ CONSUMER GOODS TRADING
14/10/2025,Tiger Costume,2,MADEBYRUZ CONSUMER GOODS TRADING
14/10/2025,Tiger Headband (2 Designs),1,MADEBYRUZ CONSUMER GOODS TRADING
14/10/2025,UST-Pen W/Box,2,NEW TRENDS
14/10/2025,Tiger w/ Box,3,STITCH CORP. (BLEEVES)
14/10/2025,Pen @40,1,TET AND DARS
14/10/2025,"Go USTE (W,Y,B) @450",4,THREADMARKED (CONSIGNMENT)
14/10/2025,"Oversized shirt (V,B) @650",3,THREADMARKED (CONSIGNMENT)
14/10/2025,"Hoodie UST embro (V,G,Y,B) @1800",2,THREADMARKED (PAID)
14/10/2025,Two-toned windbreaker @1700,1,THREADMARKED (PAID)
14/10/2025,5M Magnetic Pin,1,USTORE
14/10/2025,5M Rotating Keychain,1,USTORE
14/10/2025,Aquaflask,2,USTORE
14/10/2025,Button Pins Small,1,USTORE
14/10/2025,C. Keychain,3,USTORE
14/10/2025,"Chibi Stickers (S1,S2)",3,USTORE
14/10/2025,Discounted Yellow Lanyard @80,4,USTORE
14/10/2025,Eco Bag,3,USTORE
14/10/2025,ID Case v2 @40,3,USTORE
14/10/2025,Insignia Pen,1,USTORE
14/10/2025,Lanyard @180,29,USTORE
14/10/2025,MJ Sticker Bundle,1,USTORE
14/10/2025,MJ Sticker Large,4,USTORE
14/10/2025,MJ Sticker Medium,6,USTORE
14/10/2025,MJ Sticker Small,8,USTORE
14/10/2025,New Tiger Plushie Big @850,12,USTORE
14/10/2025,New Tiger Plushie Small @750,1,USTORE
14/10/2025,Pencil,2,USTORE
14/10/2025,Thomasian Kit Set,3,USTORE
14/10/2025,Tote (Viva),2,USTORE
14/10/2025,Tote Bag Canvas White,8,USTORE
14/10/2025,Travel Mug,15,USTORE
14/10/2025,Umb (One For UST),7,USTORE
14/10/2025,Utensil,1,USTORE
14/10/2025,Yellow Notebook,1,USTORE
14/10/2025,New GT Shirts,1,VARSITY LIFESTYLE
14/10/2025,Shirts,1,VARSITY LIFESTYLE
17/10/2025,Ballpen 2 Designs @50 (B&Y),18,(Paid)
17/10/2025,Bamboo Notebook @150,8,(Paid)
17/10/2025,Bamboo Pen @60,17,(Paid)
17/10/2025,Corp Jacket V2,5,(Paid)
17/10/2025,Kraft Notebook @130,2,(Paid)
17/10/2025,ABSC College Shirt (60th),1,ARTS AND LETTERS (SHIRT HAPPENS)
17/10/2025,Polo Shirt @800,1,BLAZE
17/10/2025,Triple Black Embro,1,BLAZE
17/10/2025,Shirts all @450 UPSIZE (3XL-4XL),4,JUC
17/10/2025,Shirts all @450 UPSIZE (5XL),2,JUC
17/10/2025,UST College ID Lace,14,JUC
17/10/2025,UST OAT Hoodie Jacket,2,JUC
17/10/2025,UST OAT MUG (B),9,JUC
17/10/2025,"UST OAT MUG (Y,W)",2,JUC
17/10/2025,UST OAT T-Shirt Y/B/COLLEGE,21,JUC
17/10/2025,UST Sweatshirt Sporty,3,JUC
17/10/2025,UST T-Shirt Santo Tomas Shirt/UST T-Shirt Tiger Pattern/HAPPY,37,JUC
17/10/2025,UST T-Shirt Sporty,6,JUC
17/10/2025,Corp Jacket,4,JYL ATHLETICA
17/10/2025,Cotton Black Jacket,1,JYL ATHLETICA
17/10/2025,Cotton Brush Jacket,1,JYL ATHLETICA
17/10/2025,DRI-FIT NEW,1,JYL ATHLETICA
17/10/2025,Jacket,2,JYL ATHLETICA
17/10/2025,Machete v2,1,JYL ATHLETICA
17/10/2025,Poloshirt @800,4,JYL ATHLETICA
17/10/2025,QUIANA SUBLI SHIRT (B&Y),5,JYL ATHLETICA
17/10/2025,Tiger Claw Keychain @375,3,MADEBYRUZ CONSUMER GOODS TRADING
17/10/2025,Tiger Headband (2 Designs),2,MADEBYRUZ CONSUMER GOODS TRADING
17/10/2025,Baseball Cap METAL @380,1,STITCH CORP. (BLEEVES)
17/10/2025,Tiger w/ Box,2,STITCH CORP. (BLEEVES)
17/10/2025,Arch @320,1,TET AND DARS
17/10/2025,Logo Sticker @25,8,TET AND DARS
17/10/2025,Pen @40,15,TET AND DARS
17/10/2025,"Go USTE (W,Y,B) @450",1,THREADMARKED (CONSIGNMENT)
17/10/2025,"Oversized shirt (V,B) @650",2,THREADMARKED (CONSIGNMENT)
17/10/2025,"Hoodie UST embro (V,G,Y,B) @1800",7,THREADMARKED (PAID)
17/10/2025,Two-toned windbreaker @1700,1,THREADMARKED (PAID)
17/10/2025,5M Magnetic Pin,3,USTORE
17/10/2025,5M Rotating Keychain,14,USTORE
17/10/2025,Aquaflask,3,USTORE
17/10/2025,Button Pins Small,2,USTORE
17/10/2025,C. Keychain,5,USTORE
17/10/2025,"Chibi Stickers (S1,S2)",2,USTORE
17/10/2025,Discounted Yellow Lanyard @80,18,USTORE
17/10/2025,Eco Bag,13,USTORE
17/10/2025,ID Case v2 @40,8,USTORE
17/10/2025,Lanyard @180,25,USTORE
17/10/2025,MJ Sticker Large,8,USTORE
17/10/2025,MJ Sticker Medium,3,USTORE
17/10/2025,MJ Sticker Small,5,USTORE
17/10/2025,New Tiger Plushie Big @850,8,USTORE
17/10/2025,New Tiger Plushie Small @750,2,USTORE
17/10/2025,Notelet,5,USTORE
17/10/2025,Pencil,1,USTORE
17/10/2025,Scarf @490,1,USTORE
17/10/2025,Tote (Viva),6,USTORE
17/10/2025,Tote Bag Canvas White,1,USTORE
17/10/2025,Umb (One For UST),3,USTORE
17/10/2025,Utensil,1,USTORE
17/10/2025,Yellow Notebook,3,USTORE
17/10/2025,New GT Shirts,2,VARSITY LIFESTYLE
19/10/2025,Ballpen 2 Designs @50 (B&Y),20,(Paid)
19/10/2025,Corp Jacket V2,8,(Paid)
19/10/2025,White Embro,6,BLAZE
19/10/2025,Shirts all @450 UPSIZE (3XL-4XL),4,JUC
19/10/2025,UST OAT Hoodie Jacket,7,JUC
19/10/2025,UST OAT T-Shirt Y/B/COLLEGE,28,JUC
19/10/2025,UST Sweatshirt Sporty,6,JUC
19/10/2025,UST T-Shirt Santo Tomas Shirt/UST T-Shirt Tiger Pattern/HAPPY,86,JUC
19/10/2025,UST T-Shirt Sporty,19,JUC
19/10/2025,Corp Jacket,5,JYL ATHLETICA
19/10/2025,Cotton Black Jacket,4,JYL ATHLETICA
19/10/2025,Cotton Brush Jacket,3,JYL ATHLETICA
19/10/2025,Cotton Gray Jacket,7,JYL ATHLETICA
19/10/2025,Jacket,3,JYL ATHLETICA
19/10/2025,Machete v2,1,JYL ATHLETICA
19/10/2025,VB Jersey without Sig @1500,1,JYL ATHLETICA
19/10/2025,Tiger Claw Keychain @375,15,MADEBYRUZ CONSUMER GOODS TRADING
19/10/2025,Tiger Headband (2 Designs),3,MADEBYRUZ CONSUMER GOODS TRADING
19/10/2025,Baseball Cap METAL @380,3,STITCH CORP. (BLEEVES)
19/10/2025,Long Sticker @120,2,TET AND DARS
19/10/2025,"Go USTE (W,Y,B) @450",1,THREADMARKED (CONSIGNMENT)
19/10/2025,"Hoodie UST embro (V,G,Y,B) @1800",22,THREADMARKED (PAID)
19/10/2025,5M Magnetic Pin,18,USTORE
19/10/2025,5M Rotating Keychain,38,USTORE
19/10/2025,Aquaflask,3,USTORE
19/10/2025,"Chibi Stickers (S1,S2)",8,USTORE
19/10/2025,Clappers,1,USTORE
19/10/2025,Discounted Yellow Lanyard @80,29,USTORE
19/10/2025,Eco Bag,4,USTORE
19/10/2025,Lanyard @180,56,USTORE
19/10/2025,New Tiger Plushie Big @850,3,USTORE
19/10/2025,New Tiger Plushie Small @750,3,USTORE
19/10/2025,Pencil,3,USTORE
19/10/2025,Tote (Viva),5,USTORE
19/10/2025,Tote Bag Canvas White,13,USTORE
19/10/2025,Travel Mug,7,USTORE
19/10/2025,Umb (One For UST),38,USTORE
19/10/2025,Keychain,13,VARSITY LIFESTYLE
19/10/2025,Lanyard,27,VARSITY LIFESTYLE
19/10/2025,VL Sticker Pack,17,VARSITY LIFESTYLE
22/10/2025,Ballpen 2 Designs @50 (B&Y),6,(Paid)
22/10/2025,Bamboo Notebook @150,3,(Paid)
22/10/2025,Bamboo Pen @60,1,(Paid)
22/10/2025,Polo Shirt @800,2,BLAZE
22/10/2025,Shirts all @450 UPSIZE (3XL-4XL),4,JUC
22/10/2025,UST College ID Lace,12,JUC
22/10/2025,UST OAT Hoodie Jacket,2,JUC
22/10/2025,UST OAT MUG (B),50,JUC
22/10/2025,"UST OAT MUG (Y,W)",23,JUC
22/10/2025,UST OAT T-Shirt Y/B/COLLEGE,40,JUC
22/10/2025,UST T-Shirt Santo Tomas Shirt/UST T-Shirt Tiger Pattern/HAPPY,32,JUC
22/10/2025,Corp Jacket,4,JYL ATHLETICA
22/10/2025,DRI-FIT NEW,2,JYL ATHLETICA
22/10/2025,Jacket,1,JYL ATHLETICA
22/10/2025,Machete v2,3,JYL ATHLETICA
22/10/2025,Poloshirt 123456 @860,1,JYL ATHLETICA
22/10/2025,Poloshirt @800,5,JYL ATHLETICA
22/10/2025,QUIANA SUBLI SHIRT (B&Y),2,JYL ATHLETICA
22/10/2025,Tiger Claw,1,MADEBYRUZ CONSUMER GOODS TRADING
22/10/2025,Tiger Claw Keychain @375,46,MADEBYRUZ CONSUMER GOODS TRADING
22/10/2025,Tiger Headband (2 Designs),1,MADEBYRUZ CONSUMER GOODS TRADING
22/10/2025,Hoodies Breaker,3,NAPOLIZ ENTERPRISES
22/10/2025,Tiger w/ Box,3,STITCH CORP. (BLEEVES)
22/10/2025,Arch @320,10,TET AND DARS
22/10/2025,Logo Sticker @25,10,TET AND DARS
22/10/2025,Long Sticker @120,3,TET AND DARS
22/10/2025,Pen @40,17,TET AND DARS
22/10/2025,"Go USTE (W,Y,B) @450",1,THREADMARKED (CONSIGNMENT)
22/10/2025,"Hoodie UST embro (V,G,Y,B) @1800",3,THREADMARKED (PAID)
22/10/2025,Two-toned windbreaker @1700,2,THREADMARKED (PAID)
22/10/2025,5M Rotating Keychain,10,USTORE
22/10/2025,Aquaflask,1,USTORE
22/10/2025,C. Keychain,1,USTORE
22/10/2025,Discounted Yellow Lanyard @80,10,USTORE
22/10/2025,Eco Bag,12,USTORE
22/10/2025,ID Case v2 @40,2,USTORE
22/10/2025,Lanyard @180,33,USTORE
22/10/2025,MJ Sticker Large,3,USTORE
22/10/2025,MJ Sticker Medium,2,USTORE
22/10/2025,MJ Sticker Small,1,USTORE
22/10/2025,New Tiger Plushie Big @850,4,USTORE
22/10/2025,New Tiger Plushie Small @750,6,USTORE
22/10/2025,Notelet,19,USTORE
22/10/2025,Thomasian Kit Set,1,USTORE
22/10/2025,Tote (Viva),15,USTORE
22/10/2025,Travel Mug,2,USTORE
22/10/2025,Umb (One For UST),13,USTORE
22/10/2025,Utensil,1,USTORE
22/10/2025,Yellow Notebook,4,USTORE
23/10/2025,Ballpen 2 Designs @50 (B&Y),8,(Paid)
23/10/2025,Bamboo Notebook @150,1,(Paid)
23/10/2025,Bamboo Pen @60,3,(Paid)
23/10/2025,Corp Jacket V2,1,(Paid)
23/10/2025,Kraft Notebook @130,3,(Paid)
23/10/2025,Black Embro,1,BLAZE
23/10/2025,Polo Shirt @800,2,BLAZE
23/10/2025,White Embro,2,BLAZE
23/10/2025,UST College ID Lace,11,JUC
23/10/2025,UST OAT Hoodie Jacket,3,JUC
23/10/2025,UST OAT MUG (B),1,JUC
23/10/2025,"UST OAT MUG (Y,W)",3,JUC
23/10/2025,UST OAT T-Shirt Y/B/COLLEGE,12,JUC
23/10/2025,UST Sweatshirt Sporty,1,JUC
23/10/2025,UST T-Shirt Santo Tomas Shirt/UST T-Shirt Tiger Pattern/HAPPY,26,JUC
23/10/2025,UST T-Shirt Sporty,4,JUC
23/10/2025,Cotton Brush Jacket,3,JYL ATHLETICA
23/10/2025,Cotton Gray Jacket,3,JYL ATHLETICA
23/10/2025,DRI-FIT NEW,3,JYL ATHLETICA
23/10/2025,Jacket,2,JYL ATHLETICA
23/10/2025,Machete v2,3,JYL ATHLETICA
23/10/2025,Poloshirt 123456 @860,3,JYL ATHLETICA
23/10/2025,Poloshirt @800,1,JYL ATHLETICA
23/10/2025,QUIANA SUBLI SHIRT (B&Y),3,JYL ATHLETICA
23/10/2025,Tiger Claw Keychain @375,1,MADEBYRUZ CONSUMER GOODS TRADING
23/10/2025,Tiger Costume,1,MADEBYRUZ CONSUMER GOODS TRADING
23/10/2025,Hoodies Breaker,1,NAPOLIZ ENTERPRISES
23/10/2025,Baseball Cap METAL @380,1,STITCH CORP. (BLEEVES)
23/10/2025,Tiger w/ Box,1,STITCH CORP. (BLEEVES)
23/10/2025,Logo Sticker @25,2,TET AND DARS
23/10/2025,Long Sticker @120,4,TET AND DARS
23/10/2025,Pen @40,5,TET AND DARS
23/10/2025,"Go USTE (W,Y,B) @450",3,THREADMARKED (CONSIGNMENT)
23/10/2025,"Oversized shirt (V,B) @650",3,THREADMARKED (CONSIGNMENT)
23/10/2025,"Hoodie UST embro (V,G,Y,B) @1800",5,THREADMARKED (PAID)
23/10/2025,Button Pins Small,2,USTORE
23/10/2025,C. Keychain,2,USTORE
23/10/2025,Discounted Yellow Lanyard @80,5,USTORE
23/10/2025,Eco Bag,2,USTORE
23/10/2025,ID Case v2 @40,7,USTORE
23/10/2025,Lanyard @180,35,USTORE
23/10/2025,MJ Sticker Large,4,USTORE
23/10/2025,MJ Sticker Medium,4,USTORE
23/10/2025,MJ Sticker Small,7,USTORE
23/10/2025,New Tiger Plushie Big @850,2,USTORE
23/10/2025,New Tiger Plushie Small @750,1,USTORE
23/10/2025,Notelet,1,USTORE
23/10/2025,Scarf @490,1,USTORE
23/10/2025,Tote (Viva),7,USTORE
23/10/2025,Travel Mug,2,USTORE
23/10/2025,Umb (One For UST),4,USTORE
23/10/2025,Yellow Notebook,3,USTORE
23/10/2025,Keychain,1,VARSITY LIFESTYLE
23/10/2025,Lanyard,2,VARSITY LIFESTYLE
23/10/2025,VL Sticker Pack,1,VARSITY LIFESTYLE
24/10/2025,Ballpen 2 Designs @50 (B&Y),5,(Paid)
24/10/2025,Bamboo Notebook @150,3,(Paid)
24/10/2025,Corp Jacket V2,4,(Paid)
24/10/2025,Kraft Notebook @130,2,(Paid)
24/10/2025,Black Embro,1,BLAZE
24/10/2025,Shirts all @450 UPSIZE (3XL-4XL),1,JUC
24/10/2025,UST College ID Lace,7,JUC
24/10/2025,"UST OAT MUG (Y,W)",3,JUC
24/10/2025,UST OAT T-Shirt Y/B/COLLEGE,28,JUC
24/10/2025,UST Sweatshirt Sporty,2,JUC
24/10/2025,UST T-Shirt Santo Tomas Shirt/UST T-Shirt Tiger Pattern/HAPPY,15,JUC
24/10/2025,UST T-Shirt Sporty,8,JUC
24/10/2025,Cotton Black Jacket,1,JYL ATHLETICA
24/10/2025,Cotton Brush Jacket,3,JYL ATHLETICA
24/10/2025,Cotton Gray Jacket,2,JYL ATHLETICA
24/10/2025,DRI-FIT NEW,2,JYL ATHLETICA
24/10/2025,Machete v2,1,JYL ATHLETICA
24/10/2025,Poloshirt 123456 @860,1,JYL ATHLETICA
24/10/2025,QUIANA SUBLI SHIRT (B&Y),4,JYL ATHLETICA
24/10/2025,Small Mystery Car,1,MADEBYRUZ CONSUMER GOODS TRADING
24/10/2025,Tiger Claw,1,MADEBYRUZ CONSUMER GOODS TRADING
24/10/2025,Tiger Claw Keychain @375,2,MADEBYRUZ CONSUMER GOODS TRADING
24/10/2025,Hoodies Breaker,2,NAPOLIZ ENTERPRISES
24/10/2025,Tiger w/ Box,4,STITCH CORP. (BLEEVES)
24/10/2025,Arch @320,1,TET AND DARS
24/10/2025,Logo Sticker @25,2,TET AND DARS
24/10/2025,Long Sticker @120,1,TET AND DARS
24/10/2025,Pen @40,3,TET AND DARS
24/10/2025,"Go USTE (W,Y,B) @450",4,THREADMARKED (CONSIGNMENT)
24/10/2025,"Oversized shirt (V,B) @650",1,THREADMARKED (CONSIGNMENT)
24/10/2025,"Hoodie UST embro (V,G,Y,B) @1800",3,THREADMARKED (PAID)
24/10/2025,5M Magnetic Pin,2,USTORE
24/10/2025,5M Rotating Keychain,7,USTORE
24/10/2025,C. Keychain,2,USTORE
24/10/2025,"Chibi Stickers (S1,S2)",2,USTORE
24/10/2025,Discounted Yellow Lanyard @80,3,USTORE
24/10/2025,Eco Bag,8,USTORE
24/10/2025,ID Case v2 @40,3,USTORE
24/10/2025,Lanyard @180,26,USTORE
24/10/2025,MJ Sticker Large,1,USTORE
24/10/2025,MJ Sticker Medium,5,USTORE
24/10/2025,MJ Sticker Small,7,USTORE
24/10/2025,New Tiger Plushie Big @850,5,USTORE
24/10/2025,New Tiger Plushie Small @750,2,USTORE
24/10/2025,Notelet,8,USTORE
24/10/2025,Scarf @490,1,USTORE
24/10/2025,Thomasian Kit Set,1,USTORE
24/10/2025,Tote (Viva),5,USTORE
24/10/2025,Tote Bag Canvas White,3,USTORE
24/10/2025,Umb (One For UST),6,USTORE
24/10/2025,Yellow Notebook,20,USTORE
24/10/2025,Lanyard,3,VARSITY LIFESTYLE
25/10/2025,Ballpen 2 Designs @50 (B&Y),26,(Paid)
25/10/2025,Bamboo Notebook @150,3,(Paid)
25/10/2025,Black Embro,3,BLAZE
25/10/2025,Triple Black Embro,1,BLAZE
25/10/2025,White Embro,2,BLAZE
25/10/2025,UST College ID Lace,6,JUC
25/10/2025,UST OAT Hoodie Jacket,1,JUC
25/10/2025,UST OAT MUG (B),7,JUC
25/10/2025,"UST OAT MUG (Y,W)",7,JUC
25/10/2025,UST OAT T-Shirt Y/B/COLLEGE,17,JUC
25/10/2025,UST T-Shirt Santo Tomas Shirt/UST T-Shirt Tiger Pattern/HAPPY,37,JUC
25/10/2025,UST T-Shirt Sporty,8,JUC
25/10/2025,Corp Jacket,1,JYL ATHLETICA
25/10/2025,Cotton Brush Jacket,2,JYL ATHLETICA
25/10/2025,Cotton Gray Jacket,1,JYL ATHLETICA
25/10/2025,DRI-FIT NEW,1,JYL ATHLETICA
25/10/2025,Jacket,1,JYL ATHLETICA
25/10/2025,QUIANA SUBLI SHIRT (B&Y),5,JYL ATHLETICA
25/10/2025,Tiger Claw,2,MADEBYRUZ CONSUMER GOODS TRADING
25/10/2025,Tiger Claw Keychain @375,2,MADEBYRUZ CONSUMER GOODS TRADING
25/10/2025,Hoodies Breaker,2,NAPOLIZ ENTERPRISES
25/10/2025,Tiger w/ Box,1,STITCH CORP. (BLEEVES)
25/10/2025,Logo Sticker @25,1,TET AND DARS
25/10/2025,Pen @40,11,TET AND DARS
25/10/2025,"Go USTE (W,Y,B) @450",5,THREADMARKED (CONSIGNMENT)
25/10/2025,"Oversized shirt (V,B) @650",1,THREADMARKED (CONSIGNMENT)
25/10/2025,"Hoodie UST embro (V,G,Y,B) @1800",7,THREADMARKED (PAID)
25/10/2025,Two-toned windbreaker @1700,2,THREADMARKED (PAID)
25/10/2025,5M Magnetic Pin,2,USTORE
25/10/2025,5M Rotating Keychain,10,USTORE
25/10/2025,Aquaflask,1,USTORE
25/10/2025,Button Pins Big,3,USTORE
25/10/2025,Button Pins Small,3,USTORE
25/10/2025,C. Keychain,3,USTORE
25/10/2025,Discounted Yellow Lanyard @80,18,USTORE
25/10/2025,Eco Bag,4,USTORE
25/10/2025,ID Case v2 @40,3,USTORE
25/10/2025,Lanyard @180,18,USTORE
25/10/2025,MJ Sticker Large,3,USTORE
25/10/2025,MJ Sticker Medium,6,USTORE
25/10/2025,MJ Sticker Small,4,USTORE
25/10/2025,New Tiger Plushie Big @850,1,USTORE
25/10/2025,Notelet,4,USTORE
25/10/2025,Scarf @490,1,USTORE
25/10/2025,Tote (Viva),10,USTORE
25/10/2025,Tote Bag Canvas White,2,USTORE
25/10/2025,Umb (One For UST),3,USTORE
25/10/2025,Yellow Notebook,21,USTORE
25/10/2025,New GT Shirts,1,VARSITY LIFESTYLE
27/10/2025,Ballpen 2 Designs @50 (B&Y),24,(Paid)
27/10/2025,Bamboo Pen @60,15,(Paid)
27/10/2025,Corp Jacket V2,2,(Paid)
27/10/2025,ABSC College Shirt (60th),2,ARTS AND LETTERS (SHIRT HAPPENS)
27/10/2025,Black Embro,1,BLAZE
27/10/2025,White Embro,5,BLAZE
27/10/2025,UST College ID Lace,14,JUC
27/10/2025,UST OAT Hoodie Jacket,3,JUC
27/10/2025,"UST OAT MUG (Y,W)",3,JUC
27/10/2025,UST OAT T-Shirt Y/B/COLLEGE,21,JUC
27/10/2025,UST T-Shirt Santo Tomas Shirt/UST T-Shirt Tiger Pattern/HAPPY,28,JUC
27/10/2025,UST T-Shirt Sporty,3,JUC
27/10/2025,Corp Jacket,1,JYL ATHLETICA
27/10/2025,Cotton Black Jacket,1,JYL ATHLETICA
27/10/2025,Cotton Brush Jacket,1,JYL ATHLETICA
27/10/2025,Cotton Gray Jacket,3,JYL ATHLETICA
27/10/2025,DRI-FIT NEW,4,JYL ATHLETICA
27/10/2025,Machete v2,1,JYL ATHLETICA
27/10/2025,Poloshirt @800,2,JYL ATHLETICA
27/10/2025,QUIANA SUBLI SHIRT (B&Y),1,JYL ATHLETICA
27/10/2025,UST-Pen W/Box,1,NEW TRENDS
27/10/2025,Baseball Cap METAL @380,4,STITCH CORP. (BLEEVES)
27/10/2025,Tiger w/ Box,2,STITCH CORP. (BLEEVES)
27/10/2025,Arch @320,6,TET AND DARS
27/10/2025,Logo Sticker @25,4,TET AND DARS
27/10/2025,Long Sticker @120,2,TET AND DARS
27/10/2025,Pen @40,3,TET AND DARS
27/10/2025,"Oversized shirt (V,B) @650",3,THREADMARKED (CONSIGNMENT)
27/10/2025,"Hoodie UST embro (V,G,Y,B) @1800",5,THREADMARKED (PAID)
27/10/2025,Two-toned windbreaker @1700,2,THREADMARKED (PAID)
27/10/2025,5M Magnetic Pin,2,USTORE
27/10/2025,5M Rotating Keychain,13,USTORE
27/10/2025,Button Pins Big,1,USTORE
27/10/2025,Button Pins Small,1,USTORE
27/10/2025,C. Keychain,6,USTORE
27/10/2025,"Chibi Stickers (S1,S2)",2,USTORE
27/10/2025,Discounted Yellow Lanyard @80,8,USTORE
27/10/2025,Eco Bag,2,USTORE
27/10/2025,ID Case v2 @40,3,USTORE
27/10/2025,Insignia Pen,1,USTORE
27/10/2025,MJ Sticker Large,4,USTORE
27/10/2025,MJ Sticker Medium,8,USTORE
27/10/2025,MJ Sticker Small,8,USTORE
27/10/2025,New Tiger Plushie Big @850,6,USTORE
27/10/2025,Notelet,1,USTORE
27/10/2025,Scarf @490,1,USTORE
27/10/2025,Tote (Viva),1,USTORE
27/10/2025,Umb (One For UST),5,USTORE
27/10/2025,USTORE Voucher (200),6,USTORE
27/10/2025,Yellow Notebook,7,USTORE
27/10/2025,Keychain,1,VARSITY LIFESTYLE
27/10/2025,Lanyard,5,VARSITY LIFESTYLE
27/10/2025,VL Sticker Pack,1,VARSITY LIFESTYLE
28/10/2025,Ballpen 2 Designs @50 (B&Y),4,(Paid)
28/10/2025,Bamboo Notebook @150,4,(Paid)
28/10/2025,Bamboo Pen @60,2,(Paid)
28/10/2025,Corp Jacket V2,4,(Paid)
28/10/2025,Kraft Notebook @130,12,(Paid)
28/10/2025,Black Embro,1,BLAZE
28/10/2025,Polo Shirt @800,1,BLAZE
28/10/2025,White Embro,1,BLAZE
28/10/2025,Shirts all @450 UPSIZE (3XL-4XL),2,JUC
28/10/2025,UST College ID Lace,18,JUC
28/10/2025,UST OAT MUG (B),6,JUC
28/10/2025,UST OAT T-Shirt Y/B/COLLEGE,9,JUC
28/10/2025,UST T-Shirt Santo Tomas Shirt/UST T-Shirt Tiger Pattern/HAPPY,22,JUC
28/10/2025,UST T-Shirt Sporty,8,JUC
28/10/2025,Corp Jacket,1,JYL ATHLETICA
28/10/2025,Cotton Brush Jacket,1,JYL ATHLETICA
28/10/2025,Cotton Gray Jacket,4,JYL ATHLETICA
28/10/2025,DRI-FIT NEW,3,JYL ATHLETICA
28/10/2025,Jacket,2,JYL ATHLETICA
28/10/2025,QUIANA SUBLI SHIRT (B&Y),8,JYL ATHLETICA
28/10/2025,Big Car,1,MADEBYRUZ CONSUMER GOODS TRADING
28/10/2025,Tiger Claw,2,MADEBYRUZ CONSUMER GOODS TRADING
28/10/2025,Tiger Claw Keychain @375,6,MADEBYRUZ CONSUMER GOODS TRADING
28/10/2025,Tiger Costume,2,MADEBYRUZ CONSUMER GOODS TRADING
28/10/2025,Tiger Headband (2 Designs),9,MADEBYRUZ CONSUMER GOODS TRADING
28/10/2025,Arch @320,1,TET AND DARS
28/10/2025,Logo Sticker @25,1,TET AND DARS
28/10/2025,Long Sticker @120,2,TET AND DARS
28/10/2025,Pen @40,26,TET AND DARS
28/10/2025,"Go USTE (W,Y,B) @450",5,THREADMARKED (CONSIGNMENT)
28/10/2025,"Oversized shirt (V,B) @650",3,THREADMARKED (CONSIGNMENT)
28/10/2025,"Hoodie UST embro (V,G,Y,B) @1800",2,THREADMARKED (PAID)
28/10/2025,Two-toned windbreaker @1700,1,THREADMARKED (PAID)
28/10/2025,5M Rotating Keychain,9,USTORE
28/10/2025,Aquaflask,1,USTORE
28/10/2025,"Chibi Stickers (S1,S2)",2,USTORE
28/10/2025,Clappers,1,USTORE
28/10/2025,Discounted Yellow Lanyard @80,10,USTORE
28/10/2025,Eco Bag,7,USTORE
28/10/2025,ID Case v2 @40,3,USTORE
28/10/2025,Lanyard @180,26,USTORE
28/10/2025,MJ Sticker Large,2,USTORE
28/10/2025,MJ Sticker Medium,6,USTORE
28/10/2025,MJ Sticker Small,9,USTORE
28/10/2025,New Tiger Plushie Big @850,2,USTORE
28/10/2025,New Tiger Plushie Small @750,1,USTORE
28/10/2025,Notelet,11,USTORE
28/10/2025,Tote (Viva),1,USTORE
28/10/2025,Tote Bag Canvas White,9,USTORE
28/10/2025,Travel Mug,4,USTORE
28/10/2025,Umb (One For UST),4,USTORE
28/10/2025,Yellow Notebook,1,USTORE
28/10/2025,Keychain,2,VARSITY LIFESTYLE
28/10/2025,Lanyard,5,VARSITY LIFESTYLE
29/10/2025,ABSC College Shirt (60th),1,ARTS AND LETTERS (SHIRT HAPPENS)
29/10/2025,Black Embro,3,BLAZE
29/10/2025,Polo Shirt @800,4,BLAZE
29/10/2025,White Embro,3,BLAZE
29/10/2025,Shirts all @450 UPSIZE (3XL-4XL),1,JUC
29/10/2025,UST College ID Lace,43,JUC
29/10/2025,UST OAT Hoodie Jacket,2,JUC
29/10/2025,UST OAT T-Shirt Y/B/COLLEGE,17,JUC
29/10/2025,UST Sweatshirt Sporty,1,JUC
29/10/2025,UST T-Shirt Santo Tomas Shirt/UST T-Shirt Tiger Pattern/HAPPY,6,JUC
29/10/2025,BASE BALL SHIRT,1,JYL ATHLETICA
29/10/2025,Corp Jacket,3,JYL ATHLETICA
29/10/2025,Cotton Black Jacket,1,JYL ATHLETICA
29/10/2025,Cotton Brush Jacket,4,JYL ATHLETICA
29/10/2025,Jacket,2,JYL ATHLETICA
29/10/2025,Poloshirt @800,7,JYL ATHLETICA
29/10/2025,QUIANA SUBLI SHIRT (B&Y),2,JYL ATHLETICA
29/10/2025,Hoodies Breaker,4,NAPOLIZ ENTERPRISES
29/10/2025,Logo Sticker @25,2,TET AND DARS
29/10/2025,"Oversized shirt (V,B) @650",3,THREADMARKED (CONSIGNMENT)
29/10/2025,"Hoodie UST embro (V,G,Y,B) @1800",1,THREADMARKED (PAID)
29/10/2025,Two-toned windbreaker @1700,4,THREADMARKED (PAID)
29/10/2025,5M Magnetic Pin,16,USTORE
29/10/2025,5M Rotating Keychain,5,USTORE
29/10/2025,Lanyard @180,58,USTORE
29/10/2025,Travel Mug,9,USTORE
29/10/2025,Lanyard,3,VARSITY LIFESTYLE
29/10/2025,New GT Shirts,1,VARSITY LIFESTYLE
29/10/2025,VL Sticker Pack,11,VARSITY LIFESTYLE
05/11/2025,Polo Shirt @800,1,BLAZE (CONSIGNMENT)
05/11/2025,Shirts all @450 UPSIZE (3XL-4XL),1,JUC (CONSIGNMENT)
05/11/2025,Shirts all @450 UPSIZE (5XL),1,JUC (CONSIGNMENT)
05/11/2025,UST College ID Lace,16,JUC (CONSIGNMENT)
05/11/2025,UST OAT MUG (B),1,JUC (CONSIGNMENT)
05/11/2025,"UST OAT MUG (Y,W)",1,JUC (CONSIGNMENT)
05/11/2025,UST OAT T-Shirt Y/B/COLLEGE,6,JUC (CONSIGNMENT)
05/11/2025,UST T-Shirt Santo Tomas Shirt/UST T-Shirt Tiger Pattern/HAPPY,9,JUC (CONSIGNMENT)
05/11/2025,Corp Jacket,3,JYL ATHLETICA (CONSIGNMENT)
05/11/2025,Taslan NEW,1,JYL ATHLETICA (CONSIGNMENT)
05/11/2025,Tiger Claw,1,MADEBYRUZ CONSUMER GOODS TRADING (CONSIGNMENT)
05/11/2025,Tiger Claw Keychain @375,3,MADEBYRUZ CONSUMER GOODS TRADING (CONSIGNMENT)
05/11/2025,Tiger Headband (2 Designs),1,MADEBYRUZ CONSUMER GOODS TRADING (CONSIGNMENT)
05/11/2025,Wearable Blanket,1,STITCH CORP. (BLEEVES CONSIGNMENT)
05/11/2025,Ballpen 2 Designs @50 (B&Y),5,STITCH CORP. (BLEEVES PAID)
05/11/2025,Kraft Notebook @130,1,STITCH CORP. (BLEEVES PAID)
05/11/2025,Pen @40,5,TET AND DARS (PAID)
05/11/2025,"Go USTE (W,Y,B) @450",1,THREADMARKED (CONSIGNMENT)
05/11/2025,"Oversized shirt (V,B) @650",4,THREADMARKED (CONSIGNMENT)
05/11/2025,"Hoodie UST embro (V,G,Y,B) @1800",2,THREADMARKED (PAID)
05/11/2025,5M Magnetic Pin,3,USTORE (PAID)
05/11/2025,5M Rotating Keychain,2,USTORE (PAID)
05/11/2025,C. Keychain,3,USTORE (PAID)
05/11/2025,Chibi Stickers,1,USTORE (PAID)
05/11/2025,College Sticker @120,1,USTORE (PAID)
05/11/2025,ID Case v2 @40,2,USTORE (PAID)
05/11/2025,Lanyard @180,23,USTORE (PAID)
05/11/2025,MJ Charger,1,USTORE (PAID)
05/11/2025,MJ Sticker Large,4,USTORE (PAID)
05/11/2025,MJ Sticker Medium,4,USTORE (PAID)
05/11/2025,MJ Sticker Small,5,USTORE (PAID)
05/11/2025,Notelet,2,USTORE (PAID)
05/11/2025,Powerbank,1,USTORE (PAID)
05/11/2025,Tiger Plushie Big,1,USTORE (PAID)
05/11/2025,Tote Bag Canvas White @160,1,USTORE (PAID)
05/11/2025,Tote Viva Santo Tomas,3,USTORE (PAID)
05/11/2025,Umb ONE FOR UST,1,USTORE (PAID)
05/11/2025,Yellow Lanyard,4,USTORE (PAID)
05/11/2025,Keychain,1,VARSITY LIFESTYLE (CONSIGNMENT)
05/11/2025,Lanyard,1,VARSITY LIFESTYLE (CONSIGNMENT)
06/11/2025,ABSC College Shirt (60th),1,ARTS AND LETTERS (SHIRT HAPPENS)
06/11/2025,Black Embro,5,BLAZE (CONSIGNMENT)
06/11/2025,Polo Shirt @800,2,BLAZE (CONSIGNMENT)
06/11/2025,Shirts all @450 UPSIZE (3XL-4XL),1,JUC (CONSIGNMENT)
06/11/2025,Shirts all @450 UPSIZE (5XL),1,JUC (CONSIGNMENT)
06/11/2025,UST College ID Lace,6,JUC (CONSIGNMENT)
06/11/2025,UST OAT MUG (B),1,JUC (CONSIGNMENT)
06/11/2025,"UST OAT MUG (Y,W)",2,JUC (CONSIGNMENT)
06/11/2025,UST OAT T-Shirt Y/B/COLLEGE,5,JUC (CONSIGNMENT)
06/11/2025,UST Sweatshirt Sporty,2,JUC (CONSIGNMENT)
06/11/2025,UST T-Shirt Santo Tomas Shirt/UST T-Shirt Tiger Pattern/HAPPY,20,JUC (CONSIGNMENT)
06/11/2025,UST T-Shirt Sporty,2,JUC (CONSIGNMENT)
06/11/2025,Corp Jacket,1,JYL ATHLETICA (CONSIGNMENT)
06/11/2025,DRI-FIT NEW,2,JYL ATHLETICA (CONSIGNMENT)
06/11/2025,Machete V2,1,JYL ATHLETICA (CONSIGNMENT)
06/11/2025,VB Jersey without Sig @1500,1,JYL ATHLETICA (CONSIGNMENT)
06/11/2025,Tiger Claw Keychain @375,1,MADEBYRUZ CONSUMER GOODS TRADING (CONSIGNMENT)
06/11/2025,Hoodies Breaker,3,NAPOLIZ ENTERPRISES (CONSIGNMENT)
06/11/2025,Ballpen 2 Designs @50 (B&Y),13,STITCH CORP. (BLEEVES PAID)
06/11/2025,Bamboo Notebook @150,3,STITCH CORP. (BLEEVES PAID)
06/11/2025,Corp Jacket V2,5,STITCH CORP. (BLEEVES PAID)
06/11/2025,Kraft Notebook @130,8,STITCH CORP. (BLEEVES PAID)
06/11/2025,Arch @320,15,TET AND DARS (PAID)
06/11/2025,Long Sticker @120,1,TET AND DARS (PAID)
06/11/2025,Pen @40,4,TET AND DARS (PAID)
06/11/2025,"Oversized shirt (V,B) @650",1,THREADMARKED (CONSIGNMENT)
06/11/2025,"Hoodie UST embro (V,G,Y,B) @1800",1,THREADMARKED (PAID)
06/11/2025,5M Rotating Keychain,6,USTORE (PAID)
06/11/2025,Black Eco Bag,6,USTORE (PAID)
06/11/2025,Blanca Pen,25,USTORE (PAID)
06/11/2025,Button Pin (Small),1,USTORE (PAID)
06/11/2025,C. Keychain,2,USTORE (PAID)
06/11/2025,ID Case v2 @40,3,USTORE (PAID)
06/11/2025,Lanyard @180,25,USTORE (PAID)
06/11/2025,MJ Sticker Large,1,USTORE (PAID)
06/11/2025,MJ Sticker Medium,1,USTORE (PAID)
06/11/2025,MJ Sticker Small,4,USTORE (PAID)
06/11/2025,Pencil,2,USTORE (PAID)
06/11/2025,Stainless Eco Tumbler,1,USTORE (PAID)
06/11/2025,Tiger Plushie Big,1,USTORE (PAID)
06/11/2025,Tote Bag Canvas White @160,5,USTORE (PAID)
06/11/2025,Tote Viva Santo Tomas,1,USTORE (PAID)
06/11/2025,Travel Mug,2,USTORE (PAID)
06/11/2025,Umb ONE FOR UST,7,USTORE (PAID)
06/11/2025,USTORE Voucher (1000),7,USTORE (PAID)
06/11/2025,USTORE Voucher (200),2,USTORE (PAID)
06/11/2025,Yellow Lanyard,1,USTORE (PAID)
06/11/2025,Yellow Notebook,25,USTORE (PAID)
06/11/2025,Keychain,21,VARSITY LIFESTYLE (CONSIGNMENT)
06/11/2025,Lanyard,2,VARSITY LIFESTYLE (CONSIGNMENT)
07/11/2025,Woven Sling Bag (LARGE),1,"ASSOCIATION FOR THE EDUCATIONAL ASSISTANCE OF POOR SEMINARIANS, INC."
07/11/2025,Black Embro,3,BLAZE (CONSIGNMENT)
07/11/2025,Polo Shirt @800,1,BLAZE (CONSIGNMENT)
07/11/2025,White Embro,1,BLAZE (CONSIGNMENT)
07/11/2025,UST College ID Lace,8,JUC (CONSIGNMENT)
07/11/2025,UST OAT Hoodie Jacket,3,JUC (CONSIGNMENT)
07/11/2025,"UST OAT MUG (Y,W)",1,JUC (CONSIGNMENT)
07/11/2025,UST OAT T-Shirt Y/B/COLLEGE,8,JUC (CONSIGNMENT)
07/11/2025,UST T-Shirt Santo Tomas Shirt/UST T-Shirt Tiger Pattern/HAPPY,13,JUC (CONSIGNMENT)
07/11/2025,UST T-Shirt Sporty,3,JUC (CONSIGNMENT)
07/11/2025,"Baseball Shirt (Y,W)",2,JYL ATHLETICA (CONSIGNMENT)
07/11/2025,Corp Jacket,1,JYL ATHLETICA (CONSIGNMENT)
07/11/2025,Corp Windbreaker,1,JYL ATHLETICA (CONSIGNMENT)
07/11/2025,Cotton Brush Jacket,1,JYL ATHLETICA (CONSIGNMENT)
07/11/2025,DRI-FIT NEW,3,JYL ATHLETICA (CONSIGNMENT)
07/11/2025,Machete V2,2,JYL ATHLETICA (CONSIGNMENT)
07/11/2025,Poloshirt @800,3,JYL ATHLETICA (CONSIGNMENT)
07/11/2025,QUIANA SUBLI SHIRT (B&Y),2,JYL ATHLETICA (CONSIGNMENT)
07/11/2025,Tiger Claw,1,MADEBYRUZ CONSUMER GOODS TRADING (CONSIGNMENT)
07/11/2025,Tiger Claw Keychain @375,5,MADEBYRUZ CONSUMER GOODS TRADING (CONSIGNMENT)
07/11/2025,Hoodies Breaker,1,NAPOLIZ ENTERPRISES (CONSIGNMENT)
07/11/2025,Laptop Bag,5,NAPOLIZ ENTERPRISES (CONSIGNMENT)
07/11/2025,Pen with BOX,5,NEW TRENDS (PAID)
07/11/2025,Ballpen 2 Designs @50 (B&Y),5,STITCH CORP. (BLEEVES PAID)
07/11/2025,Corp Jacket V2,4,STITCH CORP. (BLEEVES PAID)
07/11/2025,Long Sticker @120,1,TET AND DARS (PAID)
07/11/2025,"Go USTE (W,Y,B) @450",1,THREADMARKED (CONSIGNMENT)
07/11/2025,"Oversized shirt (V,B) @650",1,THREADMARKED (CONSIGNMENT)
07/11/2025,"Hoodie UST embro (V,G,Y,B) @1800",2,THREADMARKED (PAID)
07/11/2025,5M Rotating Keychain,8,USTORE (PAID)
07/11/2025,Aquaflask,3,USTORE (PAID)
07/11/2025,C. Keychain,2,USTORE (PAID)
07/11/2025,College Sticker @120,1,USTORE (PAID)
07/11/2025,ID Case @20,2,USTORE (PAID)
07/11/2025,Lanyard @180,17,USTORE (PAID)
07/11/2025,MJ Sticker Large,1,USTORE (PAID)
07/11/2025,MJ Sticker Medium,4,USTORE (PAID)
07/11/2025,MJ Sticker Small,2,USTORE (PAID)
07/11/2025,Thomasian Kit,1,USTORE (PAID)
07/11/2025,Tote Bag Canvas White @160,2,USTORE (PAID)
07/11/2025,Tote Viva Santo Tomas,1,USTORE (PAID)
07/11/2025,Umb ONE FOR UST,3,USTORE (PAID)
07/11/2025,Yellow Lanyard,2,USTORE (PAID)
07/11/2025,Yellow Notebook,1,USTORE (PAID)
07/11/2025,Lanyard,1,VARSITY LIFESTYLE (CONSIGNMENT)
07/11/2025,New GT Shirts,1,VARSITY LIFESTYLE (CONSIGNMENT)
12/11/2025,White Embro,1,BLAZE (CONSIGNMENT)
12/11/2025,Shirts all @450 UPSIZE (3XL-4XL),2,JUC (CONSIGNMENT)
12/11/2025,Shirts all @450 UPSIZE (5XL),1,JUC (CONSIGNMENT)
12/11/2025,UST College ID Lace,7,JUC (CONSIGNMENT)
12/11/2025,"UST OAT MUG (Y,W)",11,JUC (CONSIGNMENT)
12/11/2025,UST OAT T-Shirt Y/B/COLLEGE,7,JUC (CONSIGNMENT)
12/11/2025,UST T-Shirt Santo Tomas Shirt/UST T-Shirt Tiger Pattern/HAPPY,15,JUC (CONSIGNMENT)
12/11/2025,UST T-Shirt Sporty,4,JUC (CONSIGNMENT)
12/11/2025,"Baseball Shirt (Y,W)",1,JYL ATHLETICA (CONSIGNMENT)
12/11/2025,Corp Jacket,1,JYL ATHLETICA (CONSIGNMENT)
12/11/2025,Cotton Black Jacket,1,JYL ATHLETICA (CONSIGNMENT)
12/11/2025,Cotton Brush Jacket,1,JYL ATHLETICA (CONSIGNMENT)
12/11/2025,Cotton Gray Jacket,1,JYL ATHLETICA (CONSIGNMENT)
12/11/2025,Jacket,1,JYL ATHLETICA (CONSIGNMENT)
12/11/2025,Poloshirt @800,1,JYL ATHLETICA (CONSIGNMENT)
12/11/2025,QUIANA SUBLI SHIRT (B&Y),2,JYL ATHLETICA (CONSIGNMENT)
12/11/2025,Hoodies Breaker,2,NAPOLIZ ENTERPRISES (CONSIGNMENT)
12/11/2025,Baseball Cap METAL @380,1,STITCH CORP. (BLEEVES CONSIGNMENT)
12/11/2025,Ballpen 2 Designs @50 (B&Y),5,STITCH CORP. (BLEEVES PAID)
12/11/2025,Bamboo Notebook @150,5,STITCH CORP. (BLEEVES PAID)
12/11/2025,Corp Jacket V2,1,STITCH CORP. (BLEEVES PAID)
12/11/2025,Logo Sticker @25,3,TET AND DARS (PAID)
12/11/2025,"Go USTE (W,Y,B) @450",1,THREADMARKED (CONSIGNMENT)
12/11/2025,"Oversized shirt (V,B) @650",1,THREADMARKED (CONSIGNMENT)
12/11/2025,"Hoodie UST embro (V,G,Y,B) @1800",7,THREADMARKED (PAID)
12/11/2025,5M Magnetic Pin,1,USTORE (PAID)
12/11/2025,5M Rotating Keychain,2,USTORE (PAID)
12/11/2025,Black Eco Bag,1,USTORE (PAID)
12/11/2025,Blanca Pen,5,USTORE (PAID)
12/11/2025,C. Keychain,2,USTORE (PAID)
12/11/2025,ID Case v2 @40,5,USTORE (PAID)
12/11/2025,Lanyard @180,8,USTORE (PAID)
12/11/2025,MJ Sticker Large,2,USTORE (PAID)
12/11/2025,MJ Sticker Small,2,USTORE (PAID)
12/11/2025,Pencil,5,USTORE (PAID)
12/11/2025,Thomasian Kit,1,USTORE (PAID)
12/11/2025,Tiger Plushie Big,3,USTORE (PAID)
12/11/2025,Tote Viva Santo Tomas,5,USTORE (PAID)
12/11/2025,Umb ONE FOR UST,2,USTORE (PAID)
12/11/2025,Yellow Lanyard,3,USTORE (PAID)
12/11/2025,Yellow Notebook,1,USTORE (PAID)
12/11/2025,Lanyard,1,VARSITY LIFESTYLE (CONSIGNMENT)
13/11/2025,ABSC College Shirt (60th),1,ARTS AND LETTERS (SHIRT HAPPENS)
13/11/2025,White Embro,1,BLAZE (CONSIGNMENT)
13/11/2025,Shirts all @450 UPSIZE (3XL-4XL),2,JUC (CONSIGNMENT)
13/11/2025,UST College ID Lace,9,JUC (CONSIGNMENT)
13/11/2025,UST OAT Hoodie Jacket,2,JUC (CONSIGNMENT)
13/11/2025,"UST OAT MUG (Y,W)",5,JUC (CONSIGNMENT)
13/11/2025,UST OAT T-Shirt Y/B/COLLEGE,8,JUC (CONSIGNMENT)
13/11/2025,UST Sweatshirt Sporty,2,JUC (CONSIGNMENT)
13/11/2025,UST T-Shirt Santo Tomas Shirt/UST T-Shirt Tiger Pattern/HAPPY,55,JUC (CONSIGNMENT)
13/11/2025,UST T-Shirt Sporty,6,JUC (CONSIGNMENT)
13/11/2025,Cotton Brush Jacket,1,JYL ATHLETICA (CONSIGNMENT)
13/11/2025,Machete V2,2,JYL ATHLETICA (CONSIGNMENT)
13/11/2025,Poloshirt @800,2,JYL ATHLETICA (CONSIGNMENT)
13/11/2025,QUIANA SUBLI SHIRT (B&Y),4,JYL ATHLETICA (CONSIGNMENT)
13/11/2025,Taslan NEW,1,JYL ATHLETICA (CONSIGNMENT)
13/11/2025,VB Jersey without Sig @1500,1,JYL ATHLETICA (CONSIGNMENT)
13/11/2025,Tiger Claw Keychain @375,3,MADEBYRUZ CONSUMER GOODS TRADING (CONSIGNMENT)
13/11/2025,Hoodies Breaker,3,NAPOLIZ ENTERPRISES (CONSIGNMENT)
13/11/2025,Tiger w/ Box,2,STITCH CORP. (BLEEVES CONSIGNMENT)
13/11/2025,Corp Jacket V2,5,STITCH CORP. (BLEEVES PAID)
13/11/2025,Long Sticker @120,1,TET AND DARS (PAID)
13/11/2025,"Go USTE (W,Y,B) @450",1,THREADMARKED (CONSIGNMENT)
13/11/2025,"Hoodie UST embro (V,G,Y,B) @1800",7,THREADMARKED (PAID)
13/11/2025,5M Magnetic Pin,1,USTORE (PAID)
13/11/2025,5M Rotating Keychain,6,USTORE (PAID)
13/11/2025,Aquaflask,2,USTORE (PAID)
13/11/2025,C. Keychain,2,USTORE (PAID)
13/11/2025,Chibi Stickers,2,USTORE (PAID)
13/11/2025,ID Case v2 @40,1,USTORE (PAID)
13/11/2025,Lanyard @180,17,USTORE (PAID)
13/11/2025,MJ Sticker Large,5,USTORE (PAID)
13/11/2025,MJ Sticker Medium,8,USTORE (PAID)
13/11/2025,MJ Sticker Small,4,USTORE (PAID)
13/11/2025,Tiger Plushie Small,2,USTORE (PAID)
13/11/2025,Tote Viva Santo Tomas,1,USTORE (PAID)
13/11/2025,Travel Mug,1,USTORE (PAID)
13/11/2025,Umb ONE FOR UST,5,USTORE (PAID)
13/11/2025,Yellow Lanyard,2,USTORE (PAID)
13/11/2025,Lanyard,2,VARSITY LIFESTYLE (CONSIGNMENT)
13/11/2025,Long Sticker,1,VARSITY LIFESTYLE (CONSIGNMENT)
13/11/2025,VL Sticker Pack,1,VARSITY LIFESTYLE (CONSIGNMENT)
14/11/2025,Black Embro,1,BLAZE (CONSIGNMENT)
14/11/2025,White Embro,1,BLAZE (CONSIGNMENT)
14/11/2025,Shirts all @450 UPSIZE (3XL-4XL),1,JUC (CONSIGNMENT)
14/11/2025,Shirts all @450 UPSIZE (5XL),3,JUC (CONSIGNMENT)
14/11/2025,UST College ID Lace,6,JUC (CONSIGNMENT)
14/11/2025,UST OAT Hoodie Jacket,2,JUC (CONSIGNMENT)
14/11/2025,UST OAT MUG (B),1,JUC (CONSIGNMENT)
14/11/2025,"UST OAT MUG (Y,W)",40,JUC (CONSIGNMENT)
14/11/2025,UST OAT T-Shirt Y/B/COLLEGE,14,JUC (CONSIGNMENT)
14/11/2025,UST T-Shirt Santo Tomas Shirt/UST T-Shirt Tiger Pattern/HAPPY,27,JUC (CONSIGNMENT)
14/11/2025,UST T-Shirt Sporty,6,JUC (CONSIGNMENT)
14/11/2025,"Baseball Shirt (Y,W)",1,JYL ATHLETICA (CONSIGNMENT)
14/11/2025,Corp Jacket,1,JYL ATHLETICA (CONSIGNMENT)
14/11/2025,Cotton Black Jacket,1,JYL ATHLETICA (CONSIGNMENT)
14/11/2025,Cotton Gray Jacket,2,JYL ATHLETICA (CONSIGNMENT)
14/11/2025,DRI-FIT NEW,1,JYL ATHLETICA (CONSIGNMENT)
14/11/2025,Jacket,4,JYL ATHLETICA (CONSIGNMENT)
14/11/2025,Machete V2,1,JYL ATHLETICA (CONSIGNMENT)
14/11/2025,Poloshirt 123456 @860,1,JYL ATHLETICA (CONSIGNMENT)
14/11/2025,Poloshirt @800,2,JYL ATHLETICA (CONSIGNMENT)
14/11/2025,QUIANA SUBLI SHIRT (B&Y),2,JYL ATHLETICA (CONSIGNMENT)
14/11/2025,Tiger Claw Keychain @375,2,MADEBYRUZ CONSUMER GOODS TRADING (CONSIGNMENT)
14/11/2025,Ballpen 2 Designs @50 (B&Y),4,STITCH CORP. (BLEEVES PAID)
14/11/2025,Bamboo Notebook @150,2,STITCH CORP. (BLEEVES PAID)
14/11/2025,Bamboo Pen @60,40,STITCH CORP. (BLEEVES PAID)
14/11/2025,Corp Jacket V2,18,STITCH CORP. (BLEEVES PAID)
14/11/2025,Kraft Notebook @130,44,STITCH CORP. (BLEEVES PAID)
14/11/2025,Arch @320,1,TET AND DARS (PAID)
14/11/2025,Long Sticker @120,2,TET AND DARS (PAID)
14/11/2025,Pen @40,4,TET AND DARS (PAID)
14/11/2025,"Hoodie UST embro (V,G,Y,B) @1800",5,THREADMARKED (PAID)
14/11/2025,5M Rotating Keychain,9,USTORE (PAID)
14/11/2025,Aquaflask,2,USTORE (PAID)
14/11/2025,Black Eco Bag,50,USTORE (PAID)
14/11/2025,C. Keychain,4,USTORE (PAID)
14/11/2025,Chibi Stickers,3,USTORE (PAID)
14/11/2025,College Sticker @120,3,USTORE (PAID)
14/11/2025,ID Case v2 @40,2,USTORE (PAID)
14/11/2025,Lanyard @180,18,USTORE (PAID)
14/11/2025,MJ Sticker Large,2,USTORE (PAID)
14/11/2025,MJ Sticker Medium,2,USTORE (PAID)
14/11/2025,MJ Sticker Small,7,USTORE (PAID)
14/11/2025,Notelet,1,USTORE (PAID)
14/11/2025,Picasso Pen,2,USTORE (PAID)
14/11/2025,Tiger Plushie Small,18,USTORE (PAID)
14/11/2025,Tote Viva Santo Tomas,2,USTORE (PAID)
14/11/2025,Travel Mug,3,USTORE (PAID)
14/11/2025,Umb ONE FOR UST,4,USTORE (PAID)
14/11/2025,USTORE Voucher (1000),2,USTORE (PAID)
14/11/2025,USTORE Voucher (500),10,USTORE (PAID)
14/11/2025,Yellow Lanyard,43,USTORE (PAID)
14/11/2025,Yellow Notebook,3,USTORE (PAID)
14/11/2025,Keychain,1,VARSITY LIFESTYLE (CONSIGNMENT)
14/11/2025,Lanyard,4,VARSITY LIFESTYLE (CONSIGNMENT)
14/11/2025,VL Sticker Pack,2,VARSITY LIFESTYLE (CONSIGNMENT)
16/11/2025,UST OAT MUG (B),6,JUC (CONSIGNMENT)
16/11/2025,"UST OAT MUG (Y,W)",7,JUC (CONSIGNMENT)
16/11/2025,UST OAT T-Shirt Y/B/COLLEGE,2,JUC (CONSIGNMENT)
16/11/2025,UST T-Shirt Santo Tomas Shirt/UST T-Shirt Tiger Pattern/HAPPY,2,JUC (CONSIGNMENT)
16/11/2025,UST T-Shirt Sporty,2,JUC (CONSIGNMENT)
16/11/2025,QUIANA SUBLI SHIRT (B&Y),1,JYL ATHLETICA (CONSIGNMENT)
16/11/2025,Hoodies Breaker,1,NAPOLIZ ENTERPRISES (CONSIGNMENT)
16/11/2025,Tiger w/ Box,1,STITCH CORP. (BLEEVES CONSIGNMENT)
16/11/2025,Corp Jacket V2,2,STITCH CORP. (BLEEVES PAID)
16/11/2025,Long Sticker @120,1,TET AND DARS (PAID)
16/11/2025,"Oversized shirt (V,B) @650",1,THREADMARKED (CONSIGNMENT)
16/11/2025,"Hoodie UST embro (V,G,Y,B) @1800",2,THREADMARKED (PAID)
16/11/2025,ID Case v2 @40,1,USTORE (PAID)
16/11/2025,Lanyard @180,2,USTORE (PAID)
16/11/2025,MJ Sticker Medium,4,USTORE (PAID)
16/11/2025,USTORE Voucher (1000),2,USTORE (PAID)
16/11/2025,USTORE Voucher (500),6,USTORE (PAID)
19/11/2025,Black Embro,3,BLAZE (CONSIGNMENT)
19/11/2025,Shirts all @450 UPSIZE (3XL-4XL),1,JUC (CONSIGNMENT)
19/11/2025,UST College ID Lace,3,JUC (CONSIGNMENT)
19/11/2025,UST OAT MUG (B),5,JUC (CONSIGNMENT)
19/11/2025,"UST OAT MUG (Y,W)",6,JUC (CONSIGNMENT)
19/11/2025,UST OAT T-Shirt Y/B/COLLEGE,11,JUC (CONSIGNMENT)
19/11/2025,UST Sweatshirt Sporty,2,JUC (CONSIGNMENT)
19/11/2025,UST T-Shirt Santo Tomas Shirt/UST T-Shirt Tiger Pattern/HAPPY,9,JUC (CONSIGNMENT)
19/11/2025,UST T-Shirt Sporty,3,JUC (CONSIGNMENT)
19/11/2025,Cotton Brush Jacket,1,JYL ATHLETICA (CONSIGNMENT)
19/11/2025,Cotton Gray Jacket,2,JYL ATHLETICA (CONSIGNMENT)
19/11/2025,DRI-FIT NEW,1,JYL ATHLETICA (CONSIGNMENT)
19/11/2025,Machete V2,2,JYL ATHLETICA (CONSIGNMENT)
19/11/2025,Poloshirt @800,1,JYL ATHLETICA (CONSIGNMENT)
19/11/2025,Tiger Claw,1,MADEBYRUZ CONSUMER GOODS TRADING (CONSIGNMENT)
19/11/2025,Hoodies Breaker,2,NAPOLIZ ENTERPRISES (CONSIGNMENT)
19/11/2025,Baseball Cap METAL @380,3,STITCH CORP. (BLEEVES CONSIGNMENT)
19/11/2025,Tiger w/ Box,4,STITCH CORP. (BLEEVES CONSIGNMENT)
19/11/2025,Ballpen 2 Designs @50 (B&Y),53,STITCH CORP. (BLEEVES PAID)
19/11/2025,Bamboo Pen @60,1,STITCH CORP. (BLEEVES PAID)
19/11/2025,Corp Jacket V2,4,STITCH CORP. (BLEEVES PAID)
19/11/2025,Kraft Notebook @130,7,STITCH CORP. (BLEEVES PAID)
19/11/2025,Arch @320,3,TET AND DARS (PAID)
19/11/2025,Long Sticker @120,1,TET AND DARS (PAID)
19/11/2025,"Go USTE (W,Y,B) @450",4,THREADMARKED (CONSIGNMENT)
19/11/2025,"Hoodie UST embro (V,G,Y,B) @1800",2,THREADMARKED (PAID)
19/11/2025,5M Rotating Keychain,4,USTORE (PAID)
19/11/2025,Black Eco Bag,17,USTORE (PAID)
19/11/2025,C. Keychain,1,USTORE (PAID)
19/11/2025,ID Case v2 @40,6,USTORE (PAID)
19/11/2025,Insignia Pen,3,USTORE (PAID)
19/11/2025,Lanyard @180,21,USTORE (PAID)
19/11/2025,MJ Sticker Small,2,USTORE (PAID)
19/11/2025,Notelet,7,USTORE (PAID)
19/11/2025,Tiger Plushie Big,3,USTORE (PAID)
19/11/2025,Tote Bag Canvas White @160,6,USTORE (PAID)
19/11/2025,Tote Viva Santo Tomas,3,USTORE (PAID)
19/11/2025,Umb ONE FOR UST,11,USTORE (PAID)
19/11/2025,Yellow Notebook,5,USTORE (PAID)
19/11/2025,Keychain,1,VARSITY LIFESTYLE (CONSIGNMENT)
19/11/2025,Lanyard,1,VARSITY LIFESTYLE (CONSIGNMENT)
19/11/2025,VL Sticker Pack,1,VARSITY LIFESTYLE (CONSIGNMENT)
20/11/2025,ABSC College Shirt (60th),1,ARTS AND LETTERS (SHIRT HAPPENS)
20/11/2025,Polo Shirt @800,1,BLAZE (CONSIGNMENT)
20/11/2025,Triple Black Embro,1,BLAZE (CONSIGNMENT)
20/11/2025,UST College ID Lace,9,JUC (CONSIGNMENT)
20/11/2025,"UST OAT MUG (Y,W)",9,JUC (CONSIGNMENT)
20/11/2025,UST OAT T-Shirt Y/B/COLLEGE,5,JUC (CONSIGNMENT)
20/11/2025,UST Sweatshirt Sporty,1,JUC (CONSIGNMENT)
20/11/2025,UST T-Shirt Santo Tomas Shirt/UST T-Shirt Tiger Pattern/HAPPY,20,JUC (CONSIGNMENT)
20/11/2025,Cotton Gray Jacket,3,JYL ATHLETICA (CONSIGNMENT)
20/11/2025,DRI-FIT NEW,1,JYL ATHLETICA (CONSIGNMENT)
20/11/2025,Jacket,1,JYL ATHLETICA (CONSIGNMENT)
20/11/2025,QUIANA SUBLI SHIRT (B&Y),1,JYL ATHLETICA (CONSIGNMENT)
20/11/2025,Tiger Claw Keychain @375,1,MADEBYRUZ CONSUMER GOODS TRADING (CONSIGNMENT)
20/11/2025,Ballpen 2 Designs @50 (B&Y),52,STITCH CORP. (BLEEVES PAID)
20/11/2025,Bamboo Notebook @150,1,STITCH CORP. (BLEEVES PAID)
20/11/2025,Corp Jacket V2,5,STITCH CORP. (BLEEVES PAID)
20/11/2025,Arch @320,2,TET AND DARS (PAID)
20/11/2025,Pen @40,7,TET AND DARS (PAID)
20/11/2025,"Go USTE (W,Y,B) @450",1,THREADMARKED (CONSIGNMENT)
20/11/2025,"Oversized shirt (V,B) @650",1,THREADMARKED (CONSIGNMENT)
20/11/2025,"Hoodie UST embro (V,G,Y,B) @1800",4,THREADMARKED (PAID)
20/11/2025,5M Magnetic Pin,7,USTORE (PAID)
20/11/2025,5M Rotating Keychain,2,USTORE (PAID)
20/11/2025,ID Case v2 @40,2,USTORE (PAID)
20/11/2025,Lanyard @180,16,USTORE (PAID)
20/11/2025,Notelet,52,USTORE (PAID)
20/11/2025,Pencil,1,USTORE (PAID)
20/11/2025,Scarf @490,1,USTORE (PAID)
20/11/2025,Tote Viva Santo Tomas,11,USTORE (PAID)
20/11/2025,Umb ONE FOR UST,7,USTORE (PAID)
20/11/2025,Yellow Lanyard,2,USTORE (PAID)
20/11/2025,Yellow Notebook,7,USTORE (PAID)
20/11/2025,Keychain,1,VARSITY LIFESTYLE (CONSIGNMENT)
20/11/2025,Lanyard,1,VARSITY LIFESTYLE (CONSIGNMENT)
21/11/2025,Black Embro,1,BLAZE (CONSIGNMENT)
21/11/2025,Polo Shirt @800,1,BLAZE (CONSIGNMENT)
21/11/2025,White Embro,1,BLAZE (CONSIGNMENT)
21/11/2025,Shirts all @450 UPSIZE (3XL-4XL),2,JUC (CONSIGNMENT)
21/11/2025,UST College ID Lace,8,JUC (CONSIGNMENT)
21/11/2025,UST OAT MUG (B),2,JUC (CONSIGNMENT)
21/11/2025,"UST OAT MUG (Y,W)",4,JUC (CONSIGNMENT)
21/11/2025,UST OAT T-Shirt Y/B/COLLEGE,12,JUC (CONSIGNMENT)
21/11/2025,UST T-Shirt Santo Tomas Shirt/UST T-Shirt Tiger Pattern/HAPPY,14,JUC (CONSIGNMENT)
21/11/2025,UST T-Shirt Sporty,1,JUC (CONSIGNMENT)
21/11/2025,Cotton Brush Jacket,4,JYL ATHLETICA (CONSIGNMENT)
21/11/2025,Cotton Gray Jacket,1,JYL ATHLETICA (CONSIGNMENT)
21/11/2025,DRI-FIT NEW,5,JYL ATHLETICA (CONSIGNMENT)
21/11/2025,Machete V2,1,JYL ATHLETICA (CONSIGNMENT)
21/11/2025,Poloshirt @800,1,JYL ATHLETICA (CONSIGNMENT)
21/11/2025,Taslan NEW,1,JYL ATHLETICA (CONSIGNMENT)
21/11/2025,Tiger Claw Keychain @375,1,MADEBYRUZ CONSUMER GOODS TRADING (CONSIGNMENT)
21/11/2025,Hoodies Breaker,3,NAPOLIZ ENTERPRISES (CONSIGNMENT)
21/11/2025,Tiger w/ Box,1,STITCH CORP. (BLEEVES CONSIGNMENT)
21/11/2025,Ballpen 2 Designs @50 (B&Y),6,STITCH CORP. (BLEEVES PAID)
21/11/2025,Corp Jacket V2,2,STITCH CORP. (BLEEVES PAID)
21/11/2025,Kraft Notebook @130,2,STITCH CORP. (BLEEVES PAID)
21/11/2025,Long Sticker @120,3,TET AND DARS (PAID)
21/11/2025,Pen @40,6,TET AND DARS (PAID)
21/11/2025,"Oversized shirt (V,B) @650",1,THREADMARKED (CONSIGNMENT)
21/11/2025,"Hoodie UST embro (V,G,Y,B) @1800",2,THREADMARKED (PAID)
21/11/2025,Aquaflask,10,USTORE (PAID)
21/11/2025,Button Pin (Big),7,USTORE (PAID)
21/11/2025,C. Keychain,3,USTORE (PAID)
21/11/2025,ID Case v2 @40,4,USTORE (PAID)
21/11/2025,Lanyard @180,17,USTORE (PAID)
21/11/2025,MJ Sticker Large,1,USTORE (PAID)
21/11/2025,MJ Sticker Medium,5,USTORE (PAID)
21/11/2025,MJ Sticker Small,5,USTORE (PAID)
21/11/2025,Notelet,8,USTORE (PAID)
21/11/2025,Stainless Eco Tumbler,11,USTORE (PAID)
21/11/2025,Tiger Plushie Big,3,USTORE (PAID)
21/11/2025,Tiger Plushie Small,1,USTORE (PAID)
21/11/2025,Tote Bag Canvas White @160,3,USTORE (PAID)
21/11/2025,Tote Viva Santo Tomas,2,USTORE (PAID)
21/11/2025,Umb ONE FOR UST,2,USTORE (PAID)
21/11/2025,Keychain,1,VARSITY LIFESTYLE (CONSIGNMENT)
21/11/2025,Lanyard,1,VARSITY LIFESTYLE (CONSIGNMENT)
21/11/2025,VL Sticker Pack,1,VARSITY LIFESTYLE (CONSIGNMENT)
22/11/2025,Black Embro,1,BLAZE (CONSIGNMENT)
22/11/2025,Polo Shirt @800,1,BLAZE (CONSIGNMENT)
22/11/2025,UST College ID Lace,1,JUC (CONSIGNMENT)
22/11/2025,UST OAT Hoodie Jacket,1,JUC (CONSIGNMENT)
22/11/2025,UST OAT MUG (B),2,JUC (CONSIGNMENT)
22/11/2025,"UST OAT MUG (Y,W)",5,JUC (CONSIGNMENT)
22/11/2025,UST OAT T-Shirt Y/B/COLLEGE,8,JUC (CONSIGNMENT)
22/11/2025,UST Sweatshirt Sporty,3,JUC (CONSIGNMENT)
22/11/2025,UST T-Shirt Santo Tomas Shirt/UST T-Shirt Tiger Pattern/HAPPY,21,JUC (CONSIGNMENT)
22/11/2025,UST T-Shirt Sporty,3,JUC (CONSIGNMENT)
22/11/2025,"Baseball Shirt (Y,W)",1,JYL ATHLETICA (CONSIGNMENT)
22/11/2025,Cotton Black Jacket,2,JYL ATHLETICA (CONSIGNMENT)
22/11/2025,Cotton Brush Jacket,1,JYL ATHLETICA (CONSIGNMENT)
22/11/2025,Cotton Gray Jacket,1,JYL ATHLETICA (CONSIGNMENT)
22/11/2025,DRI-FIT NEW,8,JYL ATHLETICA (CONSIGNMENT)
22/11/2025,Machete V2,1,JYL ATHLETICA (CONSIGNMENT)
22/11/2025,Poloshirt @800,1,JYL ATHLETICA (CONSIGNMENT)
22/11/2025,QUIANA SUBLI SHIRT (B&Y),1,JYL ATHLETICA (CONSIGNMENT)
22/11/2025,Tiger Claw,2,MADEBYRUZ CONSUMER GOODS TRADING (CONSIGNMENT)
22/11/2025,Tiger Claw Keychain @375,4,MADEBYRUZ CONSUMER GOODS TRADING (CONSIGNMENT)
22/11/2025,Tiger Headband (2 Designs),2,MADEBYRUZ CONSUMER GOODS TRADING (CONSIGNMENT)
22/11/2025,Hoodies Breaker,1,NAPOLIZ ENTERPRISES (CONSIGNMENT)
22/11/2025,Pen with BOX,1,NEW TRENDS (PAID)
22/11/2025,Wearable Blanket,1,STITCH CORP. (BLEEVES CONSIGNMENT)
22/11/2025,Ballpen 2 Designs @50 (B&Y),17,STITCH CORP. (BLEEVES PAID)
22/11/2025,Corp Jacket V2,2,STITCH CORP. (BLEEVES PAID)
22/11/2025,Arch @320,7,TET AND DARS (PAID)
22/11/2025,Long Sticker @120,4,TET AND DARS (PAID)
22/11/2025,"Oversized shirt (V,B) @650",1,THREADMARKED (CONSIGNMENT)
22/11/2025,"Hoodie UST embro (V,G,Y,B) @1800",2,THREADMARKED (PAID)
22/11/2025,Black Eco Bag,4,USTORE (PAID)
22/11/2025,Chibi Stickers,1,USTORE (PAID)
22/11/2025,ID Case @20,4,USTORE (PAID)
22/11/2025,ID Case v2 @40,3,USTORE (PAID)
22/11/2025,Lanyard @180,16,USTORE (PAID)
22/11/2025,MJ Sticker Large,7,USTORE (PAID)
22/11/2025,MJ Sticker Medium,12,USTORE (PAID)
22/11/2025,MJ Sticker Small,19,USTORE (PAID)
22/11/2025,Tote Bag Canvas White @160,2,USTORE (PAID)
22/11/2025,Tote Viva Santo Tomas,6,USTORE (PAID)
22/11/2025,Umb ONE FOR UST,6,USTORE (PAID)
22/11/2025,Yellow Lanyard,2,USTORE (PAID)
22/11/2025,Yellow Notebook,2,USTORE (PAID)
22/11/2025,Keychain,6,VARSITY LIFESTYLE (CONSIGNMENT)
22/11/2025,Lanyard,2,VARSITY LIFESTYLE (CONSIGNMENT)
22/11/2025,New GT Shirts,2,VARSITY LIFESTYLE (CONSIGNMENT)
22/11/2025,Scarves,2,VARSITY LIFESTYLE (CONSIGNMENT)
24/11/2025,UST College ID Lace,10,JUC (CONSIGNMENT)
24/11/2025,UST OAT Hoodie Jacket,2,JUC (CONSIGNMENT)
24/11/2025,UST OAT MUG (B),1,JUC (CONSIGNMENT)
24/11/2025,UST OAT T-Shirt Y/B/COLLEGE,3,JUC (CONSIGNMENT)
24/11/2025,UST Sweatshirt Sporty,2,JUC (CONSIGNMENT)
24/11/2025,UST T-Shirt Santo Tomas Shirt/UST T-Shirt Tiger Pattern/HAPPY,13,JUC (CONSIGNMENT)
24/11/2025,UST T-Shirt Sporty,1,JUC (CONSIGNMENT)
24/11/2025,Cotton Brush Jacket,1,JYL ATHLETICA (CONSIGNMENT)
24/11/2025,Cotton Gray Jacket,1,JYL ATHLETICA (CONSIGNMENT)
24/11/2025,Machete V2,1,JYL ATHLETICA (CONSIGNMENT)
24/11/2025,Poloshirt 123456 @860,3,JYL ATHLETICA (CONSIGNMENT)
24/11/2025,Poloshirt @800,7,JYL ATHLETICA (CONSIGNMENT)
24/11/2025,QUIANA SUBLI SHIRT (B&Y),3,JYL ATHLETICA (CONSIGNMENT)
24/11/2025,Small Mystery Car,1,MADEBYRUZ CONSUMER GOODS TRADING (CONSIGNMENT)
24/11/2025,Tiger Claw Keychain @375,2,MADEBYRUZ CONSUMER GOODS TRADING (CONSIGNMENT)
24/11/2025,Hoodies Breaker,1,NAPOLIZ ENTERPRISES (CONSIGNMENT)
24/11/2025,Baseball Cap METAL @380,1,STITCH CORP. (BLEEVES CONSIGNMENT)
24/11/2025,Clock @700,46,STITCH CORP. (BLEEVES CONSIGNMENT)
24/11/2025,Wearable Blanket,1,STITCH CORP. (BLEEVES CONSIGNMENT)
24/11/2025,Ballpen 2 Designs @50 (B&Y),55,STITCH CORP. (BLEEVES PAID)
24/11/2025,Corp Jacket V2,2,STITCH CORP. (BLEEVES PAID)
24/11/2025,Kraft Notebook @130,1,STITCH CORP. (BLEEVES PAID)
24/11/2025,Logo Sticker @25,1,TET AND DARS (PAID)
24/11/2025,Pen @40,2,TET AND DARS (PAID)
24/11/2025,"Go USTE (W,Y,B) @450",1,THREADMARKED (CONSIGNMENT)
24/11/2025,"Oversized shirt (V,B) @650",3,THREADMARKED (CONSIGNMENT)
24/11/2025,"Hoodie UST embro (V,G,Y,B) @1800",7,THREADMARKED (PAID)
24/11/2025,5M Rotating Keychain,4,USTORE (PAID)
24/11/2025,Aquaflask,2,USTORE (PAID)
24/11/2025,Black Eco Bag,1,USTORE (PAID)
24/11/2025,C. Keychain,10,USTORE (PAID)
24/11/2025,Chibi Stickers,2,USTORE (PAID)
24/11/2025,College Sticker @120,1,USTORE (PAID)
24/11/2025,ID Case v2 @40,1,USTORE (PAID)
24/11/2025,Lanyard @180,15,USTORE (PAID)
24/11/2025,MJ Sticker Large,3,USTORE (PAID)
24/11/2025,MJ Sticker Medium,7,USTORE (PAID)
24/11/2025,MJ Sticker Small,6,USTORE (PAID)
24/11/2025,Notelet,50,USTORE (PAID)
24/11/2025,Pencil,20,USTORE (PAID)
24/11/2025,Tiger Plushie Big,2,USTORE (PAID)
24/11/2025,Tiger Plushie Small,5,USTORE (PAID)
24/11/2025,Umb ONE FOR UST,2,USTORE (PAID)
24/11/2025,USTORE Voucher (1000),12,USTORE (PAID)
24/11/2025,Yellow Lanyard,3,USTORE (PAID)
24/11/2025,VL Sticker Pack,1,VARSITY LIFESTYLE (CONSIGNMENT)
25/11/2025,Polo Shirt @800,1,BLAZE (CONSIGNMENT)
25/11/2025,White Embro,2,BLAZE (CONSIGNMENT)
25/11/2025,Shirts all @450 UPSIZE (3XL-4XL),1,JUC (CONSIGNMENT)
25/11/2025,UST College ID Lace,5,JUC (CONSIGNMENT)
25/11/2025,UST OAT MUG (B),4,JUC (CONSIGNMENT)
25/11/2025,"UST OAT MUG (Y,W)",8,JUC (CONSIGNMENT)
25/11/2025,UST OAT T-Shirt Y/B/COLLEGE,3,JUC (CONSIGNMENT)
25/11/2025,UST Sweatshirt Sporty,2,JUC (CONSIGNMENT)
25/11/2025,UST T-Shirt Santo Tomas Shirt/UST T-Shirt Tiger Pattern/HAPPY,19,JUC (CONSIGNMENT)
25/11/2025,Corp Jacket,1,JYL ATHLETICA (CONSIGNMENT)
25/11/2025,Cotton Brush Jacket,1,JYL ATHLETICA (CONSIGNMENT)
25/11/2025,Cotton Gray Jacket,1,JYL ATHLETICA (CONSIGNMENT)
25/11/2025,Machete V2,2,JYL ATHLETICA (CONSIGNMENT)
25/11/2025,Poloshirt @800,3,JYL ATHLETICA (CONSIGNMENT)
25/11/2025,QUIANA SUBLI SHIRT (B&Y),1,JYL ATHLETICA (CONSIGNMENT)
25/11/2025,Big Car,1,MADEBYRUZ CONSUMER GOODS TRADING (CONSIGNMENT)
25/11/2025,Tiger Claw,1,MADEBYRUZ CONSUMER GOODS TRADING (CONSIGNMENT)
25/11/2025,Tiger Claw Keychain @375,1,MADEBYRUZ CONSUMER GOODS TRADING (CONSIGNMENT)
25/11/2025,Tiger Headband (2 Designs),1,MADEBYRUZ CONSUMER GOODS TRADING (CONSIGNMENT)
25/11/2025,Pen with BOX,1,NEW TRENDS (PAID)
25/11/2025,Baseball Cap METAL @380,1,STITCH CORP. (BLEEVES CONSIGNMENT)
25/11/2025,Tiger w/ Box,9,STITCH CORP. (BLEEVES CONSIGNMENT)
25/11/2025,Ballpen 2 Designs @50 (B&Y),65,STITCH CORP. (BLEEVES PAID)
25/11/2025,Bamboo Notebook @150,3,STITCH CORP. (BLEEVES PAID)
25/11/2025,Bamboo Pen @60,3,STITCH CORP. (BLEEVES PAID)
25/11/2025,Corp Jacket V2,5,STITCH CORP. (BLEEVES PAID)
25/11/2025,Arch @320,1,TET AND DARS (PAID)
25/11/2025,Pen @40,1,TET AND DARS (PAID)
25/11/2025,"Go USTE (W,Y,B) @450",3,THREADMARKED (CONSIGNMENT)
25/11/2025,"Oversized shirt (V,B) @650",2,THREADMARKED (CONSIGNMENT)
25/11/2025,"Hoodie UST embro (V,G,Y,B) @1800",2,THREADMARKED (PAID)
25/11/2025,5M Magnetic Pin,1,USTORE (PAID)
25/11/2025,5M Rotating Keychain,2,USTORE (PAID)
25/11/2025,Aquaflask,3,USTORE (PAID)
25/11/2025,Black Eco Bag,2,USTORE (PAID)
25/11/2025,Chibi Stickers,2,USTORE (PAID)
25/11/2025,ID Case v2 @40,2,USTORE (PAID)
25/11/2025,Lanyard @180,14,USTORE (PAID)
25/11/2025,MJ Sticker Large,3,USTORE (PAID)
25/11/2025,MJ Sticker Medium,2,USTORE (PAID)
25/11/2025,MJ Sticker Small,3,USTORE (PAID)
25/11/2025,Notelet,51,USTORE (PAID)
25/11/2025,Pencil,8,USTORE (PAID)
25/11/2025,Tiger Plushie Small,1,USTORE (PAID)
25/11/2025,Tote Bag Canvas White @160,2,USTORE (PAID)
25/11/2025,Travel Mug,3,USTORE (PAID)
25/11/2025,Umb ONE FOR UST,10,USTORE (PAID)
25/11/2025,Yellow Notebook,1,USTORE (PAID)
26/11/2025,Polo Shirt @800,1,BLAZE (CONSIGNMENT)
26/11/2025,UST College ID Lace,3,JUC (CONSIGNMENT)
26/11/2025,UST OAT MUG (B),2,JUC (CONSIGNMENT)
26/11/2025,"UST OAT MUG (Y,W)",1,JUC (CONSIGNMENT)
26/11/2025,UST OAT T-Shirt Y/B/COLLEGE,4,JUC (CONSIGNMENT)
26/11/2025,UST Sweatshirt Sporty,1,JUC (CONSIGNMENT)
26/11/2025,UST T-Shirt Santo Tomas Shirt/UST T-Shirt Tiger Pattern/HAPPY,11,JUC (CONSIGNMENT)
26/11/2025,UST T-Shirt Sporty,1,JUC (CONSIGNMENT)
26/11/2025,Cotton Black Jacket,3,JYL ATHLETICA (CONSIGNMENT)
26/11/2025,Cotton Brush Jacket,2,JYL ATHLETICA (CONSIGNMENT)
26/11/2025,DRI-FIT NEW,1,JYL ATHLETICA (CONSIGNMENT)
26/11/2025,Poloshirt @800,1,JYL ATHLETICA (CONSIGNMENT)
26/11/2025,QUIANA SUBLI SHIRT (B&Y),1,JYL ATHLETICA (CONSIGNMENT)
26/11/2025,Tiger Claw Keychain @375,1,MADEBYRUZ CONSUMER GOODS TRADING (CONSIGNMENT)
26/11/2025,Tiger Costume,1,MADEBYRUZ CONSUMER GOODS TRADING (CONSIGNMENT)
26/11/2025,Hoodies Breaker,2,NAPOLIZ ENTERPRISES (CONSIGNMENT)
26/11/2025,Tiger w/ Box,4,STITCH CORP. (BLEEVES CONSIGNMENT)
26/11/2025,Ballpen 2 Designs @50 (B&Y),15,STITCH CORP. (BLEEVES PAID)
26/11/2025,Bamboo Pen @60,6,STITCH CORP. (BLEEVES PAID)
26/11/2025,Corp Jacket V2,3,STITCH CORP. (BLEEVES PAID)
26/11/2025,Kraft Notebook @130,5,STITCH CORP. (BLEEVES PAID)
26/11/2025,Logo Sticker @25,2,TET AND DARS (PAID)
26/11/2025,Pen @40,8,TET AND DARS (PAID)
26/11/2025,"Go USTE (W,Y,B) @450",2,THREADMARKED (CONSIGNMENT)
26/11/2025,"Oversized shirt (V,B) @650",4,THREADMARKED (CONSIGNMENT)
26/11/2025,"Hoodie UST embro (V,G,Y,B) @1800",4,THREADMARKED (PAID)
26/11/2025,5M Magnetic Pin,2,USTORE (PAID)
26/11/2025,5M Rotating Keychain,17,USTORE (PAID)
26/11/2025,Black Eco Bag,5,USTORE (PAID)
26/11/2025,C. Keychain,1,USTORE (PAID)
26/11/2025,Chibi Stickers,2,USTORE (PAID)
26/11/2025,ID Case v2 @40,2,USTORE (PAID)
26/11/2025,Lanyard @180,16,USTORE (PAID)
26/11/2025,MJ Sticker Large,3,USTORE (PAID)
26/11/2025,MJ Sticker Medium,11,USTORE (PAID)
26/11/2025,MJ Sticker Small,15,USTORE (PAID)
26/11/2025,Notelet,1,USTORE (PAID)
26/11/2025,Scarf @490,1,USTORE (PAID)
26/11/2025,Tiger Plushie Big,1,USTORE (PAID)
26/11/2025,Umb ONE FOR UST,3,USTORE (PAID)
26/11/2025,Utensils,1,USTORE (PAID)
26/11/2025,Yellow Lanyard,8,USTORE (PAID)
26/11/2025,Yellow Notebook,2,USTORE (PAID)
26/11/2025,Keychain,2,VARSITY LIFESTYLE (CONSIGNMENT)
26/11/2025,VL Sticker Pack,1,VARSITY LIFESTYLE (CONSIGNMENT)
27/11/2025,ABSC College Shirt (60th),1,ARTS AND LETTERS (SHIRT HAPPENS)
27/11/2025,White Embro,2,BLAZE (CONSIGNMENT)
27/11/2025,UST College ID Lace,8,JUC (CONSIGNMENT)
27/11/2025,UST OAT Hoodie Jacket,1,JUC (CONSIGNMENT)
27/11/2025,UST OAT MUG (B),6,JUC (CONSIGNMENT)
27/11/2025,"UST OAT MUG (Y,W)",4,JUC (CONSIGNMENT)
27/11/2025,UST OAT T-Shirt Y/B/COLLEGE,10,JUC (CONSIGNMENT)
27/11/2025,UST Sweatshirt Sporty,1,JUC (CONSIGNMENT)
27/11/2025,UST T-Shirt Santo Tomas Shirt/UST T-Shirt Tiger Pattern/HAPPY,11,JUC (CONSIGNMENT)
27/11/2025,UST T-Shirt Sporty,5,JUC (CONSIGNMENT)
27/11/2025,DRI-FIT NEW,2,JYL ATHLETICA (CONSIGNMENT)
27/11/2025,Machete V2,1,JYL ATHLETICA (CONSIGNMENT)
27/11/2025,Poloshirt @800,3,JYL ATHLETICA (CONSIGNMENT)
27/11/2025,QUIANA SUBLI SHIRT (B&Y),1,JYL ATHLETICA (CONSIGNMENT)
27/11/2025,Taslan NEW,1,JYL ATHLETICA (CONSIGNMENT)
27/11/2025,Hoodies Breaker,2,NAPOLIZ ENTERPRISES (CONSIGNMENT)
27/11/2025,Ballpen 2 Designs @50 (B&Y),5,STITCH CORP. (BLEEVES PAID)
27/11/2025,Bamboo Notebook @150,2,STITCH CORP. (BLEEVES PAID)
27/11/2025,Corp Jacket V2,3,STITCH CORP. (BLEEVES PAID)
27/11/2025,Kraft Notebook @130,4,STITCH CORP. (BLEEVES PAID)
27/11/2025,Logo Sticker @25,4,TET AND DARS (PAID)
27/11/2025,Long Sticker @120,2,TET AND DARS (PAID)
27/11/2025,Pen @40,5,TET AND DARS (PAID)
27/11/2025,"Oversized shirt (V,B) @650",6,THREADMARKED (CONSIGNMENT)
27/11/2025,"Hoodie UST embro (V,G,Y,B) @1800",1,THREADMARKED (PAID)
27/11/2025,Two-toned windbreaker @1700,6,THREADMARKED (PAID)
27/11/2025,5M Magnetic Pin,3,USTORE (PAID)
27/11/2025,5M Rotating Keychain,3,USTORE (PAID)
27/11/2025,Black Eco Bag,6,USTORE (PAID)
27/11/2025,Blanca Pen,1,USTORE (PAID)
27/11/2025,Button Pin (Big),2,USTORE (PAID)
27/11/2025,C. Keychain,1,USTORE (PAID)
27/11/2025,Chibi Stickers,3,USTORE (PAID)
27/11/2025,ID Case v2 @40,3,USTORE (PAID)
27/11/2025,Lanyard @180,19,USTORE (PAID)
27/11/2025,MJ Sticker Large,1,USTORE (PAID)
27/11/2025,MJ Sticker Medium,3,USTORE (PAID)
27/11/2025,MJ Sticker Small,3,USTORE (PAID)
27/11/2025,Tiger Plushie Small,4,USTORE (PAID)
27/11/2025,Tote Viva Santo Tomas,3,USTORE (PAID)
27/11/2025,Umb ONE FOR UST,4,USTORE (PAID)
27/11/2025,Utensils,1,USTORE (PAID)
27/11/2025,Yellow Lanyard,5,USTORE (PAID)
27/11/2025,Yellow Notebook,4,USTORE (PAID)
27/11/2025,Lanyard,4,VARSITY LIFESTYLE (CONSIGNMENT)
28/11/2025,White Embro,4,BLAZE (CONSIGNMENT)
28/11/2025,Shirts all @450 UPSIZE (3XL-4XL),2,JUC (CONSIGNMENT)
28/11/2025,UST College ID Lace,5,JUC (CONSIGNMENT)
28/11/2025,UST OAT MUG (B),2,JUC (CONSIGNMENT)
28/11/2025,"UST OAT MUG (Y,W)",1,JUC (CONSIGNMENT)
28/11/2025,UST OAT T-Shirt Y/B/COLLEGE,17,JUC (CONSIGNMENT)
28/11/2025,UST Sweatshirt Sporty,2,JUC (CONSIGNMENT)
28/11/2025,UST T-Shirt Santo Tomas Shirt/UST T-Shirt Tiger Pattern/HAPPY,58,JUC (CONSIGNMENT)
28/11/2025,UST T-Shirt Sporty,23,JUC (CONSIGNMENT)
28/11/2025,Cotton Black Jacket,1,JYL ATHLETICA (CONSIGNMENT)
28/11/2025,Cotton Brush Jacket,2,JYL ATHLETICA (CONSIGNMENT)
28/11/2025,DRI-FIT NEW,1,JYL ATHLETICA (CONSIGNMENT)
28/11/2025,Machete V2,1,JYL ATHLETICA (CONSIGNMENT)
28/11/2025,Poloshirt @800,1,JYL ATHLETICA (CONSIGNMENT)
28/11/2025,QUIANA SUBLI SHIRT (B&Y),3,JYL ATHLETICA (CONSIGNMENT)
28/11/2025,Ballpen 2 Designs @50 (B&Y),17,STITCH CORP. (BLEEVES PAID)
28/11/2025,Bamboo Notebook @150,3,STITCH CORP. (BLEEVES PAID)
28/11/2025,Bamboo Pen @60,2,STITCH CORP. (BLEEVES PAID)
28/11/2025,Corp Jacket V2,1,STITCH CORP. (BLEEVES PAID)
28/11/2025,Long Sticker @120,1,TET AND DARS (PAID)
28/11/2025,Pen @40,1,TET AND DARS (PAID)
28/11/2025,"Go USTE (W,Y,B) @450",6,THREADMARKED (CONSIGNMENT)
28/11/2025,"Oversized shirt (V,B) @650",2,THREADMARKED (CONSIGNMENT)
28/11/2025,"Hoodie UST embro (V,G,Y,B) @1800",3,THREADMARKED (PAID)
28/11/2025,280ml Desk Mug,1,TIGER FLASK
28/11/2025,Button Pin (Small),3,USTORE (PAID)
28/11/2025,C. Keychain,3,USTORE (PAID)
28/11/2025,ID Case @20,3,USTORE (PAID)
28/11/2025,ID Case v2 @40,1,USTORE (PAID)
28/11/2025,Lanyard @180,17,USTORE (PAID)
28/11/2025,MJ Sticker Large,1,USTORE (PAID)
28/11/2025,MJ Sticker Medium,3,USTORE (PAID)
28/11/2025,MJ Sticker Small,4,USTORE (PAID)
28/11/2025,Scarf @490,1,USTORE (PAID)
28/11/2025,Tiger Plushie Small,1,USTORE (PAID)
28/11/2025,Tote Viva Santo Tomas,2,USTORE (PAID)
28/11/2025,Umb ONE FOR UST,1,USTORE (PAID)
28/11/2025,Yellow Notebook,2,USTORE (PAID)
28/11/2025,Keychain,5,VARSITY LIFESTYLE (CONSIGNMENT)
28/11/2025,New GT Shirts,1,VARSITY LIFESTYLE (CONSIGNMENT)
30/11/2025,Shirts all @450 UPSIZE (3XL-4XL),1,JUC (CONSIGNMENT)
30/11/2025,UST OAT T-Shirt Y/B/COLLEGE,3,JUC (CONSIGNMENT)
30/11/2025,UST Sweatshirt Sporty,2,JUC (CONSIGNMENT)
30/11/2025,UST T-Shirt Santo Tomas Shirt/UST T-Shirt Tiger Pattern/HAPPY,2,JUC (CONSIGNMENT)
30/11/2025,"Baseball Shirt (Y,W)",2,JYL ATHLETICA (CONSIGNMENT)
30/11/2025,Cotton Brush Jacket,2,JYL ATHLETICA (CONSIGNMENT)
30/11/2025,Cotton Gray Jacket,1,JYL ATHLETICA (CONSIGNMENT)
30/11/2025,Machete V2,1,JYL ATHLETICA (CONSIGNMENT)
30/11/2025,Poloshirt @800,2,JYL ATHLETICA (CONSIGNMENT)
30/11/2025,Hoodies Breaker,6,NAPOLIZ ENTERPRISES (CONSIGNMENT)
30/11/2025,Tiger w/ Box,2,STITCH CORP. (BLEEVES CONSIGNMENT)
30/11/2025,Corp Jacket V2,1,STITCH CORP. (BLEEVES PAID)
30/11/2025,Arch @320,4,TET AND DARS (PAID)
30/11/2025,"Go USTE (W,Y,B) @450",4,THREADMARKED (CONSIGNMENT)
30/11/2025,"Oversized shirt (V,B) @650",2,THREADMARKED (CONSIGNMENT)
30/11/2025,Lanyard @180,19,USTORE (PAID)
30/11/2025,Umb ONE FOR UST,6,USTORE (PAID)
30/11/2025,Keychain,5,VARSITY LIFESTYLE (CONSIGNMENT)
30/11/2025,Lanyard,3,VARSITY LIFESTYLE (CONSIGNMENT)
30/11/2025,Long Sticker,2,VARSITY LIFESTYLE (CONSIGNMENT)
30/11/2025,New GT Shirts,1,VARSITY LIFESTYLE (CONSIGNMENT)
02/12/2025,Black Embro,1,BLAZE (CONSIGNMENT)
02/12/2025,White Embro,3,BLAZE (CONSIGNMENT)
02/12/2025,Shirts all @450 UPSIZE (3XL-4XL),1,JUC (CONSIGNMENT)
02/12/2025,UST College ID Lace,1,JUC (CONSIGNMENT)
02/12/2025,UST OAT Hoodie Jacket,1,JUC (CONSIGNMENT)
02/12/2025,UST OAT MUG (B),8,JUC (CONSIGNMENT)
02/12/2025,"UST OAT MUG (Y,W)",3,JUC (CONSIGNMENT)
02/12/2025,UST OAT T-Shirt Y/B/COLLEGE,8,JUC (CONSIGNMENT)
02/12/2025,UST Sweatshirt Sporty,1,JUC (CONSIGNMENT)
02/12/2025,UST T-Shirt Santo Tomas Shirt/UST T-Shirt Tiger Pattern/HAPPY,31,JUC (CONSIGNMENT)
02/12/2025,UST T-Shirt Sporty,6,JUC (CONSIGNMENT)
02/12/2025,Corp Jacket,1,JYL ATHLETICA (CONSIGNMENT)
02/12/2025,Cotton Brush Jacket,1,JYL ATHLETICA (CONSIGNMENT)
02/12/2025,Cotton Gray Jacket,1,JYL ATHLETICA (CONSIGNMENT)
02/12/2025,DRI-FIT NEW,3,JYL ATHLETICA (CONSIGNMENT)
02/12/2025,Jacket,1,JYL ATHLETICA (CONSIGNMENT)
02/12/2025,Poloshirt @800,4,JYL ATHLETICA (CONSIGNMENT)
02/12/2025,QUIANA SUBLI SHIRT (B&Y),4,JYL ATHLETICA (CONSIGNMENT)
02/12/2025,Tiger Headband (2 Designs),1,MADEBYRUZ CONSUMER GOODS TRADING (CONSIGNMENT)
02/12/2025,Tiger Paw Keychain @375,1,MADEBYRUZ CONSUMER GOODS TRADING (CONSIGNMENT)
02/12/2025,Hoodies Breaker,4,NAPOLIZ ENTERPRISES (CONSIGNMENT)
02/12/2025,Pen with BOX,1,NEW TRENDS (PAID)
02/12/2025,Clock @550,3,STITCH CORP. (BLEEVES CONSIGNMENT)
02/12/2025,Ballpen 2 Designs @50 (B&Y),6,STITCH CORP. (BLEEVES PAID)
02/12/2025,Corp Jacket V2,4,STITCH CORP. (BLEEVES PAID)
02/12/2025,Kraft Notebook @130,10,STITCH CORP. (BLEEVES PAID)
02/12/2025,Long Sticker @120,1,TET AND DARS (PAID)
02/12/2025,"Go USTE (W,Y,B) @450",2,THREADMARKED (CONSIGNMENT)
02/12/2025,"Hoodie UST embro (V,G,Y,B) @1800",4,THREADMARKED (PAID)
02/12/2025,5M Rotating Keychain,1,USTORE (PAID)
02/12/2025,Black Eco Bag,8,USTORE (PAID)
02/12/2025,C. Keychain,5,USTORE (PAID)
02/12/2025,ID Case @20,7,USTORE (PAID)
02/12/2025,Lanyard @180,20,USTORE (PAID)
02/12/2025,MJ Sticker Small,1,USTORE (PAID)
02/12/2025,Notelet,2,USTORE (PAID)
02/12/2025,Tiger Plushie Big,1,USTORE (PAID)
02/12/2025,Tiger Plushie Small,1,USTORE (PAID)
02/12/2025,Tote Viva Santo Tomas,4,USTORE (PAID)
02/12/2025,Umb ONE FOR UST,7,USTORE (PAID)
02/12/2025,Yellow Lanyard,4,USTORE (PAID)
02/12/2025,Lanyard,2,VARSITY LIFESTYLE (CONSIGNMENT)
02/12/2025,Long Sticker,1,VARSITY LIFESTYLE (CONSIGNMENT)
02/12/2025,New GT Shirts,1,VARSITY LIFESTYLE (CONSIGNMENT)
02/12/2025,VL Sticker Pack,1,VARSITY LIFESTYLE (CONSIGNMENT)
03/12/2025,Woven Sling Bag (LARGE),1,"ASSOCIATION FOR THE EDUCATIONAL ASSISTANCE OF POOR SEMINARIANS, INC."
03/12/2025,Woven Tote Bag (BIG),1,"ASSOCIATION FOR THE EDUCATIONAL ASSISTANCE OF POOR SEMINARIANS, INC."
03/12/2025,Black Embro,1,BLAZE (CONSIGNMENT)
03/12/2025,White Embro,3,BLAZE (CONSIGNMENT)
03/12/2025,Shirts all @450 UPSIZE (3XL-4XL),2,JUC (CONSIGNMENT)
03/12/2025,UST College ID Lace,12,JUC (CONSIGNMENT)
03/12/2025,UST OAT MUG (B),2,JUC (CONSIGNMENT)
03/12/2025,"UST OAT MUG (Y,W)",1,JUC (CONSIGNMENT)
03/12/2025,UST OAT T-Shirt Y/B/COLLEGE,13,JUC (CONSIGNMENT)
03/12/2025,UST T-Shirt Santo Tomas Shirt/UST T-Shirt Tiger Pattern/HAPPY,22,JUC (CONSIGNMENT)
03/12/2025,UST T-Shirt Sporty,6,JUC (CONSIGNMENT)
03/12/2025,Corp Jacket,4,JYL ATHLETICA (CONSIGNMENT)
03/12/2025,Corp Windbreaker,1,JYL ATHLETICA (CONSIGNMENT)
03/12/2025,Cotton Brush Jacket,1,JYL ATHLETICA (CONSIGNMENT)
03/12/2025,Cotton Gray Jacket,1,JYL ATHLETICA (CONSIGNMENT)
03/12/2025,DRI-FIT NEW,1,JYL ATHLETICA (CONSIGNMENT)
03/12/2025,Jacket,1,JYL ATHLETICA (CONSIGNMENT)
03/12/2025,Machete V2,2,JYL ATHLETICA (CONSIGNMENT)
03/12/2025,Poloshirt @800,1,JYL ATHLETICA (CONSIGNMENT)
03/12/2025,QUIANA SUBLI SHIRT (B&Y),3,JYL ATHLETICA (CONSIGNMENT)
03/12/2025,Tiger Claw,6,MADEBYRUZ CONSUMER GOODS TRADING (CONSIGNMENT)
03/12/2025,Tiger Headband (2 Designs),1,MADEBYRUZ CONSUMER GOODS TRADING (CONSIGNMENT)
03/12/2025,Wearable Blanket,5,STITCH CORP. (BLEEVES CONSIGNMENT)
03/12/2025,Ballpen 2 Designs @50 (B&Y),16,STITCH CORP. (BLEEVES PAID)
03/12/2025,Bamboo Pen @60,3,STITCH CORP. (BLEEVES PAID)
03/12/2025,Corp Jacket V2,4,STITCH CORP. (BLEEVES PAID)
03/12/2025,Kraft Notebook @130,1,STITCH CORP. (BLEEVES PAID)
03/12/2025,Arch @320,2,TET AND DARS (PAID)
03/12/2025,Pen @40,12,TET AND DARS (PAID)
03/12/2025,"Go USTE (W,Y,B) @450",3,THREADMARKED (CONSIGNMENT)
03/12/2025,"Hoodie UST embro (V,G,Y,B) @1800",3,THREADMARKED (PAID)
03/12/2025,1.2L Tumbler (MTA-T120) for Carbonated Drinks,2,TIGER FLASK
03/12/2025,480ML Tumbler (MKA-KO48) Push Button Lid Anti-Bacterial,2,TIGER FLASK
03/12/2025,5M Magnetic Pin,26,USTORE (PAID)
03/12/2025,5M Rotating Keychain,28,USTORE (PAID)
03/12/2025,Aquaflask,1,USTORE (PAID)
03/12/2025,Blanca Pen,10,USTORE (PAID)
03/12/2025,Bookmark,1,USTORE (PAID)
03/12/2025,Button Pin (Small),2,USTORE (PAID)
03/12/2025,C. Keychain,11,USTORE (PAID)
03/12/2025,Clappers,1,USTORE (PAID)
03/12/2025,ID Case v2 @40,13,USTORE (PAID)
03/12/2025,Lanyard @180,38,USTORE (PAID)
03/12/2025,MJ Sticker Large,7,USTORE (PAID)
03/12/2025,MJ Sticker Medium,8,USTORE (PAID)
03/12/2025,MJ Sticker Small,18,USTORE (PAID)
03/12/2025,Notelet,1,USTORE (PAID)
03/12/2025,Stainless Eco Tumbler,5,USTORE (PAID)
03/12/2025,Tiger Plushie Small,12,USTORE (PAID)
03/12/2025,Tote Viva Santo Tomas,4,USTORE (PAID)
03/12/2025,Umb ONE FOR UST,7,USTORE (PAID)
03/12/2025,USTORE Voucher (1000),10,USTORE (PAID)
03/12/2025,Yellow Lanyard,5,USTORE (PAID)
03/12/2025,Yellow Notebook,6,USTORE (PAID)
03/12/2025,Keychain,5,VARSITY LIFESTYLE (CONSIGNMENT)
03/12/2025,Lanyard,4,VARSITY LIFESTYLE (CONSIGNMENT)
03/12/2025,VL Sticker Pack,1,VARSITY LIFESTYLE (CONSIGNMENT)
04/12/2025,Black Embro,1,BLAZE (CONSIGNMENT)
04/12/2025,Shirts all @450 UPSIZE (3XL-4XL),2,JUC (CONSIGNMENT)
04/12/2025,UST College ID Lace,8,JUC (CONSIGNMENT)
04/12/2025,UST OAT Hoodie Jacket,1,JUC (CONSIGNMENT)
04/12/2025,UST OAT T-Shirt Y/B/COLLEGE,7,JUC (CONSIGNMENT)
04/12/2025,UST Sweatshirt Sporty,1,JUC (CONSIGNMENT)
04/12/2025,UST T-Shirt Santo Tomas Shirt/UST T-Shirt Tiger Pattern/HAPPY,21,JUC (CONSIGNMENT)
04/12/2025,UST T-Shirt Sporty,1,JUC (CONSIGNMENT)
04/12/2025,Cotton Black Jacket,1,JYL ATHLETICA (CONSIGNMENT)
04/12/2025,Cotton Brush Jacket,2,JYL ATHLETICA (CONSIGNMENT)
04/12/2025,Cotton Gray Jacket,4,JYL ATHLETICA (CONSIGNMENT)
04/12/2025,DRI-FIT NEW,1,JYL ATHLETICA (CONSIGNMENT)
04/12/2025,Jacket,2,JYL ATHLETICA (CONSIGNMENT)
04/12/2025,Poloshirt @800,1,JYL ATHLETICA (CONSIGNMENT)
04/12/2025,QUIANA SUBLI SHIRT (B&Y),4,JYL ATHLETICA (CONSIGNMENT)
04/12/2025,Tiger Claw,1,MADEBYRUZ CONSUMER GOODS TRADING (CONSIGNMENT)
04/12/2025,Tiger Headband (2 Designs),1,MADEBYRUZ CONSUMER GOODS TRADING (CONSIGNMENT)
04/12/2025,Tiger Paw Keychain @375,1,MADEBYRUZ CONSUMER GOODS TRADING (CONSIGNMENT)
04/12/2025,Hoodies Breaker,3,NAPOLIZ ENTERPRISES (CONSIGNMENT)
04/12/2025,Ballpen 2 Designs @50 (B&Y),1,STITCH CORP. (BLEEVES PAID)
04/12/2025,Corp Jacket V2,3,STITCH CORP. (BLEEVES PAID)
04/12/2025,Pen @40,1,TET AND DARS (PAID)
04/12/2025,"Go USTE (W,Y,B) @450",4,THREADMARKED (CONSIGNMENT)
04/12/2025,"Oversized shirt (V,B) @650",3,THREADMARKED (CONSIGNMENT)
04/12/2025,"Hoodie UST embro (V,G,Y,B) @1800",1,THREADMARKED (PAID)
04/12/2025,5M Magnetic Pin,1,USTORE (PAID)
04/12/2025,5M Rotating Keychain,4,USTORE (PAID)
04/12/2025,Black Eco Bag,85,USTORE (PAID)
04/12/2025,Button Pin (Small),1,USTORE (PAID)
04/12/2025,C. Keychain,4,USTORE (PAID)
04/12/2025,ID Case v2 @40,1,USTORE (PAID)
04/12/2025,Lanyard @180,29,USTORE (PAID)
04/12/2025,MJ Sticker Medium,1,USTORE (PAID)
04/12/2025,MJ Sticker Small,3,USTORE (PAID)
04/12/2025,Stainless Eco Tumbler,1,USTORE (PAID)
04/12/2025,Tiger Plushie Big,2,USTORE (PAID)
04/12/2025,Tiger Plushie Small,1,USTORE (PAID)
04/12/2025,Tote Bag Canvas White @160,1,USTORE (PAID)
04/12/2025,Tote Viva Santo Tomas,2,USTORE (PAID)
04/12/2025,Umb ONE FOR UST,1,USTORE (PAID)
04/12/2025,Yellow Lanyard,3,USTORE (PAID)
04/12/2025,Yellow Notebook,1,USTORE (PAID)
04/12/2025,Keychain,1,VARSITY LIFESTYLE (CONSIGNMENT)
04/12/2025,VL Sticker Pack,1,VARSITY LIFESTYLE (CONSIGNMENT)
06/12/2025,Jacket,1,JYL ATHLETICA (CONSIGNMENT)
07/12/2025,Black Embro,22,BLAZE (CONSIGNMENT)
07/12/2025,Shirts all @450 UPSIZE (3XL-4XL),9,JUC (CONSIGNMENT)
07/12/2025,Shirts all @450 UPSIZE (5XL),1,JUC (CONSIGNMENT)
07/12/2025,UST OAT Hoodie Jacket,11,JUC (CONSIGNMENT)
07/12/2025,UST OAT MUG (B),12,JUC (CONSIGNMENT)
07/12/2025,"UST OAT MUG (Y,W)",8,JUC (CONSIGNMENT)
07/12/2025,UST OAT T-Shirt Y/B/COLLEGE,119,JUC (CONSIGNMENT)
07/12/2025,UST Sweatshirt Sporty,6,JUC (CONSIGNMENT)
07/12/2025,UST T-Shirt Santo Tomas Shirt/UST T-Shirt Tiger Pattern/HAPPY,224,JUC (CONSIGNMENT)
07/12/2025,UST T-Shirt Sporty,60,JUC (CONSIGNMENT)
07/12/2025,UST T-Shirt Sporty UPSIZE (3XL-5XL),1,JUC (CONSIGNMENT)
07/12/2025,Corp Jacket,2,JYL ATHLETICA (CONSIGNMENT)
07/12/2025,Corp Jacket V3,6,JYL ATHLETICA (CONSIGNMENT)
07/12/2025,Cotton Black Jacket,2,JYL ATHLETICA (CONSIGNMENT)
07/12/2025,Cotton Brush Jacket,8,JYL ATHLETICA (CONSIGNMENT)
07/12/2025,Cotton Gray Jacket,6,JYL ATHLETICA (CONSIGNMENT)
07/12/2025,Jacket,10,JYL ATHLETICA (CONSIGNMENT)
07/12/2025,Machete V2,9,JYL ATHLETICA (CONSIGNMENT)
07/12/2025,QUIANA SUBLI SHIRT (B&Y),33,JYL ATHLETICA (CONSIGNMENT)
07/12/2025,VB Jersey without Sig @1500,2,JYL ATHLETICA (CONSIGNMENT)
07/12/2025,Tiger Claw,3,MADEBYRUZ CONSUMER GOODS TRADING (CONSIGNMENT)
07/12/2025,Tiger Headband (2 Designs),70,MADEBYRUZ CONSUMER GOODS TRADING (CONSIGNMENT)
07/12/2025,Tiger Paw Keychain @375,99,MADEBYRUZ CONSUMER GOODS TRADING (CONSIGNMENT)
07/12/2025,Hoodies Breaker,8,NAPOLIZ ENTERPRISES (CONSIGNMENT)
07/12/2025,Go Fight UST Shirt,10,SHIRT HAPPENS
07/12/2025,Ballpen 2 Designs @50 (B&Y),187,STITCH CORP. (BLEEVES PAID)
07/12/2025,Bamboo Notebook @150,5,STITCH CORP. (BLEEVES PAID)
07/12/2025,Bamboo Pen @60,51,STITCH CORP. (BLEEVES PAID)
07/12/2025,Corp Jacket V2,16,STITCH CORP. (BLEEVES PAID)
07/12/2025,Pen @40,24,TET AND DARS (PAID)
07/12/2025,"Go USTE (W,Y,B) @450",21,THREADMARKED (CONSIGNMENT)
07/12/2025,"Oversized shirt (V,B) @650",26,THREADMARKED (CONSIGNMENT)
07/12/2025,"Hoodie UST embro (V,G,Y,B) @1800",30,THREADMARKED (PAID)
07/12/2025,Two-toned windbreaker @1700,17,THREADMARKED (PAID)
07/12/2025,5M Magnetic Pin,32,USTORE (PAID)
07/12/2025,5M Rotating Keychain,185,USTORE (PAID)
07/12/2025,Aquaflask,3,USTORE (PAID)
07/12/2025,Black Eco Bag,95,USTORE (PAID)
07/12/2025,Button Pin (Big),49,USTORE (PAID)
07/12/2025,Button Pin (Small),105,USTORE (PAID)
07/12/2025,Chibi Stickers,77,USTORE (PAID)
07/12/2025,ID Case v2 @40,29,USTORE (PAID)
07/12/2025,Lanyard @180,355,USTORE (PAID)
07/12/2025,Stainless Eco Tumbler,2,USTORE (PAID)
07/12/2025,Tiger Plushie Big,33,USTORE (PAID)
07/12/2025,Tiger Plushie Small,14,USTORE (PAID)
07/12/2025,Tote Bag Canvas White @160,36,USTORE (PAID)
07/12/2025,Tote ONE FOR UST,43,USTORE (PAID)
07/12/2025,Tote Viva Santo Tomas,38,USTORE (PAID)
07/12/2025,Umb ONE FOR UST,48,USTORE (PAID)
07/12/2025,Yellow Lanyard,87,USTORE (PAID)
07/12/2025,Yellow Notebook,35,USTORE (PAID)
07/12/2025,Keychain,48,VARSITY LIFESTYLE (CONSIGNMENT)
07/12/2025,Lanyard,101,VARSITY LIFESTYLE (CONSIGNMENT)
07/12/2025,Long Sticker,13,VARSITY LIFESTYLE (CONSIGNMENT)
07/12/2025,New GT Shirts,18,VARSITY LIFESTYLE (CONSIGNMENT)
07/12/2025,Sweatshirt (NEW),1,VARSITY LIFESTYLE (CONSIGNMENT)
07/12/2025,VL Sticker Pack,58,VARSITY LIFESTYLE (CONSIGNMENT)
10/12/2025,Black Embro,3,BLAZE (CONSIGNMENT)
10/12/2025,Polo Shirt @800,2,BLAZE (CONSIGNMENT)
10/12/2025,White Embro,2,BLAZE (CONSIGNMENT)
10/12/2025,UST College ID Lace,14,JUC (CONSIGNMENT)
10/12/2025,UST OAT Hoodie Jacket,4,JUC (CONSIGNMENT)
10/12/2025,UST OAT MUG (B),1,JUC (CONSIGNMENT)
10/12/2025,"UST OAT MUG (Y,W)",2,JUC (CONSIGNMENT)
10/12/2025,UST OAT T-Shirt Y/B/COLLEGE,10,JUC (CONSIGNMENT)
10/12/2025,UST Sweatshirt Sporty,2,JUC (CONSIGNMENT)
10/12/2025,UST T-Shirt Santo Tomas Shirt/UST T-Shirt Tiger Pattern/HAPPY,26,JUC (CONSIGNMENT)
10/12/2025,UST T-Shirt Sporty,5,JUC (CONSIGNMENT)
10/12/2025,"Baseball Shirt (Y,W)",1,JYL ATHLETICA (CONSIGNMENT)
10/12/2025,Corp Jacket V3,1,JYL ATHLETICA (CONSIGNMENT)
10/12/2025,Corp Windbreaker,1,JYL ATHLETICA (CONSIGNMENT)
10/12/2025,Cotton Black Jacket,1,JYL ATHLETICA (CONSIGNMENT)
10/12/2025,Cotton Brush Jacket,1,JYL ATHLETICA (CONSIGNMENT)
10/12/2025,Cotton Gray Jacket,1,JYL ATHLETICA (CONSIGNMENT)
10/12/2025,DRI-FIT NEW,1,JYL ATHLETICA (CONSIGNMENT)
10/12/2025,Jacket,2,JYL ATHLETICA (CONSIGNMENT)
10/12/2025,Machete V2,1,JYL ATHLETICA (CONSIGNMENT)
10/12/2025,Poloshirt @800,2,JYL ATHLETICA (CONSIGNMENT)
10/12/2025,QUIANA SUBLI SHIRT (B&Y),3,JYL ATHLETICA (CONSIGNMENT)
10/12/2025,Tiger Paw Keychain @375,9,MADEBYRUZ CONSUMER GOODS TRADING (CONSIGNMENT)
10/12/2025,Hoodies Breaker,3,NAPOLIZ ENTERPRISES (CONSIGNMENT)
10/12/2025,ABSC College Shirt (60th),2,SHIRT HAPPENS
10/12/2025,Ballpen 2 Designs @50 (B&Y),4,STITCH CORP. (BLEEVES PAID)
10/12/2025,Bamboo Notebook @150,3,STITCH CORP. (BLEEVES PAID)
10/12/2025,Bamboo Pen @60,7,STITCH CORP. (BLEEVES PAID)
10/12/2025,Pen @40,59,TET AND DARS (PAID)
10/12/2025,"Go USTE (W,Y,B) @450",1,THREADMARKED (CONSIGNMENT)
10/12/2025,"Oversized shirt (V,B) @650",3,THREADMARKED (CONSIGNMENT)
10/12/2025,"Hoodie UST embro (V,G,Y,B) @1800",8,THREADMARKED (PAID)
10/12/2025,Two-toned windbreaker @1700,3,THREADMARKED (PAID)
10/12/2025,1.2L Tumbler (MTA-T120) for Carbonated Drinks,2,TIGER FLASK
10/12/2025,280ml Desk Mug,1,TIGER FLASK
10/12/2025,5M Rotating Keychain,30,USTORE (PAID)
10/12/2025,Aquaflask,2,USTORE (PAID)
10/12/2025,Black Eco Bag,5,USTORE (PAID)
10/12/2025,Button Pin (Small),2,USTORE (PAID)
10/12/2025,C. Keychain,4,USTORE (PAID)
10/12/2025,Chibi Stickers,1,USTORE (PAID)
10/12/2025,ID Case v2 @40,7,USTORE (PAID)
10/12/2025,Insignia Pen,1,USTORE (PAID)
10/12/2025,Lanyard @180,18,USTORE (PAID)
10/12/2025,MJ Sticker Large,2,USTORE (PAID)
10/12/2025,MJ Sticker Medium,5,USTORE (PAID)
10/12/2025,MJ Sticker Small,1,USTORE (PAID)
10/12/2025,Notelet,4,USTORE (PAID)
10/12/2025,Picasso Pen,1,USTORE (PAID)
10/12/2025,Stainless Eco Tumbler,4,USTORE (PAID)
10/12/2025,Thomasian Kit,1,USTORE (PAID)
10/12/2025,Tiger Plushie Big,1,USTORE (PAID)
10/12/2025,Tiger Plushie Small,6,USTORE (PAID)
10/12/2025,Tote Bag Canvas White @160,9,USTORE (PAID)
10/12/2025,Tote Viva Santo Tomas,6,USTORE (PAID)
10/12/2025,Travel Mug,2,USTORE (PAID)
10/12/2025,Umb ONE FOR UST,15,USTORE (PAID)
10/12/2025,Yellow Lanyard,3,USTORE (PAID)
10/12/2025,Yellow Notebook,6,USTORE (PAID)
10/12/2025,Keychain,1,VARSITY LIFESTYLE (CONSIGNMENT)
10/12/2025,Lanyard,2,VARSITY LIFESTYLE (CONSIGNMENT)
10/12/2025,Long Sticker,1,VARSITY LIFESTYLE (CONSIGNMENT)
10/12/2025,New GT Shirts,2,VARSITY LIFESTYLE (CONSIGNMENT)
10/12/2025,VL Sticker Pack,1,VARSITY LIFESTYLE (CONSIGNMENT)
11/12/2025,Polo Shirt @800,1,BLAZE (CONSIGNMENT)
11/12/2025,Shirts all @450 UPSIZE (3XL-4XL),4,JUC (CONSIGNMENT)
11/12/2025,UST College ID Lace,8,JUC (CONSIGNMENT)
11/12/2025,UST OAT Hoodie Jacket,4,JUC (CONSIGNMENT)
11/12/2025,UST OAT MUG (B),1,JUC (CONSIGNMENT)
11/12/2025,"UST OAT MUG (Y,W)",3,JUC (CONSIGNMENT)
11/12/2025,UST OAT T-Shirt Y/B/COLLEGE,5,JUC (CONSIGNMENT)
11/12/2025,UST T-Shirt Santo Tomas Shirt/UST T-Shirt Tiger Pattern/HAPPY,20,JUC (CONSIGNMENT)
11/12/2025,UST T-Shirt Sporty,4,JUC (CONSIGNMENT)
11/12/2025,"Baseball Shirt (Y,W)",1,JYL ATHLETICA (CONSIGNMENT)
11/12/2025,Corp Jacket,1,JYL ATHLETICA (CONSIGNMENT)
11/12/2025,Corp Jacket V3,3,JYL ATHLETICA (CONSIGNMENT)
11/12/2025,Cotton Brush Jacket,1,JYL ATHLETICA (CONSIGNMENT)
11/12/2025,Cotton Gray Jacket,4,JYL ATHLETICA (CONSIGNMENT)
11/12/2025,DRI-FIT NEW,2,JYL ATHLETICA (CONSIGNMENT)
11/12/2025,Jacket,1,JYL ATHLETICA (CONSIGNMENT)
11/12/2025,QUIANA SUBLI SHIRT (B&Y),1,JYL ATHLETICA (CONSIGNMENT)
11/12/2025,Tiger Costume,2,MADEBYRUZ CONSUMER GOODS TRADING (CONSIGNMENT)
11/12/2025,Tiger Paw Keychain @375,6,MADEBYRUZ CONSUMER GOODS TRADING (CONSIGNMENT)
11/12/2025,Hoodies Breaker,6,NAPOLIZ ENTERPRISES (CONSIGNMENT)
11/12/2025,Ballpen 2 Designs @50 (B&Y),6,STITCH CORP. (BLEEVES PAID)
11/12/2025,Corp Jacket V2,1,STITCH CORP. (BLEEVES PAID)
11/12/2025,Kraft Notebook @130,1,STITCH CORP. (BLEEVES PAID)
11/12/2025,"Go USTE (W,Y,B) @450",5,THREADMARKED (CONSIGNMENT)
11/12/2025,"Oversized shirt (V,B) @650",4,THREADMARKED (CONSIGNMENT)
11/12/2025,"Hoodie UST embro (V,G,Y,B) @1800",5,THREADMARKED (PAID)
11/12/2025,Two-toned windbreaker @1700,1,THREADMARKED (PAID)
11/12/2025,1.5 Tumbler (MTA-T150) for Carbonated Drinks,2,TIGER FLASK
11/12/2025,5M Rotating Keychain,13,USTORE (PAID)
11/12/2025,Black Eco Bag,2,USTORE (PAID)
11/12/2025,C. Keychain,5,USTORE (PAID)
11/12/2025,ID Case v2 @40,1,USTORE (PAID)
11/12/2025,Lanyard @180,27,USTORE (PAID)
11/12/2025,MJ Sticker Large,3,USTORE (PAID)
11/12/2025,MJ Sticker Medium,1,USTORE (PAID)
11/12/2025,MJ Sticker Small,4,USTORE (PAID)
11/12/2025,Notelet,2,USTORE (PAID)
11/12/2025,Pencil,1,USTORE (PAID)
11/12/2025,Tiger Plushie Big,2,USTORE (PAID)
11/12/2025,Tote Viva Santo Tomas,4,USTORE (PAID)
11/12/2025,Umb ONE FOR UST,4,USTORE (PAID)
11/12/2025,Yellow Lanyard,4,USTORE (PAID)
11/12/2025,Yellow Notebook,2,USTORE (PAID)
11/12/2025,Keychain,1,VARSITY LIFESTYLE (CONSIGNMENT)
11/12/2025,Lanyard,2,VARSITY LIFESTYLE (CONSIGNMENT)
11/12/2025,Long Sticker,1,VARSITY LIFESTYLE (CONSIGNMENT)
11/12/2025,VL Sticker Pack,1,VARSITY LIFESTYLE (CONSIGNMENT)
12/12/2025,Woven Sling Bag (LARGE),1,"ASSOCIATION FOR THE EDUCATIONAL ASSISTANCE OF POOR SEMINARIANS, INC."
12/12/2025,Black Embro,1,BLAZE (CONSIGNMENT)
12/12/2025,White Embro,3,BLAZE (CONSIGNMENT)
12/12/2025,Shirts all @450 UPSIZE (3XL-4XL),2,JUC (CONSIGNMENT)
12/12/2025,UST College ID Lace,2,JUC (CONSIGNMENT)
12/12/2025,UST OAT MUG (B),2,JUC (CONSIGNMENT)
12/12/2025,"UST OAT MUG (Y,W)",8,JUC (CONSIGNMENT)
12/12/2025,UST OAT T-Shirt Y/B/COLLEGE,7,JUC (CONSIGNMENT)
12/12/2025,UST Sweatshirt Sporty,1,JUC (CONSIGNMENT)
12/12/2025,UST T-Shirt Santo Tomas Shirt/UST T-Shirt Tiger Pattern/HAPPY,32,JUC (CONSIGNMENT)
12/12/2025,UST T-Shirt Sporty,5,JUC (CONSIGNMENT)
12/12/2025,"Baseball Shirt (Y,W)",1,JYL ATHLETICA (CONSIGNMENT)
12/12/2025,Corp Jacket V3,1,JYL ATHLETICA (CONSIGNMENT)
12/12/2025,Cotton Brush Jacket,2,JYL ATHLETICA (CONSIGNMENT)
12/12/2025,DRI-FIT NEW,1,JYL ATHLETICA (CONSIGNMENT)
12/12/2025,Jacket,1,JYL ATHLETICA (CONSIGNMENT)
12/12/2025,Poloshirt @800,4,JYL ATHLETICA (CONSIGNMENT)
12/12/2025,QUIANA SUBLI SHIRT (B&Y),1,JYL ATHLETICA (CONSIGNMENT)
12/12/2025,VB Jersey without Sig @1500,1,JYL ATHLETICA (CONSIGNMENT)
12/12/2025,Tiger Paw Keychain @375,4,MADEBYRUZ CONSUMER GOODS TRADING (CONSIGNMENT)
12/12/2025,Hoodies Breaker,1,NAPOLIZ ENTERPRISES (CONSIGNMENT)
12/12/2025,Go Fight UST Shirt,1,SHIRT HAPPENS
12/12/2025,Ballpen 2 Designs @50 (B&Y),10,STITCH CORP. (BLEEVES PAID)
12/12/2025,Bamboo Pen @60,1,STITCH CORP. (BLEEVES PAID)
12/12/2025,Corp Jacket V2,4,STITCH CORP. (BLEEVES PAID)
12/12/2025,Kraft Notebook @130,2,STITCH CORP. (BLEEVES PAID)
12/12/2025,Logo Sticker @25,1,TET AND DARS (PAID)
12/12/2025,Long Sticker @120,1,TET AND DARS (PAID)
12/12/2025,"Go USTE (W,Y,B) @450",4,THREADMARKED (CONSIGNMENT)
12/12/2025,"Hoodie UST embro (V,G,Y,B) @1800",5,THREADMARKED (PAID)
12/12/2025,Two-toned windbreaker @1700,1,THREADMARKED (PAID)
12/12/2025,480ML Tumbler (MKA-KO48) Push Button Lid Anti-Bacterial,2,TIGER FLASK
12/12/2025,5M Rotating Keychain,3,USTORE (PAID)
12/12/2025,Aquaflask,1,USTORE (PAID)
12/12/2025,C. Keychain,3,USTORE (PAID)
12/12/2025,Clappers,8,USTORE (PAID)
12/12/2025,ID Case v2 @40,6,USTORE (PAID)
12/12/2025,Lanyard @180,24,USTORE (PAID)
12/12/2025,MJ Sticker Large,3,USTORE (PAID)
12/12/2025,MJ Sticker Medium,4,USTORE (PAID)
12/12/2025,MJ Sticker Small,5,USTORE (PAID)
12/12/2025,Notelet,18,USTORE (PAID)
12/12/2025,Stainless Eco Tumbler,2,USTORE (PAID)
12/12/2025,Tiger Plushie Small,1,USTORE (PAID)
12/12/2025,Tote Viva Santo Tomas,6,USTORE (PAID)
12/12/2025,Umb ONE FOR UST,7,USTORE (PAID)
12/12/2025,USTORE Voucher (1000),2,USTORE (PAID)
12/12/2025,Utensils,7,USTORE (PAID)
12/12/2025,Yellow Lanyard,2,USTORE (PAID)
12/12/2025,Lanyard,3,VARSITY LIFESTYLE (CONSIGNMENT)
12/12/2025,New GT Shirts,1,VARSITY LIFESTYLE (CONSIGNMENT)
13/12/2025,Black Embro,1,BLAZE (CONSIGNMENT)
13/12/2025,Shirts all @450 UPSIZE (3XL-4XL),2,JUC (CONSIGNMENT)
13/12/2025,UST College ID Lace,5,JUC (CONSIGNMENT)
13/12/2025,"UST OAT MUG (Y,W)",1,JUC (CONSIGNMENT)
13/12/2025,UST OAT T-Shirt Y/B/COLLEGE,18,JUC (CONSIGNMENT)
13/12/2025,UST T-Shirt Santo Tomas Shirt/UST T-Shirt Tiger Pattern/HAPPY,24,JUC (CONSIGNMENT)
13/12/2025,UST T-Shirt Sporty,4,JUC (CONSIGNMENT)
13/12/2025,UST T-Shirt Sporty UPSIZE (3XL-5XL),1,JUC (CONSIGNMENT)
13/12/2025,Corp Jacket V3,1,JYL ATHLETICA (CONSIGNMENT)
13/12/2025,Cotton Brush Jacket,1,JYL ATHLETICA (CONSIGNMENT)
13/12/2025,Cotton Gray Jacket,1,JYL ATHLETICA (CONSIGNMENT)
13/12/2025,QUIANA SUBLI SHIRT (B&Y),2,JYL ATHLETICA (CONSIGNMENT)
13/12/2025,Tiger Costume,1,MADEBYRUZ CONSUMER GOODS TRADING (CONSIGNMENT)
13/12/2025,Tiger Paw Keychain @375,1,MADEBYRUZ CONSUMER GOODS TRADING (CONSIGNMENT)
13/12/2025,Go Fight UST Shirt,1,SHIRT HAPPENS
13/12/2025,Wearable Blanket,2,STITCH CORP. (BLEEVES CONSIGNMENT)
13/12/2025,Corp Jacket V2,2,STITCH CORP. (BLEEVES PAID)
13/12/2025,"Go USTE (W,Y,B) @450",1,THREADMARKED (CONSIGNMENT)
13/12/2025,"Oversized shirt (V,B) @650",3,THREADMARKED (CONSIGNMENT)
13/12/2025,"Hoodie UST embro (V,G,Y,B) @1800",3,THREADMARKED (PAID)
13/12/2025,Two-toned windbreaker @1700,1,THREADMARKED (PAID)
13/12/2025,5M Magnetic Pin,1,USTORE (PAID)
13/12/2025,5M Rotating Keychain,7,USTORE (PAID)
13/12/2025,C. Keychain,3,USTORE (PAID)
13/12/2025,Chibi Stickers,2,USTORE (PAID)
13/12/2025,Clappers,18,USTORE (PAID)
13/12/2025,ID Case v2 @40,3,USTORE (PAID)
13/12/2025,Lanyard @180,18,USTORE (PAID)
13/12/2025,MJ Sticker Large,1,USTORE (PAID)
13/12/2025,MJ Sticker Medium,8,USTORE (PAID)
13/12/2025,MJ Sticker Small,2,USTORE (PAID)
13/12/2025,Stainless Eco Tumbler,2,USTORE (PAID)
13/12/2025,Tiger Plushie Big,1,USTORE (PAID)
13/12/2025,Tiger Plushie Small,4,USTORE (PAID)
13/12/2025,Tote Viva Santo Tomas,1,USTORE (PAID)
13/12/2025,Umb ONE FOR UST,1,USTORE (PAID)
13/12/2025,Yellow Lanyard,4,USTORE (PAID)
13/12/2025,Keychain,3,VARSITY LIFESTYLE (CONSIGNMENT)
13/12/2025,Lanyard,1,VARSITY LIFESTYLE (CONSIGNMENT)
13/12/2025,New GT Shirts,2,VARSITY LIFESTYLE (CONSIGNMENT)
13/12/2025,VL Sticker Pack,1,VARSITY LIFESTYLE (CONSIGNMENT)
15/12/2025,Black Embro,1,BLAZE (CONSIGNMENT)
15/12/2025,UST College ID Lace,6,JUC (CONSIGNMENT)
15/12/2025,UST OAT Hoodie Jacket,3,JUC (CONSIGNMENT)
15/12/2025,UST OAT MUG (B),2,JUC (CONSIGNMENT)
15/12/2025,"UST OAT MUG (Y,W)",8,JUC (CONSIGNMENT)
15/12/2025,UST OAT T-Shirt Y/B/COLLEGE,11,JUC (CONSIGNMENT)
15/12/2025,UST Sweatshirt Sporty,4,JUC (CONSIGNMENT)
15/12/2025,UST T-Shirt Santo Tomas Shirt/UST T-Shirt Tiger Pattern/HAPPY,16,JUC (CONSIGNMENT)
15/12/2025,UST T-Shirt Sporty,2,JUC (CONSIGNMENT)
15/12/2025,"Baseball Shirt (Y,W)",3,JYL ATHLETICA (CONSIGNMENT)
15/12/2025,Corp Jacket,1,JYL ATHLETICA (CONSIGNMENT)
15/12/2025,Corp Jacket V3,4,JYL ATHLETICA (CONSIGNMENT)
15/12/2025,Cotton Black Jacket,1,JYL ATHLETICA (CONSIGNMENT)
15/12/2025,Cotton Brush Jacket,1,JYL ATHLETICA (CONSIGNMENT)
15/12/2025,DRI-FIT NEW,2,JYL ATHLETICA (CONSIGNMENT)
15/12/2025,Jacket,4,JYL ATHLETICA (CONSIGNMENT)
15/12/2025,Machete V2,2,JYL ATHLETICA (CONSIGNMENT)
15/12/2025,Poloshirt @800,3,JYL ATHLETICA (CONSIGNMENT)
15/12/2025,QUIANA SUBLI SHIRT (B&Y),1,JYL ATHLETICA (CONSIGNMENT)
15/12/2025,Big Car,1,MADEBYRUZ CONSUMER GOODS TRADING (CONSIGNMENT)
15/12/2025,Tiger Paw Keychain @375,2,MADEBYRUZ CONSUMER GOODS TRADING (CONSIGNMENT)
15/12/2025,Go Fight UST Shirt,3,SHIRT HAPPENS
15/12/2025,Baseball Cap VELCRO @380,1,STITCH CORP. (BLEEVES CONSIGNMENT)
15/12/2025,Clock @550,1,STITCH CORP. (BLEEVES CONSIGNMENT)
15/12/2025,Wearable Blanket,1,STITCH CORP. (BLEEVES CONSIGNMENT)
15/12/2025,Ballpen 2 Designs @50 (B&Y),6,STITCH CORP. (BLEEVES PAID)
15/12/2025,Bamboo Notebook @150,1,STITCH CORP. (BLEEVES PAID)
15/12/2025,Bamboo Pen @60,1,STITCH CORP. (BLEEVES PAID)
15/12/2025,Kraft Notebook @130,1,STITCH CORP. (BLEEVES PAID)
15/12/2025,"Go USTE (W,Y,B) @450",6,THREADMARKED (CONSIGNMENT)
15/12/2025,"Oversized shirt (V,B) @650",4,THREADMARKED (CONSIGNMENT)
15/12/2025,"Hoodie UST embro (V,G,Y,B) @1800",4,THREADMARKED (PAID)
15/12/2025,Two-toned windbreaker @1700,1,THREADMARKED (PAID)
15/12/2025,5M Rotating Keychain,2,USTORE (PAID)
15/12/2025,Black Eco Bag,2,USTORE (PAID)
15/12/2025,C. Keychain,4,USTORE (PAID)
15/12/2025,ID Case v2 @40,8,USTORE (PAID)
15/12/2025,Lanyard @180,23,USTORE (PAID)
15/12/2025,MJ Sticker Large,1,USTORE (PAID)
15/12/2025,MJ Sticker Medium,3,USTORE (PAID)
15/12/2025,MJ Sticker Small,6,USTORE (PAID)
15/12/2025,Notelet,3,USTORE (PAID)
15/12/2025,Powerbank,1,USTORE (PAID)
15/12/2025,Tiger Plushie Big,2,USTORE (PAID)
15/12/2025,Tiger Plushie Small,1,USTORE (PAID)
15/12/2025,Tote Viva Santo Tomas,1,USTORE (PAID)
15/12/2025,Umb ONE FOR UST,11,USTORE (PAID)
15/12/2025,Yellow Lanyard,2,USTORE (PAID)
15/12/2025,Lanyard,1,VARSITY LIFESTYLE (CONSIGNMENT)
16/12/2025,Black Embro,2,BLAZE (CONSIGNMENT)
16/12/2025,Polo Shirt @800,1,BLAZE (CONSIGNMENT)
16/12/2025,White Embro,1,BLAZE (CONSIGNMENT)
16/12/2025,Shirts all @450 UPSIZE (3XL-4XL),5,JUC (CONSIGNMENT)
16/12/2025,UST College ID Lace,8,JUC (CONSIGNMENT)
16/12/2025,UST OAT Hoodie Jacket,2,JUC (CONSIGNMENT)
16/12/2025,UST OAT MUG (B),3,JUC (CONSIGNMENT)
16/12/2025,"UST OAT MUG (Y,W)",4,JUC (CONSIGNMENT)
16/12/2025,UST OAT T-Shirt Y/B/COLLEGE,59,JUC (CONSIGNMENT)
16/12/2025,UST Sweatshirt Sporty,3,JUC (CONSIGNMENT)
16/12/2025,UST T-Shirt Santo Tomas Shirt/UST T-Shirt Tiger Pattern/HAPPY,44,JUC (CONSIGNMENT)
16/12/2025,UST T-Shirt Sporty,13,JUC (CONSIGNMENT)
16/12/2025,UST T-Shirt Sporty UPSIZE (3XL-5XL),1,JUC (CONSIGNMENT)
16/12/2025,"Baseball Shirt (Y,W)",3,JYL ATHLETICA (CONSIGNMENT)
16/12/2025,Corp Jacket V3,2,JYL ATHLETICA (CONSIGNMENT)
16/12/2025,Cotton Brush Jacket,2,JYL ATHLETICA (CONSIGNMENT)
16/12/2025,Cotton Gray Jacket,3,JYL ATHLETICA (CONSIGNMENT)
16/12/2025,DRI-FIT NEW,1,JYL ATHLETICA (CONSIGNMENT)
16/12/2025,Machete V2,2,JYL ATHLETICA (CONSIGNMENT)
16/12/2025,Poloshirt 123456 @860,6,JYL ATHLETICA (CONSIGNMENT)
16/12/2025,Poloshirt @800,2,JYL ATHLETICA (CONSIGNMENT)
16/12/2025,QUIANA SUBLI SHIRT (B&Y),5,JYL ATHLETICA (CONSIGNMENT)
16/12/2025,Tiger Paw Keychain @375,21,MADEBYRUZ CONSUMER GOODS TRADING (CONSIGNMENT)
16/12/2025,Hoodies Breaker,4,NAPOLIZ ENTERPRISES (CONSIGNMENT)
16/12/2025,Go Fight UST Shirt,5,SHIRT HAPPENS
16/12/2025,Ballpen 2 Designs @50 (B&Y),5,STITCH CORP. (BLEEVES PAID)
16/12/2025,Bamboo Notebook @150,2,STITCH CORP. (BLEEVES PAID)
16/12/2025,Bamboo Pen @60,2,STITCH CORP. (BLEEVES PAID)
16/12/2025,Corp Jacket V2,3,STITCH CORP. (BLEEVES PAID)
16/12/2025,Pen @40,1,TET AND DARS (PAID)
16/12/2025,"Go USTE (W,Y,B) @450",5,THREADMARKED (CONSIGNMENT)
16/12/2025,"Oversized shirt (V,B) @650",1,THREADMARKED (CONSIGNMENT)
16/12/2025,"Hoodie UST embro (V,G,Y,B) @1800",3,THREADMARKED (PAID)
16/12/2025,Two-toned windbreaker @1700,1,THREADMARKED (PAID)
16/12/2025,5M Rotating Keychain,9,USTORE (PAID)
16/12/2025,Black Eco Bag,10,USTORE (PAID)
16/12/2025,ID Case v2 @40,1,USTORE (PAID)
16/12/2025,Lanyard @180,19,USTORE (PAID)
16/12/2025,MJ Charger,1,USTORE (PAID)
16/12/2025,MJ Sticker Medium,16,USTORE (PAID)
16/12/2025,MJ Sticker Small,3,USTORE (PAID)
16/12/2025,Notelet,1,USTORE (PAID)
16/12/2025,Thomasian Kit,8,USTORE (PAID)
16/12/2025,Tiger Plushie Small,2,USTORE (PAID)
16/12/2025,Tote Bag Canvas White @160,100,USTORE (PAID)
16/12/2025,Tote Viva Santo Tomas,4,USTORE (PAID)
16/12/2025,Umb ONE FOR UST,13,USTORE (PAID)
16/12/2025,USTORE Voucher (1000),1,USTORE (PAID)
16/12/2025,USTORE Voucher (500),1,USTORE (PAID)
16/12/2025,Yellow Lanyard,4,USTORE (PAID)
16/12/2025,Keychain,2,VARSITY LIFESTYLE (CONSIGNMENT)
16/12/2025,Lanyard,2,VARSITY LIFESTYLE (CONSIGNMENT)
16/12/2025,Long Sticker,1,VARSITY LIFESTYLE (CONSIGNMENT)
16/12/2025,New GT Shirts,3,VARSITY LIFESTYLE (CONSIGNMENT)
16/12/2025,VL Sticker Pack,1,VARSITY LIFESTYLE (CONSIGNMENT)
17/12/2025,Black Embro,1,BLAZE (CONSIGNMENT)
17/12/2025,Polo Shirt @800,1,BLAZE (CONSIGNMENT)
17/12/2025,White Embro,1,BLAZE (CONSIGNMENT)
17/12/2025,Shirts all @450 UPSIZE (3XL-4XL),8,JUC (CONSIGNMENT)
17/12/2025,UST College ID Lace,6,JUC (CONSIGNMENT)
17/12/2025,UST OAT Hoodie Jacket,4,JUC (CONSIGNMENT)
17/12/2025,UST OAT MUG (B),7,JUC (CONSIGNMENT)
17/12/2025,"UST OAT MUG (Y,W)",3,JUC (CONSIGNMENT)
17/12/2025,UST OAT T-Shirt Y/B/COLLEGE,31,JUC (CONSIGNMENT)
17/12/2025,UST Sweatshirt Sporty,2,JUC (CONSIGNMENT)
17/12/2025,UST T-Shirt Santo Tomas Shirt/UST T-Shirt Tiger Pattern/HAPPY,53,JUC (CONSIGNMENT)
17/12/2025,UST T-Shirt Sporty,16,JUC (CONSIGNMENT)
17/12/2025,"Baseball Shirt (Y,W)",2,JYL ATHLETICA (CONSIGNMENT)
17/12/2025,Corp Jacket,2,JYL ATHLETICA (CONSIGNMENT)
17/12/2025,Corp Jacket V3,1,JYL ATHLETICA (CONSIGNMENT)
17/12/2025,Corp Windbreaker,1,JYL ATHLETICA (CONSIGNMENT)
17/12/2025,Cotton Gray Jacket,1,JYL ATHLETICA (CONSIGNMENT)
17/12/2025,DRI-FIT NEW,1,JYL ATHLETICA (CONSIGNMENT)
17/12/2025,Jacket,1,JYL ATHLETICA (CONSIGNMENT)
17/12/2025,Machete V2,1,JYL ATHLETICA (CONSIGNMENT)
17/12/2025,Poloshirt 123456 @860,1,JYL ATHLETICA (CONSIGNMENT)
17/12/2025,Poloshirt @800,2,JYL ATHLETICA (CONSIGNMENT)
17/12/2025,QUIANA SUBLI SHIRT (B&Y),2,JYL ATHLETICA (CONSIGNMENT)
17/12/2025,Tiger Costume,1,MADEBYRUZ CONSUMER GOODS TRADING (CONSIGNMENT)
17/12/2025,Tiger Paw Keychain @375,22,MADEBYRUZ CONSUMER GOODS TRADING (CONSIGNMENT)
17/12/2025,Hoodies Breaker,2,NAPOLIZ ENTERPRISES (CONSIGNMENT)
17/12/2025,Ballpen 2 Designs @50 (B&Y),29,STITCH CORP. (BLEEVES PAID)
17/12/2025,Bamboo Pen @60,2,STITCH CORP. (BLEEVES PAID)
17/12/2025,Corp Jacket V2,1,STITCH CORP. (BLEEVES PAID)
17/12/2025,"Go USTE (W,Y,B) @450",3,THREADMARKED (CONSIGNMENT)
17/12/2025,"Oversized shirt (V,B) @650",5,THREADMARKED (CONSIGNMENT)
17/12/2025,"Hoodie UST embro (V,G,Y,B) @1800",9,THREADMARKED (PAID)
17/12/2025,Two-toned windbreaker @1700,4,THREADMARKED (PAID)
17/12/2025,5M Rotating Keychain,11,USTORE (PAID)
17/12/2025,Aquaflask,1,USTORE (PAID)
17/12/2025,Black Eco Bag,23,USTORE (PAID)
17/12/2025,C. Keychain,5,USTORE (PAID)
17/12/2025,Chibi Stickers,3,USTORE (PAID)
17/12/2025,ID Case v2 @40,7,USTORE (PAID)
17/12/2025,Lanyard @180,31,USTORE (PAID)
17/12/2025,MJ Sticker Large,2,USTORE (PAID)
17/12/2025,MJ Sticker Medium,4,USTORE (PAID)
17/12/2025,MJ Sticker Small,1,USTORE (PAID)
17/12/2025,Notelet,5,USTORE (PAID)
17/12/2025,Pencil,8,USTORE (PAID)
17/12/2025,Thomasian Kit,1,USTORE (PAID)
17/12/2025,Tiger Plushie Big,1,USTORE (PAID)
17/12/2025,Tiger Plushie Small,20,USTORE (PAID)
17/12/2025,Tote Bag Canvas White @160,1,USTORE (PAID)
17/12/2025,Tote Viva Santo Tomas,8,USTORE (PAID)
17/12/2025,Umb ONE FOR UST,4,USTORE (PAID)
17/12/2025,USTORE Voucher (200),2,USTORE (PAID)
17/12/2025,Yellow Lanyard,4,USTORE (PAID)
17/12/2025,Yellow Notebook,6,USTORE (PAID)
17/12/2025,Keychain,2,VARSITY LIFESTYLE (CONSIGNMENT)
17/12/2025,Lanyard,4,VARSITY LIFESTYLE (CONSIGNMENT)
17/12/2025,New GT Shirts,3,VARSITY LIFESTYLE (CONSIGNMENT)
18/12/2025,Black Embro,5,BLAZE (CONSIGNMENT)
18/12/2025,Polo Shirt @800,2,BLAZE (CONSIGNMENT)
18/12/2025,White Embro,1,BLAZE (CONSIGNMENT)
18/12/2025,Shirts all @450 UPSIZE (3XL-4XL),12,JUC (CONSIGNMENT)
18/12/2025,Shirts all @450 UPSIZE (5XL),2,JUC (CONSIGNMENT)
18/12/2025,UST College ID Lace,5,JUC (CONSIGNMENT)
18/12/2025,UST OAT Hoodie Jacket,3,JUC (CONSIGNMENT)
18/12/2025,UST OAT MUG (B),48,JUC (CONSIGNMENT)
18/12/2025,"UST OAT MUG (Y,W)",26,JUC (CONSIGNMENT)
18/12/2025,UST OAT T-Shirt Y/B/COLLEGE,30,JUC (CONSIGNMENT)
18/12/2025,UST Sweatshirt Sporty,4,JUC (CONSIGNMENT)
18/12/2025,UST T-Shirt Santo Tomas Shirt/UST T-Shirt Tiger Pattern/HAPPY,69,JUC (CONSIGNMENT)
18/12/2025,UST T-Shirt Sporty,20,JUC (CONSIGNMENT)
18/12/2025,"Baseball Shirt (Y,W)",3,JYL ATHLETICA (CONSIGNMENT)
18/12/2025,Corp Jacket,2,JYL ATHLETICA (CONSIGNMENT)
18/12/2025,Corp Jacket V3,7,JYL ATHLETICA (CONSIGNMENT)
18/12/2025,Cotton Black Jacket,1,JYL ATHLETICA (CONSIGNMENT)
18/12/2025,Cotton Brush Jacket,4,JYL ATHLETICA (CONSIGNMENT)
18/12/2025,Cotton Gray Jacket,9,JYL ATHLETICA (CONSIGNMENT)
18/12/2025,DRI-FIT NEW,5,JYL ATHLETICA (CONSIGNMENT)
18/12/2025,Jacket,8,JYL ATHLETICA (CONSIGNMENT)
18/12/2025,Machete V2,5,JYL ATHLETICA (CONSIGNMENT)
18/12/2025,Poloshirt 123456 @860,1,JYL ATHLETICA (CONSIGNMENT)
18/12/2025,Poloshirt @800,10,JYL ATHLETICA (CONSIGNMENT)
18/12/2025,QUIANA SUBLI SHIRT (B&Y),13,JYL ATHLETICA (CONSIGNMENT)
18/12/2025,Tiger Costume,10,MADEBYRUZ CONSUMER GOODS TRADING (CONSIGNMENT)
18/12/2025,Tiger Headband (2 Designs),3,MADEBYRUZ CONSUMER GOODS TRADING (CONSIGNMENT)
18/12/2025,Tiger Paw Keychain @375,15,MADEBYRUZ CONSUMER GOODS TRADING (CONSIGNMENT)
18/12/2025,Hoodies Breaker,8,NAPOLIZ ENTERPRISES (CONSIGNMENT)
18/12/2025,Go Fight UST Shirt,2,SHIRT HAPPENS
18/12/2025,Clock @550,1,STITCH CORP. (BLEEVES CONSIGNMENT)
18/12/2025,Clock @700,2,STITCH CORP. (BLEEVES CONSIGNMENT)
18/12/2025,Wearable Blanket,6,STITCH CORP. (BLEEVES CONSIGNMENT)
18/12/2025,Ballpen 2 Designs @50 (B&Y),176,STITCH CORP. (BLEEVES PAID)
18/12/2025,Bamboo Pen @60,3,STITCH CORP. (BLEEVES PAID)
18/12/2025,Corp Jacket V2,16,STITCH CORP. (BLEEVES PAID)
18/12/2025,Kraft Notebook @130,38,STITCH CORP. (BLEEVES PAID)
18/12/2025,Logo Sticker @25,1,TET AND DARS (PAID)
18/12/2025,Pen @40,15,TET AND DARS (PAID)
18/12/2025,"Go USTE (W,Y,B) @450",13,THREADMARKED (CONSIGNMENT)
18/12/2025,"Oversized shirt (V,B) @650",8,THREADMARKED (CONSIGNMENT)
18/12/2025,"Hoodie UST embro (V,G,Y,B) @1800",6,THREADMARKED (PAID)
18/12/2025,Two-toned windbreaker @1700,4,THREADMARKED (PAID)
18/12/2025,5M Magnetic Pin,16,USTORE (PAID)
18/12/2025,5M Rotating Keychain,17,USTORE (PAID)
18/12/2025,Aquaflask,6,USTORE (PAID)
18/12/2025,Black Eco Bag,3,USTORE (PAID)
18/12/2025,Button Pin (Small),6,USTORE (PAID)
18/12/2025,C. Keychain,10,USTORE (PAID)
18/12/2025,Chibi Stickers,2,USTORE (PAID)
18/12/2025,College Sticker @120,6,USTORE (PAID)
18/12/2025,ID Case v2 @40,11,USTORE (PAID)
18/12/2025,Lanyard @180,44,USTORE (PAID)
18/12/2025,MJ Charger,1,USTORE (PAID)
18/12/2025,MJ Sticker Large,3,USTORE (PAID)
18/12/2025,MJ Sticker Medium,2,USTORE (PAID)
18/12/2025,MJ Sticker Small,5,USTORE (PAID)
18/12/2025,Notelet,2,USTORE (PAID)
18/12/2025,Pencil,1,USTORE (PAID)
18/12/2025,Scarf @490,3,USTORE (PAID)
18/12/2025,Tiger Plushie Big,10,USTORE (PAID)
18/12/2025,Tiger Plushie Small,3,USTORE (PAID)
18/12/2025,Tote Bag Canvas White @160,8,USTORE (PAID)
18/12/2025,Tote Viva Santo Tomas,36,USTORE (PAID)
18/12/2025,Umb ONE FOR UST,11,USTORE (PAID)
18/12/2025,Yellow Lanyard,41,USTORE (PAID)
18/12/2025,Keychain,4,VARSITY LIFESTYLE (CONSIGNMENT)
18/12/2025,Lanyard,1,VARSITY LIFESTYLE (CONSIGNMENT)
18/12/2025,Long Sticker,8,VARSITY LIFESTYLE (CONSIGNMENT)
18/12/2025,New GT Shirts,6,VARSITY LIFESTYLE (CONSIGNMENT)
18/12/2025,VL Sticker Pack,2,VARSITY LIFESTYLE (CONSIGNMENT)
07/01/2026,Polo Shirt @800,2,BLAZE (CONSIGNMENT)
07/01/2026,White Embro,1,BLAZE (CONSIGNMENT)
07/01/2026,UST College ID Lace,1,JUC (CONSIGNMENT)
07/01/2026,UST OAT Hoodie Jacket,3,JUC (CONSIGNMENT)
07/01/2026,UST OAT MUG (Pure Black),34,JUC (CONSIGNMENT)
07/01/2026,"UST OAT MUG (Y,W,B)",34,JUC (CONSIGNMENT)
07/01/2026,UST OAT T-Shirt Y/B/COLLEGE,6,JUC (CONSIGNMENT)
07/01/2026,UST Sweatshirt Sporty,1,JUC (CONSIGNMENT)
07/01/2026,UST T-Shirt Santo Tomas Shirt/UST T-Shirt Tiger Pattern/HAPPY,11,JUC (CONSIGNMENT)
07/01/2026,Corp Jacket V3,2,JYL ATHLETICA (CONSIGNMENT)
07/01/2026,DRI-FIT NEW,2,JYL ATHLETICA (CONSIGNMENT)
07/01/2026,Machete V2,1,JYL ATHLETICA (CONSIGNMENT)
07/01/2026,Poloshirt @800,2,JYL ATHLETICA (CONSIGNMENT)
07/01/2026,"QUIANA SUBLI SHIRT (B&Y), 2 TONED",2,JYL ATHLETICA (CONSIGNMENT)
07/01/2026,Tiger Paw Keychain @375,1,MADEBYRUZ CONSUMER GOODS TRADING (CONSIGNMENT)
07/01/2026,Hoodies Breaker,3,NAPOLIZ ENTERPRISES (CONSIGNMENT)
07/01/2026,Go Fight UST Shirt,1,SHIRT HAPPENS
07/01/2026,Clock @700,18,STITCH CORP. (BLEEVES CONSIGNMENT)
07/01/2026,"Ballpen 3 Designs @50 (B,Y,W)",1,STITCH CORP. (BLEEVES PAID)
07/01/2026,Corp Jacket V2,4,STITCH CORP. (BLEEVES PAID)
07/01/2026,Long Sticker @120,1,TET AND DARS (PAID)
07/01/2026,"Go USTE (W,Y,B) @450",1,THREADMARKED (CONSIGNMENT)
07/01/2026,"Oversized shirt (V,B) @650",3,THREADMARKED (CONSIGNMENT)
07/01/2026,"Hoodie UST embro (V,G,Y,B) @1800",3,THREADMARKED (PAID)
07/01/2026,Two-toned windbreaker @1700,3,THREADMARKED (PAID)
07/01/2026,5M Rotating Keychain,1,USTORE (PAID)
07/01/2026,Black Eco Bag,4,USTORE (PAID)
07/01/2026,C. Keychain,2,USTORE (PAID)
07/01/2026,College Sticker @120,1,USTORE (PAID)
07/01/2026,ID Case v2 @40,2,USTORE (PAID)
07/01/2026,Lanyard @180,4,USTORE (PAID)
07/01/2026,MJ Sticker Large,1,USTORE (PAID)
07/01/2026,MJ Sticker Small,3,USTORE (PAID)
07/01/2026,Thomasian Kit,1,USTORE (PAID)
07/01/2026,Tiger Plushie Big,5,USTORE (PAID)
07/01/2026,Tote Bag Canvas White @160,1,USTORE (PAID)
07/01/2026,Tote Viva Santo Tomas,5,USTORE (PAID)
07/01/2026,Keychain,9,VARSITY LIFESTYLE (CONSIGNMENT)
07/01/2026,New GT Shirts,1,VARSITY LIFESTYLE (CONSIGNMENT)
07/01/2026,USTWBT Championship Shirt 2025,1,VARSITY LIFESTYLE (CONSIGNMENT)
08/01/2026,Black Embro,1,BLAZE (CONSIGNMENT)
08/01/2026,Polo Shirt @800,1,BLAZE (CONSIGNMENT)
08/01/2026,Shirts all @450 UPSIZE (3XL-4XL),2,JUC (CONSIGNMENT)
08/01/2026,Shirts all @450 UPSIZE (5XL),2,JUC (CONSIGNMENT)
08/01/2026,UST OAT Hoodie Jacket,2,JUC (CONSIGNMENT)
08/01/2026,UST OAT MUG (Pure Black),2,JUC (CONSIGNMENT)
08/01/2026,UST OAT T-Shirt Y/B/COLLEGE,6,JUC (CONSIGNMENT)
08/01/2026,UST T-Shirt Santo Tomas Shirt/UST T-Shirt Tiger Pattern/HAPPY,6,JUC (CONSIGNMENT)
08/01/2026,"Baseball Shirt (Y,W)",1,JYL ATHLETICA (CONSIGNMENT)
08/01/2026,Corp Jacket V3,5,JYL ATHLETICA (CONSIGNMENT)
08/01/2026,Machete V2,1,JYL ATHLETICA (CONSIGNMENT)
08/01/2026,Poloshirt 123456 @860,2,JYL ATHLETICA (CONSIGNMENT)
08/01/2026,Big Car,1,MADEBYRUZ CONSUMER GOODS TRADING (CONSIGNMENT)
08/01/2026,Tiger Paw Keychain @375,3,MADEBYRUZ CONSUMER GOODS TRADING (CONSIGNMENT)
08/01/2026,Hoodies Breaker,1,NAPOLIZ ENTERPRISES (CONSIGNMENT)
08/01/2026,"Ballpen 3 Designs @50 (B,Y,W)",4,STITCH CORP. (BLEEVES PAID)
08/01/2026,Bamboo Notebook @150,4,STITCH CORP. (BLEEVES PAID)
08/01/2026,Corp Jacket V2,1,STITCH CORP. (BLEEVES PAID)
08/01/2026,"Go USTE (W,Y,B) @450",1,THREADMARKED (CONSIGNMENT)
08/01/2026,"Oversized shirt (V,B) @650",1,THREADMARKED (CONSIGNMENT)
08/01/2026,"Hoodie UST embro (V,G,Y,B) @1800",3,THREADMARKED (PAID)
08/01/2026,5M Rotating Keychain,4,USTORE (PAID)
08/01/2026,Blanca Pen,4,USTORE (PAID)
08/01/2026,C. Keychain,3,USTORE (PAID)
08/01/2026,ID Case v2 @40,5,USTORE (PAID)
08/01/2026,Lanyard @180,4,USTORE (PAID)
08/01/2026,MJ Sticker Large,5,USTORE (PAID)
08/01/2026,MJ Sticker Medium,7,USTORE (PAID)
08/01/2026,Notelet,4,USTORE (PAID)
08/01/2026,Tiger Plushie Small,1,USTORE (PAID)
08/01/2026,Tote Viva Santo Tomas,1,USTORE (PAID)
08/01/2026,Yellow Lanyard,1,USTORE (PAID)
08/01/2026,Keychain,1,VARSITY LIFESTYLE (CONSIGNMENT)
08/01/2026,New GT Shirts,1,VARSITY LIFESTYLE (CONSIGNMENT)
10/01/2026,Black Embro,1,BLAZE (CONSIGNMENT)
10/01/2026,White Embro,1,BLAZE (CONSIGNMENT)
10/01/2026,UST College ID Lace,2,JUC (CONSIGNMENT)
10/01/2026,UST OAT T-Shirt Y/B/COLLEGE,6,JUC (CONSIGNMENT)
10/01/2026,UST T-Shirt Santo Tomas Shirt/UST T-Shirt Tiger Pattern/HAPPY,16,JUC (CONSIGNMENT)
10/01/2026,Cotton Black Jacket,1,JYL ATHLETICA (CONSIGNMENT)
10/01/2026,Poloshirt @800,1,JYL ATHLETICA (CONSIGNMENT)
10/01/2026,Tiger Paw Keychain @375,3,MADEBYRUZ CONSUMER GOODS TRADING (CONSIGNMENT)
10/01/2026,Hoodies Breaker,1,NAPOLIZ ENTERPRISES (CONSIGNMENT)
10/01/2026,"Ballpen 3 Designs @50 (B,Y,W)",2,STITCH CORP. (BLEEVES PAID)
10/01/2026,Corp Jacket V2,1,STITCH CORP. (BLEEVES PAID)
10/01/2026,"Hoodie UST embro (V,G,Y,B) @1800",3,THREADMARKED (PAID)
10/01/2026,280ml Desk Mug / MCIA028,1,TIGER FLASK
10/01/2026,5M Rotating Keychain,4,USTORE (PAID)
10/01/2026,Black Eco Bag,1,USTORE (PAID)
10/01/2026,Blanca Pen,1,USTORE (PAID)
10/01/2026,College Sticker @120,1,USTORE (PAID)
10/01/2026,ID Case v2 @40,3,USTORE (PAID)
10/01/2026,Insignia Pen,1,USTORE (PAID)
10/01/2026,Lanyard @180,3,USTORE (PAID)
10/01/2026,MJ Sticker Medium,2,USTORE (PAID)
10/01/2026,MJ Sticker Small,1,USTORE (PAID)
10/01/2026,Yellow Lanyard,1,USTORE (PAID)
10/01/2026,Yellow Notebook,2,USTORE (PAID)
12/01/2026,White Embro,2,BLAZE (CONSIGNMENT)
12/01/2026,Shirts all @450 UPSIZE (3XL-4XL),1,JUC (CONSIGNMENT)
12/01/2026,UST College ID Lace,4,JUC (CONSIGNMENT)
12/01/2026,"UST OAT MUG (Y,W,B)",3,JUC (CONSIGNMENT)
12/01/2026,UST OAT T-Shirt Y/B/COLLEGE,4,JUC (CONSIGNMENT)
12/01/2026,UST T-Shirt Santo Tomas Shirt/UST T-Shirt Tiger Pattern/HAPPY,3,JUC (CONSIGNMENT)
12/01/2026,UST T-Shirt Sporty,5,JUC (CONSIGNMENT)
12/01/2026,"QUIANA SUBLI SHIRT (B&Y), 2 TONED",5,JYL ATHLETICA (CONSIGNMENT)
12/01/2026,Tiger Costume,1,MADEBYRUZ CONSUMER GOODS TRADING (CONSIGNMENT)
12/01/2026,Tiger Paw Keychain @375,4,MADEBYRUZ CONSUMER GOODS TRADING (CONSIGNMENT)
12/01/2026,Back Pack,1,NAPOLIZ ENTERPRISES (CONSIGNMENT)
12/01/2026,Clock @700,2,STITCH CORP. (BLEEVES CONSIGNMENT)
12/01/2026,Wearable Blanket,1,STITCH CORP. (BLEEVES CONSIGNMENT)
12/01/2026,"Ballpen 3 Designs @50 (B,Y,W)",13,STITCH CORP. (BLEEVES PAID)
12/01/2026,Bamboo Notebook @150,2,STITCH CORP. (BLEEVES PAID)
12/01/2026,Corp Jacket V2,1,STITCH CORP. (BLEEVES PAID)
12/01/2026,Pen @40,1,TET AND DARS (PAID)
12/01/2026,"Oversized shirt (V,B) @650",2,THREADMARKED (CONSIGNMENT)
12/01/2026,"Hoodie UST embro (V,G,Y,B) @1800",3,THREADMARKED (PAID)
12/01/2026,5M Rotating Keychain,7,USTORE (PAID)
12/01/2026,Automatic Umbrella,2,USTORE (PAID)
12/01/2026,Blanca Pen,2,USTORE (PAID)
12/01/2026,Chibi Stickers,4,USTORE (PAID)
12/01/2026,College Sticker @120,1,USTORE (PAID)
12/01/2026,ID Case v2 @40,7,USTORE (PAID)
12/01/2026,Insignia Pen,1,USTORE (PAID)
12/01/2026,Lanyard @180,10,USTORE (PAID)
12/01/2026,MJ Charger,1,USTORE (PAID)
12/01/2026,MJ Sticker Large,8,USTORE (PAID)
12/01/2026,MJ Sticker Medium,9,USTORE (PAID)
12/01/2026,MJ Sticker Small,12,USTORE (PAID)
12/01/2026,Notelet,2,USTORE (PAID)
12/01/2026,Picasso Pen,3,USTORE (PAID)
12/01/2026,Tiger Plushie Big,2,USTORE (PAID)
12/01/2026,Tiger Plushie Small,2,USTORE (PAID)
12/01/2026,Tote Bag Canvas White @160,201,USTORE (PAID)
12/01/2026,Yellow Lanyard,5,USTORE (PAID)
12/01/2026,Keychain,1,VARSITY LIFESTYLE (CONSIGNMENT)
12/01/2026,Lanyard,1,VARSITY LIFESTYLE (CONSIGNMENT)
12/01/2026,New GT Shirts,1,VARSITY LIFESTYLE (CONSIGNMENT)
12/01/2026,VL Sticker Pack,1,VARSITY LIFESTYLE (CONSIGNMENT)
13/01/2026,Polo Shirt @800,1,BLAZE (CONSIGNMENT)
13/01/2026,Shirts all @450 UPSIZE (3XL-4XL),1,JUC (CONSIGNMENT)
13/01/2026,Shirts all @450 UPSIZE (5XL),1,JUC (CONSIGNMENT)
13/01/2026,UST College ID Lace,5,JUC (CONSIGNMENT)
13/01/2026,UST OAT Hoodie Jacket,2,JUC (CONSIGNMENT)
13/01/2026,UST OAT T-Shirt Y/B/COLLEGE,6,JUC (CONSIGNMENT)
13/01/2026,UST T-Shirt Santo Tomas Shirt/UST T-Shirt Tiger Pattern/HAPPY,9,JUC (CONSIGNMENT)
13/01/2026,Corp Jacket,1,JYL ATHLETICA (CONSIGNMENT)
13/01/2026,Poloshirt @800,1,JYL ATHLETICA (CONSIGNMENT)
13/01/2026,Tiger Paw Keychain @375,2,MADEBYRUZ CONSUMER GOODS TRADING (CONSIGNMENT)
13/01/2026,Hoodies Breaker,1,NAPOLIZ ENTERPRISES (CONSIGNMENT)
13/01/2026,"Ballpen 3 Designs @50 (B,Y,W)",7,STITCH CORP. (BLEEVES PAID)
13/01/2026,Corp Jacket V2,2,STITCH CORP. (BLEEVES PAID)
13/01/2026,"Go USTE (W,Y,B) @450",3,THREADMARKED (CONSIGNMENT)
13/01/2026,"Oversized shirt (V,B) @650",1,THREADMARKED (CONSIGNMENT)
13/01/2026,"Hoodie UST embro (V,G,Y,B) @1800",3,THREADMARKED (PAID)
13/01/2026,Two-toned windbreaker @1700,1,THREADMARKED (PAID)
13/01/2026,5M Rotating Keychain,2,USTORE (PAID)
13/01/2026,Black Eco Bag,1,USTORE (PAID)
13/01/2026,Button Pin (Small),1,USTORE (PAID)
13/01/2026,Chibi Stickers,1,USTORE (PAID)
13/01/2026,ID Case v2 @40,2,USTORE (PAID)
13/01/2026,Lanyard @180,2,USTORE (PAID)
13/01/2026,MJ Sticker Large,4,USTORE (PAID)
13/01/2026,MJ Sticker Medium,2,USTORE (PAID)
13/01/2026,MJ Sticker Small,4,USTORE (PAID)
13/01/2026,Notelet,1,USTORE (PAID)
13/01/2026,Tiger Plushie Small,4,USTORE (PAID)
13/01/2026,Tote Bag Canvas White @160,1,USTORE (PAID)
13/01/2026,Yellow Lanyard,1,USTORE (PAID)
13/01/2026,Long Sticker,1,VARSITY LIFESTYLE (CONSIGNMENT)
14/01/2026,Black Embro,4,BLAZE (CONSIGNMENT)
14/01/2026,Polo Shirt @800,1,BLAZE (CONSIGNMENT)
14/01/2026,Shirts all @450 UPSIZE (3XL-4XL),1,JUC (CONSIGNMENT)
14/01/2026,UST College ID Lace,140,JUC (CONSIGNMENT)
14/01/2026,UST OAT Hoodie Jacket,1,JUC (CONSIGNMENT)
14/01/2026,UST OAT MUG (Pure Black),4,JUC (CONSIGNMENT)
14/01/2026,"UST OAT MUG (Y,W,B)",4,JUC (CONSIGNMENT)
14/01/2026,UST OAT T-Shirt Y/B/COLLEGE,15,JUC (CONSIGNMENT)
14/01/2026,UST Sweatshirt Sporty,1,JUC (CONSIGNMENT)
14/01/2026,UST T-Shirt Santo Tomas Shirt/UST T-Shirt Tiger Pattern/HAPPY,26,JUC (CONSIGNMENT)
14/01/2026,UST T-Shirt Sporty,13,JUC (CONSIGNMENT)
14/01/2026,"Baseball Shirt (Y,W)",1,JYL ATHLETICA (CONSIGNMENT)
14/01/2026,Corp Jacket,1,JYL ATHLETICA (CONSIGNMENT)
14/01/2026,Corp Jacket V3,5,JYL ATHLETICA (CONSIGNMENT)
14/01/2026,DRI-FIT NEW,1,JYL ATHLETICA (CONSIGNMENT)
14/01/2026,Jacket,1,JYL ATHLETICA (CONSIGNMENT)
14/01/2026,Poloshirt @800,1,JYL ATHLETICA (CONSIGNMENT)
14/01/2026,"QUIANA SUBLI SHIRT (B&Y), 2 TONED",4,JYL ATHLETICA (CONSIGNMENT)
14/01/2026,Small Mystery Car,1,MADEBYRUZ CONSUMER GOODS TRADING (CONSIGNMENT)
14/01/2026,Tiger Headband (2 Designs),2,MADEBYRUZ CONSUMER GOODS TRADING (CONSIGNMENT)
14/01/2026,Tiger Paw Keychain @375,12,MADEBYRUZ CONSUMER GOODS TRADING (CONSIGNMENT)
14/01/2026,Hoodies Breaker,1,NAPOLIZ ENTERPRISES (CONSIGNMENT)
14/01/2026,Pen with BOX,1,NEW TRENDS (PAID)
14/01/2026,"Ballpen 3 Designs @50 (B,Y,W)",82,STITCH CORP. (BLEEVES PAID)
14/01/2026,Bamboo Notebook @150,5,STITCH CORP. (BLEEVES PAID)
14/01/2026,Pen @40,9,TET AND DARS (PAID)
14/01/2026,"Go USTE (W,Y,B) @450",3,THREADMARKED (CONSIGNMENT)
14/01/2026,"Oversized shirt (V,B) @650",3,THREADMARKED (CONSIGNMENT)
14/01/2026,"Hoodie UST embro (V,G,Y,B) @1800",4,THREADMARKED (PAID)
14/01/2026,Two-toned windbreaker @1700,1,THREADMARKED (PAID)
14/01/2026,5M Magnetic Pin,1,USTORE (PAID)
14/01/2026,5M Rotating Keychain,40,USTORE (PAID)
14/01/2026,Automatic Umbrella,11,USTORE (PAID)
14/01/2026,Black Eco Bag,122,USTORE (PAID)
14/01/2026,Blanca Pen,2,USTORE (PAID)
14/01/2026,Button Pin (Small),32,USTORE (PAID)
14/01/2026,C. Keychain,3,USTORE (PAID)
14/01/2026,Chibi Stickers,6,USTORE (PAID)
14/01/2026,Insignia Pen,7,USTORE (PAID)
14/01/2026,Lanyard @180,22,USTORE (PAID)
14/01/2026,MJ Sticker Large,14,USTORE (PAID)
14/01/2026,MJ Sticker Medium,45,USTORE (PAID)
14/01/2026,MJ Sticker Small,33,USTORE (PAID)
14/01/2026,Notelet,22,USTORE (PAID)
14/01/2026,Pencil,2,USTORE (PAID)
14/01/2026,Picasso Pen,2,USTORE (PAID)
14/01/2026,Tiger Plushie Big,2,USTORE (PAID)
14/01/2026,Tote Bag Canvas White @160,2,USTORE (PAID)
14/01/2026,Tote Viva Santo Tomas,8,USTORE (PAID)
14/01/2026,Yellow Lanyard,14,USTORE (PAID)
14/01/2026,Yellow Notebook,6,USTORE (PAID)
14/01/2026,Keychain,10,VARSITY LIFESTYLE (CONSIGNMENT)
14/01/2026,Lanyard,1,VARSITY LIFESTYLE (CONSIGNMENT)
14/01/2026,Long Sticker,1,VARSITY LIFESTYLE (CONSIGNMENT)
15/01/2026,Polo Shirt @800,1,BLAZE (CONSIGNMENT)
15/01/2026,Shirts all @450 UPSIZE (3XL-4XL),1,JUC (CONSIGNMENT)
15/01/2026,UST College ID Lace,3,JUC (CONSIGNMENT)
15/01/2026,"UST OAT MUG (Y,W,B)",1,JUC (CONSIGNMENT)
15/01/2026,UST OAT T-Shirt Y/B/COLLEGE,4,JUC (CONSIGNMENT)
15/01/2026,UST Sweatshirt Sporty,1,JUC (CONSIGNMENT)
15/01/2026,UST T-Shirt Santo Tomas Shirt/UST T-Shirt Tiger Pattern/HAPPY,5,JUC (CONSIGNMENT)
15/01/2026,UST T-Shirt Sporty,1,JUC (CONSIGNMENT)
15/01/2026,Corp Jacket,1,JYL ATHLETICA (CONSIGNMENT)
15/01/2026,Corp Jacket V3,1,JYL ATHLETICA (CONSIGNMENT)
15/01/2026,DRI-FIT NEW,1,JYL ATHLETICA (CONSIGNMENT)
15/01/2026,Poloshirt @800,3,JYL ATHLETICA (CONSIGNMENT)
15/01/2026,"QUIANA SUBLI SHIRT (B&Y), 2 TONED",1,JYL ATHLETICA (CONSIGNMENT)
15/01/2026,Taslan NEW,1,JYL ATHLETICA (CONSIGNMENT)
15/01/2026,"Ballpen 3 Designs @50 (B,Y,W)",5,STITCH CORP. (BLEEVES PAID)
15/01/2026,Corp Jacket V2,2,STITCH CORP. (BLEEVES PAID)
15/01/2026,Pen @40,1,TET AND DARS (PAID)
15/01/2026,"Go USTE (W,Y,B) @450",5,THREADMARKED (CONSIGNMENT)
15/01/2026,"Oversized shirt (V,B) @650",4,THREADMARKED (CONSIGNMENT)
15/01/2026,Two-toned windbreaker @1700,1,THREADMARKED (PAID)
15/01/2026,5M Rotating Keychain,7,USTORE (PAID)
15/01/2026,Automatic Umbrella,3,USTORE (PAID)
15/01/2026,C. Keychain,9,USTORE (PAID)
15/01/2026,ID Case v2 @40,1,USTORE (PAID)
15/01/2026,Lanyard @180,14,USTORE (PAID)
15/01/2026,MJ Sticker Large,1,USTORE (PAID)
15/01/2026,MJ Sticker Medium,2,USTORE (PAID)
15/01/2026,MJ Sticker Small,1,USTORE (PAID)
15/01/2026,Stainless Eco Tumbler,1,USTORE (PAID)
15/01/2026,Tiger Plushie Small,1,USTORE (PAID)
15/01/2026,Tote Viva Santo Tomas,6,USTORE (PAID)
15/01/2026,Lanyard,2,VARSITY LIFESTYLE (CONSIGNMENT)
16/01/2026,Polo Shirt @800,1,BLAZE (CONSIGNMENT)
16/01/2026,White Embro,2,BLAZE (CONSIGNMENT)
16/01/2026,Shirts all @450 UPSIZE (3XL-4XL),2,JUC (CONSIGNMENT)
16/01/2026,Shirts all @450 UPSIZE (5XL),2,JUC (CONSIGNMENT)
16/01/2026,UST College ID Lace,9,JUC (CONSIGNMENT)
16/01/2026,UST OAT Hoodie Jacket,3,JUC (CONSIGNMENT)
16/01/2026,"UST OAT MUG (Y,W,B)",1,JUC (CONSIGNMENT)
16/01/2026,UST OAT T-Shirt Y/B/COLLEGE,7,JUC (CONSIGNMENT)
16/01/2026,UST Sweatshirt Sporty,1,JUC (CONSIGNMENT)
16/01/2026,UST T-Shirt Santo Tomas Shirt/UST T-Shirt Tiger Pattern/HAPPY,15,JUC (CONSIGNMENT)
16/01/2026,UST T-Shirt Sporty,2,JUC (CONSIGNMENT)
16/01/2026,"Baseball Shirt (Y,W)",1,JYL ATHLETICA (CONSIGNMENT)
16/01/2026,Cotton Brush Jacket,2,JYL ATHLETICA (CONSIGNMENT)
16/01/2026,Cotton Gray Jacket,2,JYL ATHLETICA (CONSIGNMENT)
16/01/2026,Poloshirt @800,2,JYL ATHLETICA (CONSIGNMENT)
16/01/2026,"QUIANA SUBLI SHIRT (B&Y), 2 TONED",2,JYL ATHLETICA (CONSIGNMENT)
16/01/2026,Tiger Headband (2 Designs),2,MADEBYRUZ CONSUMER GOODS TRADING (CONSIGNMENT)
16/01/2026,Tiger Paw Keychain @375,7,MADEBYRUZ CONSUMER GOODS TRADING (CONSIGNMENT)
16/01/2026,Back Pack,1,NAPOLIZ ENTERPRISES (CONSIGNMENT)
16/01/2026,Hoodies Breaker,3,NAPOLIZ ENTERPRISES (CONSIGNMENT)
16/01/2026,Tiger w/ Box,3,STITCH CORP. (BLEEVES CONSIGNMENT)
16/01/2026,"Ballpen 3 Designs @50 (B,Y,W)",8,STITCH CORP. (BLEEVES PAID)
16/01/2026,Bamboo Notebook @150,3,STITCH CORP. (BLEEVES PAID)
16/01/2026,Bamboo Pen @60,1,STITCH CORP. (BLEEVES PAID)
16/01/2026,Corp Jacket V2,1,STITCH CORP. (BLEEVES PAID)
16/01/2026,"Go USTE (W,Y,B) @450",4,THREADMARKED (CONSIGNMENT)
16/01/2026,"Oversized shirt (V,B) @650",1,THREADMARKED (CONSIGNMENT)
16/01/2026,"Hoodie UST embro (V,G,Y,B) @1800",1,THREADMARKED (PAID)
16/01/2026,Two-toned windbreaker @1700,1,THREADMARKED (PAID)
16/01/2026,5M Rotating Keychain,5,USTORE (PAID)
16/01/2026,Automatic Umbrella,1,USTORE (PAID)
16/01/2026,Black Eco Bag,9,USTORE (PAID)
16/01/2026,Button Pin (Small),2,USTORE (PAID)
16/01/2026,C. Keychain,7,USTORE (PAID)
16/01/2026,College Sticker @120,2,USTORE (PAID)
16/01/2026,ID Case v2 @40,2,USTORE (PAID)
16/01/2026,Insignia Pen,1,USTORE (PAID)
16/01/2026,Lanyard @180,9,USTORE (PAID)
16/01/2026,MJ Sticker Large,2,USTORE (PAID)
16/01/2026,MJ Sticker Medium,3,USTORE (PAID)
16/01/2026,MJ Sticker Small,1,USTORE (PAID)
16/01/2026,Scarf @490,2,USTORE (PAID)
16/01/2026,Tiger Plushie Small,1,USTORE (PAID)
16/01/2026,Tote Bag Canvas White @160,1,USTORE (PAID)
16/01/2026,Tote ONE FOR UST,1,USTORE (PAID)
16/01/2026,Tote Viva Santo Tomas,5,USTORE (PAID)
16/01/2026,Yellow Notebook,2,USTORE (PAID)
16/01/2026,Keychain,2,VARSITY LIFESTYLE (CONSIGNMENT)
16/01/2026,Lanyard,2,VARSITY LIFESTYLE (CONSIGNMENT)
16/01/2026,Long Sticker,2,VARSITY LIFESTYLE (CONSIGNMENT)
16/01/2026,New GT Shirts,1,VARSITY LIFESTYLE (CONSIGNMENT)
17/01/2026,Polo Shirt @800,2,BLAZE (CONSIGNMENT)
17/01/2026,UST College ID Lace,7,JUC (CONSIGNMENT)
17/01/2026,UST OAT Hoodie Jacket,2,JUC (CONSIGNMENT)
17/01/2026,UST OAT MUG (Pure Black),1,JUC (CONSIGNMENT)
17/01/2026,"UST OAT MUG (Y,W,B)",3,JUC (CONSIGNMENT)
17/01/2026,UST OAT T-Shirt Y/B/COLLEGE,4,JUC (CONSIGNMENT)
17/01/2026,UST T-Shirt Santo Tomas Shirt/UST T-Shirt Tiger Pattern/HAPPY,11,JUC (CONSIGNMENT)
17/01/2026,Corp Jacket V3,4,JYL ATHLETICA (CONSIGNMENT)
17/01/2026,DRI-FIT NEW,2,JYL ATHLETICA (CONSIGNMENT)
17/01/2026,Poloshirt @800,14,JYL ATHLETICA (CONSIGNMENT)
17/01/2026,"QUIANA SUBLI SHIRT (B&Y), 2 TONED",7,JYL ATHLETICA (CONSIGNMENT)
17/01/2026,Small Mystery Car,2,MADEBYRUZ CONSUMER GOODS TRADING (CONSIGNMENT)
17/01/2026,Tiger Paw Keychain @375,6,MADEBYRUZ CONSUMER GOODS TRADING (CONSIGNMENT)
17/01/2026,"Ballpen 3 Designs @50 (B,Y,W)",6,STITCH CORP. (BLEEVES PAID)
17/01/2026,Bamboo Notebook @150,1,STITCH CORP. (BLEEVES PAID)
17/01/2026,Bamboo Pen @60,1,STITCH CORP. (BLEEVES PAID)
17/01/2026,"Oversized shirt (V,B) @650",2,THREADMARKED (CONSIGNMENT)
17/01/2026,5M Rotating Keychain,5,USTORE (PAID)
17/01/2026,Aquaflask,2,USTORE (PAID)
17/01/2026,Automatic Umbrella,6,USTORE (PAID)
17/01/2026,Black Eco Bag,1,USTORE (PAID)
17/01/2026,Button Pin (Big),1,USTORE (PAID)
17/01/2026,Button Pin (Small),1,USTORE (PAID)
17/01/2026,C. Keychain,2,USTORE (PAID)
17/01/2026,ID Case v2 @40,1,USTORE (PAID)
17/01/2026,MJ Sticker Medium,4,USTORE (PAID)
17/01/2026,MJ Sticker Small,3,USTORE (PAID)
17/01/2026,Notelet,3,USTORE (PAID)
17/01/2026,Stainless Eco Tumbler,1,USTORE (PAID)
17/01/2026,Tote ONE FOR UST,1,USTORE (PAID)
17/01/2026,Tote Viva Santo Tomas,3,USTORE (PAID)
17/01/2026,Yellow Lanyard,6,USTORE (PAID)
17/01/2026,Yellow Notebook,3,USTORE (PAID)
17/01/2026,Keychain,1,VARSITY LIFESTYLE (CONSIGNMENT)
17/01/2026,Lanyard,1,VARSITY LIFESTYLE (CONSIGNMENT)
17/01/2026,Long Sticker,1,VARSITY LIFESTYLE (CONSIGNMENT)
17/01/2026,New GT Shirts,1,VARSITY LIFESTYLE (CONSIGNMENT)
17/01/2026,USTWBT Championship Shirt 2025,2,VARSITY LIFESTYLE (CONSIGNMENT)
19/01/2026,Shirts all @450 UPSIZE (3XL-4XL),1,JUC (CONSIGNMENT)
19/01/2026,Shirts all @450 UPSIZE (5XL),1,JUC (CONSIGNMENT)
19/01/2026,UST College ID Lace,12,JUC (CONSIGNMENT)
19/01/2026,UST OAT Hoodie Jacket,1,JUC (CONSIGNMENT)
19/01/2026,UST OAT T-Shirt Y/B/COLLEGE,11,JUC (CONSIGNMENT)
19/01/2026,UST T-Shirt Santo Tomas Shirt/UST T-Shirt Tiger Pattern/HAPPY,7,JUC (CONSIGNMENT)
19/01/2026,UST T-Shirt Sporty,7,JUC (CONSIGNMENT)
19/01/2026,Poloshirt @800,1,JYL ATHLETICA (CONSIGNMENT)
19/01/2026,Wearable Blanket,1,STITCH CORP. (BLEEVES CONSIGNMENT)
19/01/2026,"Ballpen 3 Designs @50 (B,Y,W)",4,STITCH CORP. (BLEEVES PAID)
19/01/2026,Bamboo Pen @60,1,STITCH CORP. (BLEEVES PAID)
19/01/2026,"Go USTE (W,Y,B) @450",2,THREADMARKED (CONSIGNMENT)
19/01/2026,"Oversized shirt (V,B) @650",3,THREADMARKED (CONSIGNMENT)
19/01/2026,"Hoodie UST embro (V,G,Y,B) @1800",7,THREADMARKED (PAID)
19/01/2026,5M Rotating Keychain,4,USTORE (PAID)
19/01/2026,Automatic Umbrella,2,USTORE (PAID)
19/01/2026,C. Keychain,1,USTORE (PAID)
19/01/2026,College Sticker @120,1,USTORE (PAID)
19/01/2026,ID Case v2 @40,6,USTORE (PAID)
19/01/2026,MJ Sticker Medium,1,USTORE (PAID)
19/01/2026,MJ Sticker Small,2,USTORE (PAID)
19/01/2026,Notelet,1,USTORE (PAID)
19/01/2026,Tiger Plushie Small,1,USTORE (PAID)
19/01/2026,Tote Bag Canvas White @160,2,USTORE (PAID)
19/01/2026,Tote Viva Santo Tomas,1,USTORE (PAID)
19/01/2026,Yellow Lanyard,1,USTORE (PAID)
19/01/2026,Lanyard,1,VARSITY LIFESTYLE (CONSIGNMENT)
19/01/2026,New GT Shirts,1,VARSITY LIFESTYLE (CONSIGNMENT)
19/01/2026,VL Sticker Pack,2,VARSITY LIFESTYLE (CONSIGNMENT)
19/01/2026,"Y,B VL UST",4,VARSITY LIFESTYLE (CONSIGNMENT)
20/01/2026,Shirts all @450 UPSIZE (5XL),1,JUC (CONSIGNMENT)
20/01/2026,UST College ID Lace,9,JUC (CONSIGNMENT)
20/01/2026,UST OAT Hoodie Jacket,1,JUC (CONSIGNMENT)
20/01/2026,"UST OAT MUG (Y,W,B)",1,JUC (CONSIGNMENT)
20/01/2026,UST OAT T-Shirt Y/B/COLLEGE,17,JUC (CONSIGNMENT)
20/01/2026,UST Sweatshirt Sporty,1,JUC (CONSIGNMENT)
20/01/2026,UST T-Shirt Santo Tomas Shirt/UST T-Shirt Tiger Pattern/HAPPY,8,JUC (CONSIGNMENT)
20/01/2026,UST T-Shirt Sporty,5,JUC (CONSIGNMENT)
20/01/2026,"Baseball Shirt (Y,W)",1,JYL ATHLETICA (CONSIGNMENT)
20/01/2026,Corp Jacket V3,1,JYL ATHLETICA (CONSIGNMENT)
20/01/2026,Corp Windbreaker,1,JYL ATHLETICA (CONSIGNMENT)
20/01/2026,Cotton Brush Jacket,1,JYL ATHLETICA (CONSIGNMENT)
20/01/2026,Poloshirt 123456 @860,1,JYL ATHLETICA (CONSIGNMENT)
20/01/2026,Poloshirt @800,1,JYL ATHLETICA (CONSIGNMENT)
20/01/2026,Tiger Paw Keychain @375,5,MADEBYRUZ CONSUMER GOODS TRADING (CONSIGNMENT)
20/01/2026,"Ballpen 3 Designs @50 (B,Y,W)",3,STITCH CORP. (BLEEVES PAID)
20/01/2026,Logo Keychain @200,1,TET AND DARS (PAID)
20/01/2026,Pen @40,1,TET AND DARS (PAID)
20/01/2026,"Hoodie UST embro (V,G,Y,B) @1800",5,THREADMARKED (PAID)
20/01/2026,5M Rotating Keychain,2,USTORE (PAID)
20/01/2026,Automatic Umbrella,2,USTORE (PAID)
20/01/2026,Black Eco Bag,1,USTORE (PAID)
20/01/2026,C. Keychain,1,USTORE (PAID)
20/01/2026,Chibi Stickers,1,USTORE (PAID)
20/01/2026,ID Case v2 @40,3,USTORE (PAID)
20/01/2026,MJ Sticker Large,11,USTORE (PAID)
20/01/2026,MJ Sticker Medium,6,USTORE (PAID)
20/01/2026,MJ Sticker Small,1,USTORE (PAID)
20/01/2026,Thomasian Kit,1,USTORE (PAID)
20/01/2026,Tote Viva Santo Tomas,1,USTORE (PAID)
20/01/2026,Yellow Lanyard,7,USTORE (PAID)
20/01/2026,Yellow Notebook,1,USTORE (PAID)
20/01/2026,Lanyard,2,VARSITY LIFESTYLE (CONSIGNMENT)
20/01/2026,Long Sticker,1,VARSITY LIFESTYLE (CONSIGNMENT)
20/01/2026,"Y,B VL UST",1,VARSITY LIFESTYLE (CONSIGNMENT)
21/01/2026,UST College ID Lace,10,JUC (CONSIGNMENT)
21/01/2026,UST OAT Hoodie Jacket,4,JUC (CONSIGNMENT)
21/01/2026,UST OAT T-Shirt Y/B/COLLEGE,15,JUC (CONSIGNMENT)
21/01/2026,UST Sweatshirt Sporty,1,JUC (CONSIGNMENT)
21/01/2026,UST T-Shirt Santo Tomas Shirt/UST T-Shirt Tiger Pattern/HAPPY,10,JUC (CONSIGNMENT)
21/01/2026,UST T-Shirt Sporty,2,JUC (CONSIGNMENT)
21/01/2026,Corp Jacket V3,1,JYL ATHLETICA (CONSIGNMENT)
21/01/2026,Poloshirt 123456 @860,3,JYL ATHLETICA (CONSIGNMENT)
21/01/2026,"QUIANA SUBLI SHIRT (B&Y), 2 TONED",1,JYL ATHLETICA (CONSIGNMENT)
21/01/2026,Tiger Headband (2 Designs),1,MADEBYRUZ CONSUMER GOODS TRADING (CONSIGNMENT)
21/01/2026,Tiger Paw Keychain @375,3,MADEBYRUZ CONSUMER GOODS TRADING (CONSIGNMENT)
21/01/2026,Hoodies Breaker,1,NAPOLIZ ENTERPRISES (CONSIGNMENT)
21/01/2026,Clock @700,1,STITCH CORP. (BLEEVES CONSIGNMENT)
21/01/2026,Wearable Blanket,2,STITCH CORP. (BLEEVES CONSIGNMENT)
21/01/2026,Bamboo Notebook @150,1,STITCH CORP. (BLEEVES PAID)
21/01/2026,Arch @350,27,TET AND DARS (PAID)
21/01/2026,Logo Keychain @200,1,TET AND DARS (PAID)
21/01/2026,Pen @40,1,TET AND DARS (PAID)
21/01/2026,"Go USTE (W,Y,B) @450",1,THREADMARKED (CONSIGNMENT)
21/01/2026,"Oversized shirt (V,B) @650",2,THREADMARKED (CONSIGNMENT)
21/01/2026,"Hoodie UST embro (V,G,Y,B) @1800",1,THREADMARKED (PAID)
21/01/2026,Two-toned windbreaker @1700,4,THREADMARKED (PAID)
21/01/2026,5M Rotating Keychain,1,USTORE (PAID)
21/01/2026,Aquaflask,1,USTORE (PAID)
21/01/2026,Automatic Umbrella,5,USTORE (PAID)
21/01/2026,Chibi Stickers,1,USTORE (PAID)
21/01/2026,College Sticker @120,2,USTORE (PAID)
21/01/2026,ID Case v2 @40,4,USTORE (PAID)
21/01/2026,MJ Sticker Large,1,USTORE (PAID)
21/01/2026,MJ Sticker Medium,4,USTORE (PAID)
21/01/2026,MJ Sticker Small,2,USTORE (PAID)
21/01/2026,Thomasian Kit,1,USTORE (PAID)
21/01/2026,Tiger Plushie Small,1,USTORE (PAID)
21/01/2026,Tote Viva Santo Tomas,3,USTORE (PAID)
21/01/2026,Yellow Lanyard,4,USTORE (PAID)
21/01/2026,New GT Shirts,1,VARSITY LIFESTYLE (CONSIGNMENT)
21/01/2026,VL Sticker Pack,1,VARSITY LIFESTYLE (CONSIGNMENT)
21/01/2026,"Y,B VL UST",2,VARSITY LIFESTYLE (CONSIGNMENT)
22/01/2026,Polo Shirt @800,1,BLAZE (CONSIGNMENT)
22/01/2026,UST College ID Lace,6,JUC (CONSIGNMENT)
22/01/2026,UST OAT Hoodie Jacket,1,JUC (CONSIGNMENT)
22/01/2026,UST OAT MUG (Pure Black),1,JUC (CONSIGNMENT)
22/01/2026,"UST OAT MUG (Y,W,B)",2,JUC (CONSIGNMENT)
22/01/2026,UST OAT T-Shirt Y/B/COLLEGE,7,JUC (CONSIGNMENT)
22/01/2026,UST T-Shirt Santo Tomas Shirt/UST T-Shirt Tiger Pattern/HAPPY,11,JUC (CONSIGNMENT)
22/01/2026,UST T-Shirt Sporty,3,JUC (CONSIGNMENT)
22/01/2026,"Baseball Shirt (Y,W)",1,JYL ATHLETICA (CONSIGNMENT)
22/01/2026,Corp Jacket,1,JYL ATHLETICA (CONSIGNMENT)
22/01/2026,Cotton Black Jacket,1,JYL ATHLETICA (CONSIGNMENT)
22/01/2026,DRI-FIT NEW,4,JYL ATHLETICA (CONSIGNMENT)
22/01/2026,"QUIANA SUBLI SHIRT (B&Y), 2 TONED",4,JYL ATHLETICA (CONSIGNMENT)
22/01/2026,"Ballpen 3 Designs @50 (B,Y,W)",9,STITCH CORP. (BLEEVES PAID)
22/01/2026,Bamboo Pen @60,1,STITCH CORP. (BLEEVES PAID)
22/01/2026,Corp Jacket V2,3,STITCH CORP. (BLEEVES PAID)
22/01/2026,Kraft Notebook @130,1,STITCH CORP. (BLEEVES PAID)
22/01/2026,Logo Keychain @200,3,TET AND DARS (PAID)
22/01/2026,"Go USTE (W,Y,B) @450",1,THREADMARKED (CONSIGNMENT)
22/01/2026,"Oversized shirt (V,B) @650",1,THREADMARKED (CONSIGNMENT)
22/01/2026,"Hoodie UST embro (V,G,Y,B) @1800",1,THREADMARKED (PAID)
22/01/2026,Two-toned windbreaker @1700,1,THREADMARKED (PAID)
22/01/2026,5M Rotating Keychain,1,USTORE (PAID)
22/01/2026,Automatic Umbrella,2,USTORE (PAID)
22/01/2026,C. Keychain,2,USTORE (PAID)
22/01/2026,College Sticker @120,2,USTORE (PAID)
22/01/2026,ID Case v2 @40,6,USTORE (PAID)
22/01/2026,Insignia Pen,1,USTORE (PAID)
22/01/2026,MJ Sticker Large,3,USTORE (PAID)
22/01/2026,MJ Sticker Medium,3,USTORE (PAID)
22/01/2026,MJ Sticker Small,5,USTORE (PAID)
22/01/2026,Powerbank,3,USTORE (PAID)
22/01/2026,Tote Viva Santo Tomas,1,USTORE (PAID)
22/01/2026,Utensils,1,USTORE (PAID)
22/01/2026,Yellow Lanyard,8,USTORE (PAID)
22/01/2026,Keychain,1,VARSITY LIFESTYLE (CONSIGNMENT)
22/01/2026,Lanyard,3,VARSITY LIFESTYLE (CONSIGNMENT)
22/01/2026,VL Sticker Pack,3,VARSITY LIFESTYLE (CONSIGNMENT)
22/01/2026,"Y,B VL UST",1,VARSITY LIFESTYLE (CONSIGNMENT)
23/01/2026,Shirts all @450 UPSIZE (3XL-4XL),1,JUC (CONSIGNMENT)
23/01/2026,UST College ID Lace,2,JUC (CONSIGNMENT)
23/01/2026,UST OAT Hoodie Jacket,2,JUC (CONSIGNMENT)
23/01/2026,UST OAT MUG (Pure Black),2,JUC (CONSIGNMENT)
23/01/2026,"UST OAT MUG (Y,W,B)",1,JUC (CONSIGNMENT)
23/01/2026,UST OAT T-Shirt Y/B/COLLEGE,8,JUC (CONSIGNMENT)
23/01/2026,UST Sweatshirt Sporty,3,JUC (CONSIGNMENT)
23/01/2026,UST T-Shirt Santo Tomas Shirt/UST T-Shirt Tiger Pattern/HAPPY,23,JUC (CONSIGNMENT)
23/01/2026,UST T-Shirt Sporty,7,JUC (CONSIGNMENT)
23/01/2026,Corp Jacket,1,JYL ATHLETICA (CONSIGNMENT)
23/01/2026,Cotton Brush Jacket,1,JYL ATHLETICA (CONSIGNMENT)
23/01/2026,DRI-FIT NEW,2,JYL ATHLETICA (CONSIGNMENT)
23/01/2026,Poloshirt 123456 @860,1,JYL ATHLETICA (CONSIGNMENT)
23/01/2026,Poloshirt @800,2,JYL ATHLETICA (CONSIGNMENT)
23/01/2026,"QUIANA SUBLI SHIRT (B&Y), 2 TONED",9,JYL ATHLETICA (CONSIGNMENT)
23/01/2026,Tiger Paw Keychain @375,5,MADEBYRUZ CONSUMER GOODS TRADING (CONSIGNMENT)
23/01/2026,"Ballpen 3 Designs @50 (B,Y,W)",11,STITCH CORP. (BLEEVES PAID)
23/01/2026,Bamboo Notebook @150,1,STITCH CORP. (BLEEVES PAID)
23/01/2026,Bamboo Pen @60,7,STITCH CORP. (BLEEVES PAID)
23/01/2026,Corp Jacket V2,4,STITCH CORP. (BLEEVES PAID)
23/01/2026,Kraft Notebook @130,2,STITCH CORP. (BLEEVES PAID)
23/01/2026,Logo Keychain @200,2,TET AND DARS (PAID)
23/01/2026,Logo Sticker @30,3,TET AND DARS (PAID)
23/01/2026,"Oversized shirt (V,B) @650",3,THREADMARKED (CONSIGNMENT)
23/01/2026,"Hoodie UST embro (V,G,Y,B) @1800",3,THREADMARKED (PAID)
23/01/2026,5M Rotating Keychain,3,USTORE (PAID)
23/01/2026,Aquaflask,5,USTORE (PAID)
23/01/2026,Automatic Umbrella,1,USTORE (PAID)
23/01/2026,Black Eco Bag,1,USTORE (PAID)
23/01/2026,Button Pin (Big),1,USTORE (PAID)
23/01/2026,C. Keychain,3,USTORE (PAID)
23/01/2026,MJ Sticker Large,3,USTORE (PAID)
23/01/2026,MJ Sticker Medium,9,USTORE (PAID)
23/01/2026,MJ Sticker Small,3,USTORE (PAID)
23/01/2026,Tiger Plushie Small,2,USTORE (PAID)
23/01/2026,Tote Viva Santo Tomas,2,USTORE (PAID)
23/01/2026,Utensils,2,USTORE (PAID)
23/01/2026,Yellow Lanyard,4,USTORE (PAID)
23/01/2026,Yellow Notebook,1,USTORE (PAID)
23/01/2026,Keychain,2,VARSITY LIFESTYLE (CONSIGNMENT)
23/01/2026,Lanyard,2,VARSITY LIFESTYLE (CONSIGNMENT)
23/01/2026,New GT Shirts,1,VARSITY LIFESTYLE (CONSIGNMENT)
23/01/2026,"Y,B VL UST",22,VARSITY LIFESTYLE (CONSIGNMENT)
25/01/2026,Black Embro,3,BLAZE (CONSIGNMENT)
25/01/2026,Shirts all @450 UPSIZE (3XL-4XL),5,JUC (CONSIGNMENT)
25/01/2026,UST College ID Lace,97,JUC (CONSIGNMENT)
25/01/2026,UST OAT Hoodie Jacket,20,JUC (CONSIGNMENT)
25/01/2026,UST OAT MUG (Pure Black),5,JUC (CONSIGNMENT)
25/01/2026,"UST OAT MUG (Y,W,B)",18,JUC (CONSIGNMENT)
25/01/2026,UST OAT T-Shirt Y/B/COLLEGE,70,JUC (CONSIGNMENT)
25/01/2026,UST Sweatshirt Sporty,8,JUC (CONSIGNMENT)
25/01/2026,UST T-Shirt Santo Tomas Shirt/UST T-Shirt Tiger Pattern/HAPPY,171,JUC (CONSIGNMENT)
25/01/2026,Corp Jacket V3,14,JYL ATHLETICA (CONSIGNMENT)
25/01/2026,Cotton Black Jacket,3,JYL ATHLETICA (CONSIGNMENT)
25/01/2026,Jacket,4,JYL ATHLETICA (CONSIGNMENT)
25/01/2026,"QUIANA SUBLI SHIRT (B&Y), 2 TONED",73,JYL ATHLETICA (CONSIGNMENT)
25/01/2026,Tiger Headband (2 Designs),86,MADEBYRUZ CONSUMER GOODS TRADING (CONSIGNMENT)
25/01/2026,Tiger Paw Keychain @375,182,MADEBYRUZ CONSUMER GOODS TRADING (CONSIGNMENT)
25/01/2026,Go Fight UST Shirt,14,SHIRT HAPPENS
25/01/2026,Wearable Blanket,2,STITCH CORP. (BLEEVES CONSIGNMENT)
25/01/2026,"Ballpen 3 Designs @50 (B,Y,W)",190,STITCH CORP. (BLEEVES PAID)
25/01/2026,Bamboo Notebook @150,7,STITCH CORP. (BLEEVES PAID)
25/01/2026,Bamboo Pen @60,35,STITCH CORP. (BLEEVES PAID)
25/01/2026,Logo Keychain @200,90,TET AND DARS (PAID)
25/01/2026,Logo Sticker @30,6,TET AND DARS (PAID)
25/01/2026,Long Sticker @120,20,TET AND DARS (PAID)
25/01/2026,Pen @40,58,TET AND DARS (PAID)
25/01/2026,"Go USTE (W,Y,B) @450",33,THREADMARKED (CONSIGNMENT)
25/01/2026,"Oversized shirt (V,B) @650",29,THREADMARKED (CONSIGNMENT)
25/01/2026,"Hoodie UST embro (V,G,Y,B) @1800",29,THREADMARKED (PAID)
25/01/2026,Two-toned windbreaker @1700,18,THREADMARKED (PAID)
25/01/2026,5M Rotating Keychain,163,USTORE (PAID)
25/01/2026,Automatic Umbrella,29,USTORE (PAID)
25/01/2026,Black Eco Bag,74,USTORE (PAID)
25/01/2026,Button Pin (Big),51,USTORE (PAID)
25/01/2026,Button Pin (Small),53,USTORE (PAID)
25/01/2026,Chibi Stickers,39,USTORE (PAID)
25/01/2026,ID Case v2 @40,11,USTORE (PAID)
25/01/2026,Insignia Pen,4,USTORE (PAID)
25/01/2026,Lanyard @180,361,USTORE (PAID)
25/01/2026,Pencil,4,USTORE (PAID)
25/01/2026,Stainless Eco Tumbler,1,USTORE (PAID)
25/01/2026,Tiger Plushie Small,12,USTORE (PAID)
25/01/2026,Tote Bag Canvas White @160,63,USTORE (PAID)
25/01/2026,Tote Viva Santo Tomas,33,USTORE (PAID)
25/01/2026,Yellow Lanyard,100,USTORE (PAID)
25/01/2026,Yellow Notebook,36,USTORE (PAID)
25/01/2026,Keychain,44,VARSITY LIFESTYLE (CONSIGNMENT)
25/01/2026,Lanyard,74,VARSITY LIFESTYLE (CONSIGNMENT)
25/01/2026,Long Sticker,3,VARSITY LIFESTYLE (CONSIGNMENT)
25/01/2026,Scarves,22,VARSITY LIFESTYLE (CONSIGNMENT)
25/01/2026,VL Sticker Pack,28,VARSITY LIFESTYLE (CONSIGNMENT)
25/01/2026,"Y,B VL UST",51,VARSITY LIFESTYLE (CONSIGNMENT)
27/01/2026,Polo Shirt @800,1,BLAZE (CONSIGNMENT)
27/01/2026,UST College ID Lace,7,JUC (CONSIGNMENT)
27/01/2026,UST OAT Hoodie Jacket,1,JUC (CONSIGNMENT)
27/01/2026,"UST OAT MUG (Y,W,B)",2,JUC (CONSIGNMENT)
27/01/2026,UST OAT T-Shirt Y/B/COLLEGE,8,JUC (CONSIGNMENT)
27/01/2026,UST Sweatshirt Sporty,2,JUC (CONSIGNMENT)
27/01/2026,UST T-Shirt Santo Tomas Shirt/UST T-Shirt Tiger Pattern/HAPPY,10,JUC (CONSIGNMENT)
27/01/2026,UST T-Shirt Sporty,3,JUC (CONSIGNMENT)
27/01/2026,"Baseball Shirt (Y,W)",1,JYL ATHLETICA (CONSIGNMENT)
27/01/2026,Corp Jacket V3,4,JYL ATHLETICA (CONSIGNMENT)
27/01/2026,Cotton Gray Jacket,1,JYL ATHLETICA (CONSIGNMENT)
27/01/2026,Jacket,1,JYL ATHLETICA (CONSIGNMENT)
27/01/2026,Machete V2,1,JYL ATHLETICA (CONSIGNMENT)
27/01/2026,Poloshirt 123456 @860,1,JYL ATHLETICA (CONSIGNMENT)
27/01/2026,Poloshirt @800,2,JYL ATHLETICA (CONSIGNMENT)
27/01/2026,"QUIANA SUBLI SHIRT (B&Y), 2 TONED",4,JYL ATHLETICA (CONSIGNMENT)
27/01/2026,Tiger Paw Keychain @375,1,MADEBYRUZ CONSUMER GOODS TRADING (CONSIGNMENT)
27/01/2026,Back Pack,1,NAPOLIZ ENTERPRISES (CONSIGNMENT)
27/01/2026,Hoodies Breaker,5,NAPOLIZ ENTERPRISES (CONSIGNMENT)
27/01/2026,Laptop Bag,1,NAPOLIZ ENTERPRISES (CONSIGNMENT)
27/01/2026,Clock @700,1,STITCH CORP. (BLEEVES CONSIGNMENT)
27/01/2026,"Ballpen 3 Designs @50 (B,Y,W)",5,STITCH CORP. (BLEEVES PAID)
27/01/2026,Bamboo Notebook @150,1,STITCH CORP. (BLEEVES PAID)
27/01/2026,Corp Jacket V2,1,STITCH CORP. (BLEEVES PAID)
27/01/2026,"Go USTE (W,Y,B) @450",1,THREADMARKED (CONSIGNMENT)
27/01/2026,"Oversized shirt (V,B) @650",1,THREADMARKED (CONSIGNMENT)
27/01/2026,"Hoodie UST embro (V,G,Y,B) @1800",4,THREADMARKED (PAID)
27/01/2026,Two-toned windbreaker @1700,1,THREADMARKED (PAID)
27/01/2026,5M Rotating Keychain,3,USTORE (PAID)
27/01/2026,Automatic Umbrella,5,USTORE (PAID)
27/01/2026,Black Eco Bag,1,USTORE (PAID)
27/01/2026,C. Keychain,2,USTORE (PAID)
27/01/2026,Chibi Stickers,1,USTORE (PAID)
27/01/2026,ID Case v2 @40,2,USTORE (PAID)
27/01/2026,Insignia Pen,1,USTORE (PAID)
27/01/2026,Lanyard @180,15,USTORE (PAID)
27/01/2026,MJ Charger,1,USTORE (PAID)
27/01/2026,MJ Sticker Medium,1,USTORE (PAID)
27/01/2026,MJ Sticker Small,2,USTORE (PAID)
27/01/2026,Notelet,2,USTORE (PAID)
27/01/2026,Tote Bag Canvas White @160,2,USTORE (PAID)
27/01/2026,Tote Viva Santo Tomas,1,USTORE (PAID)
27/01/2026,Utensils,18,USTORE (PAID)
27/01/2026,Lanyard,1,VARSITY LIFESTYLE (CONSIGNMENT)
27/01/2026,VL Sticker Pack,1,VARSITY LIFESTYLE (CONSIGNMENT)
27/01/2026,"Y,B VL UST",8,VARSITY LIFESTYLE (CONSIGNMENT)
29/01/2026,Polo Shirt @800,2,BLAZE (CONSIGNMENT)
29/01/2026,UST College ID Lace,14,JUC (CONSIGNMENT)
29/01/2026,UST OAT Hoodie Jacket,1,JUC (CONSIGNMENT)
29/01/2026,UST OAT T-Shirt Y/B/COLLEGE,12,JUC (CONSIGNMENT)
29/01/2026,UST Sweatshirt Sporty,1,JUC (CONSIGNMENT)
29/01/2026,UST T-Shirt Santo Tomas Shirt/UST T-Shirt Tiger Pattern/HAPPY,8,JUC (CONSIGNMENT)
29/01/2026,UST T-Shirt Sporty,6,JUC (CONSIGNMENT)
29/01/2026,Corp Jacket V3,1,JYL ATHLETICA (CONSIGNMENT)
29/01/2026,Cotton Black Jacket,1,JYL ATHLETICA (CONSIGNMENT)
29/01/2026,Cotton Brush Jacket,1,JYL ATHLETICA (CONSIGNMENT)
29/01/2026,DRI-FIT NEW,1,JYL ATHLETICA (CONSIGNMENT)
29/01/2026,Poloshirt 123456 @860,2,JYL ATHLETICA (CONSIGNMENT)
29/01/2026,Poloshirt @800,1,JYL ATHLETICA (CONSIGNMENT)
29/01/2026,"QUIANA SUBLI SHIRT (B&Y), 2 TONED",3,JYL ATHLETICA (CONSIGNMENT)
29/01/2026,Tiger Paw Keychain @375,1,MADEBYRUZ CONSUMER GOODS TRADING (CONSIGNMENT)
29/01/2026,Back Pack,1,NAPOLIZ ENTERPRISES (CONSIGNMENT)
29/01/2026,"Ballpen 3 Designs @50 (B,Y,W)",2,STITCH CORP. (BLEEVES PAID)
29/01/2026,Bamboo Notebook @150,1,STITCH CORP. (BLEEVES PAID)
29/01/2026,Corp Jacket V2,1,STITCH CORP. (BLEEVES PAID)
29/01/2026,Arch @350,1,TET AND DARS (PAID)
29/01/2026,Pen @40,3,TET AND DARS (PAID)
29/01/2026,"Go USTE (W,Y,B) @450",1,THREADMARKED (CONSIGNMENT)
29/01/2026,"Oversized shirt (V,B) @650",3,THREADMARKED (CONSIGNMENT)
29/01/2026,"Hoodie UST embro (V,G,Y,B) @1800",7,THREADMARKED (PAID)
29/01/2026,Two-toned windbreaker @1700,2,THREADMARKED (PAID)
29/01/2026,5M Rotating Keychain,4,USTORE (PAID)
29/01/2026,C. Keychain,2,USTORE (PAID)
29/01/2026,ID Case v2 @40,1,USTORE (PAID)
29/01/2026,Lanyard @180,16,USTORE (PAID)
29/01/2026,MJ Sticker Medium,7,USTORE (PAID)
29/01/2026,MJ Sticker Small,8,USTORE (PAID)
29/01/2026,Tiger Plushie Small,4,USTORE (PAID)
29/01/2026,Tote Viva Santo Tomas,1,USTORE (PAID)
29/01/2026,Keychain,2,VARSITY LIFESTYLE (CONSIGNMENT)
29/01/2026,"Y,B VL UST",3,VARSITY LIFESTYLE (CONSIGNMENT)
30/01/2026,Shirts all @450 UPSIZE (3XL-4XL),2,JUC (CONSIGNMENT)
30/01/2026,UST College ID Lace,25,JUC (CONSIGNMENT)
30/01/2026,UST OAT Hoodie Jacket,1,JUC (CONSIGNMENT)
30/01/2026,UST OAT T-Shirt Y/B/COLLEGE,5,JUC (CONSIGNMENT)
30/01/2026,UST Sweatshirt Sporty,1,JUC (CONSIGNMENT)
30/01/2026,UST T-Shirt Santo Tomas Shirt/UST T-Shirt Tiger Pattern/HAPPY,13,JUC (CONSIGNMENT)
30/01/2026,UST T-Shirt Sporty,1,JUC (CONSIGNMENT)
30/01/2026,"Baseball Shirt (Y,W)",2,JYL ATHLETICA (CONSIGNMENT)
30/01/2026,Corp Jacket,1,JYL ATHLETICA (CONSIGNMENT)
30/01/2026,Corp Jacket V3,3,JYL ATHLETICA (CONSIGNMENT)
30/01/2026,"QUIANA SUBLI SHIRT (B&Y), 2 TONED",2,JYL ATHLETICA (CONSIGNMENT)
30/01/2026,Small Mystery Car,2,MADEBYRUZ CONSUMER GOODS TRADING (CONSIGNMENT)
30/01/2026,Tiger Paw Keychain @375,2,MADEBYRUZ CONSUMER GOODS TRADING (CONSIGNMENT)
30/01/2026,Tiger w/ Box,8,STITCH CORP. (BLEEVES CONSIGNMENT)
30/01/2026,"Ballpen 3 Designs @50 (B,Y,W)",9,STITCH CORP. (BLEEVES PAID)
30/01/2026,Bamboo Notebook @150,2,STITCH CORP. (BLEEVES PAID)
30/01/2026,Bamboo Pen @60,1,STITCH CORP. (BLEEVES PAID)
30/01/2026,Logo Sticker @30,1,TET AND DARS (PAID)
30/01/2026,Long Sticker @120,1,TET AND DARS (PAID)
30/01/2026,Pen @40,1,TET AND DARS (PAID)
30/01/2026,"Go USTE (W,Y,B) @450",3,THREADMARKED (CONSIGNMENT)
30/01/2026,"Oversized shirt (V,B) @650",2,THREADMARKED (CONSIGNMENT)
30/01/2026,"Hoodie UST embro (V,G,Y,B) @1800",1,THREADMARKED (PAID)
30/01/2026,Two-toned windbreaker @1700,1,THREADMARKED (PAID)
30/01/2026,280ml Desk Mug / MCIA028,1,TIGER FLASK
30/01/2026,500ML Tumbler (MTA-T050) For Carbonated Drinks,1,TIGER FLASK
30/01/2026,5M Rotating Keychain,7,USTORE (PAID)
30/01/2026,Aquaflask,2,USTORE (PAID)
30/01/2026,Black Eco Bag,6,USTORE (PAID)
30/01/2026,Blanca Pen,1,USTORE (PAID)
30/01/2026,Button Pin (Big),1,USTORE (PAID)
30/01/2026,C. Keychain,5,USTORE (PAID)
30/01/2026,Chibi Stickers,2,USTORE (PAID)
30/01/2026,ID Case v2 @40,5,USTORE (PAID)
30/01/2026,Lanyard @180,20,USTORE (PAID)
30/01/2026,MJ Sticker Large,4,USTORE (PAID)
30/01/2026,MJ Sticker Medium,3,USTORE (PAID)
30/01/2026,MJ Sticker Small,1,USTORE (PAID)
30/01/2026,Pencil,1,USTORE (PAID)
30/01/2026,Picasso Pen,6,USTORE (PAID)
30/01/2026,Scarf @490,1,USTORE (PAID)
30/01/2026,Tote Bag Canvas White @160,1,USTORE (PAID)
30/01/2026,Tote Viva Santo Tomas,1,USTORE (PAID)
30/01/2026,Keychain,3,VARSITY LIFESTYLE (CONSIGNMENT)
30/01/2026,Lanyard,2,VARSITY LIFESTYLE (CONSIGNMENT)
30/01/2026,"Y,B VL UST",3,VARSITY LIFESTYLE (CONSIGNMENT)
31/01/2026,Black Embro,1,BLAZE (CONSIGNMENT)
31/01/2026,Polo Shirt @800,1,BLAZE (CONSIGNMENT)
31/01/2026,White Embro,1,BLAZE (CONSIGNMENT)
31/01/2026,Shirts all @450 UPSIZE (3XL-4XL),4,JUC (CONSIGNMENT)
31/01/2026,Shirts all @450 UPSIZE (5XL),1,JUC (CONSIGNMENT)
31/01/2026,UST College ID Lace,12,JUC (CONSIGNMENT)
31/01/2026,UST OAT Hoodie Jacket,3,JUC (CONSIGNMENT)
31/01/2026,UST OAT T-Shirt Y/B/COLLEGE,7,JUC (CONSIGNMENT)
31/01/2026,UST T-Shirt Santo Tomas Shirt/UST T-Shirt Tiger Pattern/HAPPY,59,JUC (CONSIGNMENT)
31/01/2026,UST T-Shirt Sporty,33,JUC (CONSIGNMENT)
31/01/2026,DRI-FIT NEW,3,JYL ATHLETICA (CONSIGNMENT)
31/01/2026,Jacket,2,JYL ATHLETICA (CONSIGNMENT)
31/01/2026,Machete V2,7,JYL ATHLETICA (CONSIGNMENT)
31/01/2026,"QUIANA SUBLI SHIRT (B&Y), 2 TONED",48,JYL ATHLETICA (CONSIGNMENT)
31/01/2026,Hoodies Breaker,17,NAPOLIZ ENTERPRISES (CONSIGNMENT)
31/01/2026,Go Fight UST Shirt,3,SHIRT HAPPENS
31/01/2026,Tiger w/ Box,9,STITCH CORP. (BLEEVES CONSIGNMENT)
31/01/2026,"Ballpen 3 Designs @50 (B,Y,W)",65,STITCH CORP. (BLEEVES PAID)
31/01/2026,Corp Jacket V2,3,STITCH CORP. (BLEEVES PAID)
31/01/2026,Logo Keychain @200,2,TET AND DARS (PAID)
31/01/2026,Logo Sticker @30,4,TET AND DARS (PAID)
31/01/2026,"Go USTE (W,Y,B) @450",41,THREADMARKED (CONSIGNMENT)
31/01/2026,"Oversized shirt (V,B) @650",34,THREADMARKED (CONSIGNMENT)
31/01/2026,"Hoodie UST embro (V,G,Y,B) @1800",4,THREADMARKED (PAID)
31/01/2026,5M Rotating Keychain,115,USTORE (PAID)
31/01/2026,Button Pin (Big),16,USTORE (PAID)
31/01/2026,Button Pin (Small),2,USTORE (PAID)
31/01/2026,Chibi Stickers,16,USTORE (PAID)
31/01/2026,Lanyard @180,34,USTORE (PAID)
31/01/2026,Notelet,31,USTORE (PAID)
31/01/2026,Scarf @490,2,USTORE (PAID)
31/01/2026,Yellow Notebook,8,USTORE (PAID)
31/01/2026,Keychain,9,VARSITY LIFESTYLE (CONSIGNMENT)
31/01/2026,Long Sticker,3,VARSITY LIFESTYLE (CONSIGNMENT)
31/01/2026,New GT Shirts,9,VARSITY LIFESTYLE (CONSIGNMENT)
31/01/2026,Sweatshirt (NEW),3,VARSITY LIFESTYLE (CONSIGNMENT)
31/01/2026,USTWBT Championship Shirt 2025,2,VARSITY LIFESTYLE (CONSIGNMENT)
31/01/2026,VL Sticker Pack,19,VARSITY LIFESTYLE (CONSIGNMENT)
31/01/2026,"Y,B VL UST",5,VARSITY LIFESTYLE (CONSIGNMENT)
01/02/2026,Shirts all @450 UPSIZE (3XL-4XL),1,JUC (CONSIGNMENT)
01/02/2026,UST OAT Hoodie Jacket,16,JUC (CONSIGNMENT)
01/02/2026,"UST OAT MUG (Y,W,B)",7,JUC (CONSIGNMENT)
01/02/2026,UST OAT T-Shirt Y/B/COLLEGE,60,JUC (CONSIGNMENT)
01/02/2026,UST Sweatshirt Sporty,6,JUC (CONSIGNMENT)
01/02/2026,UST T-Shirt Santo Tomas Shirt/UST T-Shirt Tiger Pattern/HAPPY,106,JUC (CONSIGNMENT)
01/02/2026,UST T-Shirt Sporty,25,JUC (CONSIGNMENT)
01/02/2026,Corp Jacket V3,13,JYL ATHLETICA (CONSIGNMENT)
01/02/2026,DRI-FIT NEW,1,JYL ATHLETICA (CONSIGNMENT)
01/02/2026,"QUIANA SUBLI SHIRT (B&Y), 2 TONED",45,JYL ATHLETICA (CONSIGNMENT)
01/02/2026,Tiger Headband (2 Designs),55,MADEBYRUZ CONSUMER GOODS TRADING (CONSIGNMENT)
01/02/2026,Tiger Paw Keychain @375,55,MADEBYRUZ CONSUMER GOODS TRADING (CONSIGNMENT)
01/02/2026,Hoodies Breaker,4,NAPOLIZ ENTERPRISES (CONSIGNMENT)
01/02/2026,Go Fight UST Shirt,5,SHIRT HAPPENS
01/02/2026,Tiger w/ Box,16,STITCH CORP. (BLEEVES CONSIGNMENT)
01/02/2026,"Ballpen 3 Designs @50 (B,Y,W)",89,STITCH CORP. (BLEEVES PAID)
01/02/2026,Bamboo Notebook @150,7,STITCH CORP. (BLEEVES PAID)
01/02/2026,Bamboo Pen @60,8,STITCH CORP. (BLEEVES PAID)
01/02/2026,Logo Sticker @30,11,TET AND DARS (PAID)
01/02/2026,Long Sticker @120,13,TET AND DARS (PAID)
01/02/2026,Pen @40,34,TET AND DARS (PAID)
01/02/2026,"Go USTE (W,Y,B) @450",10,THREADMARKED (CONSIGNMENT)
01/02/2026,"Keep Growling OS (B,V)",18,THREADMARKED (CONSIGNMENT)
01/02/2026,"Oversized shirt (V,B) @650",9,THREADMARKED (CONSIGNMENT)
01/02/2026,"UST Embro OS (B,V)",41,THREADMARKED (CONSIGNMENT)
01/02/2026,"Hoodie UST embro (V,G,Y,B) @1800",22,THREADMARKED (PAID)
01/02/2026,Two-toned windbreaker @1700,7,THREADMARKED (PAID)
01/02/2026,5M Rotating Keychain,71,USTORE (PAID)
01/02/2026,Aquaflask,2,USTORE (PAID)
01/02/2026,Automatic Umbrella,22,USTORE (PAID)
01/02/2026,Black Eco Bag,44,USTORE (PAID)
01/02/2026,Button Pin (Big),96,USTORE (PAID)
01/02/2026,Chibi Stickers,26,USTORE (PAID)
01/02/2026,ID Case v2 @40,4,USTORE (PAID)
01/02/2026,Lanyard @180,237,USTORE (PAID)
01/02/2026,Pencil,2,USTORE (PAID)
01/02/2026,Tiger Plushie Small,10,USTORE (PAID)
01/02/2026,Tote Bag Canvas White @160,20,USTORE (PAID)
01/02/2026,Tote Viva Santo Tomas,21,USTORE (PAID)
01/02/2026,Utensils,1,USTORE (PAID)
01/02/2026,Yellow Notebook,22,USTORE (PAID)
01/02/2026,Keychain,58,VARSITY LIFESTYLE (CONSIGNMENT)
01/02/2026,Lanyard,82,VARSITY LIFESTYLE (CONSIGNMENT)
01/02/2026,Sweatshirt (NEW),2,VARSITY LIFESTYLE (CONSIGNMENT)
01/02/2026,VL Sticker Pack,18,VARSITY LIFESTYLE (CONSIGNMENT)
01/02/2026,"Y,B VL UST",19,VARSITY LIFESTYLE (CONSIGNMENT)
05/02/2026,Black Embro,2,BLAZE (CONSIGNMENT)
05/02/2026,Shirts all @450 UPSIZE (3XL-4XL),1,JUC (CONSIGNMENT)
05/02/2026,UST College ID Lace,6,JUC (CONSIGNMENT)
05/02/2026,UST OAT Hoodie Jacket,2,JUC (CONSIGNMENT)
05/02/2026,UST OAT MUG (Pure Black),1,JUC (CONSIGNMENT)
05/02/2026,"UST OAT MUG (Y,W,B)",3,JUC (CONSIGNMENT)
05/02/2026,UST OAT T-Shirt Y/B/COLLEGE,4,JUC (CONSIGNMENT)
05/02/2026,UST Sweatshirt Sporty,1,JUC (CONSIGNMENT)
05/02/2026,UST T-Shirt Santo Tomas Shirt/UST T-Shirt Tiger Pattern/HAPPY,3,JUC (CONSIGNMENT)
05/02/2026,UST T-Shirt Sporty,1,JUC (CONSIGNMENT)
05/02/2026,Corp Jacket V3,1,JYL ATHLETICA (CONSIGNMENT)
05/02/2026,Cotton Brush Jacket,2,JYL ATHLETICA (CONSIGNMENT)
05/02/2026,Jacket,1,JYL ATHLETICA (CONSIGNMENT)
05/02/2026,Machete V2,1,JYL ATHLETICA (CONSIGNMENT)
05/02/2026,Poloshirt 123456 @860,1,JYL ATHLETICA (CONSIGNMENT)
05/02/2026,Poloshirt @800,1,JYL ATHLETICA (CONSIGNMENT)
05/02/2026,"QUIANA SUBLI SHIRT (B&Y), 2 TONED",1,JYL ATHLETICA (CONSIGNMENT)
05/02/2026,Tiger Paw Keychain @375,1,MADEBYRUZ CONSUMER GOODS TRADING (CONSIGNMENT)
05/02/2026,Hoodies Breaker,1,NAPOLIZ ENTERPRISES (CONSIGNMENT)
05/02/2026,Go Fight UST Shirt,1,SHIRT HAPPENS
05/02/2026,Tiger w/ Box,6,STITCH CORP. (BLEEVES CONSIGNMENT)
05/02/2026,"Ballpen 3 Designs @50 (B,Y,W)",1,STITCH CORP. (BLEEVES PAID)
05/02/2026,Bamboo Notebook @150,3,STITCH CORP. (BLEEVES PAID)
05/02/2026,Arch @350,1,TET AND DARS (PAID)
05/02/2026,Logo Sticker @30,1,TET AND DARS (PAID)
05/02/2026,Long Sticker @120,1,TET AND DARS (PAID)
05/02/2026,Pen @40,1,TET AND DARS (PAID)
05/02/2026,"Keep Growling OS (B,V)",5,THREADMARKED (CONSIGNMENT)
05/02/2026,"Oversized shirt (V,B) @650",1,THREADMARKED (CONSIGNMENT)
05/02/2026,"Hoodie UST embro (V,G,Y,B) @1800",1,THREADMARKED (PAID)
05/02/2026,Two-toned windbreaker @1700,1,THREADMARKED (PAID)
05/02/2026,Aquaflask,1,USTORE (PAID)
05/02/2026,Automatic Umbrella,1,USTORE (PAID)
05/02/2026,Black Eco Bag,1,USTORE (PAID)
05/02/2026,Blanca Pen,3,USTORE (PAID)
05/02/2026,C. Keychain,3,USTORE (PAID)
05/02/2026,College Sticker @120,3,USTORE (PAID)
05/02/2026,ID Case v2 @40,4,USTORE (PAID)
05/02/2026,Insignia Pen,1,USTORE (PAID)
05/02/2026,Lanyard @180,26,USTORE (PAID)
05/02/2026,MJ Sticker Large,2,USTORE (PAID)
05/02/2026,MJ Sticker Medium,2,USTORE (PAID)
05/02/2026,MJ Sticker Small,1,USTORE (PAID)
05/02/2026,Tiger Plushie Small,3,USTORE (PAID)
05/02/2026,Tote Bag Canvas White @160,3,USTORE (PAID)
05/02/2026,Tote Viva Santo Tomas,2,USTORE (PAID)
05/02/2026,Yellow Notebook,2,USTORE (PAID)
05/02/2026,Lanyard,2,VARSITY LIFESTYLE (CONSIGNMENT)
05/02/2026,New GT Shirts,2,VARSITY LIFESTYLE (CONSIGNMENT)
05/02/2026,VL Sticker Pack,1,VARSITY LIFESTYLE (CONSIGNMENT)
05/02/2026,"Y,B VL UST",2,VARSITY LIFESTYLE (CONSIGNMENT)
06/02/2026,Triple Black Embro,2,BLAZE (CONSIGNMENT)
06/02/2026,UST College ID Lace,11,JUC (CONSIGNMENT)
06/02/2026,UST OAT Hoodie Jacket,2,JUC (CONSIGNMENT)
06/02/2026,UST OAT MUG (Pure Black),1,JUC (CONSIGNMENT)
06/02/2026,"UST OAT MUG (Y,W,B)",2,JUC (CONSIGNMENT)
06/02/2026,UST OAT T-Shirt Y/B/COLLEGE,21,JUC (CONSIGNMENT)
06/02/2026,UST T-Shirt Santo Tomas Shirt/UST T-Shirt Tiger Pattern/HAPPY,11,JUC (CONSIGNMENT)
06/02/2026,UST T-Shirt Sporty,7,JUC (CONSIGNMENT)
06/02/2026,Corp Jacket,2,JYL ATHLETICA (CONSIGNMENT)
06/02/2026,Corp Jacket V3,1,JYL ATHLETICA (CONSIGNMENT)
06/02/2026,Cotton Black Jacket,2,JYL ATHLETICA (CONSIGNMENT)
06/02/2026,Jacket,2,JYL ATHLETICA (CONSIGNMENT)
06/02/2026,Machete V2,1,JYL ATHLETICA (CONSIGNMENT)
06/02/2026,Poloshirt 123456 @860,2,JYL ATHLETICA (CONSIGNMENT)
06/02/2026,Poloshirt @800,2,JYL ATHLETICA (CONSIGNMENT)
06/02/2026,"QUIANA SUBLI SHIRT (B&Y), 2 TONED",1,JYL ATHLETICA (CONSIGNMENT)
06/02/2026,Tiger Paw Keychain @375,4,MADEBYRUZ CONSUMER GOODS TRADING (CONSIGNMENT)
06/02/2026,Hoodies Breaker,1,NAPOLIZ ENTERPRISES (CONSIGNMENT)
06/02/2026,Tiger w/ Box,6,STITCH CORP. (BLEEVES CONSIGNMENT)
06/02/2026,Wearable Blanket,1,STITCH CORP. (BLEEVES CONSIGNMENT)
06/02/2026,"Ballpen 3 Designs @50 (B,Y,W)",12,STITCH CORP. (BLEEVES PAID)
06/02/2026,Bamboo Notebook @150,13,STITCH CORP. (BLEEVES PAID)
06/02/2026,Bamboo Pen @60,2,STITCH CORP. (BLEEVES PAID)
06/02/2026,Corp Jacket V2,1,STITCH CORP. (BLEEVES PAID)
06/02/2026,Arch @350,2,TET AND DARS (PAID)
06/02/2026,Logo Sticker @30,1,TET AND DARS (PAID)
06/02/2026,Long Sticker @120,1,TET AND DARS (PAID)
06/02/2026,Pen @40,1,TET AND DARS (PAID)
06/02/2026,"Go USTE (W,Y,B) @450",3,THREADMARKED (CONSIGNMENT)
06/02/2026,"Keep Growling OS (B,V)",2,THREADMARKED (CONSIGNMENT)
06/02/2026,"Oversized shirt (V,B) @650",2,THREADMARKED (CONSIGNMENT)
06/02/2026,"UST Embro OS (B,V)",2,THREADMARKED (CONSIGNMENT)
06/02/2026,"Hoodie UST embro (V,G,Y,B) @1800",2,THREADMARKED (PAID)
06/02/2026,Automatic Umbrella,2,USTORE (PAID)
06/02/2026,ID Case v2 @40,5,USTORE (PAID)
06/02/2026,Insignia Pen,3,USTORE (PAID)
06/02/2026,Lanyard @180,20,USTORE (PAID)
06/02/2026,MJ Sticker Medium,8,USTORE (PAID)
06/02/2026,MJ Sticker Small,5,USTORE (PAID)
06/02/2026,Notelet,1,USTORE (PAID)
06/02/2026,Picasso Pen,1,USTORE (PAID)
06/02/2026,Tiger Plushie Small,1,USTORE (PAID)
06/02/2026,Tote Viva Santo Tomas,7,USTORE (PAID)
06/02/2026,Utensils,1,USTORE (PAID)
06/02/2026,Yellow Notebook,1,USTORE (PAID)
06/02/2026,Keychain,2,VARSITY LIFESTYLE (CONSIGNMENT)
06/02/2026,Lanyard,1,VARSITY LIFESTYLE (CONSIGNMENT)
06/02/2026,Long Sticker,12,VARSITY LIFESTYLE (CONSIGNMENT)
06/02/2026,"Y,B VL UST",4,VARSITY LIFESTYLE (CONSIGNMENT)
07/02/2026,Black Embro,1,BLAZE (CONSIGNMENT)
07/02/2026,UST College ID Lace,7,JUC (CONSIGNMENT)
07/02/2026,"UST OAT MUG (Y,W,B)",2,JUC (CONSIGNMENT)
07/02/2026,UST OAT T-Shirt Y/B/COLLEGE,4,JUC (CONSIGNMENT)
07/02/2026,UST Sweatshirt Sporty,1,JUC (CONSIGNMENT)
07/02/2026,UST T-Shirt Santo Tomas Shirt/UST T-Shirt Tiger Pattern/HAPPY,8,JUC (CONSIGNMENT)
07/02/2026,UST T-Shirt Sporty,2,JUC (CONSIGNMENT)
07/02/2026,Corp Jacket V3,1,JYL ATHLETICA (CONSIGNMENT)
07/02/2026,Poloshirt 123456 @860,1,JYL ATHLETICA (CONSIGNMENT)
07/02/2026,Small Mystery Car,1,MADEBYRUZ CONSUMER GOODS TRADING (CONSIGNMENT)
07/02/2026,Tiger Paw Keychain @375,1,MADEBYRUZ CONSUMER GOODS TRADING (CONSIGNMENT)
07/02/2026,Hoodies Breaker,1,NAPOLIZ ENTERPRISES (CONSIGNMENT)
07/02/2026,Go Fight UST Shirt,1,SHIRT HAPPENS
07/02/2026,"Ballpen 3 Designs @50 (B,Y,W)",8,STITCH CORP. (BLEEVES PAID)
07/02/2026,Bamboo Pen @60,1,STITCH CORP. (BLEEVES PAID)
07/02/2026,Corp Jacket V2,1,STITCH CORP. (BLEEVES PAID)
07/02/2026,Logo Sticker @30,3,TET AND DARS (PAID)
07/02/2026,Long Sticker @120,2,TET AND DARS (PAID)
07/02/2026,"Go USTE (W,Y,B) @450",1,THREADMARKED (CONSIGNMENT)
07/02/2026,"Keep Growling OS (B,V)",1,THREADMARKED (CONSIGNMENT)
07/02/2026,"UST Embro OS (B,V)",4,THREADMARKED (CONSIGNMENT)
07/02/2026,"Hoodie UST embro (V,G,Y,B) @1800",2,THREADMARKED (PAID)
07/02/2026,Automatic Umbrella,2,USTORE (PAID)
07/02/2026,Button Pin (Big),1,USTORE (PAID)
07/02/2026,Chibi Stickers,1,USTORE (PAID)
07/02/2026,ID Case v2 @40,1,USTORE (PAID)
07/02/2026,Insignia Pen,1,USTORE (PAID)
07/02/2026,Lanyard @180,8,USTORE (PAID)
07/02/2026,MJ Sticker Large,3,USTORE (PAID)
07/02/2026,MJ Sticker Medium,2,USTORE (PAID)
07/02/2026,MJ Sticker Small,5,USTORE (PAID)
07/02/2026,Notelet,10,USTORE (PAID)
07/02/2026,Picasso Pen,1,USTORE (PAID)
07/02/2026,Tote Bag Canvas White @160,1,USTORE (PAID)
07/02/2026,Tote Viva Santo Tomas,1,USTORE (PAID)
07/02/2026,Lanyard,3,VARSITY LIFESTYLE (CONSIGNMENT)
07/02/2026,Sweatshirt (NEW),1,VARSITY LIFESTYLE (CONSIGNMENT)
07/02/2026,VL Sticker Pack,1,VARSITY LIFESTYLE (CONSIGNMENT)
07/02/2026,"Y,B VL UST",1,VARSITY LIFESTYLE (CONSIGNMENT)
09/02/2026,Woven Sling Bag (SMALL),1,"ASSOCIATION FOR THE EDUCATIONAL ASSISTANCE OF POOR SEMINARIANS, INC."
09/02/2026,Shirts all @450 UPSIZE (3XL-4XL),1,JUC (CONSIGNMENT)
09/02/2026,UST College ID Lace,7,JUC (CONSIGNMENT)
09/02/2026,UST OAT Hoodie Jacket,2,JUC (CONSIGNMENT)
09/02/2026,UST OAT MUG (Pure Black),1,JUC (CONSIGNMENT)
09/02/2026,"UST OAT MUG (Y,W,B)",1,JUC (CONSIGNMENT)
09/02/2026,UST OAT T-Shirt Y/B/COLLEGE,4,JUC (CONSIGNMENT)
09/02/2026,UST T-Shirt Santo Tomas Shirt/UST T-Shirt Tiger Pattern/HAPPY,9,JUC (CONSIGNMENT)
09/02/2026,UST T-Shirt Sporty,1,JUC (CONSIGNMENT)
09/02/2026,"Baseball Shirt (Y,W)",1,JYL ATHLETICA (CONSIGNMENT)
09/02/2026,Corp Jacket V3,2,JYL ATHLETICA (CONSIGNMENT)
09/02/2026,Cotton Black Jacket,1,JYL ATHLETICA (CONSIGNMENT)
09/02/2026,Cotton Brush Jacket,1,JYL ATHLETICA (CONSIGNMENT)
09/02/2026,Poloshirt @800,1,JYL ATHLETICA (CONSIGNMENT)
09/02/2026,"QUIANA SUBLI SHIRT (B&Y), 2 TONED",2,JYL ATHLETICA (CONSIGNMENT)
09/02/2026,Big Car,1,MADEBYRUZ CONSUMER GOODS TRADING (CONSIGNMENT)
09/02/2026,Hoodies Breaker,2,NAPOLIZ ENTERPRISES (CONSIGNMENT)
09/02/2026,"Ballpen 3 Designs @50 (B,Y,W)",3,STITCH CORP. (BLEEVES PAID)
09/02/2026,Corp Jacket V2,2,STITCH CORP. (BLEEVES PAID)
09/02/2026,"Go USTE (W,Y,B) @450",1,THREADMARKED (CONSIGNMENT)
09/02/2026,"Oversized shirt (V,B) @650",1,THREADMARKED (CONSIGNMENT)
09/02/2026,"Hoodie UST embro (V,G,Y,B) @1800",1,THREADMARKED (PAID)
09/02/2026,Two-toned windbreaker @1700,1,THREADMARKED (PAID)
09/02/2026,Automatic Umbrella,2,USTORE (PAID)
09/02/2026,Button Pin (Big),1,USTORE (PAID)
09/02/2026,Button Pin (Small),1,USTORE (PAID)
09/02/2026,Chibi Stickers,2,USTORE (PAID)
09/02/2026,ID Case v2 @40,2,USTORE (PAID)
09/02/2026,Lanyard @180,17,USTORE (PAID)
09/02/2026,MJ Sticker Small,1,USTORE (PAID)
09/02/2026,Tote Viva Santo Tomas,4,USTORE (PAID)
09/02/2026,Lanyard,2,VARSITY LIFESTYLE (CONSIGNMENT)
09/02/2026,New GT Shirts,1,VARSITY LIFESTYLE (CONSIGNMENT)
09/02/2026,USTWBT Championship Shirt 2025,1,VARSITY LIFESTYLE (CONSIGNMENT)
09/02/2026,"Y,B VL UST",1,VARSITY LIFESTYLE (CONSIGNMENT)
10/02/2026,Woven Sling Bag (SMALL),1,"ASSOCIATION FOR THE EDUCATIONAL ASSISTANCE OF POOR SEMINARIANS, INC."
10/02/2026,Triple Black Embro,2,BLAZE (CONSIGNMENT)
10/02/2026,Shirts all @450 UPSIZE (3XL-4XL),3,JUC (CONSIGNMENT)
10/02/2026,UST College ID Lace,5,JUC (CONSIGNMENT)
10/02/2026,UST OAT Hoodie Jacket,9,JUC (CONSIGNMENT)
10/02/2026,UST OAT T-Shirt Y/B/COLLEGE,6,JUC (CONSIGNMENT)
10/02/2026,UST Sweatshirt Sporty,1,JUC (CONSIGNMENT)
10/02/2026,UST T-Shirt Santo Tomas Shirt/UST T-Shirt Tiger Pattern/HAPPY,9,JUC (CONSIGNMENT)
10/02/2026,UST T-Shirt Sporty,4,JUC (CONSIGNMENT)
10/02/2026,Corp Jacket V3,4,JYL ATHLETICA (CONSIGNMENT)
10/02/2026,Cotton Black Jacket,3,JYL ATHLETICA (CONSIGNMENT)
10/02/2026,Jacket,2,JYL ATHLETICA (CONSIGNMENT)
10/02/2026,Poloshirt @800,2,JYL ATHLETICA (CONSIGNMENT)
10/02/2026,"QUIANA SUBLI SHIRT (B&Y), 2 TONED",2,JYL ATHLETICA (CONSIGNMENT)
10/02/2026,Tiger Paw Keychain @375,7,MADEBYRUZ CONSUMER GOODS TRADING (CONSIGNMENT)
10/02/2026,Hoodies Breaker,1,NAPOLIZ ENTERPRISES (CONSIGNMENT)
10/02/2026,Go Fight UST Shirt,1,SHIRT HAPPENS
10/02/2026,"Ballpen 3 Designs @50 (B,Y,W)",4,STITCH CORP. (BLEEVES PAID)
10/02/2026,Logo Sticker @30,2,TET AND DARS (PAID)
10/02/2026,Long Sticker @120,4,TET AND DARS (PAID)
10/02/2026,"Go USTE (W,Y,B) @450",2,THREADMARKED (CONSIGNMENT)
10/02/2026,"Keep Growling OS (B,V)",1,THREADMARKED (CONSIGNMENT)
10/02/2026,"UST Embro OS (B,V)",5,THREADMARKED (CONSIGNMENT)
10/02/2026,"Hoodie UST embro (V,G,Y,B) @1800",2,THREADMARKED (PAID)
10/02/2026,Two-toned windbreaker @1700,3,THREADMARKED (PAID)
10/02/2026,Aquaflask,1,USTORE (PAID)
10/02/2026,C. Keychain,3,USTORE (PAID)
10/02/2026,College Sticker @120,2,USTORE (PAID)
10/02/2026,ID Case v2 @40,4,USTORE (PAID)
10/02/2026,Lanyard @180,23,USTORE (PAID)
10/02/2026,MJ Sticker Large,3,USTORE (PAID)
10/02/2026,MJ Sticker Small,2,USTORE (PAID)
10/02/2026,Tiger Plushie Small,1,USTORE (PAID)
10/02/2026,Tote Viva Santo Tomas,5,USTORE (PAID)
10/02/2026,Lanyard,1,VARSITY LIFESTYLE (CONSIGNMENT)
10/02/2026,"Y,B VL UST",2,VARSITY LIFESTYLE (CONSIGNMENT)
11/02/2026,Triple Black Embro,1,BLAZE (CONSIGNMENT)
11/02/2026,Shirts all @450 UPSIZE (3XL-4XL),1,JUC (CONSIGNMENT)
11/02/2026,UST College ID Lace,9,JUC (CONSIGNMENT)
11/02/2026,UST OAT Hoodie Jacket,1,JUC (CONSIGNMENT)
11/02/2026,"UST OAT MUG (Y,W,B)",3,JUC (CONSIGNMENT)
11/02/2026,UST OAT T-Shirt Y/B/COLLEGE,8,JUC (CONSIGNMENT)
11/02/2026,UST Sweatshirt Sporty,2,JUC (CONSIGNMENT)
11/02/2026,UST T-Shirt Santo Tomas Shirt/UST T-Shirt Tiger Pattern/HAPPY,16,JUC (CONSIGNMENT)
11/02/2026,UST T-Shirt Sporty,3,JUC (CONSIGNMENT)
11/02/2026,Corp Jacket,1,JYL ATHLETICA (CONSIGNMENT)
11/02/2026,Corp Jacket V3,1,JYL ATHLETICA (CONSIGNMENT)
11/02/2026,Cotton Black Jacket,1,JYL ATHLETICA (CONSIGNMENT)
11/02/2026,DRI-FIT NEW,1,JYL ATHLETICA (CONSIGNMENT)
11/02/2026,Jacket,2,JYL ATHLETICA (CONSIGNMENT)
11/02/2026,Machete V2,1,JYL ATHLETICA (CONSIGNMENT)
11/02/2026,Poloshirt 123456 @860,1,JYL ATHLETICA (CONSIGNMENT)
11/02/2026,Poloshirt @800,1,JYL ATHLETICA (CONSIGNMENT)
11/02/2026,"QUIANA SUBLI SHIRT (B&Y), 2 TONED",3,JYL ATHLETICA (CONSIGNMENT)
11/02/2026,Tiger Headband (2 Designs),3,MADEBYRUZ CONSUMER GOODS TRADING (CONSIGNMENT)
11/02/2026,Tiger Paw Keychain @375,1,MADEBYRUZ CONSUMER GOODS TRADING (CONSIGNMENT)
11/02/2026,"Ballpen 3 Designs @50 (B,Y,W)",9,STITCH CORP. (BLEEVES PAID)
11/02/2026,Bamboo Notebook @150,2,STITCH CORP. (BLEEVES PAID)
11/02/2026,Bamboo Pen @60,1,STITCH CORP. (BLEEVES PAID)
11/02/2026,Arch @350,3,TET AND DARS (PAID)
11/02/2026,Long Sticker @120,1,TET AND DARS (PAID)
11/02/2026,Pen @40,5,TET AND DARS (PAID)
11/02/2026,"Go USTE (W,Y,B) @450",2,THREADMARKED (CONSIGNMENT)
11/02/2026,"Oversized shirt (V,B) @650",1,THREADMARKED (CONSIGNMENT)
11/02/2026,"UST Embro OS (B,V)",1,THREADMARKED (CONSIGNMENT)
11/02/2026,"Hoodie UST embro (V,G,Y,B) @1800",4,THREADMARKED (PAID)
11/02/2026,Two-toned windbreaker @1700,3,THREADMARKED (PAID)
11/02/2026,Aquaflask,2,USTORE (PAID)
11/02/2026,Automatic Umbrella,3,USTORE (PAID)
11/02/2026,Black Eco Bag,15,USTORE (PAID)
11/02/2026,C. Keychain,3,USTORE (PAID)
11/02/2026,Chibi Stickers,1,USTORE (PAID)
11/02/2026,ID Case v2 @40,1,USTORE (PAID)
11/02/2026,Lanyard @180,25,USTORE (PAID)
11/02/2026,MJ Sticker Large,3,USTORE (PAID)
11/02/2026,MJ Sticker Medium,6,USTORE (PAID)
11/02/2026,MJ Sticker Small,4,USTORE (PAID)
11/02/2026,Notelet,3,USTORE (PAID)
11/02/2026,Powerbank,1,USTORE (PAID)
11/02/2026,Scarf @490,3,USTORE (PAID)
11/02/2026,Tiger Plushie Small,10,USTORE (PAID)
11/02/2026,Lanyard,1,VARSITY LIFESTYLE (CONSIGNMENT)
11/02/2026,New GT Shirts,5,VARSITY LIFESTYLE (CONSIGNMENT)
11/02/2026,"Y,B VL UST",1,VARSITY LIFESTYLE (CONSIGNMENT)
12/02/2026,Polo Shirt @800,1,BLAZE (CONSIGNMENT)
12/02/2026,White Embro,1,BLAZE (CONSIGNMENT)
12/02/2026,Shirts all @450 UPSIZE (3XL-4XL),3,JUC (CONSIGNMENT)
12/02/2026,UST College ID Lace,11,JUC (CONSIGNMENT)
12/02/2026,UST OAT Hoodie Jacket,1,JUC (CONSIGNMENT)
12/02/2026,"UST OAT MUG (Y,W,B)",1,JUC (CONSIGNMENT)
12/02/2026,UST OAT T-Shirt Y/B/COLLEGE,6,JUC (CONSIGNMENT)
12/02/2026,UST T-Shirt Santo Tomas Shirt/UST T-Shirt Tiger Pattern/HAPPY,13,JUC (CONSIGNMENT)
12/02/2026,Corp Jacket V3,3,JYL ATHLETICA (CONSIGNMENT)
12/02/2026,Cotton Black Jacket,1,JYL ATHLETICA (CONSIGNMENT)
12/02/2026,Cotton Gray Jacket,1,JYL ATHLETICA (CONSIGNMENT)
12/02/2026,"QUIANA SUBLI SHIRT (B&Y), 2 TONED",8,JYL ATHLETICA (CONSIGNMENT)
12/02/2026,Big Car,3,MADEBYRUZ CONSUMER GOODS TRADING (CONSIGNMENT)
12/02/2026,Small Mystery Car,3,MADEBYRUZ CONSUMER GOODS TRADING (CONSIGNMENT)
12/02/2026,Tiger Paw Keychain @375,1,MADEBYRUZ CONSUMER GOODS TRADING (CONSIGNMENT)
12/02/2026,Hoodies Breaker,1,NAPOLIZ ENTERPRISES (CONSIGNMENT)
12/02/2026,"Ballpen 3 Designs @50 (B,Y,W)",2,STITCH CORP. (BLEEVES PAID)
12/02/2026,Arch @350,10,TET AND DARS (PAID)
12/02/2026,Logo Keychain @200,4,TET AND DARS (PAID)
12/02/2026,Logo Sticker @30,1,TET AND DARS (PAID)
12/02/2026,Pen @40,1,TET AND DARS (PAID)
12/02/2026,"Go USTE (W,Y,B) @450",1,THREADMARKED (CONSIGNMENT)
12/02/2026,"Keep Growling OS (B,V)",3,THREADMARKED (CONSIGNMENT)
12/02/2026,"UST Embro OS (B,V)",3,THREADMARKED (CONSIGNMENT)
12/02/2026,"Hoodie UST embro (V,G,Y,B) @1800",2,THREADMARKED (PAID)
12/02/2026,Aquaflask,2,USTORE (PAID)
12/02/2026,Automatic Umbrella,1,USTORE (PAID)
12/02/2026,Black Eco Bag,3,USTORE (PAID)
12/02/2026,C. Keychain,5,USTORE (PAID)
12/02/2026,Chibi Stickers,1,USTORE (PAID)
12/02/2026,ID Case v2 @40,2,USTORE (PAID)
12/02/2026,Insignia Pen,1,USTORE (PAID)
12/02/2026,Lanyard @180,10,USTORE (PAID)
12/02/2026,MJ Sticker Large,2,USTORE (PAID)
12/02/2026,MJ Sticker Medium,5,USTORE (PAID)
12/02/2026,MJ Sticker Small,3,USTORE (PAID)
12/02/2026,Notelet,1,USTORE (PAID)
12/02/2026,Tiger Plushie Small,2,USTORE (PAID)
12/02/2026,Tote Viva Santo Tomas,1,USTORE (PAID)
12/02/2026,Yellow Notebook,1,USTORE (PAID)
12/02/2026,Keychain,2,VARSITY LIFESTYLE (CONSIGNMENT)
12/02/2026,Lanyard,9,VARSITY LIFESTYLE (CONSIGNMENT)
12/02/2026,New GT Shirts,1,VARSITY LIFESTYLE (CONSIGNMENT)
12/02/2026,"Y,B VL UST",3,VARSITY LIFESTYLE (CONSIGNMENT)
13/02/2026,Black Embro,2,BLAZE (CONSIGNMENT)
13/02/2026,Polo Shirt @800,1,BLAZE (CONSIGNMENT)
13/02/2026,Triple Black Embro,1,BLAZE (CONSIGNMENT)
13/02/2026,UST College ID Lace,7,JUC (CONSIGNMENT)
13/02/2026,UST OAT Hoodie Jacket,3,JUC (CONSIGNMENT)
13/02/2026,"UST OAT MUG (Y,W,B)",5,JUC (CONSIGNMENT)
13/02/2026,UST OAT T-Shirt Y/B/COLLEGE,10,JUC (CONSIGNMENT)
13/02/2026,UST Sweatshirt Sporty,1,JUC (CONSIGNMENT)
13/02/2026,UST T-Shirt Santo Tomas Shirt/UST T-Shirt Tiger Pattern/HAPPY,18,JUC (CONSIGNMENT)
13/02/2026,UST T-Shirt Sporty,4,JUC (CONSIGNMENT)
13/02/2026,"Baseball Shirt (Y,W)",1,JYL ATHLETICA (CONSIGNMENT)
13/02/2026,Corp Jacket V3,3,JYL ATHLETICA (CONSIGNMENT)
13/02/2026,Cotton Black Jacket,3,JYL ATHLETICA (CONSIGNMENT)
13/02/2026,Jacket,1,JYL ATHLETICA (CONSIGNMENT)
13/02/2026,Machete V2,3,JYL ATHLETICA (CONSIGNMENT)
13/02/2026,Poloshirt @800,1,JYL ATHLETICA (CONSIGNMENT)
13/02/2026,"QUIANA SUBLI SHIRT (B&Y), 2 TONED",6,JYL ATHLETICA (CONSIGNMENT)
13/02/2026,Tiger Headband (2 Designs),2,MADEBYRUZ CONSUMER GOODS TRADING (CONSIGNMENT)
13/02/2026,Tiger Paw Keychain @375,17,MADEBYRUZ CONSUMER GOODS TRADING (CONSIGNMENT)
13/02/2026,"Ballpen 3 Designs @50 (B,Y,W)",3,STITCH CORP. (BLEEVES PAID)
13/02/2026,Bamboo Notebook @150,1,STITCH CORP. (BLEEVES PAID)
13/02/2026,Logo Keychain @200,4,TET AND DARS (PAID)
13/02/2026,Logo Sticker @30,1,TET AND DARS (PAID)
13/02/2026,Long Sticker @120,1,TET AND DARS (PAID)
13/02/2026,"Go USTE (W,Y,B) @450",2,THREADMARKED (CONSIGNMENT)
13/02/2026,"Keep Growling OS (B,V)",2,THREADMARKED (CONSIGNMENT)
13/02/2026,"UST Embro OS (B,V)",3,THREADMARKED (CONSIGNMENT)
13/02/2026,"Hoodie UST embro (V,G,Y,B) @1800",4,THREADMARKED (PAID)
13/02/2026,Automatic Umbrella,2,USTORE (PAID)
13/02/2026,Black Eco Bag,2,USTORE (PAID)
13/02/2026,Blanca Pen,1,USTORE (PAID)
13/02/2026,Button Pin (Big),2,USTORE (PAID)
13/02/2026,C. Keychain,1,USTORE (PAID)
13/02/2026,Clappers,2,USTORE (PAID)
13/02/2026,College Sticker @120,1,USTORE (PAID)
13/02/2026,ID Case v2 @40,2,USTORE (PAID)
13/02/2026,Insignia Pen,2,USTORE (PAID)
13/02/2026,Lanyard @180,19,USTORE (PAID)
13/02/2026,MJ Sticker Large,4,USTORE (PAID)
13/02/2026,MJ Sticker Medium,8,USTORE (PAID)
13/02/2026,MJ Sticker Small,1,USTORE (PAID)
13/02/2026,Notelet,2,USTORE (PAID)
13/02/2026,Tiger Plushie Small,5,USTORE (PAID)
13/02/2026,Tote Viva Santo Tomas,7,USTORE (PAID)
13/02/2026,Yellow Notebook,2,USTORE (PAID)
13/02/2026,Keychain,2,VARSITY LIFESTYLE (CONSIGNMENT)
13/02/2026,New GT Shirts,1,VARSITY LIFESTYLE (CONSIGNMENT)
13/02/2026,"Y,B VL UST",2,VARSITY LIFESTYLE (CONSIGNMENT)
14/02/2026,Woven Tote Bag (SMALL),1,"ASSOCIATION FOR THE EDUCATIONAL ASSISTANCE OF POOR SEMINARIANS, INC."
14/02/2026,Black Embro,1,BLAZE (CONSIGNMENT)
14/02/2026,UST College ID Lace,4,JUC (CONSIGNMENT)
14/02/2026,"UST OAT MUG (Y,W,B)",4,JUC (CONSIGNMENT)
14/02/2026,UST OAT T-Shirt Y/B/COLLEGE,4,JUC (CONSIGNMENT)
14/02/2026,UST T-Shirt Santo Tomas Shirt/UST T-Shirt Tiger Pattern/HAPPY,7,JUC (CONSIGNMENT)
14/02/2026,UST T-Shirt Sporty,1,JUC (CONSIGNMENT)
14/02/2026,Corp Jacket V3,1,JYL ATHLETICA (CONSIGNMENT)
14/02/2026,Cotton Black Jacket,2,JYL ATHLETICA (CONSIGNMENT)
14/02/2026,Jacket,4,JYL ATHLETICA (CONSIGNMENT)
14/02/2026,Poloshirt 123456 @860,2,JYL ATHLETICA (CONSIGNMENT)
14/02/2026,Poloshirt @800,2,JYL ATHLETICA (CONSIGNMENT)
14/02/2026,"QUIANA SUBLI SHIRT (B&Y), 2 TONED",1,JYL ATHLETICA (CONSIGNMENT)
14/02/2026,Hoodies Breaker,1,NAPOLIZ ENTERPRISES (CONSIGNMENT)
14/02/2026,Wearable Blanket,1,STITCH CORP. (BLEEVES CONSIGNMENT)
14/02/2026,"Ballpen 3 Designs @50 (B,Y,W)",4,STITCH CORP. (BLEEVES PAID)
14/02/2026,Arch @350,4,TET AND DARS (PAID)
14/02/2026,Logo Keychain @200,2,TET AND DARS (PAID)
14/02/2026,Logo Sticker @30,2,TET AND DARS (PAID)
14/02/2026,Long Sticker @120,1,TET AND DARS (PAID)
14/02/2026,Pen @40,23,TET AND DARS (PAID)
14/02/2026,"Go USTE (W,Y,B) @450",2,THREADMARKED (CONSIGNMENT)
14/02/2026,"Keep Growling OS (B,V)",2,THREADMARKED (CONSIGNMENT)
14/02/2026,"Hoodie UST embro (V,G,Y,B) @1800",1,THREADMARKED (PAID)
14/02/2026,Aquaflask,1,USTORE (PAID)
14/02/2026,Automatic Umbrella,5,USTORE (PAID)
14/02/2026,Black Eco Bag,2,USTORE (PAID)
14/02/2026,C. Keychain,3,USTORE (PAID)
14/02/2026,ID Case v2 @40,3,USTORE (PAID)
14/02/2026,Insignia Pen,2,USTORE (PAID)
14/02/2026,Lanyard @180,14,USTORE (PAID)
14/02/2026,MJ Sticker Large,2,USTORE (PAID)
14/02/2026,MJ Sticker Medium,2,USTORE (PAID)
14/02/2026,MJ Sticker Small,2,USTORE (PAID)
14/02/2026,Notelet,4,USTORE (PAID)
14/02/2026,Tote Viva Santo Tomas,1,USTORE (PAID)
14/02/2026,Utensils,1,USTORE (PAID)
14/02/2026,Lanyard,2,VARSITY LIFESTYLE (CONSIGNMENT)
14/02/2026,"Y,B VL UST",2,VARSITY LIFESTYLE (CONSIGNMENT)
16/02/2026,Triple Black Embro,1,BLAZE (CONSIGNMENT)
16/02/2026,White Embro,1,BLAZE (CONSIGNMENT)
16/02/2026,Shirts all @450 UPSIZE (3XL-4XL),1,JUC (CONSIGNMENT)
16/02/2026,UST College ID Lace,15,JUC (CONSIGNMENT)
16/02/2026,UST OAT Hoodie Jacket,1,JUC (CONSIGNMENT)
16/02/2026,UST OAT T-Shirt Y/B/COLLEGE,16,JUC (CONSIGNMENT)
16/02/2026,UST Sweatshirt Sporty,1,JUC (CONSIGNMENT)
16/02/2026,UST T-Shirt Santo Tomas Shirt/UST T-Shirt Tiger Pattern/HAPPY,12,JUC (CONSIGNMENT)
16/02/2026,UST T-Shirt Sporty,2,JUC (CONSIGNMENT)
16/02/2026,"Baseball Shirt (Y,W)",1,JYL ATHLETICA (CONSIGNMENT)
16/02/2026,Corp Jacket V3,1,JYL ATHLETICA (CONSIGNMENT)
16/02/2026,Cotton Black Jacket,1,JYL ATHLETICA (CONSIGNMENT)
16/02/2026,DRI-FIT NEW,1,JYL ATHLETICA (CONSIGNMENT)
16/02/2026,Machete V2,1,JYL ATHLETICA (CONSIGNMENT)
16/02/2026,"QUIANA SUBLI SHIRT (B&Y), 2 TONED",1,JYL ATHLETICA (CONSIGNMENT)
16/02/2026,Tiger Paw Keychain @375,4,MADEBYRUZ CONSUMER GOODS TRADING (CONSIGNMENT)
16/02/2026,Hoodies Breaker,4,NAPOLIZ ENTERPRISES (CONSIGNMENT)
16/02/2026,Clock @550,2,STITCH CORP. (BLEEVES CONSIGNMENT)
16/02/2026,Logo Keychain @200,1,TET AND DARS (PAID)
16/02/2026,"Keep Growling OS (B,V)",3,THREADMARKED (CONSIGNMENT)
16/02/2026,"Oversized shirt (V,B) @650",1,THREADMARKED (CONSIGNMENT)
16/02/2026,"UST Embro OS (B,V)",1,THREADMARKED (CONSIGNMENT)
16/02/2026,"Hoodie UST embro (V,G,Y,B) @1800",2,THREADMARKED (PAID)
16/02/2026,Two-toned windbreaker @1700,1,THREADMARKED (PAID)
16/02/2026,5M Rotating Keychain,1,USTORE (PAID)
16/02/2026,C. Keychain,1,USTORE (PAID)
16/02/2026,ID Case v2 @40,1,USTORE (PAID)
16/02/2026,Lanyard @180,19,USTORE (PAID)
16/02/2026,MJ Sticker Small,3,USTORE (PAID)
16/02/2026,Notelet,1,USTORE (PAID)
16/02/2026,Tiger Plushie Small,5,USTORE (PAID)
16/02/2026,Tote Viva Santo Tomas,1,USTORE (PAID)
16/02/2026,Utensils,2,USTORE (PAID)
16/02/2026,Keychain,2,VARSITY LIFESTYLE (CONSIGNMENT)
16/02/2026,Lanyard,3,VARSITY LIFESTYLE (CONSIGNMENT)
16/02/2026,Long Sticker,1,VARSITY LIFESTYLE (CONSIGNMENT)
16/02/2026,"Y,B VL UST",2,VARSITY LIFESTYLE (CONSIGNMENT)
18/02/2026,Shirts all @450 UPSIZE (3XL-4XL),1,JUC (CONSIGNMENT)
18/02/2026,UST College ID Lace,6,JUC (CONSIGNMENT)
18/02/2026,UST OAT Hoodie Jacket,1,JUC (CONSIGNMENT)
18/02/2026,"UST OAT MUG (Y,W,B)",5,JUC (CONSIGNMENT)
18/02/2026,UST OAT T-Shirt Y/B/COLLEGE,1,JUC (CONSIGNMENT)
18/02/2026,UST T-Shirt Santo Tomas Shirt/UST T-Shirt Tiger Pattern/HAPPY,14,JUC (CONSIGNMENT)
18/02/2026,UST T-Shirt Sporty,3,JUC (CONSIGNMENT)
18/02/2026,Corp Jacket V3,1,JYL ATHLETICA (CONSIGNMENT)
18/02/2026,Jacket,1,JYL ATHLETICA (CONSIGNMENT)
18/02/2026,Machete V2,2,JYL ATHLETICA (CONSIGNMENT)
18/02/2026,Poloshirt 123456 @860,1,JYL ATHLETICA (CONSIGNMENT)
18/02/2026,Poloshirt @800,1,JYL ATHLETICA (CONSIGNMENT)
18/02/2026,"QUIANA SUBLI SHIRT (B&Y), 2 TONED",1,JYL ATHLETICA (CONSIGNMENT)
18/02/2026,Tiger Headband (2 Designs),1,MADEBYRUZ CONSUMER GOODS TRADING (CONSIGNMENT)
18/02/2026,Hoodies Breaker,1,NAPOLIZ ENTERPRISES (CONSIGNMENT)
18/02/2026,Go Fight UST Shirt,1,SHIRT HAPPENS
18/02/2026,Arch @350,2,TET AND DARS (PAID)
18/02/2026,"Keep Growling OS (B,V)",3,THREADMARKED (CONSIGNMENT)
18/02/2026,"UST Embro OS (B,V)",3,THREADMARKED (CONSIGNMENT)
18/02/2026,Automatic Umbrella,1,USTORE (PAID)
18/02/2026,Black Eco Bag,4,USTORE (PAID)
18/02/2026,C. Keychain,2,USTORE (PAID)
18/02/2026,Chibi Stickers,2,USTORE (PAID)
18/02/2026,Clappers,1,USTORE (PAID)
18/02/2026,ID Case v2 @40,1,USTORE (PAID)
18/02/2026,Lanyard @180,14,USTORE (PAID)
18/02/2026,MJ Sticker Small,3,USTORE (PAID)
18/02/2026,Picasso Pen,1,USTORE (PAID)
18/02/2026,Scarf @490,2,USTORE (PAID)
18/02/2026,Tiger Plushie Small,23,USTORE (PAID)
18/02/2026,Tote Viva Santo Tomas,4,USTORE (PAID)
18/02/2026,Yellow Lanyard,2,USTORE (PAID)
18/02/2026,"Y,B VL UST",3,VARSITY LIFESTYLE (CONSIGNMENT)
19/02/2026,Polo Shirt @800,3,BLAZE (CONSIGNMENT)
19/02/2026,UST College ID Lace,8,JUC (CONSIGNMENT)
19/02/2026,UST OAT Hoodie Jacket,1,JUC (CONSIGNMENT)
19/02/2026,UST OAT T-Shirt Y/B/COLLEGE,5,JUC (CONSIGNMENT)
19/02/2026,UST T-Shirt Santo Tomas Shirt/UST T-Shirt Tiger Pattern/HAPPY,7,JUC (CONSIGNMENT)
19/02/2026,UST T-Shirt Sporty,1,JUC (CONSIGNMENT)
19/02/2026,Corp Jacket,1,JYL ATHLETICA (CONSIGNMENT)
19/02/2026,Corp Jacket V3,1,JYL ATHLETICA (CONSIGNMENT)
19/02/2026,Cotton Black Jacket,1,JYL ATHLETICA (CONSIGNMENT)
19/02/2026,Poloshirt 123456 @860,2,JYL ATHLETICA (CONSIGNMENT)
19/02/2026,Poloshirt @800,2,JYL ATHLETICA (CONSIGNMENT)
19/02/2026,"QUIANA SUBLI SHIRT (B&Y), 2 TONED",4,JYL ATHLETICA (CONSIGNMENT)
19/02/2026,Tiger Paw Keychain @375,3,MADEBYRUZ CONSUMER GOODS TRADING (CONSIGNMENT)
19/02/2026,Hoodies Breaker,2,NAPOLIZ ENTERPRISES (CONSIGNMENT)
19/02/2026,Go Fight UST Shirt,1,SHIRT HAPPENS
19/02/2026,Bamboo Notebook @150,2,STITCH CORP. (BLEEVES PAID)
19/02/2026,Bamboo Pen @60,1,STITCH CORP. (BLEEVES PAID)
19/02/2026,Logo Keychain @200,1,TET AND DARS (PAID)
19/02/2026,"Keep Growling OS (B,V)",3,THREADMARKED (CONSIGNMENT)
19/02/2026,"UST Embro OS (B,V)",1,THREADMARKED (CONSIGNMENT)
19/02/2026,"Hoodie UST embro (V,G,Y,B) @1800",2,THREADMARKED (PAID)
19/02/2026,Two-toned windbreaker @1700,4,THREADMARKED (PAID)
19/02/2026,Automatic Umbrella,1,USTORE (PAID)
19/02/2026,C. Keychain,1,USTORE (PAID)
19/02/2026,College Sticker @120,2,USTORE (PAID)
19/02/2026,ID Case v2 @40,1,USTORE (PAID)
19/02/2026,Lanyard @180,14,USTORE (PAID)
19/02/2026,Tiger Plushie Small,1,USTORE (PAID)
19/02/2026,Tote Viva Santo Tomas,2,USTORE (PAID)
19/02/2026,Yellow Lanyard,3,USTORE (PAID)
19/02/2026,Keychain,1,VARSITY LIFESTYLE (CONSIGNMENT)
19/02/2026,Lanyard,6,VARSITY LIFESTYLE (CONSIGNMENT)
19/02/2026,Long Sticker,2,VARSITY LIFESTYLE (CONSIGNMENT)
19/02/2026,New GT Shirts,1,VARSITY LIFESTYLE (CONSIGNMENT)
19/02/2026,"Y,B VL UST",2,VARSITY LIFESTYLE (CONSIGNMENT)
20/02/2026,Polo Shirt @800,2,BLAZE (CONSIGNMENT)
20/02/2026,Triple Black Embro,2,BLAZE (CONSIGNMENT)
20/02/2026,Shirts all @450 UPSIZE (3XL-4XL),1,JUC (CONSIGNMENT)
20/02/2026,UST College ID Lace,9,JUC (CONSIGNMENT)
20/02/2026,UST OAT Hoodie Jacket,1,JUC (CONSIGNMENT)
20/02/2026,"UST OAT MUG (Y,W,B)",3,JUC (CONSIGNMENT)
20/02/2026,UST OAT T-Shirt Y/B/COLLEGE,14,JUC (CONSIGNMENT)
20/02/2026,UST Sweatshirt Sporty,1,JUC (CONSIGNMENT)
20/02/2026,UST T-Shirt Santo Tomas Shirt/UST T-Shirt Tiger Pattern/HAPPY,19,JUC (CONSIGNMENT)
20/02/2026,UST T-Shirt Sporty,2,JUC (CONSIGNMENT)
20/02/2026,Corp Jacket V3,2,JYL ATHLETICA (CONSIGNMENT)
20/02/2026,Cotton Brush Jacket,3,JYL ATHLETICA (CONSIGNMENT)
20/02/2026,Dri-Fit Golden Tigresses,4,JYL ATHLETICA (CONSIGNMENT)
20/02/2026,Jersey Short,1,JYL ATHLETICA (CONSIGNMENT)
20/02/2026,Poloshirt @800,1,JYL ATHLETICA (CONSIGNMENT)
20/02/2026,"QUIANA SUBLI SHIRT (B&Y), 2 TONED",6,JYL ATHLETICA (CONSIGNMENT)
20/02/2026,Tiger Paw Keychain @375,1,MADEBYRUZ CONSUMER GOODS TRADING (CONSIGNMENT)
20/02/2026,"Ballpen 3 Designs @50 (B,Y,W)",2,STITCH CORP. (BLEEVES PAID)
20/02/2026,Bamboo Notebook @150,2,STITCH CORP. (BLEEVES PAID)
20/02/2026,Bamboo Pen @60,1,STITCH CORP. (BLEEVES PAID)
20/02/2026,Kraft Notebook @130,1,STITCH CORP. (BLEEVES PAID)
20/02/2026,Arch @350,3,TET AND DARS (PAID)
20/02/2026,Logo Keychain @200,5,TET AND DARS (PAID)
20/02/2026,Logo Sticker @30,5,TET AND DARS (PAID)
20/02/2026,Long Sticker @120,4,TET AND DARS (PAID)
20/02/2026,"Go USTE (W,Y,B) @450",1,THREADMARKED (CONSIGNMENT)
20/02/2026,"Keep Growling OS (B,V)",3,THREADMARKED (CONSIGNMENT)
20/02/2026,"Oversized shirt (V,B) @650",1,THREADMARKED (CONSIGNMENT)
20/02/2026,"UST Embro OS (B,V)",4,THREADMARKED (CONSIGNMENT)
20/02/2026,"Hoodie UST embro (V,G,Y,B) @1800",2,THREADMARKED (PAID)
20/02/2026,Two-toned windbreaker @1700,2,THREADMARKED (PAID)
20/02/2026,Aquaflask,1,USTORE (PAID)
20/02/2026,Automatic Umbrella,1,USTORE (PAID)
20/02/2026,C. Keychain,1,USTORE (PAID)
20/02/2026,ID Case v2 @40,2,USTORE (PAID)
20/02/2026,Lanyard @180,16,USTORE (PAID)
20/02/2026,MJ Sticker Large,5,USTORE (PAID)
20/02/2026,MJ Sticker Medium,3,USTORE (PAID)
20/02/2026,MJ Sticker Small,9,USTORE (PAID)
20/02/2026,Thomasian Kit,1,USTORE (PAID)
20/02/2026,Tiger Plushie Small,10,USTORE (PAID)
20/02/2026,Tote Bag Canvas White @160,2,USTORE (PAID)
20/02/2026,Yellow Lanyard,2,USTORE (PAID)
20/02/2026,Keychain,2,VARSITY LIFESTYLE (CONSIGNMENT)
20/02/2026,New GT Shirts,2,VARSITY LIFESTYLE (CONSIGNMENT)
20/02/2026,USTWBT Championship Shirt 2025,1,VARSITY LIFESTYLE (CONSIGNMENT)
20/02/2026,VL Sticker Pack,2,VARSITY LIFESTYLE (CONSIGNMENT)
20/02/2026,"Y,B VL UST",2,VARSITY LIFESTYLE (CONSIGNMENT)
21/02/2026,Triple Black Embro,1,BLAZE (CONSIGNMENT)
21/02/2026,UST College ID Lace,3,JUC (CONSIGNMENT)
21/02/2026,"UST OAT MUG (Y,W,B)",1,JUC (CONSIGNMENT)
21/02/2026,UST OAT T-Shirt Y/B/COLLEGE,7,JUC (CONSIGNMENT)
21/02/2026,UST T-Shirt Santo Tomas Shirt/UST T-Shirt Tiger Pattern/HAPPY,8,JUC (CONSIGNMENT)
21/02/2026,UST T-Shirt Sporty,2,JUC (CONSIGNMENT)
21/02/2026,"Baseball Shirt (Y,W)",1,JYL ATHLETICA (CONSIGNMENT)
21/02/2026,Corp Jacket,1,JYL ATHLETICA (CONSIGNMENT)
21/02/2026,Corp Jacket V3,1,JYL ATHLETICA (CONSIGNMENT)
21/02/2026,Cotton Brush Jacket,2,JYL ATHLETICA (CONSIGNMENT)
21/02/2026,DRI-FIT NEW,1,JYL ATHLETICA (CONSIGNMENT)
21/02/2026,Machete V2,1,JYL ATHLETICA (CONSIGNMENT)
21/02/2026,Poloshirt 123456 @860,1,JYL ATHLETICA (CONSIGNMENT)
21/02/2026,Poloshirt @800,1,JYL ATHLETICA (CONSIGNMENT)
21/02/2026,"QUIANA SUBLI SHIRT (B&Y), 2 TONED",1,JYL ATHLETICA (CONSIGNMENT)
21/02/2026,Tiger Paw Keychain @375,2,MADEBYRUZ CONSUMER GOODS TRADING (CONSIGNMENT)
21/02/2026,"Ballpen 3 Designs @50 (B,Y,W)",1,STITCH CORP. (BLEEVES PAID)
21/02/2026,Arch @350,12,TET AND DARS (PAID)
21/02/2026,Pen @40,2,TET AND DARS (PAID)
21/02/2026,"Go USTE (W,Y,B) @450",1,THREADMARKED (CONSIGNMENT)
21/02/2026,"Keep Growling OS (B,V)",1,THREADMARKED (CONSIGNMENT)
21/02/2026,"Oversized shirt (V,B) @650",1,THREADMARKED (CONSIGNMENT)
21/02/2026,"UST Embro OS (B,V)",5,THREADMARKED (CONSIGNMENT)
21/02/2026,Two-toned windbreaker @1700,1,THREADMARKED (PAID)
21/02/2026,Black Eco Bag,11,USTORE (PAID)
21/02/2026,C. Keychain,1,USTORE (PAID)
21/02/2026,Clappers,20,USTORE (PAID)
21/02/2026,ID Case v2 @40,2,USTORE (PAID)
21/02/2026,Lanyard @180,17,USTORE (PAID)
21/02/2026,MJ Sticker Large,9,USTORE (PAID)
21/02/2026,MJ Sticker Medium,1,USTORE (PAID)
21/02/2026,MJ Sticker Small,9,USTORE (PAID)
21/02/2026,Notelet,1,USTORE (PAID)
21/02/2026,Stainless Eco Tumbler,16,USTORE (PAID)
21/02/2026,Tiger Plushie Small,16,USTORE (PAID)
21/02/2026,Yellow Lanyard,1,USTORE (PAID)
21/02/2026,Yellow Notebook,1,USTORE (PAID)
21/02/2026,Keychain,1,VARSITY LIFESTYLE (CONSIGNMENT)
21/02/2026,USTWBT Championship Shirt 2025,1,VARSITY LIFESTYLE (CONSIGNMENT)
21/02/2026,"Y,B VL UST",3,VARSITY LIFESTYLE (CONSIGNMENT)
23/02/2026,Triple Black Embro,4,BLAZE (CONSIGNMENT)
23/02/2026,UST College ID Lace,4,JUC (CONSIGNMENT)
23/02/2026,"UST OAT MUG (Y,W,B)",3,JUC (CONSIGNMENT)
23/02/2026,UST OAT T-Shirt Y/B/COLLEGE,5,JUC (CONSIGNMENT)
23/02/2026,UST T-Shirt Santo Tomas Shirt/UST T-Shirt Tiger Pattern/HAPPY,9,JUC (CONSIGNMENT)
23/02/2026,UST T-Shirt Sporty,2,JUC (CONSIGNMENT)
23/02/2026,Corp Jacket V3,1,JYL ATHLETICA (CONSIGNMENT)
23/02/2026,Poloshirt 123456 @860,1,JYL ATHLETICA (CONSIGNMENT)
23/02/2026,Poloshirt @800,1,JYL ATHLETICA (CONSIGNMENT)
23/02/2026,"QUIANA SUBLI SHIRT (B&Y), 2 TONED",3,JYL ATHLETICA (CONSIGNMENT)
23/02/2026,Bamboo Notebook @150,1,STITCH CORP. (BLEEVES PAID)
23/02/2026,Logo Keychain @200,1,TET AND DARS (PAID)
23/02/2026,Logo Sticker @30,2,TET AND DARS (PAID)
23/02/2026,"Go USTE (W,Y,B) @450",1,THREADMARKED (CONSIGNMENT)
23/02/2026,"Hoodie UST embro (V,G,Y,B) @1800",2,THREADMARKED (PAID)
23/02/2026,C. Keychain,1,USTORE (PAID)
23/02/2026,ID Case v2 @40,3,USTORE (PAID)
23/02/2026,Lanyard @180,11,USTORE (PAID)
23/02/2026,MJ Sticker Large,1,USTORE (PAID)
23/02/2026,MJ Sticker Small,3,USTORE (PAID)
23/02/2026,Tote Viva Santo Tomas,2,USTORE (PAID)
23/02/2026,Yellow Lanyard,2,USTORE (PAID)
24/02/2026,Polo Shirt @800,1,BLAZE (CONSIGNMENT)
24/02/2026,UST College ID Lace,3,JUC (CONSIGNMENT)
24/02/2026,UST OAT Hoodie Jacket,1,JUC (CONSIGNMENT)
24/02/2026,"UST OAT MUG (Y,W,B)",4,JUC (CONSIGNMENT)
24/02/2026,UST OAT T-Shirt Y/B/COLLEGE,3,JUC (CONSIGNMENT)
24/02/2026,UST T-Shirt Santo Tomas Shirt/UST T-Shirt Tiger Pattern/HAPPY,5,JUC (CONSIGNMENT)
24/02/2026,Corp Jacket V3,1,JYL ATHLETICA (CONSIGNMENT)
24/02/2026,Cotton Black Jacket,1,JYL ATHLETICA (CONSIGNMENT)
24/02/2026,Dri-Fit Golden Tigresses,1,JYL ATHLETICA (CONSIGNMENT)
24/02/2026,Jersey Short,1,JYL ATHLETICA (CONSIGNMENT)
24/02/2026,Poloshirt @800,2,JYL ATHLETICA (CONSIGNMENT)
24/02/2026,"QUIANA SUBLI SHIRT (B&Y), 2 TONED",1,JYL ATHLETICA (CONSIGNMENT)
24/02/2026,Baseball Cap METAL @380,1,STITCH CORP. (BLEEVES CONSIGNMENT)
24/02/2026,"Ballpen 3 Designs @50 (B,Y,W)",1,STITCH CORP. (BLEEVES PAID)
24/02/2026,Arch @350,5,TET AND DARS (PAID)
24/02/2026,Logo Keychain @200,1,TET AND DARS (PAID)
24/02/2026,Logo Sticker @30,4,TET AND DARS (PAID)
24/02/2026,Long Sticker @120,3,TET AND DARS (PAID)
24/02/2026,"Keep Growling OS (B,V)",2,THREADMARKED (CONSIGNMENT)
24/02/2026,"Oversized shirt (V,B) @650",1,THREADMARKED (CONSIGNMENT)
24/02/2026,"Hoodie UST embro (V,G,Y,B) @1800",2,THREADMARKED (PAID)
24/02/2026,Automatic Umbrella,4,USTORE (PAID)
24/02/2026,Button Pin (Big),1,USTORE (PAID)
24/02/2026,C. Keychain,3,USTORE (PAID)
24/02/2026,ID Case v2 @40,4,USTORE (PAID)
24/02/2026,Insignia Pen,2,USTORE (PAID)
24/02/2026,Lanyard @180,22,USTORE (PAID)
24/02/2026,MJ Sticker Large,1,USTORE (PAID)
24/02/2026,MJ Sticker Medium,3,USTORE (PAID)
24/02/2026,MJ Sticker Small,1,USTORE (PAID)
24/02/2026,Notelet,4,USTORE (PAID)
24/02/2026,Picasso Pen,3,USTORE (PAID)
24/02/2026,Thomasian Kit,1,USTORE (PAID)
24/02/2026,Tote Bag Canvas White @160,1,USTORE (PAID)
24/02/2026,Yellow Lanyard,4,USTORE (PAID)
24/02/2026,Lanyard,1,VARSITY LIFESTYLE (CONSIGNMENT)
24/02/2026,VL Sticker Pack,1,VARSITY LIFESTYLE (CONSIGNMENT)
27/02/2026,Triple Black Embro,3,BLAZE (CONSIGNMENT)
27/02/2026,Shirts all @450 UPSIZE (3XL-4XL),3,JUC (CONSIGNMENT)
27/02/2026,UST College ID Lace,5,JUC (CONSIGNMENT)
27/02/2026,"UST OAT MUG (Y,W,B)",27,JUC (CONSIGNMENT)
27/02/2026,UST OAT T-Shirt Y/B/COLLEGE,11,JUC (CONSIGNMENT)
27/02/2026,UST Sweatshirt Sporty,1,JUC (CONSIGNMENT)
27/02/2026,UST T-Shirt Santo Tomas Shirt/UST T-Shirt Tiger Pattern/HAPPY,16,JUC (CONSIGNMENT)
27/02/2026,UST T-Shirt Sporty,1,JUC (CONSIGNMENT)
27/02/2026,"Baseball Shirt (Y,W)",2,JYL ATHLETICA (CONSIGNMENT)
27/02/2026,Corp Jacket V3,5,JYL ATHLETICA (CONSIGNMENT)
27/02/2026,Cotton Black Jacket,1,JYL ATHLETICA (CONSIGNMENT)
27/02/2026,Cotton Brush Jacket,2,JYL ATHLETICA (CONSIGNMENT)
27/02/2026,Dri-Fit Golden Tigresses,3,JYL ATHLETICA (CONSIGNMENT)
27/02/2026,DRI-FIT NEW,2,JYL ATHLETICA (CONSIGNMENT)
27/02/2026,Poloshirt 123456 @860,1,JYL ATHLETICA (CONSIGNMENT)
27/02/2026,Poloshirt @800,1,JYL ATHLETICA (CONSIGNMENT)
27/02/2026,"QUIANA SUBLI SHIRT (B&Y), 2 TONED",8,JYL ATHLETICA (CONSIGNMENT)
27/02/2026,Tiger Costume,1,MADEBYRUZ CONSUMER GOODS TRADING (CONSIGNMENT)
27/02/2026,Tiger Paw Keychain @375,2,MADEBYRUZ CONSUMER GOODS TRADING (CONSIGNMENT)
27/02/2026,Hoodies Breaker,2,NAPOLIZ ENTERPRISES (CONSIGNMENT)
27/02/2026,Baseball Cap METAL @380,1,STITCH CORP. (BLEEVES CONSIGNMENT)
27/02/2026,Tiger w/ Box,2,STITCH CORP. (BLEEVES CONSIGNMENT)
27/02/2026,"Ballpen 3 Designs @50 (B,Y,W)",16,STITCH CORP. (BLEEVES PAID)
27/02/2026,Bamboo Notebook @150,10,STITCH CORP. (BLEEVES PAID)
27/02/2026,Bamboo Pen @60,7,STITCH CORP. (BLEEVES PAID)
27/02/2026,Arch @350,3,TET AND DARS (PAID)
27/02/2026,Long Sticker @120,1,TET AND DARS (PAID)
27/02/2026,"Go USTE (W,Y,B) @450",1,THREADMARKED (CONSIGNMENT)
27/02/2026,"Oversized shirt (V,B) @650",2,THREADMARKED (CONSIGNMENT)
27/02/2026,"Hoodie UST embro (V,G,Y,B) @1800",8,THREADMARKED (PAID)
27/02/2026,Two-toned windbreaker @1700,2,THREADMARKED (PAID)
27/02/2026,Automatic Umbrella,7,USTORE (PAID)
27/02/2026,Button Pin (Big),1,USTORE (PAID)
27/02/2026,Button Pin (Small),10,USTORE (PAID)
27/02/2026,C. Keychain,1,USTORE (PAID)
27/02/2026,Chibi Stickers,2,USTORE (PAID)
27/02/2026,ID Case v2 @40,3,USTORE (PAID)
27/02/2026,Insignia Pen,6,USTORE (PAID)
27/02/2026,Lanyard @180,13,USTORE (PAID)
27/02/2026,MJ Sticker Large,1,USTORE (PAID)
27/02/2026,Notelet,16,USTORE (PAID)
27/02/2026,Tote Bag Canvas White @160,2,USTORE (PAID)
27/02/2026,Tote Viva Santo Tomas,2,USTORE (PAID)
27/02/2026,Yellow Lanyard,17,USTORE (PAID)
27/02/2026,Yellow Notebook,3,USTORE (PAID)
27/02/2026,Keychain,2,VARSITY LIFESTYLE (CONSIGNMENT)
27/02/2026,Long Sticker,2,VARSITY LIFESTYLE (CONSIGNMENT)
27/02/2026,New GT Shirts,1,VARSITY LIFESTYLE (CONSIGNMENT)
28/02/2026,Black Embro,10,BLAZE (CONSIGNMENT)
28/02/2026,Polo Shirt @800,2,BLAZE (CONSIGNMENT)
28/02/2026,Triple Black Embro,11,BLAZE (CONSIGNMENT)
28/02/2026,White Embro,2,BLAZE (CONSIGNMENT)
28/02/2026,Shirts all @450 UPSIZE (3XL-4XL),4,JUC (CONSIGNMENT)
28/02/2026,Shirts all @450 UPSIZE (5XL),4,JUC (CONSIGNMENT)
28/02/2026,UST College ID Lace,30,JUC (CONSIGNMENT)
28/02/2026,UST OAT Hoodie Jacket,9,JUC (CONSIGNMENT)
28/02/2026,"UST OAT MUG (Y,W,B)",5,JUC (CONSIGNMENT)
28/02/2026,UST OAT T-Shirt Y/B/COLLEGE,23,JUC (CONSIGNMENT)
28/02/2026,UST Sweatshirt Sporty,5,JUC (CONSIGNMENT)
28/02/2026,UST T-Shirt Santo Tomas Shirt/UST T-Shirt Tiger Pattern/HAPPY,43,JUC (CONSIGNMENT)
28/02/2026,UST T-Shirt Sporty,6,JUC (CONSIGNMENT)
28/02/2026,"Baseball Shirt (Y,W)",4,JYL ATHLETICA (CONSIGNMENT)
28/02/2026,Corp Jacket,1,JYL ATHLETICA (CONSIGNMENT)
28/02/2026,Corp Jacket V3,6,JYL ATHLETICA (CONSIGNMENT)
28/02/2026,Corp Windbreaker,1,JYL ATHLETICA (CONSIGNMENT)
28/02/2026,Cotton Black Jacket,4,JYL ATHLETICA (CONSIGNMENT)
28/02/2026,Cotton Gray Jacket,1,JYL ATHLETICA (CONSIGNMENT)
28/02/2026,Dri-Fit Golden Tigresses,9,JYL ATHLETICA (CONSIGNMENT)
28/02/2026,DRI-FIT NEW,4,JYL ATHLETICA (CONSIGNMENT)
28/02/2026,Jacket,7,JYL ATHLETICA (CONSIGNMENT)
28/02/2026,Jersey Short,1,JYL ATHLETICA (CONSIGNMENT)
28/02/2026,Poloshirt 123456 @860,2,JYL ATHLETICA (CONSIGNMENT)
28/02/2026,Poloshirt @800,5,JYL ATHLETICA (CONSIGNMENT)
28/02/2026,"QUIANA SUBLI SHIRT (B&Y), 2 TONED",16,JYL ATHLETICA (CONSIGNMENT)
28/02/2026,Small Mystery Car,3,MADEBYRUZ CONSUMER GOODS TRADING (CONSIGNMENT)
28/02/2026,Tiger Claw,3,MADEBYRUZ CONSUMER GOODS TRADING (CONSIGNMENT)
28/02/2026,Tiger Headband (2 Designs),1,MADEBYRUZ CONSUMER GOODS TRADING (CONSIGNMENT)
28/02/2026,Tiger Paw Keychain @375,9,MADEBYRUZ CONSUMER GOODS TRADING (CONSIGNMENT)
28/02/2026,Baseball Cap METAL @380,5,STITCH CORP. (BLEEVES CONSIGNMENT)
28/02/2026,Tiger w/ Box,1,STITCH CORP. (BLEEVES CONSIGNMENT)
28/02/2026,Wearable Blanket,1,STITCH CORP. (BLEEVES CONSIGNMENT)
28/02/2026,"Ballpen 3 Designs @50 (B,Y,W)",6,STITCH CORP. (BLEEVES PAID)
28/02/2026,Bamboo Notebook @150,2,STITCH CORP. (BLEEVES PAID)
28/02/2026,Logo Keychain @200,18,TET AND DARS (PAID)
28/02/2026,Long Sticker @120,1,TET AND DARS (PAID)
28/02/2026,Pen @40,17,TET AND DARS (PAID)
28/02/2026,"Go USTE (W,Y,B) @450",2,THREADMARKED (CONSIGNMENT)
28/02/2026,"Keep Growling OS (B,V)",4,THREADMARKED (CONSIGNMENT)
28/02/2026,"Oversized shirt (V,B) @650",6,THREADMARKED (CONSIGNMENT)
28/02/2026,"UST Embro OS (B,V)",5,THREADMARKED (CONSIGNMENT)
28/02/2026,"Hoodie UST embro (V,G,Y,B) @1800",13,THREADMARKED (PAID)
28/02/2026,Two-toned windbreaker @1700,24,THREADMARKED (PAID)
28/02/2026,5M Rotating Keychain,1,USTORE (PAID)
28/02/2026,Automatic Umbrella,3,USTORE (PAID)
28/02/2026,Button Pin (Big),2,USTORE (PAID)
28/02/2026,C. Keychain,1,USTORE (PAID)
28/02/2026,Chibi Stickers,4,USTORE (PAID)
28/02/2026,ID Case v2 @40,20,USTORE (PAID)
28/02/2026,Lanyard @180,26,USTORE (PAID)
28/02/2026,MJ Sticker Large,8,USTORE (PAID)
28/02/2026,MJ Sticker Medium,15,USTORE (PAID)
28/02/2026,MJ Sticker Small,19,USTORE (PAID)
28/02/2026,Notelet,1,USTORE (PAID)
28/02/2026,Stainless Eco Tumbler,1,USTORE (PAID)
28/02/2026,Tiger Plushie Small,2,USTORE (PAID)
28/02/2026,Tote Viva Santo Tomas,2,USTORE (PAID)
28/02/2026,Yellow Lanyard,1,USTORE (PAID)
28/02/2026,Yellow Notebook,3,USTORE (PAID)
28/02/2026,Keychain,5,VARSITY LIFESTYLE (CONSIGNMENT)
28/02/2026,Lanyard,13,VARSITY LIFESTYLE (CONSIGNMENT)
28/02/2026,New GT Shirts,1,VARSITY LIFESTYLE (CONSIGNMENT)
28/02/2026,USTWBT Championship Shirt 2025,2,VARSITY LIFESTYLE (CONSIGNMENT)
28/02/2026,VL Sticker Pack,2,VARSITY LIFESTYLE (CONSIGNMENT)
28/02/2026,"Y,B VL UST",7,VARSITY LIFESTYLE (CONSIGNMENT)
02/03/2026,Black w/ Yellow UST Embro,9,BLAZE (CONSIGNMENT)
02/03/2026,White Embro,5,BLAZE (CONSIGNMENT)
02/03/2026,UST College ID Lace,1,JUC (CONSIGNMENT)
02/03/2026,UST OAT Hoodie Jacket,12,JUC (CONSIGNMENT)
02/03/2026,UST OAT T-Shirt Y/B/COLLEGE (XS-2XL),33,JUC (CONSIGNMENT)
02/03/2026,UST Sweatshirt Sporty,7,JUC (CONSIGNMENT)
02/03/2026,UST T-Shirt Santo Tomas Shirt/UST T-Shirt Tiger Pattern/HAPPY,6,JUC (CONSIGNMENT)
02/03/2026,UST T-Shirt Sporty,3,JUC (CONSIGNMENT)
02/03/2026,Corp Windbreaker,1,JYL ATHLETICA (CONSIGNMENT)
02/03/2026,Cotton Brush Jacket,1,JYL ATHLETICA (CONSIGNMENT)
02/03/2026,Cotton Gray Jacket,6,JYL ATHLETICA (CONSIGNMENT)
02/03/2026,Dri-Fit Golden Tigresses,1,JYL ATHLETICA (CONSIGNMENT)
02/03/2026,Poloshirt 123456 @860,6,JYL ATHLETICA (CONSIGNMENT)
02/03/2026,Poloshirt @800,8,JYL ATHLETICA (CONSIGNMENT)
02/03/2026,S88 UAAP Poloshirt,15,SHIRT HAPPENS
02/03/2026,"Ballpen 3 Designs @50 (B,Y,W)",16,STITCH CORP. (PAID)
02/03/2026,Bamboo Pen @60,2,STITCH CORP. (PAID)
02/03/2026,"Go USTE (W,Y,B) @450",9,THREADMARKED (CONSIGNMENT)
02/03/2026,"Keep Growling OS (B,V)",1,THREADMARKED (CONSIGNMENT)
02/03/2026,"UST TIGERS Oversized shirt (V,B) @650",15,THREADMARKED (CONSIGNMENT)
02/03/2026,"Hoodie UST embro (V,G,Y,B) @1800",17,THREADMARKED (PAID)
02/03/2026,Varsity Jacket Embro,2,THREADMARKED (PAID)
02/03/2026,ID Case v2 @40,3,USTORE (PAID)
02/03/2026,Yellow Lanyard,5,USTORE (PAID)
02/03/2026,Yellow Notebook,3,USTORE (PAID)
02/03/2026,New GT Shirts,1,VARSITY LIFESTYLE (CONSIGNMENT)
02/03/2026,VL Keychain,2,VARSITY LIFESTYLE (CONSIGNMENT)
02/03/2026,VL Sticker Pack,1,VARSITY LIFESTYLE (CONSIGNMENT)
07/03/2026,Shirts all @450 UPSIZE (3XL-4XL),1,JUC (CONSIGNMENT)
07/03/2026,UST College ID Lace,4,JUC (CONSIGNMENT)
07/03/2026,"UST OAT MUG (Y,W,B)",1,JUC (CONSIGNMENT)
07/03/2026,UST OAT T-Shirt Y/B/COLLEGE (XS-2XL),4,JUC (CONSIGNMENT)
07/03/2026,UST T-Shirt Santo Tomas Shirt/UST T-Shirt Tiger Pattern/HAPPY,7,JUC (CONSIGNMENT)
07/03/2026,UST T-Shirt Sporty,1,JUC (CONSIGNMENT)
07/03/2026,"Baseball Shirt (Y,W)",1,JYL ATHLETICA (CONSIGNMENT)
07/03/2026,Dri-Fit Golden Tigresses,2,JYL ATHLETICA (CONSIGNMENT)
07/03/2026,Jersey Short,1,JYL ATHLETICA (CONSIGNMENT)
07/03/2026,Machete V2,1,JYL ATHLETICA (CONSIGNMENT)
07/03/2026,Poloshirt 123456 @860,1,JYL ATHLETICA (CONSIGNMENT)
07/03/2026,"QUIANA SUBLI SHIRT (B&Y), 2 TONED",2,JYL ATHLETICA (CONSIGNMENT)
07/03/2026,Tiger Headband (2 Designs),1,MADEBYRUZ CONSUMER GOODS TRADING (CONSIGNMENT)
07/03/2026,Tiger Paw Keychain @375,8,MADEBYRUZ CONSUMER GOODS TRADING (CONSIGNMENT)
07/03/2026,S88 UAAP Poloshirt,1,SHIRT HAPPENS
07/03/2026,Tiger w/ Box,2,STITCH CORP. (CONSIGNMENT)
07/03/2026,"Ballpen 3 Designs @50 (B,Y,W)",5,STITCH CORP. (PAID)
07/03/2026,Logo Sticker @30,3,TET AND DARS (PAID)
07/03/2026,Long Sticker @120,1,TET AND DARS (PAID)
07/03/2026,Pen @40,4,TET AND DARS (PAID)
07/03/2026,"Go USTE (W,Y,B) @450",2,THREADMARKED (CONSIGNMENT)
07/03/2026,"Keep Growling OS (B,V)",1,THREADMARKED (CONSIGNMENT)
07/03/2026,"Hoodie UST embro (V,G,Y,B) @1800",2,THREADMARKED (PAID)
07/03/2026,Two-toned windbreaker @1700,3,THREADMARKED (PAID)
07/03/2026,Automatic Umbrella,2,USTORE (PAID)
07/03/2026,C. Keychain,6,USTORE (PAID)
07/03/2026,Clappers,1,USTORE (PAID)
07/03/2026,ID Case v2 @40,2,USTORE (PAID)
07/03/2026,Lanyard @180,7,USTORE (PAID)
07/03/2026,MJ Sticker Large,2,USTORE (PAID)
07/03/2026,MJ Sticker Medium,6,USTORE (PAID)
07/03/2026,MJ Sticker Small,2,USTORE (PAID)
07/03/2026,Tiger Plushie Small,3,USTORE (PAID)
07/03/2026,USTWBT Championship Shirt 2025,1,VARSITY LIFESTYLE (CONSIGNMENT)
07/03/2026,VL Sticker Pack,1,VARSITY LIFESTYLE (CONSIGNMENT)
07/03/2026,"Y,B VL UST",1,VARSITY LIFESTYLE (CONSIGNMENT)
09/03/2026,Polo Shirt @800,1,BLAZE (CONSIGNMENT)
09/03/2026,Triple Black Embro,2,BLAZE (CONSIGNMENT)
09/03/2026,UST College ID Lace,4,JUC (CONSIGNMENT)
09/03/2026,"UST OAT MUG (Y,W,B)",2,JUC (CONSIGNMENT)
09/03/2026,UST OAT T-Shirt Y/B/COLLEGE (XS-2XL),9,JUC (CONSIGNMENT)
09/03/2026,UST Sweatshirt Sporty,2,JUC (CONSIGNMENT)
09/03/2026,UST T-Shirt Santo Tomas Shirt/UST T-Shirt Tiger Pattern/HAPPY,10,JUC (CONSIGNMENT)
09/03/2026,UST T-Shirt Sporty,4,JUC (CONSIGNMENT)
09/03/2026,Corp Jacket V3,1,JYL ATHLETICA (CONSIGNMENT)
09/03/2026,Corp Windbreaker,1,JYL ATHLETICA (CONSIGNMENT)
09/03/2026,Jacket,1,JYL ATHLETICA (CONSIGNMENT)
09/03/2026,Machete V2,1,JYL ATHLETICA (CONSIGNMENT)
09/03/2026,Poloshirt @800,1,JYL ATHLETICA (CONSIGNMENT)
09/03/2026,"QUIANA SUBLI SHIRT (B&Y), 2 TONED",1,JYL ATHLETICA (CONSIGNMENT)
09/03/2026,Tiger Paw Keychain @375,1,MADEBYRUZ CONSUMER GOODS TRADING (CONSIGNMENT)
09/03/2026,"Ballpen 3 Designs @50 (B,Y,W)",10,STITCH CORP. (PAID)
09/03/2026,Bamboo Notebook @150,2,STITCH CORP. (PAID)
09/03/2026,Bamboo Pen @60,1,STITCH CORP. (PAID)
09/03/2026,Arch @350,1,TET AND DARS (PAID)
09/03/2026,Logo Keychain @200,4,TET AND DARS (PAID)
09/03/2026,Pen @40,11,TET AND DARS (PAID)
09/03/2026,"Go USTE (W,Y,B) @450",1,THREADMARKED (CONSIGNMENT)
09/03/2026,"Keep Growling OS (B,V)",2,THREADMARKED (CONSIGNMENT)
09/03/2026,"UST TIGERS Oversized shirt (V,B) @650",1,THREADMARKED (CONSIGNMENT)
09/03/2026,"Hoodie UST embro (V,G,Y,B) @1800",3,THREADMARKED (PAID)
09/03/2026,Automatic Umbrella,2,USTORE (PAID)
09/03/2026,Blanca Pen,2,USTORE (PAID)
09/03/2026,C. Keychain,1,USTORE (PAID)
09/03/2026,ID Case v2 @40,3,USTORE (PAID)
09/03/2026,Insignia Pen,2,USTORE (PAID)
09/03/2026,Lanyard @180,10,USTORE (PAID)
09/03/2026,MJ Sticker Large,2,USTORE (PAID)
09/03/2026,MJ Sticker Medium,3,USTORE (PAID)
09/03/2026,MJ Sticker Small,3,USTORE (PAID)
09/03/2026,Notelet,1,USTORE (PAID)
09/03/2026,Tiger Plushie Small,2,USTORE (PAID)
09/03/2026,Tote Bag Canvas White @160,2,USTORE (PAID)
09/03/2026,Yellow Notebook,1,USTORE (PAID)
09/03/2026,Lanyard,4,VARSITY LIFESTYLE (CONSIGNMENT)
09/03/2026,Long Sticker,2,VARSITY LIFESTYLE (CONSIGNMENT)
09/03/2026,VL Keychain,2,VARSITY LIFESTYLE (CONSIGNMENT)
09/03/2026,"Y,B VL UST",1,VARSITY LIFESTYLE (CONSIGNMENT)
10/03/2026,Polo Shirt @800,1,BLAZE (CONSIGNMENT)
10/03/2026,Triple Black Embro,1,BLAZE (CONSIGNMENT)
10/03/2026,UST College ID Lace,5,JUC (CONSIGNMENT)
10/03/2026,UST OAT Hoodie Jacket,1,JUC (CONSIGNMENT)
10/03/2026,"UST OAT MUG (Y,W,B)",9,JUC (CONSIGNMENT)
10/03/2026,UST OAT T-Shirt Y/B/COLLEGE (XS-2XL),11,JUC (CONSIGNMENT)
10/03/2026,UST T-Shirt Santo Tomas Shirt/UST T-Shirt Tiger Pattern/HAPPY,12,JUC (CONSIGNMENT)
10/03/2026,UST T-Shirt Sporty,4,JUC (CONSIGNMENT)
10/03/2026,Corp Jacket V3,1,JYL ATHLETICA (CONSIGNMENT)
10/03/2026,Cotton Black Jacket,1,JYL ATHLETICA (CONSIGNMENT)
10/03/2026,Dri-Fit Golden Tigresses,2,JYL ATHLETICA (CONSIGNMENT)
10/03/2026,Jersey Short,1,JYL ATHLETICA (CONSIGNMENT)
10/03/2026,Poloshirt @800,1,JYL ATHLETICA (CONSIGNMENT)
10/03/2026,"QUIANA SUBLI SHIRT (B&Y), 2 TONED",2,JYL ATHLETICA (CONSIGNMENT)
10/03/2026,UST Arch Clicker,2,MADEBYRUZ CONSUMER GOODS TRADING (CONSIGNMENT)
10/03/2026,Arch @350,5,TET AND DARS (PAID)
10/03/2026,Logo Keychain @200,2,TET AND DARS (PAID)
10/03/2026,Logo Sticker @30,3,TET AND DARS (PAID)
10/03/2026,Pen @40,1,TET AND DARS (PAID)
10/03/2026,"Go USTE (W,Y,B) @450",1,THREADMARKED (CONSIGNMENT)
10/03/2026,"Keep Growling OS (B,V)",1,THREADMARKED (CONSIGNMENT)
10/03/2026,"UST TIGERS Oversized shirt (V,B) @650",1,THREADMARKED (CONSIGNMENT)
10/03/2026,Two-toned windbreaker @1700,2,THREADMARKED (PAID)
10/03/2026,Automatic Umbrella,3,USTORE (PAID)
10/03/2026,Black Eco Bag,8,USTORE (PAID)
10/03/2026,Blanca Pen,1,USTORE (PAID)
10/03/2026,ID Case v2 @40,1,USTORE (PAID)
10/03/2026,Insignia Pen,1,USTORE (PAID)
10/03/2026,Lanyard @180,19,USTORE (PAID)
10/03/2026,MJ Sticker Large,2,USTORE (PAID)
10/03/2026,MJ Sticker Medium,3,USTORE (PAID)
10/03/2026,MJ Sticker Small,6,USTORE (PAID)
10/03/2026,Picasso Pen,1,USTORE (PAID)
10/03/2026,Powerbank,1,USTORE (PAID)
10/03/2026,Stainless Eco Tumbler,1,USTORE (PAID)
10/03/2026,Thomasian Kit,1,USTORE (PAID)
10/03/2026,Tiger Plushie Small,4,USTORE (PAID)
10/03/2026,Tote Viva Santo Tomas,23,USTORE (PAID)
10/03/2026,USTORE Voucher (1000),2,USTORE (PAID)
10/03/2026,USTORE Voucher (200),5,USTORE (PAID)
10/03/2026,USTORE Voucher (500),2,USTORE (PAID)
10/03/2026,Yellow Notebook,4,USTORE (PAID)
10/03/2026,VL Keychain,3,VARSITY LIFESTYLE (CONSIGNMENT)
10/03/2026,"Y,B VL UST",1,VARSITY LIFESTYLE (CONSIGNMENT)
11/03/2026,Black w/ Yellow UST Embro,2,BLAZE (CONSIGNMENT)
11/03/2026,Polo Shirt @800,1,BLAZE (CONSIGNMENT)
11/03/2026,White Embro,1,BLAZE (CONSIGNMENT)
11/03/2026,UST College ID Lace,36,JUC (CONSIGNMENT)
11/03/2026,UST OAT T-Shirt Y/B/COLLEGE (XS-2XL),2,JUC (CONSIGNMENT)
11/03/2026,UST T-Shirt Santo Tomas Shirt/UST T-Shirt Tiger Pattern/HAPPY,9,JUC (CONSIGNMENT)
11/03/2026,UST T-Shirt Sporty,2,JUC (CONSIGNMENT)
11/03/2026,Jersey Short,1,JYL ATHLETICA (CONSIGNMENT)
11/03/2026,Machete V2,1,JYL ATHLETICA (CONSIGNMENT)
11/03/2026,Poloshirt @800,2,JYL ATHLETICA (CONSIGNMENT)
11/03/2026,"QUIANA SUBLI SHIRT (B&Y), 2 TONED",3,JYL ATHLETICA (CONSIGNMENT)
11/03/2026,UST Arch Clicker,1,MADEBYRUZ CONSUMER GOODS TRADING (CONSIGNMENT)
11/03/2026,Hoodies Breaker,2,NAPOLIZ ENTERPRISES (CONSIGNMENT)
11/03/2026,S88 UAAP Poloshirt,1,SHIRT HAPPENS
11/03/2026,"Ballpen 3 Designs @50 (B,Y,W)",20,STITCH CORP. (PAID)
11/03/2026,Bamboo Pen @60,4,STITCH CORP. (PAID)
11/03/2026,Logo Keychain @200,4,TET AND DARS (PAID)
11/03/2026,Long Sticker @120,1,TET AND DARS (PAID)
11/03/2026,Pen @40,1,TET AND DARS (PAID)
11/03/2026,"Go USTE (W,Y,B) @450",2,THREADMARKED (CONSIGNMENT)
11/03/2026,"Keep Growling OS (B,V)",1,THREADMARKED (CONSIGNMENT)
11/03/2026,"Hoodie UST embro (V,G,Y,B) @1800",1,THREADMARKED (PAID)
11/03/2026,Automatic Umbrella,1,USTORE (PAID)
11/03/2026,Black Eco Bag,6,USTORE (PAID)
11/03/2026,C. Keychain,13,USTORE (PAID)
11/03/2026,College Sticker @120,1,USTORE (PAID)
11/03/2026,Lanyard @180,14,USTORE (PAID)
11/03/2026,MJ Sticker Large,1,USTORE (PAID)
11/03/2026,MJ Sticker Medium,1,USTORE (PAID)
11/03/2026,MJ Sticker Small,7,USTORE (PAID)
11/03/2026,Notelet,1,USTORE (PAID)
11/03/2026,Picasso Pen,1,USTORE (PAID)
11/03/2026,Tote Bag Canvas White @160,2,USTORE (PAID)
11/03/2026,Yellow Notebook,1,USTORE (PAID)
11/03/2026,New GT Shirts,1,VARSITY LIFESTYLE (CONSIGNMENT)
11/03/2026,VL Keychain,3,VARSITY LIFESTYLE (CONSIGNMENT)
11/03/2026,VL Sticker Pack,2,VARSITY LIFESTYLE (CONSIGNMENT)
11/03/2026,"Y,B VL UST",1,VARSITY LIFESTYLE (CONSIGNMENT)
12/03/2026,Black w/ Yellow UST Embro,1,BLAZE (CONSIGNMENT)
12/03/2026,Polo Shirt @800,1,BLAZE (CONSIGNMENT)
12/03/2026,UST College ID Lace,6,JUC (CONSIGNMENT)
12/03/2026,UST OAT Hoodie Jacket,2,JUC (CONSIGNMENT)
12/03/2026,"UST OAT MUG (Y,W,B)",5,JUC (CONSIGNMENT)
12/03/2026,UST OAT T-Shirt Y/B/COLLEGE (XS-2XL),10,JUC (CONSIGNMENT)
12/03/2026,UST Sweatshirt Sporty,8,JUC (CONSIGNMENT)
12/03/2026,UST T-Shirt Sporty,2,JUC (CONSIGNMENT)
12/03/2026,Cotton Black Jacket,2,JYL ATHLETICA (CONSIGNMENT)
12/03/2026,Dri-Fit Golden Tigresses,4,JYL ATHLETICA (CONSIGNMENT)
12/03/2026,Jersey Short,2,JYL ATHLETICA (CONSIGNMENT)
12/03/2026,Machete V2,1,JYL ATHLETICA (CONSIGNMENT)
12/03/2026,"QUIANA SUBLI SHIRT (B&Y), 2 TONED",3,JYL ATHLETICA (CONSIGNMENT)
12/03/2026,Tiger Claw,1,MADEBYRUZ CONSUMER GOODS TRADING (CONSIGNMENT)
12/03/2026,S88 UAAP Poloshirt,6,SHIRT HAPPENS
12/03/2026,Tiger w/ Box,1,STITCH CORP. (CONSIGNMENT)
12/03/2026,"Ballpen 3 Designs @50 (B,Y,W)",4,STITCH CORP. (PAID)
12/03/2026,Bamboo Pen @60,1,STITCH CORP. (PAID)
12/03/2026,Logo Keychain @200,1,TET AND DARS (PAID)
12/03/2026,Pen @40,1,TET AND DARS (PAID)
12/03/2026,"Go USTE (W,Y,B) @450",2,THREADMARKED (CONSIGNMENT)
12/03/2026,280ml Desk Mug / MCIA028,2,TIGER FLASK
12/03/2026,Automatic Umbrella,3,USTORE (PAID)
12/03/2026,Black Eco Bag,1,USTORE (PAID)
12/03/2026,C. Keychain,1,USTORE (PAID)
12/03/2026,ID Case v2 @40,3,USTORE (PAID)
12/03/2026,Lanyard @180,17,USTORE (PAID)
12/03/2026,MJ Sticker Medium,3,USTORE (PAID)
12/03/2026,MJ Sticker Small,1,USTORE (PAID)
12/03/2026,Scarf @490,50,USTORE (PAID)
12/03/2026,Thomasian Kit,1,USTORE (PAID)
12/03/2026,Tote Viva Santo Tomas,4,USTORE (PAID)
12/03/2026,Utensils,2,USTORE (PAID)
12/03/2026,New GT Shirts,1,VARSITY LIFESTYLE (CONSIGNMENT)
12/03/2026,"Y,B VL UST",3,VARSITY LIFESTYLE (CONSIGNMENT)
13/03/2026,Woven Tote Bag (SMALL),2,"ASSOCIATION FOR THE EDUCATIONAL ASSISTANCE OF POOR SEMINARIANS, INC."
13/03/2026,Black w/ Yellow UST Embro,1,BLAZE (CONSIGNMENT)
13/03/2026,Triple Black Embro,3,BLAZE (CONSIGNMENT)
13/03/2026,UST College ID Lace,1,JUC (CONSIGNMENT)
13/03/2026,"UST OAT MUG (Y,W,B)",10,JUC (CONSIGNMENT)
13/03/2026,UST OAT T-Shirt Y/B/COLLEGE (XS-2XL),2,JUC (CONSIGNMENT)
13/03/2026,UST T-Shirt Santo Tomas Shirt/UST T-Shirt Tiger Pattern/HAPPY,1,JUC (CONSIGNMENT)
13/03/2026,UST T-Shirt Sporty,2,JUC (CONSIGNMENT)
13/03/2026,"Baseball Shirt (Y,W)",1,JYL ATHLETICA (CONSIGNMENT)
13/03/2026,Corp Jacket V3,1,JYL ATHLETICA (CONSIGNMENT)
13/03/2026,Cotton Gray Jacket,2,JYL ATHLETICA (CONSIGNMENT)
13/03/2026,Dri-Fit Golden Tigresses,1,JYL ATHLETICA (CONSIGNMENT)
13/03/2026,DRI-FIT NEW,1,JYL ATHLETICA (CONSIGNMENT)
13/03/2026,Machete V2,2,JYL ATHLETICA (CONSIGNMENT)
13/03/2026,Poloshirt @800,2,JYL ATHLETICA (CONSIGNMENT)
13/03/2026,"QUIANA SUBLI SHIRT (B&Y), 2 TONED",5,JYL ATHLETICA (CONSIGNMENT)
13/03/2026,Tiger Headband (2 Designs),1,MADEBYRUZ CONSUMER GOODS TRADING (CONSIGNMENT)
13/03/2026,Tiger Paw Keychain @375,2,MADEBYRUZ CONSUMER GOODS TRADING (CONSIGNMENT)
13/03/2026,UST Arch Clicker,5,MADEBYRUZ CONSUMER GOODS TRADING (CONSIGNMENT)
13/03/2026,Wearable Blanket,1,STITCH CORP. (CONSIGNMENT)
13/03/2026,"Ballpen 3 Designs @50 (B,Y,W)",2,STITCH CORP. (PAID)
13/03/2026,Bamboo Pen @60,2,STITCH CORP. (PAID)
13/03/2026,Arch @350,1,TET AND DARS (PAID)
13/03/2026,Logo Keychain @200,2,TET AND DARS (PAID)
13/03/2026,Long Sticker @120,1,TET AND DARS (PAID)
13/03/2026,Pen @40,2,TET AND DARS (PAID)
13/03/2026,"Go USTE (W,Y,B) @450",1,THREADMARKED (CONSIGNMENT)
13/03/2026,"UST Embro OS (B,V)",1,THREADMARKED (CONSIGNMENT)
13/03/2026,"Hoodie UST embro (V,G,Y,B) @1800",4,THREADMARKED (PAID)
13/03/2026,Two-toned windbreaker @1700,2,THREADMARKED (PAID)
13/03/2026,Automatic Umbrella,1,USTORE (PAID)
13/03/2026,Chibi Stickers,1,USTORE (PAID)
13/03/2026,Lanyard @180,4,USTORE (PAID)
13/03/2026,MJ Sticker Medium,1,USTORE (PAID)
13/03/2026,MJ Sticker Small,1,USTORE (PAID)
13/03/2026,Picasso Pen,4,USTORE (PAID)
13/03/2026,Tiger Plushie Small,4,USTORE (PAID)
13/03/2026,Tote Viva Santo Tomas,32,USTORE (PAID)
13/03/2026,Utensils,5,USTORE (PAID)
13/03/2026,Yellow Lanyard,22,USTORE (PAID)
13/03/2026,Yellow Notebook,1,USTORE (PAID)
13/03/2026,Lanyard,1,VARSITY LIFESTYLE (CONSIGNMENT)
13/03/2026,New GT Shirts,1,VARSITY LIFESTYLE (CONSIGNMENT)
13/03/2026,VL Sticker Pack,1,VARSITY LIFESTYLE (CONSIGNMENT)
13/03/2026,"Y,B VL UST",1,VARSITY LIFESTYLE (CONSIGNMENT)
14/03/2026,Black w/ Yellow UST Embro,1,BLAZE (CONSIGNMENT)
14/03/2026,Triple Black Embro,2,BLAZE (CONSIGNMENT)
14/03/2026,Shirts all @450 UPSIZE (3XL-4XL),1,JUC (CONSIGNMENT)
14/03/2026,UST College ID Lace,6,JUC (CONSIGNMENT)
14/03/2026,UST OAT T-Shirt Y/B/COLLEGE (XS-2XL),5,JUC (CONSIGNMENT)
14/03/2026,UST T-Shirt Santo Tomas Shirt/UST T-Shirt Tiger Pattern/HAPPY,7,JUC (CONSIGNMENT)
14/03/2026,UST T-Shirt Sporty,4,JUC (CONSIGNMENT)
14/03/2026,Corp Jacket V3,1,JYL ATHLETICA (CONSIGNMENT)
14/03/2026,Cotton Black Jacket,2,JYL ATHLETICA (CONSIGNMENT)
14/03/2026,DRI-FIT NEW,2,JYL ATHLETICA (CONSIGNMENT)
14/03/2026,Poloshirt @800,1,JYL ATHLETICA (CONSIGNMENT)
14/03/2026,"QUIANA SUBLI SHIRT (B&Y), 2 TONED",3,JYL ATHLETICA (CONSIGNMENT)
14/03/2026,Tiger Paw Keychain @375,1,MADEBYRUZ CONSUMER GOODS TRADING (CONSIGNMENT)
14/03/2026,"Double Canopy (B,Y)",1,STITCH CORP. (CONSIGNMENT)
14/03/2026,Logo Sticker @30,1,TET AND DARS (PAID)
14/03/2026,Pen @40,1,TET AND DARS (PAID)
14/03/2026,"Go USTE (W,Y,B) @450",1,THREADMARKED (CONSIGNMENT)
14/03/2026,"UST Embro OS (B,V)",1,THREADMARKED (CONSIGNMENT)
14/03/2026,"Hoodie UST embro (V,G,Y,B) @1800",1,THREADMARKED (PAID)
14/03/2026,Button Pin (Big),2,USTORE (PAID)
14/03/2026,C. Keychain,2,USTORE (PAID)
14/03/2026,Insignia Pen,1,USTORE (PAID)
14/03/2026,Lanyard @180,11,USTORE (PAID)
14/03/2026,MJ Sticker Large,3,USTORE (PAID)
14/03/2026,MJ Sticker Medium,9,USTORE (PAID)
14/03/2026,MJ Sticker Small,4,USTORE (PAID)
14/03/2026,Notelet,2,USTORE (PAID)
14/03/2026,Tote Bag Canvas White @160,2,USTORE (PAID)
14/03/2026,Tote Viva Santo Tomas,1,USTORE (PAID)
14/03/2026,Utensils,1,USTORE (PAID)
14/03/2026,Lanyard,3,VARSITY LIFESTYLE (CONSIGNMENT)
14/03/2026,VL Keychain,1,VARSITY LIFESTYLE (CONSIGNMENT)
14/03/2026,"Y,B VL UST",3,VARSITY LIFESTYLE (CONSIGNMENT)
16/03/2026,UST OAT Hoodie Jacket,1,JUC (CONSIGNMENT)
16/03/2026,"UST OAT MUG (Y,W,B)",4,JUC (CONSIGNMENT)
16/03/2026,UST OAT T-Shirt Y/B/COLLEGE (XS-2XL),5,JUC (CONSIGNMENT)
16/03/2026,UST T-Shirt Santo Tomas Shirt/UST T-Shirt Tiger Pattern/HAPPY,4,JUC (CONSIGNMENT)
16/03/2026,UST T-Shirt Sporty,1,JUC (CONSIGNMENT)
16/03/2026,Dri-Fit Golden Tigresses,1,JYL ATHLETICA (CONSIGNMENT)
16/03/2026,DRI-FIT NEW,1,JYL ATHLETICA (CONSIGNMENT)
16/03/2026,"QUIANA SUBLI SHIRT (B&Y), 2 TONED",1,JYL ATHLETICA (CONSIGNMENT)
16/03/2026,Tiger Paw Keychain @375,1,MADEBYRUZ CONSUMER GOODS TRADING (CONSIGNMENT)
16/03/2026,S88 UAAP Poloshirt,1,SHIRT HAPPENS
16/03/2026,"Ballpen 3 Designs @50 (B,Y,W)",1,STITCH CORP. (PAID)
16/03/2026,Logo Keychain @200,1,TET AND DARS (PAID)
16/03/2026,"Go USTE (W,Y,B) @450",2,THREADMARKED (CONSIGNMENT)
16/03/2026,"Hoodie UST embro (V,G,Y,B) @1800",1,THREADMARKED (PAID)
16/03/2026,Two-toned windbreaker @1700,1,THREADMARKED (PAID)
16/03/2026,Automatic Umbrella,1,USTORE (PAID)
16/03/2026,Black Eco Bag,1,USTORE (PAID)
16/03/2026,C. Keychain,3,USTORE (PAID)
16/03/2026,Clappers,4,USTORE (PAID)
16/03/2026,ID Case v2 @40,1,USTORE (PAID)
16/03/2026,Lanyard @180,6,USTORE (PAID)
16/03/2026,Yellow Lanyard,1,USTORE (PAID)
16/03/2026,Lanyard,1,VARSITY LIFESTYLE (CONSIGNMENT)
16/03/2026,New GT Shirts,1,VARSITY LIFESTYLE (CONSIGNMENT)
16/03/2026,USTWBT Championship Shirt 2025,1,VARSITY LIFESTYLE (CONSIGNMENT)
16/03/2026,"Y,B VL UST",1,VARSITY LIFESTYLE (CONSIGNMENT)
17/03/2026,Triple Black Embro,2,BLAZE (CONSIGNMENT)
17/03/2026,Shirts all @450 UPSIZE (3XL-4XL),1,JUC (CONSIGNMENT)
17/03/2026,UST College ID Lace,3,JUC (CONSIGNMENT)
17/03/2026,UST OAT Hoodie Jacket,1,JUC (CONSIGNMENT)
17/03/2026,UST OAT T-Shirt Y/B/COLLEGE (XS-2XL),1,JUC (CONSIGNMENT)
17/03/2026,UST T-Shirt Santo Tomas Shirt/UST T-Shirt Tiger Pattern/HAPPY,110,JUC (CONSIGNMENT)
17/03/2026,UST T-Shirt Sporty,1,JUC (CONSIGNMENT)
17/03/2026,Corp Jacket,1,JYL ATHLETICA (CONSIGNMENT)
17/03/2026,Corp Jacket V3,4,JYL ATHLETICA (CONSIGNMENT)
17/03/2026,Cotton Black Jacket,1,JYL ATHLETICA (CONSIGNMENT)
17/03/2026,Dri-Fit Golden Tigresses,1,JYL ATHLETICA (CONSIGNMENT)
17/03/2026,Jersey Short,2,JYL ATHLETICA (CONSIGNMENT)
17/03/2026,Poloshirt @800,3,JYL ATHLETICA (CONSIGNMENT)
17/03/2026,"QUIANA SUBLI SHIRT (B&Y), 2 TONED",5,JYL ATHLETICA (CONSIGNMENT)
17/03/2026,Taslan NEW,1,JYL ATHLETICA (CONSIGNMENT)
17/03/2026,Hoodies Breaker,3,NAPOLIZ ENTERPRISES (CONSIGNMENT)
17/03/2026,S88 UAAP Poloshirt,1,SHIRT HAPPENS
17/03/2026,Baseball Cap METAL @380,2,STITCH CORP. (CONSIGNMENT)
17/03/2026,"Double Canopy (B,Y)",1,STITCH CORP. (CONSIGNMENT)
17/03/2026,"Ballpen 3 Designs @50 (B,Y,W)",4,STITCH CORP. (PAID)
17/03/2026,Bamboo Notebook @150,6,STITCH CORP. (PAID)
17/03/2026,Bamboo Pen @60,1,STITCH CORP. (PAID)
17/03/2026,Arch @350,2,TET AND DARS (PAID)
17/03/2026,Logo Keychain @200,1,TET AND DARS (PAID)
17/03/2026,"Go USTE (W,Y,B) @450",3,THREADMARKED (CONSIGNMENT)
17/03/2026,"Keep Growling OS (B,V)",5,THREADMARKED (CONSIGNMENT)
17/03/2026,"UST TIGERS Oversized shirt (V,B) @650",1,THREADMARKED (CONSIGNMENT)
17/03/2026,"Hoodie UST embro (V,G,Y,B) @1800",3,THREADMARKED (PAID)
17/03/2026,Varsity Jacket Embro,2,THREADMARKED (PAID)
17/03/2026,Automatic Umbrella,7,USTORE (PAID)
17/03/2026,Blanca Pen,1,USTORE (PAID)
17/03/2026,C. Keychain,1,USTORE (PAID)
17/03/2026,ID Case v2 @40,2,USTORE (PAID)
17/03/2026,Insignia Pen,1,USTORE (PAID)
17/03/2026,Lanyard @180,13,USTORE (PAID)
17/03/2026,MJ Sticker Large,4,USTORE (PAID)
17/03/2026,MJ Sticker Medium,1,USTORE (PAID)
17/03/2026,Notelet,5,USTORE (PAID)
17/03/2026,Picasso Pen,1,USTORE (PAID)
17/03/2026,Tiger Plushie Small,1,USTORE (PAID)
17/03/2026,Tote Bag Canvas White @160,1,USTORE (PAID)
17/03/2026,Tote Viva Santo Tomas,7,USTORE (PAID)
17/03/2026,Yellow Lanyard,2,USTORE (PAID)
18/03/2026,Triple Black Embro,2,BLAZE (CONSIGNMENT)
18/03/2026,UST College ID Lace,6,JUC (CONSIGNMENT)
18/03/2026,UST OAT Hoodie Jacket,3,JUC (CONSIGNMENT)
18/03/2026,"UST OAT MUG (Y,W,B)",21,JUC (CONSIGNMENT)
18/03/2026,UST OAT T-Shirt Y/B/COLLEGE (XS-2XL),13,JUC (CONSIGNMENT)
18/03/2026,UST T-Shirt Santo Tomas Shirt/UST T-Shirt Tiger Pattern/HAPPY,5,JUC (CONSIGNMENT)
18/03/2026,UST T-Shirt Sporty,4,JUC (CONSIGNMENT)
18/03/2026,Corp Jacket,1,JYL ATHLETICA (CONSIGNMENT)
18/03/2026,Corp Windbreaker,1,JYL ATHLETICA (CONSIGNMENT)
18/03/2026,Dri-Fit Golden Tigresses,4,JYL ATHLETICA (CONSIGNMENT)
18/03/2026,Poloshirt @800,4,JYL ATHLETICA (CONSIGNMENT)
18/03/2026,"QUIANA SUBLI SHIRT (B&Y), 2 TONED",1,JYL ATHLETICA (CONSIGNMENT)
18/03/2026,Tiger Claw,3,MADEBYRUZ CONSUMER GOODS TRADING (CONSIGNMENT)
18/03/2026,Tiger Paw Keychain @375,9,MADEBYRUZ CONSUMER GOODS TRADING (CONSIGNMENT)
18/03/2026,S88 UAAP Poloshirt,2,SHIRT HAPPENS
18/03/2026,Baseball Cap METAL @380,2,STITCH CORP. (CONSIGNMENT)
18/03/2026,Tiger w/ Box,2,STITCH CORP. (CONSIGNMENT)
18/03/2026,"Ballpen 3 Designs @50 (B,Y,W)",6,STITCH CORP. (PAID)
18/03/2026,Bamboo Notebook @150,1,STITCH CORP. (PAID)
18/03/2026,Logo Keychain @200,2,TET AND DARS (PAID)
18/03/2026,Long Sticker @120,2,TET AND DARS (PAID)
18/03/2026,Pen @40,5,TET AND DARS (PAID)
18/03/2026,"Keep Growling OS (B,V)",1,THREADMARKED (CONSIGNMENT)
18/03/2026,"UST Embro OS (B,V)",3,THREADMARKED (CONSIGNMENT)
18/03/2026,"UST TIGERS Oversized shirt (V,B) @650",3,THREADMARKED (CONSIGNMENT)
18/03/2026,"Hoodie UST embro (V,G,Y,B) @1800",2,THREADMARKED (PAID)
18/03/2026,0.50L B1T1 Tumbler (MCX-A501) Push Button Lid,1,TIGER FLASK
18/03/2026,Ceramic Mug 18oz,2,TOP GUN PHILS.
18/03/2026,Trucker Cap,1,TOP GUN PHILS.
18/03/2026,Aquaflask,1,USTORE (PAID)
18/03/2026,Black Eco Bag,21,USTORE (PAID)
18/03/2026,C. Keychain,1,USTORE (PAID)
18/03/2026,College Sticker @120,1,USTORE (PAID)
18/03/2026,ID Case v2 @40,3,USTORE (PAID)
18/03/2026,Insignia Pen,1,USTORE (PAID)
18/03/2026,Lanyard @180,15,USTORE (PAID)
18/03/2026,MJ Sticker Small,3,USTORE (PAID)
18/03/2026,Notelet,4,USTORE (PAID)
18/03/2026,Stainless Eco Tumbler,4,USTORE (PAID)
18/03/2026,Tote Viva Santo Tomas,32,USTORE (PAID)
18/03/2026,Yellow Lanyard,1,USTORE (PAID)
21/03/2026,Black w/ Yellow UST Embro,1,BLAZE (CONSIGNMENT)
21/03/2026,Polo Shirt @800,1,BLAZE (CONSIGNMENT)
21/03/2026,UST College ID Lace,1,JUC (CONSIGNMENT)
21/03/2026,"UST OAT MUG (Y,W,B)",1,JUC (CONSIGNMENT)
21/03/2026,UST OAT T-Shirt Y/B/COLLEGE (XS-2XL),13,JUC (CONSIGNMENT)
21/03/2026,UST T-Shirt Santo Tomas Shirt/UST T-Shirt Tiger Pattern/HAPPY,12,JUC (CONSIGNMENT)
21/03/2026,UST T-Shirt Sporty,1,JUC (CONSIGNMENT)
21/03/2026,Corp Jacket V3,1,JYL ATHLETICA (CONSIGNMENT)
21/03/2026,Cotton Gray Jacket,1,JYL ATHLETICA (CONSIGNMENT)
21/03/2026,Dri-Fit Golden Tigresses,2,JYL ATHLETICA (CONSIGNMENT)
21/03/2026,"QUIANA SUBLI SHIRT (B&Y), 2 TONED",1,JYL ATHLETICA (CONSIGNMENT)
21/03/2026,Tiger Paw Keychain @375,1,MADEBYRUZ CONSUMER GOODS TRADING (CONSIGNMENT)
21/03/2026,S88 UAAP Poloshirt,1,SHIRT HAPPENS
21/03/2026,"Ballpen 3 Designs @50 (B,Y,W)",3,STITCH CORP. (PAID)
21/03/2026,Bamboo Notebook @150,1,STITCH CORP. (PAID)
21/03/2026,Bamboo Pen @60,2,STITCH CORP. (PAID)
21/03/2026,Arch @350,5,TET AND DARS (PAID)
21/03/2026,Logo Keychain @200,1,TET AND DARS (PAID)
21/03/2026,Logo Sticker @30,1,TET AND DARS (PAID)
21/03/2026,Pen @40,4,TET AND DARS (PAID)
21/03/2026,"Go USTE (W,Y,B) @450",1,THREADMARKED (CONSIGNMENT)
21/03/2026,"Keep Growling OS (B,V)",1,THREADMARKED (CONSIGNMENT)
21/03/2026,"UST Embro OS (B,V)",1,THREADMARKED (CONSIGNMENT)
21/03/2026,Automatic Umbrella,1,USTORE (PAID)
21/03/2026,Blanca Pen,5,USTORE (PAID)
21/03/2026,C. Keychain,3,USTORE (PAID)
21/03/2026,ID Case v2 @40,1,USTORE (PAID)
21/03/2026,Lanyard @180,8,USTORE (PAID)
21/03/2026,MJ Sticker Large,1,USTORE (PAID)
21/03/2026,MJ Sticker Medium,2,USTORE (PAID)
21/03/2026,MJ Sticker Small,3,USTORE (PAID)
21/03/2026,Notelet,1,USTORE (PAID)
21/03/2026,Stainless Eco Tumbler,1,USTORE (PAID)
21/03/2026,Thomasian Kit,3,USTORE (PAID)
21/03/2026,Tiger Plushie Small,1,USTORE (PAID)
21/03/2026,Tote Bag Canvas White @160,2,USTORE (PAID)
21/03/2026,USTWBT Championship Shirt 2025,2,VARSITY LIFESTYLE (CONSIGNMENT)
21/03/2026,VL Keychain,1,VARSITY LIFESTYLE (CONSIGNMENT)
21/03/2026,"Y,B VL UST",2,VARSITY LIFESTYLE (CONSIGNMENT)
23/03/2026,Black w/ Yellow UST Embro,3,BLAZE (CONSIGNMENT)
23/03/2026,Triple Black Embro,1,BLAZE (CONSIGNMENT)
23/03/2026,UST College ID Lace,3,JUC (CONSIGNMENT)
23/03/2026,UST OAT Hoodie Jacket,2,JUC (CONSIGNMENT)
23/03/2026,UST OAT T-Shirt Y/B/COLLEGE (XS-2XL),7,JUC (CONSIGNMENT)
23/03/2026,UST Sweatshirt Sporty,1,JUC (CONSIGNMENT)
23/03/2026,UST T-Shirt Santo Tomas Shirt/UST T-Shirt Tiger Pattern/HAPPY,6,JUC (CONSIGNMENT)
23/03/2026,UST T-Shirt Sporty,4,JUC (CONSIGNMENT)
23/03/2026,Cotton Black Jacket,1,JYL ATHLETICA (CONSIGNMENT)
23/03/2026,Dri-Fit Golden Tigresses,4,JYL ATHLETICA (CONSIGNMENT)
23/03/2026,Machete V2,1,JYL ATHLETICA (CONSIGNMENT)
23/03/2026,"QUIANA SUBLI SHIRT (B&Y), 2 TONED",2,JYL ATHLETICA (CONSIGNMENT)
23/03/2026,Tiger Paw Keychain @375,3,MADEBYRUZ CONSUMER GOODS TRADING (CONSIGNMENT)
23/03/2026,Hoodies Breaker,1,NAPOLIZ ENTERPRISES (CONSIGNMENT)
23/03/2026,S88 UAAP Poloshirt,2,SHIRT HAPPENS
23/03/2026,"Double Canopy (B,Y)",3,STITCH CORP. (CONSIGNMENT)
23/03/2026,Tiger w/ Box,9,STITCH CORP. (CONSIGNMENT)
23/03/2026,Wearable Blanket,9,STITCH CORP. (CONSIGNMENT)
23/03/2026,"Ballpen 3 Designs @50 (B,Y,W)",1,STITCH CORP. (PAID)
23/03/2026,Bamboo Notebook @150,1,STITCH CORP. (PAID)
23/03/2026,Corp Jacket V2,12,STITCH CORP. (PAID)
23/03/2026,Arch @350,12,TET AND DARS (PAID)
23/03/2026,Logo Keychain @200,1,TET AND DARS (PAID)
23/03/2026,Pen @40,1,TET AND DARS (PAID)
23/03/2026,Trucker Cap,1,TOP GUN PHILS.
23/03/2026,Automatic Umbrella,3,USTORE (PAID)
23/03/2026,Black Eco Bag,10,USTORE (PAID)
23/03/2026,Blanca Pen,9,USTORE (PAID)
23/03/2026,Chibi Stickers,3,USTORE (PAID)
23/03/2026,ID Case v2 @40,1,USTORE (PAID)
23/03/2026,Lanyard @180,5,USTORE (PAID)
23/03/2026,Notelet,1,USTORE (PAID)
23/03/2026,Powerbank,1,USTORE (PAID)
23/03/2026,Stainless Eco Tumbler,2,USTORE (PAID)
23/03/2026,Tote Viva Santo Tomas,2,USTORE (PAID)
23/03/2026,Travel Mug,9,USTORE (PAID)
23/03/2026,Utensils,1,USTORE (PAID)
23/03/2026,Yellow Lanyard,2,USTORE (PAID)
23/03/2026,Yellow Notebook,9,USTORE (PAID)
23/03/2026,Lanyard,2,VARSITY LIFESTYLE (CONSIGNMENT)
23/03/2026,New GT Shirts,1,VARSITY LIFESTYLE (CONSIGNMENT)
23/03/2026,VL Keychain,10,VARSITY LIFESTYLE (CONSIGNMENT)
23/03/2026,VL Sticker Pack,1,VARSITY LIFESTYLE (CONSIGNMENT)
23/03/2026,"Y,B VL UST",1,VARSITY LIFESTYLE (CONSIGNMENT)
24/03/2026,Polo Shirt @800,2,BLAZE (CONSIGNMENT)
24/03/2026,UST College ID Lace,5,JUC (CONSIGNMENT)
24/03/2026,UST OAT MUG (Pure Black),6,JUC (CONSIGNMENT)
24/03/2026,UST OAT T-Shirt Y/B/COLLEGE (XS-2XL),4,JUC (CONSIGNMENT)
24/03/2026,UST T-Shirt Santo Tomas Shirt/UST T-Shirt Tiger Pattern/HAPPY,7,JUC (CONSIGNMENT)
24/03/2026,UST T-Shirt Sporty,2,JUC (CONSIGNMENT)
24/03/2026,Cotton Black Jacket,5,JYL ATHLETICA (CONSIGNMENT)
24/03/2026,Dri-Fit Golden Tigresses,3,JYL ATHLETICA (CONSIGNMENT)
24/03/2026,Poloshirt @800,1,JYL ATHLETICA (CONSIGNMENT)
24/03/2026,"QUIANA SUBLI SHIRT (B&Y), 2 TONED",2,JYL ATHLETICA (CONSIGNMENT)
24/03/2026,Tiger Paw Keychain @375,3,MADEBYRUZ CONSUMER GOODS TRADING (CONSIGNMENT)
24/03/2026,Hoodies Breaker,1,NAPOLIZ ENTERPRISES (CONSIGNMENT)
24/03/2026,Tiger w/ Box,7,STITCH CORP. (CONSIGNMENT)
24/03/2026,Bamboo Notebook @150,12,STITCH CORP. (PAID)
24/03/2026,Corp Jacket V2,2,STITCH CORP. (PAID)
24/03/2026,Arch @350,2,TET AND DARS (PAID)
24/03/2026,Logo Keychain @200,2,TET AND DARS (PAID)
24/03/2026,"UST Embro OS (B,V)",1,THREADMARKED (CONSIGNMENT)
24/03/2026,"UST TIGERS Oversized shirt (V,B) @650",2,THREADMARKED (CONSIGNMENT)
24/03/2026,Varsity Jacket Embro,2,THREADMARKED (PAID)
24/03/2026,1.2L Tumbler (MTA-T120) for Carbonated Drinks,1,TIGER FLASK
24/03/2026,Automatic Umbrella,2,USTORE (PAID)
24/03/2026,Black Eco Bag,10,USTORE (PAID)
24/03/2026,Lanyard @180,10,USTORE (PAID)
24/03/2026,MJ Sticker Small,3,USTORE (PAID)
24/03/2026,Scarf @490,3,USTORE (PAID)
24/03/2026,Thomasian Kit,3,USTORE (PAID)
24/03/2026,Tiger Plushie Small,1,USTORE (PAID)
24/03/2026,Tote Bag Canvas White @160,10,USTORE (PAID)
24/03/2026,Travel Mug,1,USTORE (PAID)
24/03/2026,Yellow Lanyard,1,USTORE (PAID)
24/03/2026,Lanyard,1,VARSITY LIFESTYLE (CONSIGNMENT)
24/03/2026,VL Keychain,2,VARSITY LIFESTYLE (CONSIGNMENT)
24/03/2026,VL Sticker Pack,1,VARSITY LIFESTYLE (CONSIGNMENT)
24/03/2026,"Y,B VL UST",1,VARSITY LIFESTYLE (CONSIGNMENT)
25/03/2026,UST College ID Lace,13,JUC (CONSIGNMENT)
25/03/2026,UST OAT Hoodie Jacket,2,JUC (CONSIGNMENT)
25/03/2026,"UST OAT MUG (Y,W,B)",34,JUC (CONSIGNMENT)
25/03/2026,UST OAT T-Shirt Y/B/COLLEGE (XS-2XL),11,JUC (CONSIGNMENT)
25/03/2026,UST T-Shirt Santo Tomas Shirt/UST T-Shirt Tiger Pattern/HAPPY,15,JUC (CONSIGNMENT)
25/03/2026,UST T-Shirt Sporty,3,JUC (CONSIGNMENT)
25/03/2026,UST T-Shirt Sporty UPSIZE (3XL-5XL),1,JUC (CONSIGNMENT)
25/03/2026,Corp Jacket V3,2,JYL ATHLETICA (CONSIGNMENT)
25/03/2026,DRI-FIT NEW,1,JYL ATHLETICA (CONSIGNMENT)
25/03/2026,Machete V2,1,JYL ATHLETICA (CONSIGNMENT)
25/03/2026,Poloshirt @800,2,JYL ATHLETICA (CONSIGNMENT)
25/03/2026,"QUIANA SUBLI SHIRT (B&Y), 2 TONED",3,JYL ATHLETICA (CONSIGNMENT)
25/03/2026,Tiger Paw Keychain @375,1,MADEBYRUZ CONSUMER GOODS TRADING (CONSIGNMENT)
25/03/2026,Hoodies Breaker,1,NAPOLIZ ENTERPRISES (CONSIGNMENT)
25/03/2026,S88 UAAP Poloshirt,4,SHIRT HAPPENS
25/03/2026,Baseball Cap METAL @380,1,STITCH CORP. (CONSIGNMENT)
25/03/2026,Wearable Blanket,1,STITCH CORP. (CONSIGNMENT)
25/03/2026,"Ballpen 3 Designs @50 (B,Y,W)",6,STITCH CORP. (PAID)
25/03/2026,Bamboo Notebook @150,5,STITCH CORP. (PAID)
25/03/2026,Corp Jacket V2,2,STITCH CORP. (PAID)
25/03/2026,Logo Keychain @200,4,TET AND DARS (PAID)
25/03/2026,Long Sticker @120,2,TET AND DARS (PAID)
25/03/2026,Pen @40,2,TET AND DARS (PAID)
25/03/2026,"Go USTE (W,Y,B) @450",1,THREADMARKED (CONSIGNMENT)
25/03/2026,"Keep Growling OS (B,V)",1,THREADMARKED (CONSIGNMENT)
25/03/2026,"UST Embro OS (B,V)",2,THREADMARKED (CONSIGNMENT)
25/03/2026,"UST TIGERS Oversized shirt (V,B) @650",1,THREADMARKED (CONSIGNMENT)
25/03/2026,"Hoodie UST embro (V,G,Y,B) @1800",5,THREADMARKED (PAID)
25/03/2026,Two-toned windbreaker @1700,1,THREADMARKED (PAID)
25/03/2026,Varsity Jacket Embro,1,THREADMARKED (PAID)
25/03/2026,800ml Sports Tumbler (MCZ-2080) screw lid anti bacterial,1,TIGER FLASK
25/03/2026,Ceramic Mug 18oz,4,TOP GUN PHILS.
25/03/2026,Black Eco Bag,7,USTORE (PAID)
25/03/2026,Blanca Pen,2,USTORE (PAID)
25/03/2026,Button Pin (Big),2,USTORE (PAID)
25/03/2026,Chibi Stickers,3,USTORE (PAID)
25/03/2026,ID Case v2 @40,2,USTORE (PAID)
25/03/2026,Insignia Pen,1,USTORE (PAID)
25/03/2026,Lanyard @180,10,USTORE (PAID)
25/03/2026,MJ Sticker Large,6,USTORE (PAID)
25/03/2026,MJ Sticker Medium,7,USTORE (PAID)
25/03/2026,MJ Sticker Small,7,USTORE (PAID)
25/03/2026,Notelet,1,USTORE (PAID)
25/03/2026,Picasso Pen,2,USTORE (PAID)
25/03/2026,Scarf @490,1,USTORE (PAID)
25/03/2026,Tiger Plushie Small,7,USTORE (PAID)
25/03/2026,Tote Bag Canvas White @160,2,USTORE (PAID)
25/03/2026,Tote Viva Santo Tomas,3,USTORE (PAID)
25/03/2026,Travel Mug,6,USTORE (PAID)
25/03/2026,Yellow Lanyard,7,USTORE (PAID)
25/03/2026,Yellow Notebook,1,USTORE (PAID)
25/03/2026,Lanyard,10,VARSITY LIFESTYLE (CONSIGNMENT)
25/03/2026,Long Sticker,1,VARSITY LIFESTYLE (CONSIGNMENT)
25/03/2026,VL Keychain,4,VARSITY LIFESTYLE (CONSIGNMENT)
25/03/2026,"Y,B VL UST",1,VARSITY LIFESTYLE (CONSIGNMENT)
28/03/2026,White Embro,2,BLAZE (CONSIGNMENT)
28/03/2026,Shirts all @450 UPSIZE (3XL-4XL),1,JUC (CONSIGNMENT)
28/03/2026,Shirts all @450 UPSIZE (5XL),1,JUC (CONSIGNMENT)
28/03/2026,UST College ID Lace,8,JUC (CONSIGNMENT)
28/03/2026,UST OAT Hoodie Jacket,3,JUC (CONSIGNMENT)
28/03/2026,"UST OAT MUG (Y,W,B)",6,JUC (CONSIGNMENT)
28/03/2026,UST OAT T-Shirt Y/B/COLLEGE (XS-2XL),5,JUC (CONSIGNMENT)
28/03/2026,UST T-Shirt Santo Tomas Shirt/UST T-Shirt Tiger Pattern/HAPPY,9,JUC (CONSIGNMENT)
28/03/2026,UST T-Shirt Sporty,1,JUC (CONSIGNMENT)
28/03/2026,"Baseball Shirt (Y,W)",1,JYL ATHLETICA (CONSIGNMENT)
28/03/2026,Dri-Fit Golden Tigresses,1,JYL ATHLETICA (CONSIGNMENT)
28/03/2026,Machete V2,2,JYL ATHLETICA (CONSIGNMENT)
28/03/2026,"QUIANA SUBLI SHIRT (B&Y), 2 TONED",9,JYL ATHLETICA (CONSIGNMENT)
28/03/2026,Tiger Claw,1,MADEBYRUZ CONSUMER GOODS TRADING (CONSIGNMENT)
28/03/2026,Tiger Paw Keychain @375,1,MADEBYRUZ CONSUMER GOODS TRADING (CONSIGNMENT)
28/03/2026,Go Fight UST Shirt,6,SHIRT HAPPENS
28/03/2026,S88 UAAP Poloshirt,2,SHIRT HAPPENS
28/03/2026,Tiger w/ Box,1,STITCH CORP. (CONSIGNMENT)
28/03/2026,Wearable Blanket,2,STITCH CORP. (CONSIGNMENT)
28/03/2026,"Ballpen 3 Designs @50 (B,Y,W)",4,STITCH CORP. (PAID)
28/03/2026,Bamboo Notebook @150,2,STITCH CORP. (PAID)
28/03/2026,Arch @350,1,TET AND DARS (PAID)
28/03/2026,Logo Keychain @200,1,TET AND DARS (PAID)
28/03/2026,Logo Sticker @30,2,TET AND DARS (PAID)
28/03/2026,Long Sticker @120,2,TET AND DARS (PAID)
28/03/2026,Pen @40,56,TET AND DARS (PAID)
28/03/2026,"Go USTE (W,Y,B) @450",7,THREADMARKED (CONSIGNMENT)
28/03/2026,"Keep Growling OS (B,V)",2,THREADMARKED (CONSIGNMENT)
28/03/2026,"UST Embro OS (B,V)",12,THREADMARKED (CONSIGNMENT)
28/03/2026,"UST TIGERS Oversized shirt (V,B) @650",1,THREADMARKED (CONSIGNMENT)
28/03/2026,"Hoodie UST embro (V,G,Y,B) @1800",2,THREADMARKED (PAID)
28/03/2026,Two-toned windbreaker @1700,1,THREADMARKED (PAID)
28/03/2026,Varsity Jacket Embro,4,THREADMARKED (PAID)
28/03/2026,Ceramic Mug 18oz,1,TOP GUN PHILS.
28/03/2026,Black Eco Bag,1,USTORE (PAID)
28/03/2026,C. Keychain,34,USTORE (PAID)
28/03/2026,Chibi Stickers,5,USTORE (PAID)
28/03/2026,Lanyard @180,10,USTORE (PAID)
28/03/2026,MJ Sticker Large,6,USTORE (PAID)
28/03/2026,MJ Sticker Medium,4,USTORE (PAID)
28/03/2026,MJ Sticker Small,2,USTORE (PAID)
28/03/2026,Notelet,117,USTORE (PAID)
28/03/2026,Powerbank,2,USTORE (PAID)
28/03/2026,Scarf @490,2,USTORE (PAID)
28/03/2026,Tiger Plushie Small,2,USTORE (PAID)
28/03/2026,Tote Bag Canvas White @160,2,USTORE (PAID)
28/03/2026,Tote Viva Santo Tomas,5,USTORE (PAID)
28/03/2026,Travel Mug,2,USTORE (PAID)
28/03/2026,Yellow Notebook,1,USTORE (PAID)
28/03/2026,USTWBT Championship Shirt 2025,1,VARSITY LIFESTYLE (CONSIGNMENT)
28/03/2026,VL Keychain,1,VARSITY LIFESTYLE (CONSIGNMENT)
28/03/2026,"Y,B VL UST",1,VARSITY LIFESTYLE (CONSIGNMENT)
29/03/2026,Black w/ Yellow UST Embro,3,BLAZE (CONSIGNMENT)
29/03/2026,Triple Black Embro,3,BLAZE (CONSIGNMENT)
29/03/2026,White Embro,1,BLAZE (CONSIGNMENT)
29/03/2026,UST College ID Lace,4,JUC (CONSIGNMENT)
29/03/2026,UST OAT Hoodie Jacket,5,JUC (CONSIGNMENT)
29/03/2026,"UST OAT MUG (Y,W,B)",1,JUC (CONSIGNMENT)
29/03/2026,UST OAT T-Shirt Y/B/COLLEGE (XS-2XL),6,JUC (CONSIGNMENT)
29/03/2026,UST T-Shirt Santo Tomas Shirt/UST T-Shirt Tiger Pattern/HAPPY,17,JUC (CONSIGNMENT)
29/03/2026,UST T-Shirt Sporty,3,JUC (CONSIGNMENT)
29/03/2026,"Baseball Shirt (Y,W)",3,JYL ATHLETICA (CONSIGNMENT)
29/03/2026,Corp Jacket V3,4,JYL ATHLETICA (CONSIGNMENT)
29/03/2026,Cotton Black Jacket,1,JYL ATHLETICA (CONSIGNMENT)
29/03/2026,Cotton Brush Jacket,1,JYL ATHLETICA (CONSIGNMENT)
29/03/2026,Dri-Fit Golden Tigresses,13,JYL ATHLETICA (CONSIGNMENT)
29/03/2026,DRI-FIT NEW,4,JYL ATHLETICA (CONSIGNMENT)
29/03/2026,Jersey Short,4,JYL ATHLETICA (CONSIGNMENT)
29/03/2026,Machete V2,1,JYL ATHLETICA (CONSIGNMENT)
29/03/2026,"QUIANA SUBLI SHIRT (B&Y), 2 TONED",14,JYL ATHLETICA (CONSIGNMENT)
29/03/2026,Tiger Claw,5,MADEBYRUZ CONSUMER GOODS TRADING (CONSIGNMENT)
29/03/2026,Tiger Costume,2,MADEBYRUZ CONSUMER GOODS TRADING (CONSIGNMENT)
29/03/2026,Tiger Headband (2 Designs),6,MADEBYRUZ CONSUMER GOODS TRADING (CONSIGNMENT)
29/03/2026,Tiger Paw Keychain @375,6,MADEBYRUZ CONSUMER GOODS TRADING (CONSIGNMENT)
29/03/2026,UST Arch Clicker,2,MADEBYRUZ CONSUMER GOODS TRADING (CONSIGNMENT)
29/03/2026,UST Logo Clicker,1,MADEBYRUZ CONSUMER GOODS TRADING (CONSIGNMENT)
29/03/2026,Hoodies Breaker,2,NAPOLIZ ENTERPRISES (CONSIGNMENT)
29/03/2026,Baseball Cap METAL @380,4,STITCH CORP. (CONSIGNMENT)
29/03/2026,"Double Canopy (B,Y)",1,STITCH CORP. (CONSIGNMENT)
29/03/2026,Tiger w/ Box,1,STITCH CORP. (CONSIGNMENT)
29/03/2026,"Ballpen 3 Designs @50 (B,Y,W)",6,STITCH CORP. (PAID)
29/03/2026,Corp Jacket V2,2,STITCH CORP. (PAID)
29/03/2026,Logo Keychain @200,1,TET AND DARS (PAID)
29/03/2026,Logo Sticker @30,1,TET AND DARS (PAID)
29/03/2026,Long Sticker @120,3,TET AND DARS (PAID)
29/03/2026,"Go USTE (W,Y,B) @450",6,THREADMARKED (CONSIGNMENT)
29/03/2026,"Keep Growling OS (B,V)",2,THREADMARKED (CONSIGNMENT)
29/03/2026,"UST Embro OS (B,V)",15,THREADMARKED (CONSIGNMENT)
29/03/2026,"UST TIGERS Oversized shirt (V,B) @650",1,THREADMARKED (CONSIGNMENT)
29/03/2026,"Hoodie UST embro (V,G,Y,B) @1800",3,THREADMARKED (PAID)
29/03/2026,Two-toned windbreaker @1700,1,THREADMARKED (PAID)
29/03/2026,Varsity Jacket Embro,7,THREADMARKED (PAID)
29/03/2026,Aquaflask,1,USTORE (PAID)
29/03/2026,Black Eco Bag,3,USTORE (PAID)
29/03/2026,C. Keychain,5,USTORE (PAID)
29/03/2026,Chibi Stickers,1,USTORE (PAID)
29/03/2026,Clappers,5,USTORE (PAID)
29/03/2026,ID Case v2 @40,1,USTORE (PAID)
29/03/2026,Lanyard @180,12,USTORE (PAID)
29/03/2026,MJ Sticker Medium,7,USTORE (PAID)
29/03/2026,MJ Sticker Small,4,USTORE (PAID)
29/03/2026,Scarf @490,1,USTORE (PAID)
29/03/2026,Thomasian Kit,1,USTORE (PAID)
29/03/2026,Tiger Plushie Small,1,USTORE (PAID)
29/03/2026,Yellow Lanyard,2,USTORE (PAID)
29/03/2026,Lanyard,2,VARSITY LIFESTYLE (CONSIGNMENT)
29/03/2026,New GT Shirts,1,VARSITY LIFESTYLE (CONSIGNMENT)
29/03/2026,VL Keychain,3,VARSITY LIFESTYLE (CONSIGNMENT)
29/03/2026,"Y,B VL UST",5,VARSITY LIFESTYLE (CONSIGNMENT)
05/04/2026,Triple Black Embro,2,BLAZE (CONSIGNMENT)
05/04/2026,White Embro,1,BLAZE (CONSIGNMENT)
05/04/2026,UST College ID Lace,5,JUC (CONSIGNMENT)
05/04/2026,UST OAT T-Shirt Y/B/COLLEGE,1,JUC (CONSIGNMENT)
05/04/2026,UST Sweatshirt Sporty,1,JUC (CONSIGNMENT)
05/04/2026,UST T-Shirt Santo Tomas Shirt/UST T-Shirt Tiger Pattern/HAPPY/Script,7,JUC (CONSIGNMENT)
05/04/2026,UST T-Shirt Sporty,3,JUC (CONSIGNMENT)
05/04/2026,Cotton Black Jacket,1,JYL ATHLETICA (CONSIGNMENT)
05/04/2026,Cotton Gray Jacket,1,JYL ATHLETICA (CONSIGNMENT)
05/04/2026,Dri-Fit Golden Tigresses,5,JYL ATHLETICA (CONSIGNMENT)
05/04/2026,Jacket,1,JYL ATHLETICA (CONSIGNMENT)
05/04/2026,Jersey Short,6,JYL ATHLETICA (CONSIGNMENT)
05/04/2026,Machete V2,1,JYL ATHLETICA (CONSIGNMENT)
05/04/2026,Poloshirt @800,1,JYL ATHLETICA (CONSIGNMENT)
05/04/2026,"QUIANA SUBLI SHIRT (B&Y), 2 TONED",4,JYL ATHLETICA (CONSIGNMENT)
05/04/2026,Tiger Claw,5,MADEBYRUZ CONSUMER GOODS TRADING (CONSIGNMENT)
05/04/2026,Tiger Headband (2 Designs),2,MADEBYRUZ CONSUMER GOODS TRADING (CONSIGNMENT)
05/04/2026,Tiger Paw Keychain @375,14,MADEBYRUZ CONSUMER GOODS TRADING (CONSIGNMENT)
05/04/2026,UST Arch Clicker,2,MADEBYRUZ CONSUMER GOODS TRADING (CONSIGNMENT)
05/04/2026,Tiger w/ Box,1,STITCH CORP. (BLEEVES CONSIGNMENT)
05/04/2026,Wearable Blanket,2,STITCH CORP. (BLEEVES CONSIGNMENT)
05/04/2026,"Ballpen 3 Designs @50 (B,Y,W)",11,STITCH CORP. (PAID)
05/04/2026,Bamboo Pen @60,1,STITCH CORP. (PAID)
05/04/2026,Corp Jacket V2,1,STITCH CORP. (PAID)
05/04/2026,Kraft Notebook @130,1,STITCH CORP. (PAID)
05/04/2026,Arch @350,1,TET AND DARS (PAID)
05/04/2026,Logo Keychain @200,1,TET AND DARS (PAID)
05/04/2026,Long Sticker @120,1,TET AND DARS (PAID)
05/04/2026,"Go USTE (W,Y,B) @450",3,THREADMARKED (CONSIGNMENT)
05/04/2026,"Keep Growling OS (B,V)",2,THREADMARKED (CONSIGNMENT)
05/04/2026,"UST Embro OS (B,V)",6,THREADMARKED (CONSIGNMENT)
05/04/2026,"UST TIGERS Oversized shirt (V,B) @650",2,THREADMARKED (CONSIGNMENT)
05/04/2026,"Hoodie UST embro (V,G,Y,B) @1800",1,THREADMARKED (PAID)
05/04/2026,Trucker Cap,2,TOP GUN PHILS. (PAID)
05/04/2026,Black Eco Bag,2,USTORE (PAID)
05/04/2026,Button Pin (Big),1,USTORE (PAID)
05/04/2026,Chibi Stickers,2,USTORE (PAID)
05/04/2026,Clappers,17,USTORE (PAID)
05/04/2026,College Sticker @120,2,USTORE (PAID)
05/04/2026,Lanyard @180,5,USTORE (PAID)
05/04/2026,MJ Sticker Large,5,USTORE (PAID)
05/04/2026,MJ Sticker Medium,7,USTORE (PAID)
05/04/2026,MJ Sticker Small,6,USTORE (PAID)
05/04/2026,Thomasian Kit,1,USTORE (PAID)
05/04/2026,Tiger Plushie Small,1,USTORE (PAID)
05/04/2026,Tote Viva Santo Tomas,2,USTORE (PAID)
05/04/2026,Yellow Lanyard,1,USTORE (PAID)
05/04/2026,Yellow Notebook,2,USTORE (PAID)
05/04/2026,"Y,B VL UST",2,VARSITY LIFESTYLE (CONSIGNMENT)
07/04/2026,Black w/ Yellow UST Embro,1,BLAZE (CONSIGNMENT)
07/04/2026,Triple Black Embro,1,BLAZE (CONSIGNMENT)
07/04/2026,Shirts all @450 UPSIZE (3XL-4XL),1,JUC (CONSIGNMENT)
07/04/2026,UST College ID Lace,4,JUC (CONSIGNMENT)
07/04/2026,UST OAT Hoodie Jacket,1,JUC (CONSIGNMENT)
07/04/2026,"UST OAT MUG (Y,W,B)",2,JUC (CONSIGNMENT)
07/04/2026,UST OAT T-Shirt Y/B/COLLEGE,2,JUC (CONSIGNMENT)
07/04/2026,UST T-Shirt Santo Tomas Shirt/UST T-Shirt Tiger Pattern/HAPPY/Script,5,JUC (CONSIGNMENT)
07/04/2026,UST T-Shirt Sporty,3,JUC (CONSIGNMENT)
07/04/2026,Dri-Fit Golden Tigresses,1,JYL ATHLETICA (CONSIGNMENT)
07/04/2026,Poloshirt 123456 @860,1,JYL ATHLETICA (CONSIGNMENT)
07/04/2026,Poloshirt @800,1,JYL ATHLETICA (CONSIGNMENT)
07/04/2026,"QUIANA SUBLI SHIRT (B&Y), 2 TONED",6,JYL ATHLETICA (CONSIGNMENT)
07/04/2026,S88 UAAP Poloshirt,1,SHIRT HAPPENS (CONSIGNMENT)
07/04/2026,Baseball Cap METAL @380,1,STITCH CORP. (BLEEVES CONSIGNMENT)
07/04/2026,"Double Canopy (B,Y)",4,STITCH CORP. (BLEEVES CONSIGNMENT)
07/04/2026,Tiger w/ Box,1,STITCH CORP. (BLEEVES CONSIGNMENT)
07/04/2026,Corp Jacket V2,1,STITCH CORP. (PAID)
07/04/2026,Arch @350,8,TET AND DARS (PAID)
07/04/2026,Logo Keychain @200,4,TET AND DARS (PAID)
07/04/2026,"Go USTE (W,Y,B) @450",1,THREADMARKED (CONSIGNMENT)
07/04/2026,"Hoodie UST embro (V,G,Y,B) @1800",6,THREADMARKED (PAID)
07/04/2026,Varsity Jacket Embro,2,THREADMARKED (PAID)
07/04/2026,Automatic Umbrella,2,USTORE (PAID)
07/04/2026,Black Eco Bag,6,USTORE (PAID)
07/04/2026,ID Case v2 @40,4,USTORE (PAID)
07/04/2026,Lanyard @180,11,USTORE (PAID)
07/04/2026,Picasso Pen,1,USTORE (PAID)
07/04/2026,Tiger Plushie Small,6,USTORE (PAID)
07/04/2026,Tote Viva Santo Tomas,14,USTORE (PAID)
07/04/2026,Yellow Lanyard,2,USTORE (PAID)
07/04/2026,VL Lanyard,1,VARSITY LIFESTYLE (CONSIGNMENT)
07/04/2026,"Y,B VL UST",1,VARSITY LIFESTYLE (CONSIGNMENT)
08/04/2026,Shirts all @450 UPSIZE (3XL-4XL),1,JUC (CONSIGNMENT)
08/04/2026,UST College ID Lace,4,JUC (CONSIGNMENT)
08/04/2026,UST OAT T-Shirt Y/B/COLLEGE,10,JUC (CONSIGNMENT)
08/04/2026,UST Sweatshirt Sporty,2,JUC (CONSIGNMENT)
08/04/2026,UST T-Shirt Santo Tomas Shirt/UST T-Shirt Tiger Pattern/HAPPY/Script,25,JUC (CONSIGNMENT)
08/04/2026,UST T-Shirt Sporty,1,JUC (CONSIGNMENT)
08/04/2026,Dri-Fit Golden Tigresses,1,JYL ATHLETICA (CONSIGNMENT)
08/04/2026,Poloshirt @800,1,JYL ATHLETICA (CONSIGNMENT)
08/04/2026,"QUIANA SUBLI SHIRT (B&Y), 2 TONED",2,JYL ATHLETICA (CONSIGNMENT)
08/04/2026,Tiger Paw Keychain @375,2,MADEBYRUZ CONSUMER GOODS TRADING (CONSIGNMENT)
08/04/2026,S88 UAAP Poloshirt,2,SHIRT HAPPENS (CONSIGNMENT)
08/04/2026,Baseball Cap METAL @380,1,STITCH CORP. (BLEEVES CONSIGNMENT)
08/04/2026,Tiger w/ Box,1,STITCH CORP. (BLEEVES CONSIGNMENT)
08/04/2026,Bamboo Notebook @150,1,STITCH CORP. (PAID)
08/04/2026,Bamboo Pen @60,2,STITCH CORP. (PAID)
08/04/2026,Corp Jacket V2,1,STITCH CORP. (PAID)
08/04/2026,Kraft Notebook @130,18,STITCH CORP. (PAID)
08/04/2026,Arch @350,5,TET AND DARS (PAID)
08/04/2026,Long Sticker @120,4,TET AND DARS (PAID)
08/04/2026,"UST Embro OS (B,V)",4,THREADMARKED (CONSIGNMENT)
08/04/2026,"UST TIGERS Oversized shirt (V,B) @650",1,THREADMARKED (CONSIGNMENT)
08/04/2026,Two-toned windbreaker @1700,2,THREADMARKED (PAID)
08/04/2026,Varsity Jacket Embro,2,THREADMARKED (PAID)
08/04/2026,Aquaflask,2,USTORE (PAID)
08/04/2026,Automatic Umbrella,1,USTORE (PAID)
08/04/2026,Black Eco Bag,4,USTORE (PAID)
08/04/2026,C. Keychain,1,USTORE (PAID)
08/04/2026,Clappers,5,USTORE (PAID)
08/04/2026,Lanyard @180,6,USTORE (PAID)
08/04/2026,MJ Sticker Large,1,USTORE (PAID)
08/04/2026,MJ Sticker Small,8,USTORE (PAID)
08/04/2026,Notelet,1,USTORE (PAID)
08/04/2026,Scarf @490,1,USTORE (PAID)
08/04/2026,Stainless Eco Tumbler,1,USTORE (PAID)
08/04/2026,Tote Bag Canvas White @160,1,USTORE (PAID)
08/04/2026,Tote Viva Santo Tomas,1,USTORE (PAID)
08/04/2026,Long Sticker,1,VARSITY LIFESTYLE (CONSIGNMENT)
08/04/2026,New GT Shirts,4,VARSITY LIFESTYLE (CONSIGNMENT)
08/04/2026,USTWBT Championship Shirt 2025,1,VARSITY LIFESTYLE (CONSIGNMENT)
08/04/2026,VL Sticker Pack,3,VARSITY LIFESTYLE (CONSIGNMENT)
08/04/2026,"Y,B VL UST",1,VARSITY LIFESTYLE (CONSIGNMENT)
10/04/2026,Triple Black Embro,1,BLAZE (CONSIGNMENT)
10/04/2026,Shirts all @450 UPSIZE (3XL-4XL),2,JUC (CONSIGNMENT)
10/04/2026,Shirts all @450 UPSIZE (5XL),2,JUC (CONSIGNMENT)
10/04/2026,UST College ID Lace,5,JUC (CONSIGNMENT)
10/04/2026,UST OAT Hoodie Jacket,3,JUC (CONSIGNMENT)
10/04/2026,"UST OAT MUG (Y,W,B)",4,JUC (CONSIGNMENT)
10/04/2026,UST OAT T-Shirt Y/B/COLLEGE,6,JUC (CONSIGNMENT)
10/04/2026,UST Sweatshirt Sporty,1,JUC (CONSIGNMENT)
10/04/2026,UST T-Shirt Santo Tomas Shirt/UST T-Shirt Tiger Pattern/HAPPY/Script,5,JUC (CONSIGNMENT)
10/04/2026,"Baseball Shirt (Y,W)",1,JYL ATHLETICA (CONSIGNMENT)
10/04/2026,Corp Jacket V3,1,JYL ATHLETICA (CONSIGNMENT)
10/04/2026,Cotton Black Jacket,1,JYL ATHLETICA (CONSIGNMENT)
10/04/2026,Dri-Fit Golden Tigresses,4,JYL ATHLETICA (CONSIGNMENT)
10/04/2026,DRI-FIT NEW,2,JYL ATHLETICA (CONSIGNMENT)
10/04/2026,Jacket,2,JYL ATHLETICA (CONSIGNMENT)
10/04/2026,Jersey Short,2,JYL ATHLETICA (CONSIGNMENT)
10/04/2026,Machete V2,2,JYL ATHLETICA (CONSIGNMENT)
10/04/2026,Poloshirt 123456 @860,1,JYL ATHLETICA (CONSIGNMENT)
10/04/2026,"QUIANA SUBLI SHIRT (B&Y), 2 TONED",7,JYL ATHLETICA (CONSIGNMENT)
10/04/2026,Hoodies Breaker,1,NAPOLIZ ENTERPRISES (CONSIGNMENT)
10/04/2026,Tiger w/ Box,1,STITCH CORP. (BLEEVES CONSIGNMENT)
10/04/2026,Bamboo Notebook @150,16,STITCH CORP. (PAID)
10/04/2026,Corp Jacket V2,2,STITCH CORP. (PAID)
10/04/2026,Kraft Notebook @130,7,STITCH CORP. (PAID)
10/04/2026,Arch @350,2,TET AND DARS (PAID)
10/04/2026,Logo Keychain @200,2,TET AND DARS (PAID)
10/04/2026,"Go USTE (W,Y,B) @450",1,THREADMARKED (CONSIGNMENT)
10/04/2026,"UST Embro OS (B,V)",2,THREADMARKED (CONSIGNMENT)
10/04/2026,Two-toned windbreaker @1700,1,THREADMARKED (PAID)
10/04/2026,Varsity Jacket Embro,2,THREADMARKED (PAID)
10/04/2026,5M Rotating Keychain,1,USTORE (PAID)
10/04/2026,Aquaflask,1,USTORE (PAID)
10/04/2026,Black Eco Bag,3,USTORE (PAID)
10/04/2026,C. Keychain,3,USTORE (PAID)
10/04/2026,Chibi Stickers,2,USTORE (PAID)
10/04/2026,College Sticker @120,1,USTORE (PAID)
10/04/2026,ID Case v2 @40,1,USTORE (PAID)
10/04/2026,Insignia Pen,1,USTORE (PAID)
10/04/2026,Lanyard @180,9,USTORE (PAID)
10/04/2026,MJ Charger,1,USTORE (PAID)
10/04/2026,Pencil,1,USTORE (PAID)
10/04/2026,Thomasian Kit,2,USTORE (PAID)
10/04/2026,Tiger Plushie Big,1,USTORE (PAID)
10/04/2026,Tiger Plushie Small,3,USTORE (PAID)
10/04/2026,Travel Mug,2,USTORE (PAID)
10/04/2026,Long Sticker,1,VARSITY LIFESTYLE (CONSIGNMENT)
10/04/2026,New GT Shirts,1,VARSITY LIFESTYLE (CONSIGNMENT)
10/04/2026,VL Lanyard,4,VARSITY LIFESTYLE (CONSIGNMENT)
10/04/2026,VL Sticker Pack,2,VARSITY LIFESTYLE (CONSIGNMENT)
10/04/2026,"Y,B VL UST",1,VARSITY LIFESTYLE (CONSIGNMENT)
11/04/2026,Polo Shirt @800,1,BLAZE (CONSIGNMENT)
11/04/2026,Shirts all @450 UPSIZE (3XL-4XL),1,JUC (CONSIGNMENT)
11/04/2026,UST College ID Lace,6,JUC (CONSIGNMENT)
11/04/2026,UST OAT Hoodie Jacket,2,JUC (CONSIGNMENT)
11/04/2026,"UST OAT MUG (Y,W,B)",2,JUC (CONSIGNMENT)
11/04/2026,UST OAT T-Shirt Y/B/COLLEGE,6,JUC (CONSIGNMENT)
11/04/2026,UST T-Shirt Santo Tomas Shirt/UST T-Shirt Tiger Pattern/HAPPY/Script,8,JUC (CONSIGNMENT)
11/04/2026,Corp Jacket V3,1,JYL ATHLETICA (CONSIGNMENT)
11/04/2026,Poloshirt 123456 @860,1,JYL ATHLETICA (CONSIGNMENT)
11/04/2026,Poloshirt @800,5,JYL ATHLETICA (CONSIGNMENT)
11/04/2026,"QUIANA SUBLI SHIRT (B&Y), 2 TONED",2,JYL ATHLETICA (CONSIGNMENT)
11/04/2026,Small Mystery Car,1,MADEBYRUZ CONSUMER GOODS TRADING (CONSIGNMENT)
11/04/2026,Tiger Paw Keychain @375,1,MADEBYRUZ CONSUMER GOODS TRADING (CONSIGNMENT)
11/04/2026,UST Arch Clicker,2,MADEBYRUZ CONSUMER GOODS TRADING (CONSIGNMENT)
11/04/2026,Tiger w/ Box,3,STITCH CORP. (BLEEVES CONSIGNMENT)
11/04/2026,"Ballpen 3 Designs @50 (B,Y,W)",10,STITCH CORP. (PAID)
11/04/2026,Bamboo Notebook @150,1,STITCH CORP. (PAID)
11/04/2026,Bamboo Pen @60,1,STITCH CORP. (PAID)
11/04/2026,Logo Sticker @30,3,TET AND DARS (PAID)
11/04/2026,"Go USTE (W,Y,B) @450",1,THREADMARKED (CONSIGNMENT)
11/04/2026,"UST Embro OS (B,V)",2,THREADMARKED (CONSIGNMENT)
11/04/2026,"Hoodie UST embro (V,G,Y,B) @1800",2,THREADMARKED (PAID)
11/04/2026,UST Keyboard Clicker (Fidget),1,THREADMARKED (PAID)
11/04/2026,Automatic Umbrella,2,USTORE (PAID)
11/04/2026,Black Eco Bag,2,USTORE (PAID)
11/04/2026,College Sticker @120,1,USTORE (PAID)
11/04/2026,ID Case v2 @40,1,USTORE (PAID)
11/04/2026,Insignia Pen,1,USTORE (PAID)
11/04/2026,Lanyard @180,11,USTORE (PAID)
11/04/2026,MJ Sticker Large,5,USTORE (PAID)
11/04/2026,MJ Sticker Medium,3,USTORE (PAID)
11/04/2026,MJ Sticker Small,4,USTORE (PAID)
11/04/2026,Tiger Plushie Small,1,USTORE (PAID)
11/04/2026,Tote Bag Canvas White @160,1,USTORE (PAID)
11/04/2026,Tote Viva Santo Tomas,4,USTORE (PAID)
11/04/2026,Long Sticker,1,VARSITY LIFESTYLE (CONSIGNMENT)
11/04/2026,New GT Shirts,2,VARSITY LIFESTYLE (CONSIGNMENT)
11/04/2026,VL Lanyard,1,VARSITY LIFESTYLE (CONSIGNMENT)
11/04/2026,VL Sticker Pack,1,VARSITY LIFESTYLE (CONSIGNMENT)
11/04/2026,"Y,B VL UST",2,VARSITY LIFESTYLE (CONSIGNMENT)
13/04/2026,Woven Sling Bag (SMALL),9,"ASSOCIATION FOR THE EDUCATIONAL ASSISTANCE OF POOR SEMINARIANS, INC."
13/04/2026,Woven Tote Bag (SMALL),5,"ASSOCIATION FOR THE EDUCATIONAL ASSISTANCE OF POOR SEMINARIANS, INC."
13/04/2026,Polo Shirt @800,4,BLAZE (CONSIGNMENT)
13/04/2026,UST College ID Lace,3,JUC (CONSIGNMENT)
13/04/2026,UST OAT Hoodie Jacket,2,JUC (CONSIGNMENT)
13/04/2026,"UST OAT MUG (Y,W,B)",1,JUC (CONSIGNMENT)
13/04/2026,UST Sweatshirt Sporty,1,JUC (CONSIGNMENT)
13/04/2026,UST T-Shirt Santo Tomas Shirt/UST T-Shirt Tiger Pattern/HAPPY/Script,8,JUC (CONSIGNMENT)
13/04/2026,UST T-Shirt Sporty,1,JUC (CONSIGNMENT)
13/04/2026,Corp Jacket V3,1,JYL ATHLETICA (CONSIGNMENT)
13/04/2026,Cotton Black Jacket,1,JYL ATHLETICA (CONSIGNMENT)
13/04/2026,Cotton Brush Jacket,2,JYL ATHLETICA (CONSIGNMENT)
13/04/2026,"QUIANA SUBLI SHIRT (B&Y), 2 TONED",2,JYL ATHLETICA (CONSIGNMENT)
13/04/2026,Hoodies Breaker,1,NAPOLIZ ENTERPRISES (CONSIGNMENT)
13/04/2026,Clock @550,40,STITCH CORP. (BLEEVES CONSIGNMENT)
13/04/2026,Clock @700,10,STITCH CORP. (BLEEVES CONSIGNMENT)
13/04/2026,Tiger w/ Box,12,STITCH CORP. (BLEEVES CONSIGNMENT)
13/04/2026,"Ballpen 3 Designs @50 (B,Y,W)",4,STITCH CORP. (PAID)
13/04/2026,Corp Jacket V2,11,STITCH CORP. (PAID)
13/04/2026,Kraft Notebook @130,1,STITCH CORP. (PAID)
13/04/2026,Arch @350,1,TET AND DARS (PAID)
13/04/2026,Logo Keychain @200,4,TET AND DARS (PAID)
13/04/2026,"Go USTE (W,Y,B) @450",1,THREADMARKED (CONSIGNMENT)
13/04/2026,"Keep Growling OS (B,V)",1,THREADMARKED (CONSIGNMENT)
13/04/2026,"UST TIGERS Oversized shirt (V,B) @650",2,THREADMARKED (CONSIGNMENT)
13/04/2026,"Hoodie UST embro (V,G,Y,B) @1800",1,THREADMARKED (PAID)
13/04/2026,UST Keyboard Clicker (Fidget),1,THREADMARKED (PAID)
13/04/2026,Varsity Jacket Embro,1,THREADMARKED (PAID)
13/04/2026,Ceramic Mug 18oz,1,TOP GUN PHILS. (PAID)
13/04/2026,Aquaflask,1,USTORE (PAID)
13/04/2026,Automatic Umbrella,1,USTORE (PAID)
13/04/2026,Black Eco Bag,5,USTORE (PAID)
13/04/2026,C. Keychain,1,USTORE (PAID)
13/04/2026,ID Case v2 @40,6,USTORE (PAID)
13/04/2026,Lanyard @180,10,USTORE (PAID)
13/04/2026,Stainless Eco Tumbler,30,USTORE (PAID)
13/04/2026,Tiger Plushie Small,6,USTORE (PAID)
13/04/2026,Tote Bag Canvas White @160,1,USTORE (PAID)
13/04/2026,Tote Viva Santo Tomas,80,USTORE (PAID)
13/04/2026,Travel Mug,6,USTORE (PAID)
13/04/2026,Utensils,12,USTORE (PAID)
13/04/2026,Yellow Lanyard,2,USTORE (PAID)
13/04/2026,VL Lanyard,1,VARSITY LIFESTYLE (CONSIGNMENT)
14/04/2026,UST College ID Lace,6,JUC (CONSIGNMENT)
14/04/2026,"UST OAT MUG (Y,W,B)",6,JUC (CONSIGNMENT)
14/04/2026,UST OAT T-Shirt Y/B/COLLEGE,2,JUC (CONSIGNMENT)
14/04/2026,UST Sweatshirt Sporty,3,JUC (CONSIGNMENT)
14/04/2026,UST T-Shirt Santo Tomas Shirt/UST T-Shirt Tiger Pattern/HAPPY/Script,3,JUC (CONSIGNMENT)
14/04/2026,UST T-Shirt Sporty,1,JUC (CONSIGNMENT)
14/04/2026,Dri-Fit Golden Tigresses,4,JYL ATHLETICA (CONSIGNMENT)
14/04/2026,Jersey Short,1,JYL ATHLETICA (CONSIGNMENT)
14/04/2026,"QUIANA SUBLI SHIRT (B&Y), 2 TONED",1,JYL ATHLETICA (CONSIGNMENT)
14/04/2026,Tiger Headband (2 Designs),1,MADEBYRUZ CONSUMER GOODS TRADING (CONSIGNMENT)
14/04/2026,Baseball Cap METAL @380,1,STITCH CORP. (BLEEVES CONSIGNMENT)
14/04/2026,Tiger w/ Box,3,STITCH CORP. (BLEEVES CONSIGNMENT)
14/04/2026,"Ballpen 3 Designs @50 (B,Y,W)",4,STITCH CORP. (PAID)
14/04/2026,Arch @350,1,TET AND DARS (PAID)
14/04/2026,Logo Sticker @30,2,TET AND DARS (PAID)
14/04/2026,"Go USTE (W,Y,B) @450",1,THREADMARKED (CONSIGNMENT)
14/04/2026,"Hoodie UST embro (V,G,Y,B) @1800",2,THREADMARKED (PAID)
14/04/2026,UST Keyboard Clicker (Fidget),3,THREADMARKED (PAID)
14/04/2026,Varsity Jacket Embro,1,THREADMARKED (PAID)
14/04/2026,Automatic Umbrella,5,USTORE (PAID)
14/04/2026,Black Eco Bag,5,USTORE (PAID)
14/04/2026,C. Keychain,1,USTORE (PAID)
14/04/2026,ID Case v2 @40,5,USTORE (PAID)
14/04/2026,Lanyard @180,8,USTORE (PAID)
14/04/2026,MJ Sticker Small,4,USTORE (PAID)
14/04/2026,Tote Viva Santo Tomas,7,USTORE (PAID)
14/04/2026,Travel Mug,10,USTORE (PAID)
14/04/2026,Yellow Lanyard,5,USTORE (PAID)
14/04/2026,Yellow Notebook,1,USTORE (PAID)
14/04/2026,VL Keychain,1,VARSITY LIFESTYLE (CONSIGNMENT)
14/04/2026,VL Lanyard,3,VARSITY LIFESTYLE (CONSIGNMENT)
14/04/2026,"Y,B VL UST",5,VARSITY LIFESTYLE (CONSIGNMENT)
18/04/2026,Black w/ Yellow UST Embro,1,BLAZE (CONSIGNMENT)
18/04/2026,Polo Shirt @800,1,BLAZE (CONSIGNMENT)
18/04/2026,Triple Black Embro,1,BLAZE (CONSIGNMENT)
18/04/2026,White Embro,1,BLAZE (CONSIGNMENT)
18/04/2026,Shirts all @450 UPSIZE (5XL),1,JUC (CONSIGNMENT)
18/04/2026,UST College ID Lace,5,JUC (CONSIGNMENT)
18/04/2026,UST OAT Hoodie Jacket,4,JUC (CONSIGNMENT)
18/04/2026,"UST OAT MUG (Y,W,B)",7,JUC (CONSIGNMENT)
18/04/2026,UST OAT T-Shirt Y/B/COLLEGE,6,JUC (CONSIGNMENT)
18/04/2026,UST T-Shirt Santo Tomas Shirt/UST T-Shirt Tiger Pattern/HAPPY/Script,10,JUC (CONSIGNMENT)
18/04/2026,Dri-Fit Golden Tigresses,5,JYL ATHLETICA (CONSIGNMENT)
18/04/2026,"QUIANA SUBLI SHIRT (B&Y), 2 TONED",1,JYL ATHLETICA (CONSIGNMENT)
18/04/2026,Tiger Paw Keychain @375,7,MADEBYRUZ CONSUMER GOODS TRADING (CONSIGNMENT)
18/04/2026,UST Arch Clicker,4,MADEBYRUZ CONSUMER GOODS TRADING (CONSIGNMENT)
18/04/2026,Hoodies Breaker,1,NAPOLIZ ENTERPRISES (CONSIGNMENT)
18/04/2026,Baseball Cap METAL @380,2,STITCH CORP. (BLEEVES CONSIGNMENT)
18/04/2026,"Double Canopy (B,Y)",1,STITCH CORP. (BLEEVES CONSIGNMENT)
18/04/2026,Tiger w/ Box,5,STITCH CORP. (BLEEVES CONSIGNMENT)
18/04/2026,"Ballpen 3 Designs @50 (B,Y,W)",8,STITCH CORP. (PAID)
18/04/2026,Bamboo Notebook @150,2,STITCH CORP. (PAID)
18/04/2026,Bamboo Pen @60,1,STITCH CORP. (PAID)
18/04/2026,Corp Jacket V2,3,STITCH CORP. (PAID)
18/04/2026,Arch @350,3,TET AND DARS (PAID)
18/04/2026,Logo Keychain @200,4,TET AND DARS (PAID)
18/04/2026,Logo Sticker @30,7,TET AND DARS (PAID)
18/04/2026,Long Sticker @120,2,TET AND DARS (PAID)
18/04/2026,"Go USTE (W,Y,B) @450",1,THREADMARKED (CONSIGNMENT)
18/04/2026,"UST Embro OS (B,V)",1,THREADMARKED (CONSIGNMENT)
18/04/2026,"UST TIGERS Oversized shirt (V,B) @650",3,THREADMARKED (CONSIGNMENT)
18/04/2026,"Hoodie UST embro (V,G,Y,B) @1800",8,THREADMARKED (PAID)
18/04/2026,Varsity Jacket Embro,1,THREADMARKED (PAID)
18/04/2026,Ceramic Mug 18oz,2,TOP GUN PHILS. (PAID)
18/04/2026,Automatic Umbrella,3,USTORE (PAID)
18/04/2026,Black Eco Bag,5,USTORE (PAID)
18/04/2026,Blanca Pen,2,USTORE (PAID)
18/04/2026,C. Keychain,4,USTORE (PAID)
18/04/2026,Chibi Stickers,1,USTORE (PAID)
18/04/2026,Clappers,5,USTORE (PAID)
18/04/2026,College Sticker @120,2,USTORE (PAID)
18/04/2026,ID Case v2 @40,3,USTORE (PAID)
18/04/2026,Insignia Pen,4,USTORE (PAID)
18/04/2026,Lanyard @180,9,USTORE (PAID)
18/04/2026,MJ Sticker Large,2,USTORE (PAID)
18/04/2026,MJ Sticker Medium,2,USTORE (PAID)
18/04/2026,MJ Sticker Small,3,USTORE (PAID)
18/04/2026,Tiger Plushie Small,4,USTORE (PAID)
18/04/2026,Tote Viva Santo Tomas,1,USTORE (PAID)
18/04/2026,Yellow Lanyard,2,USTORE (PAID)
18/04/2026,Yellow Notebook,3,USTORE (PAID)
18/04/2026,New GT Shirts,1,VARSITY LIFESTYLE (CONSIGNMENT)
18/04/2026,VL Keychain,1,VARSITY LIFESTYLE (CONSIGNMENT)
18/04/2026,VL Lanyard,1,VARSITY LIFESTYLE (CONSIGNMENT)
18/04/2026,"Y,B VL UST",1,VARSITY LIFESTYLE (CONSIGNMENT)
21/04/2026,Canvass Bag,2,"ASSOCIATION FOR THE EDUCATIONAL ASSISTANCE OF POOR SEMINARIANS, INC."
21/04/2026,Polo Shirt @800,1,BLAZE (CONSIGNMENT)
21/04/2026,Triple Black Embro,1,BLAZE (CONSIGNMENT)
21/04/2026,Shirts all @450 UPSIZE (3XL-4XL),1,JUC (CONSIGNMENT)
21/04/2026,UST College ID Lace,5,JUC (CONSIGNMENT)
21/04/2026,"UST OAT MUG (Y,W,B)",10,JUC (CONSIGNMENT)
21/04/2026,UST OAT T-Shirt Y/B/COLLEGE,4,JUC (CONSIGNMENT)
21/04/2026,UST T-Shirt Santo Tomas Shirt/UST T-Shirt Tiger Pattern/HAPPY/Script,2,JUC (CONSIGNMENT)
21/04/2026,UST T-Shirt Sporty,1,JUC (CONSIGNMENT)
21/04/2026,Corp Jacket V3,1,JYL ATHLETICA (CONSIGNMENT)
21/04/2026,Cotton Brush Jacket,2,JYL ATHLETICA (CONSIGNMENT)
21/04/2026,Dri-Fit Golden Tigresses,3,JYL ATHLETICA (CONSIGNMENT)
21/04/2026,"QUIANA SUBLI SHIRT (B&Y), 2 TONED",2,JYL ATHLETICA (CONSIGNMENT)
21/04/2026,Small Mystery Car,2,MADEBYRUZ CONSUMER GOODS TRADING (CONSIGNMENT)
21/04/2026,Tiger Paw Keychain @375,6,MADEBYRUZ CONSUMER GOODS TRADING (CONSIGNMENT)
21/04/2026,Hoodies Breaker,1,NAPOLIZ ENTERPRISES (CONSIGNMENT)
21/04/2026,Baseball Cap METAL @380,1,STITCH CORP. (BLEEVES CONSIGNMENT)
21/04/2026,Tiger w/ Box,1,STITCH CORP. (BLEEVES CONSIGNMENT)
21/04/2026,Wearable Blanket,1,STITCH CORP. (BLEEVES CONSIGNMENT)
21/04/2026,Corp Jacket V2,3,STITCH CORP. (PAID)
21/04/2026,Kraft Notebook @130,6,STITCH CORP. (PAID)
21/04/2026,Logo Sticker @30,2,TET AND DARS (PAID)
21/04/2026,"Go USTE (W,Y,B) @450",5,THREADMARKED (CONSIGNMENT)
21/04/2026,"UST Embro OS (B,V)",2,THREADMARKED (CONSIGNMENT)
21/04/2026,UST Logo Embro Polo Shirt (XS-XL),3,THREADMARKED (CONSIGNMENT)
21/04/2026,"UST TIGERS Oversized shirt (V,B) @650",3,THREADMARKED (CONSIGNMENT)
21/04/2026,UST 3D Keychain,1,THREADMARKED (PAID)
21/04/2026,UST Keyboard Clicker (Fidget),3,THREADMARKED (PAID)
21/04/2026,Varsity Jacket Embro,1,THREADMARKED (PAID)
21/04/2026,Trucker Cap,2,TOP GUN PHILS. (PAID)
21/04/2026,Aquaflask,1,USTORE (PAID)
21/04/2026,Automatic Umbrella,5,USTORE (PAID)
21/04/2026,Black Eco Bag,8,USTORE (PAID)
21/04/2026,C. Keychain,1,USTORE (PAID)
21/04/2026,ID Case v2 @40,1,USTORE (PAID)
21/04/2026,Lanyard @180,9,USTORE (PAID)
21/04/2026,MJ Sticker Large,2,USTORE (PAID)
21/04/2026,MJ Sticker Medium,5,USTORE (PAID)
21/04/2026,MJ Sticker Small,7,USTORE (PAID)
21/04/2026,Thomasian Kit,30,USTORE (PAID)
21/04/2026,Tote Viva Santo Tomas,1,USTORE (PAID)
21/04/2026,Yellow Lanyard,2,USTORE (PAID)
21/04/2026,"Y,B VL UST",1,VARSITY LIFESTYLE (CONSIGNMENT)
22/04/2026,Triple Black Embro,1,BLAZE (CONSIGNMENT)
22/04/2026,UST College ID Lace,6,JUC (CONSIGNMENT)
22/04/2026,UST OAT Hoodie Jacket,2,JUC (CONSIGNMENT)
22/04/2026,"UST OAT MUG (Y,W,B)",9,JUC (CONSIGNMENT)
22/04/2026,UST OAT T-Shirt Y/B/COLLEGE,19,JUC (CONSIGNMENT)
22/04/2026,UST T-Shirt Santo Tomas Shirt/UST T-Shirt Tiger Pattern/HAPPY/Script,4,JUC (CONSIGNMENT)
22/04/2026,UST T-Shirt Sporty,1,JUC (CONSIGNMENT)
22/04/2026,"Baseball Shirt (Y,W)",1,JYL ATHLETICA (CONSIGNMENT)
22/04/2026,Cotton Brush Jacket,2,JYL ATHLETICA (CONSIGNMENT)
22/04/2026,Dri-Fit Golden Tigresses,1,JYL ATHLETICA (CONSIGNMENT)
22/04/2026,Jacket,3,JYL ATHLETICA (CONSIGNMENT)
22/04/2026,Jersey Short,3,JYL ATHLETICA (CONSIGNMENT)
22/04/2026,Poloshirt @800,1,JYL ATHLETICA (CONSIGNMENT)
22/04/2026,"QUIANA SUBLI SHIRT (B&Y), 2 TONED",4,JYL ATHLETICA (CONSIGNMENT)
22/04/2026,Tiger Costume,1,MADEBYRUZ CONSUMER GOODS TRADING (CONSIGNMENT)
22/04/2026,"Double Canopy (B,Y)",50,STITCH CORP. (BLEEVES CONSIGNMENT)
22/04/2026,Tiger w/ Box,10,STITCH CORP. (BLEEVES CONSIGNMENT)
22/04/2026,"Ballpen 3 Designs @50 (B,Y,W)",8,STITCH CORP. (PAID)
22/04/2026,Bamboo Notebook @150,5,STITCH CORP. (PAID)
22/04/2026,Corp Jacket V2,1,STITCH CORP. (PAID)
22/04/2026,Arch @350,3,TET AND DARS (PAID)
22/04/2026,"Go USTE (W,Y,B) @450",1,THREADMARKED (CONSIGNMENT)
22/04/2026,"UST Embro OS (B,V)",3,THREADMARKED (CONSIGNMENT)
22/04/2026,UST Logo Embro Polo Shirt (XS-XL),2,THREADMARKED (CONSIGNMENT)
22/04/2026,"Hoodie UST embro (V,G,Y,B) @1800",9,THREADMARKED (PAID)
22/04/2026,Two-toned windbreaker @1700,1,THREADMARKED (PAID)
22/04/2026,UST 3D Keychain,1,THREADMARKED (PAID)
22/04/2026,UST Keyboard Clicker (Fidget),4,THREADMARKED (PAID)
22/04/2026,Varsity Jacket Embro,1,THREADMARKED (PAID)
22/04/2026,Ceramic Mug 18oz,3,TOP GUN PHILS. (PAID)
22/04/2026,Aquaflask,2,USTORE (PAID)
22/04/2026,Automatic Umbrella,1,USTORE (PAID)
22/04/2026,Black Eco Bag,52,USTORE (PAID)
22/04/2026,Blanca Pen,1,USTORE (PAID)
22/04/2026,C. Keychain,1,USTORE (PAID)
22/04/2026,ID Case v2 @40,4,USTORE (PAID)
22/04/2026,Lanyard @180,3,USTORE (PAID)
22/04/2026,MJ Sticker Small,2,USTORE (PAID)
22/04/2026,Tiger Plushie Small,1,USTORE (PAID)
22/04/2026,Tote Viva Santo Tomas,2,USTORE (PAID)
22/04/2026,Travel Mug,15,USTORE (PAID)
22/04/2026,Yellow Lanyard,1,USTORE (PAID)
22/04/2026,Long Sticker,1,VARSITY LIFESTYLE (CONSIGNMENT)
22/04/2026,VL Sticker Pack,3,VARSITY LIFESTYLE (CONSIGNMENT)
22/04/2026,"Y,B VL UST",5,VARSITY LIFESTYLE (CONSIGNMENT)
23/04/2026,Black w/ Yellow UST Embro,1,BLAZE (CONSIGNMENT)
23/04/2026,Polo Shirt @800,1,BLAZE (CONSIGNMENT)
23/04/2026,White Embro,1,BLAZE (CONSIGNMENT)
23/04/2026,UST College ID Lace,5,JUC (CONSIGNMENT)
23/04/2026,UST OAT Hoodie Jacket,2,JUC (CONSIGNMENT)
23/04/2026,"UST OAT MUG (Y,W,B)",1,JUC (CONSIGNMENT)
23/04/2026,UST OAT T-Shirt Y/B/COLLEGE,5,JUC (CONSIGNMENT)
23/04/2026,UST Sweatshirt Sporty,4,JUC (CONSIGNMENT)
23/04/2026,UST T-Shirt Santo Tomas Shirt/UST T-Shirt Tiger Pattern/HAPPY/Script,5,JUC (CONSIGNMENT)
23/04/2026,Cotton Black Jacket,1,JYL ATHLETICA (CONSIGNMENT)
23/04/2026,Cotton Brush Jacket,1,JYL ATHLETICA (CONSIGNMENT)
23/04/2026,Dri-Fit Golden Tigresses,8,JYL ATHLETICA (CONSIGNMENT)
23/04/2026,Jersey Short,1,JYL ATHLETICA (CONSIGNMENT)
23/04/2026,"QUIANA SUBLI SHIRT (B&Y), 2 TONED",6,JYL ATHLETICA (CONSIGNMENT)
23/04/2026,Small Mystery Car,1,MADEBYRUZ CONSUMER GOODS TRADING (CONSIGNMENT)
23/04/2026,Tiger w/ Box,15,STITCH CORP. (BLEEVES CONSIGNMENT)
23/04/2026,"Ballpen 3 Designs @50 (B,Y,W)",3,STITCH CORP. (PAID)
23/04/2026,Bamboo Notebook @150,1,STITCH CORP. (PAID)
23/04/2026,Corp Jacket V2,5,STITCH CORP. (PAID)
23/04/2026,Arch @350,16,TET AND DARS (PAID)
23/04/2026,"UST Embro OS (B,V)",5,THREADMARKED (CONSIGNMENT)
23/04/2026,UST Logo Embro Polo Shirt (XS-XL),1,THREADMARKED (CONSIGNMENT)
23/04/2026,"UST TIGERS Oversized shirt (V,B) @650",2,THREADMARKED (CONSIGNMENT)
23/04/2026,"Hoodie UST embro (V,G,Y,B) @1800",1,THREADMARKED (PAID)
23/04/2026,UST Keyboard Clicker (Fidget),8,THREADMARKED (PAID)
23/04/2026,Varsity Jacket Embro,1,THREADMARKED (PAID)
23/04/2026,Automatic Umbrella,1,USTORE (PAID)
23/04/2026,Black Eco Bag,11,USTORE (PAID)
23/04/2026,C. Keychain,4,USTORE (PAID)
23/04/2026,ID Case v2 @40,1,USTORE (PAID)
23/04/2026,Lanyard @180,3,USTORE (PAID)
23/04/2026,MJ Sticker Large,1,USTORE (PAID)
23/04/2026,MJ Sticker Medium,1,USTORE (PAID)
23/04/2026,MJ Sticker Small,3,USTORE (PAID)
23/04/2026,Pencil,1,USTORE (PAID)
23/04/2026,Tote Viva Santo Tomas,2,USTORE (PAID)
23/04/2026,Travel Mug,2,USTORE (PAID)
23/04/2026,Utensils,1,USTORE (PAID)
23/04/2026,Yellow Lanyard,1,USTORE (PAID)
23/04/2026,New GT Shirts,1,VARSITY LIFESTYLE (CONSIGNMENT)
23/04/2026,VL Lanyard,1,VARSITY LIFESTYLE (CONSIGNMENT)
23/04/2026,"Y,B VL UST",2,VARSITY LIFESTYLE (CONSIGNMENT)
24/04/2026,Polo Shirt @800,1,BLAZE (CONSIGNMENT)
24/04/2026,UST College ID Lace,3,JUC (CONSIGNMENT)
24/04/2026,"UST OAT MUG (Y,W,B)",14,JUC (CONSIGNMENT)
24/04/2026,UST OAT T-Shirt Y/B/COLLEGE,9,JUC (CONSIGNMENT)
24/04/2026,UST Sweatshirt Sporty,1,JUC (CONSIGNMENT)
24/04/2026,UST T-Shirt Santo Tomas Shirt/UST T-Shirt Tiger Pattern/HAPPY/Script,11,JUC (CONSIGNMENT)
24/04/2026,UST T-Shirt Sporty,5,JUC (CONSIGNMENT)
24/04/2026,UST T-Shirt Sporty UPSIZE (3XL-5XL),1,JUC (CONSIGNMENT)
24/04/2026,"Baseball Shirt (Y,W)",1,JYL ATHLETICA (CONSIGNMENT)
24/04/2026,Cotton Black Jacket,1,JYL ATHLETICA (CONSIGNMENT)
24/04/2026,Dri-Fit Golden Tigresses,6,JYL ATHLETICA (CONSIGNMENT)
24/04/2026,DRI-FIT NEW,1,JYL ATHLETICA (CONSIGNMENT)
24/04/2026,Jersey Short,1,JYL ATHLETICA (CONSIGNMENT)
24/04/2026,"QUIANA SUBLI SHIRT (B&Y), 2 TONED",5,JYL ATHLETICA (CONSIGNMENT)
24/04/2026,Small Mystery Car,1,MADEBYRUZ CONSUMER GOODS TRADING (CONSIGNMENT)
24/04/2026,Tiger Costume,1,MADEBYRUZ CONSUMER GOODS TRADING (CONSIGNMENT)
24/04/2026,Tiger Paw Keychain @375,8,MADEBYRUZ CONSUMER GOODS TRADING (CONSIGNMENT)
24/04/2026,Hoodies Breaker,2,NAPOLIZ ENTERPRISES (CONSIGNMENT)
24/04/2026,S88 UAAP Poloshirt,1,SHIRT HAPPENS (CONSIGNMENT)
24/04/2026,Baseball Cap METAL @380,4,STITCH CORP. (BLEEVES CONSIGNMENT)
24/04/2026,Tiger w/ Box,2,STITCH CORP. (BLEEVES CONSIGNMENT)
24/04/2026,"Ballpen 3 Designs @50 (B,Y,W)",4,STITCH CORP. (PAID)
24/04/2026,Bamboo Pen @60,3,STITCH CORP. (PAID)
24/04/2026,Corp Jacket V2,4,STITCH CORP. (PAID)
24/04/2026,Kraft Notebook @130,1,STITCH CORP. (PAID)
24/04/2026,Logo Keychain @200,2,TET AND DARS (PAID)
24/04/2026,Long Sticker @120,2,TET AND DARS (PAID)
24/04/2026,"Go USTE (W,Y,B) @450",4,THREADMARKED (CONSIGNMENT)
24/04/2026,"UST 1611 Embro Shirt (B,V)",3,THREADMARKED (CONSIGNMENT)
24/04/2026,"UST Embro OS (B,V)",2,THREADMARKED (CONSIGNMENT)
24/04/2026,UST Logo Embro Polo Shirt (XS-XL),3,THREADMARKED (CONSIGNMENT)
24/04/2026,UST Keyboard Clicker (Fidget),3,THREADMARKED (PAID)
24/04/2026,Varsity Jacket Embro,1,THREADMARKED (PAID)
24/04/2026,Black Eco Bag,2,USTORE (PAID)
24/04/2026,Button Pin (Big),2,USTORE (PAID)
24/04/2026,C. Keychain,2,USTORE (PAID)
24/04/2026,ID Case v2 @40,1,USTORE (PAID)
24/04/2026,Lanyard @180,13,USTORE (PAID)
24/04/2026,MJ Sticker Large,3,USTORE (PAID)
24/04/2026,MJ Sticker Small,2,USTORE (PAID)
24/04/2026,Thomasian Kit,8,USTORE (PAID)
24/04/2026,Tote Bag Canvas White @160,1,USTORE (PAID)
24/04/2026,Tote Viva Santo Tomas,3,USTORE (PAID)
24/04/2026,Travel Mug,2,USTORE (PAID)
24/04/2026,Yellow Lanyard,6,USTORE (PAID)
24/04/2026,Long Sticker,1,VARSITY LIFESTYLE (CONSIGNMENT)
24/04/2026,New GT Shirts,1,VARSITY LIFESTYLE (CONSIGNMENT)
24/04/2026,VL Keychain,1,VARSITY LIFESTYLE (CONSIGNMENT)
24/04/2026,VL Lanyard,2,VARSITY LIFESTYLE (CONSIGNMENT)
24/04/2026,VL Sticker Pack,2,VARSITY LIFESTYLE (CONSIGNMENT)
24/04/2026,"Y,B VL UST",2,VARSITY LIFESTYLE (CONSIGNMENT)
25/04/2026,Black w/ Yellow UST Embro,1,BLAZE (CONSIGNMENT)
25/04/2026,Sci Notebook,1,COLLEGE OF SCIENCE AT 100
25/04/2026,Shirts all @450 UPSIZE (3XL-4XL),1,JUC (CONSIGNMENT)
25/04/2026,UST College ID Lace,3,JUC (CONSIGNMENT)
25/04/2026,"UST OAT MUG (Y,W,B)",5,JUC (CONSIGNMENT)
25/04/2026,UST Sweatshirt Sporty,1,JUC (CONSIGNMENT)
25/04/2026,UST T-Shirt Santo Tomas Shirt/UST T-Shirt Tiger Pattern/HAPPY/Script,4,JUC (CONSIGNMENT)
25/04/2026,"Baseball Shirt (Y,W)",1,JYL ATHLETICA (CONSIGNMENT)
25/04/2026,Dri-Fit Golden Tigresses,2,JYL ATHLETICA (CONSIGNMENT)
25/04/2026,Poloshirt @800,2,JYL ATHLETICA (CONSIGNMENT)
25/04/2026,"QUIANA SUBLI SHIRT (B&Y), 2 TONED",1,JYL ATHLETICA (CONSIGNMENT)
25/04/2026,Tiger Paw Keychain @375,2,MADEBYRUZ CONSUMER GOODS TRADING (CONSIGNMENT)
25/04/2026,UST Arch Clicker,1,MADEBYRUZ CONSUMER GOODS TRADING (CONSIGNMENT)
25/04/2026,S88 UAAP Poloshirt,1,SHIRT HAPPENS (CONSIGNMENT)
25/04/2026,Baseball Cap METAL @380,3,STITCH CORP. (BLEEVES CONSIGNMENT)
25/04/2026,"Double Canopy (B,Y)",1,STITCH CORP. (BLEEVES CONSIGNMENT)
25/04/2026,Tiger w/ Box,6,STITCH CORP. (BLEEVES CONSIGNMENT)
25/04/2026,"Ballpen 3 Designs @50 (B,Y,W)",13,STITCH CORP. (PAID)
25/04/2026,Bamboo Pen @60,1,STITCH CORP. (PAID)
25/04/2026,Corp Jacket V2,1,STITCH CORP. (PAID)
25/04/2026,Kraft Notebook @130,5,STITCH CORP. (PAID)
25/04/2026,Arch @350,1,TET AND DARS (PAID)
25/04/2026,Logo Keychain @200,3,TET AND DARS (PAID)
25/04/2026,"Go USTE (W,Y,B) @450",3,THREADMARKED (CONSIGNMENT)
25/04/2026,"UST Embro OS (B,V)",2,THREADMARKED (CONSIGNMENT)
25/04/2026,UST Logo Embro Polo Shirt (XS-XL),3,THREADMARKED (CONSIGNMENT)
25/04/2026,"Hoodie UST embro (V,G,Y,B) @1800",2,THREADMARKED (PAID)
25/04/2026,UST Keyboard Clicker (Fidget),2,THREADMARKED (PAID)
25/04/2026,Ceramic Mug 18oz,1,TOP GUN PHILS. (PAID)
25/04/2026,5M Magnetic Pin,2,USTORE (PAID)
25/04/2026,5M Rotating Keychain,5,USTORE (PAID)
25/04/2026,Automatic Umbrella,2,USTORE (PAID)
25/04/2026,Black Eco Bag,1,USTORE (PAID)
25/04/2026,Blanca Pen,4,USTORE (PAID)
25/04/2026,C. Keychain,19,USTORE (PAID)
25/04/2026,Chibi Stickers,1,USTORE (PAID)
25/04/2026,College Sticker @120,1,USTORE (PAID)
25/04/2026,ID Case v2 @40,2,USTORE (PAID)
25/04/2026,Lanyard @180,4,USTORE (PAID)
25/04/2026,MJ Sticker Large,1,USTORE (PAID)
25/04/2026,MJ Sticker Medium,1,USTORE (PAID)
25/04/2026,MJ Sticker Small,2,USTORE (PAID)
25/04/2026,Tote Viva Santo Tomas,8,USTORE (PAID)
25/04/2026,Travel Mug,1,USTORE (PAID)
25/04/2026,Yellow Lanyard,3,USTORE (PAID)
25/04/2026,Yellow Notebook,1,USTORE (PAID)
25/04/2026,VL Lanyard,2,VARSITY LIFESTYLE (CONSIGNMENT)
25/04/2026,"Y,B VL UST",1,VARSITY LIFESTYLE (CONSIGNMENT)
28/04/2026,Polo Shirt @800,5,BLAZE (CONSIGNMENT)
28/04/2026,Shirts all @450 UPSIZE (3XL-4XL),1,JUC (CONSIGNMENT)
28/04/2026,UST College ID Lace,11,JUC (CONSIGNMENT)
28/04/2026,"UST OAT MUG (Y,W,B)",106,JUC (CONSIGNMENT)
28/04/2026,UST OAT T-Shirt Y/B/COLLEGE,3,JUC (CONSIGNMENT)
28/04/2026,UST T-Shirt Santo Tomas Shirt/UST T-Shirt Tiger Pattern/HAPPY/Script,14,JUC (CONSIGNMENT)
28/04/2026,UST T-Shirt Sporty,1,JUC (CONSIGNMENT)
28/04/2026,"Baseball Shirt (Y,W)",1,JYL ATHLETICA (CONSIGNMENT)
28/04/2026,Cotton Brush Jacket,1,JYL ATHLETICA (CONSIGNMENT)
28/04/2026,Dri-Fit Golden Tigresses,3,JYL ATHLETICA (CONSIGNMENT)
28/04/2026,"QUIANA SUBLI SHIRT (B&Y), 2 TONED",1,JYL ATHLETICA (CONSIGNMENT)
28/04/2026,Tiger Paw Keychain @375,2,MADEBYRUZ CONSUMER GOODS TRADING (CONSIGNMENT)
28/04/2026,S88 UAAP Poloshirt,1,SHIRT HAPPENS (CONSIGNMENT)
28/04/2026,Baseball Cap METAL @380,2,STITCH CORP. (BLEEVES CONSIGNMENT)
28/04/2026,Tiger w/ Box,1,STITCH CORP. (BLEEVES CONSIGNMENT)
28/04/2026,"Ballpen 3 Designs @50 (B,Y,W)",9,STITCH CORP. (PAID)
28/04/2026,Bamboo Notebook @150,1,STITCH CORP. (PAID)
28/04/2026,Corp Jacket V2,2,STITCH CORP. (PAID)
28/04/2026,Kraft Notebook @130,12,STITCH CORP. (PAID)
28/04/2026,Arch @350,6,TET AND DARS (PAID)
28/04/2026,Logo Keychain @200,1,TET AND DARS (PAID)
28/04/2026,Logo Sticker @30,3,TET AND DARS (PAID)
28/04/2026,"Go USTE (W,Y,B) @450",1,THREADMARKED (CONSIGNMENT)
28/04/2026,"UST 1611 Embro Shirt (B,V)",2,THREADMARKED (CONSIGNMENT)
28/04/2026,UST Logo Embro Polo Shirt (2XL-3XL),2,THREADMARKED (CONSIGNMENT)
28/04/2026,"UST TIGERS Oversized shirt (V,B) @650",1,THREADMARKED (CONSIGNMENT)
28/04/2026,"Hoodie UST embro (V,G,Y,B) @1800",1,THREADMARKED (PAID)
28/04/2026,Two-toned windbreaker @1700,2,THREADMARKED (PAID)
28/04/2026,UST 3D Keychain,3,THREADMARKED (PAID)
28/04/2026,UST Keyboard Clicker (Fidget),5,THREADMARKED (PAID)
28/04/2026,5M Rotating Keychain,1,USTORE (PAID)
28/04/2026,Aquaflask,4,USTORE (PAID)
28/04/2026,Black Eco Bag,18,USTORE (PAID)
28/04/2026,ID Case v2 @40,1,USTORE (PAID)
28/04/2026,Insignia Pen,2,USTORE (PAID)
28/04/2026,Lanyard @180,4,USTORE (PAID)
28/04/2026,MJ Sticker Large,2,USTORE (PAID)
28/04/2026,MJ Sticker Medium,1,USTORE (PAID)
28/04/2026,MJ Sticker Small,3,USTORE (PAID)
28/04/2026,Pencil,1,USTORE (PAID)
28/04/2026,Stainless Eco Tumbler,6,USTORE (PAID)
28/04/2026,Tiger Plushie Small,1,USTORE (PAID)
28/04/2026,Tote Viva Santo Tomas,2,USTORE (PAID)
28/04/2026,Utensils,13,USTORE (PAID)
28/04/2026,Yellow Notebook,2,USTORE (PAID)
29/04/2026,Black w/ Yellow UST Embro,2,BLAZE (CONSIGNMENT)
29/04/2026,Triple Black Embro,1,BLAZE (CONSIGNMENT)
29/04/2026,Sci Notebook,1,COLLEGE OF SCIENCE AT 100
29/04/2026,UST College ID Lace,8,JUC (CONSIGNMENT)
29/04/2026,"UST OAT MUG (Y,W,B)",4,JUC (CONSIGNMENT)
29/04/2026,UST OAT T-Shirt Y/B/COLLEGE,14,JUC (CONSIGNMENT)
29/04/2026,UST T-Shirt Santo Tomas Shirt/UST T-Shirt Tiger Pattern/HAPPY/Script,13,JUC (CONSIGNMENT)
29/04/2026,UST T-Shirt Sporty,10,JUC (CONSIGNMENT)
29/04/2026,Corp Windbreaker,1,JYL ATHLETICA (CONSIGNMENT)
29/04/2026,Cotton Black Jacket,1,JYL ATHLETICA (CONSIGNMENT)
29/04/2026,Cotton Brush Jacket,1,JYL ATHLETICA (CONSIGNMENT)
29/04/2026,Dri-Fit Golden Tigresses,11,JYL ATHLETICA (CONSIGNMENT)
29/04/2026,Jacket,1,JYL ATHLETICA (CONSIGNMENT)
29/04/2026,"QUIANA SUBLI SHIRT (B&Y), 2 TONED",7,JYL ATHLETICA (CONSIGNMENT)
29/04/2026,Tiger Costume,1,MADEBYRUZ CONSUMER GOODS TRADING (CONSIGNMENT)
29/04/2026,Tiger Paw Keychain @375,3,MADEBYRUZ CONSUMER GOODS TRADING (CONSIGNMENT)
29/04/2026,S88 UAAP Poloshirt,1,SHIRT HAPPENS (CONSIGNMENT)
29/04/2026,Tiger w/ Box,4,STITCH CORP. (BLEEVES CONSIGNMENT)
29/04/2026,"Ballpen 3 Designs @50 (B,Y,W)",5,STITCH CORP. (PAID)
29/04/2026,Bamboo Notebook @150,4,STITCH CORP. (PAID)
29/04/2026,Corp Jacket V2,2,STITCH CORP. (PAID)
29/04/2026,Kraft Notebook @130,2,STITCH CORP. (PAID)
29/04/2026,"Go USTE (W,Y,B) @450",3,THREADMARKED (CONSIGNMENT)
29/04/2026,"Keep Growling OS (B,V)",1,THREADMARKED (CONSIGNMENT)
29/04/2026,"UST 1611 Embro Shirt (B,V)",3,THREADMARKED (CONSIGNMENT)
29/04/2026,"UST Embro OS (B,V)",9,THREADMARKED (CONSIGNMENT)
29/04/2026,"UST TIGERS Oversized shirt (V,B) @650",2,THREADMARKED (CONSIGNMENT)
29/04/2026,"Hoodie UST embro (V,G,Y,B) @1800",3,THREADMARKED (PAID)
29/04/2026,Two-toned windbreaker @1700,1,THREADMARKED (PAID)
29/04/2026,UST 3D Keychain,1,THREADMARKED (PAID)
29/04/2026,UST Keyboard Clicker (Fidget),7,THREADMARKED (PAID)
29/04/2026,Varsity Jacket Embro,1,THREADMARKED (PAID)
29/04/2026,Trucker Cap,1,TOP GUN PHILS. (PAID)
29/04/2026,5M Rotating Keychain,3,USTORE (PAID)
29/04/2026,Black Eco Bag,4,USTORE (PAID)
29/04/2026,C. Keychain,3,USTORE (PAID)
29/04/2026,ID Case v2 @40,1,USTORE (PAID)
29/04/2026,Lanyard @180,9,USTORE (PAID)
29/04/2026,MJ Sticker Medium,1,USTORE (PAID)
29/04/2026,MJ Sticker Small,3,USTORE (PAID)
29/04/2026,Thomasian Kit,4,USTORE (PAID)
29/04/2026,Tiger Plushie Small,1,USTORE (PAID)
29/04/2026,Tote Viva Santo Tomas,18,USTORE (PAID)
29/04/2026,Utensils,4,USTORE (PAID)
29/04/2026,Yellow Notebook,2,USTORE (PAID)
29/04/2026,New GT Shirts,2,VARSITY LIFESTYLE (CONSIGNMENT)
29/04/2026,"Y,B VL UST",2,VARSITY LIFESTYLE (CONSIGNMENT)
30/04/2026,UST College ID Lace,2,JUC (CONSIGNMENT)
30/04/2026,UST T-Shirt Santo Tomas Shirt/UST T-Shirt Tiger Pattern/HAPPY/Script,21,JUC (CONSIGNMENT)
30/04/2026,UST T-Shirt Sporty,1,JUC (CONSIGNMENT)
30/04/2026,Corp Jacket V3,5,JYL ATHLETICA (CONSIGNMENT)
30/04/2026,Machete V2,5,JYL ATHLETICA (CONSIGNMENT)
30/04/2026,"QUIANA SUBLI SHIRT (B&Y), 2 TONED",21,JYL ATHLETICA (CONSIGNMENT)
30/04/2026,Taslan NEW,2,JYL ATHLETICA (CONSIGNMENT)
30/04/2026,Small Mystery Car,1,MADEBYRUZ CONSUMER GOODS TRADING (CONSIGNMENT)
30/04/2026,Tiger Claw,1,MADEBYRUZ CONSUMER GOODS TRADING (CONSIGNMENT)
30/04/2026,Hoodies Breaker,7,NAPOLIZ ENTERPRISES (CONSIGNMENT)
30/04/2026,Tiger w/ Box,3,STITCH CORP. (BLEEVES CONSIGNMENT)
30/04/2026,"Ballpen 3 Designs @50 (B,Y,W)",8,STITCH CORP. (PAID)
30/04/2026,Bamboo Pen @60,13,STITCH CORP. (PAID)
30/04/2026,Logo Keychain @200,5,TET AND DARS (PAID)
30/04/2026,Long Sticker @120,2,TET AND DARS (PAID)
30/04/2026,Pen @40,8,TET AND DARS (PAID)
30/04/2026,"Go USTE (W,Y,B) @450",2,THREADMARKED (CONSIGNMENT)
30/04/2026,"Keep Growling OS (B,V)",1,THREADMARKED (CONSIGNMENT)
30/04/2026,"UST 1611 Embro Shirt (B,V)",1,THREADMARKED (CONSIGNMENT)
30/04/2026,Black Eco Bag,13,USTORE (PAID)
30/04/2026,Chibi Stickers,6,USTORE (PAID)
30/04/2026,ID Case v2 @40,1,USTORE (PAID)
30/04/2026,Tiger Plushie Small,3,USTORE (PAID)
30/04/2026,Yellow Lanyard,8,USTORE (PAID)
30/04/2026,New GT Shirts,2,VARSITY LIFESTYLE (CONSIGNMENT)
30/04/2026,USTWBT Championship Shirt 2025,1,VARSITY LIFESTYLE (CONSIGNMENT)
30/04/2026,VL Lanyard,1,VARSITY LIFESTYLE (CONSIGNMENT)
05/05/2026,Shirts all @450 UPSIZE (3XL-4XL),1,JUC (CONSIGNMENT)
05/05/2026,UST College ID Lace,9,JUC (CONSIGNMENT)
05/05/2026,"UST OAT MUG (Y,W,B)",18,JUC (CONSIGNMENT)
05/05/2026,UST OAT T-Shirt Y/B/COLLEGE (XS-2XL),4,JUC (CONSIGNMENT)
05/05/2026,UST T-Shirt Santo Tomas Shirt/UST T-Shirt Tiger Pattern/HAPPY/Script,3,JUC (CONSIGNMENT)
05/05/2026,UST T-Shirt Sporty,5,JUC (CONSIGNMENT)
05/05/2026,Corp Jacket V3,1,JYL ATHLETICA (CONSIGNMENT)
05/05/2026,Dri-Fit Golden Tigresses,4,JYL ATHLETICA (CONSIGNMENT)
05/05/2026,Jersey Short,1,JYL ATHLETICA (CONSIGNMENT)
05/05/2026,Poloshirt @800,1,JYL ATHLETICA (CONSIGNMENT)
05/05/2026,"QUIANA SUBLI SHIRT (B&Y), 2 TONED",5,JYL ATHLETICA (CONSIGNMENT)
05/05/2026,Small Mystery Car,2,MADEBYRUZ CONSUMER GOODS TRADING (CONSIGNMENT)
05/05/2026,Tiger Costume,2,MADEBYRUZ CONSUMER GOODS TRADING (CONSIGNMENT)
05/05/2026,Tiger Paw Keychain @375,2,MADEBYRUZ CONSUMER GOODS TRADING (CONSIGNMENT)
05/05/2026,S88 UAAP Poloshirt,2,SHIRT HAPPENS (CONSIGNMENT)
05/05/2026,Tiger w/ Box,2,STITCH CORP. (BLEEVES CONSIGNMENT)
05/05/2026,"Ballpen 3 Designs @50 (B,Y,W)",3,STITCH CORP. (PAID)
05/05/2026,Bamboo Pen @60,1,STITCH CORP. (PAID)
05/05/2026,Corp Jacket V2,1,STITCH CORP. (PAID)
05/05/2026,Kraft Notebook @130,7,STITCH CORP. (PAID)
05/05/2026,Arch @350,1,TET AND DARS (PAID)
05/05/2026,Long Sticker @120,1,TET AND DARS (PAID)
05/05/2026,"UST 1611 Embro Shirt (B,V)",4,THREADMARKED (CONSIGNMENT)
05/05/2026,"UST Embro OS (B,V)",1,THREADMARKED (CONSIGNMENT)
05/05/2026,UST Logo Embro Polo Shirt (XS-XL),1,THREADMARKED (CONSIGNMENT)
05/05/2026,"Hoodie UST embro (V,G,Y,B) @1800",4,THREADMARKED (PAID)
05/05/2026,UST Keyboard Clicker (Fidget),11,THREADMARKED (PAID)
05/05/2026,Trucker Cap,1,TOP GUN PHILS. (PAID)
05/05/2026,Automatic Umbrella,1,USTORE (PAID)
05/05/2026,Black Eco Bag,4,USTORE (PAID)
05/05/2026,Lanyard @180,6,USTORE (PAID)
05/05/2026,MJ Sticker Large,1,USTORE (PAID)
05/05/2026,MJ Sticker Medium,2,USTORE (PAID)
05/05/2026,MJ Sticker Small,1,USTORE (PAID)
05/05/2026,Thomasian Kit,2,USTORE (PAID)
05/05/2026,Tiger Plushie Small,2,USTORE (PAID)
05/05/2026,Tote Viva Santo Tomas,5,USTORE (PAID)
05/05/2026,Travel Mug,4,USTORE (PAID)
05/05/2026,Yellow Notebook,2,USTORE (PAID)
05/05/2026,Lanyard,1,VARSITY LIFESTYLE (CONSIGNMENT)
05/05/2026,New GT Shirts,1,VARSITY LIFESTYLE (CONSIGNMENT)
05/05/2026,"Y,B VL UST",2,VARSITY LIFESTYLE (CONSIGNMENT)
06/05/2026,Polo Shirt @800,1,BLAZE (CONSIGNMENT)
06/05/2026,Triple Black Embro,6,BLAZE (CONSIGNMENT)
06/05/2026,UST College ID Lace,14,JUC (CONSIGNMENT)
06/05/2026,UST OAT Hoodie Jacket,1,JUC (CONSIGNMENT)
06/05/2026,"UST OAT MUG (Y,W,B)",5,JUC (CONSIGNMENT)
06/05/2026,UST OAT T-Shirt Y/B/COLLEGE (XS-2XL),3,JUC (CONSIGNMENT)
06/05/2026,UST T-Shirt Santo Tomas Shirt/UST T-Shirt Tiger Pattern/HAPPY/Script,11,JUC (CONSIGNMENT)
06/05/2026,UST T-Shirt Sporty,1,JUC (CONSIGNMENT)
06/05/2026,Corp Jacket V3,2,JYL ATHLETICA (CONSIGNMENT)
06/05/2026,Dri-Fit Golden Tigresses,3,JYL ATHLETICA (CONSIGNMENT)
06/05/2026,Jacket,1,JYL ATHLETICA (CONSIGNMENT)
06/05/2026,"QUIANA SUBLI SHIRT (B&Y), 2 TONED",7,JYL ATHLETICA (CONSIGNMENT)
06/05/2026,Taslan NEW,1,JYL ATHLETICA (CONSIGNMENT)
06/05/2026,UST Arch Clicker,3,MADEBYRUZ CONSUMER GOODS TRADING (CONSIGNMENT)
06/05/2026,UST Logo Clicker,4,MADEBYRUZ CONSUMER GOODS TRADING (CONSIGNMENT)
06/05/2026,S88 UAAP Poloshirt,1,SHIRT HAPPENS (CONSIGNMENT)
06/05/2026,Baseball Cap METAL @380,1,STITCH CORP. (BLEEVES CONSIGNMENT)
06/05/2026,Tiger w/ Box,6,STITCH CORP. (BLEEVES CONSIGNMENT)
06/05/2026,"Ballpen 3 Designs @50 (B,Y,W)",7,STITCH CORP. (PAID)
06/05/2026,Bamboo Pen @60,2,STITCH CORP. (PAID)
06/05/2026,Corp Jacket V2,2,STITCH CORP. (PAID)
06/05/2026,Kraft Notebook @130,1,STITCH CORP. (PAID)
06/05/2026,Arch @350,5,TET AND DARS (PAID)
06/05/2026,Logo Keychain @200,2,TET AND DARS (PAID)
06/05/2026,Logo Sticker @30,3,TET AND DARS (PAID)
06/05/2026,"Go USTE (W,Y,B) @450",5,THREADMARKED (CONSIGNMENT)
06/05/2026,"UST 1611 Embro Shirt (B,V)",1,THREADMARKED (CONSIGNMENT)
06/05/2026,UST Logo Embro Polo Shirt (XS-XL),2,THREADMARKED (CONSIGNMENT)
06/05/2026,"Hoodie UST embro (V,G,Y,B) @1800",1,THREADMARKED (PAID)
06/05/2026,Two-toned windbreaker @1700,1,THREADMARKED (PAID)
06/05/2026,UST 3D Keychain,2,THREADMARKED (PAID)
06/05/2026,UST Keyboard Clicker (Fidget),3,THREADMARKED (PAID)
06/05/2026,Varsity Jacket Embro,1,THREADMARKED (PAID)
06/05/2026,5M Magnetic Pin,4,USTORE (PAID)
06/05/2026,5M Rotating Keychain,4,USTORE (PAID)
06/05/2026,Black Eco Bag,10,USTORE (PAID)
06/05/2026,Blanca Pen,1,USTORE (PAID)
06/05/2026,Button Pin (Big),2,USTORE (PAID)
06/05/2026,Button Pin (Small),2,USTORE (PAID)
06/05/2026,C. Keychain,4,USTORE (PAID)
06/05/2026,Chibi Stickers,1,USTORE (PAID)
06/05/2026,ID Case v2 @40,1,USTORE (PAID)
06/05/2026,Lanyard @180,25,USTORE (PAID)
06/05/2026,MJ Charger,1,USTORE (PAID)
06/05/2026,MJ Sticker Medium,5,USTORE (PAID)
06/05/2026,MJ Sticker Small,7,USTORE (PAID)
06/05/2026,Notelet,1,USTORE (PAID)
06/05/2026,Pencil,2,USTORE (PAID)
06/05/2026,Thomasian Kit,1,USTORE (PAID)
06/05/2026,Travel Mug,1,USTORE (PAID)
06/05/2026,Yellow Lanyard,4,USTORE (PAID)
06/05/2026,Lanyard,4,VARSITY LIFESTYLE (CONSIGNMENT)
06/05/2026,"Y,B VL UST",1,VARSITY LIFESTYLE (CONSIGNMENT)
07/05/2026,Black w/ Yellow UST Embro,2,BLAZE (CONSIGNMENT)
07/05/2026,Triple Black Embro,1,BLAZE (CONSIGNMENT)
07/05/2026,UST College ID Lace,6,JUC (CONSIGNMENT)
07/05/2026,"UST OAT MUG (Y,W,B)",13,JUC (CONSIGNMENT)
07/05/2026,UST OAT T-Shirt Y/B/COLLEGE (XS-2XL),7,JUC (CONSIGNMENT)
07/05/2026,UST Sweatshirt Sporty,1,JUC (CONSIGNMENT)
07/05/2026,UST T-Shirt Santo Tomas Shirt/UST T-Shirt Tiger Pattern/HAPPY/Script,6,JUC (CONSIGNMENT)
07/05/2026,UST T-Shirt Sporty,2,JUC (CONSIGNMENT)
07/05/2026,Corp Jacket V3,2,JYL ATHLETICA (CONSIGNMENT)
07/05/2026,Cotton Brush Jacket,1,JYL ATHLETICA (CONSIGNMENT)
07/05/2026,Dri-Fit Golden Tigresses,6,JYL ATHLETICA (CONSIGNMENT)
07/05/2026,Jersey Short,1,JYL ATHLETICA (CONSIGNMENT)
07/05/2026,"QUIANA SUBLI SHIRT (B&Y), 2 TONED",4,JYL ATHLETICA (CONSIGNMENT)
07/05/2026,Tiger Claw,1,MADEBYRUZ CONSUMER GOODS TRADING (CONSIGNMENT)
07/05/2026,Tiger Paw Keychain @375,1,MADEBYRUZ CONSUMER GOODS TRADING (CONSIGNMENT)
07/05/2026,S88 UAAP Poloshirt,2,SHIRT HAPPENS (CONSIGNMENT)
07/05/2026,"Ballpen 3 Designs @50 (B,Y,W)",13,STITCH CORP. (PAID)
07/05/2026,Corp Jacket V2,5,STITCH CORP. (PAID)
07/05/2026,Kraft Notebook @130,13,STITCH CORP. (PAID)
07/05/2026,Arch @350,1,TET AND DARS (PAID)
07/05/2026,Logo Sticker @30,2,TET AND DARS (PAID)
07/05/2026,Long Sticker @120,1,TET AND DARS (PAID)
07/05/2026,"Keep Growling OS (B,V)",1,THREADMARKED (CONSIGNMENT)
07/05/2026,"UST 1611 Embro Shirt (B,V)",1,THREADMARKED (CONSIGNMENT)
07/05/2026,"UST Embro OS (B,V)",2,THREADMARKED (CONSIGNMENT)
07/05/2026,UST Logo Embro Polo Shirt (XS-XL),1,THREADMARKED (CONSIGNMENT)
07/05/2026,"UST TIGERS Oversized shirt (V,B) @650",2,THREADMARKED (CONSIGNMENT)
07/05/2026,"Hoodie UST embro (V,G,Y,B) @1800",4,THREADMARKED (PAID)
07/05/2026,UST Keyboard Clicker (Fidget),4,THREADMARKED (PAID)
07/05/2026,Trucker Cap,1,TOP GUN PHILS. (PAID)
07/05/2026,5M Rotating Keychain,1,USTORE (PAID)
07/05/2026,Black Eco Bag,3,USTORE (PAID)
07/05/2026,C. Keychain,2,USTORE (PAID)
07/05/2026,ID Case v2 @40,3,USTORE (PAID)
07/05/2026,Lanyard @180,11,USTORE (PAID)
07/05/2026,MJ Sticker Medium,3,USTORE (PAID)
07/05/2026,MJ Sticker Small,2,USTORE (PAID)
07/05/2026,Notelet,13,USTORE (PAID)
07/05/2026,Stainless Eco Tumbler,2,USTORE (PAID)
07/05/2026,Tiger Plushie Small,1,USTORE (PAID)
07/05/2026,Travel Mug,3,USTORE (PAID)
07/05/2026,Utensils,13,USTORE (PAID)
07/05/2026,Yellow Lanyard,4,USTORE (PAID)
07/05/2026,Yellow Notebook,1,USTORE (PAID)
07/05/2026,Lanyard,1,VARSITY LIFESTYLE (CONSIGNMENT)
07/05/2026,Sweatshirt (NEW),1,VARSITY LIFESTYLE (CONSIGNMENT)
07/05/2026,USTWBT Championship Shirt 2025,1,VARSITY LIFESTYLE (CONSIGNMENT)
07/05/2026,VL Sticker Pack,1,VARSITY LIFESTYLE (CONSIGNMENT)
09/05/2026,Polo Shirt @800,1,BLAZE (CONSIGNMENT)
09/05/2026,Triple Black Embro,1,BLAZE (CONSIGNMENT)
09/05/2026,UST College ID Lace,6,JUC (CONSIGNMENT)
09/05/2026,"UST OAT MUG (Y,W,B)",3,JUC (CONSIGNMENT)
09/05/2026,UST OAT T-Shirt Y/B/COLLEGE (XS-2XL),4,JUC (CONSIGNMENT)
09/05/2026,UST Sweatshirt Sporty,2,JUC (CONSIGNMENT)
09/05/2026,UST T-Shirt Santo Tomas Shirt/UST T-Shirt Tiger Pattern/HAPPY/Script,11,JUC (CONSIGNMENT)
09/05/2026,UST T-Shirt Sporty,4,JUC (CONSIGNMENT)
09/05/2026,"Baseball Shirt (Y,W)",1,JYL ATHLETICA (CONSIGNMENT)
09/05/2026,Corp Jacket V3,1,JYL ATHLETICA (CONSIGNMENT)
09/05/2026,Cotton Black Jacket,1,JYL ATHLETICA (CONSIGNMENT)
09/05/2026,Cotton Brush Jacket,3,JYL ATHLETICA (CONSIGNMENT)
09/05/2026,Dri-Fit Golden Tigresses,1,JYL ATHLETICA (CONSIGNMENT)
09/05/2026,DRI-FIT NEW,1,JYL ATHLETICA (CONSIGNMENT)
09/05/2026,Jersey Short,3,JYL ATHLETICA (CONSIGNMENT)
09/05/2026,Machete V2,1,JYL ATHLETICA (CONSIGNMENT)
09/05/2026,"QUIANA SUBLI SHIRT (B&Y), 2 TONED",3,JYL ATHLETICA (CONSIGNMENT)
09/05/2026,Small Mystery Car,1,MADEBYRUZ CONSUMER GOODS TRADING (CONSIGNMENT)
09/05/2026,Tiger Headband (2 Designs),1,MADEBYRUZ CONSUMER GOODS TRADING (CONSIGNMENT)
09/05/2026,Tiger Paw Keychain @375,2,MADEBYRUZ CONSUMER GOODS TRADING (CONSIGNMENT)
09/05/2026,Baseball Cap METAL @380,1,STITCH CORP. (BLEEVES CONSIGNMENT)
09/05/2026,"Double Canopy (B,Y)",1,STITCH CORP. (BLEEVES CONSIGNMENT)
09/05/2026,Tiger w/ Box,1,STITCH CORP. (BLEEVES CONSIGNMENT)
09/05/2026,"Ballpen 3 Designs @50 (B,Y,W)",6,STITCH CORP. (PAID)
09/05/2026,Corp Jacket V2,16,STITCH CORP. (PAID)
09/05/2026,Arch @350,4,TET AND DARS (PAID)
09/05/2026,Logo Keychain @200,1,TET AND DARS (PAID)
09/05/2026,Logo Sticker @30,1,TET AND DARS (PAID)
09/05/2026,"Go USTE (W,Y,B) @450",1,THREADMARKED (CONSIGNMENT)
09/05/2026,"UST 1611 Embro Shirt (B,V)",1,THREADMARKED (CONSIGNMENT)
09/05/2026,"UST Embro OS (B,V)",3,THREADMARKED (CONSIGNMENT)
09/05/2026,"UST TIGERS Oversized shirt (V,B) @650",3,THREADMARKED (CONSIGNMENT)
09/05/2026,"Hoodie UST embro (V,G,Y,B) @1800",1,THREADMARKED (PAID)
09/05/2026,Two-toned windbreaker @1700,2,THREADMARKED (PAID)
09/05/2026,UST 3D Keychain,2,THREADMARKED (PAID)
09/05/2026,UST Keyboard Clicker (Fidget),10,THREADMARKED (PAID)
09/05/2026,Varsity Jacket Embro,3,THREADMARKED (PAID)
09/05/2026,Aquaflask,1,USTORE (PAID)
09/05/2026,Automatic Umbrella,2,USTORE (PAID)
09/05/2026,Black Eco Bag,10,USTORE (PAID)
09/05/2026,C. Keychain,2,USTORE (PAID)
09/05/2026,College Sticker @120,1,USTORE (PAID)
09/05/2026,ID Case v2 @40,1,USTORE (PAID)
09/05/2026,Lanyard @180,16,USTORE (PAID)
09/05/2026,MJ Sticker Large,3,USTORE (PAID)
09/05/2026,MJ Sticker Medium,1,USTORE (PAID)
09/05/2026,MJ Sticker Small,6,USTORE (PAID)
09/05/2026,Pencil,2,USTORE (PAID)
09/05/2026,Tote Viva Santo Tomas,1,USTORE (PAID)
09/05/2026,Utensils,2,USTORE (PAID)
09/05/2026,Yellow Notebook,6,USTORE (PAID)
09/05/2026,Lanyard,7,VARSITY LIFESTYLE (CONSIGNMENT)
09/05/2026,New GT Shirts,2,VARSITY LIFESTYLE (CONSIGNMENT)
09/05/2026,USTWBT Championship Shirt 2025,3,VARSITY LIFESTYLE (CONSIGNMENT)
09/05/2026,VL Sticker Pack,1,VARSITY LIFESTYLE (CONSIGNMENT)
09/05/2026,"Y,B VL UST",2,VARSITY LIFESTYLE (CONSIGNMENT)
12/05/2026,Triple Black Embro,1,BLAZE (CONSIGNMENT)
12/05/2026,UST College ID Lace,22,JUC (CONSIGNMENT)
12/05/2026,"UST OAT MUG (Y,W,B)",10,JUC (CONSIGNMENT)
12/05/2026,UST OAT T-Shirt Y/B/COLLEGE (XS-2XL),5,JUC (CONSIGNMENT)
12/05/2026,UST Sweatshirt Sporty,1,JUC (CONSIGNMENT)
12/05/2026,UST T-Shirt Santo Tomas Shirt/UST T-Shirt Tiger Pattern/HAPPY/Script,4,JUC (CONSIGNMENT)
12/05/2026,UST T-Shirt Sporty,2,JUC (CONSIGNMENT)
12/05/2026,Corp Jacket V3,2,JYL ATHLETICA (CONSIGNMENT)
12/05/2026,Dri-Fit Golden Tigresses,4,JYL ATHLETICA (CONSIGNMENT)
12/05/2026,DRI-FIT NEW,1,JYL ATHLETICA (CONSIGNMENT)
12/05/2026,Jersey Short,1,JYL ATHLETICA (CONSIGNMENT)
12/05/2026,Poloshirt @800,1,JYL ATHLETICA (CONSIGNMENT)
12/05/2026,"QUIANA SUBLI SHIRT (B&Y), 2 TONED",5,JYL ATHLETICA (CONSIGNMENT)
12/05/2026,Tiger Headband (2 Designs),1,MADEBYRUZ CONSUMER GOODS TRADING (CONSIGNMENT)
12/05/2026,Tiger Paw Keychain @375,5,MADEBYRUZ CONSUMER GOODS TRADING (CONSIGNMENT)
12/05/2026,UST Arch Clicker,1,MADEBYRUZ CONSUMER GOODS TRADING (CONSIGNMENT)
12/05/2026,S88 UAAP Poloshirt,1,SHIRT HAPPENS (CONSIGNMENT)
12/05/2026,Baseball Cap METAL @380,2,STITCH CORP. (BLEEVES CONSIGNMENT)
12/05/2026,Clock @550,2,STITCH CORP. (BLEEVES CONSIGNMENT)
12/05/2026,"Double Canopy (B,Y)",4,STITCH CORP. (BLEEVES CONSIGNMENT)
12/05/2026,Tiger w/ Box,4,STITCH CORP. (BLEEVES CONSIGNMENT)
12/05/2026,"Ballpen 3 Designs @50 (B,Y,W)",14,STITCH CORP. (PAID)
12/05/2026,Bamboo Notebook @150,4,STITCH CORP. (PAID)
12/05/2026,Bamboo Pen @60,2,STITCH CORP. (PAID)
12/05/2026,Kraft Notebook @130,6,STITCH CORP. (PAID)
12/05/2026,Arch @350,4,TET AND DARS (PAID)
12/05/2026,Logo Sticker @30,1,TET AND DARS (PAID)
12/05/2026,Long Sticker @120,1,TET AND DARS (PAID)
12/05/2026,"Go USTE (W,Y,B) @450",1,THREADMARKED (CONSIGNMENT)
12/05/2026,"Keep Growling OS (B,V)",1,THREADMARKED (CONSIGNMENT)
12/05/2026,"UST 1611 Embro Shirt (B,V)",5,THREADMARKED (CONSIGNMENT)
12/05/2026,"UST Embro OS (B,V)",1,THREADMARKED (CONSIGNMENT)
12/05/2026,UST Logo Embro Polo Shirt (XS-XL),1,THREADMARKED (CONSIGNMENT)
12/05/2026,"Hoodie UST embro (V,G,Y,B) @1800",3,THREADMARKED (PAID)
12/05/2026,UST 3D Keychain,4,THREADMARKED (PAID)
12/05/2026,UST Keyboard Clicker (Fidget),12,THREADMARKED (PAID)
12/05/2026,Varsity Jacket Embro,1,THREADMARKED (PAID)
12/05/2026,Trucker Cap,1,TOP GUN PHILS. (PAID)
12/05/2026,5M Rotating Keychain,1,USTORE (PAID)
12/05/2026,Aquaflask,2,USTORE (PAID)
12/05/2026,Automatic Umbrella,5,USTORE (PAID)
12/05/2026,Button Pin (Big),1,USTORE (PAID)
12/05/2026,C. Keychain,1,USTORE (PAID)
12/05/2026,Chibi Stickers,1,USTORE (PAID)
12/05/2026,College Sticker @120,8,USTORE (PAID)
12/05/2026,Insignia Pen,3,USTORE (PAID)
12/05/2026,Lanyard @180,14,USTORE (PAID)
12/05/2026,MJ Charger,1,USTORE (PAID)
12/05/2026,MJ Sticker Medium,2,USTORE (PAID)
12/05/2026,MJ Sticker Small,2,USTORE (PAID)
12/05/2026,Notelet,4,USTORE (PAID)
12/05/2026,Tiger Plushie Small,2,USTORE (PAID)
12/05/2026,Tote Viva Santo Tomas,3,USTORE (PAID)
12/05/2026,Travel Mug,2,USTORE (PAID)
12/05/2026,USTORE Voucher (500),1,USTORE (PAID)
12/05/2026,Yellow Lanyard,1,USTORE (PAID)
12/05/2026,Lanyard,1,VARSITY LIFESTYLE (CONSIGNMENT)
12/05/2026,Long Sticker,2,VARSITY LIFESTYLE (CONSIGNMENT)
12/05/2026,New GT Shirts,1,VARSITY LIFESTYLE (CONSIGNMENT)
12/05/2026,USTWBT Championship Shirt 2025,1,VARSITY LIFESTYLE (CONSIGNMENT)
12/05/2026,VL Sticker Pack,16,VARSITY LIFESTYLE (CONSIGNMENT)
12/05/2026,"Y,B VL UST",1,VARSITY LIFESTYLE (CONSIGNMENT)
13/05/2026,Polo Shirt @800,1,BLAZE (CONSIGNMENT)
13/05/2026,Triple Black Embro,1,BLAZE (CONSIGNMENT)
13/05/2026,UST College ID Lace,13,JUC (CONSIGNMENT)
13/05/2026,"UST OAT MUG (Y,W,B)",12,JUC (CONSIGNMENT)
13/05/2026,UST T-Shirt Santo Tomas Shirt/UST T-Shirt Tiger Pattern/HAPPY/Script,4,JUC (CONSIGNMENT)
13/05/2026,UST T-Shirt Sporty,2,JUC (CONSIGNMENT)
13/05/2026,Cotton Black Jacket,1,JYL ATHLETICA (CONSIGNMENT)
13/05/2026,Cotton Brush Jacket,2,JYL ATHLETICA (CONSIGNMENT)
13/05/2026,Dri-Fit Golden Tigresses,5,JYL ATHLETICA (CONSIGNMENT)
13/05/2026,Poloshirt 123456 @860,1,JYL ATHLETICA (CONSIGNMENT)
13/05/2026,Poloshirt @800,7,JYL ATHLETICA (CONSIGNMENT)
13/05/2026,"QUIANA SUBLI SHIRT (B&Y), 2 TONED",2,JYL ATHLETICA (CONSIGNMENT)
13/05/2026,UST Logo Clicker,1,MADEBYRUZ CONSUMER GOODS TRADING (CONSIGNMENT)
13/05/2026,Hoodies Breaker,1,NAPOLIZ ENTERPRISES (CONSIGNMENT)
13/05/2026,S88 UAAP Poloshirt,1,SHIRT HAPPENS (CONSIGNMENT)
13/05/2026,Clock @700,1,STITCH CORP. (BLEEVES CONSIGNMENT)
13/05/2026,"Double Canopy (B,Y)",13,STITCH CORP. (BLEEVES CONSIGNMENT)
13/05/2026,Tiger w/ Box,3,STITCH CORP. (BLEEVES CONSIGNMENT)
13/05/2026,"Ballpen 3 Designs @50 (B,Y,W)",1,STITCH CORP. (PAID)
13/05/2026,Bamboo Notebook @150,3,STITCH CORP. (PAID)
13/05/2026,Bamboo Pen @60,2,STITCH CORP. (PAID)
13/05/2026,Corp Jacket V2,1,STITCH CORP. (PAID)
13/05/2026,Kraft Notebook @130,2,STITCH CORP. (PAID)
13/05/2026,Logo Keychain @200,4,TET AND DARS (PAID)
13/05/2026,Long Sticker @120,3,TET AND DARS (PAID)
13/05/2026,"Keep Growling OS (B,V)",1,THREADMARKED (CONSIGNMENT)
13/05/2026,"UST 1611 Embro Shirt (B,V)",5,THREADMARKED (CONSIGNMENT)
13/05/2026,"UST Embro OS (B,V)",1,THREADMARKED (CONSIGNMENT)
13/05/2026,UST Logo Embro Polo Shirt (XS-XL),2,THREADMARKED (CONSIGNMENT)
13/05/2026,"Hoodie UST embro (V,G,Y,B) @1800",2,THREADMARKED (PAID)
13/05/2026,UST 3D Keychain,1,THREADMARKED (PAID)
13/05/2026,UST Keyboard Clicker (Fidget),3,THREADMARKED (PAID)
13/05/2026,Ceramic Mug 18oz,2,TOP GUN PHILS. (PAID)
13/05/2026,5M Magnetic Pin,1,USTORE (PAID)
13/05/2026,5M Rotating Keychain,4,USTORE (PAID)
13/05/2026,Automatic Umbrella,14,USTORE (PAID)
13/05/2026,Black Eco Bag,9,USTORE (PAID)
13/05/2026,Button Pin (Big),3,USTORE (PAID)
13/05/2026,C. Keychain,1,USTORE (PAID)
13/05/2026,ID Case v2 @40,2,USTORE (PAID)
13/05/2026,Lanyard @180,11,USTORE (PAID)
13/05/2026,MJ Sticker Large,2,USTORE (PAID)
13/05/2026,MJ Sticker Medium,4,USTORE (PAID)
13/05/2026,MJ Sticker Small,5,USTORE (PAID)
13/05/2026,Thomasian Kit,4,USTORE (PAID)
13/05/2026,Tote Viva Santo Tomas,3,USTORE (PAID)
13/05/2026,Yellow Lanyard,4,USTORE (PAID)
13/05/2026,Lanyard,1,VARSITY LIFESTYLE (CONSIGNMENT)
13/05/2026,"Y,B VL UST",2,VARSITY LIFESTYLE (CONSIGNMENT)
14/05/2026,Woven Sling Bag (SMALL),2,"ASSOCIATION FOR THE EDUCATIONAL ASSISTANCE OF POOR SEMINARIANS, INC."
14/05/2026,Polo Shirt @800,1,BLAZE (CONSIGNMENT)
14/05/2026,Triple Black Embro,3,BLAZE (CONSIGNMENT)
14/05/2026,Shirts all @450 UPSIZE (5XL),2,JUC (CONSIGNMENT)
14/05/2026,UST College ID Lace,9,JUC (CONSIGNMENT)
14/05/2026,"UST OAT MUG (Y,W,B)",11,JUC (CONSIGNMENT)
14/05/2026,UST OAT T-Shirt Y/B/COLLEGE (XS-2XL),11,JUC (CONSIGNMENT)
14/05/2026,UST Sweatshirt Sporty,2,JUC (CONSIGNMENT)
14/05/2026,UST T-Shirt Santo Tomas Shirt/UST T-Shirt Tiger Pattern/HAPPY/Script,32,JUC (CONSIGNMENT)
14/05/2026,UST T-Shirt Sporty,9,JUC (CONSIGNMENT)
14/05/2026,"Baseball Shirt (Y,W)",1,JYL ATHLETICA (CONSIGNMENT)
14/05/2026,Corp Jacket V3,2,JYL ATHLETICA (CONSIGNMENT)
14/05/2026,Cotton Black Jacket,1,JYL ATHLETICA (CONSIGNMENT)
14/05/2026,Dri-Fit Golden Tigresses,7,JYL ATHLETICA (CONSIGNMENT)
14/05/2026,Jacket,1,JYL ATHLETICA (CONSIGNMENT)
14/05/2026,Jersey Short,1,JYL ATHLETICA (CONSIGNMENT)
14/05/2026,Poloshirt @800,3,JYL ATHLETICA (CONSIGNMENT)
14/05/2026,"QUIANA SUBLI SHIRT (B&Y), 2 TONED",6,JYL ATHLETICA (CONSIGNMENT)
14/05/2026,Tiger Paw Keychain @375,5,MADEBYRUZ CONSUMER GOODS TRADING (CONSIGNMENT)
14/05/2026,UST Logo Clicker,1,MADEBYRUZ CONSUMER GOODS TRADING (CONSIGNMENT)
14/05/2026,Baseball Cap METAL @380,2,STITCH CORP. (BLEEVES CONSIGNMENT)
14/05/2026,Tiger w/ Box,5,STITCH CORP. (BLEEVES CONSIGNMENT)
14/05/2026,"Ballpen 3 Designs @50 (B,Y,W)",11,STITCH CORP. (PAID)
14/05/2026,Bamboo Notebook @150,9,STITCH CORP. (PAID)
14/05/2026,Bamboo Pen @60,11,STITCH CORP. (PAID)
14/05/2026,Corp Jacket V2,4,STITCH CORP. (PAID)
14/05/2026,Arch @350,16,TET AND DARS (PAID)
14/05/2026,Logo Keychain @200,1,TET AND DARS (PAID)
14/05/2026,Logo Sticker @30,7,TET AND DARS (PAID)
14/05/2026,Long Sticker @120,1,TET AND DARS (PAID)
14/05/2026,"Go USTE (W,Y,B) @450",5,THREADMARKED (CONSIGNMENT)
14/05/2026,"Keep Growling OS (B,V)",1,THREADMARKED (CONSIGNMENT)
14/05/2026,"UST 1611 Embro Shirt (B,V)",1,THREADMARKED (CONSIGNMENT)
14/05/2026,"UST Embro OS (B,V)",1,THREADMARKED (CONSIGNMENT)
14/05/2026,UST Logo Embro Polo Shirt (XS-XL),1,THREADMARKED (CONSIGNMENT)
14/05/2026,"UST TIGERS Oversized shirt (V,B) @650",1,THREADMARKED (CONSIGNMENT)
14/05/2026,"Hoodie UST embro (V,G,Y,B) @1800",1,THREADMARKED (PAID)
14/05/2026,Two-toned windbreaker @1700,4,THREADMARKED (PAID)
14/05/2026,UST 3D Keychain,1,THREADMARKED (PAID)
14/05/2026,UST Keyboard Clicker (Fidget),7,THREADMARKED (PAID)
14/05/2026,Varsity Jacket Embro,2,THREADMARKED (PAID)
14/05/2026,5M Rotating Keychain,2,USTORE (PAID)
14/05/2026,Automatic Umbrella,6,USTORE (PAID)
14/05/2026,Black Eco Bag,5,USTORE (PAID)
14/05/2026,Blanca Pen,1,USTORE (PAID)
14/05/2026,C. Keychain,3,USTORE (PAID)
14/05/2026,Chibi Stickers,2,USTORE (PAID)
14/05/2026,College Sticker @120,1,USTORE (PAID)
14/05/2026,ID Case v2 @40,2,USTORE (PAID)
14/05/2026,Insignia Pen,1,USTORE (PAID)
14/05/2026,Lanyard @180,11,USTORE (PAID)
14/05/2026,MJ Sticker Large,5,USTORE (PAID)
14/05/2026,MJ Sticker Medium,2,USTORE (PAID)
14/05/2026,MJ Sticker Small,4,USTORE (PAID)
14/05/2026,Notelet,2,USTORE (PAID)
14/05/2026,Pencil,1,USTORE (PAID)
14/05/2026,Picasso Pen,1,USTORE (PAID)
14/05/2026,Powerbank,1,USTORE (PAID)
14/05/2026,Tiger Plushie Small,2,USTORE (PAID)
14/05/2026,Tote Viva Santo Tomas,3,USTORE (PAID)
14/05/2026,Travel Mug,5,USTORE (PAID)
14/05/2026,Utensils,10,USTORE (PAID)
14/05/2026,Yellow Lanyard,4,USTORE (PAID)
14/05/2026,Lanyard,2,VARSITY LIFESTYLE (CONSIGNMENT)
14/05/2026,New GT Shirts,4,VARSITY LIFESTYLE (CONSIGNMENT)
14/05/2026,VL Sticker Pack,1,VARSITY LIFESTYLE (CONSIGNMENT)
14/05/2026,"Y,B VL UST",2,VARSITY LIFESTYLE (CONSIGNMENT)
15/05/2026,"Ballpen 3 Designs @50 (B,Y,W)",11,STITCH CORP. (PAID)
15/05/2026,Corp Jacket V2,4,STITCH CORP. (PAID)
15/05/2026,Lanyard,1,VARSITY LIFESTYLE (CONSIGNMENT)
15/05/2026,"Y,B VL UST",4,VARSITY LIFESTYLE (CONSIGNMENT)
16/05/2026,Triple Black Embro,1,BLAZE (CONSIGNMENT)
16/05/2026,Shirts all @450 UPSIZE (5XL),1,JUC (CONSIGNMENT)
16/05/2026,UST College ID Lace,4,JUC (CONSIGNMENT)
16/05/2026,UST OAT T-Shirt Y/B/COLLEGE (XS-2XL),7,JUC (CONSIGNMENT)
16/05/2026,UST T-Shirt Santo Tomas Shirt/UST T-Shirt Tiger Pattern/HAPPY/Script,6,JUC (CONSIGNMENT)
16/05/2026,Dri-Fit Golden Tigresses,4,JYL ATHLETICA (CONSIGNMENT)
16/05/2026,Poloshirt @800,6,JYL ATHLETICA (CONSIGNMENT)
16/05/2026,Arch @350,4,TET AND DARS (PAID)
16/05/2026,Long Sticker @120,2,TET AND DARS (PAID)
16/05/2026,"Keep Growling OS (B,V)",1,THREADMARKED (CONSIGNMENT)
16/05/2026,"UST 1611 Embro Shirt (B,V)",4,THREADMARKED (CONSIGNMENT)
16/05/2026,"UST Embro OS (B,V)",4,THREADMARKED (CONSIGNMENT)
16/05/2026,UST Logo Embro Polo Shirt (2XL-3XL),2,THREADMARKED (CONSIGNMENT)
16/05/2026,"UST TIGERS Oversized shirt (V,B) @650",1,THREADMARKED (CONSIGNMENT)
16/05/2026,"Hoodie UST embro (V,G,Y,B) @1800",4,THREADMARKED (PAID)
16/05/2026,Two-toned windbreaker @1700,2,THREADMARKED (PAID)
16/05/2026,UST 3D Keychain,2,THREADMARKED (PAID)
16/05/2026,UST Keyboard Clicker (Fidget),2,THREADMARKED (PAID)
16/05/2026,Varsity Jacket Embro,1,THREADMARKED (PAID)
16/05/2026,5M Rotating Keychain,3,USTORE (PAID)
16/05/2026,Black Eco Bag,2,USTORE (PAID)
16/05/2026,Blanca Pen,1,USTORE (PAID)
16/05/2026,C. Keychain,2,USTORE (PAID)
16/05/2026,ID Case v2 @40,2,USTORE (PAID)
16/05/2026,Lanyard @180,7,USTORE (PAID)
16/05/2026,MJ Sticker Medium,2,USTORE (PAID)
16/05/2026,MJ Sticker Small,1,USTORE (PAID)
16/05/2026,Notelet,7,USTORE (PAID)
16/05/2026,Travel Mug,1,USTORE (PAID)
16/05/2026,Yellow Lanyard,2,USTORE (PAID)
19/05/2026,Triple Black Embro,1,BLAZE (CONSIGNMENT)
19/05/2026,UST College ID Lace,6,JUC (CONSIGNMENT)
19/05/2026,UST OAT Hoodie Jacket,2,JUC (CONSIGNMENT)
19/05/2026,"UST OAT MUG (Y,W,B)",6,JUC (CONSIGNMENT)
19/05/2026,UST OAT T-Shirt Y/B/COLLEGE (XS-2XL),1,JUC (CONSIGNMENT)
19/05/2026,UST Sweatshirt Sporty,2,JUC (CONSIGNMENT)
19/05/2026,UST T-Shirt Santo Tomas Shirt/UST T-Shirt Tiger Pattern/HAPPY/Script,7,JUC (CONSIGNMENT)
19/05/2026,UST T-Shirt Sporty,2,JUC (CONSIGNMENT)
19/05/2026,Cotton Black Jacket,1,JYL ATHLETICA (CONSIGNMENT)
19/05/2026,Dri-Fit Golden Tigresses,1,JYL ATHLETICA (CONSIGNMENT)
19/05/2026,Poloshirt @800,1,JYL ATHLETICA (CONSIGNMENT)
19/05/2026,"QUIANA SUBLI SHIRT (B&Y), 2 TONED",3,JYL ATHLETICA (CONSIGNMENT)
19/05/2026,Tiger Paw Keychain @375,1,MADEBYRUZ CONSUMER GOODS TRADING (CONSIGNMENT)
19/05/2026,S88 UAAP Poloshirt,1,SHIRT HAPPENS (CONSIGNMENT)
19/05/2026,Baseball Cap METAL @380,1,STITCH CORP. (BLEEVES CONSIGNMENT)
19/05/2026,"Double Canopy (B,Y)",1,STITCH CORP. (BLEEVES CONSIGNMENT)
19/05/2026,Tiger w/ Box,1,STITCH CORP. (BLEEVES CONSIGNMENT)
19/05/2026,"Ballpen 3 Designs @50 (B,Y,W)",47,STITCH CORP. (PAID)
19/05/2026,Bamboo Notebook @150,4,STITCH CORP. (PAID)
19/05/2026,Corp Jacket V2,4,STITCH CORP. (PAID)
19/05/2026,Kraft Notebook @130,3,STITCH CORP. (PAID)
19/05/2026,Arch @350,5,TET AND DARS (PAID)
19/05/2026,Logo Keychain @200,1,TET AND DARS (PAID)
19/05/2026,Logo Sticker @30,1,TET AND DARS (PAID)
19/05/2026,Long Sticker @120,1,TET AND DARS (PAID)
19/05/2026,"Go USTE (W,Y,B) @450",1,THREADMARKED (CONSIGNMENT)
19/05/2026,"Keep Growling OS (B,V)",3,THREADMARKED (CONSIGNMENT)
19/05/2026,"UST 1611 Embro Shirt (B,V)",4,THREADMARKED (CONSIGNMENT)
19/05/2026,"UST Embro OS (B,V)",1,THREADMARKED (CONSIGNMENT)
19/05/2026,UST Logo Embro Polo Shirt (XS-XL),1,THREADMARKED (CONSIGNMENT)
19/05/2026,"UST TIGERS Oversized shirt (V,B) @650",1,THREADMARKED (CONSIGNMENT)
19/05/2026,"Hoodie UST embro (V,G,Y,B) @1800",1,THREADMARKED (PAID)
19/05/2026,UST Keyboard Clicker (Fidget),13,THREADMARKED (PAID)
19/05/2026,Varsity Jacket Embro,1,THREADMARKED (PAID)
19/05/2026,5M Magnetic Pin,1,USTORE (PAID)
19/05/2026,Automatic Umbrella,1,USTORE (PAID)
19/05/2026,Black Eco Bag,2,USTORE (PAID)
19/05/2026,ID Case v2 @40,2,USTORE (PAID)
19/05/2026,Lanyard @180,6,USTORE (PAID)
19/05/2026,MJ Sticker Large,2,USTORE (PAID)
19/05/2026,Notelet,49,USTORE (PAID)
19/05/2026,Pencil,6,USTORE (PAID)
19/05/2026,Scarf @490,1,USTORE (PAID)
19/05/2026,Tiger Plushie Big,4,USTORE (PAID)
19/05/2026,Tiger Plushie Small,49,USTORE (PAID)
19/05/2026,Tote Viva Santo Tomas,1,USTORE (PAID)
19/05/2026,Travel Mug,3,USTORE (PAID)
19/05/2026,Yellow Lanyard,1,USTORE (PAID)
19/05/2026,Long Sticker,1,VARSITY LIFESTYLE (CONSIGNMENT)
19/05/2026,USTWBT Championship Shirt 2025,1,VARSITY LIFESTYLE (CONSIGNMENT)
19/05/2026,VL Sticker Pack,1,VARSITY LIFESTYLE (CONSIGNMENT)
19/05/2026,"Y,B VL UST",3,VARSITY LIFESTYLE (CONSIGNMENT)
20/05/2026,White Embro,1,BLAZE (CONSIGNMENT)
20/05/2026,UST College ID Lace,3,JUC (CONSIGNMENT)
20/05/2026,"UST OAT MUG (Y,W,B)",2,JUC (CONSIGNMENT)
20/05/2026,UST OAT T-Shirt Y/B/COLLEGE (XS-2XL),2,JUC (CONSIGNMENT)
20/05/2026,UST Sweatshirt Sporty,1,JUC (CONSIGNMENT)
20/05/2026,UST T-Shirt Santo Tomas Shirt/UST T-Shirt Tiger Pattern/HAPPY/Script,10,JUC (CONSIGNMENT)
20/05/2026,UST T-Shirt Sporty,4,JUC (CONSIGNMENT)
20/05/2026,"Baseball Shirt (Y,W)",1,JYL ATHLETICA (CONSIGNMENT)
20/05/2026,Dri-Fit Golden Tigresses,1,JYL ATHLETICA (CONSIGNMENT)
20/05/2026,Jacket,1,JYL ATHLETICA (CONSIGNMENT)
20/05/2026,Jersey Short,1,JYL ATHLETICA (CONSIGNMENT)
20/05/2026,Machete V2,1,JYL ATHLETICA (CONSIGNMENT)
20/05/2026,"QUIANA SUBLI SHIRT (B&Y), 2 TONED",2,JYL ATHLETICA (CONSIGNMENT)
20/05/2026,Tiger Claw,10,MADEBYRUZ CONSUMER GOODS TRADING (CONSIGNMENT)
20/05/2026,Tiger Paw Keychain @375,25,MADEBYRUZ CONSUMER GOODS TRADING (CONSIGNMENT)
20/05/2026,UST Arch Clicker,1,MADEBYRUZ CONSUMER GOODS TRADING (CONSIGNMENT)
20/05/2026,Hoodies Breaker,1,NAPOLIZ ENTERPRISES (CONSIGNMENT)
20/05/2026,"Double Canopy (B,Y)",4,STITCH CORP. (BLEEVES CONSIGNMENT)
20/05/2026,Tiger w/ Box,1,STITCH CORP. (BLEEVES CONSIGNMENT)
20/05/2026,Wearable Blanket,3,STITCH CORP. (BLEEVES CONSIGNMENT)
20/05/2026,"Ballpen 3 Designs @50 (B,Y,W)",1,STITCH CORP. (PAID)
20/05/2026,Bamboo Notebook @150,2,STITCH CORP. (PAID)
20/05/2026,Corp Jacket V2,2,STITCH CORP. (PAID)
20/05/2026,Kraft Notebook @130,110,STITCH CORP. (PAID)
20/05/2026,Arch @350,1,TET AND DARS (PAID)
20/05/2026,Logo Sticker @30,6,TET AND DARS (PAID)
20/05/2026,"UST 1611 Embro Shirt (B,V)",6,THREADMARKED (CONSIGNMENT)
20/05/2026,UST Logo Embro Polo Shirt (XS-XL),3,THREADMARKED (CONSIGNMENT)
20/05/2026,"Hoodie UST embro (V,G,Y,B) @1800",2,THREADMARKED (PAID)
20/05/2026,UST 3D Keychain,1,THREADMARKED (PAID)
20/05/2026,UST Keyboard Clicker (Fidget),4,THREADMARKED (PAID)
20/05/2026,Varsity Jacket Embro,1,THREADMARKED (PAID)
20/05/2026,5M Magnetic Pin,1,USTORE (PAID)
20/05/2026,5M Rotating Keychain,3,USTORE (PAID)
20/05/2026,Automatic Umbrella,1,USTORE (PAID)
20/05/2026,Black Eco Bag,34,USTORE (PAID)
20/05/2026,Blanca Pen,1,USTORE (PAID)
20/05/2026,Chibi Stickers,2,USTORE (PAID)
20/05/2026,College Sticker @120,2,USTORE (PAID)
20/05/2026,ID Case v2 @40,1,USTORE (PAID)
20/05/2026,Lanyard @180,6,USTORE (PAID)
20/05/2026,MJ Sticker Large,2,USTORE (PAID)
20/05/2026,MJ Sticker Medium,1,USTORE (PAID)
20/05/2026,MJ Sticker Small,8,USTORE (PAID)
20/05/2026,Notelet,1,USTORE (PAID)
20/05/2026,Tiger Plushie Small,11,USTORE (PAID)
20/05/2026,Tote Viva Santo Tomas,3,USTORE (PAID)
20/05/2026,Yellow Lanyard,2,USTORE (PAID)
20/05/2026,Lanyard,2,VARSITY LIFESTYLE (CONSIGNMENT)
20/05/2026,VL Sticker Pack,1,VARSITY LIFESTYLE (CONSIGNMENT)
20/05/2026,"Y,B VL UST",1,VARSITY LIFESTYLE (CONSIGNMENT)
21/05/2026,Polo Shirt @800,1,BLAZE (CONSIGNMENT)
21/05/2026,Triple Black Embro,4,BLAZE (CONSIGNMENT)
21/05/2026,Shirts all @450 UPSIZE (3XL-4XL),1,JUC (CONSIGNMENT)
21/05/2026,UST College ID Lace,2,JUC (CONSIGNMENT)
21/05/2026,UST OAT Hoodie Jacket,10,JUC (CONSIGNMENT)
21/05/2026,"UST OAT MUG (Y,W,B)",9,JUC (CONSIGNMENT)
21/05/2026,UST OAT T-Shirt Y/B/COLLEGE (XS-2XL),1,JUC (CONSIGNMENT)
21/05/2026,UST T-Shirt Santo Tomas Shirt/UST T-Shirt Tiger Pattern/HAPPY/Script,6,JUC (CONSIGNMENT)
21/05/2026,UST T-Shirt Sporty,1,JUC (CONSIGNMENT)
21/05/2026,Dri-Fit Golden Tigresses,1,JYL ATHLETICA (CONSIGNMENT)
21/05/2026,Jersey Short,1,JYL ATHLETICA (CONSIGNMENT)
21/05/2026,"QUIANA SUBLI SHIRT (B&Y), 2 TONED",1,JYL ATHLETICA (CONSIGNMENT)
21/05/2026,UST Arch Clicker,10,MADEBYRUZ CONSUMER GOODS TRADING (CONSIGNMENT)
21/05/2026,UST Logo Clicker,3,MADEBYRUZ CONSUMER GOODS TRADING (CONSIGNMENT)
21/05/2026,"Double Canopy (B,Y)",1,STITCH CORP. (BLEEVES CONSIGNMENT)
21/05/2026,Tiger w/ Box,2,STITCH CORP. (BLEEVES CONSIGNMENT)
21/05/2026,Bamboo Pen @60,1,STITCH CORP. (PAID)
21/05/2026,Arch @350,2,TET AND DARS (PAID)
21/05/2026,Long Sticker @120,1,TET AND DARS (PAID)
21/05/2026,"Go USTE (W,Y,B) @450",2,THREADMARKED (CONSIGNMENT)
21/05/2026,"UST 1611 Embro Shirt (B,V)",2,THREADMARKED (CONSIGNMENT)
21/05/2026,"UST Embro OS (B,V)",2,THREADMARKED (CONSIGNMENT)
21/05/2026,UST Logo Embro Polo Shirt (2XL-3XL),1,THREADMARKED (CONSIGNMENT)
21/05/2026,"Hoodie UST embro (V,G,Y,B) @1800",1,THREADMARKED (PAID)
21/05/2026,UST 3D Keychain,1,THREADMARKED (PAID)
21/05/2026,UST Keyboard Clicker (Fidget),14,THREADMARKED (PAID)
21/05/2026,Varsity Jacket Embro,1,THREADMARKED (PAID)
21/05/2026,Ceramic Mug 18oz,1,TOP GUN PHILS. (PAID)
21/05/2026,Aquaflask,1,USTORE (PAID)
21/05/2026,Automatic Umbrella,1,USTORE (PAID)
21/05/2026,Black Eco Bag,1,USTORE (PAID)
21/05/2026,C. Keychain,1,USTORE (PAID)
21/05/2026,College Sticker @120,2,USTORE (PAID)
21/05/2026,ID Case v2 @40,1,USTORE (PAID)
21/05/2026,Lanyard @180,10,USTORE (PAID)
21/05/2026,MJ Sticker Small,1,USTORE (PAID)
21/05/2026,Tote Viva Santo Tomas,1,USTORE (PAID)
21/05/2026,Yellow Lanyard,3,USTORE (PAID)
21/05/2026,Lanyard,2,VARSITY LIFESTYLE (CONSIGNMENT)
21/05/2026,Long Sticker,2,VARSITY LIFESTYLE (CONSIGNMENT)
21/05/2026,VL Keychain,3,VARSITY LIFESTYLE (CONSIGNMENT)
23/05/2026,Black w/ Yellow UST Embro,7,BLAZE (CONSIGNMENT)
23/05/2026,Triple Black Embro,3,BLAZE (CONSIGNMENT)
23/05/2026,White Embro,4,BLAZE (CONSIGNMENT)
23/05/2026,Shirts all @450 UPSIZE (3XL-4XL),1,JUC (CONSIGNMENT)
23/05/2026,Shirts all @450 UPSIZE (5XL),3,JUC (CONSIGNMENT)
23/05/2026,UST College ID Lace,38,JUC (CONSIGNMENT)
23/05/2026,UST OAT Hoodie Jacket,7,JUC (CONSIGNMENT)
23/05/2026,"UST OAT MUG (Y,W,B)",6,JUC (CONSIGNMENT)
23/05/2026,UST OAT T-Shirt Y/B/COLLEGE (XS-2XL),35,JUC (CONSIGNMENT)
23/05/2026,UST Sweatshirt Sporty,6,JUC (CONSIGNMENT)
23/05/2026,UST T-Shirt Santo Tomas Shirt/UST T-Shirt Tiger Pattern/HAPPY/Script,22,JUC (CONSIGNMENT)
23/05/2026,"Baseball Shirt (Y,W)",2,JYL ATHLETICA (CONSIGNMENT)
23/05/2026,Cotton Black Jacket,2,JYL ATHLETICA (CONSIGNMENT)
23/05/2026,Cotton Brush Jacket,4,JYL ATHLETICA (CONSIGNMENT)
23/05/2026,Dri-Fit Golden Tigresses,20,JYL ATHLETICA (CONSIGNMENT)
23/05/2026,Jersey Short,7,JYL ATHLETICA (CONSIGNMENT)
23/05/2026,Poloshirt @800,3,JYL ATHLETICA (CONSIGNMENT)
23/05/2026,"QUIANA SUBLI SHIRT (B&Y), 2 TONED",13,JYL ATHLETICA (CONSIGNMENT)
23/05/2026,Tiger Claw,1,MADEBYRUZ CONSUMER GOODS TRADING (CONSIGNMENT)
23/05/2026,Tiger Paw Keychain @375,16,MADEBYRUZ CONSUMER GOODS TRADING (CONSIGNMENT)
23/05/2026,UST Arch Clicker,4,MADEBYRUZ CONSUMER GOODS TRADING (CONSIGNMENT)
23/05/2026,Go Fight UST Shirt,3,SHIRT HAPPENS (CONSIGNMENT)
23/05/2026,S88 UAAP Poloshirt,1,SHIRT HAPPENS (CONSIGNMENT)
23/05/2026,Baseball Cap METAL @380,14,STITCH CORP. (BLEEVES CONSIGNMENT)
23/05/2026,"Double Canopy (B,Y)",1,STITCH CORP. (BLEEVES CONSIGNMENT)
23/05/2026,"Ballpen 3 Designs @50 (B,Y,W)",45,STITCH CORP. (PAID)
23/05/2026,Bamboo Notebook @150,1,STITCH CORP. (PAID)
23/05/2026,Bamboo Pen @60,10,STITCH CORP. (PAID)
23/05/2026,Corp Jacket V2,4,STITCH CORP. (PAID)
23/05/2026,Kraft Notebook @130,4,STITCH CORP. (PAID)
23/05/2026,Arch @350,2,TET AND DARS (PAID)
23/05/2026,Logo Keychain @200,1,TET AND DARS (PAID)
23/05/2026,Long Sticker @120,2,TET AND DARS (PAID)
23/05/2026,"Go USTE (W,Y,B) @450",4,THREADMARKED (CONSIGNMENT)
23/05/2026,"Keep Growling OS (B,V)",5,THREADMARKED (CONSIGNMENT)
23/05/2026,"UST 1611 Embro Shirt (B,V)",12,THREADMARKED (CONSIGNMENT)
23/05/2026,"UST Embro OS (B,V)",10,THREADMARKED (CONSIGNMENT)
23/05/2026,"UST TIGERS Oversized shirt (V,B) @650",2,THREADMARKED (CONSIGNMENT)
23/05/2026,"Hoodie UST embro (V,G,Y,B) @1800",3,THREADMARKED (PAID)
23/05/2026,Two-toned windbreaker @1700,1,THREADMARKED (PAID)
23/05/2026,UST 3D Keychain,42,THREADMARKED (PAID)
23/05/2026,UST Keyboard Clicker (Fidget),19,THREADMARKED (PAID)
23/05/2026,Varsity Jacket Embro,2,THREADMARKED (PAID)
23/05/2026,5M Magnetic Pin,1,USTORE (PAID)
23/05/2026,5M Rotating Keychain,25,USTORE (PAID)
23/05/2026,Aquaflask,2,USTORE (PAID)
23/05/2026,Automatic Umbrella,2,USTORE (PAID)
23/05/2026,Black Eco Bag,5,USTORE (PAID)
23/05/2026,Blanca Pen,2,USTORE (PAID)
23/05/2026,Button Pin (Big),30,USTORE (PAID)
23/05/2026,C. Keychain,11,USTORE (PAID)
23/05/2026,Chibi Stickers,3,USTORE (PAID)
23/05/2026,Clappers,4,USTORE (PAID)
23/05/2026,ID Case v2 @40,13,USTORE (PAID)
23/05/2026,Insignia Pen,2,USTORE (PAID)
23/05/2026,Lanyard @180,31,USTORE (PAID)
23/05/2026,MJ Sticker Large,14,USTORE (PAID)
23/05/2026,MJ Sticker Medium,21,USTORE (PAID)
23/05/2026,MJ Sticker Small,34,USTORE (PAID)
23/05/2026,Notelet,1,USTORE (PAID)
23/05/2026,Pencil,3,USTORE (PAID)
23/05/2026,Powerbank,1,USTORE (PAID)
23/05/2026,Scarf @490,2,USTORE (PAID)
23/05/2026,Tiger Plushie Small,2,USTORE (PAID)
23/05/2026,Tote Bag Canvas White @160,1,USTORE (PAID)
23/05/2026,Tote ONE FOR UST,3,USTORE (PAID)
23/05/2026,Tote Viva Santo Tomas,5,USTORE (PAID)
23/05/2026,Travel Mug,1,USTORE (PAID)
23/05/2026,Yellow Lanyard,57,USTORE (PAID)
23/05/2026,Yellow Notebook,11,USTORE (PAID)
23/05/2026,Lanyard,11,VARSITY LIFESTYLE (CONSIGNMENT)
23/05/2026,New GT Shirts,1,VARSITY LIFESTYLE (CONSIGNMENT)
23/05/2026,Sweatshirt (NEW),1,VARSITY LIFESTYLE (CONSIGNMENT)
23/05/2026,USTWBT Championship Shirt 2025,1,VARSITY LIFESTYLE (CONSIGNMENT)
23/05/2026,VL Keychain,6,VARSITY LIFESTYLE (CONSIGNMENT)
23/05/2026,"Y,B VL UST",16,VARSITY LIFESTYLE (CONSIGNMENT)
28/05/2026,Black w/ Yellow UST Embro,4,BLAZE (CONSIGNMENT)
28/05/2026,Polo Shirt @800,1,BLAZE (CONSIGNMENT)
28/05/2026,Triple Black Embro,1,BLAZE (CONSIGNMENT)
28/05/2026,White Embro,5,BLAZE (CONSIGNMENT)
28/05/2026,UST College ID Lace,24,JUC (CONSIGNMENT)
28/05/2026,UST OAT Hoodie Jacket,2,JUC (CONSIGNMENT)
28/05/2026,"UST OAT MUG (Y,W,B)",1,JUC (CONSIGNMENT)
28/05/2026,UST OAT T-Shirt Y/B/COLLEGE (XS-2XL),93,JUC (CONSIGNMENT)
28/05/2026,UST Sweatshirt Sporty,2,JUC (CONSIGNMENT)
28/05/2026,UST T-Shirt Santo Tomas Shirt/UST T-Shirt Tiger Pattern/HAPPY/Script,15,JUC (CONSIGNMENT)
28/05/2026,UST T-Shirt Sporty,3,JUC (CONSIGNMENT)
28/05/2026,"Baseball Shirt (Y,W)",2,JYL ATHLETICA (CONSIGNMENT)
28/05/2026,Cotton Black Jacket,4,JYL ATHLETICA (CONSIGNMENT)
28/05/2026,Cotton Gray Jacket,1,JYL ATHLETICA (CONSIGNMENT)
28/05/2026,Dri-Fit Golden Tigresses,2,JYL ATHLETICA (CONSIGNMENT)
28/05/2026,DRI-FIT NEW,3,JYL ATHLETICA (CONSIGNMENT)
28/05/2026,Jersey Short,1,JYL ATHLETICA (CONSIGNMENT)
28/05/2026,Machete V2,1,JYL ATHLETICA (CONSIGNMENT)
28/05/2026,"QUIANA SUBLI SHIRT (B&Y), 2 TONED",15,JYL ATHLETICA (CONSIGNMENT)
28/05/2026,Taslan NEW,1,JYL ATHLETICA (CONSIGNMENT)
28/05/2026,Hoodies Breaker,2,NAPOLIZ ENTERPRISES (CONSIGNMENT)
28/05/2026,S88 UAAP Poloshirt,1,SHIRT HAPPENS (CONSIGNMENT)
28/05/2026,Baseball Cap METAL @380,12,STITCH CORP. (BLEEVES CONSIGNMENT)
28/05/2026,"Double Canopy (B,Y)",1,STITCH CORP. (BLEEVES CONSIGNMENT)
28/05/2026,Tiger w/ Box,3,STITCH CORP. (BLEEVES CONSIGNMENT)
28/05/2026,Wearable Blanket,1,STITCH CORP. (BLEEVES CONSIGNMENT)
28/05/2026,"Ballpen 3 Designs @50 (B,Y,W)",24,STITCH CORP. (PAID)
28/05/2026,Bamboo Notebook @150,56,STITCH CORP. (PAID)
28/05/2026,Corp Jacket V2,4,STITCH CORP. (PAID)
28/05/2026,Kraft Notebook @130,34,STITCH CORP. (PAID)
28/05/2026,Arch @350,1,TET AND DARS (PAID)
28/05/2026,Long Sticker @120,1,TET AND DARS (PAID)
28/05/2026,"Go USTE (W,Y,B) @450",3,THREADMARKED (CONSIGNMENT)
28/05/2026,"UST 1611 Embro Shirt (B,V)",4,THREADMARKED (CONSIGNMENT)
28/05/2026,"UST Embro OS (B,V)",4,THREADMARKED (CONSIGNMENT)
28/05/2026,UST Logo Embro Polo Shirt (XS-XL),2,THREADMARKED (CONSIGNMENT)
28/05/2026,"UST TIGERS Oversized shirt (V,B) @650",1,THREADMARKED (CONSIGNMENT)
28/05/2026,"Hoodie UST embro (V,G,Y,B) @1800",6,THREADMARKED (PAID)
28/05/2026,Two-toned windbreaker @1700,3,THREADMARKED (PAID)
28/05/2026,UST 3D Keychain,8,THREADMARKED (PAID)
28/05/2026,UST Keyboard Clicker (Fidget),10,THREADMARKED (PAID)
28/05/2026,5M Magnetic Pin,3,USTORE (PAID)
28/05/2026,5M Rotating Keychain,8,USTORE (PAID)
28/05/2026,Aquaflask,1,USTORE (PAID)
28/05/2026,Automatic Umbrella,5,USTORE (PAID)
28/05/2026,Black Eco Bag,5,USTORE (PAID)
28/05/2026,Blanca Pen,5,USTORE (PAID)
28/05/2026,Button Pin (Big),1,USTORE (PAID)
28/05/2026,C. Keychain,8,USTORE (PAID)
28/05/2026,ID Case v2 @40,4,USTORE (PAID)
28/05/2026,Insignia Pen,1,USTORE (PAID)
28/05/2026,Lanyard @180,22,USTORE (PAID)
28/05/2026,MJ Sticker Large,4,USTORE (PAID)
28/05/2026,MJ Sticker Medium,5,USTORE (PAID)
28/05/2026,MJ Sticker Small,7,USTORE (PAID)
28/05/2026,Tiger Plushie Small,5,USTORE (PAID)
28/05/2026,Tote Bag Canvas White @160,94,USTORE (PAID)
28/05/2026,Tote Viva Santo Tomas,6,USTORE (PAID)
28/05/2026,Yellow Notebook,4,USTORE (PAID)
28/05/2026,Lanyard,2,VARSITY LIFESTYLE (CONSIGNMENT)
28/05/2026,New GT Shirts,2,VARSITY LIFESTYLE (CONSIGNMENT)
28/05/2026,VL Keychain,5,VARSITY LIFESTYLE (CONSIGNMENT)
28/05/2026,"Y,B VL UST",1,VARSITY LIFESTYLE (CONSIGNMENT)
29/05/2026,Black w/ Yellow UST Embro,1,BLAZE (CONSIGNMENT)
29/05/2026,Polo Shirt @800,1,BLAZE (CONSIGNMENT)
29/05/2026,Triple Black Embro,2,BLAZE (CONSIGNMENT)
29/05/2026,Shirts all @450 UPSIZE (3XL-4XL),2,JUC (CONSIGNMENT)
29/05/2026,Shirts all @450 UPSIZE (5XL),1,JUC (CONSIGNMENT)
29/05/2026,UST College ID Lace,9,JUC (CONSIGNMENT)
29/05/2026,UST OAT Hoodie Jacket,2,JUC (CONSIGNMENT)
29/05/2026,"UST OAT MUG (Y,W,B)",17,JUC (CONSIGNMENT)
29/05/2026,UST OAT T-Shirt Y/B/COLLEGE (XS-2XL),5,JUC (CONSIGNMENT)
29/05/2026,UST T-Shirt Santo Tomas Shirt/UST T-Shirt Tiger Pattern/HAPPY/Script,14,JUC (CONSIGNMENT)
29/05/2026,UST T-Shirt Sporty,4,JUC (CONSIGNMENT)
29/05/2026,Corp Jacket V3,2,JYL ATHLETICA (CONSIGNMENT)
29/05/2026,Dri-Fit Golden Tigresses,3,JYL ATHLETICA (CONSIGNMENT)
29/05/2026,Poloshirt 123456 @860,2,JYL ATHLETICA (CONSIGNMENT)
29/05/2026,Poloshirt @800,1,JYL ATHLETICA (CONSIGNMENT)
29/05/2026,"QUIANA SUBLI SHIRT (B&Y), 2 TONED",3,JYL ATHLETICA (CONSIGNMENT)
29/05/2026,Taslan NEW,1,JYL ATHLETICA (CONSIGNMENT)
29/05/2026,Tiger Paw Keychain @375,1,MADEBYRUZ CONSUMER GOODS TRADING (CONSIGNMENT)
29/05/2026,Go Fight UST Shirt,1,SHIRT HAPPENS (CONSIGNMENT)
29/05/2026,Baseball Cap METAL @380,2,STITCH CORP. (BLEEVES CONSIGNMENT)
29/05/2026,Clock @550,1,STITCH CORP. (BLEEVES CONSIGNMENT)
29/05/2026,"Double Canopy (B,Y)",10,STITCH CORP. (BLEEVES CONSIGNMENT)
29/05/2026,Tiger w/ Box,6,STITCH CORP. (BLEEVES CONSIGNMENT)
29/05/2026,"Ballpen 3 Designs @50 (B,Y,W)",18,STITCH CORP. (PAID)
29/05/2026,Bamboo Pen @60,2,STITCH CORP. (PAID)
29/05/2026,Corp Jacket V2,3,STITCH CORP. (PAID)
29/05/2026,Kraft Notebook @130,1,STITCH CORP. (PAID)
29/05/2026,Arch @350,1,TET AND DARS (PAID)
29/05/2026,Long Sticker @120,2,TET AND DARS (PAID)
29/05/2026,"Go USTE (W,Y,B) @450",3,THREADMARKED (CONSIGNMENT)
29/05/2026,"Keep Growling OS (B,V)",1,THREADMARKED (CONSIGNMENT)
29/05/2026,"UST 1611 Embro Shirt (B,V)",2,THREADMARKED (CONSIGNMENT)
29/05/2026,"UST Embro OS (B,V)",4,THREADMARKED (CONSIGNMENT)
29/05/2026,UST Logo Embro Polo Shirt (XS-XL),3,THREADMARKED (CONSIGNMENT)
29/05/2026,"UST TIGERS Oversized shirt (V,B) @650",2,THREADMARKED (CONSIGNMENT)
29/05/2026,"Hoodie UST embro (V,G,Y,B) @1800",3,THREADMARKED (PAID)
29/05/2026,Two-toned windbreaker @1700,1,THREADMARKED (PAID)
29/05/2026,UST 3D Keychain,1,THREADMARKED (PAID)
29/05/2026,UST Keyboard Clicker (Fidget),9,THREADMARKED (PAID)
29/05/2026,5M Magnetic Pin,1,USTORE (PAID)
29/05/2026,5M Rotating Keychain,6,USTORE (PAID)
29/05/2026,Automatic Umbrella,2,USTORE (PAID)
29/05/2026,Blanca Pen,1,USTORE (PAID)
29/05/2026,Button Pin (Big),1,USTORE (PAID)
29/05/2026,C. Keychain,11,USTORE (PAID)
29/05/2026,Chibi Stickers,1,USTORE (PAID)
29/05/2026,ID Case v2 @40,2,USTORE (PAID)
29/05/2026,Lanyard @180,13,USTORE (PAID)
29/05/2026,MJ Sticker Medium,4,USTORE (PAID)
29/05/2026,MJ Sticker Small,1,USTORE (PAID)
29/05/2026,Scarf @490,3,USTORE (PAID)
29/05/2026,Tiger Plushie Big,3,USTORE (PAID)
29/05/2026,Tiger Plushie Small,3,USTORE (PAID)
29/05/2026,Travel Mug,2,USTORE (PAID)
29/05/2026,Yellow Lanyard,8,USTORE (PAID)
29/05/2026,Yellow Notebook,14,USTORE (PAID)
29/05/2026,Lanyard,3,VARSITY LIFESTYLE (CONSIGNMENT)
29/05/2026,"Y,B VL UST",1,VARSITY LIFESTYLE (CONSIGNMENT)
30/05/2026,Black w/ Yellow UST Embro,1,BLAZE (CONSIGNMENT)
30/05/2026,Polo Shirt @800,2,BLAZE (CONSIGNMENT)
30/05/2026,Triple Black Embro,1,BLAZE (CONSIGNMENT)
30/05/2026,UST College ID Lace,9,JUC (CONSIGNMENT)
30/05/2026,UST OAT T-Shirt Y/B/COLLEGE (XS-2XL),16,JUC (CONSIGNMENT)
30/05/2026,UST Sweatshirt Sporty,1,JUC (CONSIGNMENT)
30/05/2026,UST T-Shirt Santo Tomas Shirt/UST T-Shirt Tiger Pattern/HAPPY/Script,25,JUC (CONSIGNMENT)
30/05/2026,UST T-Shirt Sporty,3,JUC (CONSIGNMENT)
30/05/2026,UST T-Shirt Sporty UPSIZE (3XL-5XL),1,JUC (CONSIGNMENT)
30/05/2026,"Baseball Shirt (Y,W)",1,JYL ATHLETICA (CONSIGNMENT)
30/05/2026,Corp Jacket,3,JYL ATHLETICA (CONSIGNMENT)
30/05/2026,Corp Jacket V3,1,JYL ATHLETICA (CONSIGNMENT)
30/05/2026,Cotton Black Jacket,7,JYL ATHLETICA (CONSIGNMENT)
30/05/2026,Cotton Brush Jacket,8,JYL ATHLETICA (CONSIGNMENT)
30/05/2026,Dri-Fit Golden Tigresses,28,JYL ATHLETICA (CONSIGNMENT)
30/05/2026,Jacket,11,JYL ATHLETICA (CONSIGNMENT)
30/05/2026,Jersey Short,3,JYL ATHLETICA (CONSIGNMENT)
30/05/2026,Poloshirt @800,2,JYL ATHLETICA (CONSIGNMENT)
30/05/2026,"QUIANA SUBLI SHIRT (B&Y), 2 TONED",5,JYL ATHLETICA (CONSIGNMENT)
30/05/2026,Taslan NEW,2,JYL ATHLETICA (CONSIGNMENT)
30/05/2026,Tiger Costume,2,MADEBYRUZ CONSUMER GOODS TRADING (CONSIGNMENT)
30/05/2026,Tiger Paw Keychain @375,1,MADEBYRUZ CONSUMER GOODS TRADING (CONSIGNMENT)
30/05/2026,Hoodies Breaker,1,NAPOLIZ ENTERPRISES (CONSIGNMENT)
30/05/2026,S88 UAAP Poloshirt,3,SHIRT HAPPENS (CONSIGNMENT)
30/05/2026,Baseball Cap METAL @380,1,STITCH CORP. (BLEEVES CONSIGNMENT)
30/05/2026,"Double Canopy (B,Y)",2,STITCH CORP. (BLEEVES CONSIGNMENT)
30/05/2026,Tiger w/ Box,3,STITCH CORP. (BLEEVES CONSIGNMENT)
30/05/2026,"Ballpen 3 Designs @50 (B,Y,W)",9,STITCH CORP. (PAID)
30/05/2026,Corp Jacket V2,17,STITCH CORP. (PAID)
30/05/2026,Arch @350,8,TET AND DARS (PAID)
30/05/2026,Logo Keychain @200,1,TET AND DARS (PAID)
30/05/2026,"Go USTE (W,Y,B) @450",5,THREADMARKED (CONSIGNMENT)
30/05/2026,"Keep Growling OS (B,V)",2,THREADMARKED (CONSIGNMENT)
30/05/2026,"UST 1611 Embro Shirt (B,V)",1,THREADMARKED (CONSIGNMENT)
30/05/2026,"UST Embro OS (B,V)",12,THREADMARKED (CONSIGNMENT)
30/05/2026,UST Logo Embro Polo Shirt (XS-XL),3,THREADMARKED (CONSIGNMENT)
30/05/2026,"UST TIGERS Oversized shirt (V,B) @650",7,THREADMARKED (CONSIGNMENT)
30/05/2026,"Hoodie UST embro (V,G,Y,B) @1800",4,THREADMARKED (PAID)
30/05/2026,Two-toned windbreaker @1700,1,THREADMARKED (PAID)
30/05/2026,UST 3D Keychain,1,THREADMARKED (PAID)
30/05/2026,UST Keyboard Clicker (Fidget),1,THREADMARKED (PAID)
30/05/2026,Varsity Jacket Embro,3,THREADMARKED (PAID)
30/05/2026,5M Magnetic Pin,4,USTORE (PAID)
30/05/2026,5M Rotating Keychain,3,USTORE (PAID)
30/05/2026,Blanca Pen,4,USTORE (PAID)
30/05/2026,C. Keychain,2,USTORE (PAID)
30/05/2026,College Sticker @120,1,USTORE (PAID)
30/05/2026,Lanyard @180,6,USTORE (PAID)
30/05/2026,MJ Sticker Large,1,USTORE (PAID)
30/05/2026,MJ Sticker Medium,2,USTORE (PAID)
30/05/2026,MJ Sticker Small,1,USTORE (PAID)
30/05/2026,Scarf @490,8,USTORE (PAID)
30/05/2026,Tiger Plushie Small,2,USTORE (PAID)
30/05/2026,Yellow Notebook,1,USTORE (PAID)
30/05/2026,Long Sticker,1,VARSITY LIFESTYLE (CONSIGNMENT)
30/05/2026,New GT Shirts,10,VARSITY LIFESTYLE (CONSIGNMENT)
30/05/2026,VL Keychain,39,VARSITY LIFESTYLE (CONSIGNMENT)
30/05/2026,VL Sticker Pack,1,VARSITY LIFESTYLE (CONSIGNMENT)
30/05/2026,"Y,B VL UST",5,VARSITY LIFESTYLE (CONSIGNMENT)
01/06/2026,Shirts all @450 UPSIZE (3XL-4XL),1,JUC (CONSIGNMENT)
01/06/2026,UST College ID Lace,19,JUC (CONSIGNMENT)
01/06/2026,UST OAT Hoodie Jacket,2,JUC (CONSIGNMENT)
01/06/2026,"UST OAT MUG (Y,W,B)",5,JUC (CONSIGNMENT)
01/06/2026,UST OAT T-Shirt Y/B/COLLEGE (XS-2XL),11,JUC (CONSIGNMENT)
01/06/2026,UST Sweatshirt Sporty,1,JUC (CONSIGNMENT)
01/06/2026,UST T-Shirt Santo Tomas Shirt/UST T-Shirt Tiger Pattern/HAPPY/Script,9,JUC (CONSIGNMENT)
01/06/2026,UST T-Shirt Sporty,3,JUC (CONSIGNMENT)
01/06/2026,Cotton Black Jacket,1,JYL ATHLETICA (CONSIGNMENT)
01/06/2026,Cotton Brush Jacket,4,JYL ATHLETICA (CONSIGNMENT)
01/06/2026,Dri-Fit Golden Tigresses,5,JYL ATHLETICA (CONSIGNMENT)
01/06/2026,DRI-FIT NEW,3,JYL ATHLETICA (CONSIGNMENT)
01/06/2026,Jacket,1,JYL ATHLETICA (CONSIGNMENT)
01/06/2026,Jersey Short,3,JYL ATHLETICA (CONSIGNMENT)
01/06/2026,"QUIANA SUBLI SHIRT (B&Y), 2 TONED",7,JYL ATHLETICA (CONSIGNMENT)
01/06/2026,Tiger Claw,1,MADEBYRUZ CONSUMER GOODS TRADING (CONSIGNMENT)
01/06/2026,Tiger Headband (2 Designs),1,MADEBYRUZ CONSUMER GOODS TRADING (CONSIGNMENT)
01/06/2026,Tiger Paw Keychain @375,18,MADEBYRUZ CONSUMER GOODS TRADING (CONSIGNMENT)
01/06/2026,UST Arch Clicker,2,MADEBYRUZ CONSUMER GOODS TRADING (CONSIGNMENT)
01/06/2026,Hoodies Breaker,1,NAPOLIZ ENTERPRISES (CONSIGNMENT)
01/06/2026,Go Fight UST Shirt,1,SHIRT HAPPENS (CONSIGNMENT)
01/06/2026,S88 UAAP Poloshirt,1,SHIRT HAPPENS (CONSIGNMENT)
01/06/2026,Baseball Cap METAL @380,2,STITCH CORP. (BLEEVES CONSIGNMENT)
01/06/2026,"Double Canopy (B,Y)",12,STITCH CORP. (BLEEVES CONSIGNMENT)
01/06/2026,Tiger w/ Box,26,STITCH CORP. (BLEEVES CONSIGNMENT)
01/06/2026,Wearable Blanket,2,STITCH CORP. (BLEEVES CONSIGNMENT)
01/06/2026,"Ballpen 3 Designs @50 (B,Y,W)",18,STITCH CORP. (PAID)
01/06/2026,Bamboo Notebook @150,1,STITCH CORP. (PAID)
01/06/2026,Corp Jacket V2,20,STITCH CORP. (PAID)
01/06/2026,Arch @350,10,TET AND DARS (PAID)
01/06/2026,Long Sticker @120,3,TET AND DARS (PAID)
01/06/2026,"Go USTE (W,Y,B) @450",2,THREADMARKED (CONSIGNMENT)
01/06/2026,"Keep Growling OS (B,V)",1,THREADMARKED (CONSIGNMENT)
01/06/2026,"UST 1611 Embro Shirt (B,V)",1,THREADMARKED (CONSIGNMENT)
01/06/2026,"UST Embro OS (B,V)",2,THREADMARKED (CONSIGNMENT)
01/06/2026,"Hoodie UST embro (V,G,Y,B) @1800",2,THREADMARKED (PAID)
01/06/2026,Two-toned windbreaker @1700,1,THREADMARKED (PAID)
01/06/2026,UST 3D Keychain,6,THREADMARKED (PAID)
01/06/2026,UST Keyboard Clicker (Fidget),19,THREADMARKED (PAID)
01/06/2026,Ceramic Mug 18oz,5,TOP GUN PHILS. (PAID)
01/06/2026,Trucker Cap,1,TOP GUN PHILS. (PAID)
01/06/2026,5M Magnetic Pin,2,USTORE (PAID)
01/06/2026,5M Rotating Keychain,7,USTORE (PAID)
01/06/2026,Aquaflask,3,USTORE (PAID)
01/06/2026,Automatic Umbrella,16,USTORE (PAID)
01/06/2026,B. Lanyard @180,33,USTORE (PAID)
01/06/2026,Black Eco Bag,30,USTORE (PAID)
01/06/2026,C. Keychain,4,USTORE (PAID)
01/06/2026,Chibi Stickers,4,USTORE (PAID)
01/06/2026,College Sticker @120,2,USTORE (PAID)
01/06/2026,ID Case v2 @40,7,USTORE (PAID)
01/06/2026,Insignia Pen,1,USTORE (PAID)
01/06/2026,MJ Sticker Large,6,USTORE (PAID)
01/06/2026,MJ Sticker Medium,5,USTORE (PAID)
01/06/2026,MJ Sticker Small,8,USTORE (PAID)
01/06/2026,Tiger Plushie Big V1,17,USTORE (PAID)
01/06/2026,Tiger Plushie Small V1,13,USTORE (PAID)
01/06/2026,Tote Viva Santo Tomas,4,USTORE (PAID)
01/06/2026,Travel Mug,1,USTORE (PAID)
01/06/2026,Utensils,3,USTORE (PAID)
01/06/2026,Yellow Lanyard,2,USTORE (PAID)
01/06/2026,Yellow Notebook,3,USTORE (PAID)
01/06/2026,Baller,2,VARSITY LIFESTYLE (CONSIGNMENT)
01/06/2026,Lanyard,2,VARSITY LIFESTYLE (CONSIGNMENT)
01/06/2026,New GT Shirts,2,VARSITY LIFESTYLE (CONSIGNMENT)
01/06/2026,VL Keychain,2,VARSITY LIFESTYLE (CONSIGNMENT)
01/06/2026,"Y,B VL UST",3,VARSITY LIFESTYLE (CONSIGNMENT)
02/06/2026,Black w/ Yellow UST Embro,26,BLAZE (CONSIGNMENT)
02/06/2026,Polo Shirt @800,1,BLAZE (CONSIGNMENT)
02/06/2026,Triple Black Embro,31,BLAZE (CONSIGNMENT)
02/06/2026,UST College ID Lace,6,JUC (CONSIGNMENT)
02/06/2026,UST OAT Hoodie Jacket,1,JUC (CONSIGNMENT)
02/06/2026,"UST OAT MUG (Y,W,B)",7,JUC (CONSIGNMENT)
02/06/2026,UST Sweatshirt Sporty,5,JUC (CONSIGNMENT)
02/06/2026,UST T-Shirt Santo Tomas Shirt/UST T-Shirt Tiger Pattern/HAPPY/Script,35,JUC (CONSIGNMENT)
02/06/2026,UST T-Shirt Sporty,4,JUC (CONSIGNMENT)
02/06/2026,Cotton Black Jacket,1,JYL ATHLETICA (CONSIGNMENT)
02/06/2026,Cotton Gray Jacket,1,JYL ATHLETICA (CONSIGNMENT)
02/06/2026,Dri-Fit Golden Tigresses,3,JYL ATHLETICA (CONSIGNMENT)
02/06/2026,Jersey Short,1,JYL ATHLETICA (CONSIGNMENT)
02/06/2026,Poloshirt @800,3,JYL ATHLETICA (CONSIGNMENT)
02/06/2026,"QUIANA SUBLI SHIRT (B&Y), 2 TONED",1,JYL ATHLETICA (CONSIGNMENT)
02/06/2026,Tiger Paw Keychain @375,6,MADEBYRUZ CONSUMER GOODS TRADING (CONSIGNMENT)
02/06/2026,Hoodies Breaker,3,NAPOLIZ ENTERPRISES (CONSIGNMENT)
02/06/2026,Baseball Cap METAL @380,1,STITCH CORP. (BLEEVES CONSIGNMENT)
02/06/2026,"Double Canopy (B,Y)",3,STITCH CORP. (BLEEVES CONSIGNMENT)
02/06/2026,"Ballpen 3 Designs @50 (B,Y,W)",8,STITCH CORP. (PAID)
02/06/2026,Bamboo Notebook @150,2,STITCH CORP. (PAID)
02/06/2026,Corp Jacket V2,4,STITCH CORP. (PAID)
02/06/2026,Kraft Notebook @130,2,STITCH CORP. (PAID)
02/06/2026,Arch @350,2,TET AND DARS (PAID)
02/06/2026,Long Sticker @120,1,TET AND DARS (PAID)
02/06/2026,"Keep Growling OS (B,V)",1,THREADMARKED (CONSIGNMENT)
02/06/2026,"UST 1611 Embro Shirt (B,V)",2,THREADMARKED (CONSIGNMENT)
02/06/2026,"Hoodie UST embro (V,G,Y,B) @1800",3,THREADMARKED (PAID)
02/06/2026,Two-toned windbreaker @1700,1,THREADMARKED (PAID)
02/06/2026,UST 3D Keychain,2,THREADMARKED (PAID)
02/06/2026,UST Keyboard Clicker (Fidget),7,THREADMARKED (PAID)
02/06/2026,Ceramic Mug 18oz,1,TOP GUN PHILS. (PAID)
02/06/2026,Trucker Cap,1,TOP GUN PHILS. (PAID)
02/06/2026,5M Rotating Keychain,3,USTORE (PAID)
02/06/2026,Automatic Umbrella,2,USTORE (PAID)
02/06/2026,B. Lanyard @180,3,USTORE (PAID)
02/06/2026,Black Eco Bag,11,USTORE (PAID)
02/06/2026,C. Keychain,8,USTORE (PAID)
02/06/2026,Chibi Stickers,1,USTORE (PAID)
02/06/2026,College Sticker @120,1,USTORE (PAID)
02/06/2026,Pencil,1,USTORE (PAID)
02/06/2026,Scarf @490,3,USTORE (PAID)
02/06/2026,Tiger Plushie Big V1,10,USTORE (PAID)
02/06/2026,Tiger Plushie Small V1,4,USTORE (PAID)
02/06/2026,Tote Bag Canvas White @160,1,USTORE (PAID)
02/06/2026,Travel Mug,3,USTORE (PAID)
02/06/2026,Yellow Lanyard,1,USTORE (PAID)
02/06/2026,Lanyard,1,VARSITY LIFESTYLE (CONSIGNMENT)
02/06/2026,New GT Shirts,1,VARSITY LIFESTYLE (CONSIGNMENT)
02/06/2026,VL Sticker Pack,3,VARSITY LIFESTYLE (CONSIGNMENT)
02/06/2026,"Y,B VL UST",2,VARSITY LIFESTYLE (CONSIGNMENT)
03/06/2026,Polo Shirt @800,1,BLAZE (CONSIGNMENT)
03/06/2026,Triple Black Embro,1,BLAZE (CONSIGNMENT)
03/06/2026,Triple White Embro,1,BLAZE (CONSIGNMENT)
03/06/2026,Shirts all @450 UPSIZE (3XL-4XL),2,JUC (CONSIGNMENT)
03/06/2026,UST College ID Lace,3,JUC (CONSIGNMENT)
03/06/2026,UST OAT Hoodie Jacket,6,JUC (CONSIGNMENT)
03/06/2026,"UST OAT MUG (Y,W,B)",13,JUC (CONSIGNMENT)
03/06/2026,UST OAT T-Shirt Y/B/COLLEGE (XS-2XL),4,JUC (CONSIGNMENT)
03/06/2026,UST Sweatshirt Sporty,1,JUC (CONSIGNMENT)
03/06/2026,UST T-Shirt Santo Tomas Shirt/UST T-Shirt Tiger Pattern/HAPPY/Script,13,JUC (CONSIGNMENT)
03/06/2026,Cotton Black Jacket,1,JYL ATHLETICA (CONSIGNMENT)
03/06/2026,Cotton Brush Jacket,1,JYL ATHLETICA (CONSIGNMENT)
03/06/2026,Machete V2,3,JYL ATHLETICA (CONSIGNMENT)
03/06/2026,Small Mystery Car,1,MADEBYRUZ CONSUMER GOODS TRADING (CONSIGNMENT)
03/06/2026,Tiger Paw Keychain @375,95,MADEBYRUZ CONSUMER GOODS TRADING (CONSIGNMENT)
03/06/2026,Hoodies Breaker,2,NAPOLIZ ENTERPRISES (CONSIGNMENT)
03/06/2026,Go Fight UST Shirt,1,SHIRT HAPPENS (CONSIGNMENT)
03/06/2026,S88 UAAP Poloshirt,1,SHIRT HAPPENS (CONSIGNMENT)
03/06/2026,"Double Canopy (B,Y)",4,STITCH CORP. (BLEEVES CONSIGNMENT)
03/06/2026,Tiger w/ Box,28,STITCH CORP. (BLEEVES CONSIGNMENT)
03/06/2026,"Ballpen 3 Designs @50 (B,Y,W)",3,STITCH CORP. (PAID)
03/06/2026,Bamboo Pen @60,1,STITCH CORP. (PAID)
03/06/2026,Corp Jacket V2,5,STITCH CORP. (PAID)
03/06/2026,Arch @350,20,TET AND DARS (PAID)
03/06/2026,Long Sticker @120,14,TET AND DARS (PAID)
03/06/2026,"Go USTE (W,Y,B) @450",2,THREADMARKED (CONSIGNMENT)
03/06/2026,"UST 1611 Embro Shirt (B,V)",6,THREADMARKED (CONSIGNMENT)
03/06/2026,"UST Embro OS (B,V)",8,THREADMARKED (CONSIGNMENT)
03/06/2026,UST Logo Embro Polo Shirt (XS-XL),2,THREADMARKED (CONSIGNMENT)
03/06/2026,"Hoodie UST embro (V,G,Y,B) @1800",4,THREADMARKED (PAID)
03/06/2026,Two-toned windbreaker @1700,1,THREADMARKED (PAID)
03/06/2026,UST 3D Keychain,2,THREADMARKED (PAID)
03/06/2026,UST Keyboard Clicker (Fidget),12,THREADMARKED (PAID)
03/06/2026,Varsity Jacket Embro,2,THREADMARKED (PAID)
03/06/2026,800ML Tumbler (MTA-T080) for Carbonated Drinks,1,TIGER FLASK
03/06/2026,Ceramic Mug 18oz,1,TOP GUN PHILS. (PAID)
03/06/2026,Trucker Cap,2,TOP GUN PHILS. (PAID)
03/06/2026,5M Rotating Keychain,8,USTORE (PAID)
03/06/2026,Automatic Umbrella,6,USTORE (PAID)
03/06/2026,B. Lanyard @180,14,USTORE (PAID)
03/06/2026,Black Eco Bag,30,USTORE (PAID)
03/06/2026,Blanca Pen,1,USTORE (PAID)
03/06/2026,C. Keychain,16,USTORE (PAID)
03/06/2026,Chibi Stickers,1,USTORE (PAID)
03/06/2026,ID Case v2 @40,3,USTORE (PAID)
03/06/2026,Insignia Pen,1,USTORE (PAID)
03/06/2026,MJ Sticker Large,5,USTORE (PAID)
03/06/2026,MJ Sticker Medium,2,USTORE (PAID)
03/06/2026,MJ Sticker Small,3,USTORE (PAID)
03/06/2026,Scarf @490,2,USTORE (PAID)
03/06/2026,Tiger Plushie Big V1,22,USTORE (PAID)
03/06/2026,Tiger Plushie Small V1,7,USTORE (PAID)
03/06/2026,Tote Viva Santo Tomas,2,USTORE (PAID)
03/06/2026,Travel Mug,2,USTORE (PAID)
03/06/2026,Yellow Lanyard,2,USTORE (PAID)
03/06/2026,Lanyard,1,VARSITY LIFESTYLE (CONSIGNMENT)
03/06/2026,Long Sticker,1,VARSITY LIFESTYLE (CONSIGNMENT)
03/06/2026,New GT Shirts,1,VARSITY LIFESTYLE (CONSIGNMENT)
03/06/2026,VL Sticker Pack,1,VARSITY LIFESTYLE (CONSIGNMENT)
03/06/2026,"Y,B VL UST",2,VARSITY LIFESTYLE (CONSIGNMENT)
04/06/2026,Woven Sling Bag (SMALL),1,"ASSOCIATION FOR THE EDUCATIONAL ASSISTANCE OF POOR SEMINARIANS, INC."
04/06/2026,Polo Shirt @800,3,BLAZE (CONSIGNMENT)
04/06/2026,Sci Totebag,171,COLLEGE OF SCIENCE AT 100
04/06/2026,UST College ID Lace,12,JUC (CONSIGNMENT)
04/06/2026,UST OAT Hoodie Jacket,1,JUC (CONSIGNMENT)
04/06/2026,"UST OAT MUG (Y,W,B)",7,JUC (CONSIGNMENT)
04/06/2026,UST OAT T-Shirt Y/B/COLLEGE (XS-2XL),3,JUC (CONSIGNMENT)
04/06/2026,UST T-Shirt Santo Tomas Shirt/UST T-Shirt Tiger Pattern/HAPPY/Script,5,JUC (CONSIGNMENT)
04/06/2026,UST T-Shirt Sporty,2,JUC (CONSIGNMENT)
04/06/2026,"Baseball Shirt (Y,W)",1,JYL ATHLETICA (CONSIGNMENT)
04/06/2026,Corp Jacket V3,1,JYL ATHLETICA (CONSIGNMENT)
04/06/2026,Cotton Brush Jacket,1,JYL ATHLETICA (CONSIGNMENT)
04/06/2026,Dri-Fit Golden Tigresses,3,JYL ATHLETICA (CONSIGNMENT)
04/06/2026,DRI-FIT NEW,2,JYL ATHLETICA (CONSIGNMENT)
04/06/2026,Jacket,1,JYL ATHLETICA (CONSIGNMENT)
04/06/2026,Jersey Short,2,JYL ATHLETICA (CONSIGNMENT)
04/06/2026,Poloshirt @800,2,JYL ATHLETICA (CONSIGNMENT)
04/06/2026,Tiger Costume,1,MADEBYRUZ CONSUMER GOODS TRADING (CONSIGNMENT)
04/06/2026,Tiger Paw Keychain @375,5,MADEBYRUZ CONSUMER GOODS TRADING (CONSIGNMENT)
04/06/2026,UST Arch Clicker,1,MADEBYRUZ CONSUMER GOODS TRADING (CONSIGNMENT)
04/06/2026,Hoodies Breaker,2,NAPOLIZ ENTERPRISES (CONSIGNMENT)
04/06/2026,S88 UAAP Poloshirt,1,SHIRT HAPPENS (CONSIGNMENT)
04/06/2026,Baseball Cap METAL @380,2,STITCH CORP. (BLEEVES CONSIGNMENT)
04/06/2026,"Double Canopy (B,Y)",2,STITCH CORP. (BLEEVES CONSIGNMENT)
04/06/2026,Tiger w/ Box,23,STITCH CORP. (BLEEVES CONSIGNMENT)
04/06/2026,"Ballpen 3 Designs @50 (B,Y,W)",5,STITCH CORP. (PAID)
04/06/2026,Corp Jacket V2,3,STITCH CORP. (PAID)
04/06/2026,Kraft Notebook @130,1,STITCH CORP. (PAID)
04/06/2026,Arch @350,4,TET AND DARS (PAID)
04/06/2026,Long Sticker @120,5,TET AND DARS (PAID)
04/06/2026,"Go USTE (W,Y,B) @450",6,THREADMARKED (CONSIGNMENT)
04/06/2026,"UST 1611 Embro Shirt (B,V)",3,THREADMARKED (CONSIGNMENT)
04/06/2026,"UST Embro OS (B,V)",4,THREADMARKED (CONSIGNMENT)
04/06/2026,Two-toned windbreaker @1700,1,THREADMARKED (PAID)
04/06/2026,UST 3D Keychain,1,THREADMARKED (PAID)
04/06/2026,UST Keyboard Clicker (Fidget),12,THREADMARKED (PAID)
04/06/2026,Trucker Cap,1,TOP GUN PHILS. (PAID)
04/06/2026,5M Magnetic Pin,1,USTORE (PAID)
04/06/2026,5M Rotating Keychain,4,USTORE (PAID)
04/06/2026,Aquaflask,1,USTORE (PAID)
04/06/2026,Automatic Umbrella,6,USTORE (PAID)
04/06/2026,B. Lanyard @180,7,USTORE (PAID)
04/06/2026,Black Eco Bag,14,USTORE (PAID)
04/06/2026,C. Keychain,11,USTORE (PAID)
04/06/2026,College Sticker @120,2,USTORE (PAID)
04/06/2026,ID Case v2 @40,2,USTORE (PAID)
04/06/2026,MJ Sticker Large,3,USTORE (PAID)
04/06/2026,Picasso Pen,2,USTORE (PAID)
04/06/2026,Scarf @490,1,USTORE (PAID)
04/06/2026,Tiger Plushie Big V1,13,USTORE (PAID)
04/06/2026,Tote Bag Canvas White @160,3,USTORE (PAID)
04/06/2026,Tote Viva Santo Tomas,2,USTORE (PAID)
04/06/2026,Yellow Notebook,2,USTORE (PAID)
04/06/2026,Lanyard,2,VARSITY LIFESTYLE (CONSIGNMENT)
04/06/2026,New GT Shirts,2,VARSITY LIFESTYLE (CONSIGNMENT)
04/06/2026,VL Sticker Pack,2,VARSITY LIFESTYLE (CONSIGNMENT)
05/06/2026,Black w/ Yellow UST Embro,1,BLAZE (CONSIGNMENT)
05/06/2026,Polo Shirt @800,3,BLAZE (CONSIGNMENT)
05/06/2026,Triple Black Embro,1,BLAZE (CONSIGNMENT)
05/06/2026,Sci Ballpen,2,COLLEGE OF SCIENCE AT 100
05/06/2026,Bomber Jacket,1,JUC (CONSIGNMENT)
05/06/2026,Shirts all @450 UPSIZE (3XL-4XL),1,JUC (CONSIGNMENT)
05/06/2026,UST College ID Lace,9,JUC (CONSIGNMENT)
05/06/2026,UST OAT Hoodie Jacket,5,JUC (CONSIGNMENT)
05/06/2026,"UST OAT MUG (Y,W,B)",24,JUC (CONSIGNMENT)
05/06/2026,UST OAT T-Shirt Y/B/COLLEGE (XS-2XL),13,JUC (CONSIGNMENT)
05/06/2026,UST Sweatshirt Sporty,6,JUC (CONSIGNMENT)
05/06/2026,UST T-Shirt Santo Tomas Shirt/UST T-Shirt Tiger Pattern/HAPPY/Script,22,JUC (CONSIGNMENT)
05/06/2026,UST T-Shirt Sporty,4,JUC (CONSIGNMENT)
05/06/2026,UST T-Shirt Sporty UPSIZE (3XL-5XL),2,JUC (CONSIGNMENT)
05/06/2026,Corp Jacket V3,3,JYL ATHLETICA (CONSIGNMENT)
05/06/2026,Cotton Black Jacket,2,JYL ATHLETICA (CONSIGNMENT)
05/06/2026,Cotton Brush Jacket,3,JYL ATHLETICA (CONSIGNMENT)
05/06/2026,Dri-Fit Golden Tigresses,8,JYL ATHLETICA (CONSIGNMENT)
05/06/2026,DRI-FIT NEW,1,JYL ATHLETICA (CONSIGNMENT)
05/06/2026,Jacket,1,JYL ATHLETICA (CONSIGNMENT)
05/06/2026,Machete V2,1,JYL ATHLETICA (CONSIGNMENT)
05/06/2026,Poloshirt @800,1,JYL ATHLETICA (CONSIGNMENT)
05/06/2026,"QUIANA SUBLI SHIRT (B&Y), 2 TONED",17,JYL ATHLETICA (CONSIGNMENT)
05/06/2026,Taslan NEW,1,JYL ATHLETICA (CONSIGNMENT)
05/06/2026,Tiger Claw,1,MADEBYRUZ CONSUMER GOODS TRADING (CONSIGNMENT)
05/06/2026,Tiger Headband (2 Designs),1,MADEBYRUZ CONSUMER GOODS TRADING (CONSIGNMENT)
05/06/2026,Tiger Paw Keychain @375,18,MADEBYRUZ CONSUMER GOODS TRADING (CONSIGNMENT)
05/06/2026,UST Arch Clicker,2,MADEBYRUZ CONSUMER GOODS TRADING (CONSIGNMENT)
05/06/2026,Hoodies Breaker,3,NAPOLIZ ENTERPRISES (CONSIGNMENT)
05/06/2026,Go Fight UST Shirt,2,SHIRT HAPPENS (CONSIGNMENT)
05/06/2026,S88 UAAP Poloshirt,1,SHIRT HAPPENS (CONSIGNMENT)
05/06/2026,Baseball Cap METAL @380,4,STITCH CORP. (BLEEVES CONSIGNMENT)
05/06/2026,Clock @700,1,STITCH CORP. (BLEEVES CONSIGNMENT)
05/06/2026,"Double Canopy (B,Y)",22,STITCH CORP. (BLEEVES CONSIGNMENT)
05/06/2026,Tiger w/ Box,76,STITCH CORP. (BLEEVES CONSIGNMENT)
05/06/2026,Wearable Blanket,1,STITCH CORP. (BLEEVES CONSIGNMENT)
05/06/2026,"Ballpen 3 Designs @50 (B,Y,W)",23,STITCH CORP. (PAID)
05/06/2026,Corp Jacket V2,10,STITCH CORP. (PAID)
05/06/2026,Arch @350,17,TET AND DARS (PAID)
05/06/2026,Long Sticker @120,12,TET AND DARS (PAID)
05/06/2026,"Go USTE (W,Y,B) @450",4,THREADMARKED (CONSIGNMENT)
05/06/2026,"UST 1611 Embro Shirt (B,V)",2,THREADMARKED (CONSIGNMENT)
05/06/2026,"UST Embro OS (B,V)",4,THREADMARKED (CONSIGNMENT)
05/06/2026,UST Logo Embro Polo Shirt (XS-XL),1,THREADMARKED (CONSIGNMENT)
05/06/2026,"Hoodie UST embro (V,G,Y,B) @1800",6,THREADMARKED (PAID)
05/06/2026,Two-toned windbreaker @1700,2,THREADMARKED (PAID)
05/06/2026,UST 3D Keychain,3,THREADMARKED (PAID)
05/06/2026,UST Keyboard Clicker (Fidget),15,THREADMARKED (PAID)
05/06/2026,Varsity Jacket Embro,1,THREADMARKED (PAID)
05/06/2026,Ceramic Mug 18oz,10,TOP GUN PHILS. (PAID)
05/06/2026,Trucker Cap,1,TOP GUN PHILS. (PAID)
05/06/2026,5M Magnetic Pin,1,USTORE (PAID)
05/06/2026,5M Rotating Keychain,17,USTORE (PAID)
05/06/2026,Aquaflask,6,USTORE (PAID)
05/06/2026,Automatic Umbrella,18,USTORE (PAID)
05/06/2026,B. Lanyard @180,9,USTORE (PAID)
05/06/2026,Black Eco Bag,66,USTORE (PAID)
05/06/2026,Button Pin (Big),3,USTORE (PAID)
05/06/2026,C. Keychain,9,USTORE (PAID)
05/06/2026,Chibi Stickers,3,USTORE (PAID)
05/06/2026,College Sticker @120,1,USTORE (PAID)
05/06/2026,Gemini Paper Bag Large,6,USTORE (PAID)
05/06/2026,Gemini Paper Bag Medium,1,USTORE (PAID)
05/06/2026,Gemini Paper Bag Small,3,USTORE (PAID)
05/06/2026,ID Case v2 @40,5,USTORE (PAID)
05/06/2026,Insignia Pen,3,USTORE (PAID)
05/06/2026,MJ Sticker Large,3,USTORE (PAID)
05/06/2026,MJ Sticker Medium,13,USTORE (PAID)
05/06/2026,MJ Sticker Small,16,USTORE (PAID)
05/06/2026,Scarf @490,4,USTORE (PAID)
05/06/2026,Tiger Plushie Big V1,28,USTORE (PAID)
05/06/2026,Tiger Plushie Small V1,9,USTORE (PAID)
05/06/2026,Tote Viva Santo Tomas,9,USTORE (PAID)
05/06/2026,Travel Mug,3,USTORE (PAID)
05/06/2026,Yellow Lanyard,4,USTORE (PAID)
05/06/2026,Lanyard,2,VARSITY LIFESTYLE (CONSIGNMENT)
05/06/2026,New GT Shirts,4,VARSITY LIFESTYLE (CONSIGNMENT)
05/06/2026,"Y,B VL UST",9,VARSITY LIFESTYLE (CONSIGNMENT)
06/06/2026,Triple Black Embro,1,BLAZE (CONSIGNMENT)
06/06/2026,UST College ID Lace,3,JUC (CONSIGNMENT)
06/06/2026,UST OAT Hoodie Jacket,1,JUC (CONSIGNMENT)
06/06/2026,"UST OAT MUG (Y,W,B)",18,JUC (CONSIGNMENT)
06/06/2026,UST OAT T-Shirt Y/B/COLLEGE (XS-2XL),13,JUC (CONSIGNMENT)
06/06/2026,UST Sweatshirt Sporty,2,JUC (CONSIGNMENT)
06/06/2026,UST T-Shirt Santo Tomas Shirt/UST T-Shirt Tiger Pattern/HAPPY/Script,17,JUC (CONSIGNMENT)
06/06/2026,UST T-Shirt Sporty,2,JUC (CONSIGNMENT)
06/06/2026,Corp Jacket V3,1,JYL ATHLETICA (CONSIGNMENT)
06/06/2026,Cotton Brush Jacket,1,JYL ATHLETICA (CONSIGNMENT)
06/06/2026,Cotton Gray Jacket,1,JYL ATHLETICA (CONSIGNMENT)
06/06/2026,DRI-FIT NEW,5,JYL ATHLETICA (CONSIGNMENT)
06/06/2026,Jacket,1,JYL ATHLETICA (CONSIGNMENT)
06/06/2026,Jersey Short,2,JYL ATHLETICA (CONSIGNMENT)
06/06/2026,"QUIANA SUBLI SHIRT (B&Y), 2 TONED",10,JYL ATHLETICA (CONSIGNMENT)
06/06/2026,Tiger Claw,1,MADEBYRUZ CONSUMER GOODS TRADING (CONSIGNMENT)
06/06/2026,Tiger Paw Keychain @375,9,MADEBYRUZ CONSUMER GOODS TRADING (CONSIGNMENT)
06/06/2026,UST Arch Clicker,1,MADEBYRUZ CONSUMER GOODS TRADING (CONSIGNMENT)
06/06/2026,Hoodies Breaker,1,NAPOLIZ ENTERPRISES (CONSIGNMENT)
06/06/2026,Baseball Cap METAL @380,1,STITCH CORP. (BLEEVES CONSIGNMENT)
06/06/2026,"Double Canopy (B,Y)",4,STITCH CORP. (BLEEVES CONSIGNMENT)
06/06/2026,Tiger w/ Box,25,STITCH CORP. (BLEEVES CONSIGNMENT)
06/06/2026,Wearable Blanket,1,STITCH CORP. (BLEEVES CONSIGNMENT)
06/06/2026,"Ballpen 3 Designs @50 (B,Y,W)",2,STITCH CORP. (PAID)
06/06/2026,Corp Jacket V2,3,STITCH CORP. (PAID)
06/06/2026,Arch @350,11,TET AND DARS (PAID)
06/06/2026,Long Sticker @120,4,TET AND DARS (PAID)
06/06/2026,"Go USTE (W,Y,B) @450",3,THREADMARKED (CONSIGNMENT)
06/06/2026,"UST Embro OS (B,V)",4,THREADMARKED (CONSIGNMENT)
06/06/2026,"UST TIGERS Oversized shirt (V,B) @650",3,THREADMARKED (CONSIGNMENT)
06/06/2026,"Hoodie UST embro (V,G,Y,B) @1800",5,THREADMARKED (PAID)
06/06/2026,Two-toned windbreaker @1700,1,THREADMARKED (PAID)
06/06/2026,UST 3D Keychain,3,THREADMARKED (PAID)
06/06/2026,UST Keyboard Clicker (Fidget),16,THREADMARKED (PAID)
06/06/2026,Ceramic Mug 18oz,3,TOP GUN PHILS. (PAID)
06/06/2026,Trucker Cap,1,TOP GUN PHILS. (PAID)
06/06/2026,5M Magnetic Pin,1,USTORE (PAID)
06/06/2026,5M Rotating Keychain,12,USTORE (PAID)
06/06/2026,Aquaflask,3,USTORE (PAID)
06/06/2026,Automatic Umbrella,3,USTORE (PAID)
06/06/2026,B. Lanyard @180,11,USTORE (PAID)
06/06/2026,Black Eco Bag,27,USTORE (PAID)
06/06/2026,C. Keychain,11,USTORE (PAID)
06/06/2026,Chibi Stickers,4,USTORE (PAID)
06/06/2026,Gemini Paper Bag Large,2,USTORE (PAID)
06/06/2026,MJ Sticker Large,3,USTORE (PAID)
06/06/2026,MJ Sticker Medium,3,USTORE (PAID)
06/06/2026,MJ Sticker Small,6,USTORE (PAID)
06/06/2026,Pencil,1,USTORE (PAID)
06/06/2026,Scarf @490,10,USTORE (PAID)
06/06/2026,Tiger Plushie Big V1,15,USTORE (PAID)
06/06/2026,Tiger Plushie Small V1,11,USTORE (PAID)
06/06/2026,Tote Bag Canvas White @160,2,USTORE (PAID)
06/06/2026,Tote Viva Santo Tomas,1,USTORE (PAID)
06/06/2026,Travel Mug,1,USTORE (PAID)
06/06/2026,Yellow Lanyard,3,USTORE (PAID)
06/06/2026,Long Sticker,2,VARSITY LIFESTYLE (CONSIGNMENT)
06/06/2026,New GT Shirts,1,VARSITY LIFESTYLE (CONSIGNMENT)
06/06/2026,VL Sticker Pack,1,VARSITY LIFESTYLE (CONSIGNMENT)
06/06/2026,"Y,B VL UST",1,VARSITY LIFESTYLE (CONSIGNMENT)
08/06/2026,Triple White Embro,2,BLAZE (CONSIGNMENT)
08/06/2026,Sci Ballpen,1,COLLEGE OF SCIENCE AT 100
08/06/2026,Sci Notebook,1,COLLEGE OF SCIENCE AT 100
08/06/2026,UST College ID Lace,10,JUC (CONSIGNMENT)
08/06/2026,UST OAT Hoodie Jacket,6,JUC (CONSIGNMENT)
08/06/2026,"UST OAT MUG (Y,W,B)",12,JUC (CONSIGNMENT)
08/06/2026,UST OAT T-Shirt Y/B/COLLEGE (XS-2XL),10,JUC (CONSIGNMENT)
08/06/2026,UST Sweatshirt Sporty,1,JUC (CONSIGNMENT)
08/06/2026,UST T-Shirt Santo Tomas Shirt/UST T-Shirt Tiger Pattern/HAPPY/Script,19,JUC (CONSIGNMENT)
08/06/2026,UST T-Shirt Sporty,3,JUC (CONSIGNMENT)
08/06/2026,"Baseball Shirt (Y,W)",1,JYL ATHLETICA (CONSIGNMENT)
08/06/2026,Corp Jacket,1,JYL ATHLETICA (CONSIGNMENT)
08/06/2026,Corp Jacket V3,2,JYL ATHLETICA (CONSIGNMENT)
08/06/2026,Cotton Black Jacket,2,JYL ATHLETICA (CONSIGNMENT)
08/06/2026,Cotton Brush Jacket,10,JYL ATHLETICA (CONSIGNMENT)
08/06/2026,Dri-Fit Golden Tigresses,5,JYL ATHLETICA (CONSIGNMENT)
08/06/2026,DRI-FIT NEW,1,JYL ATHLETICA (CONSIGNMENT)
08/06/2026,Poloshirt 123456 @860,1,JYL ATHLETICA (CONSIGNMENT)
08/06/2026,Poloshirt @800,1,JYL ATHLETICA (CONSIGNMENT)
08/06/2026,"QUIANA SUBLI SHIRT (B&Y), 2 TONED",6,JYL ATHLETICA (CONSIGNMENT)
08/06/2026,Tiger Headband (2 Designs),1,MADEBYRUZ CONSUMER GOODS TRADING (CONSIGNMENT)
08/06/2026,Tiger Paw Keychain @375,13,MADEBYRUZ CONSUMER GOODS TRADING (CONSIGNMENT)
08/06/2026,UST Arch Clicker,1,MADEBYRUZ CONSUMER GOODS TRADING (CONSIGNMENT)
08/06/2026,Hoodies Breaker,2,NAPOLIZ ENTERPRISES (CONSIGNMENT)
08/06/2026,S88 UAAP Poloshirt,1,SHIRT HAPPENS (CONSIGNMENT)
08/06/2026,Clock @550,1,STITCH CORP. (BLEEVES CONSIGNMENT)
08/06/2026,Clock @700,1,STITCH CORP. (BLEEVES CONSIGNMENT)
08/06/2026,"Double Canopy (B,Y)",11,STITCH CORP. (BLEEVES CONSIGNMENT)
08/06/2026,Tiger w/ Box,37,STITCH CORP. (BLEEVES CONSIGNMENT)
08/06/2026,Wearable Blanket,1,STITCH CORP. (BLEEVES CONSIGNMENT)
08/06/2026,"Ballpen 3 Designs @50 (B,Y,W)",12,STITCH CORP. (PAID)
08/06/2026,Corp Jacket V2,4,STITCH CORP. (PAID)
08/06/2026,Arch @350,21,TET AND DARS (PAID)
08/06/2026,Long Sticker @120,5,TET AND DARS (PAID)
08/06/2026,"Go USTE (W,Y,B) @450",5,THREADMARKED (CONSIGNMENT)
08/06/2026,"UST 1611 Embro Shirt (B,V)",1,THREADMARKED (CONSIGNMENT)
08/06/2026,"UST Embro OS (B,V)",9,THREADMARKED (CONSIGNMENT)
08/06/2026,UST Logo Embro Polo Shirt (2XL-3XL),1,THREADMARKED (CONSIGNMENT)
08/06/2026,UST Logo Embro Polo Shirt (XS-XL),1,THREADMARKED (CONSIGNMENT)
08/06/2026,"UST TIGERS Oversized shirt (V,B) @650",2,THREADMARKED (CONSIGNMENT)
08/06/2026,UST 3D Keychain,3,THREADMARKED (PAID)
08/06/2026,UST Keyboard Clicker (Fidget),18,THREADMARKED (PAID)
08/06/2026,Ceramic Mug 18oz,6,TOP GUN PHILS. (PAID)
08/06/2026,Trucker Cap,1,TOP GUN PHILS. (PAID)
08/06/2026,5M Magnetic Pin,3,USTORE (PAID)
08/06/2026,5M Rotating Keychain,12,USTORE (PAID)
08/06/2026,Aquaflask,4,USTORE (PAID)
08/06/2026,Automatic Umbrella,5,USTORE (PAID)
08/06/2026,B. Lanyard @180,29,USTORE (PAID)
08/06/2026,Black Eco Bag,33,USTORE (PAID)
08/06/2026,C. Keychain,20,USTORE (PAID)
08/06/2026,Chibi Stickers,1,USTORE (PAID)
08/06/2026,Clappers,1,USTORE (PAID)
08/06/2026,College Sticker @120,1,USTORE (PAID)
08/06/2026,Gemini Paper Bag Small,1,USTORE (PAID)
08/06/2026,ID Case v2 @40,4,USTORE (PAID)
08/06/2026,Insignia Pen,2,USTORE (PAID)
08/06/2026,MJ Sticker Large,6,USTORE (PAID)
08/06/2026,MJ Sticker Medium,4,USTORE (PAID)
08/06/2026,MJ Sticker Small,6,USTORE (PAID)
08/06/2026,Scarf @490,3,USTORE (PAID)
08/06/2026,Tiger Plushie Big V1,18,USTORE (PAID)
08/06/2026,Tiger Plushie Small V1,13,USTORE (PAID)
08/06/2026,Tote Bag Canvas White @160,1,USTORE (PAID)
08/06/2026,Tote Viva Santo Tomas,2,USTORE (PAID)
08/06/2026,Travel Mug,3,USTORE (PAID)
08/06/2026,Yellow Lanyard,2,USTORE (PAID)
08/06/2026,Lanyard,1,VARSITY LIFESTYLE (CONSIGNMENT)
08/06/2026,VL Keychain,1,VARSITY LIFESTYLE (CONSIGNMENT)
08/06/2026,VL Sticker Pack,5,VARSITY LIFESTYLE (CONSIGNMENT)
08/06/2026,"Y,B VL UST",2,VARSITY LIFESTYLE (CONSIGNMENT)
09/06/2026,Black w/ Yellow UST Embro,1,BLAZE (CONSIGNMENT)
09/06/2026,Polo Shirt @800,1,BLAZE (CONSIGNMENT)
09/06/2026,Sci Notebook,1,COLLEGE OF SCIENCE AT 100
09/06/2026,UST College ID Lace,9,JUC (CONSIGNMENT)
09/06/2026,UST OAT Hoodie Jacket,1,JUC (CONSIGNMENT)
09/06/2026,"UST OAT MUG (Y,W,B)",11,JUC (CONSIGNMENT)
09/06/2026,UST OAT T-Shirt Y/B/COLLEGE (XS-2XL),3,JUC (CONSIGNMENT)
09/06/2026,UST Sweatshirt Sporty,1,JUC (CONSIGNMENT)
09/06/2026,UST T-Shirt Santo Tomas Shirt/UST T-Shirt Tiger Pattern/HAPPY/Script,12,JUC (CONSIGNMENT)
09/06/2026,UST T-Shirt Sporty,6,JUC (CONSIGNMENT)
09/06/2026,Cotton Brush Jacket,2,JYL ATHLETICA (CONSIGNMENT)
09/06/2026,Dri-Fit Golden Tigresses,1,JYL ATHLETICA (CONSIGNMENT)
09/06/2026,Jacket,1,JYL ATHLETICA (CONSIGNMENT)
09/06/2026,"QUIANA SUBLI SHIRT (B&Y), 2 TONED",9,JYL ATHLETICA (CONSIGNMENT)
09/06/2026,Tiger Paw Keychain @375,3,MADEBYRUZ CONSUMER GOODS TRADING (CONSIGNMENT)
09/06/2026,S88 UAAP Poloshirt,1,SHIRT HAPPENS (CONSIGNMENT)
09/06/2026,Baseball Cap METAL @380,1,STITCH CORP. (BLEEVES CONSIGNMENT)
09/06/2026,"Double Canopy (B,Y)",1,STITCH CORP. (BLEEVES CONSIGNMENT)
09/06/2026,"Ballpen 3 Designs @50 (B,Y,W)",6,STITCH CORP. (PAID)
09/06/2026,Corp Jacket V2,5,STITCH CORP. (PAID)
09/06/2026,Kraft Notebook @130,1,STITCH CORP. (PAID)
09/06/2026,Arch @350,4,TET AND DARS (PAID)
09/06/2026,Long Sticker @120,4,TET AND DARS (PAID)
09/06/2026,"Go USTE (W,Y,B) @450",1,THREADMARKED (CONSIGNMENT)
09/06/2026,"UST 1611 Embro Shirt (B,V)",1,THREADMARKED (CONSIGNMENT)
09/06/2026,"UST Embro OS (B,V)",1,THREADMARKED (CONSIGNMENT)
09/06/2026,"Hoodie UST embro (V,G,Y,B) @1800",1,THREADMARKED (PAID)
09/06/2026,UST 3D Keychain,12,THREADMARKED (PAID)
09/06/2026,UST Keyboard Clicker (Fidget),6,THREADMARKED (PAID)
09/06/2026,Ceramic Mug 18oz,1,TOP GUN PHILS. (PAID)
09/06/2026,5M Magnetic Pin,3,USTORE (PAID)
09/06/2026,5M Rotating Keychain,7,USTORE (PAID)
09/06/2026,Automatic Umbrella,2,USTORE (PAID)
09/06/2026,B. Lanyard @180,16,USTORE (PAID)
09/06/2026,Black Eco Bag,4,USTORE (PAID)
09/06/2026,C. Keychain,7,USTORE (PAID)
09/06/2026,Chibi Stickers,1,USTORE (PAID)
09/06/2026,College Sticker @120,2,USTORE (PAID)
09/06/2026,Gemini Paper Bag Small,1,USTORE (PAID)
09/06/2026,ID Case v2 @40,4,USTORE (PAID)
09/06/2026,MJ Sticker Large,1,USTORE (PAID)
09/06/2026,MJ Sticker Medium,3,USTORE (PAID)
09/06/2026,MJ Sticker Small,2,USTORE (PAID)
09/06/2026,Tiger Plushie Big V1,1,USTORE (PAID)
09/06/2026,Tote Bag Canvas White @160,1,USTORE (PAID)
09/06/2026,Tote Viva Santo Tomas,2,USTORE (PAID)
09/06/2026,Travel Mug,2,USTORE (PAID)
09/06/2026,Yellow Lanyard,4,USTORE (PAID)
09/06/2026,Lanyard,2,VARSITY LIFESTYLE (CONSIGNMENT)
09/06/2026,Long Sticker,9,VARSITY LIFESTYLE (CONSIGNMENT)
09/06/2026,VL Keychain,15,VARSITY LIFESTYLE (CONSIGNMENT)
09/06/2026,VL Sticker Pack,1,VARSITY LIFESTYLE (CONSIGNMENT)
09/06/2026,"Y,B VL UST",2,VARSITY LIFESTYLE (CONSIGNMENT)
10/06/2026,Triple Black Embro,1,BLAZE (CONSIGNMENT)
10/06/2026,Triple White Embro,4,BLAZE (CONSIGNMENT)
10/06/2026,UST College ID Lace,9,JUC (CONSIGNMENT)
10/06/2026,UST OAT Hoodie Jacket,1,JUC (CONSIGNMENT)
10/06/2026,"UST OAT MUG (Y,W,B)",4,JUC (CONSIGNMENT)
10/06/2026,UST OAT T-Shirt Y/B/COLLEGE (XS-2XL),4,JUC (CONSIGNMENT)
10/06/2026,UST Sweatshirt Sporty,1,JUC (CONSIGNMENT)
10/06/2026,UST T-Shirt Santo Tomas Shirt/UST T-Shirt Tiger Pattern/HAPPY/Script,12,JUC (CONSIGNMENT)
10/06/2026,UST T-Shirt Sporty,1,JUC (CONSIGNMENT)
10/06/2026,Corp Jacket V3,1,JYL ATHLETICA (CONSIGNMENT)
10/06/2026,DRI-FIT NEW,4,JYL ATHLETICA (CONSIGNMENT)
10/06/2026,"QUIANA SUBLI SHIRT (B&Y), 2 TONED",5,JYL ATHLETICA (CONSIGNMENT)
10/06/2026,Tiger Claw,2,MADEBYRUZ CONSUMER GOODS TRADING (CONSIGNMENT)
10/06/2026,Tiger Headband (2 Designs),1,MADEBYRUZ CONSUMER GOODS TRADING (CONSIGNMENT)
10/06/2026,Tiger Paw Keychain @375,4,MADEBYRUZ CONSUMER GOODS TRADING (CONSIGNMENT)
10/06/2026,Clock @700,50,STITCH CORP. (BLEEVES CONSIGNMENT)
10/06/2026,"Double Canopy (B,Y)",6,STITCH CORP. (BLEEVES CONSIGNMENT)
10/06/2026,Tiger w/ Box,1,STITCH CORP. (BLEEVES CONSIGNMENT)
10/06/2026,Wearable Blanket,3,STITCH CORP. (BLEEVES CONSIGNMENT)
10/06/2026,Corp Jacket V2,7,STITCH CORP. (PAID)
10/06/2026,Arch @350,8,TET AND DARS (PAID)
10/06/2026,"Go USTE (W,Y,B) @450",1,THREADMARKED (CONSIGNMENT)
10/06/2026,"UST 1611 Embro Shirt (B,V)",4,THREADMARKED (CONSIGNMENT)
10/06/2026,"UST Embro OS (B,V)",1,THREADMARKED (CONSIGNMENT)
10/06/2026,"UST TIGERS Oversized shirt (V,B) @650",1,THREADMARKED (CONSIGNMENT)
10/06/2026,"Hoodie UST embro (V,G,Y,B) @1800",3,THREADMARKED (PAID)
10/06/2026,Two-toned windbreaker @1700,1,THREADMARKED (PAID)
10/06/2026,UST 3D Keychain,1,THREADMARKED (PAID)
10/06/2026,UST Keyboard Clicker (Fidget),5,THREADMARKED (PAID)
10/06/2026,Ceramic Mug 18oz,2,TOP GUN PHILS. (PAID)
10/06/2026,Trucker Cap,1,TOP GUN PHILS. (PAID)
10/06/2026,5M Rotating Keychain,5,USTORE (PAID)
10/06/2026,Aquaflask,1,USTORE (PAID)
10/06/2026,Automatic Umbrella,1,USTORE (PAID)
10/06/2026,B. Lanyard @180,9,USTORE (PAID)
10/06/2026,Black Eco Bag,16,USTORE (PAID)
10/06/2026,C. Keychain,3,USTORE (PAID)
10/06/2026,Gemini Paper Bag Large,1,USTORE (PAID)
10/06/2026,Gemini Paper Bag Medium,1,USTORE (PAID)
10/06/2026,Gemini Paper Bag Small,1,USTORE (PAID)
10/06/2026,ID Case v2 @40,3,USTORE (PAID)
10/06/2026,MJ Sticker Large,2,USTORE (PAID)
10/06/2026,MJ Sticker Medium,2,USTORE (PAID)
10/06/2026,MJ Sticker Small,1,USTORE (PAID)
10/06/2026,Pencil,1,USTORE (PAID)
10/06/2026,Stainless Eco Tumbler,1,USTORE (PAID)
10/06/2026,Tiger Plushie Big V1,35,USTORE (PAID)
10/06/2026,Tiger Plushie Small V1,12,USTORE (PAID)
10/06/2026,Tote Viva Santo Tomas,3,USTORE (PAID)
10/06/2026,Travel Mug,1,USTORE (PAID)
10/06/2026,Yellow Notebook,60,USTORE (PAID)
10/06/2026,Scarves,1,VARSITY LIFESTYLE (CONSIGNMENT)
10/06/2026,USTWBT Championship Shirt 2025,1,VARSITY LIFESTYLE (CONSIGNMENT)
10/06/2026,VL Sticker Pack,1,VARSITY LIFESTYLE (CONSIGNMENT)
10/06/2026,"Y,B VL UST",7,VARSITY LIFESTYLE (CONSIGNMENT)
11/06/2026,Black w/ Yellow UST Embro,1,BLAZE (CONSIGNMENT)
11/06/2026,Triple White Embro,5,BLAZE (CONSIGNMENT)
11/06/2026,Shirts all @450 UPSIZE (3XL-4XL),2,JUC (CONSIGNMENT)
11/06/2026,Shirts all @450 UPSIZE (5XL),1,JUC (CONSIGNMENT)
11/06/2026,UST College ID Lace,7,JUC (CONSIGNMENT)
11/06/2026,UST OAT Hoodie Jacket,1,JUC (CONSIGNMENT)
11/06/2026,"UST OAT MUG (Y,W,B)",15,JUC (CONSIGNMENT)
11/06/2026,UST OAT T-Shirt Y/B/COLLEGE (XS-2XL),3,JUC (CONSIGNMENT)
11/06/2026,UST Sweatshirt Sporty,2,JUC (CONSIGNMENT)
11/06/2026,UST T-Shirt Santo Tomas Shirt/UST T-Shirt Tiger Pattern/HAPPY/Script,12,JUC (CONSIGNMENT)
11/06/2026,UST T-Shirt Sporty UPSIZE (3XL-5XL),3,JUC (CONSIGNMENT)
11/06/2026,Corp Jacket V3,1,JYL ATHLETICA (CONSIGNMENT)
11/06/2026,Cotton Brush Jacket,4,JYL ATHLETICA (CONSIGNMENT)
11/06/2026,DRI-FIT NEW,1,JYL ATHLETICA (CONSIGNMENT)
11/06/2026,Jacket,1,JYL ATHLETICA (CONSIGNMENT)
11/06/2026,Poloshirt @800,2,JYL ATHLETICA (CONSIGNMENT)
11/06/2026,"QUIANA SUBLI SHIRT (B&Y), 2 TONED",5,JYL ATHLETICA (CONSIGNMENT)
11/06/2026,Taslan NEW,1,JYL ATHLETICA (CONSIGNMENT)
11/06/2026,Small Mystery Car,1,MADEBYRUZ CONSUMER GOODS TRADING (CONSIGNMENT)
11/06/2026,Tiger Headband (2 Designs),1,MADEBYRUZ CONSUMER GOODS TRADING (CONSIGNMENT)
11/06/2026,Tiger Paw Keychain @375,13,MADEBYRUZ CONSUMER GOODS TRADING (CONSIGNMENT)
11/06/2026,Clock @700,1,STITCH CORP. (BLEEVES CONSIGNMENT)
11/06/2026,"Double Canopy (B,Y)",7,STITCH CORP. (BLEEVES CONSIGNMENT)
11/06/2026,"Ballpen 3 Designs @50 (B,Y,W)",15,STITCH CORP. (PAID)
11/06/2026,Corp Jacket V2,4,STITCH CORP. (PAID)
11/06/2026,Kraft Notebook @130,3,STITCH CORP. (PAID)
11/06/2026,Arch @350,11,TET AND DARS (PAID)
11/06/2026,Long Sticker @120,1,TET AND DARS (PAID)
11/06/2026,"Go USTE (W,Y,B) @450",2,THREADMARKED (CONSIGNMENT)
11/06/2026,"UST 1611 Embro Shirt (B,V)",1,THREADMARKED (CONSIGNMENT)
11/06/2026,"UST Embro OS (B,V)",3,THREADMARKED (CONSIGNMENT)
11/06/2026,"UST TIGERS Oversized shirt (V,B) @650",1,THREADMARKED (CONSIGNMENT)
11/06/2026,"Hoodie UST embro (V,G,Y,B) @1800",3,THREADMARKED (PAID)
11/06/2026,UST 3D Keychain,2,THREADMARKED (PAID)
11/06/2026,UST Keyboard Clicker (Fidget),11,THREADMARKED (PAID)
11/06/2026,Trucker Cap,1,TOP GUN PHILS. (PAID)
11/06/2026,5M Magnetic Pin,4,USTORE (PAID)
11/06/2026,5M Rotating Keychain,3,USTORE (PAID)
11/06/2026,Automatic Umbrella,2,USTORE (PAID)
11/06/2026,B. Lanyard @180,14,USTORE (PAID)
11/06/2026,Black Eco Bag,30,USTORE (PAID)
11/06/2026,C. Keychain,4,USTORE (PAID)
11/06/2026,Chibi Stickers,1,USTORE (PAID)
11/06/2026,College Sticker @120,1,USTORE (PAID)
11/06/2026,Gemini Paper Bag Large,1,USTORE (PAID)
11/06/2026,Gemini Paper Bag Medium,1,USTORE (PAID)
11/06/2026,Gemini Paper Bag Small,4,USTORE (PAID)
11/06/2026,ID Case v2 @40,4,USTORE (PAID)
11/06/2026,Insignia Pen,1,USTORE (PAID)
11/06/2026,MJ Sticker Large,3,USTORE (PAID)
11/06/2026,MJ Sticker Medium,4,USTORE (PAID)
11/06/2026,MJ Sticker Small,1,USTORE (PAID)
11/06/2026,Pencil,1,USTORE (PAID)
11/06/2026,Scarf @490,1,USTORE (PAID)
11/06/2026,Tiger Plushie Big V1,26,USTORE (PAID)
11/06/2026,Tiger Plushie Small V1,9,USTORE (PAID)
11/06/2026,Tote Bag Canvas White @160,1,USTORE (PAID)
11/06/2026,Tote Viva Santo Tomas,17,USTORE (PAID)
11/06/2026,Travel Mug,1,USTORE (PAID)
11/06/2026,Yellow Lanyard,1,USTORE (PAID)
11/06/2026,Yellow Notebook,1,USTORE (PAID)
11/06/2026,Lanyard,1,VARSITY LIFESTYLE (CONSIGNMENT)
11/06/2026,Long Sticker,1,VARSITY LIFESTYLE (CONSIGNMENT)
11/06/2026,VL Sticker Pack,1,VARSITY LIFESTYLE (CONSIGNMENT)
11/06/2026,"Y,B VL UST",6,VARSITY LIFESTYLE (CONSIGNMENT)
13/06/2026,Polo Shirt @800,2,BLAZE (CONSIGNMENT)
13/06/2026,UST College ID Lace,8,JUC (CONSIGNMENT)
13/06/2026,UST OAT Hoodie Jacket,6,JUC (CONSIGNMENT)
13/06/2026,"UST OAT MUG (Y,W,B)",4,JUC (CONSIGNMENT)
13/06/2026,UST OAT T-Shirt Y/B/COLLEGE (XS-2XL),6,JUC (CONSIGNMENT)
13/06/2026,UST Sweatshirt Sporty,3,JUC (CONSIGNMENT)
13/06/2026,UST T-Shirt Santo Tomas Shirt/UST T-Shirt Tiger Pattern/HAPPY/Script,17,JUC (CONSIGNMENT)
13/06/2026,"Baseball Shirt (Y,W)",1,JYL ATHLETICA (CONSIGNMENT)
13/06/2026,Corp Jacket,1,JYL ATHLETICA (CONSIGNMENT)
13/06/2026,Corp Jacket V3,1,JYL ATHLETICA (CONSIGNMENT)
13/06/2026,Corp Windbreaker,1,JYL ATHLETICA (CONSIGNMENT)
13/06/2026,Cotton Black Jacket,1,JYL ATHLETICA (CONSIGNMENT)
13/06/2026,Dri-Fit Golden Tigresses,1,JYL ATHLETICA (CONSIGNMENT)
13/06/2026,DRI-FIT NEW,2,JYL ATHLETICA (CONSIGNMENT)
13/06/2026,Jersey Short,1,JYL ATHLETICA (CONSIGNMENT)
13/06/2026,"QUIANA SUBLI SHIRT (B&Y), 2 TONED",13,JYL ATHLETICA (CONSIGNMENT)
13/06/2026,Small Mystery Car,1,MADEBYRUZ CONSUMER GOODS TRADING (CONSIGNMENT)
13/06/2026,Tiger Claw,1,MADEBYRUZ CONSUMER GOODS TRADING (CONSIGNMENT)
13/06/2026,Tiger Paw Keychain @375,16,MADEBYRUZ CONSUMER GOODS TRADING (CONSIGNMENT)
13/06/2026,Back Pack,1,NAPOLIZ ENTERPRISES (CONSIGNMENT)
13/06/2026,Hoodies Breaker,1,NAPOLIZ ENTERPRISES (CONSIGNMENT)
13/06/2026,Baseball Cap METAL @380,2,STITCH CORP. (BLEEVES CONSIGNMENT)
13/06/2026,"Double Canopy (B,Y)",5,STITCH CORP. (BLEEVES CONSIGNMENT)
13/06/2026,Wearable Blanket,1,STITCH CORP. (BLEEVES CONSIGNMENT)
13/06/2026,"Ballpen 3 Designs @50 (B,Y,W)",15,STITCH CORP. (PAID)
13/06/2026,Corp Jacket V2,4,STITCH CORP. (PAID)
13/06/2026,Arch @350,6,TET AND DARS (PAID)
13/06/2026,"Go USTE (W,Y,B) @450",2,THREADMARKED (CONSIGNMENT)
13/06/2026,"Keep Growling OS (B,V)",1,THREADMARKED (CONSIGNMENT)
13/06/2026,"UST 1611 Embro Shirt (B,V)",4,THREADMARKED (CONSIGNMENT)
13/06/2026,"UST Embro OS (B,V)",1,THREADMARKED (CONSIGNMENT)
13/06/2026,"UST TIGERS Oversized shirt (V,B) @650",1,THREADMARKED (CONSIGNMENT)
13/06/2026,"Hoodie UST embro (V,G,Y,B) @1800",6,THREADMARKED (PAID)
13/06/2026,Two-toned windbreaker @1700,2,THREADMARKED (PAID)
13/06/2026,UST 3D Keychain,1,THREADMARKED (PAID)
13/06/2026,UST Keyboard Clicker (Fidget),11,THREADMARKED (PAID)
13/06/2026,Ceramic Mug 18oz,4,TOP GUN PHILS. (PAID)
13/06/2026,5M Magnetic Pin,1,USTORE (PAID)
13/06/2026,5M Rotating Keychain,5,USTORE (PAID)
13/06/2026,Aquaflask,6,USTORE (PAID)
13/06/2026,Automatic Umbrella,12,USTORE (PAID)
13/06/2026,B. Lanyard @180,7,USTORE (PAID)
13/06/2026,Black Eco Bag,44,USTORE (PAID)
13/06/2026,C. Keychain,13,USTORE (PAID)
13/06/2026,College Sticker @120,1,USTORE (PAID)
13/06/2026,Gemini Paper Bag Large,1,USTORE (PAID)
13/06/2026,MJ Sticker Medium,1,USTORE (PAID)
13/06/2026,MJ Sticker Small,1,USTORE (PAID)
13/06/2026,Pencil,2,USTORE (PAID)
13/06/2026,Scarf @490,2,USTORE (PAID)
13/06/2026,Tiger Plushie Big V1,58,USTORE (PAID)
13/06/2026,Tiger Plushie Small V1,20,USTORE (PAID)
13/06/2026,Tote Viva Santo Tomas,3,USTORE (PAID)
13/06/2026,Travel Mug,2,USTORE (PAID)
13/06/2026,Utensils,1,USTORE (PAID)
13/06/2026,Yellow Lanyard,1,USTORE (PAID)
13/06/2026,Lanyard,1,VARSITY LIFESTYLE (CONSIGNMENT)
13/06/2026,Long Sticker,5,VARSITY LIFESTYLE (CONSIGNMENT)
13/06/2026,VL Sticker Pack,3,VARSITY LIFESTYLE (CONSIGNMENT)
13/06/2026,"Y,B VL UST",4,VARSITY LIFESTYLE (CONSIGNMENT)
15/06/2026,Triple Black Embro,2,BLAZE (CONSIGNMENT)
15/06/2026,Triple White Embro,2,BLAZE (CONSIGNMENT)
15/06/2026,UST College ID Lace,27,JUC (CONSIGNMENT)
15/06/2026,UST OAT Hoodie Jacket,3,JUC (CONSIGNMENT)
15/06/2026,"UST OAT MUG (Y,W,B)",7,JUC (CONSIGNMENT)
15/06/2026,UST OAT T-Shirt Y/B/COLLEGE (XS-2XL),6,JUC (CONSIGNMENT)
15/06/2026,UST Sweatshirt Sporty,2,JUC (CONSIGNMENT)
15/06/2026,UST T-Shirt Santo Tomas Shirt/UST T-Shirt Tiger Pattern/HAPPY/Script,6,JUC (CONSIGNMENT)
15/06/2026,UST T-Shirt Sporty,1,JUC (CONSIGNMENT)
15/06/2026,Cotton Black Jacket,1,JYL ATHLETICA (CONSIGNMENT)
15/06/2026,"QUIANA SUBLI SHIRT (B&Y), 2 TONED",2,JYL ATHLETICA (CONSIGNMENT)
15/06/2026,Tiger Claw,2,MADEBYRUZ CONSUMER GOODS TRADING (CONSIGNMENT)
15/06/2026,Tiger Paw Keychain @375,7,MADEBYRUZ CONSUMER GOODS TRADING (CONSIGNMENT)
15/06/2026,UST Arch Clicker,1,MADEBYRUZ CONSUMER GOODS TRADING (CONSIGNMENT)
15/06/2026,Hoodies Breaker,2,NAPOLIZ ENTERPRISES (CONSIGNMENT)
15/06/2026,Laptop Bag,2,NAPOLIZ ENTERPRISES (CONSIGNMENT)
15/06/2026,Baseball Cap METAL @380,1,STITCH CORP. (BLEEVES CONSIGNMENT)
15/06/2026,Clock @700,1,STITCH CORP. (BLEEVES CONSIGNMENT)
15/06/2026,"Double Canopy (B,Y)",5,STITCH CORP. (BLEEVES CONSIGNMENT)
15/06/2026,"Ballpen 3 Designs @50 (B,Y,W)",8,STITCH CORP. (PAID)
15/06/2026,Corp Jacket V2,6,STITCH CORP. (PAID)
15/06/2026,Kraft Notebook @130,1,STITCH CORP. (PAID)
15/06/2026,Arch @350,3,TET AND DARS (PAID)
15/06/2026,"Go USTE (W,Y,B) @450",1,THREADMARKED (CONSIGNMENT)
15/06/2026,"UST 1611 Embro Shirt (B,V)",1,THREADMARKED (CONSIGNMENT)
15/06/2026,"UST Embro OS (B,V)",3,THREADMARKED (CONSIGNMENT)
15/06/2026,UST Logo Embro Polo Shirt (XS-XL),1,THREADMARKED (CONSIGNMENT)
15/06/2026,"UST TIGERS Oversized shirt (V,B) @650",3,THREADMARKED (CONSIGNMENT)
15/06/2026,"Hoodie UST embro (V,G,Y,B) @1800",4,THREADMARKED (PAID)
15/06/2026,Two-toned windbreaker @1700,1,THREADMARKED (PAID)
15/06/2026,UST 3D Keychain,3,THREADMARKED (PAID)
15/06/2026,UST Keyboard Clicker (Fidget),7,THREADMARKED (PAID)
15/06/2026,5M Rotating Keychain,3,USTORE (PAID)
15/06/2026,Automatic Umbrella,8,USTORE (PAID)
15/06/2026,B. Lanyard @180,20,USTORE (PAID)
15/06/2026,Black Eco Bag,14,USTORE (PAID)
15/06/2026,Blanca Pen,1,USTORE (PAID)
15/06/2026,Button Pin (Big),1,USTORE (PAID)
15/06/2026,C. Keychain,5,USTORE (PAID)
15/06/2026,Chibi Stickers,5,USTORE (PAID)
15/06/2026,Gemini Paper Bag Medium,1,USTORE (PAID)
15/06/2026,ID Case v2 @40,1,USTORE (PAID)
15/06/2026,Insignia Pen,2,USTORE (PAID)
15/06/2026,MJ Sticker Large,1,USTORE (PAID)
15/06/2026,MJ Sticker Medium,3,USTORE (PAID)
15/06/2026,MJ Sticker Small,1,USTORE (PAID)
15/06/2026,Tiger Plushie Big V1,23,USTORE (PAID)
15/06/2026,Tiger Plushie Small V1,10,USTORE (PAID)
15/06/2026,Tote Bag Canvas White @160,1,USTORE (PAID)
15/06/2026,Tote Viva Santo Tomas,4,USTORE (PAID)
15/06/2026,Utensils,1,USTORE (PAID)
15/06/2026,Yellow Lanyard,18,USTORE (PAID)
15/06/2026,Lanyard,26,VARSITY LIFESTYLE (CONSIGNMENT)
15/06/2026,Long Sticker,3,VARSITY LIFESTYLE (CONSIGNMENT)
15/06/2026,VL Sticker Pack,1,VARSITY LIFESTYLE (CONSIGNMENT)
15/06/2026,"Y,B VL UST",1,VARSITY LIFESTYLE (CONSIGNMENT)
16/06/2026,Polo Shirt @800,3,BLAZE (CONSIGNMENT)
16/06/2026,Triple Black Embro,2,BLAZE (CONSIGNMENT)
16/06/2026,Shirts all @450 UPSIZE (5XL),1,JUC (CONSIGNMENT)
16/06/2026,UST College ID Lace,20,JUC (CONSIGNMENT)
16/06/2026,UST OAT Hoodie Jacket,1,JUC (CONSIGNMENT)
16/06/2026,"UST OAT MUG (Y,W,B)",4,JUC (CONSIGNMENT)
16/06/2026,UST OAT T-Shirt Y/B/COLLEGE (XS-2XL),10,JUC (CONSIGNMENT)
16/06/2026,UST T-Shirt Santo Tomas Shirt/UST T-Shirt Tiger Pattern/HAPPY/Script,38,JUC (CONSIGNMENT)
16/06/2026,"Baseball Shirt (Y,W)",1,JYL ATHLETICA (CONSIGNMENT)
16/06/2026,Corp Jacket V3,1,JYL ATHLETICA (CONSIGNMENT)
16/06/2026,Cotton Brush Jacket,2,JYL ATHLETICA (CONSIGNMENT)
16/06/2026,Dri-Fit Golden Tigresses,2,JYL ATHLETICA (CONSIGNMENT)
16/06/2026,"QUIANA SUBLI SHIRT (B&Y), 2 TONED",3,JYL ATHLETICA (CONSIGNMENT)
16/06/2026,Tiger Paw Keychain @375,2,MADEBYRUZ CONSUMER GOODS TRADING (CONSIGNMENT)
16/06/2026,UST Logo Clicker,1,MADEBYRUZ CONSUMER GOODS TRADING (CONSIGNMENT)
16/06/2026,Hoodies Breaker,2,NAPOLIZ ENTERPRISES (CONSIGNMENT)
16/06/2026,Baseball Cap METAL @380,2,STITCH CORP. (BLEEVES CONSIGNMENT)
16/06/2026,"Ballpen 3 Designs @50 (B,Y,W)",3,STITCH CORP. (PAID)
16/06/2026,Bamboo Notebook @150,6,STITCH CORP. (PAID)
16/06/2026,Corp Jacket V2,1,STITCH CORP. (PAID)
16/06/2026,"Go USTE (W,Y,B) @450",1,THREADMARKED (CONSIGNMENT)
16/06/2026,"UST TIGERS Oversized shirt (V,B) @650",1,THREADMARKED (CONSIGNMENT)
16/06/2026,UST 3D Keychain,2,THREADMARKED (PAID)
16/06/2026,UST Keyboard Clicker (Fidget),9,THREADMARKED (PAID)
16/06/2026,5M Magnetic Pin,1,USTORE (PAID)
16/06/2026,Aquaflask,1,USTORE (PAID)
16/06/2026,B. Lanyard @180,21,USTORE (PAID)
16/06/2026,Black Eco Bag,21,USTORE (PAID)
16/06/2026,Button Pin (Big),1,USTORE (PAID)
16/06/2026,C. Keychain,4,USTORE (PAID)
16/06/2026,Chibi Stickers,3,USTORE (PAID)
16/06/2026,College Sticker @120,1,USTORE (PAID)
16/06/2026,ID Case v2 @40,1,USTORE (PAID)
16/06/2026,MJ Sticker Large,1,USTORE (PAID)
16/06/2026,MJ Sticker Medium,3,USTORE (PAID)
16/06/2026,MJ Sticker Small,3,USTORE (PAID)
16/06/2026,Tiger Plushie Big V1,2,USTORE (PAID)
16/06/2026,Yellow Lanyard,15,USTORE (PAID)
16/06/2026,Long Sticker,1,VARSITY LIFESTYLE (CONSIGNMENT)
16/06/2026,VL Sticker Pack,4,VARSITY LIFESTYLE (CONSIGNMENT)
16/06/2026,"Y,B VL UST",4,VARSITY LIFESTYLE (CONSIGNMENT)
17/06/2026,Triple White Embro,1,BLAZE (CONSIGNMENT)
17/06/2026,UST College ID Lace,24,JUC (CONSIGNMENT)
17/06/2026,UST OAT MUG (Pure Black),11,JUC (CONSIGNMENT)
17/06/2026,"UST OAT MUG (Y,W,B)",6,JUC (CONSIGNMENT)
17/06/2026,UST Sweatshirt Sporty,2,JUC (CONSIGNMENT)
17/06/2026,UST T-Shirt Santo Tomas Shirt/UST T-Shirt Tiger Pattern/HAPPY/Script,13,JUC (CONSIGNMENT)
17/06/2026,UST T-Shirt Sporty,2,JUC (CONSIGNMENT)
17/06/2026,"Baseball Shirt (Y,W)",1,JYL ATHLETICA (CONSIGNMENT)
17/06/2026,Corp Jacket V3,3,JYL ATHLETICA (CONSIGNMENT)
17/06/2026,DRI-FIT NEW,1,JYL ATHLETICA (CONSIGNMENT)
17/06/2026,Poloshirt @800,1,JYL ATHLETICA (CONSIGNMENT)
17/06/2026,"QUIANA SUBLI SHIRT (B&Y), 2 TONED",2,JYL ATHLETICA (CONSIGNMENT)
17/06/2026,Tiger Headband (2 Designs),1,MADEBYRUZ CONSUMER GOODS TRADING (CONSIGNMENT)
17/06/2026,Baseball Cap METAL @380,1,STITCH CORP. (BLEEVES CONSIGNMENT)
17/06/2026,"Double Canopy (B,Y)",1,STITCH CORP. (BLEEVES CONSIGNMENT)
17/06/2026,"Ballpen 3 Designs @50 (B,Y,W)",10,STITCH CORP. (PAID)
17/06/2026,Corp Jacket V2,2,STITCH CORP. (PAID)
17/06/2026,"UST 1611 Embro Shirt (B,V)",2,THREADMARKED (CONSIGNMENT)
17/06/2026,"UST Embro OS (B,V)",9,THREADMARKED (CONSIGNMENT)
17/06/2026,UST Logo Embro Polo Shirt (XS-XL),1,THREADMARKED (CONSIGNMENT)
17/06/2026,"UST TIGERS Oversized shirt (V,B) @650",1,THREADMARKED (CONSIGNMENT)
17/06/2026,UST 3D Keychain,3,THREADMARKED (PAID)
17/06/2026,UST Keyboard Clicker (Fidget),7,THREADMARKED (PAID)
17/06/2026,Varsity Jacket Embro,5,THREADMARKED (PAID)
17/06/2026,Trucker Cap,2,TOP GUN PHILS. (PAID)
17/06/2026,5M Magnetic Pin,3,USTORE (PAID)
17/06/2026,5M Rotating Keychain,4,USTORE (PAID)
17/06/2026,B. Lanyard @180,28,USTORE (PAID)
17/06/2026,Black Eco Bag,2,USTORE (PAID)
17/06/2026,Button Pin (Big),1,USTORE (PAID)
17/06/2026,C. Keychain,4,USTORE (PAID)
17/06/2026,Chibi Stickers,4,USTORE (PAID)
17/06/2026,Gemini Paper Bag Small,6,USTORE (PAID)
17/06/2026,ID Case v2 @40,6,USTORE (PAID)
17/06/2026,Insignia Pen,2,USTORE (PAID)
17/06/2026,MJ Sticker Medium,6,USTORE (PAID)
17/06/2026,MJ Sticker Small,2,USTORE (PAID)
17/06/2026,Pencil,2,USTORE (PAID)
17/06/2026,Tiger Plushie Big V1,1,USTORE (PAID)
17/06/2026,Tiger Plushie Small V1,1,USTORE (PAID)
17/06/2026,Yellow Lanyard,10,USTORE (PAID)
17/06/2026,Lanyard,6,VARSITY LIFESTYLE (CONSIGNMENT)
17/06/2026,Long Sticker,1,VARSITY LIFESTYLE (CONSIGNMENT)
17/06/2026,New GT Shirts,4,VARSITY LIFESTYLE (CONSIGNMENT)
17/06/2026,VL Keychain,1,VARSITY LIFESTYLE (CONSIGNMENT)
17/06/2026,VL Sticker Pack,1,VARSITY LIFESTYLE (CONSIGNMENT)
17/06/2026,"Y,B VL UST",1,VARSITY LIFESTYLE (CONSIGNMENT)
18/06/2026,Triple Black Embro,1,BLAZE (CONSIGNMENT)
18/06/2026,UST College ID Lace,14,JUC (CONSIGNMENT)
18/06/2026,UST OAT Hoodie Jacket,2,JUC (CONSIGNMENT)
18/06/2026,UST OAT T-Shirt Y/B/COLLEGE (XS-2XL),8,JUC (CONSIGNMENT)
18/06/2026,UST T-Shirt Santo Tomas Shirt/UST T-Shirt Tiger Pattern/HAPPY/Script,7,JUC (CONSIGNMENT)
18/06/2026,UST T-Shirt Sporty,1,JUC (CONSIGNMENT)
18/06/2026,Corp Jacket V3,1,JYL ATHLETICA (CONSIGNMENT)
18/06/2026,Cotton Black Jacket,1,JYL ATHLETICA (CONSIGNMENT)
18/06/2026,Jersey Short,1,JYL ATHLETICA (CONSIGNMENT)
18/06/2026,Poloshirt @800,1,JYL ATHLETICA (CONSIGNMENT)
18/06/2026,"QUIANA SUBLI SHIRT (B&Y), 2 TONED",3,JYL ATHLETICA (CONSIGNMENT)
18/06/2026,Taslan NEW,1,JYL ATHLETICA (CONSIGNMENT)
18/06/2026,Tiger Headband (2 Designs),1,MADEBYRUZ CONSUMER GOODS TRADING (CONSIGNMENT)
18/06/2026,Tiger Paw Keychain @375,2,MADEBYRUZ CONSUMER GOODS TRADING (CONSIGNMENT)
18/06/2026,UST Arch Clicker,1,MADEBYRUZ CONSUMER GOODS TRADING (CONSIGNMENT)
18/06/2026,Hoodies Breaker,2,NAPOLIZ ENTERPRISES (CONSIGNMENT)
18/06/2026,Baseball Cap METAL @380,1,STITCH CORP. (BLEEVES CONSIGNMENT)
18/06/2026,"Double Canopy (B,Y)",1,STITCH CORP. (BLEEVES CONSIGNMENT)
18/06/2026,Wearable Blanket,1,STITCH CORP. (BLEEVES CONSIGNMENT)
18/06/2026,"Ballpen 3 Designs @50 (B,Y,W)",4,STITCH CORP. (PAID)
18/06/2026,Corp Jacket V2,2,STITCH CORP. (PAID)
18/06/2026,Arch @350,1,TET AND DARS (PAID)
18/06/2026,"Go USTE (W,Y,B) @450",1,THREADMARKED (CONSIGNMENT)
18/06/2026,"UST 1611 Embro Shirt (B,V)",4,THREADMARKED (CONSIGNMENT)
18/06/2026,"UST Embro OS (B,V)",3,THREADMARKED (CONSIGNMENT)
18/06/2026,UST 3D Keychain,2,THREADMARKED (PAID)
18/06/2026,UST Keyboard Clicker (Fidget),5,THREADMARKED (PAID)
18/06/2026,Varsity Jacket Embro,4,THREADMARKED (PAID)
18/06/2026,5M Magnetic Pin,2,USTORE (PAID)
18/06/2026,5M Rotating Keychain,3,USTORE (PAID)
18/06/2026,Automatic Umbrella,1,USTORE (PAID)
18/06/2026,B. Lanyard @180,22,USTORE (PAID)
18/06/2026,Black Eco Bag,1,USTORE (PAID)
18/06/2026,Blanca Pen,2,USTORE (PAID)
18/06/2026,C. Keychain,6,USTORE (PAID)
18/06/2026,Chibi Stickers,3,USTORE (PAID)
18/06/2026,College Sticker @120,2,USTORE (PAID)
18/06/2026,ID Case v2 @40,4,USTORE (PAID)
18/06/2026,MJ Sticker Large,5,USTORE (PAID)
18/06/2026,MJ Sticker Medium,10,USTORE (PAID)
18/06/2026,MJ Sticker Small,8,USTORE (PAID)
18/06/2026,Powerbank,50,USTORE (PAID)
18/06/2026,Stainless Eco Tumbler,10,USTORE (PAID)
18/06/2026,Tiger Plushie Big V1,7,USTORE (PAID)
18/06/2026,Tiger Plushie Small V1,5,USTORE (PAID)
18/06/2026,Tote Viva Santo Tomas,62,USTORE (PAID)
18/06/2026,Travel Mug,2,USTORE (PAID)
18/06/2026,Yellow Lanyard,3,USTORE (PAID)
18/06/2026,Yellow Notebook,1,USTORE (PAID)
18/06/2026,Lanyard,4,VARSITY LIFESTYLE (CONSIGNMENT)
18/06/2026,VL Keychain,3,VARSITY LIFESTYLE (CONSIGNMENT)
18/06/2026,VL Sticker Pack,1,VARSITY LIFESTYLE (CONSIGNMENT)
18/06/2026,"Y,B VL UST",1,VARSITY LIFESTYLE (CONSIGNMENT)
19/06/2026,Triple White Embro,1,BLAZE (CONSIGNMENT)
19/06/2026,Shirts all @450 UPSIZE (5XL),1,JUC (CONSIGNMENT)
19/06/2026,UST College ID Lace,17,JUC (CONSIGNMENT)
19/06/2026,"UST OAT MUG (Y,W,B)",3,JUC (CONSIGNMENT)
19/06/2026,UST OAT T-Shirt Y/B/COLLEGE (XS-2XL),18,JUC (CONSIGNMENT)
19/06/2026,UST Sweatshirt Sporty,1,JUC (CONSIGNMENT)
19/06/2026,UST T-Shirt Santo Tomas Shirt/UST T-Shirt Tiger Pattern/HAPPY/Script,14,JUC (CONSIGNMENT)
19/06/2026,UST T-Shirt Sporty,2,JUC (CONSIGNMENT)
19/06/2026,Corp Jacket V3,2,JYL ATHLETICA (CONSIGNMENT)
19/06/2026,Jersey Short,1,JYL ATHLETICA (CONSIGNMENT)
19/06/2026,Poloshirt @800,2,JYL ATHLETICA (CONSIGNMENT)
19/06/2026,"QUIANA SUBLI SHIRT (B&Y), 2 TONED",4,JYL ATHLETICA (CONSIGNMENT)
19/06/2026,Tiger Claw,1,MADEBYRUZ CONSUMER GOODS TRADING (CONSIGNMENT)
19/06/2026,Tiger Headband (2 Designs),2,MADEBYRUZ CONSUMER GOODS TRADING (CONSIGNMENT)
19/06/2026,Tiger Paw Keychain @375,2,MADEBYRUZ CONSUMER GOODS TRADING (CONSIGNMENT)
19/06/2026,UST Arch Clicker,1,MADEBYRUZ CONSUMER GOODS TRADING (CONSIGNMENT)
19/06/2026,UST Logo Clicker,2,MADEBYRUZ CONSUMER GOODS TRADING (CONSIGNMENT)
19/06/2026,Hoodies Breaker,1,NAPOLIZ ENTERPRISES (CONSIGNMENT)
19/06/2026,Laptop Bag,1,NAPOLIZ ENTERPRISES (CONSIGNMENT)
19/06/2026,S88 UAAP Poloshirt,1,SHIRT HAPPENS (CONSIGNMENT)
19/06/2026,Baseball Cap METAL @380,1,STITCH CORP. (BLEEVES CONSIGNMENT)
19/06/2026,"Double Canopy (B,Y)",1,STITCH CORP. (BLEEVES CONSIGNMENT)
19/06/2026,Wearable Blanket,1,STITCH CORP. (BLEEVES CONSIGNMENT)
19/06/2026,"Ballpen 3 Designs @50 (B,Y,W)",9,STITCH CORP. (PAID)
19/06/2026,Bamboo Notebook @150,1,STITCH CORP. (PAID)
19/06/2026,Corp Jacket V2,3,STITCH CORP. (PAID)
19/06/2026,"Go USTE (W,Y,B) @450",1,THREADMARKED (CONSIGNMENT)
19/06/2026,"UST 1611 Embro Shirt (B,V)",3,THREADMARKED (CONSIGNMENT)
19/06/2026,"UST Embro OS (B,V)",3,THREADMARKED (CONSIGNMENT)
19/06/2026,"Hoodie UST embro (V,G,Y,B) @1800",4,THREADMARKED (PAID)
19/06/2026,UST 3D Keychain,5,THREADMARKED (PAID)
19/06/2026,UST Keyboard Clicker (Fidget),11,THREADMARKED (PAID)
19/06/2026,Varsity Jacket Embro,1,THREADMARKED (PAID)
19/06/2026,5M Rotating Keychain,3,USTORE (PAID)
19/06/2026,Aquaflask,1,USTORE (PAID)
19/06/2026,Automatic Umbrella,8,USTORE (PAID)
19/06/2026,B. Lanyard @180,26,USTORE (PAID)
19/06/2026,Black Eco Bag,8,USTORE (PAID)
19/06/2026,C. Keychain,15,USTORE (PAID)
19/06/2026,College Sticker @120,1,USTORE (PAID)
19/06/2026,Gemini Paper Bag Medium,2,USTORE (PAID)
19/06/2026,ID Case v2 @40,7,USTORE (PAID)
19/06/2026,Insignia Pen,1,USTORE (PAID)
19/06/2026,MJ Sticker Medium,2,USTORE (PAID)
19/06/2026,MJ Sticker Small,4,USTORE (PAID)
19/06/2026,Picasso Pen,1,USTORE (PAID)
19/06/2026,Thomasian Kit,1,USTORE (PAID)
19/06/2026,Tiger Plushie Big V1,8,USTORE (PAID)
19/06/2026,Tiger Plushie Small V1,2,USTORE (PAID)
19/06/2026,Tote Viva Santo Tomas,4,USTORE (PAID)
19/06/2026,Travel Mug,3,USTORE (PAID)
19/06/2026,Utensils,1,USTORE (PAID)
19/06/2026,Yellow Lanyard,5,USTORE (PAID)
19/06/2026,Yellow Notebook,1,USTORE (PAID)
19/06/2026,Lanyard,4,VARSITY LIFESTYLE (CONSIGNMENT)
19/06/2026,Long Sticker,4,VARSITY LIFESTYLE (CONSIGNMENT)
19/06/2026,VL Sticker Pack,4,VARSITY LIFESTYLE (CONSIGNMENT)
19/06/2026,"Y,B VL UST",8,VARSITY LIFESTYLE (CONSIGNMENT)
20/06/2026,Shirts all @450 UPSIZE (3XL-4XL),1,JUC (CONSIGNMENT)
20/06/2026,UST College ID Lace,2,JUC (CONSIGNMENT)
20/06/2026,UST OAT T-Shirt Y/B/COLLEGE (XS-2XL),3,JUC (CONSIGNMENT)
20/06/2026,UST Sweatshirt Sporty,2,JUC (CONSIGNMENT)
20/06/2026,UST T-Shirt Santo Tomas Shirt/UST T-Shirt Tiger Pattern/HAPPY/Script,1,JUC (CONSIGNMENT)
20/06/2026,Poloshirt @800,1,JYL ATHLETICA (CONSIGNMENT)
20/06/2026,"QUIANA SUBLI SHIRT (B&Y), 2 TONED",1,JYL ATHLETICA (CONSIGNMENT)
20/06/2026,Tiger Paw Keychain @375,1,MADEBYRUZ CONSUMER GOODS TRADING (CONSIGNMENT)
20/06/2026,UST Logo Clicker,1,MADEBYRUZ CONSUMER GOODS TRADING (CONSIGNMENT)
20/06/2026,"Double Canopy (B,Y)",2,STITCH CORP. (BLEEVES CONSIGNMENT)
20/06/2026,"Ballpen 3 Designs @50 (B,Y,W)",4,STITCH CORP. (PAID)
20/06/2026,Corp Jacket V2,1,STITCH CORP. (PAID)
20/06/2026,Arch @350,1,TET AND DARS (PAID)
20/06/2026,UST Keyboard Clicker (Fidget),2,THREADMARKED (PAID)
20/06/2026,5M Rotating Keychain,5,USTORE (PAID)
20/06/2026,Automatic Umbrella,2,USTORE (PAID)
20/06/2026,B. Lanyard @180,2,USTORE (PAID)
20/06/2026,C. Keychain,1,USTORE (PAID)
20/06/2026,Gemini Paper Bag Medium,3,USTORE (PAID)
20/06/2026,Gemini Paper Bag Small,10,USTORE (PAID)
20/06/2026,ID Case v2 @40,1,USTORE (PAID)
20/06/2026,Thomasian Kit,1,USTORE (PAID)
20/06/2026,Tote Viva Santo Tomas,6,USTORE (PAID)
20/06/2026,Travel Mug,1,USTORE (PAID)
20/06/2026,Scarves,1,VARSITY LIFESTYLE (CONSIGNMENT)
20/06/2026,"Y,B VL UST",1,VARSITY LIFESTYLE (CONSIGNMENT)
23/06/2026,Polo Shirt @800,2,BLAZE (CONSIGNMENT)
23/06/2026,Triple White Embro,2,BLAZE (CONSIGNMENT)
23/06/2026,Sci Ballpen,1,COLLEGE OF SCIENCE AT 100
23/06/2026,UST College ID Lace,28,JUC (CONSIGNMENT)
23/06/2026,UST OAT Hoodie Jacket,2,JUC (CONSIGNMENT)
23/06/2026,"UST OAT MUG (Y,W,B)",9,JUC (CONSIGNMENT)
23/06/2026,UST OAT T-Shirt Y/B/COLLEGE (XS-2XL),13,JUC (CONSIGNMENT)
23/06/2026,UST Sweatshirt Sporty,1,JUC (CONSIGNMENT)
23/06/2026,UST T-Shirt Santo Tomas Shirt/UST T-Shirt Tiger Pattern/HAPPY/Script,16,JUC (CONSIGNMENT)
23/06/2026,UST T-Shirt Sporty,3,JUC (CONSIGNMENT)
23/06/2026,"Baseball Shirt (Y,W)",3,JYL ATHLETICA (CONSIGNMENT)
23/06/2026,Corp Jacket V3,2,JYL ATHLETICA (CONSIGNMENT)
23/06/2026,Cotton Black Jacket,1,JYL ATHLETICA (CONSIGNMENT)
23/06/2026,Dri-Fit Golden Tigresses,1,JYL ATHLETICA (CONSIGNMENT)
23/06/2026,DRI-FIT NEW,2,JYL ATHLETICA (CONSIGNMENT)
23/06/2026,Jacket,1,JYL ATHLETICA (CONSIGNMENT)
23/06/2026,Machete V2,2,JYL ATHLETICA (CONSIGNMENT)
23/06/2026,Poloshirt 123456 @860,2,JYL ATHLETICA (CONSIGNMENT)
23/06/2026,"QUIANA SUBLI SHIRT (B&Y), 2 TONED",6,JYL ATHLETICA (CONSIGNMENT)
23/06/2026,Tiger Headband (2 Designs),1,MADEBYRUZ CONSUMER GOODS TRADING (CONSIGNMENT)
23/06/2026,Tiger Paw Keychain @375,4,MADEBYRUZ CONSUMER GOODS TRADING (CONSIGNMENT)
23/06/2026,UST Arch Clicker,1,MADEBYRUZ CONSUMER GOODS TRADING (CONSIGNMENT)
23/06/2026,UST Logo Clicker,1,MADEBYRUZ CONSUMER GOODS TRADING (CONSIGNMENT)
23/06/2026,Hoodies Breaker,1,NAPOLIZ ENTERPRISES (CONSIGNMENT)
23/06/2026,Laptop Bag,1,NAPOLIZ ENTERPRISES (CONSIGNMENT)
23/06/2026,S88 UAAP Poloshirt,1,SHIRT HAPPENS (CONSIGNMENT)
23/06/2026,Baseball Cap METAL @380,1,STITCH CORP. (BLEEVES CONSIGNMENT)
23/06/2026,"Double Canopy (B,Y)",2,STITCH CORP. (BLEEVES CONSIGNMENT)
23/06/2026,Wearable Blanket,3,STITCH CORP. (BLEEVES CONSIGNMENT)
23/06/2026,"Ballpen 3 Designs @50 (B,Y,W)",32,STITCH CORP. (PAID)
23/06/2026,Corp Jacket V2,5,STITCH CORP. (PAID)
23/06/2026,Kraft Notebook @130,2,STITCH CORP. (PAID)
23/06/2026,"Go USTE (W,Y,B) @450",8,THREADMARKED (CONSIGNMENT)
23/06/2026,"Keep Growling OS (B,V)",1,THREADMARKED (CONSIGNMENT)
23/06/2026,"UST 1611 Embro Shirt (B,V)",2,THREADMARKED (CONSIGNMENT)
23/06/2026,"UST Embro OS (B,V)",3,THREADMARKED (CONSIGNMENT)
23/06/2026,UST Logo Embro Polo Shirt (XS-XL),2,THREADMARKED (CONSIGNMENT)
23/06/2026,"Hoodie UST embro (V,G,Y,B) @1800",6,THREADMARKED (PAID)
23/06/2026,UST 3D Keychain,3,THREADMARKED (PAID)
23/06/2026,UST Keyboard Clicker (Fidget),4,THREADMARKED (PAID)
23/06/2026,Varsity Jacket Embro,5,THREADMARKED (PAID)
23/06/2026,Ceramic Mug 18oz,3,TOP GUN PHILS. (PAID)
23/06/2026,5M Magnetic Pin,3,USTORE (PAID)
23/06/2026,5M Rotating Keychain,11,USTORE (PAID)
23/06/2026,Aquaflask,1,USTORE (PAID)
23/06/2026,Automatic Umbrella,6,USTORE (PAID)
23/06/2026,B. Lanyard @180,24,USTORE (PAID)
23/06/2026,C. Keychain,21,USTORE (PAID)
23/06/2026,Chibi Stickers,2,USTORE (PAID)
23/06/2026,Gemini Paper Bag Medium,5,USTORE (PAID)
23/06/2026,ID Case v2 @40,8,USTORE (PAID)
23/06/2026,MJ Sticker Medium,5,USTORE (PAID)
23/06/2026,MJ Sticker Small,9,USTORE (PAID)
23/06/2026,Scarf @490,3,USTORE (PAID)
23/06/2026,Thomasian Kit,2,USTORE (PAID)
23/06/2026,Tiger Plushie Small V1,8,USTORE (PAID)
23/06/2026,Tote Bag Canvas White @160,1,USTORE (PAID)
23/06/2026,Tote Viva Santo Tomas,2,USTORE (PAID)
23/06/2026,Travel Mug,4,USTORE (PAID)
23/06/2026,Yellow Lanyard,2,USTORE (PAID)
23/06/2026,Yellow Notebook,1,USTORE (PAID)
23/06/2026,Lanyard,3,VARSITY LIFESTYLE (CONSIGNMENT)
23/06/2026,Long Sticker,3,VARSITY LIFESTYLE (CONSIGNMENT)
23/06/2026,VL Sticker Pack,6,VARSITY LIFESTYLE (CONSIGNMENT)
23/06/2026,"Y,B VL UST",4,VARSITY LIFESTYLE (CONSIGNMENT)
25/06/2026,Polo Shirt @800,1,BLAZE (CONSIGNMENT)
25/06/2026,Triple White Embro,1,BLAZE (CONSIGNMENT)
25/06/2026,Sci Ballpen,3,COLLEGE OF SCIENCE AT 100
25/06/2026,UST College ID Lace,85,JUC (CONSIGNMENT)
25/06/2026,"UST OAT MUG (Y,W,B)",5,JUC (CONSIGNMENT)
25/06/2026,UST OAT T-Shirt Y/B/COLLEGE (XS-2XL),22,JUC (CONSIGNMENT)
25/06/2026,UST Sweatshirt Sporty,1,JUC (CONSIGNMENT)
25/06/2026,UST T-Shirt Santo Tomas Shirt/UST T-Shirt Tiger Pattern/HAPPY/Script,22,JUC (CONSIGNMENT)
25/06/2026,UST T-Shirt Sporty,4,JUC (CONSIGNMENT)
25/06/2026,"Baseball Shirt (Y,W)",1,JYL ATHLETICA (CONSIGNMENT)
25/06/2026,Corp Jacket,4,JYL ATHLETICA (CONSIGNMENT)
25/06/2026,Cotton Brush Jacket,1,JYL ATHLETICA (CONSIGNMENT)
25/06/2026,DRI-FIT NEW,2,JYL ATHLETICA (CONSIGNMENT)
25/06/2026,Jersey Short,2,JYL ATHLETICA (CONSIGNMENT)
25/06/2026,"QUIANA SUBLI SHIRT (B&Y), 2 TONED",16,JYL ATHLETICA (CONSIGNMENT)
25/06/2026,Tiger Paw Keychain @375,7,MADEBYRUZ CONSUMER GOODS TRADING (CONSIGNMENT)
25/06/2026,Baseball Cap METAL @380,2,STITCH CORP. (BLEEVES CONSIGNMENT)
25/06/2026,Wearable Blanket,1,STITCH CORP. (BLEEVES CONSIGNMENT)
25/06/2026,"Ballpen 3 Designs @50 (B,Y,W)",19,STITCH CORP. (PAID)
25/06/2026,Bamboo Notebook @150,4,STITCH CORP. (PAID)
25/06/2026,Corp Jacket V2,3,STITCH CORP. (PAID)
25/06/2026,Kraft Notebook @130,2,STITCH CORP. (PAID)
25/06/2026,Arch @350,5,TET AND DARS (PAID)
25/06/2026,"Go USTE (W,Y,B) @450",9,THREADMARKED (CONSIGNMENT)
25/06/2026,"UST 1611 Embro Shirt (B,V)",1,THREADMARKED (CONSIGNMENT)
25/06/2026,"UST Embro OS (B,V)",5,THREADMARKED (CONSIGNMENT)
25/06/2026,"Hoodie UST embro (V,G,Y,B) @1800",2,THREADMARKED (PAID)
25/06/2026,UST 3D Keychain,5,THREADMARKED (PAID)
25/06/2026,UST Keyboard Clicker (Fidget),13,THREADMARKED (PAID)
25/06/2026,Varsity Jacket Embro,8,THREADMARKED (PAID)
25/06/2026,5M Magnetic Pin,2,USTORE (PAID)
25/06/2026,5M Rotating Keychain,14,USTORE (PAID)
25/06/2026,Automatic Umbrella,2,USTORE (PAID)
25/06/2026,B. Lanyard @180,50,USTORE (PAID)
25/06/2026,Black Eco Bag,57,USTORE (PAID)
25/06/2026,Blanca Pen,1,USTORE (PAID)
25/06/2026,Button Pin (Big),2,USTORE (PAID)
25/06/2026,C. Keychain,1,USTORE (PAID)
25/06/2026,Chibi Stickers,1,USTORE (PAID)
25/06/2026,College Sticker @120,1,USTORE (PAID)
25/06/2026,Gemini Paper Bag Medium,2,USTORE (PAID)
25/06/2026,ID Case v2 @40,60,USTORE (PAID)
25/06/2026,Insignia Pen,1,USTORE (PAID)
25/06/2026,MJ Sticker Large,6,USTORE (PAID)
25/06/2026,MJ Sticker Medium,10,USTORE (PAID)
25/06/2026,MJ Sticker Small,14,USTORE (PAID)
25/06/2026,Powerbank,1,USTORE (PAID)
25/06/2026,Tiger Plushie Small V1,1,USTORE (PAID)
25/06/2026,Tote Bag Canvas White @160,1,USTORE (PAID)
25/06/2026,Tote Viva Santo Tomas,5,USTORE (PAID)
25/06/2026,Travel Mug,1,USTORE (PAID)
25/06/2026,Yellow Lanyard,30,USTORE (PAID)
25/06/2026,Lanyard,18,VARSITY LIFESTYLE (CONSIGNMENT)
25/06/2026,New GT Shirts,2,VARSITY LIFESTYLE (CONSIGNMENT)
25/06/2026,VL Sticker Pack,5,VARSITY LIFESTYLE (CONSIGNMENT)
25/06/2026,"Y,B VL UST",7,VARSITY LIFESTYLE (CONSIGNMENT)
26/06/2026,Black w/ Yellow UST Embro,1,BLAZE (CONSIGNMENT)
26/06/2026,Triple Black Embro,1,BLAZE (CONSIGNMENT)
26/06/2026,Triple White Embro,2,BLAZE (CONSIGNMENT)
26/06/2026,Shirts all @450 UPSIZE (3XL-4XL),1,JUC (CONSIGNMENT)
26/06/2026,UST College ID Lace,48,JUC (CONSIGNMENT)
26/06/2026,UST OAT Hoodie Jacket,1,JUC (CONSIGNMENT)
26/06/2026,"UST OAT MUG (Y,W,B)",7,JUC (CONSIGNMENT)
26/06/2026,UST OAT T-Shirt Y/B/COLLEGE (3XL),2,JUC (CONSIGNMENT)
26/06/2026,UST OAT T-Shirt Y/B/COLLEGE (XS-2XL),9,JUC (CONSIGNMENT)
26/06/2026,UST T-Shirt Santo Tomas Shirt/UST T-Shirt Tiger Pattern/HAPPY/Script,9,JUC (CONSIGNMENT)
26/06/2026,UST T-Shirt Sporty,5,JUC (CONSIGNMENT)
26/06/2026,"Baseball Shirt (Y,W)",1,JYL ATHLETICA (CONSIGNMENT)
26/06/2026,Cotton Black Jacket,1,JYL ATHLETICA (CONSIGNMENT)
26/06/2026,Cotton Brush Jacket,1,JYL ATHLETICA (CONSIGNMENT)
26/06/2026,Dri-Fit Golden Tigresses,2,JYL ATHLETICA (CONSIGNMENT)
26/06/2026,Jersey Short,2,JYL ATHLETICA (CONSIGNMENT)
26/06/2026,Machete V2,5,JYL ATHLETICA (CONSIGNMENT)
26/06/2026,Poloshirt 123456 @860,1,JYL ATHLETICA (CONSIGNMENT)
26/06/2026,"QUIANA SUBLI SHIRT (B&Y), 2 TONED",7,JYL ATHLETICA (CONSIGNMENT)
26/06/2026,Small Mystery Car,3,MADEBYRUZ CONSUMER GOODS TRADING (CONSIGNMENT)
26/06/2026,Tiger Claw,1,MADEBYRUZ CONSUMER GOODS TRADING (CONSIGNMENT)
26/06/2026,Tiger Costume,1,MADEBYRUZ CONSUMER GOODS TRADING (CONSIGNMENT)
26/06/2026,Tiger Paw Keychain @375,2,MADEBYRUZ CONSUMER GOODS TRADING (CONSIGNMENT)
26/06/2026,UST Arch Clicker,2,MADEBYRUZ CONSUMER GOODS TRADING (CONSIGNMENT)
26/06/2026,UST Logo Clicker,1,MADEBYRUZ CONSUMER GOODS TRADING (CONSIGNMENT)
26/06/2026,Hoodies Breaker,1,NAPOLIZ ENTERPRISES (CONSIGNMENT)
26/06/2026,Baseball Cap METAL @380,1,STITCH CORP. (BLEEVES CONSIGNMENT)
26/06/2026,"Double Canopy (B,Y)",3,STITCH CORP. (BLEEVES CONSIGNMENT)
26/06/2026,"Ballpen 3 Designs @50 (B,Y,W)",6,STITCH CORP. (PAID)
26/06/2026,Bamboo Notebook @150,2,STITCH CORP. (PAID)
26/06/2026,Corp Jacket V2,2,STITCH CORP. (PAID)
26/06/2026,Arch @350,3,TET AND DARS (PAID)
26/06/2026,"Go USTE (W,Y,B) @450",2,THREADMARKED (CONSIGNMENT)
26/06/2026,"UST 1611 Embro Shirt (B,V)",8,THREADMARKED (CONSIGNMENT)
26/06/2026,"UST Embro OS (B,V)",2,THREADMARKED (CONSIGNMENT)
26/06/2026,UST Logo Embro Polo Shirt (XS-XL),1,THREADMARKED (CONSIGNMENT)
26/06/2026,"Hoodie UST embro (V,G,Y,B) @1800",5,THREADMARKED (PAID)
26/06/2026,UST 3D Keychain,3,THREADMARKED (PAID)
26/06/2026,UST Keyboard Clicker (Fidget),10,THREADMARKED (PAID)
26/06/2026,Varsity Jacket Embro,1,THREADMARKED (PAID)
26/06/2026,5M Magnetic Pin,2,USTORE (PAID)
26/06/2026,5M Rotating Keychain,8,USTORE (PAID)
26/06/2026,Aquaflask,1,USTORE (PAID)
26/06/2026,Automatic Umbrella,6,USTORE (PAID)
26/06/2026,B. Lanyard @180,29,USTORE (PAID)
26/06/2026,Black Eco Bag,12,USTORE (PAID)
26/06/2026,Button Pin (Big),4,USTORE (PAID)
26/06/2026,C. Keychain,1,USTORE (PAID)
26/06/2026,Chibi Stickers,8,USTORE (PAID)
26/06/2026,College Sticker @120,2,USTORE (PAID)
26/06/2026,ID Case v2 @40,9,USTORE (PAID)
26/06/2026,MJ Sticker Medium,12,USTORE (PAID)
26/06/2026,MJ Sticker Small,37,USTORE (PAID)
26/06/2026,Thomasian Kit,1,USTORE (PAID)
26/06/2026,Tiger Plushie Small V1,2,USTORE (PAID)
26/06/2026,Tote Viva Santo Tomas,7,USTORE (PAID)
26/06/2026,Travel Mug,2,USTORE (PAID)
26/06/2026,Yellow Lanyard,15,USTORE (PAID)
26/06/2026,Yellow Notebook,1,USTORE (PAID)
26/06/2026,Lanyard,3,VARSITY LIFESTYLE (CONSIGNMENT)
26/06/2026,New GT Shirts,1,VARSITY LIFESTYLE (CONSIGNMENT)
26/06/2026,VL Sticker Pack,2,VARSITY LIFESTYLE (CONSIGNMENT)
26/06/2026,"Y,B VL UST",4,VARSITY LIFESTYLE (CONSIGNMENT)
29/06/2026,Polo Shirt @800,1,BLAZE (CONSIGNMENT)
29/06/2026,Triple White Embro,3,BLAZE (CONSIGNMENT)
29/06/2026,UST College ID Lace,10,JUC (CONSIGNMENT)
29/06/2026,"UST OAT MUG (Y,W,B)",1,JUC (CONSIGNMENT)
29/06/2026,UST OAT T-Shirt Y/B/COLLEGE (XS-2XL),8,JUC (CONSIGNMENT)
29/06/2026,UST Sweatshirt Sporty,4,JUC (CONSIGNMENT)
29/06/2026,UST T-Shirt Santo Tomas Shirt/UST T-Shirt Tiger Pattern/HAPPY/Script,11,JUC (CONSIGNMENT)
29/06/2026,UST T-Shirt Sporty,1,JUC (CONSIGNMENT)
29/06/2026,Cotton Black Jacket,1,JYL ATHLETICA (CONSIGNMENT)
29/06/2026,Dri-Fit Golden Tigresses,6,JYL ATHLETICA (CONSIGNMENT)
29/06/2026,DRI-FIT NEW,1,JYL ATHLETICA (CONSIGNMENT)
29/06/2026,Jacket,1,JYL ATHLETICA (CONSIGNMENT)
29/06/2026,Jersey Short,2,JYL ATHLETICA (CONSIGNMENT)
29/06/2026,Poloshirt @800,2,JYL ATHLETICA (CONSIGNMENT)
29/06/2026,"QUIANA SUBLI SHIRT (B&Y), 2 TONED",12,JYL ATHLETICA (CONSIGNMENT)
29/06/2026,Tiger Paw Keychain @375,1,MADEBYRUZ CONSUMER GOODS TRADING (CONSIGNMENT)
29/06/2026,UST Arch Clicker,1,MADEBYRUZ CONSUMER GOODS TRADING (CONSIGNMENT)
29/06/2026,Hoodies Breaker,1,NAPOLIZ ENTERPRISES (CONSIGNMENT)
29/06/2026,"Double Canopy (B,Y)",4,STITCH CORP. (BLEEVES CONSIGNMENT)
29/06/2026,Wearable Blanket,1,STITCH CORP. (BLEEVES CONSIGNMENT)
29/06/2026,"Ballpen 3 Designs @50 (B,Y,W)",4,STITCH CORP. (PAID)
29/06/2026,Bamboo Notebook @150,2,STITCH CORP. (PAID)
29/06/2026,Kraft Notebook @130,1,STITCH CORP. (PAID)
29/06/2026,Arch @350,2,TET AND DARS (PAID)
29/06/2026,"Go USTE (W,Y,B) @450",2,THREADMARKED (CONSIGNMENT)
29/06/2026,"Keep Growling OS (B,V)",4,THREADMARKED (CONSIGNMENT)
29/06/2026,"UST 1611 Embro Shirt (B,V)",1,THREADMARKED (CONSIGNMENT)
29/06/2026,"UST Embro OS (B,V)",10,THREADMARKED (CONSIGNMENT)
29/06/2026,"UST TIGERS Oversized shirt (V,B) @650",1,THREADMARKED (CONSIGNMENT)
29/06/2026,"Hoodie UST embro (V,G,Y,B) @1800",5,THREADMARKED (PAID)
29/06/2026,Two-toned windbreaker @1700,1,THREADMARKED (PAID)
29/06/2026,UST 3D Keychain,2,THREADMARKED (PAID)
29/06/2026,UST Keyboard Clicker (Fidget),5,THREADMARKED (PAID)
29/06/2026,Varsity Jacket Embro,6,THREADMARKED (PAID)
29/06/2026,Ceramic Mug 18oz,1,TOP GUN PHILS. (PAID)
29/06/2026,5M Magnetic Pin,2,USTORE (PAID)
29/06/2026,5M Rotating Keychain,7,USTORE (PAID)
29/06/2026,Automatic Umbrella,4,USTORE (PAID)
29/06/2026,B. Lanyard @180,19,USTORE (PAID)
29/06/2026,Black Eco Bag,1,USTORE (PAID)
29/06/2026,C. Keychain,12,USTORE (PAID)
29/06/2026,Chibi Stickers,1,USTORE (PAID)
29/06/2026,ID Case v2 @40,3,USTORE (PAID)
29/06/2026,Insignia Pen,2,USTORE (PAID)
29/06/2026,MJ Sticker Large,10,USTORE (PAID)
29/06/2026,Scarf @490,1,USTORE (PAID)
29/06/2026,SM Tiger Plushie V2,6,USTORE (PAID)
29/06/2026,Tiger Plushie Small V1,2,USTORE (PAID)
29/06/2026,Tote Viva Santo Tomas,1,USTORE (PAID)
29/06/2026,Yellow Lanyard,1,USTORE (PAID)
29/06/2026,Lanyard,1,VARSITY LIFESTYLE (CONSIGNMENT)
29/06/2026,New GT Shirts,1,VARSITY LIFESTYLE (CONSIGNMENT)
29/06/2026,VL Sticker Pack,1,VARSITY LIFESTYLE (CONSIGNMENT)
29/06/2026,"Y,B VL UST",2,VARSITY LIFESTYLE (CONSIGNMENT)
30/06/2026,Triple Black Embro,2,BLAZE (CONSIGNMENT)
30/06/2026,UST College ID Lace,7,JUC (CONSIGNMENT)
30/06/2026,UST OAT Hoodie Jacket,2,JUC (CONSIGNMENT)
30/06/2026,UST OAT T-Shirt Y/B/COLLEGE (3XL),7,JUC (CONSIGNMENT)
30/06/2026,UST OAT T-Shirt Y/B/COLLEGE (XS-2XL),3,JUC (CONSIGNMENT)
30/06/2026,UST T-Shirt Sporty,4,JUC (CONSIGNMENT)
30/06/2026,Corp Jacket V3,1,JYL ATHLETICA (CONSIGNMENT)
30/06/2026,Cotton Black Jacket,1,JYL ATHLETICA (CONSIGNMENT)
30/06/2026,Cotton Brush Jacket,1,JYL ATHLETICA (CONSIGNMENT)
30/06/2026,Dri-Fit Golden Tigresses,2,JYL ATHLETICA (CONSIGNMENT)
30/06/2026,Jersey Short,4,JYL ATHLETICA (CONSIGNMENT)
30/06/2026,Machete V2,1,JYL ATHLETICA (CONSIGNMENT)
30/06/2026,Poloshirt @800,28,JYL ATHLETICA (CONSIGNMENT)
30/06/2026,"QUIANA SUBLI SHIRT (B&Y), 2 TONED",4,JYL ATHLETICA (CONSIGNMENT)
30/06/2026,Taslan NEW,1,JYL ATHLETICA (CONSIGNMENT)
30/06/2026,Tiger Paw Keychain @375,1,MADEBYRUZ CONSUMER GOODS TRADING (CONSIGNMENT)
30/06/2026,UST Arch Clicker,1,MADEBYRUZ CONSUMER GOODS TRADING (CONSIGNMENT)
30/06/2026,S88 UAAP Poloshirt,1,SHIRT HAPPENS (CONSIGNMENT)
30/06/2026,Baseball Cap METAL @380,2,STITCH CORP. (BLEEVES CONSIGNMENT)
30/06/2026,"Double Canopy (B,Y)",1,STITCH CORP. (BLEEVES CONSIGNMENT)
30/06/2026,"Ballpen 3 Designs @50 (B,Y,W)",6,STITCH CORP. (PAID)
30/06/2026,Corp Jacket V2,3,STITCH CORP. (PAID)
30/06/2026,Kraft Notebook @130,1,STITCH CORP. (PAID)
30/06/2026,Arch @350,1,TET AND DARS (PAID)
30/06/2026,"Go USTE (W,Y,B) @450",2,THREADMARKED (CONSIGNMENT)
30/06/2026,"Keep Growling OS (B,V)",2,THREADMARKED (CONSIGNMENT)
30/06/2026,"UST 1611 Embro Shirt (B,V)",3,THREADMARKED (CONSIGNMENT)
30/06/2026,"UST Embro OS (B,V)",3,THREADMARKED (CONSIGNMENT)
30/06/2026,UST Logo Embro Polo Shirt (XS-XL),2,THREADMARKED (CONSIGNMENT)
30/06/2026,"Hoodie UST embro (V,G,Y,B) @1800",3,THREADMARKED (PAID)
30/06/2026,Two-toned windbreaker @1700,1,THREADMARKED (PAID)
30/06/2026,UST 3D Keychain,1,THREADMARKED (PAID)
30/06/2026,UST Keyboard Clicker (Fidget),4,THREADMARKED (PAID)
30/06/2026,Varsity Jacket Embro,2,THREADMARKED (PAID)
30/06/2026,5M Magnetic Pin,2,USTORE (PAID)
30/06/2026,5M Rotating Keychain,5,USTORE (PAID)
30/06/2026,Automatic Umbrella,2,USTORE (PAID)
30/06/2026,B. Lanyard @180,20,USTORE (PAID)
30/06/2026,Black Eco Bag,3,USTORE (PAID)
30/06/2026,C. Keychain,14,USTORE (PAID)
30/06/2026,College Sticker @120,2,USTORE (PAID)
30/06/2026,Gemini Paper Bag Medium,1,USTORE (PAID)
30/06/2026,ID Case v2 @40,1,USTORE (PAID)
30/06/2026,Insignia Pen,1,USTORE (PAID)
30/06/2026,MJ Sticker Large,1,USTORE (PAID)
30/06/2026,MJ Sticker Medium,3,USTORE (PAID)
30/06/2026,MJ Sticker Small,4,USTORE (PAID)
30/06/2026,SM Tiger Plushie V2,7,USTORE (PAID)
30/06/2026,Travel Mug,1,USTORE (PAID)
30/06/2026,Yellow Lanyard,3,USTORE (PAID)
30/06/2026,Yellow Notebook,1,USTORE (PAID)
30/06/2026,Lanyard,1,VARSITY LIFESTYLE (CONSIGNMENT)
30/06/2026,VL Sticker Pack,2,VARSITY LIFESTYLE (CONSIGNMENT)
30/06/2026,"Y,B VL UST",2,VARSITY LIFESTYLE (CONSIGNMENT)
