Date,Item,Total Quantity,Supplier
2024-05-02,Polo Shirt,4,BLAZE
2024-05-02,Subli. Shirt,16,CENTRAL SEMINARY
2024-05-02,UST OAT Hoodie Jacket,1,JUC
2024-05-02,UST T-Shirt Sports,9,JUC
2024-05-02,UST T-Shirt Tiger Pattern,2,JUC
2024-05-02,Jacket,3,JYL
2024-05-02,Poloshirt 123456,5,JYL
2024-05-02,VB Jersey w/o sig.,3,JYL
2024-05-02,Sling Bag,94,NAPOLIZ
2024-05-02,University of Santo Tomas (B),4,NAPOLIZ
2024-05-02,White Tote Bag,181,NAPOLIZ
2024-05-02,Wind Breaker,2,NAPOLIZ
2024-05-02,Eco Bag CGEEE!,3,USTORE
2024-05-02,Keychain,2,USTORE
2024-05-02,Lanyard,3,USTORE
2024-05-02,NB,260,USTORE
2024-05-02,Shabby Hat,13,USTORE
2024-05-02,Tiger Stuff Toy Small Grad,5,USTORE
2024-05-02,Tote (One For UST),112,USTORE
2024-05-02,Tote Bag Canvas White,250,USTORE
2024-05-02,Tumbler,127,USTORE
2024-05-02,Umb (One For UST),60,USTORE
2024-05-02,Utensil,260,USTORE
2024-05-03,Polo Shirt,2,BLAZE
2024-05-03,Subli. Shirt,4,CENTRAL SEMINARY
2024-05-03,UST T-Shirt Sports,10,JUC
2024-05-03,Poloshirt 123456,1,JYL
2024-05-03,Side Tiger Hoodie,1,NAPOLIZ
2024-05-03,University of Santo Tomas (B),15,NAPOLIZ
2024-05-03,UST Tiger Front and Back Graphic (W),2,NAPOLIZ
2024-05-03,White Tote Bag,3,NAPOLIZ
2024-05-03,Wind Breaker,3,NAPOLIZ
2024-05-03,Main Building,1,TET AND DARS
2024-05-03,Mug,1,TET AND DARS
2024-05-03,Sticker,3,TET AND DARS
2024-05-03,Keychain,3,USTORE
2024-05-03,NB,1,USTORE
2024-05-03,Sash Small,1,USTORE
2024-05-03,Shabby Hat,4,USTORE
2024-05-03,Tiger Stuff Toy Small Grad,26,USTORE
2024-05-03,Tote (One For UST),2,USTORE
2024-05-03,Tote Bag Canvas White,8,USTORE
2024-05-03,Tumbler,4,USTORE
2024-05-03,Umb (One For UST),16,USTORE
2024-05-04,Subli. Shirt,2,CENTRAL SEMINARY
2024-05-04,UST Happy Tiger,6,JUC
2024-05-04,UST OAT Hoodie Jacket,2,JUC
2024-05-04,UST T-Shirt Sports,3,JUC
2024-05-04,UST T-Shirt Tiger Pattern,1,JUC
2024-05-04,Front Tiger Hoodie,1,NAPOLIZ
2024-05-04,Script Santo Tomas with Tiger Back (B),4,NAPOLIZ
2024-05-04,UST Tiger Front and Back Graphic (W),1,NAPOLIZ
2024-05-04,Wind Breaker,1,NAPOLIZ
2024-05-04,Keychain,1,USTORE
2024-05-04,Lanyard,1,USTORE
2024-05-04,Sash Big,2,USTORE
2024-05-04,Sash Small,2,USTORE
2024-05-04,Tiger Stuff Toy Small Grad,4,USTORE
2024-05-04,Tote (One For UST),1,USTORE
2024-05-04,Tote Bag Canvas White,1,USTORE
2024-05-04,Tumbler,2,USTORE
2024-05-04,Lanyard,2,VARSITY LIFE STYLE
2024-05-06,Polo Shirt,1,BLAZE
2024-05-06,Subli. Shirt,7,CENTRAL SEMINARY
2024-05-06,UST Happy Tiger,2,JUC
2024-05-06,UST OAT Hoodie Jacket,1,JUC
2024-05-06,UST OAT MUG,2,JUC
2024-05-06,UST OAT MUG (WE) Inside,1,JUC
2024-05-06,UST T-Shirt Sports,5,JUC
2024-05-06,Jacket,3,JYL
2024-05-06,Poloshirt 123456,1,JYL
2024-05-06,Front Tiger Hoodie,1,NAPOLIZ
2024-05-06,Side Tiger Hoodie,1,NAPOLIZ
2024-05-06,University of Santo Tomas (B),1,NAPOLIZ
2024-05-06,White Tote Bag,2,NAPOLIZ
2024-05-06,Wind Breaker,1,NAPOLIZ
2024-05-06,Sticker,2,TET AND DARS
2024-05-06,Keychain,2,USTORE
2024-05-06,Lanyard,10,USTORE
2024-05-06,NB,2,USTORE
2024-05-06,Shabby Hat,3,USTORE
2024-05-06,Tiger Stuff Toy Small Grad,4,USTORE
2024-05-06,Tote Bag Canvas White,3,USTORE
2024-05-07,Subli. Shirt,1,CENTRAL SEMINARY
2024-05-07,UST Happy Tiger,2,JUC
2024-05-07,UST OAT Hoodie Jacket,3,JUC
2024-05-07,UST OAT MUG,13,JUC
2024-05-07,UST OAT MUG (WE) Inside,7,JUC
2024-05-07,UST OAT T-Shirt,1,JUC
2024-05-07,UST T-Shirt Sports,4,JUC
2024-05-07,UST T-Shirt Tiger Pattern,4,JUC
2024-05-07,Jacket,2,JYL
2024-05-07,Backpack Bag,1,NAPOLIZ
2024-05-07,Script Santo Tomas with Tiger Back (B),1,NAPOLIZ
2024-05-07,University of Santo Tomas (B),1,NAPOLIZ
2024-05-07,Wind Breaker,2,NAPOLIZ
2024-05-07,Arch,12,TET AND DARS
2024-05-07,Bag,26,USTORE
2024-05-07,Keychain,6,USTORE
2024-05-07,Lanyard,3,USTORE
2024-05-07,Old Umbrella,41,USTORE
2024-05-07,Sash Small,26,USTORE
2024-05-07,Shabby Hat,1,USTORE
2024-05-07,Tiger Stuff Toy Small Grad,2,USTORE
2024-05-07,Tote (One For UST),4,USTORE
2024-05-07,Tote Bag Canvas White,1,USTORE
2024-05-07,Umb (One For UST),2,USTORE
2024-05-07,Caps,1,VARSITY LIFE STYLE
2024-05-07,Lanyard,1,VARSITY LIFE STYLE
2024-05-08,Polo Shirt,1,BLAZE
2024-05-08,Subli. Shirt,8,CENTRAL SEMINARY
2024-05-08,UST Happy Tiger,11,JUC
2024-05-08,UST OAT MUG,2,JUC
2024-05-08,UST OAT MUG (WE) Inside,1,JUC
2024-05-08,UST OAT T-Shirt,2,JUC
2024-05-08,UST T-Shirt Sports,17,JUC
2024-05-08,UST T-Shirt Tiger Pattern,14,JUC
2024-05-08,Jacket,1,JYL
2024-05-08,Script Santo Tomas with Tiger Back (B),2,NAPOLIZ
2024-05-08,Side Tiger Hoodie,1,NAPOLIZ
2024-05-08,University of Santo Tomas (B),15,NAPOLIZ
2024-05-08,UST Tiger Front and Back Graphic (W),1,NAPOLIZ
2024-05-08,Wind Breaker,6,NAPOLIZ
2024-05-08,Arch,3,TET AND DARS
2024-05-08,Eco Bag,2,TET AND DARS
2024-05-08,Sticker,2,TET AND DARS
2024-05-08,Keychain,10,USTORE
2024-05-08,Lanyard,10,USTORE
2024-05-08,Tiger Stuff Toy Small Grad,3,USTORE
2024-05-08,Tote (One For UST),1,USTORE
2024-05-08,Tote Bag Canvas White,1,USTORE
2024-05-08,Umb (One For UST),3,USTORE
2024-05-08,Baller,5,VARSITY LIFE STYLE
2024-05-08,Lanyard,3,VARSITY LIFE STYLE
2024-05-09,Polo Shirt,1,BLAZE
2024-05-09,Subli. Shirt,5,CENTRAL SEMINARY
2024-05-09,UST Happy Tiger,15,JUC
2024-05-09,UST OAT Hoodie Jacket,2,JUC
2024-05-09,UST OAT MUG,2,JUC
2024-05-09,UST OAT MUG (WE) Inside,1,JUC
2024-05-09,UST T-Shirt Sports,16,JUC
2024-05-09,UST T-Shirt Tiger Pattern,12,JUC
2024-05-09,Jacket,4,JYL
2024-05-09,Poloshirt 123456,1,JYL
2024-05-09,VB Jersey w/o sig.,2,JYL
2024-05-09,Front Tiger Hoodie,1,NAPOLIZ
2024-05-09,Script Santo Tomas with Tiger Back (B),4,NAPOLIZ
2024-05-09,University of Santo Tomas (B),6,NAPOLIZ
2024-05-09,UST Tiger Front and Back Graphic (W),7,NAPOLIZ
2024-05-09,Wind Breaker,1,NAPOLIZ
2024-05-09,Eco Bag CGEEE!,2,USTORE
2024-05-09,Keychain,13,USTORE
2024-05-09,Lanyard,6,USTORE
2024-05-09,NB,2,USTORE
2024-05-09,Sash Small,1,USTORE
2024-05-09,Shabby Hat,1,USTORE
2024-05-09,Tiger Stuff Toy Small Grad,9,USTORE
2024-05-09,Tote (One For UST),2,USTORE
2024-05-09,Tote Bag Canvas White,2,USTORE
2024-05-09,Umb (One For UST),3,USTORE
2024-05-09,Baller,1,VARSITY LIFE STYLE
2024-05-09,Keychain,4,VARSITY LIFE STYLE
2024-05-09,Lanyard,4,VARSITY LIFE STYLE
2024-05-09,Oversized Sweatshirt,1,VARSITY LIFE STYLE
2024-05-09,Shirts,3,VARSITY LIFE STYLE
2024-05-10,Polo Shirt,1,BLAZE
2024-05-10,Subli. Shirt,5,CENTRAL SEMINARY
2024-05-10,UST Happy Tiger,13,JUC
2024-05-10,UST OAT MUG,10,JUC
2024-05-10,UST OAT MUG (WE) Inside,2,JUC
2024-05-10,UST OAT T-Shirt,3,JUC
2024-05-10,UST T-Shirt Sports,28,JUC
2024-05-10,UST T-Shirt Tiger Pattern,12,JUC
2024-05-10,Jacket,5,JYL
2024-05-10,Poloshirt 123456,4,JYL
2024-05-10,VB Jersey w/o sig.,3,JYL
2024-05-10,Script Santo Tomas with Tiger Back (B),3,NAPOLIZ
2024-05-10,University of Santo Tomas (B),24,NAPOLIZ
2024-05-10,UST Tiger Front and Back Graphic (W),8,NAPOLIZ
2024-05-10,Wind Breaker,7,NAPOLIZ
2024-05-10,Sticker,5,TET AND DARS
2024-05-10,Keychain,5,USTORE
2024-05-10,Lanyard,6,USTORE
2024-05-10,Shabby Hat,1,USTORE
2024-05-10,Tiger Stuff Toy Small Grad,1,USTORE
2024-05-10,Tote (One For UST),3,USTORE
2024-05-10,Tote Bag Canvas White,2,USTORE
2024-05-10,Tumbler,6,USTORE
2024-05-10,Umb (One For UST),4,USTORE
2024-05-10,Baller,2,VARSITY LIFE STYLE
2024-05-10,Caps,1,VARSITY LIFE STYLE
2024-05-10,Long Sticker,1,VARSITY LIFE STYLE
2024-05-10,Scarves,1,VARSITY LIFE STYLE
2024-05-10,Shirts,11,VARSITY LIFE STYLE
2024-05-10,Sticker Pack,1,VARSITY LIFE STYLE
2024-05-13,Polo Shirt,1,BLAZE
2024-05-13,Subli. Shirt,1,CENTRAL SEMINARY
2024-05-13,UST Happy Tiger,2,JUC
2024-05-13,UST OAT Hoodie Jacket,1,JUC
2024-05-13,UST OAT MUG,5,JUC
2024-05-13,UST T-Shirt Sports,12,JUC
2024-05-13,UST T-Shirt Tiger Pattern,8,JUC
2024-05-13,Jacket,1,JYL
2024-05-13,VB Jersey w/o sig.,1,JYL
2024-05-13,University of Santo Tomas (B),7,NAPOLIZ
2024-05-13,UST Tiger Front and Back Graphic (W),2,NAPOLIZ
2024-05-13,Wind Breaker,6,NAPOLIZ
2024-05-13,Arch,2,TET AND DARS
2024-05-13,Eco Bag,1,TET AND DARS
2024-05-13,Sticker,1,TET AND DARS
2024-05-13,Eco Bag CGEEE!,1,USTORE
2024-05-13,Keychain,6,USTORE
2024-05-13,Lanyard,4,USTORE
2024-05-13,Sash Big,1,USTORE
2024-05-13,Sash Small,2,USTORE
2024-05-13,Shabby Hat,1,USTORE
2024-05-13,Tiger Stuff Toy Small Grad,7,USTORE
2024-05-13,Tote (One For UST),1,USTORE
2024-05-13,Tote Bag Canvas White,2,USTORE
2024-05-13,Umb (One For UST),2,USTORE
2024-05-13,Baller,1,VARSITY LIFE STYLE
2024-05-13,Caps,1,VARSITY LIFE STYLE
2024-05-13,Lanyard,1,VARSITY LIFE STYLE
2024-05-13,Scarves,1,VARSITY LIFE STYLE
2024-05-13,Shirts,1,VARSITY LIFE STYLE
2024-05-14,Subli. Shirt,7,CENTRAL SEMINARY
2024-05-14,UST Happy Tiger,24,JUC
2024-05-14,UST OAT Hoodie Jacket,2,JUC
2024-05-14,UST T-Shirt Sports,23,JUC
2024-05-14,UST T-Shirt Tiger Pattern,11,JUC
2024-05-14,GT Shirt,1,JYL
2024-05-14,Jacket,2,JYL
2024-05-14,Laptop Bag,1,NAPOLIZ
2024-05-14,Script Santo Tomas with Tiger Back (B),1,NAPOLIZ
2024-05-14,University of Santo Tomas (B),12,NAPOLIZ
2024-05-14,UST Tiger Front and Back Graphic (W),1,NAPOLIZ
2024-05-14,Wind Breaker,1,NAPOLIZ
2024-05-14,Sticker,6,TET AND DARS
2024-05-14,Eco Bag CGEEE!,2,USTORE
2024-05-14,Keychain,5,USTORE
2024-05-14,Lanyard,8,USTORE
2024-05-14,Sash Small,5,USTORE
2024-05-14,Shabby Hat,1,USTORE
2024-05-14,Tiger Stuff Toy Small Grad,3,USTORE
2024-05-14,Tote (One For UST),2,USTORE
2024-05-14,Tote Bag Canvas White,1,USTORE
2024-05-14,Tumbler,4,USTORE
2024-05-14,Umb (One For UST),2,USTORE
2024-05-14,Baller,2,VARSITY LIFE STYLE
2024-05-14,Caps,3,VARSITY LIFE STYLE
2024-05-14,Scarves,2,VARSITY LIFE STYLE
2024-05-14,Shirts,2,VARSITY LIFE STYLE
2024-05-14,Varsity Jacket,3,VARSITY LIFE STYLE
2024-05-15,Polo Shirt,2,BLAZE
2024-05-15,Subli. Shirt,2,CENTRAL SEMINARY
2024-05-15,UST Happy Tiger,22,JUC
2024-05-15,UST OAT Hoodie Jacket,3,JUC
2024-05-15,UST OAT MUG,3,JUC
2024-05-15,UST T-Shirt Sports,14,JUC
2024-05-15,UST T-Shirt Tiger Pattern,17,JUC
2024-05-15,Poloshirt 3 Colors,1,JYL
2024-05-15,VB Jersey w/o sig.,1,JYL
2024-05-15,Side Tiger Hoodie,1,NAPOLIZ
2024-05-15,University of Santo Tomas (B),14,NAPOLIZ
2024-05-15,UST Tiger Front and Back Graphic (W),2,NAPOLIZ
2024-05-15,Wind Breaker,3,NAPOLIZ
2024-05-15,Sticker,6,TET AND DARS
2024-05-15,Eco Bag CGEEE!,1,USTORE
2024-05-15,Keychain,12,USTORE
2024-05-15,Lanyard,13,USTORE
2024-05-15,Sash Big,1,USTORE
2024-05-15,Sash Small,1,USTORE
2024-05-15,Tiger Stuff Toy Small Grad,5,USTORE
2024-05-15,Umb (One For UST),1,USTORE
2024-05-15,Lanyard,1,VARSITY LIFE STYLE
2024-05-15,Long Sticker,1,VARSITY LIFE STYLE
2024-05-15,Scarves,2,VARSITY LIFE STYLE
2024-05-15,Shirts,4,VARSITY LIFE STYLE
2024-05-16,Subli. Shirt,2,CENTRAL SEMINARY
2024-05-16,Tiger Shirt,1,IPEA
2024-05-16,UST OAT Hoodie Jacket,1,JUC
2024-05-16,UST OAT MUG,5,JUC
2024-05-16,UST OAT MUG (WE) Inside,11,JUC
2024-05-16,UST T-Shirt Sports,3,JUC
2024-05-16,UST T-Shirt Tiger Pattern,1,JUC
2024-05-16,Jacket,1,JYL
2024-05-16,VB Jersey w/o sig.,3,JYL
2024-05-16,Front Tiger Hoodie,1,NAPOLIZ
2024-05-16,Script Santo Tomas with Tiger Back (B),2,NAPOLIZ
2024-05-16,Side Tiger Hoodie,1,NAPOLIZ
2024-05-16,University of Santo Tomas (B),4,NAPOLIZ
2024-05-16,White Tote Bag,1,NAPOLIZ
2024-05-16,Wind Breaker,4,NAPOLIZ
2024-05-16,Arch,5,TET AND DARS
2024-05-16,Eco Bag,30,TET AND DARS
2024-05-16,Main Building,15,TET AND DARS
2024-05-16,Sticker,1,TET AND DARS
2024-05-16,Eco Bag CGEEE!,2,USTORE
2024-05-16,Keychain,10,USTORE
2024-05-16,Sash Small,2,USTORE
2024-05-16,Tiger Stuff Toy Small Grad,31,USTORE
2024-05-16,Tote (One For UST),3,USTORE
2024-05-16,Tote Bag Canvas White,4,USTORE
2024-05-16,Tumbler,7,USTORE
2024-05-16,Umb (One For UST),33,USTORE
2024-05-16,Baller,1,VARSITY LIFE STYLE
2024-05-16,Keychain,4,VARSITY LIFE STYLE
2024-05-17,Subli. Shirt,33,CENTRAL SEMINARY
2024-05-17,UST Happy Tiger,5,JUC
2024-05-17,UST OAT Hoodie Jacket,2,JUC
2024-05-17,UST OAT MUG,6,JUC
2024-05-17,UST OAT MUG (WE) Inside,2,JUC
2024-05-17,UST T-Shirt Sports,3,JUC
2024-05-17,UST T-Shirt Tiger Pattern,1,JUC
2024-05-17,Poloshirt 123456,2,JYL
2024-05-17,VB Jersey w/o sig.,1,JYL
2024-05-17,Front Tiger Hoodie,1,NAPOLIZ
2024-05-17,Script Santo Tomas with Tiger Back (B),2,NAPOLIZ
2024-05-17,University of Santo Tomas (B),6,NAPOLIZ
2024-05-17,White Tote Bag,3,NAPOLIZ
2024-05-17,Wind Breaker,1,NAPOLIZ
2024-05-17,Sticker,2,TET AND DARS
2024-05-17,Keychain,11,USTORE
2024-05-17,Lanyard,7,USTORE
2024-05-17,Sash Small,1,USTORE
2024-05-17,Shabby Hat,1,USTORE
2024-05-17,Tiger Stuff Toy Small Grad,8,USTORE
2024-05-17,Tote Bag Canvas White,4,USTORE
2024-05-17,Tumbler,10,USTORE
2024-05-17,Umb (One For UST),2,USTORE
2024-05-17,Baller,2,VARSITY LIFE STYLE
2024-05-17,Hoodie,2,VARSITY LIFE STYLE
2024-05-17,Keychain,2,VARSITY LIFE STYLE
2024-05-17,Lanyard,1,VARSITY LIFE STYLE
2024-05-17,Oversized Sweatshirt,2,VARSITY LIFE STYLE
2024-05-17,Scarves,1,VARSITY LIFE STYLE
2024-05-17,Shirts,1,VARSITY LIFE STYLE
2024-05-17,Varsity Jacket,2,VARSITY LIFE STYLE
2024-05-20,Polo Shirt,1,BLAZE
2024-05-20,Subli. Shirt,2,CENTRAL SEMINARY
2024-05-20,UST Happy Tiger,2,JUC
2024-05-20,UST OAT Hoodie Jacket,2,JUC
2024-05-20,UST OAT MUG (WE) Inside,2,JUC
2024-05-20,UST T-Shirt Sports,12,JUC
2024-05-20,UST T-Shirt Tiger Pattern,5,JUC
2024-05-20,Jacket,8,JYL
2024-05-20,Poloshirt 123456,1,JYL
2024-05-20,VB Jersey w/o sig.,1,JYL
2024-05-20,University of Santo Tomas (B),7,NAPOLIZ
2024-05-20,UST Tiger Front and Back Graphic (W),1,NAPOLIZ
2024-05-20,Wind Breaker,2,NAPOLIZ
2024-05-20,Eco Bag,4,TET AND DARS
2024-05-20,Sticker,3,TET AND DARS
2024-05-20,Keychain,20,USTORE
2024-05-20,Lanyard,10,USTORE
2024-05-20,Sash Small,4,USTORE
2024-05-20,Shabby Hat,1,USTORE
2024-05-20,Tiger Stuff Toy Small Grad,27,USTORE
2024-05-20,Tote (One For UST),2,USTORE
2024-05-20,Tote Bag Canvas White,1,USTORE
2024-05-20,Keychain,5,VARSITY LIFE STYLE
2024-05-20,Lanyard,2,VARSITY LIFE STYLE
2024-05-20,Long Sticker,1,VARSITY LIFE STYLE
2024-05-20,Shirts,1,VARSITY LIFE STYLE
2024-05-20,Sticker Pack,4,VARSITY LIFE STYLE
2024-05-21,Subli. Shirt,1,CENTRAL SEMINARY
2024-05-21,UST Happy Tiger,4,JUC
2024-05-21,UST OAT Hoodie Jacket,2,JUC
2024-05-21,UST OAT T-Shirt,3,JUC
2024-05-21,UST T-Shirt Sports,6,JUC
2024-05-21,UST T-Shirt Tiger Pattern,2,JUC
2024-05-21,GT Shirt,4,JYL
2024-05-21,Poloshirt 3 Colors,1,JYL
2024-05-21,Script Santo Tomas with Tiger Back (B),2,NAPOLIZ
2024-05-21,University of Santo Tomas (B),4,NAPOLIZ
2024-05-21,UST Tiger Front and Back Graphic (W),1,NAPOLIZ
2024-05-21,White Tote Bag,2,NAPOLIZ
2024-05-21,Wind Breaker,3,NAPOLIZ
2024-05-21,Eco Bag,3,TET AND DARS
2024-05-21,Main Building,1,TET AND DARS
2024-05-21,Sticker,1,TET AND DARS
2024-05-21,Keychain,5,USTORE
2024-05-21,Lanyard,5,USTORE
2024-05-21,Sash Small,1,USTORE
2024-05-21,Shabby Hat,2,USTORE
2024-05-21,Tiger Stuff Toy Small Grad,13,USTORE
2024-05-21,Umb (One For UST),2,USTORE
2024-05-21,Baller,1,VARSITY LIFE STYLE
2024-05-21,Caps,1,VARSITY LIFE STYLE
2024-05-22,Subli. Shirt,2,CENTRAL SEMINARY
2024-05-22,UST Happy Tiger,6,JUC
2024-05-22,UST OAT Hoodie Jacket,1,JUC
2024-05-22,UST T-Shirt Sports,1,JUC
2024-05-22,UST T-Shirt Tiger Pattern,2,JUC
2024-05-22,Jacket,2,JYL
2024-05-22,Poloshirt 123456,1,JYL
2024-05-22,Front Tiger Hoodie,1,NAPOLIZ
2024-05-22,Script Santo Tomas with Tiger Back (B),2,NAPOLIZ
2024-05-22,University of Santo Tomas (B),5,NAPOLIZ
2024-05-22,UST Tiger Front and Back Graphic (W),1,NAPOLIZ
2024-05-22,Eco Bag,2,TET AND DARS
2024-05-22,Keychain,6,USTORE
2024-05-22,Lanyard,5,USTORE
2024-05-22,Shabby Hat,3,USTORE
2024-05-22,Tiger Stuff Toy Small Grad,3,USTORE
2024-05-22,Tote (One For UST),2,USTORE
2024-05-22,Tote Bag Canvas White,1,USTORE
2024-05-22,Umb (One For UST),2,USTORE
2024-05-22,Keychain,2,VARSITY LIFE STYLE
2024-05-22,Shirts,4,VARSITY LIFE STYLE
2024-05-23,Polo Shirt,1,BLAZE
2024-05-23,Subli. Shirt,2,CENTRAL SEMINARY
2024-05-23,UST Happy Tiger,2,JUC
2024-05-23,UST OAT Hoodie Jacket,1,JUC
2024-05-23,UST OAT T-Shirt Colleges,3,JUC
2024-05-23,UST T-Shirt Sports,3,JUC
2024-05-23,UST T-Shirt Tiger Pattern,1,JUC
2024-05-23,VB Jersey w/o sig.,1,JYL
2024-05-23,University of Santo Tomas (B),2,NAPOLIZ
2024-05-23,Wind Breaker,1,NAPOLIZ
2024-05-23,Keychain,7,USTORE
2024-05-23,Lanyard,6,USTORE
2024-05-23,Sash Small,1,USTORE
2024-05-23,Tiger Stuff Toy Small Grad,7,USTORE
2024-05-23,Tote (One For UST),2,USTORE
2024-05-23,Baller,1,VARSITY LIFE STYLE
2024-05-23,Hoodie,1,VARSITY LIFE STYLE
2024-05-23,Sticker Pack,1,VARSITY LIFE STYLE
2024-05-24,Polo Shirt,2,BLAZE
2024-05-24,Subli. Shirt,4,CENTRAL SEMINARY
2024-05-24,UST Happy Tiger,3,JUC
2024-05-24,UST OAT Hoodie Jacket,2,JUC
2024-05-24,UST OAT T-Shirt Colleges,15,JUC
2024-05-24,UST T-Shirt Sports,2,JUC
2024-05-24,UST T-Shirt Tiger Pattern,1,JUC
2024-05-24,Jacket,2,JYL
2024-05-24,Poloshirt 3 Colors,1,JYL
2024-05-24,VB Jersey w/o sig.,1,JYL
2024-05-24,Side Tiger Hoodie,1,NAPOLIZ
2024-05-24,University of Santo Tomas (B),2,NAPOLIZ
2024-05-24,Arch,1,TET AND DARS
2024-05-24,Eco Bag,1,TET AND DARS
2024-05-24,Mug,5,TET AND DARS
2024-05-24,Eco Bag CGEEE!,1,USTORE
2024-05-24,Keychain,18,USTORE
2024-05-24,Lanyard,5,USTORE
2024-05-24,Sash Small,80,USTORE
2024-05-24,Tiger Stuff Toy Small Grad,4,USTORE
2024-05-24,Tote Bag Canvas White,1,USTORE
2024-05-24,Umb (One For UST),1,USTORE
2024-05-24,Baller,2,VARSITY LIFE STYLE
2024-05-24,Caps,1,VARSITY LIFE STYLE
2024-05-24,Oversized Sweatshirt,1,VARSITY LIFE STYLE
2024-05-27,Polo Shirt,4,BLAZE
2024-05-27,Subli. Shirt,3,CENTRAL SEMINARY
2024-05-27,UST Happy Tiger,6,JUC
2024-05-27,UST OAT Hoodie Jacket,4,JUC
2024-05-27,UST T-Shirt Sports,7,JUC
2024-05-27,UST T-Shirt Tiger Pattern,4,JUC
2024-05-27,Jacket,3,JYL
2024-05-27,VB Jersey w/o sig.,2,JYL
2024-05-27,University of Santo Tomas (B),2,NAPOLIZ
2024-05-27,UST Tiger Front and Back Graphic (W),1,NAPOLIZ
2024-05-27,White Tote Bag,1,NAPOLIZ
2024-05-27,Arch,1,TET AND DARS
2024-05-27,Eco Bag,2,TET AND DARS
2024-05-27,Keychain,1,TET AND DARS
2024-05-27,Mug,1,TET AND DARS
2024-05-27,Sticker,6,TET AND DARS
2024-05-27,Keychain,10,USTORE
2024-05-27,Lanyard,4,USTORE
2024-05-27,Sash Small,1,USTORE
2024-05-27,Tiger Stuff Toy Small Grad,15,USTORE
2024-05-27,Baller,1,VARSITY LIFE STYLE
2024-05-27,Keychain,2,VARSITY LIFE STYLE
2024-05-27,Long Sticker,2,VARSITY LIFE STYLE
2024-05-27,Scarves,1,VARSITY LIFE STYLE
2024-05-27,Shirts,1,VARSITY LIFE STYLE
2024-05-27,Sticker Pack,1,VARSITY LIFE STYLE
2024-05-28,Subli. Shirt,2,CENTRAL SEMINARY
2024-05-28,UST Happy Tiger,2,JUC
2024-05-28,UST T-Shirt Sports,5,JUC
2024-05-28,UST T-Shirt Tiger Pattern,1,JUC
2024-05-28,GT Shirt,1,JYL
2024-05-28,Jacket,3,JYL
2024-05-28,Poloshirt 123456,1,JYL
2024-05-28,Front Tiger Hoodie,1,NAPOLIZ
2024-05-28,University of Santo Tomas (B),2,NAPOLIZ
2024-05-28,UST Tiger Front and Back Graphic (W),2,NAPOLIZ
2024-05-28,Wind Breaker,1,NAPOLIZ
2024-05-28,Arch,3,TET AND DARS
2024-05-28,Eco Bag,2,TET AND DARS
2024-05-28,Keychain,4,TET AND DARS
2024-05-28,Sticker,5,TET AND DARS
2024-05-28,Keychain,8,USTORE
2024-05-28,Lanyard,6,USTORE
2024-05-28,Sash Small,4,USTORE
2024-05-28,Tiger Stuff Toy Small Grad,14,USTORE
2024-05-28,Tote (One For UST),1,USTORE
2024-05-28,Tote Bag Canvas White,1,USTORE
2024-05-28,Umb (One For UST),3,USTORE
2024-05-28,Keychain,1,VARSITY LIFE STYLE
2024-05-28,Lanyard,1,VARSITY LIFE STYLE
2024-05-28,Sticker Pack,1,VARSITY LIFE STYLE
2024-05-29,UST Happy Tiger,3,JUC
2024-05-29,UST T-Shirt Sports,3,JUC
2024-05-29,Jacket,1,JYL
2024-05-29,Poloshirt 3 Color,1,JYL
2024-05-29,University of Santo Tomas (B),2,NAPOLIZ
2024-05-29,Wind Breaker,4,NAPOLIZ
2024-05-29,Eco Bag,1,TET AND DARS
2024-05-29,Sticker,290,TET AND DARS
2024-05-29,Keychain,3,USTORE
2024-05-29,Lanyard,1,USTORE
2024-05-29,Shabby Hat,1,USTORE
2024-05-29,Tiger Stuff Toy Small Grad,5,USTORE
2024-05-29,Tote Bag Canvas White,290,USTORE
2024-05-29,Caps,1,VARSITY LIFE STYLE
2024-05-30,Subli. Shirt,1,CENTRAL SEMINARY
2024-05-30,UST OAT Hoodie Jacket,1,JUC
2024-05-30,UST OAT T-Shirt Colleges,3,JUC
2024-05-30,UST T-Shirt Happy Tiger,5,JUC
2024-05-30,UST T-Shirt Sports,5,JUC
2024-05-30,UST T-Shirt Tiger Pattern,1,JUC
2024-05-30,Jacket,1,JYL
2024-05-30,Script Santo Tomas with Tiger Back (B),2,NAPOLIZ
2024-05-30,University of Santo Tomas (B),3,NAPOLIZ
2024-05-30,Wind Breaker,2,NAPOLIZ
2024-05-30,Arch,4,TET AND DARS
2024-05-30,Keychain,2,TET AND DARS
2024-05-30,Keychain,5,USTORE
2024-05-30,Lanyard,1,USTORE
2024-05-30,Sash Small,4,USTORE
2024-05-30,Shabby Hat,1,USTORE
2024-05-30,Tiger Stuff Toy Small Grad,24,USTORE
2024-05-30,Tote (One For UST),2,USTORE
2024-05-30,Umb (One For UST),3,USTORE
2024-05-30,Keychain,2,VARSITY LIFE STYLE
2024-05-30,Sticker Pack,1,VARSITY LIFE STYLE
2024-05-31,Polo Shirt,1,BLAZE
2024-05-31,Subli. Shirt,6,CENTRAL SEMINARY
2024-05-31,UST OAT Hoodie Jacket,1,JUC
2024-05-31,UST OAT T-Shirt,14,JUC
2024-05-31,UST T-Shirt Happy Tiger,3,JUC
2024-05-31,UST T-Shirt Sports,5,JUC
2024-05-31,UST T-Shirt STS,1,JUC
2024-05-31,UST T-Shirt Tiger Pattern,1,JUC
2024-05-31,Jacket,2,JYL
2024-05-31,Poloshirt 123455,1,JYL
2024-05-31,Poloshirt 3 Colors,3,JYL
2024-05-31,VB Jersey w/o sig.,2,JYL
2024-05-31,Script Santo Tomas with Tiger Back (B),2,NAPOLIZ
2024-05-31,University of Santo Tomas (B),4,NAPOLIZ
2024-05-31,UST Tiger Front and Back Graphic (W),1,NAPOLIZ
2024-05-31,Wind Breaker,1,NAPOLIZ
2024-05-31,Arch,2,TET AND DARS
2024-05-31,Eco Bag,1,TET AND DARS
2024-05-31,Keychain,6,TET AND DARS
2024-05-31,Sticker,3,TET AND DARS
2024-05-31,Keychain,10,USTORE
2024-05-31,Lanyard,3,USTORE
2024-05-31,Sash Small,4,USTORE
2024-05-31,Shabby Hat,1,USTORE
2024-05-31,Tiger Stuff Toy Small Grad,27,USTORE
2024-05-31,Tote (One For UST),2,USTORE
2024-05-31,Tote Bag Canvas White,1,USTORE
2024-05-31,Umb (One For UST),3,USTORE
2024-05-31,Baller,10,VARSITY LIFE STYLE
2024-05-31,Keychain,1,VARSITY LIFE STYLE
2024-05-31,Long Sticker,2,VARSITY LIFE STYLE
2024-05-31,Sticker Pack,3,VARSITY LIFE STYLE
2024-08-06,UST College ID Lace,8,JUC
2024-08-06,UST OAT Hoodie Jacket,2,JUC
2024-08-06,UST OAT T-Shirt Y/B/COLLEGE,12,JUC
2024-08-06,UST T-Shirt Santo Tomas Shirt/UST T-Shirt Tiger Pattern/HAPPY,26,JUC
2024-08-06,UST T-Shirt Sporty,12,JUC
2024-08-06,Jacket,2,JYL ATHLETICA
2024-08-06,Poloshirt 123456 @860,2,JYL ATHLETICA
2024-08-06,VB Jersey without Sig @1500,2,JYL ATHLETICA
2024-08-06,Back pack,1,NAPOLIZ ENTERPRISES
2024-08-06,Hoodies Breaker,1,NAPOLIZ ENTERPRISES
2024-08-06,Laptop Bag,1,NAPOLIZ ENTERPRISES
2024-08-06,Shirts,23,NAPOLIZ ENTERPRISES
2024-08-06,Keychain,1,NEW TRENDS
2024-08-06,Long Sticker,5,NEW TRENDS
2024-08-06,Shirts,7,NEW TRENDS
2024-08-06,Eco Bag @80,1,TET AND DARS
2024-08-06,Pen @ 50,4,TET AND DARS
2024-08-06,Sticker @20,3,TET AND DARS
2024-08-06,C. Keychain,11,USTORE
2024-08-06,Eco Bag CGEEE!,4,USTORE
2024-08-06,Lanyard @180,3,USTORE
2024-08-06,Lanyard @190,7,USTORE
2024-08-06,New Tiger Plushie Big,2,USTORE
2024-08-06,New Tiger Plushie Small,1,USTORE
2024-08-06,Sash Small,2,USTORE
2024-08-06,Tote (One For UST),5,USTORE
2024-08-06,Tote Bag Canvas White,1,USTORE
2024-08-06,Umb (One For UST),1,USTORE
2024-08-09,Polo Shirt @800,1,BLAZE
2024-08-09,UST College ID Lace,2,JUC
2024-08-09,UST OAT T-Shirt Y/B/COLLEGE,3,JUC
2024-08-09,UST T-Shirt Santo Tomas Shirt/UST T-Shirt Tiger Pattern/HAPPY,5,JUC
2024-08-09,Jacket,6,JYL ATHLETICA
2024-08-09,Hoodies Breaker,2,NAPOLIZ ENTERPRISES
2024-08-09,Shirts,1,NAPOLIZ ENTERPRISES
2024-08-09,Varsity Jacket,1,NEW TRENDS
2024-08-09,C. Keychain,2,USTORE
2024-08-09,Eco Bag CGEEE!,6,USTORE
2024-08-09,Tumbler,6,USTORE
2024-08-09,Umb (One For UST),2,USTORE
2024-08-13,Polo Shirt @800,6,BLAZE
2024-08-13,IPEA Shirt,3,IPEA
2024-08-13,UST College ID Lace,19,JUC
2024-08-13,UST OAT Hoodie Jacket,5,JUC
2024-08-13,UST OAT T-Shirt Y/B/COLLEGE,36,JUC
2024-08-13,UST Sweatshirt Sporty,1,JUC
2024-08-13,UST T-Shirt Santo Tomas Shirt/UST T-Shirt Tiger Pattern/HAPPY,27,JUC
2024-08-13,UST T-Shirt Sporty,9,JUC
2024-08-13,BASE BALL SHIRT,3,JYL ATHLETICA
2024-08-13,Corp Jacket,6,JYL ATHLETICA
2024-08-13,Jacket,5,JYL ATHLETICA
2024-08-13,Poloshirt 123456 @860,5,JYL ATHLETICA
2024-08-13,VB Jersey without Sig @1500,3,JYL ATHLETICA
2024-08-13,Hoodies Breaker,8,NAPOLIZ ENTERPRISES
2024-08-13,Shirts,13,NAPOLIZ ENTERPRISES
2024-08-13,Long Sticker,3,NEW TRENDS
2024-08-13,Shirts,1,NEW TRENDS
2024-08-13,Varsity Jacket,3,NEW TRENDS
2024-08-13,Eco Bag @80,1,TET AND DARS
2024-08-13,Pen @ 50,5,TET AND DARS
2024-08-13,Pen @30,1,TET AND DARS
2024-08-13,Sticker @20,2,TET AND DARS
2024-08-13,C. Keychain,16,USTORE
2024-08-13,Lanyard @180,1,USTORE
2024-08-13,Lanyard @190,4,USTORE
2024-08-13,New Tiger Plushie Small,4,USTORE
2024-08-13,Sash Small,1,USTORE
2024-08-13,Tote (One For UST),4,USTORE
2024-08-13,Umb (One For UST),1,USTORE
2024-08-13,Utensil,1,USTORE
2024-08-16,Polo Shirt @800,4,BLAZE
2024-08-16,UST College ID Lace,16,JUC
2024-08-16,UST OAT Hoodie Jacket,1,JUC
2024-08-16,UST OAT T-Shirt Y/B/COLLEGE,28,JUC
2024-08-16,UST T-Shirt Santo Tomas Shirt/UST T-Shirt Tiger Pattern/HAPPY,23,JUC
2024-08-16,GT 375,1,JYL ATHLETICA
2024-08-16,Poloshirt 123456 @860,1,JYL ATHLETICA
2024-08-16,Poloshirt @800,2,JYL ATHLETICA
2024-08-16,Hoodies Breaker,5,NAPOLIZ ENTERPRISES
2024-08-16,Shirts,4,NAPOLIZ ENTERPRISES
2024-08-16,Caps,1,NEW TRENDS
2024-08-16,Long Sticker,4,NEW TRENDS
2024-08-16,Shirts,7,NEW TRENDS
2024-08-16,Keychain @160,9,TET AND DARS
2024-08-16,Mug @170,2,TET AND DARS
2024-08-16,C. Keychain,23,USTORE
2024-08-16,Lanyard @180,4,USTORE
2024-08-16,Lanyard @190,2,USTORE
2024-08-16,Sash Small,1,USTORE
2024-08-16,Shabby Hat,1,USTORE
2024-08-16,Tote (One For UST),4,USTORE
2024-08-16,Umb (One For UST),1,USTORE
2024-08-22,UST College ID Lace,3,JUC
2024-08-22,UST OAT T-Shirt Y/B/COLLEGE,1,JUC
2024-08-22,UST T-Shirt Santo Tomas Shirt/UST T-Shirt Tiger Pattern/HAPPY,1,JUC
2024-08-22,BASE BALL SHIRT,1,JYL ATHLETICA
2024-08-22,Jacket,1,JYL ATHLETICA
2024-08-22,Hoodies Breaker,1,NAPOLIZ ENTERPRISES
2024-08-22,Keychain @160,1,TET AND DARS
2024-08-22,C. Keychain,1,USTORE
2024-08-22,New Tiger Plushie Big,1,USTORE
2024-08-22,New Tiger Plushie Small,2,USTORE
2024-08-22,Tote (One For UST),3,USTORE
2024-08-22,Tote Bag Canvas White,1,USTORE
2024-09-17,Bomber Jacket,1,JUC
2024-09-17,UST College ID Lace,4,JUC
2024-09-17,UST OAT T-Shirt Y/B/COLLEGE,6,JUC
2024-09-17,UST T-Shirt Santo Tomas Shirt/UST T-Shirt Tiger Pattern/HAPPY,9,JUC
2024-09-17,UST T-Shirt Sporty,3,JUC
2024-09-17,Hoodies Breaker,2,NAPOLIZ ENTERPRISES
2024-09-17,Shirts,2,NAPOLIZ ENTERPRISES
2024-09-17,C. Keychain,1,USTORE
2024-09-17,Lanyard @180,10,USTORE
2024-09-17,Lanyard @190,2,USTORE
2024-09-17,New Tiger Plushie Big,1,USTORE
2024-09-17,Sash Small,2,USTORE
2024-09-17,Tote (One For UST),2,USTORE
2024-09-17,Umb (One For UST),1,USTORE
2024-09-18,Polo Shirt @800,6,BLAZE
2024-09-18,Bomber Jacket,1,JUC
2024-09-18,UST College ID Lace,5,JUC
2024-09-18,UST OAT T-Shirt Y/B/COLLEGE,6,JUC
2024-09-18,UST Sweatshirt Sporty,4,JUC
2024-09-18,UST T-Shirt Santo Tomas Shirt/UST T-Shirt Tiger Pattern/HAPPY,10,JUC
2024-09-18,UST T-Shirt Sporty,10,JUC
2024-09-18,Corp Jacket,2,JYL ATHLETICA
2024-09-18,VB Jersey without Sig @1500,1,JYL ATHLETICA
2024-09-18,Cane Umbrella,1,NAPOLIZ ENTERPRISES
2024-09-18,Hoodies Breaker,4,NAPOLIZ ENTERPRISES
2024-09-18,Arch @320,1,TET AND DARS
2024-09-18,Eco Bag @80,1,TET AND DARS
2024-09-18,Keychain @160,4,TET AND DARS
2024-09-18,Mug @170,35,TET AND DARS
2024-09-18,Mug @220,1,TET AND DARS
2024-09-18,Pen @ 50,1,TET AND DARS
2024-09-18,Sticker @ 120,1,TET AND DARS
2024-09-18,Sticker @20,1,TET AND DARS
2024-09-18,Auto Umbrella,3,USTORE
2024-09-18,C. Keychain,3,USTORE
2024-09-18,Lanyard @180,11,USTORE
2024-09-18,Lanyard @190,6,USTORE
2024-09-18,New Tiger Plushie Big,3,USTORE
2024-09-18,New Tiger Plushie Small,3,USTORE
2024-09-18,Tote (One For UST),2,USTORE
2024-09-18,Tote Bag Canvas White,1,USTORE
2024-09-18,Umb (One For UST),5,USTORE
2024-09-19,Polo Shirt @800,1,BLAZE
2024-09-19,Bomber Jacket,1,JUC
2024-09-19,UST College ID Lace,9,JUC
2024-09-19,UST OAT Hoodie Jacket,1,JUC
2024-09-19,UST OAT T-Shirt Y/B/COLLEGE,9,JUC
2024-09-19,UST Sweatshirt Sporty,4,JUC
2024-09-19,UST T-Shirt Santo Tomas Shirt/UST T-Shirt Tiger Pattern/HAPPY,5,JUC
2024-09-19,BASE BALL SHIRT,3,JYL ATHLETICA
2024-09-19,Corp Jacket,1,JYL ATHLETICA
2024-09-19,Jacket,1,JYL ATHLETICA
2024-09-19,Poloshirt @800,3,JYL ATHLETICA
2024-09-19,Baller,1,NEW TRENDS
2024-09-19,Shirts,2,NEW TRENDS
2024-09-19,Keychain @160,1,TET AND DARS
2024-09-19,Sticker @20,1,TET AND DARS
2024-09-19,Auto Umbrella,4,USTORE
2024-09-19,C. Keychain,9,USTORE
2024-09-19,Lanyard @180,22,USTORE
2024-09-19,Lanyard @190,1,USTORE
2024-09-19,New Tiger Plushie Big,2,USTORE
2024-09-19,Sash Small,1,USTORE
2024-09-19,Umb Old @250,6,USTORE
2024-10-01,Polo Shirt @800,1,BLAZE
2024-10-01,Bomber Jacket,2,JUC
2024-10-01,UST College ID Lace,9,JUC
2024-10-01,UST OAT Hoodie Jacket,6,JUC
2024-10-01,UST OAT T-Shirt Y/B/COLLEGE,14,JUC
2024-10-01,UST T-Shirt Santo Tomas Shirt/UST T-Shirt Tiger Pattern/HAPPY,16,JUC
2024-10-01,Jacket,3,JYL ATHLETICA
2024-10-01,Poloshirt 123456 @860,1,JYL ATHLETICA
2024-10-01,VB Jersey without Sig @1500,1,JYL ATHLETICA
2024-10-01,Double Canopy,1,NAPOLIZ ENTERPRISES
2024-10-01,Hoodies Breaker,2,NAPOLIZ ENTERPRISES
2024-10-01,Laptop Bag,1,NAPOLIZ ENTERPRISES
2024-10-01,Shirts,2,NAPOLIZ ENTERPRISES
2024-10-01,UST-Pen W/Box,1,NEW TRENDS
2024-10-01,Arch @320,1,TET AND DARS
2024-10-01,Eco Bag @80,1,TET AND DARS
2024-10-01,Keychain @160,4,TET AND DARS
2024-10-01,Mug @170,4,TET AND DARS
2024-10-01,Pen @30,6,TET AND DARS
2024-10-01,Sticker @ 120,1,TET AND DARS
2024-10-01,Sticker @20,2,TET AND DARS
2024-10-01,Auto Umbrella,1,USTORE
2024-10-01,C. Keychain,1,USTORE
2024-10-01,Lanyard @180,28,USTORE
2024-10-01,Lanyard @190,4,USTORE
2024-10-01,New Tiger Plushie Big,2,USTORE
2024-10-01,New Tiger Plushie Small,2,USTORE
2024-10-01,Sash Small,3,USTORE
2024-10-01,Tote (One For UST),1,USTORE
2024-10-01,Umb (One For UST),3,USTORE
2024-10-02,IPEA Shirt,1,IPEA
2024-10-02,Bomber Jacket,1,JUC
2024-10-02,UST College ID Lace,8,JUC
2024-10-02,UST OAT Hoodie Jacket,2,JUC
2024-10-02,UST OAT MUG (W inside),4,JUC
2024-10-02,UST OAT T-Shirt Y/B/COLLEGE,5,JUC
2024-10-02,UST T-Shirt Santo Tomas Shirt/UST T-Shirt Tiger Pattern/HAPPY,12,JUC
2024-10-02,BASE BALL SHIRT,3,JYL ATHLETICA
2024-10-02,Jacket,3,JYL ATHLETICA
2024-10-02,Poloshirt 123456 @860,1,JYL ATHLETICA
2024-10-02,Poloshirt @800,2,JYL ATHLETICA
2024-10-02,VB Jersey without Sig @2000,1,JYL ATHLETICA
2024-10-02,Hoodies Breaker,8,NAPOLIZ ENTERPRISES
2024-10-02,Sling Bag,1,NAPOLIZ ENTERPRISES
2024-10-02,Keychain @160,3,TET AND DARS
2024-10-02,Mug @170,3,TET AND DARS
2024-10-02,Pen @30,2,TET AND DARS
2024-10-02,Sticker @ 120,2,TET AND DARS
2024-10-02,Sticker @20,2,TET AND DARS
2024-10-02,Auto Umbrella,2,USTORE
2024-10-02,C. Keychain,7,USTORE
2024-10-02,Lanyard @180,15,USTORE
2024-10-02,Lanyard @190,5,USTORE
2024-10-02,New Tiger Plushie Big,2,USTORE
2024-10-02,Sash Small,2,USTORE
2024-10-02,Tote (One For UST),1,USTORE
2024-10-02,Tote Bag Canvas White,1,USTORE
2024-10-02,Umb (One For UST),7,USTORE
2024-10-03,Polo Shirt @800,4,BLAZE
2024-10-03,UST College ID Lace,9,JUC
2024-10-03,UST OAT Hoodie Jacket,3,JUC
2024-10-03,UST OAT T-Shirt Y/B/COLLEGE,5,JUC
2024-10-03,UST Sweatshirt Sporty,1,JUC
2024-10-03,UST T-Shirt Santo Tomas Shirt/UST T-Shirt Tiger Pattern/HAPPY,20,JUC
2024-10-03,UST T-Shirt Sporty,10,JUC
2024-10-03,BASE BALL SHIRT,5,JYL ATHLETICA
2024-10-03,Corp Jacket,3,JYL ATHLETICA
2024-10-03,Poloshirt 123456 @860,4,JYL ATHLETICA
2024-10-03,Poloshirt @800,2,JYL ATHLETICA
2024-10-03,Double Canopy,1,NAPOLIZ ENTERPRISES
2024-10-03,Hoodies Breaker,6,NAPOLIZ ENTERPRISES
2024-10-03,Varsity Jacket,1,NEW TRENDS
2024-10-03,Eco Bag @80,2,TET AND DARS
2024-10-03,Keychain @160,8,TET AND DARS
2024-10-03,Pen @30,5,TET AND DARS
2024-10-03,Sticker @ 120,12,TET AND DARS
2024-10-03,Sticker @20,1,TET AND DARS
2024-10-03,Auto Umbrella,3,USTORE
2024-10-03,C. Keychain,13,USTORE
2024-10-03,Lanyard @180,41,USTORE
2024-10-03,Lanyard @190,4,USTORE
2024-10-03,New Tiger Plushie Big,3,USTORE
2024-10-03,New Tiger Plushie Small,2,USTORE
2024-10-03,Shabby Hat,2,USTORE
2024-10-03,Tote (One For UST),1,USTORE
2024-10-03,Tote Bag Canvas White,3,USTORE
2024-10-03,Umb (One For UST),7,USTORE
2024-10-04,Polo Shirt @800,1,BLAZE
2024-10-04,UST OAT Hoodie Jacket,1,JUC
2024-10-04,UST OAT T-Shirt Y/B/COLLEGE,1,JUC
2024-10-04,UST Sweatshirt Sporty,3,JUC
2024-10-04,UST T-Shirt Sporty,4,JUC
2024-10-04,BASE BALL SHIRT,2,JYL ATHLETICA
2024-10-04,Jacket,3,JYL ATHLETICA
2024-10-04,Poloshirt 123456 @860,3,JYL ATHLETICA
2024-10-04,Hoodies Breaker,1,NAPOLIZ ENTERPRISES
2024-10-04,C. Keychain,2,USTORE
2024-10-04,Lanyard @180,1,USTORE
2024-10-04,Lanyard @190,2,USTORE
2024-10-04,New Tiger Plushie Small,4,USTORE
2024-10-04,Sash Small,2,USTORE
2024-10-04,Shabby Hat,3,USTORE
2024-10-04,Umb (One For UST),1,USTORE
2024-10-07,UST College ID Lace,4,JUC
2024-10-07,UST OAT T-Shirt Y/B/COLLEGE,8,JUC
2024-10-07,UST Sweatshirt Sporty,3,JUC
2024-10-07,UST T-Shirt Santo Tomas Shirt/UST T-Shirt Tiger Pattern/HAPPY,9,JUC
2024-10-07,UST T-Shirt Sporty,4,JUC
2024-10-07,BASE BALL SHIRT,2,JYL ATHLETICA
2024-10-07,Hoodies Breaker,4,NAPOLIZ ENTERPRISES
2024-10-07,Laptop Bag,1,NAPOLIZ ENTERPRISES
2024-10-07,Sling Bag,1,NAPOLIZ ENTERPRISES
2024-10-07,Hoodie,2,NEW TRENDS
2024-10-07,Scarves,1,NEW TRENDS
2024-10-07,Shirts,1,NEW TRENDS
2024-10-07,Keychain @160,3,TET AND DARS
2024-10-07,Pen @30,5,TET AND DARS
2024-10-07,Sticker @ 120,1,TET AND DARS
2024-10-07,Sticker @20,6,TET AND DARS
2024-10-07,C. Keychain,8,USTORE
2024-10-07,Lanyard @180,35,USTORE
2024-10-07,Lanyard @190,5,USTORE
2024-10-07,New Tiger Plushie Big,1,USTORE
2024-10-07,Shabby Hat,1,USTORE
2024-10-07,Umb (One For UST),2,USTORE
2024-10-08,Polo Shirt @800,1,BLAZE
2024-10-08,Bomber Jacket,2,JUC
2024-10-08,UST College ID Lace,6,JUC
2024-10-08,UST OAT T-Shirt Y/B/COLLEGE,15,JUC
2024-10-08,UST Sweatshirt Sporty,3,JUC
2024-10-08,UST T-Shirt Santo Tomas Shirt/UST T-Shirt Tiger Pattern/HAPPY,8,JUC
2024-10-08,UST T-Shirt Sporty,10,JUC
2024-10-08,BASE BALL SHIRT,4,JYL ATHLETICA
2024-10-08,Jacket,4,JYL ATHLETICA
2024-10-08,Poloshirt 123456 @860,2,JYL ATHLETICA
2024-10-08,VB Jersey without Sig @1500,1,JYL ATHLETICA
2024-10-08,Hoodies Breaker,3,NAPOLIZ ENTERPRISES
2024-10-08,Shirts,1,NAPOLIZ ENTERPRISES
2024-10-08,Oversized Sweatshirt,1,NEW TRENDS
2024-10-08,Shirts,1,NEW TRENDS
2024-10-08,UST-Pen W/Box,1,NEW TRENDS
2024-10-08,Keychain @160,28,TET AND DARS
2024-10-08,Pen @30,6,TET AND DARS
2024-10-08,Sticker @20,3,TET AND DARS
2024-10-08,C. Keychain,13,USTORE
2024-10-08,Lanyard @180,32,USTORE
2024-10-08,Lanyard @190,8,USTORE
2024-10-08,New Tiger Plushie Big,1,USTORE
2024-10-08,New Tiger Plushie Small,3,USTORE
2024-10-08,Sash Small,1,USTORE
2024-10-08,Shabby Hat,1,USTORE
2024-10-08,Tote (One For UST),3,USTORE
2024-10-08,Umb (One For UST),5,USTORE
2024-10-08,Utensil,1,USTORE
2024-10-09,Polo Shirt @800,2,BLAZE
2024-10-09,UST College ID Lace,18,JUC
2024-10-09,UST OAT T-Shirt Y/B/COLLEGE,2,JUC
2024-10-09,UST Sweatshirt Sporty,2,JUC
2024-10-09,UST T-Shirt Santo Tomas Shirt/UST T-Shirt Tiger Pattern/HAPPY,7,JUC
2024-10-09,UST T-Shirt Sporty,5,JUC
2024-10-09,BASE BALL SHIRT,1,JYL ATHLETICA
2024-10-09,Corp Jacket,1,JYL ATHLETICA
2024-10-09,Jacket,2,JYL ATHLETICA
2024-10-09,Poloshirt 123456 @860,4,JYL ATHLETICA
2024-10-09,Hoodies Breaker,4,NAPOLIZ ENTERPRISES
2024-10-09,Shirts,2,NAPOLIZ ENTERPRISES
2024-10-09,Long Sticker,1,NEW TRENDS
2024-10-09,Eco Bag @ 130,2,TET AND DARS
2024-10-09,Eco Bag @80,18,TET AND DARS
2024-10-09,Keychain @160,4,TET AND DARS
2024-10-09,Mug @170,15,TET AND DARS
2024-10-09,Pen @30,15,TET AND DARS
2024-10-09,Sticker @ 120,2,TET AND DARS
2024-10-09,C. Keychain,6,USTORE
2024-10-09,Lanyard @180,18,USTORE
2024-10-09,Lanyard @190,2,USTORE
2024-10-09,New Tiger Plushie Small,2,USTORE
2024-10-09,Sash Small,1,USTORE
2024-10-09,Shabby Hat,1,USTORE
2024-10-09,Tiger BUNDLE,1,USTORE
2024-10-09,Umb (One For UST),2,USTORE
2024-10-09,Utensil,15,USTORE
2024-10-10,Polo Shirt @800,3,BLAZE
2024-10-10,Bomber Jacket,1,JUC
2024-10-10,UST College ID Lace,4,JUC
2024-10-10,UST OAT Hoodie Jacket,3,JUC
2024-10-10,UST OAT T-Shirt Y/B/COLLEGE,8,JUC
2024-10-10,UST Sweatshirt Sporty,2,JUC
2024-10-10,UST T-Shirt Santo Tomas Shirt/UST T-Shirt Tiger Pattern/HAPPY,4,JUC
2024-10-10,UST T-Shirt Sporty,10,JUC
2024-10-10,BASE BALL SHIRT,5,JYL ATHLETICA
2024-10-10,Corp Jacket,2,JYL ATHLETICA
2024-10-10,Jacket,3,JYL ATHLETICA
2024-10-10,Poloshirt 123456 @860,1,JYL ATHLETICA
2024-10-10,VB Jersey without Sig @1500,1,JYL ATHLETICA
2024-10-10,Hoodies Breaker,6,NAPOLIZ ENTERPRISES
2024-10-10,Arch @320,2,TET AND DARS
2024-10-10,Keychain @160,5,TET AND DARS
2024-10-10,Pen @30,14,TET AND DARS
2024-10-10,Sticker @20,1,TET AND DARS
2024-10-10,C. Keychain,16,USTORE
2024-10-10,Lanyard @180,32,USTORE
2024-10-10,Lanyard @190,5,USTORE
2024-10-10,New Tiger Plushie Small,6,USTORE
2024-10-10,Sash Small,1,USTORE
2024-10-10,Tote (One For UST),3,USTORE
2024-10-10,Tote Bag Canvas White,1,USTORE
2024-10-10,Umb (One For UST),7,USTORE
2024-10-11,Polo Shirt @800,5,BLAZE
2024-10-11,Bomber Jacket,1,JUC
2024-10-11,UST College ID Lace,4,JUC
2024-10-11,UST OAT Hoodie Jacket,2,JUC
2024-10-11,UST OAT T-Shirt Y/B/COLLEGE,14,JUC
2024-10-11,UST Sweatshirt Sporty,1,JUC
2024-10-11,UST T-Shirt Santo Tomas Shirt/UST T-Shirt Tiger Pattern/HAPPY,17,JUC
2024-10-11,UST T-Shirt Sporty,11,JUC
2024-10-11,BASE BALL SHIRT,1,JYL ATHLETICA
2024-10-11,Jacket,1,JYL ATHLETICA
2024-10-11,Poloshirt @800,2,JYL ATHLETICA
2024-10-11,VB Jersey without Sig @1500,1,JYL ATHLETICA
2024-10-11,Hoodies Breaker,4,NAPOLIZ ENTERPRISES
2024-10-11,Shirts,1,NAPOLIZ ENTERPRISES
2024-10-11,Hoodie,1,NEW TRENDS
2024-10-11,Long Sticker,2,NEW TRENDS
2024-10-11,Oversized Sweatshirt,1,NEW TRENDS
2024-10-11,Shirts,1,NEW TRENDS
2024-10-11,UST-Pen W/Box,1,NEW TRENDS
2024-10-11,Arch @320,1,TET AND DARS
2024-10-11,Keychain @160,4,TET AND DARS
2024-10-11,Mug @170,1,TET AND DARS
2024-10-11,Sticker @20,1,TET AND DARS
2024-10-11,C. Keychain,7,USTORE
2024-10-11,Lanyard @180,30,USTORE
2024-10-11,Lanyard @190,3,USTORE
2024-10-11,New Tiger Plushie Small,1,USTORE
2024-10-11,Sash Small,2,USTORE
2024-10-11,Shabby Hat,2,USTORE
2024-10-11,Tiger BUNDLE,1,USTORE
2024-10-11,Tote (One For UST),5,USTORE
2024-10-11,Umb (One For UST),3,USTORE
2024-10-16,Polo Shirt @800,1,BLAZE
2024-10-16,UST College ID Lace,16,JUC
2024-10-16,UST OAT MUG (W inside),13,JUC
2024-10-16,UST OAT T-Shirt Y/B/COLLEGE,16,JUC
2024-10-16,UST Sweatshirt Sporty,1,JUC
2024-10-16,UST T-Shirt Santo Tomas Shirt/UST T-Shirt Tiger Pattern/HAPPY,9,JUC
2024-10-16,UST T-Shirt Sporty,6,JUC
2024-10-16,BASE BALL SHIRT,3,JYL ATHLETICA
2024-10-16,Jacket,1,JYL ATHLETICA
2024-10-16,Poloshirt @800,2,JYL ATHLETICA
2024-10-16,Hoodies Breaker,4,NAPOLIZ ENTERPRISES
2024-10-16,Laptop Bag,1,NAPOLIZ ENTERPRISES
2024-10-16,Arch @320,1,TET AND DARS
2024-10-16,Eco Bag @80,1,TET AND DARS
2024-10-16,Keychain @160,3,TET AND DARS
2024-10-16,Mug @170,16,TET AND DARS
2024-10-16,Pen @30,2,TET AND DARS
2024-10-16,C. Keychain,2,USTORE
2024-10-16,New Tiger Plushie Big,5,USTORE
2024-10-16,New Tiger Plushie Small,10,USTORE
2024-10-16,Tote (One For UST),62,USTORE
2024-10-16,Umb (One For UST),1,USTORE
2024-10-17,Polo Shirt @800,5,BLAZE
2024-10-17,UST College ID Lace,12,JUC
2024-10-17,UST OAT Hoodie Jacket,3,JUC
2024-10-17,UST OAT MUG (W inside),1,JUC
2024-10-17,UST OAT T-Shirt Y/B/COLLEGE,16,JUC
2024-10-17,UST Sweatshirt Sporty,6,JUC
2024-10-17,UST T-Shirt Santo Tomas Shirt/UST T-Shirt Tiger Pattern/HAPPY,6,JUC
2024-10-17,UST T-Shirt Sporty,12,JUC
2024-10-17,BASE BALL SHIRT,10,JYL ATHLETICA
2024-10-17,Jacket,1,JYL ATHLETICA
2024-10-17,VB Jersey without Sig @1500,3,JYL ATHLETICA
2024-10-17,Hoodies Breaker,8,NAPOLIZ ENTERPRISES
2024-10-17,Shirts,1,NAPOLIZ ENTERPRISES
2024-10-17,Shirts,3,NEW TRENDS
2024-10-17,Sticker Pack,1,NEW TRENDS
2024-10-17,UST-Pen W/Box,1,NEW TRENDS
2024-10-17,Varsity Jacket,1,NEW TRENDS
2024-10-17,Arch @320,4,TET AND DARS
2024-10-17,Keychain @160,16,TET AND DARS
2024-10-17,Pen @30,12,TET AND DARS
2024-10-17,Sticker @ 120,1,TET AND DARS
2024-10-17,Sticker @20,5,TET AND DARS
2024-10-17,C. Keychain,11,USTORE
2024-10-17,Lanyard @180,5,USTORE
2024-10-17,Lanyard @190,30,USTORE
2024-10-17,New Tiger Plushie Big,6,USTORE
2024-10-17,New Tiger Plushie Small,7,USTORE
2024-10-17,Sash Big,1,USTORE
2024-10-17,Sash Small,3,USTORE
2024-10-17,Shabby Hat,4,USTORE
2024-10-17,Tiger BUNDLE,1,USTORE
2024-10-17,Tote (One For UST),2,USTORE
2024-10-17,Tote Bag Canvas White,1,USTORE
2024-10-17,Umb (One For UST),1,USTORE
2024-10-18,Polo Shirt @800,6,BLAZE
2024-10-18,UST College ID Lace,4,JUC
2024-10-18,UST OAT Hoodie Jacket,1,JUC
2024-10-18,UST OAT MUG (W inside),2,JUC
2024-10-18,UST OAT T-Shirt Y/B/COLLEGE,27,JUC
2024-10-18,UST T-Shirt Santo Tomas Shirt/UST T-Shirt Tiger Pattern/HAPPY,24,JUC
2024-10-18,UST T-Shirt Sporty,18,JUC
2024-10-18,BASE BALL SHIRT,1,JYL ATHLETICA
2024-10-18,Corp Jacket,3,JYL ATHLETICA
2024-10-18,Jacket,1,JYL ATHLETICA
2024-10-18,Poloshirt @800,1,JYL ATHLETICA
2024-10-18,VB Jersey without Sig @1500,1,JYL ATHLETICA
2024-10-18,Double Canopy,2,NAPOLIZ ENTERPRISES
2024-10-18,Hoodies Breaker,5,NAPOLIZ ENTERPRISES
2024-10-18,Laptop Bag,1,NAPOLIZ ENTERPRISES
2024-10-18,Shirts,5,NEW TRENDS
2024-10-18,UST-Pen W/Box,3,NEW TRENDS
2024-10-18,Arch @320,1,TET AND DARS
2024-10-18,Eco Bag @80,4,TET AND DARS
2024-10-18,Keychain @160,6,TET AND DARS
2024-10-18,Mug @170,3,TET AND DARS
2024-10-18,Pen @30,16,TET AND DARS
2024-10-18,Sticker @ 120,4,TET AND DARS
2024-10-18,Sticker @20,8,TET AND DARS
2024-10-18,C. Keychain,13,USTORE
2024-10-18,Lanyard @180,32,USTORE
2024-10-18,Lanyard @190,7,USTORE
2024-10-18,New Tiger Plushie Big,2,USTORE
2024-10-18,New Tiger Plushie Small,7,USTORE
2024-10-18,Sash Small,3,USTORE
2024-10-18,Shabby Hat,1,USTORE
2024-10-18,Tiger BUNDLE,1,USTORE
2024-10-18,Tote (One For UST),5,USTORE
2024-10-18,Umb (One For UST),5,USTORE
2024-10-19,Polo Shirt @800,2,BLAZE
2024-10-19,UST College ID Lace,1,JUC
2024-10-19,UST OAT T-Shirt Y/B/COLLEGE,27,JUC
2024-10-19,UST Sweatshirt Sporty,10,JUC
2024-10-19,UST T-Shirt Santo Tomas Shirt/UST T-Shirt Tiger Pattern/HAPPY,37,JUC
2024-10-19,UST T-Shirt Sporty,33,JUC
2024-10-19,BASE BALL SHIRT,4,JYL ATHLETICA
2024-10-19,Corp Jacket,3,JYL ATHLETICA
2024-10-19,Jacket,1,JYL ATHLETICA
2024-10-19,Poloshirt @800,6,JYL ATHLETICA
2024-10-19,Double Canopy,1,NAPOLIZ ENTERPRISES
2024-10-19,Hoodies Breaker,12,NAPOLIZ ENTERPRISES
2024-10-19,Shirts,2,NEW TRENDS
2024-10-19,UST-Pen W/Box,1,NEW TRENDS
2024-10-19,Arch @320,2,TET AND DARS
2024-10-19,Eco Bag @80,1,TET AND DARS
2024-10-19,Keychain @160,16,TET AND DARS
2024-10-19,Mug @170,6,TET AND DARS
2024-10-19,Pen @30,28,TET AND DARS
2024-10-19,Sticker @ 120,2,TET AND DARS
2024-10-19,Sticker @20,4,TET AND DARS
2024-10-19,C. Keychain,3,USTORE
2024-10-19,Lanyard @180,34,USTORE
2024-10-19,Lanyard @190,8,USTORE
2024-10-19,New Tiger Plushie Big,3,USTORE
2024-10-19,New Tiger Plushie Small,8,USTORE
2024-10-19,Sash Big,2,USTORE
2024-10-19,Sash Small,2,USTORE
2024-10-19,Shabby Hat,2,USTORE
2024-10-19,Tiger BUNDLE,1,USTORE
2024-10-19,Tote (One For UST),3,USTORE
2024-10-19,Utensil,14,USTORE
2024-10-20,Polo Shirt @800,7,BLAZE
2024-10-20,Bomber Jacket,15,JUC
2024-10-20,UST OAT Hoodie Jacket,6,JUC
2024-10-20,UST OAT T-Shirt Y/B/COLLEGE,34,JUC
2024-10-20,UST Sweatshirt Sporty,8,JUC
2024-10-20,UST T-Shirt Santo Tomas Shirt/UST T-Shirt Tiger Pattern/HAPPY,106,JUC
2024-10-20,UST T-Shirt Sporty,30,JUC
2024-10-20,BASE BALL SHIRT,9,JYL ATHLETICA
2024-10-20,Jacket,21,JYL ATHLETICA
2024-10-20,Poloshirt 123456 @860,1,JYL ATHLETICA
2024-10-20,VB Jersey without Sig @1500,2,JYL ATHLETICA
2024-10-20,Double Canopy,8,NAPOLIZ ENTERPRISES
2024-10-20,Hoodies Breaker,13,NAPOLIZ ENTERPRISES
2024-10-20,Lanyard,9,NEW TRENDS
2024-10-20,New GT Shirts,4,NEW TRENDS
2024-10-20,Shirts,20,NEW TRENDS
2024-10-20,Varsity Jacket,1,NEW TRENDS
2024-10-20,VL Sticker Pack,12,NEW TRENDS
2024-10-20,Keychain @160,36,TET AND DARS
2024-10-20,Pen @30,39,TET AND DARS
2024-10-20,Sticker @ 120,7,TET AND DARS
2024-10-20,Sticker @20,7,TET AND DARS
2024-10-20,C. Keychain,45,USTORE
2024-10-20,Lanyard @180,60,USTORE
2024-10-20,Lanyard @190,27,USTORE
2024-10-20,New Tiger Plushie Big,13,USTORE
2024-10-20,New Tiger Plushie Small,26,USTORE
2024-10-20,Sash Small,3,USTORE
2024-10-20,Shabby Hat,15,USTORE
2024-10-20,Tiger BUNDLE,5,USTORE
2024-10-20,Tote (One For UST),21,USTORE
2024-10-20,Tote Bag Canvas White,24,USTORE
2024-10-20,Umb (One For UST),26,USTORE
2024-10-20,Utensil,4,USTORE
2024-11-03,UST OAT T-Shirt Y/B/COLLEGE,6,JUC
2024-11-03,UST Sweatshirt Sporty,3,JUC
2024-11-03,UST T-Shirt Santo Tomas Shirt/UST T-Shirt Tiger Pattern/HAPPY,7,JUC
2024-11-03,UST T-Shirt Sporty,1,JUC
2024-11-03,BASE BALL SHIRT,2,JYL ATHLETICA
2024-11-03,Jacket,1,JYL ATHLETICA
2024-11-03,Hoodies Breaker,3,NAPOLIZ
2024-11-03,Shirts,2,NEW TRENDS
2024-11-03,Pen @30,2,TET AND DARS
2024-11-03,C. Keychain,2,USTORE
2024-11-03,Lanyard @180,2,USTORE
2024-11-03,Lanyard @190,2,USTORE
2024-11-03,New Tiger Plushie Small,3,USTORE
2024-11-03,Sash Big,1,USTORE
2024-11-03,Shabby Hat,1,USTORE
2024-11-03,Tote Bag Canvas White,2,USTORE
2024-11-03,Umb (One For UST),2,USTORE
2024-11-04,Polo Shirt @800,2,BLAZE
2024-11-04,Bomber Jacket,1,JUC
2024-11-04,UST College ID Lace,2,JUC
2024-11-04,UST OAT T-Shirt Y/B/COLLEGE,9,JUC
2024-11-04,UST Sweatshirt Sporty,1,JUC
2024-11-04,UST T-Shirt Santo Tomas Shirt/UST T-Shirt Tiger Pattern/HAPPY,13,JUC
2024-11-04,UST T-Shirt Sporty,3,JUC
2024-11-04,BASE BALL SHIRT,1,JYL ATHLETICA
2024-11-04,Poloshirt @800,2,JYL ATHLETICA
2024-11-04,VB Jersey without Sig @1500,1,JYL ATHLETICA
2024-11-04,Double Canopy,4,NAPOLIZ
2024-11-04,Hoodies Breaker,6,NAPOLIZ
2024-11-04,Hoodie,1,NEW TRENDS
2024-11-04,Keychain @160,7,TET AND DARS
2024-11-04,Mug @170,3,TET AND DARS
2024-11-04,Pen @30,14,TET AND DARS
2024-11-04,C. Keychain,3,USTORE
2024-11-04,Lanyard @180,10,USTORE
2024-11-04,Lanyard @190,5,USTORE
2024-11-04,New Tiger Plushie Small,3,USTORE
2024-11-04,Tote (One For UST),3,USTORE
2024-11-04,Tote Bag Canvas White,1,USTORE
2024-11-04,Umb (One For UST),4,USTORE
2024-11-05,Polo Shirt @800,6,BLAZE
2024-11-05,UST College ID Lace,1,JUC
2024-11-05,UST OAT T-Shirt Y/B/COLLEGE,3,JUC
2024-11-05,UST Sweatshirt Sporty,2,JUC
2024-11-05,UST T-Shirt Santo Tomas Shirt/UST T-Shirt Tiger Pattern/HAPPY,4,JUC
2024-11-05,UST T-Shirt Sporty,6,JUC
2024-11-05,BASE BALL SHIRT,4,JYL ATHLETICA
2024-11-05,Poloshirt 123456 @860,2,JYL ATHLETICA
2024-11-05,Hoodies Breaker,1,NAPOLIZ
2024-11-05,Long Sticker,1,NEW TRENDS
2024-11-05,UST-Pen W/Box,3,NEW TRENDS
2024-11-05,VL Sticker Pack,1,NEW TRENDS
2024-11-05,Keychain @160,3,TET AND DARS
2024-11-05,C. Keychain,8,USTORE
2024-11-05,Lanyard @180,17,USTORE
2024-11-05,Lanyard @190,3,USTORE
2024-11-05,New Tiger Plushie Big,1,USTORE
2024-11-05,New Tiger Plushie Small,3,USTORE
2024-11-05,Tote (One For UST),1,USTORE
2024-11-05,Tote Bag Canvas White,89,USTORE
2024-11-05,Umb (One For UST),7,USTORE
2024-11-06,Polo Shirt @800,9,BLAZE
2024-11-06,UST College ID Lace,2,JUC
2024-11-06,UST OAT T-Shirt Y/B/COLLEGE,14,JUC
2024-11-06,UST Sweatshirt Sporty,3,JUC
2024-11-06,UST T-Shirt Santo Tomas Shirt/UST T-Shirt Tiger Pattern/HAPPY,4,JUC
2024-11-06,UST T-Shirt Sporty,1,JUC
2024-11-06,Corp Jacket,2,JYL ATHLETICA
2024-11-06,Poloshirt @800,2,JYL ATHLETICA
2024-11-06,Hoodies Breaker,1,NAPOLIZ
2024-11-06,UST-Pen W/Box,2,NEW TRENDS
2024-11-06,Varsity Jacket,1,NEW TRENDS
2024-11-06,VL Sticker Pack,4,NEW TRENDS
2024-11-06,Arch @320,5,TET AND DARS
2024-11-06,Keychain @160,4,TET AND DARS
2024-11-06,Mug @170,3,TET AND DARS
2024-11-06,Pen @30,2,TET AND DARS
2024-11-06,Sticker @120,2,TET AND DARS
2024-11-06,C. Keychain,4,USTORE
2024-11-06,Lanyard @180,14,USTORE
2024-11-06,Lanyard @190,3,USTORE
2024-11-06,Sash Small,20,USTORE
2024-11-06,Shabby Hat,1,USTORE
2024-11-06,Tote (One For UST),2,USTORE
2024-11-06,Umb (One For UST),1,USTORE
2024-11-07,Polo Shirt @800,1,BLAZE
2024-11-07,UST College ID Lace,1,JUC
2024-11-07,UST OAT T-Shirt Y/B/COLLEGE,3,JUC
2024-11-07,UST Sweatshirt Sporty,3,JUC
2024-11-07,UST T-Shirt Santo Tomas Shirt/UST T-Shirt Tiger Pattern/HAPPY,12,JUC
2024-11-07,UST T-Shirt Sporty,8,JUC
2024-11-07,BASE BALL SHIRT,2,JYL ATHLETICA
2024-11-07,Corp Jacket,1,JYL ATHLETICA
2024-11-07,Jacket,2,JYL ATHLETICA
2024-11-07,Poloshirt 123456 @860,2,JYL ATHLETICA
2024-11-07,Double Canopy,1,NAPOLIZ
2024-11-07,Hoodies Breaker,1,NAPOLIZ
2024-11-07,Long Sticker,7,NEW TRENDS
2024-11-07,Shirts,2,NEW TRENDS
2024-11-07,UST-Pen W/Box,6,NEW TRENDS
2024-11-07,VL Sticker Pack,2,NEW TRENDS
2024-11-07,Keychain @160,5,TET AND DARS
2024-11-07,Mug @170,1,TET AND DARS
2024-11-07,Pen @30,1,TET AND DARS
2024-11-07,C. Keychain,1,USTORE
2024-11-07,Lanyard @180,15,USTORE
2024-11-07,Sash Small,1,USTORE
2024-11-07,Tote (One For UST),3,USTORE
2024-11-07,Tote Bag Canvas White,1,USTORE
2024-11-07,Umb (One For UST),1,USTORE
2024-11-08,Polo Shirt @800,1,BLAZE
2024-11-08,UST College ID Lace,1,JUC
2024-11-08,UST OAT T-Shirt Y/B/COLLEGE,11,JUC
2024-11-08,UST Sweatshirt Sporty,5,JUC
2024-11-08,UST T-Shirt Santo Tomas Shirt/UST T-Shirt Tiger Pattern/HAPPY,19,JUC
2024-11-08,UST T-Shirt Sporty,12,JUC
2024-11-08,BASE BALL SHIRT,7,JYL ATHLETICA
2024-11-08,Corp Jacket,2,JYL ATHLETICA
2024-11-08,Jacket,2,JYL ATHLETICA
2024-11-08,Poloshirt @800,1,JYL ATHLETICA
2024-11-08,VB Jersey without Sig @1500,1,JYL ATHLETICA
2024-11-08,Double Canopy,2,NAPOLIZ
2024-11-08,Hoodies Breaker,3,NAPOLIZ
2024-11-08,Shirts,1,NAPOLIZ
2024-11-08,Long Sticker,1,NEW TRENDS
2024-11-08,Shirts,1,NEW TRENDS
2024-11-08,VL Sticker Pack,7,NEW TRENDS
2024-11-08,Keychain @160,12,TET AND DARS
2024-11-08,Mug @170,2,TET AND DARS
2024-11-08,C. Keychain,12,USTORE
2024-11-08,Lanyard @180,28,USTORE
2024-11-08,New Tiger Plushie Small,1,USTORE
2024-11-08,Sash Small,3,USTORE
2024-11-08,Shabby Hat,4,USTORE
2024-11-08,Tiger BUNDLE,1,USTORE
2024-11-08,Tote (One For UST),3,USTORE
2024-11-08,Umb. Cane,2,USTORE
2024-11-08,Utensil,3,USTORE
2024-11-12,Bomber Jacket,3,JUC
2024-11-12,UST College ID Lace,20,JUC
2024-11-12,UST OAT Hoodie Jacket,3,JUC
2024-11-12,UST OAT T-Shirt Y/B/COLLEGE,10,JUC
2024-11-12,UST Sweatshirt Sporty,2,JUC
2024-11-12,UST T-Shirt Santo Tomas Shirt/UST T-Shirt Tiger Pattern/HAPPY,9,JUC
2024-11-12,UST T-Shirt Sporty,2,JUC
2024-11-12,BASE BALL SHIRT,3,JYL ATHLETICA
2024-11-12,Jacket,2,JYL ATHLETICA
2024-11-12,Poloshirt @800,4,JYL ATHLETICA
2024-11-12,Hoodies Breaker,8,NAPOLIZ
2024-11-12,Shirts,1,NAPOLIZ
2024-11-12,Varsity Jacket,1,NEW TRENDS
2024-11-12,Keychain @160,4,TET AND DARS
2024-11-12,Sticker @120,1,TET AND DARS
2024-11-12,Lanyard @180,20,USTORE
2024-11-12,Lanyard @190,9,USTORE
2024-11-12,Tote (One For UST),9,USTORE
2024-11-12,Tote Bag Canvas White,1,USTORE
2024-11-12,Umb (One For UST),1,USTORE
2024-11-13,UST College ID Lace,8,JUC
2024-11-13,UST OAT Hoodie Jacket,1,JUC
2024-11-13,UST OAT T-Shirt Y/B/COLLEGE,15,JUC
2024-11-13,UST Sweatshirt Sporty,1,JUC
2024-11-13,UST T-Shirt Santo Tomas Shirt/UST T-Shirt Tiger Pattern/HAPPY,10,JUC
2024-11-13,UST T-Shirt Sporty,9,JUC
2024-11-13,BASE BALL SHIRT,2,JYL ATHLETICA
2024-11-13,Corp Jacket,2,JYL ATHLETICA
2024-11-13,Jacket,2,JYL ATHLETICA
2024-11-13,Poloshirt 123456 @860,1,JYL ATHLETICA
2024-11-13,Poloshirt @800,1,JYL ATHLETICA
2024-11-13,Back pack,2,NAPOLIZ
2024-11-13,Hoodies Breaker,2,NAPOLIZ
2024-11-13,VL Sticker Pack,1,NEW TRENDS
2024-11-13,Arch @320,2,TET AND DARS
2024-11-13,Eco Bag @80,1,TET AND DARS
2024-11-13,Keychain @160,6,TET AND DARS
2024-11-13,Pen @30,4,TET AND DARS
2024-11-13,Sticker @120,1,TET AND DARS
2024-11-13,C. Keychain,2,USTORE
2024-11-13,Lanyard @180,16,USTORE
2024-11-13,Lanyard @190,1,USTORE
2024-11-13,New Tiger Plushie Big,1,USTORE
2024-11-13,New Tiger Plushie Small,5,USTORE
2024-11-13,Tiger BUNDLE,2,USTORE
2024-11-13,Tote (One For UST),33,USTORE
2024-11-13,Tote Bag Canvas White,1,USTORE
2024-11-14,Polo Shirt @800,1,BLAZE
2024-11-14,Bomber Jacket,1,JUC
2024-11-14,UST College ID Lace,14,JUC
2024-11-14,UST OAT T-Shirt Y/B/COLLEGE,2,JUC
2024-11-14,UST Sweatshirt Sporty,1,JUC
2024-11-14,UST T-Shirt Santo Tomas Shirt/UST T-Shirt Tiger Pattern/HAPPY,18,JUC
2024-11-14,UST T-Shirt Sporty,7,JUC
2024-11-14,BASE BALL SHIRT,1,JYL ATHLETICA
2024-11-14,Corp Jacket,2,JYL ATHLETICA
2024-11-14,Jacket,4,JYL ATHLETICA
2024-11-14,Poloshirt 123456 @860,1,JYL ATHLETICA
2024-11-14,VB Jersey without Sig @1500,1,JYL ATHLETICA
2024-11-14,Back pack,1,NAPOLIZ
2024-11-14,Hoodies Breaker,1,NAPOLIZ
2024-11-14,VL Sticker Pack,1,NEW TRENDS
2024-11-14,Keychain @160,4,TET AND DARS
2024-11-14,Pen @30,10,TET AND DARS
2024-11-14,Sticker @120,1,TET AND DARS
2024-11-14,C. Keychain,1,USTORE
2024-11-14,Kit Set,2,USTORE
2024-11-14,Lanyard @180,10,USTORE
2024-11-14,Lanyard @190,3,USTORE
2024-11-14,New Tiger Plushie Big,1,USTORE
2024-11-14,New Tiger Plushie Small,2,USTORE
2024-11-14,Tiger BUNDLE,1,USTORE
2024-11-15,Polo Shirt @800,4,BLAZE
2024-11-15,UST College ID Lace,10,JUC
2024-11-15,UST OAT T-Shirt Y/B/COLLEGE,3,JUC
2024-11-15,UST Sweatshirt Sporty,2,JUC
2024-11-15,UST T-Shirt Santo Tomas Shirt/UST T-Shirt Tiger Pattern/HAPPY,12,JUC
2024-11-15,UST T-Shirt Sporty,2,JUC
2024-11-15,BASE BALL SHIRT,3,JYL ATHLETICA
2024-11-15,Poloshirt 123456 @860,1,JYL ATHLETICA
2024-11-15,Poloshirt @800,2,JYL ATHLETICA
2024-11-15,Hoodies Breaker,2,NAPOLIZ
2024-11-15,VL Sticker Pack,1,NEW TRENDS
2024-11-15,Arch @320,1,TET AND DARS
2024-11-15,Keychain @160,5,TET AND DARS
2024-11-15,Pen @30,1,TET AND DARS
2024-11-15,Sticker @120,3,TET AND DARS
2024-11-15,Lanyard @180,17,USTORE
2024-11-15,Lanyard @190,1,USTORE
2024-11-15,New Tiger Plushie Small,4,USTORE
2024-11-15,Sash Small,1,USTORE
2024-11-15,Tote (One For UST),3,USTORE
2024-11-15,Tote Bag Canvas White,2,USTORE
2024-11-19,Polo Shirt @800,1,BLAZE
2024-11-19,Bomber Jacket,1,JUC
2024-11-19,UST College ID Lace,10,JUC
2024-11-19,UST OAT T-Shirt Y/B/COLLEGE,16,JUC
2024-11-19,UST Sweatshirt Sporty,1,JUC
2024-11-19,UST T-Shirt Santo Tomas Shirt/UST T-Shirt Tiger Pattern/HAPPY,2,JUC
2024-11-19,UST T-Shirt Sporty,1,JUC
2024-11-19,Hoodies Breaker,7,NAPOLIZ
2024-11-19,Shirts,1,NAPOLIZ
2024-11-19,Pen @30,1,TET AND DARS
2024-11-19,Sticker @120,1,TET AND DARS
2024-11-19,C. Keychain,7,USTORE
2024-11-19,Kit Set,1,USTORE
2024-11-19,Lanyard @180,16,USTORE
2024-11-19,Lanyard @190,1,USTORE
2024-11-19,Tote (One For UST),1,USTORE
2024-11-19,Umb (One For UST),41,USTORE
2024-11-19,Umb. Cane,1,USTORE
2024-11-20,Polo Shirt @800,1,BLAZE
2024-11-20,UST College ID Lace,5,JUC
2024-11-20,UST OAT Hoodie Jacket,4,JUC
2024-11-20,UST OAT MUG (W inside),1,JUC
2024-11-20,UST OAT T-Shirt Y/B/COLLEGE,8,JUC
2024-11-20,UST Sweatshirt Sporty,1,JUC
2024-11-20,UST T-Shirt Santo Tomas Shirt/UST T-Shirt Tiger Pattern/HAPPY,9,JUC
2024-11-20,UST T-Shirt Sporty,5,JUC
2024-11-20,BASE BALL SHIRT,1,JYL ATHLETICA
2024-11-20,Corp Jacket,6,JYL ATHLETICA
2024-11-20,Poloshirt @800,1,JYL ATHLETICA
2024-11-20,Laptop Bag,1,NAPOLIZ
2024-11-20,Shirts,3,NAPOLIZ
2024-11-20,UST-Pen W/Box,1,NEW TRENDS
2024-11-20,Arch @320,2,TET AND DARS
2024-11-20,Keychain @160,5,TET AND DARS
2024-11-20,Pen @30,4,TET AND DARS
2024-11-20,Sticker @120,2,TET AND DARS
2024-11-20,C. Keychain,5,USTORE
2024-11-20,Lanyard @180,12,USTORE
2024-11-20,Lanyard @190,2,USTORE
2024-11-20,New Tiger Plushie Small,1,USTORE
2024-11-20,Shabby Hat,1,USTORE
2024-11-20,Tiger BUNDLE,3,USTORE
2024-11-20,Tote (One For UST),4,USTORE
2024-11-20,Umb (One For UST),1,USTORE
2024-11-20,Utensil,10,USTORE
2024-11-21,UST College ID Lace,13,JUC
2024-11-21,UST OAT Hoodie Jacket,2,JUC
2024-11-21,UST OAT T-Shirt Y/B/COLLEGE,5,JUC
2024-11-21,UST Sweatshirt Sporty,1,JUC
2024-11-21,UST T-Shirt Santo Tomas Shirt/UST T-Shirt Tiger Pattern/HAPPY,9,JUC
2024-11-21,UST T-Shirt Sporty,5,JUC
2024-11-21,BASE BALL SHIRT,1,JYL ATHLETICA
2024-11-21,Corp Jacket,2,JYL ATHLETICA
2024-11-21,Poloshirt 123456 @860,1,JYL ATHLETICA
2024-11-21,Poloshirt @800,3,JYL ATHLETICA
2024-11-21,Hoodies Breaker,2,NAPOLIZ
2024-11-21,New GT Shirts,1,NEW TRENDS
2024-11-21,UST-Pen W/Box,14,NEW TRENDS
2024-11-21,Arch @320,3,TET AND DARS
2024-11-21,Keychain @160,6,TET AND DARS
2024-11-21,Pen @30,12,TET AND DARS
2024-11-21,Sticker @120,4,TET AND DARS
2024-11-21,C. Keychain,6,USTORE
2024-11-21,Kit Set,2,USTORE
2024-11-21,Lanyard @180,8,USTORE
2024-11-21,New Tiger Plushie Big,3,USTORE
2024-11-21,Sash Big,1,USTORE
2024-11-21,Tiger BUNDLE,3,USTORE
2024-11-21,Tote (One For UST),3,USTORE
2024-11-21,Tote Bag Canvas White,2,USTORE
2024-11-21,Umb (One For UST),3,USTORE
2024-11-22,Polo Shirt @800,1,BLAZE
2024-11-22,UST College ID Lace,17,JUC
2024-11-22,UST OAT Hoodie Jacket,1,JUC
2024-11-22,UST OAT T-Shirt Y/B/COLLEGE,15,JUC
2024-11-22,UST Sweatshirt Sporty,1,JUC
2024-11-22,UST T-Shirt Santo Tomas Shirt/UST T-Shirt Tiger Pattern/HAPPY,10,JUC
2024-11-22,UST T-Shirt Sporty,6,JUC
2024-11-22,BASE BALL SHIRT,3,JYL ATHLETICA
2024-11-22,Jacket,4,JYL ATHLETICA
2024-11-22,Hoodies Breaker,1,NAPOLIZ
2024-11-22,Baller,1,NEW TRENDS
2024-11-22,VL Sticker Pack,2,NEW TRENDS
2024-11-22,Mug @170,1,TET AND DARS
2024-11-22,Pen @30,26,TET AND DARS
2024-11-22,Sticker @120,4,TET AND DARS
2024-11-22,C. Keychain,4,USTORE
2024-11-22,Lanyard @180,15,USTORE
2024-11-22,Lanyard @190,5,USTORE
2024-11-22,New Tiger Plushie Small,2,USTORE
2024-11-22,Shabby Hat,1,USTORE
2024-11-22,Tote (One For UST),15,USTORE
2024-11-22,Tote Bag Canvas White,1,USTORE
2024-11-22,Umb (One For UST),2,USTORE
2024-11-25,Polo Shirt @800,2,BLAZE
2024-11-25,UST College ID Lace,12,JUC
2024-11-25,UST OAT T-Shirt Y/B/COLLEGE,4,JUC
2024-11-25,UST Sweatshirt Sporty,6,JUC
2024-11-25,UST T-Shirt Santo Tomas Shirt/UST T-Shirt Tiger Pattern/HAPPY,5,JUC
2024-11-25,UST T-Shirt Sporty,3,JUC
2024-11-25,BASE BALL SHIRT,1,JYL ATHLETICA
2024-11-25,Corp Jacket,2,JYL ATHLETICA
2024-11-25,Jacket,1,JYL ATHLETICA
2024-11-25,Hoodies Breaker,4,NAPOLIZ
2024-11-25,Shirts,3,NAPOLIZ
2024-11-25,Baller,1,NEW TRENDS
2024-11-25,UST-Pen W/Box,3,NEW TRENDS
2024-11-25,Varsity Jacket,1,NEW TRENDS
2024-11-25,Arch @320,1,TET AND DARS
2024-11-25,Mug @170,3,TET AND DARS
2024-11-25,Pen @30,5,TET AND DARS
2024-11-25,C. Keychain,3,USTORE
2024-11-25,Lanyard @180,15,USTORE
2024-11-25,Lanyard @190,4,USTORE
2024-11-25,New Tiger Plushie Big,4,USTORE
2024-11-25,New Tiger Plushie Small,1,USTORE
2024-11-25,Tote (One For UST),1,USTORE
2024-11-25,Tote Bag Canvas White,3,USTORE
2024-11-25,Umb (One For UST),4,USTORE
2024-11-25,Utensil,2,USTORE
2024-11-26,Polo Shirt @800,1,BLAZE
2024-11-26,Bomber Jacket,1,JUC
2024-11-26,UST College ID Lace,6,JUC
2024-11-26,UST OAT MUG (W inside),11,JUC
2024-11-26,UST OAT T-Shirt Y/B/COLLEGE,4,JUC
2024-11-26,UST Sweatshirt Sporty,1,JUC
2024-11-26,UST T-Shirt Santo Tomas Shirt/UST T-Shirt Tiger Pattern/HAPPY,6,JUC
2024-11-26,UST T-Shirt Sporty,6,JUC
2024-11-26,BASE BALL SHIRT,1,JYL ATHLETICA
2024-11-26,Poloshirt @800,1,JYL ATHLETICA
2024-11-26,Subli. Shirt 2 colors,5,JYL ATHLETICA
2024-11-26,Hoodies Breaker,4,NAPOLIZ
2024-11-26,Shirts,1,NAPOLIZ
2024-11-26,Baller,13,NEW TRENDS
2024-11-26,New GT Shirts,1,NEW TRENDS
2024-11-26,Pen @30,7,TET AND DARS
2024-11-26,Sticker @120,2,TET AND DARS
2024-11-26,C. Keychain,5,USTORE
2024-11-26,Lanyard @180,7,USTORE
2024-11-26,Lanyard @190,1,USTORE
2024-11-26,New Tiger Plushie Small,2,USTORE
2024-11-26,Sash Small,2,USTORE
2024-11-26,Shabby Hat,1,USTORE
2024-11-26,Tote (One For UST),14,USTORE
2024-11-26,Tote Bag Canvas White,1,USTORE
2024-11-26,Utensil,6,USTORE
2024-11-27,UST College ID Lace,6,JUC
2024-11-27,UST OAT Hoodie Jacket,2,JUC
2024-11-27,UST OAT T-Shirt Y/B/COLLEGE,11,JUC
2024-11-27,UST Sweatshirt Sporty,3,JUC
2024-11-27,UST T-Shirt Santo Tomas Shirt/UST T-Shirt Tiger Pattern/HAPPY,12,JUC
2024-11-27,UST T-Shirt Sporty,10,JUC
2024-11-27,BASE BALL SHIRT,1,JYL ATHLETICA
2024-11-27,Corp Jacket,1,JYL ATHLETICA
2024-11-27,Poloshirt @800,1,JYL ATHLETICA
2024-11-27,Hoodies Breaker,1,NAPOLIZ
2024-11-27,Shirts,3,NAPOLIZ
2024-11-27,Baller,8,NEW TRENDS
2024-11-27,UST-Pen W/Box,1,NEW TRENDS
2024-11-27,Varsity Jacket,1,NEW TRENDS
2024-11-27,VL Sticker Pack,3,NEW TRENDS
2024-11-27,Mug @170,1,TET AND DARS
2024-11-27,Pen @30,23,TET AND DARS
2024-11-27,C. Keychain,11,USTORE
2024-11-27,Clappers,3,USTORE
2024-11-27,Lanyard @180,12,USTORE
2024-11-27,Lanyard @190,1,USTORE
2024-11-27,New Tiger Plushie Big,3,USTORE
2024-11-27,New Tiger Plushie Small,3,USTORE
2024-11-27,Shabby Hat,1,USTORE
2024-11-27,Tote (One For UST),3,USTORE
2024-11-27,Umb (One For UST),3,USTORE
2024-11-28,UST OAT Hoodie Jacket,1,JUC
2024-11-28,UST OAT T-Shirt Y/B/COLLEGE,6,JUC
2024-11-28,UST T-Shirt Santo Tomas Shirt/UST T-Shirt Tiger Pattern/HAPPY,7,JUC
2024-11-28,UST T-Shirt Sporty,2,JUC
2024-11-28,Corp Jacket,1,JYL ATHLETICA
2024-11-28,Poloshirt @800,1,JYL ATHLETICA
2024-11-28,Double Canopy,1,NAPOLIZ
2024-11-28,Hoodies Breaker,3,NAPOLIZ
2024-11-28,Baller,1,NEW TRENDS
2024-11-28,Varsity Jacket,1,NEW TRENDS
2024-11-28,C. Keychain,2,USTORE
2024-11-28,Clappers,10,USTORE
2024-11-28,Lanyard @180,1,USTORE
2024-11-28,New Tiger Plushie Big,2,USTORE
2024-11-28,Tiger BUNDLE,1,USTORE
2024-11-29,Polo Shirt @800,2,BLAZE
2024-11-29,UST College ID Lace,7,JUC
2024-11-29,UST OAT T-Shirt Y/B/COLLEGE,2,JUC
2024-11-29,UST Sweatshirt Sporty,4,JUC
2024-11-29,UST T-Shirt Santo Tomas Shirt/UST T-Shirt Tiger Pattern/HAPPY,21,JUC
2024-11-29,UST T-Shirt Sporty,3,JUC
2024-11-29,BASE BALL SHIRT,3,JYL ATHLETICA
2024-11-29,Jacket,4,JYL ATHLETICA
2024-11-29,Poloshirt 123456 @860,1,JYL ATHLETICA
2024-11-29,Poloshirt @800,2,JYL ATHLETICA
2024-11-29,VB Jersey without Sig @1500,2,JYL ATHLETICA
2024-11-29,Hoodies Breaker,6,NAPOLIZ
2024-11-29,Shirts,1,NAPOLIZ
2024-11-29,Pen @30,31,TET AND DARS
2024-11-29,Sticker @120,3,TET AND DARS
2024-11-29,C. Keychain,3,USTORE
2024-11-29,Clappers,1,USTORE
2024-11-29,Lanyard @190,2,USTORE
2024-11-29,New Tiger Plushie Small,4,USTORE
2024-11-29,Tote (One For UST),2,USTORE
2024-11-29,Tote Bag Canvas White,2,USTORE
2024-11-29,Utensil,3,USTORE
2024-12-02,IPEA Shirt,1,IPEA
2024-12-02,Bomber Jacket,1,JUC
2024-12-02,UST College ID Lace / GENERIC Lace,10,JUC
2024-12-02,UST OAT T-Shirt Y/B/COLLEGE,8,JUC
2024-12-02,UST Sweatshirt Sporty,1,JUC
2024-12-02,UST T-Shirt Santo Tomas Shirt/UST T-Shirt Tiger Pattern/HAPPY,8,JUC
2024-12-02,UST T-Shirt Sporty,8,JUC
2024-12-02,BASE BALL SHIRT,4,JYL ATHLETICA
2024-12-02,Corp Jacket,1,JYL ATHLETICA
2024-12-02,DRI-FIT NEW,2,JYL ATHLETICA
2024-12-02,Jacket,3,JYL ATHLETICA
2024-12-02,Poloshirt @800,1,JYL ATHLETICA
2024-12-02,Double Canopy,1,NAPOLIZ ENTERPRISES
2024-12-02,Hoodies Breaker,6,NAPOLIZ ENTERPRISES
2024-12-02,Keychain,1,NEW TRENDS
2024-12-02,New GT Shirts,1,NEW TRENDS
2024-12-02,Shirts,2,NEW TRENDS
2024-12-02,UST-Pen W/Box,1,NEW TRENDS
2024-12-02,VL Sticker Pack,1,NEW TRENDS
2024-12-02,Arch @320,2,TET AND DARS
2024-12-02,Pen @30,7,TET AND DARS
2024-12-02,Sticker @ 120,3,TET AND DARS
2024-12-02,C. Keychain,3,USTORE
2024-12-02,Lanyard @180,24,USTORE
2024-12-02,Lanyard @190,1,USTORE
2024-12-02,New Tiger Plushie Big,7,USTORE
2024-12-02,New Tiger Plushie Small,2,USTORE
2024-12-02,Shabby Hat,2,USTORE
2024-12-02,Tote (One For UST),3,USTORE
2024-12-02,Tote Bag Canvas White,4,USTORE
2024-12-02,Umb (One For UST),6,USTORE
2024-12-02,Utensil,2,USTORE
2024-12-03,Polo Shirt @800,1,BLAZE
2024-12-03,UST College ID Lace / GENERIC Lace,1,JUC
2024-12-03,UST OAT T-Shirt Y/B/COLLEGE,5,JUC
2024-12-03,UST T-Shirt Santo Tomas Shirt/UST T-Shirt Tiger Pattern/HAPPY,3,JUC
2024-12-03,UST T-Shirt Sporty,3,JUC
2024-12-03,BASE BALL SHIRT,1,JYL ATHLETICA
2024-12-03,Poloshirt @800,1,JYL ATHLETICA
2024-12-03,Hoodies Breaker,3,NAPOLIZ ENTERPRISES
2024-12-03,UST-Pen W/Box,1,NEW TRENDS
2024-12-03,VL Sticker Pack,1,NEW TRENDS
2024-12-03,Arch @320,2,TET AND DARS
2024-12-03,Pen @30,5,TET AND DARS
2024-12-03,Sticker @ 120,3,TET AND DARS
2024-12-03,C. Keychain,1,USTORE
2024-12-03,Lanyard @180,11,USTORE
2024-12-03,Lanyard @190,2,USTORE
2024-12-03,New Clappers,1,USTORE
2024-12-03,New Tiger Plushie Small,1,USTORE
2024-12-03,Shabby Hat,1,USTORE
2024-12-03,Umb (One For UST),1,USTORE
2024-12-04,Polo Shirt @800,1,BLAZE
2024-12-04,IPEA Shirt,1,IPEA
2024-12-04,UST College ID Lace / GENERIC Lace,5,JUC
2024-12-04,UST OAT Hoodie Jacket,3,JUC
2024-12-04,UST OAT T-Shirt Y/B/COLLEGE,10,JUC
2024-12-04,UST Sweatshirt Sporty,1,JUC
2024-12-04,UST T-Shirt Santo Tomas Shirt/UST T-Shirt Tiger Pattern/HAPPY,12,JUC
2024-12-04,UST T-Shirt Sporty,6,JUC
2024-12-04,DRI-FIT NEW,48,JYL ATHLETICA
2024-12-04,Poloshirt @800,4,JYL ATHLETICA
2024-12-04,Hoodies Breaker,4,NAPOLIZ ENTERPRISES
2024-12-04,Baller,1,NEW TRENDS
2024-12-04,Keychain,2,NEW TRENDS
2024-12-04,Scarves,1,NEW TRENDS
2024-12-04,UST-Pen W/Box,6,NEW TRENDS
2024-12-04,Varsity Jacket,1,NEW TRENDS
2024-12-04,VL Sticker Pack,2,NEW TRENDS
2024-12-04,Pen @30,9,TET AND DARS
2024-12-04,C. Keychain,11,USTORE
2024-12-04,Kit Set,1,USTORE
2024-12-04,Lanyard @180,20,USTORE
2024-12-04,Lanyard @190,2,USTORE
2024-12-04,New Tiger Plushie Big,2,USTORE
2024-12-04,New Tiger Plushie Small,5,USTORE
2024-12-04,Shabby Hat,3,USTORE
2024-12-04,Tote (One For UST),2,USTORE
2024-12-04,Tote Bag Canvas White,2,USTORE
2024-12-04,Umb (One For UST),9,USTORE
2024-12-06,Polo Shirt @800,5,BLAZE
2024-12-06,IPEA Shirt,1,IPEA
2024-12-06,UST College ID Lace / GENERIC Lace,9,JUC
2024-12-06,UST OAT T-Shirt Y/B/COLLEGE,12,JUC
2024-12-06,UST Sweatshirt Sporty,2,JUC
2024-12-06,UST T-Shirt Santo Tomas Shirt/UST T-Shirt Tiger Pattern/HAPPY,16,JUC
2024-12-06,UST T-Shirt Sporty,10,JUC
2024-12-06,BASE BALL SHIRT,4,JYL ATHLETICA
2024-12-06,Corp Jacket,2,JYL ATHLETICA
2024-12-06,Jacket,3,JYL ATHLETICA
2024-12-06,Poloshirt 123456 @860,3,JYL ATHLETICA
2024-12-06,Poloshirt @800,3,JYL ATHLETICA
2024-12-06,VB Jersey without Sig @1500,2,JYL ATHLETICA
2024-12-06,Hoodies Breaker,3,NAPOLIZ ENTERPRISES
2024-12-06,Laptop Bag,1,NAPOLIZ ENTERPRISES
2024-12-06,Keychain,3,NEW TRENDS
2024-12-06,UST-Pen W/Box,4,NEW TRENDS
2024-12-06,VL Sticker Pack,7,NEW TRENDS
2024-12-06,Arch @320,4,TET AND DARS
2024-12-06,Pen @30,26,TET AND DARS
2024-12-06,Sticker @ 120,2,TET AND DARS
2024-12-06,C. Keychain,3,USTORE
2024-12-06,Lanyard @180,25,USTORE
2024-12-06,Lanyard @190,2,USTORE
2024-12-06,New Tiger Plushie Small,4,USTORE
2024-12-06,Shabby Hat,5,USTORE
2024-12-06,Tote (One For UST),9,USTORE
2024-12-06,Tote (Viva),3,USTORE
2024-12-06,Tote Bag Canvas White,4,USTORE
2024-12-06,Umb (One For UST),3,USTORE
2024-12-07,IPEA Shirt,1,IPEA
2024-12-07,UST College ID Lace / GENERIC Lace,1,JUC
2024-12-07,UST OAT Hoodie Jacket,2,JUC
2024-12-07,UST OAT T-Shirt Y/B/COLLEGE,4,JUC
2024-12-07,UST T-Shirt Santo Tomas Shirt/UST T-Shirt Tiger Pattern/HAPPY,2,JUC
2024-12-07,UST T-Shirt Sporty,2,JUC
2024-12-07,BASE BALL SHIRT,3,JYL ATHLETICA
2024-12-07,DRI-FIT NEW,2,JYL ATHLETICA
2024-12-07,Poloshirt @800,1,JYL ATHLETICA
2024-12-07,Baller,1,NEW TRENDS
2024-12-07,Mug @170,1,TET AND DARS
2024-12-07,C. Keychain,1,USTORE
2024-12-07,Lanyard @180,3,USTORE
2024-12-07,Lanyard @190,1,USTORE
2024-12-07,New Tiger Plushie Small,1,USTORE
2024-12-07,Tote (One For UST),1,USTORE
2024-12-07,Tote (Viva),6,USTORE
2024-12-09,UST College ID Lace / GENERIC Lace,7,JUC
2024-12-09,UST OAT Hoodie Jacket,1,JUC
2024-12-09,UST OAT T-Shirt Y/B/COLLEGE,9,JUC
2024-12-09,UST Sweatshirt Sporty,2,JUC
2024-12-09,UST T-Shirt Santo Tomas Shirt/UST T-Shirt Tiger Pattern/HAPPY,8,JUC
2024-12-09,UST T-Shirt Sporty,8,JUC
2024-12-09,Jacket,4,JYL ATHLETICA
2024-12-09,Poloshirt @800,2,JYL ATHLETICA
2024-12-09,Double Canopy,1,NAPOLIZ ENTERPRISES
2024-12-09,Hoodies Breaker,4,NAPOLIZ ENTERPRISES
2024-12-09,New GT Shirts,1,NEW TRENDS
2024-12-09,Scarves,2,NEW TRENDS
2024-12-09,Arch @320,1,TET AND DARS
2024-12-09,Pen @30,15,TET AND DARS
2024-12-09,Sticker @ 120,2,TET AND DARS
2024-12-09,C. Keychain,6,USTORE
2024-12-09,Lanyard @180,15,USTORE
2024-12-09,Lanyard @190,4,USTORE
2024-12-09,New Tiger Plushie Small,5,USTORE
2024-12-09,Shabby Hat,1,USTORE
2024-12-09,Tote (One For UST),2,USTORE
2024-12-09,Tote Bag Canvas White,1,USTORE
2024-12-09,Umb (One For UST),5,USTORE
2024-12-10,IPEA Shirt,1,IPEA
2024-12-10,Bomber Jacket,2,JUC
2024-12-10,UST College ID Lace / GENERIC Lace,2,JUC
2024-12-10,UST OAT Hoodie Jacket,1,JUC
2024-12-10,UST OAT T-Shirt Y/B/COLLEGE,8,JUC
2024-12-10,UST Sweatshirt Sporty,1,JUC
2024-12-10,UST T-Shirt Santo Tomas Shirt/UST T-Shirt Tiger Pattern/HAPPY,1,JUC
2024-12-10,UST T-Shirt Sporty,3,JUC
2024-12-10,BASE BALL SHIRT,1,JYL ATHLETICA
2024-12-10,DRI-FIT NEW,3,JYL ATHLETICA
2024-12-10,Jacket,2,JYL ATHLETICA
2024-12-10,Poloshirt 123456 @860,1,JYL ATHLETICA
2024-12-10,Poloshirt @800,5,JYL ATHLETICA
2024-12-10,Double Canopy,1,NAPOLIZ ENTERPRISES
2024-12-10,Hoodies Breaker,2,NAPOLIZ ENTERPRISES
2024-12-10,Baller,3,NEW TRENDS
2024-12-10,Keychain,2,NEW TRENDS
2024-12-10,Scarves,1,NEW TRENDS
2024-12-10,VL Sticker Pack,2,NEW TRENDS
2024-12-10,Pen @30,1,TET AND DARS
2024-12-10,C. Keychain,10,USTORE
2024-12-10,Kit Set,1,USTORE
2024-12-10,Lanyard @190,9,USTORE
2024-12-10,New Clappers,150,USTORE
2024-12-10,New Tiger Plushie Big,1,USTORE
2024-12-10,Shabby Hat,2,USTORE
2024-12-10,Tiger BUNDLE,2,USTORE
2024-12-10,Tote (One For UST),8,USTORE
2024-12-10,Tote (Viva),1,USTORE
2024-12-10,Umb (One For UST),3,USTORE
2024-12-11,Bomber Jacket,2,JUC
2024-12-11,UST College ID Lace / GENERIC Lace,4,JUC
2024-12-11,UST OAT Hoodie Jacket,4,JUC
2024-12-11,UST OAT T-Shirt Y/B/COLLEGE,4,JUC
2024-12-11,UST T-Shirt Santo Tomas Shirt/UST T-Shirt Tiger Pattern/HAPPY,13,JUC
2024-12-11,UST T-Shirt Sporty,13,JUC
2024-12-11,Cotton Brush Jacket,1,JYL ATHLETICA
2024-12-11,Jacket,4,JYL ATHLETICA
2024-12-11,Hoodies Breaker,2,NAPOLIZ ENTERPRISES
2024-12-11,New GT Shirts,1,NEW TRENDS
2024-12-11,Arch @320,1,TET AND DARS
2024-12-11,Sticker @ 120,1,TET AND DARS
2024-12-11,C. Keychain,5,USTORE
2024-12-11,Lanyard @180,18,USTORE
2024-12-11,Lanyard @190,2,USTORE
2024-12-11,Shabby Hat,1,USTORE
2024-12-11,Tiger BUNDLE,2,USTORE
2024-12-11,Tote (One For UST),1,USTORE
2024-12-11,Tote Bag Canvas White,3,USTORE
2024-12-11,Umb (One For UST),22,USTORE
2024-12-12,UST College ID Lace / GENERIC Lace,7,JUC
2024-12-12,UST OAT Hoodie Jacket,1,JUC
2024-12-12,UST OAT T-Shirt Y/B/COLLEGE,14,JUC
2024-12-12,UST T-Shirt Santo Tomas Shirt/UST T-Shirt Tiger Pattern/HAPPY,4,JUC
2024-12-12,UST T-Shirt Sporty,4,JUC
2024-12-12,BASE BALL SHIRT,1,JYL ATHLETICA
2024-12-12,Corp Windbreaker,1,JYL ATHLETICA
2024-12-12,Jacket,8,JYL ATHLETICA
2024-12-12,Poloshirt @800,1,JYL ATHLETICA
2024-12-12,VB Jersey without Sig @1500,1,JYL ATHLETICA
2024-12-12,Double Canopy,1,NAPOLIZ ENTERPRISES
2024-12-12,Hoodies Breaker,4,NAPOLIZ ENTERPRISES
2024-12-12,Baller,1,NEW TRENDS
2024-12-12,VL Sticker Pack,2,NEW TRENDS
2024-12-12,Arch @320,4,TET AND DARS
2024-12-12,Pen @30,1,TET AND DARS
2024-12-12,Sticker @ 120,3,TET AND DARS
2024-12-12,C. Keychain,10,USTORE
2024-12-12,Kit Set,2,USTORE
2024-12-12,Lanyard @180,21,USTORE
2024-12-12,Lanyard @190,2,USTORE
2024-12-12,New Tiger Plushie Small,1,USTORE
2024-12-12,Shabby Hat,1,USTORE
2024-12-12,Tiger BUNDLE,4,USTORE
2024-12-12,Tote (One For UST),4,USTORE
2024-12-12,Tote (Viva),1,USTORE
2024-12-12,Umb (One For UST),3,USTORE
2024-12-13,Polo Shirt @800,1,BLAZE
2024-12-13,UST College ID Lace / GENERIC Lace,2,JUC
2024-12-13,UST OAT Hoodie Jacket,6,JUC
2024-12-13,UST OAT T-Shirt Y/B/COLLEGE,20,JUC
2024-12-13,UST Sweatshirt Sporty,3,JUC
2024-12-13,UST T-Shirt Santo Tomas Shirt/UST T-Shirt Tiger Pattern/HAPPY,8,JUC
2024-12-13,UST T-Shirt Sporty,8,JUC
2024-12-13,BASE BALL SHIRT,4,JYL ATHLETICA
2024-12-13,Corp Jacket,1,JYL ATHLETICA
2024-12-13,Corp Windbreaker,3,JYL ATHLETICA
2024-12-13,Cotton Brush Jacket,4,JYL ATHLETICA
2024-12-13,DRI-FIT NEW,7,JYL ATHLETICA
2024-12-13,Jacket,4,JYL ATHLETICA
2024-12-13,Poloshirt @800,1,JYL ATHLETICA
2024-12-13,Double Canopy,1,NAPOLIZ ENTERPRISES
2024-12-13,Hoodies Breaker,6,NAPOLIZ ENTERPRISES
2024-12-13,Keychain,2,NEW TRENDS
2024-12-13,Shirts,1,NEW TRENDS
2024-12-13,VL Sticker Pack,3,NEW TRENDS
2024-12-13,Pen @30,12,TET AND DARS
2024-12-13,Sticker @ 120,2,TET AND DARS
2024-12-13,C. Keychain,3,USTORE
2024-12-13,Kit Set,10,USTORE
2024-12-13,Lanyard @180,22,USTORE
2024-12-13,Lanyard @190,4,USTORE
2024-12-13,New Clappers,3,USTORE
2024-12-13,New Tiger Plushie Big,1,USTORE
2024-12-13,New Tiger Plushie Small,2,USTORE
2024-12-13,Tote (One For UST),4,USTORE
2024-12-13,Tote Bag Canvas White,5,USTORE
2024-12-13,Umb (One For UST),1,USTORE
2024-12-15,IPEA Shirt,5,IPEA
2024-12-15,Bomber Jacket,3,JUC
2024-12-15,UST OAT Hoodie Jacket,7,JUC
2024-12-15,UST OAT T-Shirt Y/B/COLLEGE,26,JUC
2024-12-15,UST Sweatshirt Sporty,3,JUC
2024-12-15,UST T-Shirt Santo Tomas Shirt/UST T-Shirt Tiger Pattern/HAPPY,62,JUC
2024-12-15,UST T-Shirt Sporty,29,JUC
2024-12-15,BASE BALL SHIRT,6,JYL ATHLETICA
2024-12-15,Corp Jacket,2,JYL ATHLETICA
2024-12-15,Cotton Brush Jacket,7,JYL ATHLETICA
2024-12-15,DRI-FIT NEW,7,JYL ATHLETICA
2024-12-15,Jacket,2,JYL ATHLETICA
2024-12-15,Poloshirt 123456 @860,1,JYL ATHLETICA
2024-12-15,Poloshirt @800,7,JYL ATHLETICA
2024-12-15,QUIANA SHIRT (B&Y SUBLI),22,JYL ATHLETICA
2024-12-15,Back pack,2,NAPOLIZ ENTERPRISES
2024-12-15,Double Canopy,13,NAPOLIZ ENTERPRISES
2024-12-15,Hoodies Breaker,6,NAPOLIZ ENTERPRISES
2024-12-15,Baller,17,NEW TRENDS
2024-12-15,Keychain,31,NEW TRENDS
2024-12-15,New GT Shirts,2,NEW TRENDS
2024-12-15,Varsity Jacket,1,NEW TRENDS
2024-12-15,VL Sticker Pack,6,NEW TRENDS
2024-12-15,Arch @320,3,TET AND DARS
2024-12-15,Sticker @ 120,15,TET AND DARS
2024-12-15,C. Keychain,48,USTORE
2024-12-15,Lanyard @180,161,USTORE
2024-12-15,Lanyard @190,38,USTORE
2024-12-15,New Clappers,2,USTORE
2024-12-15,New Tiger Plushie Big,11,USTORE
2024-12-15,New Tiger Plushie Small,5,USTORE
2024-12-15,Shabby Hat,11,USTORE
2024-12-15,Tiger BUNDLE,1,USTORE
2024-12-15,Tote (Viva),20,USTORE
2024-12-15,Tote Bag Canvas White,29,USTORE
2024-12-15,Umb (One For UST),8,USTORE
2024-12-15,Utensil,2,USTORE
2024-12-18,IPEA Shirt,2,IPEA
2024-12-18,Bomber Jacket,1,JUC
2024-12-18,UST College ID Lace / GENERIC Lace,3,JUC
2024-12-18,UST OAT Hoodie Jacket,6,JUC
2024-12-18,UST OAT T-Shirt Y/B/COLLEGE,7,JUC
2024-12-18,UST Sweatshirt Sporty,2,JUC
2024-12-18,UST T-Shirt Santo Tomas Shirt/UST T-Shirt Tiger Pattern/HAPPY,7,JUC
2024-12-18,UST T-Shirt Sporty,3,JUC
2024-12-18,BASE BALL SHIRT,6,JYL ATHLETICA
2024-12-18,Corp Windbreaker,1,JYL ATHLETICA
2024-12-18,Cotton Brush Jacket,4,JYL ATHLETICA
2024-12-18,Poloshirt @800,2,JYL ATHLETICA
2024-12-18,QUIANA SHIRT (B&Y SUBLI),5,JYL ATHLETICA
2024-12-18,Double Canopy,3,NAPOLIZ ENTERPRISES
2024-12-18,Hoodies Breaker,12,NAPOLIZ ENTERPRISES
2024-12-18,New GT Shirts,1,NEW TRENDS
2024-12-18,VL Sticker Pack,4,NEW TRENDS
2024-12-18,Arch @320,3,TET AND DARS
2024-12-18,Sticker @ 120,1,TET AND DARS
2024-12-18,C. Keychain,12,USTORE
2024-12-18,Kit Set,5,USTORE
2024-12-18,Lanyard @180,2,USTORE
2024-12-18,Lanyard @190,1,USTORE
2024-12-18,New Tiger Plushie Big,1,USTORE
2024-12-18,New Tiger Plushie Small,2,USTORE
2024-12-18,Shabby Hat,6,USTORE
2024-12-18,Tote (One For UST),15,USTORE
2024-12-18,Tote (Viva),3,USTORE
2024-12-18,Tote Bag Canvas White,2,USTORE
2024-12-19,Bomber Jacket,1,JUC
2024-12-19,UST College ID Lace / GENERIC Lace,10,JUC
2024-12-19,UST OAT Hoodie Jacket,7,JUC
2024-12-19,UST OAT T-Shirt Y/B/COLLEGE,10,JUC
2024-12-19,UST Sweatshirt Sporty,2,JUC
2024-12-19,UST T-Shirt Santo Tomas Shirt/UST T-Shirt Tiger Pattern/HAPPY,15,JUC
2024-12-19,Corp Jacket,11,JYL ATHLETICA
2024-12-19,Corp Windbreaker,1,JYL ATHLETICA
2024-12-19,Cotton Brush Jacket,3,JYL ATHLETICA
2024-12-19,Jacket,4,JYL ATHLETICA
2024-12-19,Poloshirt 123456 @860,1,JYL ATHLETICA
2024-12-19,Poloshirt @800,1,JYL ATHLETICA
2024-12-19,QUIANA SHIRT (B&Y SUBLI),10,JYL ATHLETICA
2024-12-19,Back pack,1,NAPOLIZ ENTERPRISES
2024-12-19,Double Canopy,12,NAPOLIZ ENTERPRISES
2024-12-19,Hoodies Breaker,5,NAPOLIZ ENTERPRISES
2024-12-19,Shirts,1,NAPOLIZ ENTERPRISES
2024-12-19,New GT Shirts,1,NEW TRENDS
2024-12-19,UST-Pen W/Box,2,NEW TRENDS
2024-12-19,VL Sticker Pack,4,NEW TRENDS
2024-12-19,Arch @320,5,TET AND DARS
2024-12-19,Keychain @160,100,TET AND DARS
2024-12-19,Sticker @ 120,2,TET AND DARS
2024-12-19,C. Keychain,11,USTORE
2024-12-19,Lanyard @180,7,USTORE
2024-12-19,Lanyard @190,10,USTORE
2024-12-19,New Clappers,700,USTORE
2024-12-19,New Tiger Plushie Big,3,USTORE
2024-12-19,New Tiger Plushie Small,4,USTORE
2024-12-19,Shabby Hat,150,USTORE
2024-12-19,Tote (One For UST),6,USTORE
2024-12-19,Tote (Viva),151,USTORE
2024-12-19,Tote Bag Canvas White,1,USTORE
2024-12-20,Polo Shirt @800,1,BLAZE
2024-12-20,UST OAT T-Shirt Y/B/COLLEGE,7,JUC
2024-12-20,UST T-Shirt Santo Tomas Shirt/UST T-Shirt Tiger Pattern/HAPPY,13,JUC
2024-12-20,UST T-Shirt Sporty,4,JUC
2024-12-20,Corp Jacket,4,JYL ATHLETICA
2024-12-20,Corp Windbreaker,1,JYL ATHLETICA
2024-12-20,Cotton Brush Jacket,1,JYL ATHLETICA
2024-12-20,Jacket,1,JYL ATHLETICA
2024-12-20,Poloshirt @800,1,JYL ATHLETICA
2024-12-20,QUIANA SHIRT (B&Y SUBLI),2,JYL ATHLETICA
2024-12-20,Hoodies Breaker,2,NAPOLIZ ENTERPRISES
2024-12-20,Shirts,5,NAPOLIZ ENTERPRISES
2024-12-20,UST-Pen W/Box,4,NEW TRENDS
2024-12-20,VL Sticker Pack,2,NEW TRENDS
2024-12-20,C. Keychain,53,USTORE
2024-12-20,Lanyard @190,5,USTORE
2024-12-20,New Clappers,80,USTORE
2024-12-20,New Tiger Plushie Big,3,USTORE
2024-12-20,New Tiger Plushie Small,3,USTORE
2024-12-20,Shabby Hat,4,USTORE
2024-12-20,Tiger BUNDLE,1,USTORE
2024-12-20,Tote (One For UST),2,USTORE
2024-12-20,Tote Bag Canvas White,55,USTORE
2024-12-20,Umb (One For UST),2,USTORE
2024-12-20,Utensil,150,USTORE
2025-01-07,Bomber Jacket,1,JUC
2025-01-07,UST College ID Lace,2,JUC
2025-01-07,UST OAT Hoodie Jacket,1,JUC
2025-01-07,UST OAT T-Shirt Y/B/COLLEGE,4,JUC
2025-01-07,UST Sweatshirt Sporty,1,JUC
2025-01-07,UST T-Shirt Santo Tomas Shirt/UST T-Shirt Tiger Pattern/HAPPY,4,JUC
2025-01-07,UST T-Shirt Sporty,2,JUC
2025-01-07,Cotton Brush Jacket,2,JYL ATHLETICA
2025-01-07,Jacket,1,JYL ATHLETICA
2025-01-07,Poloshirt @800,1,JYL ATHLETICA
2025-01-07,C. Keychain,2,USTORE
2025-01-07,Lanyard @180,1,USTORE
2025-01-07,Lanyard @190,1,USTORE
2025-01-07,New Tiger Plushie Small,1,USTORE
2025-01-07,Shabby Hat,1,USTORE
2025-01-07,Tote (Viva),1,USTORE
2025-01-08,UST College ID Lace,1,JUC
2025-01-08,UST OAT Hoodie Jacket,2,JUC
2025-01-08,UST OAT T-Shirt Y/B/COLLEGE,2,JUC
2025-01-08,UST Sweatshirt Sporty,1,JUC
2025-01-08,UST T-Shirt Santo Tomas Shirt/UST T-Shirt Tiger Pattern/HAPPY,3,JUC
2025-01-08,Corp Jacket,2,JYL ATHLETICA
2025-01-08,Jacket,1,JYL ATHLETICA
2025-01-08,Poloshirt @800,1,JYL ATHLETICA
2025-01-08,QUIANA SUBLI SHIRT (B&Y),1,JYL ATHLETICA
2025-01-08,Hoodies Breaker,2,NAPOLIZ ENTERPRISES
2025-01-08,C. Keychain,1,USTORE
2025-01-08,Lanyard @190,1,USTORE
2025-01-08,New Tiger Plushie Big,1,USTORE
2025-01-08,Shabby Hat,5,USTORE
2025-01-08,Umb. Cane,1,USTORE
2025-01-10,UST College ID Lace,4,JUC
2025-01-10,UST OAT T-Shirt Y/B/COLLEGE,5,JUC
2025-01-10,UST T-Shirt Santo Tomas Shirt/UST T-Shirt Tiger Pattern/HAPPY,6,JUC
2025-01-10,UST T-Shirt Sporty,2,JUC
2025-01-10,Corp Jacket,2,JYL ATHLETICA
2025-01-10,Corp Windbreaker,1,JYL ATHLETICA
2025-01-10,Cotton Brush Jacket,1,JYL ATHLETICA
2025-01-10,DRI-FIT NEW,1,JYL ATHLETICA
2025-01-10,Poloshirt @800,1,JYL ATHLETICA
2025-01-10,Hoodies Breaker,2,NAPOLIZ ENTERPRISES
2025-01-10,Arch @320,2,TET AND DARS
2025-01-10,C. Keychain,1,USTORE
2025-01-10,Lanyard @180,1,USTORE
2025-01-10,Lanyard @190,2,USTORE
2025-01-10,Tote (One For UST),1,USTORE
2025-01-10,Tote (Viva),1,USTORE
2025-01-10,Umb (One For UST),1,USTORE
2025-01-12,Polo Shirt @800,1,BLAZE
2025-01-12,IPEA Shirt,1,IPEA
2025-01-12,Bomber Jacket,3,JUC
2025-01-12,UST College ID Lace,88,JUC
2025-01-12,UST OAT Hoodie Jacket,7,JUC
2025-01-12,UST OAT T-Shirt Y/B/COLLEGE,64,JUC
2025-01-12,UST Sweatshirt Sporty,10,JUC
2025-01-12,UST T-Shirt Santo Tomas Shirt/UST T-Shirt Tiger Pattern/HAPPY,109,JUC
2025-01-12,UST T-Shirt Sporty,57,JUC
2025-01-12,BASE BALL SHIRT,6,JYL ATHLETICA
2025-01-12,Corp Jacket,4,JYL ATHLETICA
2025-01-12,Corp Windbreaker,6,JYL ATHLETICA
2025-01-12,Cotton Brush Jacket,13,JYL ATHLETICA
2025-01-12,Jacket,3,JYL ATHLETICA
2025-01-12,Poloshirt 123456 @860,1,JYL ATHLETICA
2025-01-12,Poloshirt @800,10,JYL ATHLETICA
2025-01-12,QUIANA SUBLI SHIRT (B&Y),34,JYL ATHLETICA
2025-01-12,VB Jersey without Sig @1500,3,JYL ATHLETICA
2025-01-12,Back pack,2,NAPOLIZ ENTERPRISES
2025-01-12,Double Canopy,12,NAPOLIZ ENTERPRISES
2025-01-12,Hoodies Breaker,16,NAPOLIZ ENTERPRISES
2025-01-12,Keychain,1,NEW TRENDS
2025-01-12,New GT Shirts,11,NEW TRENDS
2025-01-12,Scarves,2,NEW TRENDS
2025-01-12,Shirts,9,NEW TRENDS
2025-01-12,UST-Pen W/Box,3,NEW TRENDS
2025-01-12,Varsity Jacket,1,NEW TRENDS
2025-01-12,VL Sticker Pack,20,NEW TRENDS
2025-01-12,Arch @320,1,TET AND DARS
2025-01-12,C. Keychain,68,USTORE
2025-01-12,Clappers,2,USTORE
2025-01-12,Lanyard @180,158,USTORE
2025-01-12,Lanyard @190,81,USTORE
2025-01-12,New Tiger Plushie Big,16,USTORE
2025-01-12,New Tiger Plushie Small,10,USTORE
2025-01-12,Shabby Hat,9,USTORE
2025-01-12,Tote (Viva),17,USTORE
2025-01-12,Tote Bag Canvas White,47,USTORE
2025-01-12,Umb (One For UST),3,USTORE
2025-01-12,Utensil,2,USTORE
2025-01-15,New Polo Shirt (EMBROIDED),1,BLAZE
2025-01-15,UST College ID Lace,6,JUC
2025-01-15,UST OAT Hoodie Jacket,1,JUC
2025-01-15,UST OAT T-Shirt Y/B/COLLEGE,7,JUC
2025-01-15,UST Sweatshirt Sporty,4,JUC
2025-01-15,UST T-Shirt Santo Tomas Shirt/UST T-Shirt Tiger Pattern/HAPPY,10,JUC
2025-01-15,UST T-Shirt Sporty,8,JUC
2025-01-15,Cotton Brush Jacket,5,JYL ATHLETICA
2025-01-15,DRI-FIT NEW,1,JYL ATHLETICA
2025-01-15,Poloshirt @800,1,JYL ATHLETICA
2025-01-15,QUIANA SUBLI SHIRT (B&Y),1,JYL ATHLETICA
2025-01-15,Hoodies Breaker,2,NAPOLIZ ENTERPRISES
2025-01-15,New GT Shirts,2,NEW TRENDS
2025-01-15,UST-Pen W/Box,2,NEW TRENDS
2025-01-15,Arch @320,2,TET AND DARS
2025-01-15,Eco Bag @80,2,TET AND DARS
2025-01-15,Sticker @120,1,TET AND DARS
2025-01-15,C. Keychain,14,USTORE
2025-01-15,Lanyard @180,5,USTORE
2025-01-15,Lanyard @190,4,USTORE
2025-01-15,New Tiger Plushie Small,14,USTORE
2025-01-15,Tote (Viva),1,USTORE
2025-01-15,Tote Bag Canvas White,3,USTORE
2025-01-15,Umb (One For UST),3,USTORE
2025-01-15,Utensil,2,USTORE
2025-01-16,UST College ID Lace,5,JUC
2025-01-16,UST OAT Hoodie Jacket,1,JUC
2025-01-16,UST OAT T-Shirt Y/B/COLLEGE,10,JUC
2025-01-16,UST Sweatshirt Sporty,2,JUC
2025-01-16,UST T-Shirt Santo Tomas Shirt/UST T-Shirt Tiger Pattern/HAPPY,20,JUC
2025-01-16,UST T-Shirt Sporty,3,JUC
2025-01-16,BASE BALL SHIRT,2,JYL ATHLETICA
2025-01-16,Corp Windbreaker,1,JYL ATHLETICA
2025-01-16,Cotton Brush Jacket,1,JYL ATHLETICA
2025-01-16,Poloshirt @800,1,JYL ATHLETICA
2025-01-16,QUIANA SUBLI SHIRT (B&Y),5,JYL ATHLETICA
2025-01-16,Hoodies Breaker,3,NAPOLIZ ENTERPRISES
2025-01-16,New GT Shirts,2,NEW TRENDS
2025-01-16,UST-Pen W/Box,2,NEW TRENDS
2025-01-16,VL Sticker Pack,1,NEW TRENDS
2025-01-16,Arch @320,1,TET AND DARS
2025-01-16,C. Keychain,7,USTORE
2025-01-16,Kit Set,1,USTORE
2025-01-16,Lanyard @180,6,USTORE
2025-01-16,Lanyard @190,4,USTORE
2025-01-16,New Tiger Plushie Big,1,USTORE
2025-01-16,New Tiger Plushie Small,3,USTORE
2025-01-16,Shabby Hat,1,USTORE
2025-01-16,Tiger BUNDLE,1,USTORE
2025-01-16,Tote (One For UST),2,USTORE
2025-01-16,Tote (Viva),25,USTORE
2025-01-16,Tote Bag Canvas White,2,USTORE
2025-01-16,Umb (One For UST),4,USTORE
2025-01-16,Utensil,2,USTORE
2025-01-17,UST College ID Lace,7,JUC
2025-01-17,UST OAT Hoodie Jacket,2,JUC
2025-01-17,UST OAT T-Shirt Y/B/COLLEGE,7,JUC
2025-01-17,UST Sweatshirt Sporty,1,JUC
2025-01-17,UST T-Shirt Santo Tomas Shirt/UST T-Shirt Tiger Pattern/HAPPY,5,JUC
2025-01-17,UST T-Shirt Sporty,9,JUC
2025-01-17,Cotton Brush Jacket,6,JYL ATHLETICA
2025-01-17,DRI-FIT NEW,1,JYL ATHLETICA
2025-01-17,Jacket,1,JYL ATHLETICA
2025-01-17,Poloshirt @800,1,JYL ATHLETICA
2025-01-17,QUIANA SUBLI SHIRT (B&Y),2,JYL ATHLETICA
2025-01-17,Hoodies Breaker,3,NAPOLIZ ENTERPRISES
2025-01-17,UST-Pen W/Box,1,NEW TRENDS
2025-01-17,VL Sticker Pack,1,NEW TRENDS
2025-01-17,Eco Bag @80,1,TET AND DARS
2025-01-17,C. Keychain,4,USTORE
2025-01-17,Lanyard @180,4,USTORE
2025-01-17,Lanyard @190,1,USTORE
2025-01-17,New Tiger Plushie Big,1,USTORE
2025-01-17,New Tiger Plushie Small,1,USTORE
2025-01-17,Umb (One For UST),2,USTORE
2025-01-17,Utensil,1,USTORE
2025-01-18,UST College ID Lace,1,JUC
2025-01-18,UST OAT T-Shirt Y/B/COLLEGE,2,JUC
2025-01-18,UST T-Shirt Santo Tomas Shirt/UST T-Shirt Tiger Pattern/HAPPY,2,JUC
2025-01-18,UST T-Shirt Sporty,1,JUC
2025-01-18,Cotton Brush Jacket,1,JYL ATHLETICA
2025-01-18,QUIANA SUBLI SHIRT (B&Y),1,JYL ATHLETICA
2025-01-18,Hoodies Breaker,2,NAPOLIZ ENTERPRISES
2025-01-18,UST-Pen W/Box,1,NEW TRENDS
2025-01-18,Arch @320,1,TET AND DARS
2025-01-18,C. Keychain,1,USTORE
2025-01-18,Lanyard @180,1,USTORE
2025-01-18,New Tiger Plushie Small,1,USTORE
2025-01-18,Utensil,2,USTORE
2025-01-20,UST College ID Lace,10,JUC
2025-01-20,UST OAT T-Shirt Y/B/COLLEGE,4,JUC
2025-01-20,UST Sweatshirt Sporty,3,JUC
2025-01-20,UST T-Shirt Santo Tomas Shirt/UST T-Shirt Tiger Pattern/HAPPY,4,JUC
2025-01-20,UST T-Shirt Sporty,1,JUC
2025-01-20,BASE BALL SHIRT,1,JYL ATHLETICA
2025-01-20,Corp Jacket,1,JYL ATHLETICA
2025-01-20,Jacket,2,JYL ATHLETICA
2025-01-20,Poloshirt @800,2,JYL ATHLETICA
2025-01-20,QUIANA SUBLI SHIRT (B&Y),1,JYL ATHLETICA
2025-01-20,Hoodies Breaker,1,NAPOLIZ ENTERPRISES
2025-01-20,C. Keychain,7,USTORE
2025-01-20,Lanyard @180,2,USTORE
2025-01-20,Lanyard @190,6,USTORE
2025-01-20,New Tiger Plushie Big,2,USTORE
2025-01-20,New Tiger Plushie Small,1,USTORE
2025-01-20,Tote (Viva),1,USTORE
2025-01-20,Tote Bag Canvas White,3,USTORE
2025-01-20,Umb (One For UST),2,USTORE
2025-01-21,UST College ID Lace,9,JUC
2025-01-21,UST OAT Hoodie Jacket,1,JUC
2025-01-21,UST OAT T-Shirt Y/B/COLLEGE,5,JUC
2025-01-21,UST T-Shirt Santo Tomas Shirt/UST T-Shirt Tiger Pattern/HAPPY,11,JUC
2025-01-21,UST T-Shirt Sporty,8,JUC
2025-01-21,BASE BALL SHIRT,1,JYL ATHLETICA
2025-01-21,Corp Jacket,6,JYL ATHLETICA
2025-01-21,Cotton Brush Jacket,1,JYL ATHLETICA
2025-01-21,DRI-FIT NEW,2,JYL ATHLETICA
2025-01-21,Jacket,1,JYL ATHLETICA
2025-01-21,Poloshirt @800,2,JYL ATHLETICA
2025-01-21,QUIANA SUBLI SHIRT (B&Y),1,JYL ATHLETICA
2025-01-21,VB Jersey without Sig @1500,1,JYL ATHLETICA
2025-01-21,Hoodies Breaker,1,NAPOLIZ ENTERPRISES
2025-01-21,Arch @320,2,TET AND DARS
2025-01-21,C. Keychain,1,USTORE
2025-01-21,Lanyard @190,3,USTORE
2025-01-21,New Tiger Plushie Big,5,USTORE
2025-01-21,Shabby Hat,1,USTORE
2025-01-21,Tote (One For UST),1,USTORE
2025-01-21,Tote (Viva),4,USTORE
2025-01-21,Tote Bag Canvas White,2,USTORE
2025-01-22,UST College ID Lace,9,JUC
2025-01-22,UST OAT Hoodie Jacket,3,JUC
2025-01-22,UST OAT T-Shirt Y/B/COLLEGE,10,JUC
2025-01-22,UST T-Shirt Santo Tomas Shirt/UST T-Shirt Tiger Pattern/HAPPY,8,JUC
2025-01-22,UST T-Shirt Sporty,6,JUC
2025-01-22,BASE BALL SHIRT,1,JYL ATHLETICA
2025-01-22,Corp Jacket,2,JYL ATHLETICA
2025-01-22,Corp Windbreaker,2,JYL ATHLETICA
2025-01-22,Cotton Brush Jacket,1,JYL ATHLETICA
2025-01-22,DRI-FIT NEW,2,JYL ATHLETICA
2025-01-22,Jacket,2,JYL ATHLETICA
2025-01-22,Poloshirt 123456 @860,1,JYL ATHLETICA
2025-01-22,Hoodies Breaker,2,NAPOLIZ ENTERPRISES
2025-01-22,New GT Shirts,1,NEW TRENDS
2025-01-22,Arch @320,1,TET AND DARS
2025-01-22,Sticker @120,1,TET AND DARS
2025-01-22,C. Keychain,2,USTORE
2025-01-22,Lanyard @190,6,USTORE
2025-01-22,New Tiger Plushie Big,1,USTORE
2025-01-22,New Tiger Plushie Small,1,USTORE
2025-01-22,Tote (One For UST),2,USTORE
2025-01-22,Tote (Viva),1,USTORE
2025-01-22,Tote Bag Canvas White,3,USTORE
2025-01-23,UST College ID Lace,12,JUC
2025-01-23,UST OAT T-Shirt Y/B/COLLEGE,4,JUC
2025-01-23,UST Sweatshirt Sporty,3,JUC
2025-01-23,UST T-Shirt Santo Tomas Shirt/UST T-Shirt Tiger Pattern/HAPPY,7,JUC
2025-01-23,UST T-Shirt Sporty,6,JUC
2025-01-23,Corp Jacket,1,JYL ATHLETICA
2025-01-23,DRI-FIT NEW,1,JYL ATHLETICA
2025-01-23,Jacket,1,JYL ATHLETICA
2025-01-23,Poloshirt @800,1,JYL ATHLETICA
2025-01-23,QUIANA SUBLI SHIRT (B&Y),2,JYL ATHLETICA
2025-01-23,Hoodies Breaker,1,NAPOLIZ ENTERPRISES
2025-01-23,Hoodie,1,NEW TRENDS
2025-01-23,UST-Pen W/Box,1,NEW TRENDS
2025-01-23,Arch @320,2,TET AND DARS
2025-01-23,Eco Bag @80,1,TET AND DARS
2025-01-23,Keychain @160,6,TET AND DARS
2025-01-23,Sticker @20,2,TET AND DARS
2025-01-23,C. Keychain,10,USTORE
2025-01-23,Lanyard @190,4,USTORE
2025-01-23,New Tiger Plushie Big,2,USTORE
2025-01-23,New Tiger Plushie Small,1,USTORE
2025-01-23,Tiger BUNDLE,2,USTORE
2025-01-23,Tote Bag Canvas White,671,USTORE
2025-01-23,Umb (One For UST),2,USTORE
2025-01-24,Bomber Jacket,1,JUC
2025-01-24,UST College ID Lace,5,JUC
2025-01-24,UST OAT T-Shirt Y/B/COLLEGE,2,JUC
2025-01-24,UST Sweatshirt Sporty,1,JUC
2025-01-24,UST T-Shirt Santo Tomas Shirt/UST T-Shirt Tiger Pattern/HAPPY,10,JUC
2025-01-24,UST T-Shirt Sporty,6,JUC
2025-01-24,BASE BALL SHIRT,1,JYL ATHLETICA
2025-01-24,Cotton Brush Jacket,1,JYL ATHLETICA
2025-01-24,Poloshirt @800,1,JYL ATHLETICA
2025-01-24,QUIANA SUBLI SHIRT (B&Y),3,JYL ATHLETICA
2025-01-24,Hoodies Breaker,2,NAPOLIZ ENTERPRISES
2025-01-24,Eco Bag @80,2,TET AND DARS
2025-01-24,Keychain @160,6,TET AND DARS
2025-01-24,Pen @30,4,TET AND DARS
2025-01-24,Sticker @120,1,TET AND DARS
2025-01-24,Sticker @20,3,TET AND DARS
2025-01-24,C. Keychain,3,USTORE
2025-01-24,Lanyard @190,2,USTORE
2025-01-24,New Tiger Plushie Big,2,USTORE
2025-01-24,New Tiger Plushie Small,1,USTORE
2025-01-24,Paper weight @330,1,USTORE
2025-01-24,Shabby Hat,1,USTORE
2025-01-24,Tote (One For UST),1,USTORE
2025-01-24,Tote (Viva),1,USTORE
2025-01-24,Tote Bag Canvas White,3,USTORE
2025-01-25,Polo Shirt @800,1,BLAZE
2025-01-25,Bomber Jacket,1,JUC
2025-01-25,UST College ID Lace,4,JUC
2025-01-25,UST Sweatshirt Sporty,1,JUC
2025-01-25,UST T-Shirt Santo Tomas Shirt/UST T-Shirt Tiger Pattern/HAPPY,2,JUC
2025-01-25,UST T-Shirt Sporty,1,JUC
2025-01-25,Corp Jacket,1,JYL ATHLETICA
2025-01-25,QUIANA SUBLI SHIRT (B&Y),1,JYL ATHLETICA
2025-01-25,Hoodies Breaker,1,NAPOLIZ ENTERPRISES
2025-01-25,Keychain @160,2,TET AND DARS
2025-01-25,Sticker @20,3,TET AND DARS
2025-01-25,Lanyard @190,5,USTORE
2025-01-25,Tote (Viva),1,USTORE
2025-01-25,Utensil,1,USTORE
2025-01-27,UST College ID Lace,8,JUC
2025-01-27,UST OAT Hoodie Jacket,1,JUC
2025-01-27,UST OAT T-Shirt Y/B/COLLEGE,4,JUC
2025-01-27,UST Sweatshirt Sporty,1,JUC
2025-01-27,UST T-Shirt Santo Tomas Shirt/UST T-Shirt Tiger Pattern/HAPPY,8,JUC
2025-01-27,UST T-Shirt Sporty,10,JUC
2025-01-27,Corp Windbreaker,1,JYL ATHLETICA
2025-01-27,Cotton Brush Jacket,1,JYL ATHLETICA
2025-01-27,DRI-FIT NEW,1,JYL ATHLETICA
2025-01-27,QUIANA SUBLI SHIRT (B&Y),2,JYL ATHLETICA
2025-01-27,Hoodies Breaker,1,NAPOLIZ ENTERPRISES
2025-01-27,Shirts,1,NAPOLIZ ENTERPRISES
2025-01-27,VL Sticker Pack,1,NEW TRENDS
2025-01-27,Sticker @120,1,TET AND DARS
2025-01-27,Sticker @20,2,TET AND DARS
2025-01-27,C. Keychain,2,USTORE
2025-01-27,Lanyard @190,5,USTORE
2025-01-27,New Tiger Plushie Big,1,USTORE
2025-01-27,New Tiger Plushie Small,4,USTORE
2025-01-27,Tote (One For UST),1,USTORE
2025-01-27,Tote (Viva),8,USTORE
2025-01-29,UST OAT Hoodie Jacket,2,JUC
2025-01-29,UST OAT T-Shirt Y/B/COLLEGE,1,JUC
2025-01-29,UST Sweatshirt Sporty,1,JUC
2025-01-29,UST T-Shirt Santo Tomas Shirt/UST T-Shirt Tiger Pattern/HAPPY,5,JUC
2025-01-29,UST T-Shirt Sporty,1,JUC
2025-01-29,Corp Jacket,1,JYL ATHLETICA
2025-01-29,Corp Windbreaker,1,JYL ATHLETICA
2025-01-29,QUIANA SUBLI SHIRT (B&Y),6,JYL ATHLETICA
2025-01-29,Arch @320,1,TET AND DARS
2025-01-29,Keychain @160,1,TET AND DARS
2025-01-29,Pen @30,2,TET AND DARS
2025-01-29,Sticker @20,30,TET AND DARS
2025-01-29,C. Keychain,2,USTORE
2025-01-29,Lanyard @190,1,USTORE
2025-01-29,New Tiger Plushie Big,1,USTORE
2025-01-29,Tote (Viva),1,USTORE
2025-01-29,Umb (One For UST),4,USTORE
2025-01-29,Utensil,3,USTORE
2025-01-30,Bomber Jacket,1,JUC
2025-01-30,UST College ID Lace,10,JUC
2025-01-30,UST OAT Hoodie Jacket,4,JUC
2025-01-30,UST OAT T-Shirt Y/B/COLLEGE,19,JUC
2025-01-30,UST Sweatshirt Sporty,3,JUC
2025-01-30,UST T-Shirt Santo Tomas Shirt/UST T-Shirt Tiger Pattern/HAPPY,13,JUC
2025-01-30,UST T-Shirt Sporty,4,JUC
2025-01-30,BASE BALL SHIRT,1,JYL ATHLETICA
2025-01-30,Corp Windbreaker,2,JYL ATHLETICA
2025-01-30,Cotton Brush Jacket,2,JYL ATHLETICA
2025-01-30,DRI-FIT NEW,1,JYL ATHLETICA
2025-01-30,Jacket,2,JYL ATHLETICA
2025-01-30,Poloshirt @800,1,JYL ATHLETICA
2025-01-30,QUIANA SUBLI SHIRT (B&Y),1,JYL ATHLETICA
2025-01-30,Cane Umbrella,1,NAPOLIZ ENTERPRISES
2025-01-30,Hoodies Breaker,2,NAPOLIZ ENTERPRISES
2025-01-30,UST-Pen W/Box,1,NEW TRENDS
2025-01-30,Arch @320,2,TET AND DARS
2025-01-30,Eco Bag @80,1,TET AND DARS
2025-01-30,Keychain @160,5,TET AND DARS
2025-01-30,Pen @30,13,TET AND DARS
2025-01-30,Sticker @120,1,TET AND DARS
2025-01-30,Sticker @20,3,TET AND DARS
2025-01-30,C. Keychain,6,USTORE
2025-01-30,Kit Set,1,USTORE
2025-01-30,Lanyard @190,5,USTORE
2025-01-30,New Tiger Plushie Big,3,USTORE
2025-01-30,New Tiger Plushie Small,1,USTORE
2025-01-30,Shabby Hat,1,USTORE
2025-01-30,Tote (One For UST),3,USTORE
2025-01-30,Tote (Viva),4,USTORE
2025-01-30,Utensil,1,USTORE
2025-01-31,UST College ID Lace,7,JUC
2025-01-31,UST OAT Hoodie Jacket,8,JUC
2025-01-31,UST OAT T-Shirt Y/B/COLLEGE,32,JUC
2025-01-31,UST Sweatshirt Sporty,12,JUC
2025-01-31,UST T-Shirt Santo Tomas Shirt/UST T-Shirt Tiger Pattern/HAPPY,39,JUC
2025-01-31,UST T-Shirt Sporty,33,JUC
2025-01-31,BASE BALL SHIRT,27,JYL ATHLETICA
2025-01-31,Corp Jacket,1,JYL ATHLETICA
2025-01-31,Corp Windbreaker,2,JYL ATHLETICA
2025-01-31,Cotton Brush Jacket,8,JYL ATHLETICA
2025-01-31,Jacket,1,JYL ATHLETICA
2025-01-31,Poloshirt @800,70,JYL ATHLETICA
2025-01-31,QUIANA SUBLI SHIRT (B&Y),17,JYL ATHLETICA
2025-01-31,Double Canopy,1,NAPOLIZ ENTERPRISES
2025-01-31,Hoodies Breaker,11,NAPOLIZ ENTERPRISES
2025-01-31,UST-Pen W/Box,4,NEW TRENDS
2025-01-31,Arch @320,1,TET AND DARS
2025-01-31,Keychain @160,8,TET AND DARS
2025-01-31,Pen @30,7,TET AND DARS
2025-01-31,Sticker @120,2,TET AND DARS
2025-01-31,Sticker @20,1,TET AND DARS
2025-01-31,C. Keychain,26,USTORE
2025-01-31,Kit Set,2,USTORE
2025-01-31,Lanyard @190,7,USTORE
2025-01-31,New Tiger Plushie Big,7,USTORE
2025-01-31,New Tiger Plushie Small,3,USTORE
2025-01-31,Shabby Hat,11,USTORE
2025-01-31,Tote (Viva),10,USTORE
2025-01-31,Umb (One For UST),1,USTORE
2025-01-31,Utensil,1,USTORE
2025-02-03,UST College ID Lace,13,JUC
2025-02-03,UST OAT T-Shirt Y/B/COLLEGE,6,JUC
2025-02-03,UST Sweatshirt Sporty,4,JUC
2025-02-03,UST T-Shirt Santo Tomas Shirt/UST T-Shirt Tiger Pattern/HAPPY,9,JUC
2025-02-03,UST T-Shirt Sporty,3,JUC
2025-02-03,BASE BALL SHIRT,1,JYL ATHLETICA
2025-02-03,Corp Windbreaker,2,JYL ATHLETICA
2025-02-03,Cotton Brush Jacket,3,JYL ATHLETICA
2025-02-03,DRI-FIT NEW,1,JYL ATHLETICA
2025-02-03,Jacket,1,JYL ATHLETICA
2025-02-03,QUIANA SUBLI SHIRT (B&Y),4,JYL ATHLETICA
2025-02-03,Hoodies Breaker,2,NAPOLIZ ENTERPRISES
2025-02-03,VL Sticker Pack,2,NEW TRENDS
2025-02-03,Eco Bag @80,1,TET AND DARS
2025-02-03,Keychain @180,4,TET AND DARS
2025-02-03,Pen @30,4,TET AND DARS
2025-02-03,Sticker @120,2,TET AND DARS
2025-02-03,Sticker @20,4,TET AND DARS
2025-02-03,C. Keychain,1,USTORE
2025-02-03,Lanyard @190,4,USTORE
2025-02-03,New Tiger Plushie Small @750,1,USTORE
2025-02-03,Shabby Hat,2,USTORE
2025-02-03,Tote (Viva),2,USTORE
2025-02-03,Umb (One For UST),2,USTORE
2025-02-04,UST College ID Lace,4,JUC
2025-02-04,UST OAT T-Shirt Y/B/COLLEGE,6,JUC
2025-02-04,UST T-Shirt Santo Tomas Shirt/UST T-Shirt Tiger Pattern/HAPPY,4,JUC
2025-02-04,UST T-Shirt Sporty,3,JUC
2025-02-04,Corp Jacket,1,JYL ATHLETICA
2025-02-04,DRI-FIT NEW,2,JYL ATHLETICA
2025-02-04,Jacket,2,JYL ATHLETICA
2025-02-04,QUIANA SUBLI SHIRT (B&Y),4,JYL ATHLETICA
2025-02-04,Keychain @180,3,TET AND DARS
2025-02-04,Pen @30,1,TET AND DARS
2025-02-04,Sticker @20,2,TET AND DARS
2025-02-04,C. Keychain,1,USTORE
2025-02-04,Lanyard @190,3,USTORE
2025-02-04,Tote (Viva),1,USTORE
2025-02-04,Umb (One For UST),2,USTORE
2025-02-05,UST College ID Lace,7,JUC
2025-02-05,UST OAT Hoodie Jacket,3,JUC
2025-02-05,UST OAT MUG (W inside),15,JUC
2025-02-05,UST OAT T-Shirt Y/B/COLLEGE,12,JUC
2025-02-05,UST T-Shirt Santo Tomas Shirt/UST T-Shirt Tiger Pattern/HAPPY,10,JUC
2025-02-05,UST T-Shirt Sporty,4,JUC
2025-02-05,Cotton Brush Jacket,2,JYL ATHLETICA
2025-02-05,DRI-FIT NEW,1,JYL ATHLETICA
2025-02-05,Poloshirt 123456 @860,1,JYL ATHLETICA
2025-02-05,Poloshirt @800,2,JYL ATHLETICA
2025-02-05,QUIANA SUBLI SHIRT (B&Y),1,JYL ATHLETICA
2025-02-05,Hoodies Breaker,4,NAPOLIZ ENTERPRISES
2025-02-05,Eco Bag @80,7,TET AND DARS
2025-02-05,Keychain @180,2,TET AND DARS
2025-02-05,Pen @30,2,TET AND DARS
2025-02-05,Sticker @120,1,TET AND DARS
2025-02-05,Sticker @20,3,TET AND DARS
2025-02-05,C. Keychain,1,USTORE
2025-02-05,Lanyard @190,2,USTORE
2025-02-05,MJ Sticker Large,1,USTORE
2025-02-05,MJ Sticker Medium,5,USTORE
2025-02-05,MJ Sticker Small,7,USTORE
2025-02-05,New Tiger Plushie Big @850,1,USTORE
2025-02-05,New Tiger Plushie Small @750,9,USTORE
2025-02-05,Tote (One For UST),1,USTORE
2025-02-05,Tote Bag Canvas White,1,USTORE
2025-02-05,Utensil,1,USTORE
2025-02-06,UST College ID Lace,7,JUC
2025-02-06,UST OAT Hoodie Jacket,1,JUC
2025-02-06,UST OAT MUG (W inside),2,JUC
2025-02-06,UST OAT T-Shirt Y/B/COLLEGE,4,JUC
2025-02-06,UST Sweatshirt Sporty,1,JUC
2025-02-06,UST T-Shirt Santo Tomas Shirt/UST T-Shirt Tiger Pattern/HAPPY,8,JUC
2025-02-06,UST T-Shirt Sporty,1,JUC
2025-02-06,BASE BALL SHIRT,2,JYL ATHLETICA
2025-02-06,Corp Jacket,1,JYL ATHLETICA
2025-02-06,Corp Windbreaker,1,JYL ATHLETICA
2025-02-06,Poloshirt @800,1,JYL ATHLETICA
2025-02-06,QUIANA SUBLI SHIRT (B&Y),1,JYL ATHLETICA
2025-02-06,UST-Pen W/Box,2,NEW TRENDS
2025-02-06,Arch @320,4,TET AND DARS
2025-02-06,Eco Bag @80,1,TET AND DARS
2025-02-06,Keychain @180,13,TET AND DARS
2025-02-06,Pen @30,5,TET AND DARS
2025-02-06,Sticker @120,1,TET AND DARS
2025-02-06,Sticker @20,1,TET AND DARS
2025-02-06,C. Keychain,2,USTORE
2025-02-06,MJ Sticker Bundle,2,USTORE
2025-02-06,MJ Sticker Large,4,USTORE
2025-02-06,MJ Sticker Medium,6,USTORE
2025-02-06,MJ Sticker Small,11,USTORE
2025-02-06,Shabby Hat,2,USTORE
2025-02-06,Tote (One For UST),2,USTORE
2025-02-06,Tote (Viva),2,USTORE
2025-02-06,Tote Bag Canvas White,2,USTORE
2025-02-06,Umb (One For UST),8,USTORE
2025-02-07,UST College ID Lace,13,JUC
2025-02-07,UST OAT Hoodie Jacket,2,JUC
2025-02-07,UST OAT MUG (W inside),6,JUC
2025-02-07,UST OAT T-Shirt Y/B/COLLEGE,9,JUC
2025-02-07,UST Sweatshirt Sporty,3,JUC
2025-02-07,UST T-Shirt Santo Tomas Shirt/UST T-Shirt Tiger Pattern/HAPPY,11,JUC
2025-02-07,UST T-Shirt Sporty,6,JUC
2025-02-07,BASE BALL SHIRT,1,JYL ATHLETICA
2025-02-07,Corp Jacket,2,JYL ATHLETICA
2025-02-07,Cotton Brush Jacket,1,JYL ATHLETICA
2025-02-07,DRI-FIT NEW,3,JYL ATHLETICA
2025-02-07,Jacket,1,JYL ATHLETICA
2025-02-07,QUIANA SUBLI SHIRT (B&Y),1,JYL ATHLETICA
2025-02-07,Hoodies Breaker,3,NAPOLIZ ENTERPRISES
2025-02-07,Hoodie,1,NEW TRENDS
2025-02-07,Eco Bag @80,5,TET AND DARS
2025-02-07,Keychain @180,12,TET AND DARS
2025-02-07,Pen @30,9,TET AND DARS
2025-02-07,Sticker @120,2,TET AND DARS
2025-02-07,Sticker @20,5,TET AND DARS
2025-02-07,C. Keychain,9,USTORE
2025-02-07,Kit Set,1,USTORE
2025-02-07,Lanyard @190,4,USTORE
2025-02-07,MJ Sticker Bundle,1,USTORE
2025-02-07,MJ Sticker Large,1,USTORE
2025-02-07,MJ Sticker Medium,3,USTORE
2025-02-07,MJ Sticker Small,10,USTORE
2025-02-07,New Tiger Plushie Small @750,3,USTORE
2025-02-07,Tote (Viva),1,USTORE
2025-02-07,Umb (One For UST),1,USTORE
2025-02-09,UST College ID Lace,61,JUC
2025-02-09,UST OAT Hoodie Jacket,10,JUC
2025-02-09,UST OAT MUG (W inside),9,JUC
2025-02-09,UST OAT T-Shirt Y/B/COLLEGE,51,JUC
2025-02-09,UST Sweatshirt Sporty,5,JUC
2025-02-09,UST T-Shirt Santo Tomas Shirt/UST T-Shirt Tiger Pattern/HAPPY,91,JUC
2025-02-09,UST T-Shirt Sporty,38,JUC
2025-02-09,Corp Jacket,1,JYL ATHLETICA
2025-02-09,Corp Windbreaker,4,JYL ATHLETICA
2025-02-09,Cotton Brush Jacket,5,JYL ATHLETICA
2025-02-09,DRI-FIT NEW,27,JYL ATHLETICA
2025-02-09,QUIANA SUBLI SHIRT (B&Y),41,JYL ATHLETICA
2025-02-09,Double Canopy,12,NAPOLIZ ENTERPRISES
2025-02-09,Hoodies Breaker,9,NAPOLIZ ENTERPRISES
2025-02-09,Arch @320,7,TET AND DARS
2025-02-09,Keychain @180,28,TET AND DARS
2025-02-09,Pen @30,50,TET AND DARS
2025-02-09,Sticker @120,16,TET AND DARS
2025-02-09,Sticker @20,23,TET AND DARS
2025-02-09,C. Keychain,17,USTORE
2025-02-09,Lanyard @190,30,USTORE
2025-02-09,MJ Sticker Bundle,10,USTORE
2025-02-09,MJ Sticker Large,22,USTORE
2025-02-09,MJ Sticker Medium,73,USTORE
2025-02-09,MJ Sticker Small,80,USTORE
2025-02-09,New Tiger Plushie Big @850,8,USTORE
2025-02-09,New Tiger Plushie Small @750,6,USTORE
2025-02-09,Shabby Hat,5,USTORE
2025-02-09,Tote (Viva),13,USTORE
2025-02-09,Tote Bag Canvas White,27,USTORE
2025-02-09,Umb (One For UST),7,USTORE
2025-02-09,Utensil,2,USTORE
2025-02-10,ABSC College Shirt (60th),20,ARTS AND LETTERS (SHIRT HAPPENS)
2025-02-10,Polo Shirt @800,1,BLAZE
2025-02-10,UST College ID Lace,4,JUC
2025-02-10,UST OAT Hoodie Jacket,5,JUC
2025-02-10,UST OAT MUG (W inside),1,JUC
2025-02-10,UST OAT T-Shirt Y/B/COLLEGE,8,JUC
2025-02-10,UST Sweatshirt Sporty,2,JUC
2025-02-10,UST T-Shirt Santo Tomas Shirt/UST T-Shirt Tiger Pattern/HAPPY,7,JUC
2025-02-10,UST T-Shirt Sporty,4,JUC
2025-02-10,BASE BALL SHIRT,1,JYL ATHLETICA
2025-02-10,Cotton Brush Jacket,1,JYL ATHLETICA
2025-02-10,Poloshirt @800,2,JYL ATHLETICA
2025-02-10,QUIANA SUBLI SHIRT (B&Y),4,JYL ATHLETICA
2025-02-10,Arch @320,3,TET AND DARS
2025-02-10,Sticker @120,1,TET AND DARS
2025-02-10,Sticker @20,3,TET AND DARS
2025-02-10,C. Keychain,3,USTORE
2025-02-10,MJ Sticker Bundle,2,USTORE
2025-02-10,MJ Sticker Large,2,USTORE
2025-02-10,MJ Sticker Medium,9,USTORE
2025-02-10,MJ Sticker Small,6,USTORE
2025-02-10,New Tiger Plushie Big @850,1,USTORE
2025-02-10,Shabby Hat,4,USTORE
2025-02-10,Tote (One For UST),1,USTORE
2025-02-10,Tote (Viva),1,USTORE
2025-02-10,Umb (One For UST),1,USTORE
2025-02-11,ABSC College Shirt (60th),12,ARTS AND LETTERS (SHIRT HAPPENS)
2025-02-11,IPEA Shirt,1,ARTS AND LETTERS (SHIRT HAPPENS)
2025-02-11,Bomber Jacket,1,JUC
2025-02-11,UST College ID Lace,4,JUC
2025-02-11,UST OAT T-Shirt Y/B/COLLEGE,4,JUC
2025-02-11,UST T-Shirt Santo Tomas Shirt/UST T-Shirt Tiger Pattern/HAPPY,8,JUC
2025-02-11,UST T-Shirt Sporty,6,JUC
2025-02-11,BASE BALL SHIRT,1,JYL ATHLETICA
2025-02-11,Corp Jacket,1,JYL ATHLETICA
2025-02-11,Corp Windbreaker,2,JYL ATHLETICA
2025-02-11,Jacket,1,JYL ATHLETICA
2025-02-11,QUIANA SUBLI SHIRT (B&Y),3,JYL ATHLETICA
2025-02-11,Hoodies Breaker,1,NAPOLIZ ENTERPRISES
2025-02-11,Keychain @180,2,TET AND DARS
2025-02-11,Pen @30,1,TET AND DARS
2025-02-11,Sticker @20,4,TET AND DARS
2025-02-11,C. Keychain,2,USTORE
2025-02-11,Kit Set,2,USTORE
2025-02-11,Lanyard @190,10,USTORE
2025-02-11,MJ Sticker Large,3,USTORE
2025-02-11,MJ Sticker Medium,4,USTORE
2025-02-11,New Tiger Plushie Big @850,1,USTORE
2025-02-11,New Tiger Plushie Small @750,2,USTORE
2025-02-11,Tote (Viva),2,USTORE
2025-02-11,Umb (One For UST),3,USTORE
2025-02-12,ABSC College Shirt (60th),6,ARTS AND LETTERS (SHIRT HAPPENS)
2025-02-12,IPEA Shirt,1,ARTS AND LETTERS (SHIRT HAPPENS)
2025-02-12,UST College ID Lace,8,JUC
2025-02-12,UST OAT Hoodie Jacket,1,JUC
2025-02-12,UST OAT MUG (W inside),8,JUC
2025-02-12,UST OAT T-Shirt Y/B/COLLEGE,6,JUC
2025-02-12,UST T-Shirt Santo Tomas Shirt/UST T-Shirt Tiger Pattern/HAPPY,9,JUC
2025-02-12,UST T-Shirt Sporty,2,JUC
2025-02-12,BASE BALL SHIRT,1,JYL ATHLETICA
2025-02-12,Cotton Brush Jacket,1,JYL ATHLETICA
2025-02-12,Jacket,1,JYL ATHLETICA
2025-02-12,New GT Shirts,2,NEW TRENDS
2025-02-12,Arch @320,3,TET AND DARS
2025-02-12,Keychain @180,26,TET AND DARS
2025-02-12,Pen @30,1,TET AND DARS
2025-02-12,Sticker @120,1,TET AND DARS
2025-02-12,C. Keychain,2,USTORE
2025-02-12,Lanyard @190,8,USTORE
2025-02-12,MJ Sticker Large,2,USTORE
2025-02-12,MJ Sticker Medium,3,USTORE
2025-02-12,MJ Sticker Small,1,USTORE
2025-02-12,Tiger BUNDLE,1,USTORE
2025-02-12,Tote (Viva),4,USTORE
2025-02-12,Umb (One For UST),1,USTORE
2025-02-13,ABSC College Shirt (60th),18,ARTS AND LETTERS (SHIRT HAPPENS)
2025-02-13,IPEA Shirt,1,ARTS AND LETTERS (SHIRT HAPPENS)
2025-02-13,UST College ID Lace,5,JUC
2025-02-13,UST OAT Hoodie Jacket,1,JUC
2025-02-13,UST OAT MUG (W inside),1,JUC
2025-02-13,UST OAT T-Shirt Y/B/COLLEGE,10,JUC
2025-02-13,UST Sweatshirt Sporty,2,JUC
2025-02-13,UST T-Shirt Santo Tomas Shirt/UST T-Shirt Tiger Pattern/HAPPY,10,JUC
2025-02-13,UST T-Shirt Sporty,4,JUC
2025-02-13,BASE BALL SHIRT,1,JYL ATHLETICA
2025-02-13,Corp Jacket,1,JYL ATHLETICA
2025-02-13,Corp Windbreaker,2,JYL ATHLETICA
2025-02-13,Double Canopy,1,NAPOLIZ ENTERPRISES
2025-02-13,New GT Shirts,1,NEW TRENDS
2025-02-13,Arch @320,2,TET AND DARS
2025-02-13,Eco Bag @80,7,TET AND DARS
2025-02-13,Keychain @180,2,TET AND DARS
2025-02-13,Pen @30,4,TET AND DARS
2025-02-13,Sticker @120,2,TET AND DARS
2025-02-13,Kit Set,1,USTORE
2025-02-13,Lanyard @190,1,USTORE
2025-02-13,MJ Sticker Large,2,USTORE
2025-02-13,MJ Sticker Medium,6,USTORE
2025-02-13,MJ Sticker Small,6,USTORE
2025-02-13,New Tiger Plushie Big @850,1,USTORE
2025-02-13,Shabby Hat,1,USTORE
2025-02-13,Tote (One For UST),1,USTORE
2025-02-13,Tote (Viva),10,USTORE
2025-02-13,Umb (One For UST),3,USTORE
2025-02-13,Utensil,2,USTORE
2025-02-14,ABSC College Shirt (60th),3,ARTS AND LETTERS (SHIRT HAPPENS)
2025-02-14,UST College ID Lace,4,JUC
2025-02-14,UST OAT Hoodie Jacket,1,JUC
2025-02-14,UST OAT T-Shirt Y/B/COLLEGE,8,JUC
2025-02-14,UST Sweatshirt Sporty,1,JUC
2025-02-14,UST T-Shirt Santo Tomas Shirt/UST T-Shirt Tiger Pattern/HAPPY,12,JUC
2025-02-14,UST T-Shirt Sporty,5,JUC
2025-02-14,DRI-FIT NEW,1,JYL ATHLETICA
2025-02-14,Jacket,1,JYL ATHLETICA
2025-02-14,Poloshirt @800,1,JYL ATHLETICA
2025-02-14,QUIANA SUBLI SHIRT (B&Y),1,JYL ATHLETICA
2025-02-14,Back pack,1,NAPOLIZ ENTERPRISES
2025-02-14,Double Canopy,2,NAPOLIZ ENTERPRISES
2025-02-14,Scarves,2,NEW TRENDS
2025-02-14,Keychain @180,2,TET AND DARS
2025-02-14,Pen @30,1,TET AND DARS
2025-02-14,Sticker @120,2,TET AND DARS
2025-02-14,C. Keychain,7,USTORE
2025-02-14,Lanyard @190,4,USTORE
2025-02-14,MJ Sticker Medium,2,USTORE
2025-02-14,MJ Sticker Small,4,USTORE
2025-02-14,New Tiger Plushie Small @750,2,USTORE
2025-02-14,Tote (Viva),6,USTORE
2025-02-14,Umb (One For UST),9,USTORE
2025-02-14,Utensil,1,USTORE
2025-02-17,ABSC College Shirt (60th),4,ARTS AND LETTERS (SHIRT HAPPENS)
2025-02-17,IPEA Shirt,1,ARTS AND LETTERS (SHIRT HAPPENS)
2025-02-17,UST College ID Lace,2,JUC
2025-02-17,UST OAT MUG (W inside),1,JUC
2025-02-17,UST OAT T-Shirt Y/B/COLLEGE,6,JUC
2025-02-17,UST T-Shirt Santo Tomas Shirt/UST T-Shirt Tiger Pattern/HAPPY,3,JUC
2025-02-17,UST T-Shirt Sporty,2,JUC
2025-02-17,Corp Jacket,1,JYL ATHLETICA
2025-02-17,DRI-FIT NEW,1,JYL ATHLETICA
2025-02-17,Poloshirt @800,2,JYL ATHLETICA
2025-02-17,New GT Shirts,1,NEW TRENDS
2025-02-17,Pen @30,1,TET AND DARS
2025-02-17,C. Keychain,1,USTORE
2025-02-17,C. Sticker @120,1,USTORE
2025-02-17,Lanyard @190,2,USTORE
2025-02-17,MJ Sticker Medium,4,USTORE
2025-02-17,MJ Sticker Small,5,USTORE
2025-02-17,New Tiger Plushie Big @850,1,USTORE
2025-02-17,Umb (One For UST),7,USTORE
2025-02-18,ABSC College Shirt (60th),2,ARTS AND LETTERS (SHIRT HAPPENS)
2025-02-18,UST College ID Lace,6,JUC
2025-02-18,UST OAT MUG (W inside),2,JUC
2025-02-18,UST Sweatshirt Sporty,1,JUC
2025-02-18,UST T-Shirt Santo Tomas Shirt/UST T-Shirt Tiger Pattern/HAPPY,8,JUC
2025-02-18,UST T-Shirt Sporty,3,JUC
2025-02-18,DRI-FIT NEW,2,JYL ATHLETICA
2025-02-18,QUIANA SUBLI SHIRT (B&Y),4,JYL ATHLETICA
2025-02-18,Hoodies Breaker,1,NAPOLIZ ENTERPRISES
2025-02-18,Eco Bag @80,2,TET AND DARS
2025-02-18,Keychain @180,2,TET AND DARS
2025-02-18,Sticker @120,2,TET AND DARS
2025-02-18,Sticker @20,1,TET AND DARS
2025-02-18,Lanyard @190,1,USTORE
2025-02-18,MJ Sticker Bundle,1,USTORE
2025-02-18,MJ Sticker Medium,3,USTORE
2025-02-18,MJ Sticker Small,3,USTORE
2025-02-18,Shabby Hat,1,USTORE
2025-02-18,Tote (Viva),4,USTORE
2025-02-18,Umb (One For UST),6,USTORE
2025-02-19,ABSC College Shirt (60th),10,ARTS AND LETTERS (SHIRT HAPPENS)
2025-02-19,UST College ID Lace,3,JUC
2025-02-19,UST OAT MUG (W inside),11,JUC
2025-02-19,UST OAT T-Shirt Y/B/COLLEGE,14,JUC
2025-02-19,UST Sweatshirt Sporty,1,JUC
2025-02-19,UST T-Shirt Santo Tomas Shirt/UST T-Shirt Tiger Pattern/HAPPY,9,JUC
2025-02-19,Corp Windbreaker,1,JYL ATHLETICA
2025-02-19,DRI-FIT NEW,1,JYL ATHLETICA
2025-02-19,Hoodies Breaker,1,NAPOLIZ ENTERPRISES
2025-02-19,Shirts,2,NEW TRENDS
2025-02-19,VL Sticker Pack,1,NEW TRENDS
2025-02-19,Keychain @180,1,TET AND DARS
2025-02-19,Pen @30,83,TET AND DARS
2025-02-19,Sticker @120,4,TET AND DARS
2025-02-19,C. Keychain,1,USTORE
2025-02-19,Lanyard @190,4,USTORE
2025-02-19,MJ Sticker Medium,9,USTORE
2025-02-19,MJ Sticker Small,7,USTORE
2025-02-19,New Tiger Plushie Small @750,7,USTORE
2025-02-19,Tote (Viva),2,USTORE
2025-02-19,Tote Bag Canvas White,3,USTORE
2025-02-19,Umb (One For UST),9,USTORE
2025-02-20,ABSC College Shirt (60th),5,ARTS AND LETTERS (SHIRT HAPPENS)
2025-02-20,UST College ID Lace,4,JUC
2025-02-20,UST OAT Hoodie Jacket,3,JUC
2025-02-20,UST OAT MUG (W inside),2,JUC
2025-02-20,UST OAT T-Shirt Y/B/COLLEGE,6,JUC
2025-02-20,UST Sweatshirt Sporty,3,JUC
2025-02-20,UST T-Shirt Santo Tomas Shirt/UST T-Shirt Tiger Pattern/HAPPY,4,JUC
2025-02-20,UST T-Shirt Sporty,3,JUC
2025-02-20,Corp Windbreaker,1,JYL ATHLETICA
2025-02-20,DRI-FIT NEW,1,JYL ATHLETICA
2025-02-20,Poloshirt 123456 @860,1,JYL ATHLETICA
2025-02-20,Poloshirt @800,1,JYL ATHLETICA
2025-02-20,QUIANA SUBLI SHIRT (B&Y),2,JYL ATHLETICA
2025-02-20,Hoodies Breaker,1,NAPOLIZ ENTERPRISES
2025-02-20,UST-Pen W/Box,1,NEW TRENDS
2025-02-20,Arch @320,1,TET AND DARS
2025-02-20,Keychain @180,1,TET AND DARS
2025-02-20,Kit Set,1,USTORE
2025-02-20,Lanyard @190,2,USTORE
2025-02-20,MJ Sticker Large,1,USTORE
2025-02-20,MJ Sticker Medium,2,USTORE
2025-02-20,New Tiger Plushie Big @850,2,USTORE
2025-02-20,Tiger BUNDLE,2,USTORE
2025-02-20,Tote (Viva),7,USTORE
2025-02-20,Tote Bag Canvas White,12,USTORE
2025-02-20,Umb (One For UST),12,USTORE
2025-02-20,Utensil,9,USTORE
2025-02-21,ABSC College Shirt (60th),1,ARTS AND LETTERS (SHIRT HAPPENS)
2025-02-21,UST College ID Lace,10,JUC
2025-02-21,UST OAT Hoodie Jacket,4,JUC
2025-02-21,UST OAT MUG (W inside),8,JUC
2025-02-21,UST OAT T-Shirt Y/B/COLLEGE,7,JUC
2025-02-21,UST Sweatshirt Sporty,2,JUC
2025-02-21,UST T-Shirt Santo Tomas Shirt/UST T-Shirt Tiger Pattern/HAPPY,7,JUC
2025-02-21,UST T-Shirt Sporty,2,JUC
2025-02-21,BASE BALL SHIRT,2,JYL ATHLETICA
2025-02-21,Corp Jacket,2,JYL ATHLETICA
2025-02-21,Cotton Brush Jacket,1,JYL ATHLETICA
2025-02-21,DRI-FIT NEW,1,JYL ATHLETICA
2025-02-21,Jacket,3,JYL ATHLETICA
2025-02-21,Poloshirt @800,4,JYL ATHLETICA
2025-02-21,Shirts,1,NAPOLIZ ENTERPRISES
2025-02-21,Varsity Jacket,1,NEW TRENDS
2025-02-21,Arch @320,3,TET AND DARS
2025-02-21,Eco Bag @80,3,TET AND DARS
2025-02-21,C. Keychain,1,USTORE
2025-02-21,Lanyard @190,5,USTORE
2025-02-21,MJ Sticker Large,4,USTORE
2025-02-21,MJ Sticker Medium,4,USTORE
2025-02-21,MJ Sticker Small,2,USTORE
2025-02-21,New Tiger Plushie Big @850,3,USTORE
2025-02-21,New Tiger Plushie Small @750,4,USTORE
2025-02-21,Shabby Hat,1,USTORE
2025-02-21,Tote (Viva),2,USTORE
2025-02-21,Umb (One For UST),1,USTORE
2025-02-21,Utensil,4,USTORE
2025-02-24,ABSC College Shirt (60th),2,ARTS AND LETTERS (SHIRT HAPPENS)
2025-02-24,UST College ID Lace,4,JUC
2025-02-24,UST OAT Hoodie Jacket,5,JUC
2025-02-24,UST OAT MUG (W inside),4,JUC
2025-02-24,UST OAT T-Shirt Y/B/COLLEGE,3,JUC
2025-02-24,UST Sweatshirt Sporty,1,JUC
2025-02-24,UST T-Shirt Santo Tomas Shirt/UST T-Shirt Tiger Pattern/HAPPY,24,JUC
2025-02-24,UST T-Shirt Sporty,1,JUC
2025-02-24,Corp Jacket,2,JYL ATHLETICA
2025-02-24,Cotton Brush Jacket,1,JYL ATHLETICA
2025-02-24,DRI-FIT NEW,1,JYL ATHLETICA
2025-02-24,QUIANA SUBLI SHIRT (B&Y),3,JYL ATHLETICA
2025-02-24,Hoodies Breaker,2,NAPOLIZ ENTERPRISES
2025-02-24,Varsity Jacket,1,NEW TRENDS
2025-02-24,Arch @320,6,TET AND DARS
2025-02-24,Eco Bag @80,6,TET AND DARS
2025-02-24,Keychain @180,6,TET AND DARS
2025-02-24,Sticker @120,4,TET AND DARS
2025-02-24,C. Keychain,3,USTORE
2025-02-24,Lanyard @180,2,USTORE
2025-02-24,Lanyard @190,3,USTORE
2025-02-24,MJ Sticker Medium,3,USTORE
2025-02-24,MJ Sticker Small,4,USTORE
2025-02-24,Tote (Viva),5,USTORE
2025-02-24,Tote Bag Canvas White,2,USTORE
2025-02-24,Umb (One For UST),4,USTORE
2025-02-24,Utensil,5,USTORE
2025-02-26,ABSC College Shirt (60th),3,ARTS AND LETTERS (SHIRT HAPPENS)
2025-02-26,Bomber Jacket,1,JUC
2025-02-26,UST College ID Lace,5,JUC
2025-02-26,UST OAT Hoodie Jacket,3,JUC
2025-02-26,UST OAT MUG (W inside),1,JUC
2025-02-26,UST OAT T-Shirt Y/B/COLLEGE,11,JUC
2025-02-26,UST Sweatshirt Sporty,5,JUC
2025-02-26,UST T-Shirt Santo Tomas Shirt/UST T-Shirt Tiger Pattern/HAPPY,6,JUC
2025-02-26,UST T-Shirt Sporty,7,JUC
2025-02-26,BASE BALL SHIRT,3,JYL ATHLETICA
2025-02-26,Corp Jacket,4,JYL ATHLETICA
2025-02-26,Corp Windbreaker,1,JYL ATHLETICA
2025-02-26,Cotton Brush Jacket,4,JYL ATHLETICA
2025-02-26,DRI-FIT NEW,2,JYL ATHLETICA
2025-02-26,Jacket,1,JYL ATHLETICA
2025-02-26,Poloshirt @800,3,JYL ATHLETICA
2025-02-26,QUIANA SUBLI SHIRT (B&Y),4,JYL ATHLETICA
2025-02-26,Shirts,1,NEW TRENDS
2025-02-26,Keychain @180,2,TET AND DARS
2025-02-26,Sticker @120,5,TET AND DARS
2025-02-26,C. Keychain,2,USTORE
2025-02-26,Lanyard @180,9,USTORE
2025-02-26,Lanyard @190,3,USTORE
2025-02-26,MJ Sticker Large,1,USTORE
2025-02-26,MJ Sticker Medium,3,USTORE
2025-02-26,MJ Sticker Small,3,USTORE
2025-02-26,New Tiger Plushie Big @850,1,USTORE
2025-02-26,New Tiger Plushie Small @750,3,USTORE
2025-02-26,Tote (Viva),4,USTORE
2025-02-26,Tote Bag Canvas White,1,USTORE
2025-02-26,Umb (One For UST),5,USTORE
2025-02-27,ABSC College Shirt (60th),1,ARTS AND LETTERS (SHIRT HAPPENS)
2025-02-27,New Polo Shirt (EMBROIDED),1,BLAZE
2025-02-27,UST OAT Hoodie Jacket,1,JUC
2025-02-27,UST OAT MUG (W inside),9,JUC
2025-02-27,UST OAT T-Shirt Y/B/COLLEGE,8,JUC
2025-02-27,UST T-Shirt Santo Tomas Shirt/UST T-Shirt Tiger Pattern/HAPPY,6,JUC
2025-02-27,UST T-Shirt Sporty,1,JUC
2025-02-27,Cotton Brush Jacket,1,JYL ATHLETICA
2025-02-27,Jacket,1,JYL ATHLETICA
2025-02-27,Arch @320,1,TET AND DARS
2025-02-27,Eco Bag @80,1,TET AND DARS
2025-02-27,Keychain @180,5,TET AND DARS
2025-02-27,C. Keychain,6,USTORE
2025-02-27,Lanyard @180,4,USTORE
2025-02-27,MJ Sticker Bundle,1,USTORE
2025-02-27,MJ Sticker Large,8,USTORE
2025-02-27,MJ Sticker Medium,5,USTORE
2025-02-27,MJ Sticker Small,9,USTORE
2025-02-27,New Tiger Plushie Small @750,2,USTORE
2025-02-27,Tote (Viva),1,USTORE
2025-02-27,Tote Bag Canvas White,6,USTORE
2025-02-28,ABSC College Shirt (60th),1,ARTS AND LETTERS (SHIRT HAPPENS)
2025-02-28,Bomber Jacket,1,JUC
2025-02-28,UST College ID Lace,6,JUC
2025-02-28,UST OAT Hoodie Jacket,3,JUC
2025-02-28,UST OAT MUG (W inside),1,JUC
2025-02-28,UST OAT T-Shirt Y/B/COLLEGE,6,JUC
2025-02-28,UST Sweatshirt Sporty,4,JUC
2025-02-28,UST T-Shirt Santo Tomas Shirt/UST T-Shirt Tiger Pattern/HAPPY,22,JUC
2025-02-28,UST T-Shirt Sporty,4,JUC
2025-02-28,Cotton Brush Jacket,2,JYL ATHLETICA
2025-02-28,DRI-FIT NEW,1,JYL ATHLETICA
2025-02-28,Poloshirt @800,1,JYL ATHLETICA
2025-02-28,QUIANA SUBLI SHIRT (B&Y),4,JYL ATHLETICA
2025-02-28,Hoodies Breaker,2,NAPOLIZ ENTERPRISES
2025-02-28,Arch @320,4,TET AND DARS
2025-02-28,Eco Bag @80,3,TET AND DARS
2025-02-28,Keychain @180,5,TET AND DARS
2025-02-28,Sticker @120,4,TET AND DARS
2025-02-28,C. Keychain,2,USTORE
2025-02-28,Lanyard @180,17,USTORE
2025-02-28,Lanyard @190,4,USTORE
2025-02-28,MJ Sticker Large,2,USTORE
2025-02-28,MJ Sticker Medium,8,USTORE
2025-02-28,MJ Sticker Small,14,USTORE
2025-02-28,New Tiger Plushie Big @850,1,USTORE
2025-02-28,New Tiger Plushie Small @750,2,USTORE
2025-02-28,Shabby Hat,13,USTORE
2025-02-28,Tiger BUNDLE,1,USTORE
2025-02-28,Tote (Viva),5,USTORE
2025-02-28,Tote Bag Canvas White,1,USTORE
2025-02-28,Umb (One For UST),2,USTORE
2025-03-03,IPEA Shirt,1,ARTS AND LETTERS (SHIRT HAPPENS)
2025-03-03,New Polo Shirt (EMBROIDED),2,BLAZE
2025-03-03,UST T-Shirt Santo Tomas Shirt/UST T-Shirt Tiger Pattern/HAPPY,6,JUC
2025-03-03,Hoodies Breaker,3,NAPOLIZ ENTERPRISES
2025-03-03,Lanyard @180,1,USTORE
2025-03-03,MJ Sticker Large,2,USTORE
2025-03-03,MJ Sticker Medium,3,USTORE
2025-03-03,MJ Sticker Small,2,USTORE
2025-03-03,Tote Bag Canvas White,15,USTORE
2025-03-05,Shirts all @450 UPSIZE (3XL-5XL),2,JUC
2025-03-05,UST College ID Lace,4,JUC
2025-03-05,UST OAT Hoodie Jacket,3,JUC
2025-03-05,UST OAT T-Shirt Y/B/COLLEGE,1,JUC
2025-03-05,UST Sweatshirt Sporty,1,JUC
2025-03-05,UST T-Shirt Santo Tomas Shirt/UST T-Shirt Tiger Pattern/HAPPY,5,JUC
2025-03-05,UST T-Shirt Sporty,1,JUC
2025-03-05,BASE BALL SHIRT,1,JYL ATHLETICA
2025-03-05,Cotton Gray Jacket,1,JYL ATHLETICA
2025-03-05,DRI-FIT NEW,1,JYL ATHLETICA
2025-03-05,Jacket,1,JYL ATHLETICA
2025-03-05,Poloshirt @800,2,JYL ATHLETICA
2025-03-05,QUIANA SUBLI SHIRT (B&Y),1,JYL ATHLETICA
2025-03-05,Hoodies Breaker,1,NAPOLIZ ENTERPRISES
2025-03-05,Arch @320,3,TET AND DARS
2025-03-05,Eco Bag @80,3,TET AND DARS
2025-03-05,Keychain @180,1,TET AND DARS
2025-03-05,Sticker @120,5,TET AND DARS
2025-03-05,Lanyard @180,17,USTORE
2025-03-05,Lanyard @190,1,USTORE
2025-03-05,MJ Sticker Medium,4,USTORE
2025-03-05,MJ Sticker Small,5,USTORE
2025-03-05,New Tiger Plushie Big @850,1,USTORE
2025-03-05,New Tiger Plushie Small @750,1,USTORE
2025-03-05,Notelet,9,USTORE
2025-03-05,Shabby Hat,8,USTORE
2025-03-05,Tote (Viva),1,USTORE
2025-03-05,Tote Bag Canvas White,1,USTORE
2025-03-05,Umb (One For UST),3,USTORE
2025-03-05,New GT Shirts,1,VARSITY LIFESTYLE
2025-03-06,UST College ID Lace,2,JUC
2025-03-06,UST OAT Hoodie Jacket,1,JUC
2025-03-06,UST OAT MUG (W inside),1,JUC
2025-03-06,UST OAT T-Shirt Y/B/COLLEGE,4,JUC
2025-03-06,UST T-Shirt Santo Tomas Shirt/UST T-Shirt Tiger Pattern/HAPPY,7,JUC
2025-03-06,UST T-Shirt Sporty,4,JUC
2025-03-06,Cotton Brush Jacket,1,JYL ATHLETICA
2025-03-06,Poloshirt @800,1,JYL ATHLETICA
2025-03-06,QUIANA SUBLI SHIRT (B&Y),1,JYL ATHLETICA
2025-03-06,Arch @320,1,TET AND DARS
2025-03-06,Keychain @180,4,TET AND DARS
2025-03-06,C. Keychain,1,USTORE
2025-03-06,Clappers,1,USTORE
2025-03-06,Lanyard @180,18,USTORE
2025-03-06,Lanyard @190,3,USTORE
2025-03-06,MJ Sticker Large,4,USTORE
2025-03-06,MJ Sticker Medium,4,USTORE
2025-03-06,MJ Sticker Small,5,USTORE
2025-03-06,Tote (One For UST),45,USTORE
2025-03-06,Umb (One For UST),1,USTORE
2025-03-07,ABSC College Shirt (60th),2,ARTS AND LETTERS (SHIRT HAPPENS)
2025-03-07,New Polo Shirt (EMBROIDED),2,BLAZE
2025-03-07,UST College ID Lace,7,JUC
2025-03-07,UST OAT MUG (W inside),1,JUC
2025-03-07,UST OAT T-Shirt Y/B/COLLEGE,5,JUC
2025-03-07,UST Sweatshirt Sporty,4,JUC
2025-03-07,UST T-Shirt Santo Tomas Shirt/UST T-Shirt Tiger Pattern/HAPPY,17,JUC
2025-03-07,UST T-Shirt Sporty,9,JUC
2025-03-07,UST T-Shirt Sporty UPSIZE (3XL-5XL),1,JUC
2025-03-07,BASE BALL SHIRT,4,JYL ATHLETICA
2025-03-07,Cotton Black Jacket,1,JYL ATHLETICA
2025-03-07,Cotton Brush Jacket,1,JYL ATHLETICA
2025-03-07,Cotton Gray Jacket,1,JYL ATHLETICA
2025-03-07,DRI-FIT NEW,1,JYL ATHLETICA
2025-03-07,Jacket,4,JYL ATHLETICA
2025-03-07,Poloshirt @800,1,JYL ATHLETICA
2025-03-07,QUIANA SUBLI SHIRT (B&Y),3,JYL ATHLETICA
2025-03-07,Double Canopy,2,NAPOLIZ ENTERPRISES
2025-03-07,Hoodies Breaker,1,NAPOLIZ ENTERPRISES
2025-03-07,UST-Pen W/Box,1,NEW TRENDS
2025-03-07,Arch @320,3,TET AND DARS
2025-03-07,Keychain @180,4,TET AND DARS
2025-03-07,C. Keychain,4,USTORE
2025-03-07,Lanyard @180,18,USTORE
2025-03-07,Lanyard @190,4,USTORE
2025-03-07,MJ Sticker Large,4,USTORE
2025-03-07,MJ Sticker Medium,8,USTORE
2025-03-07,MJ Sticker Small,11,USTORE
2025-03-07,New Tiger Plushie Big @850,1,USTORE
2025-03-07,New Tiger Plushie Small @750,2,USTORE
2025-03-07,Notelet,2,USTORE
2025-03-07,Tote (One For UST),2,USTORE
2025-03-07,Tote (Viva),12,USTORE
2025-03-07,Tote Bag Canvas White,2,USTORE
2025-03-07,Umb (One For UST),3,USTORE
2025-03-07,New GT Shirts,1,VARSITY LIFESTYLE
2025-03-08,IPEA Shirt,1,ARTS AND LETTERS (SHIRT HAPPENS)
2025-03-08,Shirts all @450 UPSIZE (3XL-5XL),1,JUC
2025-03-08,UST College ID Lace,9,JUC
2025-03-08,UST OAT Hoodie Jacket,1,JUC
2025-03-08,UST OAT T-Shirt Y/B/COLLEGE,6,JUC
2025-03-08,UST T-Shirt Santo Tomas Shirt/UST T-Shirt Tiger Pattern/HAPPY,6,JUC
2025-03-08,UST T-Shirt Sporty,1,JUC
2025-03-08,UST T-Shirt Sporty UPSIZE (3XL-5XL),1,JUC
2025-03-08,Cotton Gray Jacket,1,JYL ATHLETICA
2025-03-08,DRI-FIT NEW,2,JYL ATHLETICA
2025-03-08,Poloshirt 123456 @860,1,JYL ATHLETICA
2025-03-08,Poloshirt @800,4,JYL ATHLETICA
2025-03-08,QUIANA SUBLI SHIRT (B&Y),2,JYL ATHLETICA
2025-03-08,Arch @320,2,TET AND DARS
2025-03-08,Keychain @180,1,TET AND DARS
2025-03-08,Aquaflask,1,USTORE
2025-03-08,C. Keychain,1,USTORE
2025-03-08,Clappers,2,USTORE
2025-03-08,Lanyard @180,9,USTORE
2025-03-08,Lanyard @190,6,USTORE
2025-03-08,MJ Sticker Large,4,USTORE
2025-03-08,MJ Sticker Medium,7,USTORE
2025-03-08,MJ Sticker Small,20,USTORE
2025-03-08,New Tiger Plushie Big @850,1,USTORE
2025-03-08,Tote Bag Canvas White,1,USTORE
2025-03-08,Umb (One For UST),2,USTORE
2025-03-10,New Polo Shirt (EMBROIDED),1,BLAZE
2025-03-10,Polo Shirt @800,1,BLAZE
2025-03-10,UST College ID Lace,4,JUC
2025-03-10,UST OAT Hoodie Jacket,2,JUC
2025-03-10,UST OAT T-Shirt Y/B/COLLEGE,11,JUC
2025-03-10,UST T-Shirt Santo Tomas Shirt/UST T-Shirt Tiger Pattern/HAPPY,1,JUC
2025-03-10,UST T-Shirt Sporty,2,JUC
2025-03-10,Cotton Black Jacket,1,JYL ATHLETICA
2025-03-10,Cotton Gray Jacket,1,JYL ATHLETICA
2025-03-10,Keychain @180,1,TET AND DARS
2025-03-10,Aquaflask,1,USTORE
2025-03-10,Lanyard @180,7,USTORE
2025-03-10,Lanyard @190,1,USTORE
2025-03-10,MJ Sticker Large,2,USTORE
2025-03-10,MJ Sticker Medium,1,USTORE
2025-03-10,MJ Sticker Small,3,USTORE
2025-03-10,Shabby Hat,1,USTORE
2025-03-10,Tote (Viva),1,USTORE
2025-03-10,Tote Bag Canvas White,1,USTORE
2025-03-11,ABSC College Shirt (60th),1,ARTS AND LETTERS (SHIRT HAPPENS)
2025-03-11,New Polo Shirt (EMBROIDED),1,BLAZE
2025-03-11,Polo Shirt @800,2,BLAZE
2025-03-11,Bomber Jacket,1,JUC
2025-03-11,Shirts all @450 UPSIZE (3XL-5XL),1,JUC
2025-03-11,UST College ID Lace,2,JUC
2025-03-11,UST OAT Hoodie Jacket,2,JUC
2025-03-11,UST OAT T-Shirt Y/B/COLLEGE,6,JUC
2025-03-11,UST Sweatshirt Sporty,1,JUC
2025-03-11,UST T-Shirt Santo Tomas Shirt/UST T-Shirt Tiger Pattern/HAPPY,4,JUC
2025-03-11,UST T-Shirt Sporty,5,JUC
2025-03-11,Corp Jacket,2,JYL ATHLETICA
2025-03-11,Corp Windbreaker,1,JYL ATHLETICA
2025-03-11,Cotton Brush Jacket,2,JYL ATHLETICA
2025-03-11,Poloshirt 123456 @860,2,JYL ATHLETICA
2025-03-11,Poloshirt @800,2,JYL ATHLETICA
2025-03-11,Arch @320,4,TET AND DARS
2025-03-11,Sticker @120,4,TET AND DARS
2025-03-11,C. Keychain,2,USTORE
2025-03-11,Lanyard @180,17,USTORE
2025-03-11,Lanyard @190,2,USTORE
2025-03-11,MJ Sticker Medium,4,USTORE
2025-03-11,MJ Sticker Small,4,USTORE
2025-03-11,Tote (One For UST),1,USTORE
2025-03-11,Tote Bag Canvas White,1,USTORE
2025-03-11,Umb (One For UST),1,USTORE
2025-03-12,Bomber Jacket,1,JUC
2025-03-12,UST College ID Lace,5,JUC
2025-03-12,UST OAT Hoodie Jacket,1,JUC
2025-03-12,UST OAT MUG (Y/B inside),1,JUC
2025-03-12,UST Sweatshirt Sporty,1,JUC
2025-03-12,UST T-Shirt Santo Tomas Shirt/UST T-Shirt Tiger Pattern/HAPPY,7,JUC
2025-03-12,UST T-Shirt Sporty,6,JUC
2025-03-12,DRI-FIT NEW,1,JYL ATHLETICA
2025-03-12,Jacket,3,JYL ATHLETICA
2025-03-12,Poloshirt @800,1,JYL ATHLETICA
2025-03-12,QUIANA SUBLI SHIRT (B&Y),1,JYL ATHLETICA
2025-03-12,Double Canopy,1,NAPOLIZ ENTERPRISES
2025-03-12,UST-Pen W/Box,1,NEW TRENDS
2025-03-12,Keychain @180,1,TET AND DARS
2025-03-12,Sticker @120,1,TET AND DARS
2025-03-12,Aquaflask,1,USTORE
2025-03-12,Bookmark,47,USTORE
2025-03-12,C. Keychain,2,USTORE
2025-03-12,Clappers,2,USTORE
2025-03-12,Kit Set,11,USTORE
2025-03-12,Lanyard @180,9,USTORE
2025-03-12,Lanyard @190,2,USTORE
2025-03-12,MJ Sticker Large,2,USTORE
2025-03-12,MJ Sticker Medium,3,USTORE
2025-03-12,MJ Sticker Small,1,USTORE
2025-03-12,New Tiger Plushie Big @850,1,USTORE
2025-03-12,New Tiger Plushie Small @750,1,USTORE
2025-03-12,Notelet,47,USTORE
2025-03-12,Tiger BUNDLE,1,USTORE
2025-03-12,Tote (Viva),3,USTORE
2025-03-12,Tote Bag Canvas White,48,USTORE
2025-03-12,Utensil,1,USTORE
2025-03-12,Hoodie,1,VARSITY LIFESTYLE
2025-03-13,ABSC College Shirt (60th),1,ARTS AND LETTERS (SHIRT HAPPENS)
2025-03-13,New Polo Shirt (EMBROIDED),1,BLAZE
2025-03-13,UST College ID Lace,3,JUC
2025-03-13,UST OAT Hoodie Jacket,1,JUC
2025-03-13,UST OAT MUG (Y/B inside),1,JUC
2025-03-13,UST OAT T-Shirt Y/B/COLLEGE,4,JUC
2025-03-13,UST Sweatshirt Sporty,1,JUC
2025-03-13,UST T-Shirt Santo Tomas Shirt/UST T-Shirt Tiger Pattern/HAPPY,9,JUC
2025-03-13,UST T-Shirt Sporty,4,JUC
2025-03-13,DRI-FIT NEW,1,JYL ATHLETICA
2025-03-13,QUIANA SUBLI SHIRT (B&Y),1,JYL ATHLETICA
2025-03-13,Keychain @180,3,TET AND DARS
2025-03-13,Aquaflask,2,USTORE
2025-03-13,C. Keychain,9,USTORE
2025-03-13,Lanyard @180,8,USTORE
2025-03-13,Lanyard @190,3,USTORE
2025-03-13,MJ Sticker Large,3,USTORE
2025-03-13,MJ Sticker Medium,5,USTORE
2025-03-13,MJ Sticker Small,3,USTORE
2025-03-13,New Tiger Plushie Big @850,1,USTORE
2025-03-13,New Tiger Plushie Small @750,10,USTORE
2025-03-13,Shabby Hat,8,USTORE
2025-03-13,Tote Bag Canvas White,1,USTORE
2025-03-13,New GT Shirts,1,VARSITY LIFESTYLE
2025-03-14,ABSC College Shirt (60th),2,ARTS AND LETTERS (SHIRT HAPPENS)
2025-03-14,New Polo Shirt (EMBROIDED),3,BLAZE
2025-03-14,Shirts all @450 UPSIZE (3XL-5XL),2,JUC
2025-03-14,UST College ID Lace,2,JUC
2025-03-14,UST OAT Hoodie Jacket,1,JUC
2025-03-14,UST OAT MUG (Y/B inside),2,JUC
2025-03-14,UST OAT T-Shirt Y/B/COLLEGE,9,JUC
2025-03-14,UST Sweatshirt Sporty,6,JUC
2025-03-14,UST T-Shirt Santo Tomas Shirt/UST T-Shirt Tiger Pattern/HAPPY,15,JUC
2025-03-14,UST T-Shirt Sporty,26,JUC
2025-03-14,UST T-Shirt Sporty UPSIZE (3XL-5XL),1,JUC
2025-03-14,BASE BALL SHIRT,1,JYL ATHLETICA
2025-03-14,Cotton Brush Jacket,1,JYL ATHLETICA
2025-03-14,DRI-FIT NEW,2,JYL ATHLETICA
2025-03-14,QUIANA SUBLI SHIRT (B&Y),3,JYL ATHLETICA
2025-03-14,Taslan NEW,1,JYL ATHLETICA
2025-03-14,Arch @320,1,TET AND DARS
2025-03-14,Eco Bag @80,1,TET AND DARS
2025-03-14,Keychain @180,1,TET AND DARS
2025-03-14,Sticker @120,1,TET AND DARS
2025-03-14,Aquaflask,1,USTORE
2025-03-14,C. Keychain,1,USTORE
2025-03-14,Clappers,2,USTORE
2025-03-14,Lanyard @180,14,USTORE
2025-03-14,Lanyard @190,3,USTORE
2025-03-14,MJ Sticker Large,6,USTORE
2025-03-14,MJ Sticker Medium,6,USTORE
2025-03-14,MJ Sticker Small,12,USTORE
2025-03-14,New Tiger Plushie Big @850,1,USTORE
2025-03-14,New Tiger Plushie Small @750,1,USTORE
2025-03-14,Shabby Hat,2,USTORE
2025-03-14,Tiger BUNDLE,22,USTORE
2025-03-14,Tote (One For UST),2,USTORE
2025-03-14,Tote (Viva),4,USTORE
2025-03-14,Tote Bag Canvas White,1,USTORE
2025-03-14,Umb (One For UST),5,USTORE
2025-03-14,Hoodie,2,VARSITY LIFESTYLE
2025-03-14,Scarves,2,VARSITY LIFESTYLE
2025-03-15,Shirts all @450 UPSIZE (3XL-5XL),1,JUC
2025-03-15,UST College ID Lace,5,JUC
2025-03-15,UST OAT Hoodie Jacket,1,JUC
2025-03-15,UST OAT MUG (Y/B inside),1,JUC
2025-03-15,UST T-Shirt Santo Tomas Shirt/UST T-Shirt Tiger Pattern/HAPPY,8,JUC
2025-03-15,UST T-Shirt Sporty,2,JUC
2025-03-15,Corp Jacket,1,JYL ATHLETICA
2025-03-15,DRI-FIT NEW,2,JYL ATHLETICA
2025-03-15,Jacket,1,JYL ATHLETICA
2025-03-15,Poloshirt @800,1,JYL ATHLETICA
2025-03-15,QUIANA SUBLI SHIRT (B&Y),2,JYL ATHLETICA
2025-03-15,Double Canopy,1,NAPOLIZ ENTERPRISES
2025-03-15,Laptop Bag,1,NAPOLIZ ENTERPRISES
2025-03-15,Keychain @180,1,TET AND DARS
2025-03-15,Sticker @120,1,TET AND DARS
2025-03-15,C. Sticker @120,1,USTORE
2025-03-15,Lanyard @180,6,USTORE
2025-03-15,Lanyard @190,2,USTORE
2025-03-15,MJ Sticker Large,2,USTORE
2025-03-15,MJ Sticker Medium,5,USTORE
2025-03-15,MJ Sticker Small,4,USTORE
2025-03-15,New Tiger Plushie Small @750,3,USTORE
2025-03-15,Tote (One For UST),3,USTORE
2025-03-15,Tote Bag Canvas White,2,USTORE
2025-03-15,New GT Shirts,1,VARSITY LIFESTYLE
2025-03-17,IPEA Shirt,2,ARTS AND LETTERS (SHIRT HAPPENS)
2025-03-17,UST College ID Lace,1,JUC
2025-03-17,UST OAT MUG (Y/B inside),3,JUC
2025-03-17,UST OAT T-Shirt Y/B/COLLEGE,8,JUC
2025-03-17,UST T-Shirt Santo Tomas Shirt/UST T-Shirt Tiger Pattern/HAPPY,2,JUC
2025-03-17,UST T-Shirt Sporty,4,JUC
2025-03-17,Corp Jacket,1,JYL ATHLETICA
2025-03-17,DRI-FIT NEW,3,JYL ATHLETICA
2025-03-17,Jacket,1,JYL ATHLETICA
2025-03-17,Poloshirt @800,2,JYL ATHLETICA
2025-03-17,QUIANA SUBLI SHIRT (B&Y),2,JYL ATHLETICA
2025-03-17,Double Canopy,1,NAPOLIZ ENTERPRISES
2025-03-17,Keychain @180,5,TET AND DARS
2025-03-17,Sticker @120,1,TET AND DARS
2025-03-17,Aquaflask,1,USTORE
2025-03-17,C. Keychain,4,USTORE
2025-03-17,C. Sticker @120,1,USTORE
2025-03-17,Clappers,1,USTORE
2025-03-17,Lanyard @180,8,USTORE
2025-03-17,Lanyard @190,3,USTORE
2025-03-17,MJ Sticker Medium,3,USTORE
2025-03-17,MJ Sticker Small,8,USTORE
2025-03-17,New Tiger Plushie Big @850,1,USTORE
2025-03-17,Tote (One For UST),2,USTORE
2025-03-17,Tote (Viva),5,USTORE
2025-03-17,Umb (One For UST),5,USTORE
2025-03-18,New Polo Shirt (EMBROIDED),1,BLAZE
2025-03-18,Shirts all @450 UPSIZE (3XL-5XL),1,JUC
2025-03-18,UST College ID Lace,4,JUC
2025-03-18,UST OAT MUG (W inside),5,JUC
2025-03-18,UST OAT T-Shirt Y/B/COLLEGE,5,JUC
2025-03-18,UST T-Shirt Santo Tomas Shirt/UST T-Shirt Tiger Pattern/HAPPY,10,JUC
2025-03-18,UST T-Shirt Sporty,5,JUC
2025-03-18,BASE BALL SHIRT,1,JYL ATHLETICA
2025-03-18,Cotton Gray Jacket,1,JYL ATHLETICA
2025-03-18,Poloshirt @800,3,JYL ATHLETICA
2025-03-18,QUIANA SUBLI SHIRT (B&Y),2,JYL ATHLETICA
2025-03-18,Keychain @180,1,TET AND DARS
2025-03-18,Aquaflask,1,USTORE
2025-03-18,C. Keychain,1,USTORE
2025-03-18,Lanyard @180,13,USTORE
2025-03-18,MJ Sticker Medium,7,USTORE
2025-03-18,MJ Sticker Small,7,USTORE
2025-03-18,New Tiger Plushie Big @850,3,USTORE
2025-03-18,New Tiger Plushie Small @750,2,USTORE
2025-03-18,Tote (One For UST),1,USTORE
2025-03-18,Tote Bag Canvas White,11,USTORE
2025-03-19,Bomber Jacket,1,JUC
2025-03-19,UST College ID Lace,3,JUC
2025-03-19,UST OAT Hoodie Jacket,1,JUC
2025-03-19,UST OAT MUG (W inside),7,JUC
2025-03-19,UST OAT MUG (Y/B inside),3,JUC
2025-03-19,UST OAT T-Shirt Y/B/COLLEGE,3,JUC
2025-03-19,UST T-Shirt Santo Tomas Shirt/UST T-Shirt Tiger Pattern/HAPPY,7,JUC
2025-03-19,UST T-Shirt Sporty,2,JUC
2025-03-19,UST-Pen W/Box,12,NEW TRENDS
2025-03-19,Eco Bag @80,1,TET AND DARS
2025-03-19,Keychain @180,3,TET AND DARS
2025-03-19,Aquaflask,11,USTORE
2025-03-19,Lanyard @180,5,USTORE
2025-03-19,Lanyard @190,1,USTORE
2025-03-19,MJ Sticker Large,3,USTORE
2025-03-19,MJ Sticker Medium,6,USTORE
2025-03-19,MJ Sticker Small,4,USTORE
2025-03-19,New Tiger Plushie Big @850,7,USTORE
2025-03-19,New Tiger Plushie Small @750,2,USTORE
2025-03-19,Notelet,7,USTORE
2025-03-19,Tiger BUNDLE,1,USTORE
2025-03-19,Tote (One For UST),3,USTORE
2025-03-19,Tote (Viva),1,USTORE
2025-03-19,Umb (One For UST),10,USTORE
2025-03-20,Polo Shirt @800,1,BLAZE
2025-03-20,UST College ID Lace,5,JUC
2025-03-20,UST OAT T-Shirt Y/B/COLLEGE,1,JUC
2025-03-20,UST Sweatshirt Sporty,1,JUC
2025-03-20,UST T-Shirt Santo Tomas Shirt/UST T-Shirt Tiger Pattern/HAPPY,4,JUC
2025-03-20,UST T-Shirt Sporty,2,JUC
2025-03-20,UST T-Shirt Sporty UPSIZE (3XL-5XL),1,JUC
2025-03-20,BASE BALL SHIRT,1,JYL ATHLETICA
2025-03-20,DRI-FIT NEW,1,JYL ATHLETICA
2025-03-20,Poloshirt @800,2,JYL ATHLETICA
2025-03-20,Hoodies Breaker,1,NAPOLIZ ENTERPRISES
2025-03-20,Keychain @180,2,TET AND DARS
2025-03-20,Sticker @120,1,TET AND DARS
2025-03-20,C. Keychain,5,USTORE
2025-03-20,Clappers,6,USTORE
2025-03-20,Kit Set,1,USTORE
2025-03-20,Lanyard @180,18,USTORE
2025-03-20,Lanyard @190,3,USTORE
2025-03-20,MJ Sticker Large,5,USTORE
2025-03-20,MJ Sticker Medium,12,USTORE
2025-03-20,MJ Sticker Small,7,USTORE
2025-03-20,Tote (Viva),1,USTORE
2025-03-20,Tote Bag Canvas White,1,USTORE
2025-03-20,Umb (One For UST),3,USTORE
2025-03-21,IPEA Shirt,1,ARTS AND LETTERS (SHIRT HAPPENS)
2025-03-21,UST College ID Lace,4,JUC
2025-03-21,UST OAT Hoodie Jacket,1,JUC
2025-03-21,UST OAT MUG (W inside),6,JUC
2025-03-21,UST OAT T-Shirt Y/B/COLLEGE,18,JUC
2025-03-21,UST Sweatshirt Sporty,1,JUC
2025-03-21,UST T-Shirt Santo Tomas Shirt/UST T-Shirt Tiger Pattern/HAPPY,7,JUC
2025-03-21,UST T-Shirt Sporty,1,JUC
2025-03-21,BASE BALL SHIRT,1,JYL ATHLETICA
2025-03-21,Cotton Brush Jacket,1,JYL ATHLETICA
2025-03-21,Cotton Gray Jacket,2,JYL ATHLETICA
2025-03-21,Jacket,3,JYL ATHLETICA
2025-03-21,Poloshirt @800,1,JYL ATHLETICA
2025-03-21,VB Jersey without Sig @1500,1,JYL ATHLETICA
2025-03-21,Hoodies Breaker,1,NAPOLIZ ENTERPRISES
2025-03-21,Keychain @180,1,TET AND DARS
2025-03-21,Aquaflask,1,USTORE
2025-03-21,C. Keychain,6,USTORE
2025-03-21,Lanyard @180,12,USTORE
2025-03-21,MJ Sticker Medium,4,USTORE
2025-03-21,MJ Sticker Small,4,USTORE
2025-03-21,New Tiger Plushie Big @850,3,USTORE
2025-03-21,New Tiger Plushie Small @750,2,USTORE
2025-03-21,Notelet,6,USTORE
2025-03-21,Tote (Viva),6,USTORE
2025-03-21,Tote Bag Canvas White,3,USTORE
2025-03-21,Umb (One For UST),4,USTORE
2025-03-21,Shirts,1,VARSITY LIFESTYLE
2025-03-22,ABSC College Shirt (60th),1,ARTS AND LETTERS (SHIRT HAPPENS)
2025-03-22,UST College ID Lace,2,JUC
2025-03-22,UST OAT MUG (Y/B inside),19,JUC
2025-03-22,UST OAT T-Shirt Y/B/COLLEGE,1,JUC
2025-03-22,UST T-Shirt Santo Tomas Shirt/UST T-Shirt Tiger Pattern/HAPPY,4,JUC
2025-03-22,UST T-Shirt Sporty,1,JUC
2025-03-22,Corp Jacket,1,JYL ATHLETICA
2025-03-22,QUIANA SUBLI SHIRT (B&Y),4,JYL ATHLETICA
2025-03-22,Eco Bag @80,1,TET AND DARS
2025-03-22,Sticker @120,1,TET AND DARS
2025-03-22,C. Keychain,3,USTORE
2025-03-22,Lanyard @180,3,USTORE
2025-03-22,Lanyard @190,5,USTORE
2025-03-22,MJ Sticker Medium,2,USTORE
2025-03-22,New Tiger Plushie Big @850,1,USTORE
2025-03-22,Notelet,5,USTORE
2025-03-22,Shabby Hat,1,USTORE
2025-03-22,Tote (One For UST),1,USTORE
2025-03-22,Umb (One For UST),1,USTORE
2025-03-25,New Polo Shirt (EMBROIDED),1,BLAZE
2025-03-25,Polo Shirt @800,1,BLAZE
2025-03-25,UST College ID Lace,1,JUC
2025-03-25,UST OAT Hoodie Jacket,1,JUC
2025-03-25,UST OAT MUG (Y/B inside),4,JUC
2025-03-25,UST OAT T-Shirt Y/B/COLLEGE,7,JUC
2025-03-25,UST Sweatshirt Sporty,3,JUC
2025-03-25,UST T-Shirt Santo Tomas Shirt/UST T-Shirt Tiger Pattern/HAPPY,9,JUC
2025-03-25,UST T-Shirt Sporty,6,JUC
2025-03-25,Cotton Black Jacket,2,JYL ATHLETICA
2025-03-25,Cotton Gray Jacket,1,JYL ATHLETICA
2025-03-25,DRI-FIT NEW,2,JYL ATHLETICA
2025-03-25,Jacket,1,JYL ATHLETICA
2025-03-25,Poloshirt @800,1,JYL ATHLETICA
2025-03-25,QUIANA SUBLI SHIRT (B&Y),3,JYL ATHLETICA
2025-03-25,Keychain @180,5,TET AND DARS
2025-03-25,Aquaflask,1,USTORE
2025-03-25,C. Keychain,2,USTORE
2025-03-25,Kit Set,11,USTORE
2025-03-25,Lanyard @180,8,USTORE
2025-03-25,MJ Sticker Large,3,USTORE
2025-03-25,MJ Sticker Medium,6,USTORE
2025-03-25,MJ Sticker Small,4,USTORE
2025-03-25,New Tiger Plushie Big @850,2,USTORE
2025-03-25,New Tiger Plushie Small @750,3,USTORE
2025-03-25,Notelet,170,USTORE
2025-03-25,Pencil,172,USTORE
2025-03-25,Tote (One For UST),1,USTORE
2025-03-25,Tote (Viva),2,USTORE
2025-03-25,Tote Bag Canvas White,74,USTORE
2025-03-25,Umb (One For UST),2,USTORE
2025-03-26,ABSC College Shirt (60th),4,ARTS AND LETTERS (SHIRT HAPPENS)
2025-03-26,New Polo Shirt (EMBROIDED),3,BLAZE
2025-03-26,Polo Shirt @800,1,BLAZE
2025-03-26,UST College ID Lace,4,JUC
2025-03-26,UST OAT Hoodie Jacket,1,JUC
2025-03-26,UST OAT MUG (Y/B inside),2,JUC
2025-03-26,UST OAT T-Shirt Y/B/COLLEGE,4,JUC
2025-03-26,UST T-Shirt Santo Tomas Shirt/UST T-Shirt Tiger Pattern/HAPPY,3,JUC
2025-03-26,UST T-Shirt Sporty,10,JUC
2025-03-26,UST T-Shirt Sporty UPSIZE (3XL-5XL),1,JUC
2025-03-26,Cotton Black Jacket,1,JYL ATHLETICA
2025-03-26,Cotton Gray Jacket,1,JYL ATHLETICA
2025-03-26,Jacket,2,JYL ATHLETICA
2025-03-26,Poloshirt 123456 @860,1,JYL ATHLETICA
2025-03-26,QUIANA SUBLI SHIRT (B&Y),1,JYL ATHLETICA
2025-03-26,UST-Pen W/Box,4,NEW TRENDS
2025-03-26,Aquaflask,1,USTORE
2025-03-26,C. Sticker @120,2,USTORE
2025-03-26,Lanyard @180,10,USTORE
2025-03-26,Lanyard @190,1,USTORE
2025-03-26,MJ Sticker Large,1,USTORE
2025-03-26,MJ Sticker Medium,3,USTORE
2025-03-26,MJ Sticker Small,2,USTORE
2025-03-26,Notelet,10,USTORE
2025-03-26,Tote Bag Canvas White,1,USTORE
2025-03-26,Umb (One For UST),2,USTORE
2025-03-26,Utensil,10,USTORE
2025-03-27,New Polo Shirt (EMBROIDED),2,BLAZE
2025-03-27,UST College ID Lace,2,JUC
2025-03-27,UST OAT Hoodie Jacket,1,JUC
2025-03-27,UST OAT MUG (W inside),3,JUC
2025-03-27,UST OAT MUG (Y/B inside),1,JUC
2025-03-27,UST OAT T-Shirt Y/B/COLLEGE,8,JUC
2025-03-27,UST Sweatshirt Sporty,1,JUC
2025-03-27,UST T-Shirt Santo Tomas Shirt/UST T-Shirt Tiger Pattern/HAPPY,4,JUC
2025-03-27,UST T-Shirt Sporty,3,JUC
2025-03-27,DRI-FIT NEW,2,JYL ATHLETICA
2025-03-27,QUIANA SUBLI SHIRT (B&Y),1,JYL ATHLETICA
2025-03-27,Hoodies Breaker,1,NAPOLIZ ENTERPRISES
2025-03-27,Keychain @180,3,TET AND DARS
2025-03-27,Aquaflask,1,USTORE
2025-03-27,C. Keychain,1,USTORE
2025-03-27,Clappers,200,USTORE
2025-03-27,ID Case,2,USTORE
2025-03-27,Lanyard @180,5,USTORE
2025-03-27,Lanyard @190,2,USTORE
2025-03-27,MJ Sticker Large,1,USTORE
2025-03-27,MJ Sticker Medium,2,USTORE
2025-03-27,MJ Sticker Small,3,USTORE
2025-03-27,New Tiger Plushie Small @750,2,USTORE
2025-03-27,Notelet,3,USTORE
2025-03-27,Umb (One For UST),1,USTORE
2025-03-27,New GT Shirts,1,VARSITY LIFESTYLE
2025-03-28,IPEA Shirt,1,ARTS AND LETTERS (SHIRT HAPPENS)
2025-03-28,New Polo Shirt (EMBROIDED),2,BLAZE
2025-03-28,Shirts all @450 UPSIZE (3XL-5XL),1,JUC
2025-03-28,UST OAT Hoodie Jacket,1,JUC
2025-03-28,UST OAT MUG (W inside),6,JUC
2025-03-28,UST OAT MUG (Y/B inside),10,JUC
2025-03-28,UST OAT T-Shirt Y/B/COLLEGE,11,JUC
2025-03-28,UST Sweatshirt Sporty,2,JUC
2025-03-28,UST T-Shirt Santo Tomas Shirt/UST T-Shirt Tiger Pattern/HAPPY,14,JUC
2025-03-28,UST T-Shirt Sporty,9,JUC
2025-03-28,UST T-Shirt Sporty UPSIZE (3XL-5XL),1,JUC
2025-03-28,Corp Jacket,1,JYL ATHLETICA
2025-03-28,Cotton Black Jacket,1,JYL ATHLETICA
2025-03-28,Cotton Gray Jacket,1,JYL ATHLETICA
2025-03-28,DRI-FIT NEW,6,JYL ATHLETICA
2025-03-28,Poloshirt @800,9,JYL ATHLETICA
2025-03-28,QUIANA SUBLI SHIRT (B&Y),7,JYL ATHLETICA
2025-03-28,Hoodies Breaker,4,NAPOLIZ ENTERPRISES
2025-03-28,UST-Pen W/Box,6,NEW TRENDS
2025-03-28,Keychain @180,1,TET AND DARS
2025-03-28,Sticker @120,1,TET AND DARS
2025-03-28,Aquaflask,1,USTORE
2025-03-28,C. Keychain,1,USTORE
2025-03-28,Clappers,5,USTORE
2025-03-28,Lanyard @180,15,USTORE
2025-03-28,Lanyard @190,4,USTORE
2025-03-28,MJ Sticker Large,1,USTORE
2025-03-28,MJ Sticker Medium,6,USTORE
2025-03-28,MJ Sticker Small,3,USTORE
2025-03-28,New Tiger Plushie Big @850,1,USTORE
2025-03-28,Shabby Hat,2,USTORE
2025-03-28,Thick Lanyard,1,USTORE
2025-03-28,Tote (Viva),2,USTORE
2025-03-28,Umb (One For UST),1,USTORE
2025-03-28,Scarves,1,VARSITY LIFESTYLE
2025-03-29,Polo Shirt @800,1,BLAZE
2025-03-29,UST College ID Lace,1,JUC
2025-03-29,UST OAT MUG (W inside),5,JUC
2025-03-29,UST OAT T-Shirt Y/B/COLLEGE,2,JUC
2025-03-29,UST Sweatshirt Sporty,1,JUC
2025-03-29,UST T-Shirt Santo Tomas Shirt/UST T-Shirt Tiger Pattern/HAPPY,5,JUC
2025-03-29,UST T-Shirt Sporty,1,JUC
2025-03-29,BASE BALL SHIRT,1,JYL ATHLETICA
2025-03-29,DRI-FIT NEW,1,JYL ATHLETICA
2025-03-29,Poloshirt @800,1,JYL ATHLETICA
2025-03-29,QUIANA SUBLI SHIRT (B&Y),1,JYL ATHLETICA
2025-03-29,Double Canopy,1,NAPOLIZ ENTERPRISES
2025-03-29,ID Case,3,USTORE
2025-03-29,Lanyard @180,5,USTORE
2025-03-29,MJ Sticker Large,2,USTORE
2025-03-29,MJ Sticker Small,5,USTORE
2025-03-29,Shabby Hat,1,USTORE
2025-03-29,Umb (One For UST),3,USTORE
2025-03-31,ABSC College Shirt (60th),2,ARTS AND LETTERS (SHIRT HAPPENS)
2025-03-31,New Polo Shirt (EMBROIDED),6,BLAZE
2025-03-31,Polo Shirt @800,1,BLAZE
2025-03-31,UST College ID Lace,7,JUC
2025-03-31,UST OAT Hoodie Jacket,2,JUC
2025-03-31,UST OAT MUG (W inside),4,JUC
2025-03-31,UST OAT T-Shirt Y/B/COLLEGE,7,JUC
2025-03-31,UST Sweatshirt Sporty,6,JUC
2025-03-31,UST T-Shirt Santo Tomas Shirt/UST T-Shirt Tiger Pattern/HAPPY,14,JUC
2025-03-31,UST T-Shirt Sporty,5,JUC
2025-03-31,BASE BALL SHIRT,1,JYL ATHLETICA
2025-03-31,DRI-FIT NEW,2,JYL ATHLETICA
2025-03-31,Poloshirt 123456 @860,1,JYL ATHLETICA
2025-03-31,Poloshirt @800,5,JYL ATHLETICA
2025-03-31,QUIANA SUBLI SHIRT (B&Y),5,JYL ATHLETICA
2025-03-31,Eco Bag @80,4,TET AND DARS
2025-03-31,Keychain @180,1,TET AND DARS
2025-03-31,Sticker @120,2,TET AND DARS
2025-03-31,Aquaflask,3,USTORE
2025-03-31,C. Keychain,3,USTORE
2025-03-31,ID Case,3,USTORE
2025-03-31,Lanyard @180,25,USTORE
2025-03-31,Lanyard @190,2,USTORE
2025-03-31,MJ Sticker Large,2,USTORE
2025-03-31,MJ Sticker Medium,5,USTORE
2025-03-31,MJ Sticker Small,4,USTORE
2025-03-31,New Tiger Plushie Big @850,2,USTORE
2025-03-31,New Tiger Plushie Small @750,3,USTORE
2025-03-31,Thick Lanyard,6,USTORE
2025-03-31,Tote Bag Canvas White,4,USTORE
2025-03-31,Utensil,2,USTORE
2025-03-31,New GT Shirts,1,VARSITY LIFESTYLE
2025-03-31,Scarves,1,VARSITY LIFESTYLE
2025-04-02,ABSC College Shirt (60th),1,ARTS AND LETTERS (SHIRT HAPPENS)
2025-04-02,Polo Shirt @800,1,BLAZE
2025-04-02,White Embro,2,BLAZE
2025-04-02,Bomber Jacket,2,JUC
2025-04-02,Shirts all @450 UPSIZE (3XL-5XL),2,JUC
2025-04-02,UST OAT MUG (W inside),2,JUC
2025-04-02,UST OAT MUG (Y/B inside),42,JUC
2025-04-02,UST OAT T-Shirt Y/B/COLLEGE,9,JUC
2025-04-02,UST T-Shirt Santo Tomas Shirt/UST T-Shirt Tiger Pattern/HAPPY,10,JUC
2025-04-02,BASE BALL SHIRT,1,JYL ATHLETICA
2025-04-02,Corp Windbreaker,1,JYL ATHLETICA
2025-04-02,DRI-FIT NEW,3,JYL ATHLETICA
2025-04-02,Poloshirt @800,3,JYL ATHLETICA
2025-04-02,QUIANA SUBLI SHIRT (B&Y),2,JYL ATHLETICA
2025-04-02,Eco Bag @80,4,TET AND DARS
2025-04-02,Sticker @120,1,TET AND DARS
2025-04-02,Aquaflask,3,USTORE
2025-04-02,C. Keychain,2,USTORE
2025-04-02,ID Case,1,USTORE
2025-04-02,Lanyard @180,9,USTORE
2025-04-02,Lanyard @190,4,USTORE
2025-04-02,MJ Sticker Large,4,USTORE
2025-04-02,MJ Sticker Medium,3,USTORE
2025-04-02,MJ Sticker Small,7,USTORE
2025-04-02,New Tiger Plushie Big @850,11,USTORE
2025-04-02,New Tiger Plushie Small @750,2,USTORE
2025-04-02,Shabby Hat,1,USTORE
2025-04-02,Tote (Viva),3,USTORE
2025-04-02,Tote Bag Canvas White,1,USTORE
2025-04-02,Umb (One For UST),42,USTORE
2025-04-03,IPEA Shirt,1,ARTS AND LETTERS (SHIRT HAPPENS)
2025-04-03,UST College ID Lace,4,JUC
2025-04-03,UST OAT Hoodie Jacket,1,JUC
2025-04-03,UST OAT MUG (Y/B inside),9,JUC
2025-04-03,UST OAT T-Shirt Y/B/COLLEGE,5,JUC
2025-04-03,UST T-Shirt Santo Tomas Shirt/UST T-Shirt Tiger Pattern/HAPPY,21,JUC
2025-04-03,BASE BALL SHIRT,1,JYL ATHLETICA
2025-04-03,Cotton Black Jacket,2,JYL ATHLETICA
2025-04-03,Jacket,7,JYL ATHLETICA
2025-04-03,Poloshirt @800,2,JYL ATHLETICA
2025-04-03,QUIANA SUBLI SHIRT (B&Y),3,JYL ATHLETICA
2025-04-03,Hoodies Breaker,3,NAPOLIZ ENTERPRISES
2025-04-03,UST-Pen W/Box,8,NEW TRENDS
2025-04-03,Eco Bag @80,1,TET AND DARS
2025-04-03,Sticker @120,1,TET AND DARS
2025-04-03,C. Keychain,1,USTORE
2025-04-03,ID Case,2,USTORE
2025-04-03,Kit Set,1,USTORE
2025-04-03,Lanyard @180,9,USTORE
2025-04-03,Lanyard @190,1,USTORE
2025-04-03,MJ Sticker Large,2,USTORE
2025-04-03,MJ Sticker Medium,3,USTORE
2025-04-03,New Tiger Plushie Big @850,1,USTORE
2025-04-03,New Tiger Plushie Small @750,9,USTORE
2025-04-03,Shabby Hat,7,USTORE
2025-04-03,Thick Lanyard,8,USTORE
2025-04-03,Tote (Viva),2,USTORE
2025-04-03,Tote Bag Canvas White,1,USTORE
2025-04-03,Umb (One For UST),2,USTORE
2025-04-04,IPEA Shirt,1,ARTS AND LETTERS (SHIRT HAPPENS)
2025-04-04,Polo Shirt @800,1,BLAZE
2025-04-04,Shirts all @450 UPSIZE (3XL-5XL),1,JUC
2025-04-04,UST College ID Lace,1,JUC
2025-04-04,UST OAT MUG (Y/B inside),3,JUC
2025-04-04,UST OAT T-Shirt Y/B/COLLEGE,3,JUC
2025-04-04,UST T-Shirt Santo Tomas Shirt/UST T-Shirt Tiger Pattern/HAPPY,8,JUC
2025-04-04,UST T-Shirt Sporty,4,JUC
2025-04-04,UST T-Shirt Sporty UPSIZE (3XL-5XL),1,JUC
2025-04-04,Corp Jacket,1,JYL ATHLETICA
2025-04-04,Corp Windbreaker,1,JYL ATHLETICA
2025-04-04,Cotton Black Jacket,1,JYL ATHLETICA
2025-04-04,DRI-FIT NEW,1,JYL ATHLETICA
2025-04-04,Jacket,9,JYL ATHLETICA
2025-04-04,QUIANA SUBLI SHIRT (B&Y),3,JYL ATHLETICA
2025-04-04,Hoodies Breaker,1,NAPOLIZ ENTERPRISES
2025-04-04,Sticker @120,3,TET AND DARS
2025-04-04,Aquaflask,3,USTORE
2025-04-04,Bookmark,1,USTORE
2025-04-04,ID Case,7,USTORE
2025-04-04,Lanyard @180,11,USTORE
2025-04-04,Lanyard @190,2,USTORE
2025-04-04,MJ Sticker Large,2,USTORE
2025-04-04,MJ Sticker Medium,7,USTORE
2025-04-04,MJ Sticker Small,7,USTORE
2025-04-04,Thick Lanyard,3,USTORE
2025-04-04,Tote (One For UST),1,USTORE
2025-04-04,Tote (Viva),5,USTORE
2025-04-04,Umb (One For UST),2,USTORE
2025-04-04,Hoodie,1,VARSITY LIFESTYLE
2025-04-05,UST College ID Lace,1,JUC
2025-04-05,UST OAT Hoodie Jacket,1,JUC
2025-04-05,UST OAT T-Shirt Y/B/COLLEGE,6,JUC
2025-04-05,UST T-Shirt Sporty,1,JUC
2025-04-05,DRI-FIT NEW,1,JYL ATHLETICA
2025-04-05,QUIANA SUBLI SHIRT (B&Y),1,JYL ATHLETICA
2025-04-05,Hoodies Breaker,1,NAPOLIZ ENTERPRISES
2025-04-05,Eco Bag @80,2,TET AND DARS
2025-04-05,C. Keychain,1,USTORE
2025-04-05,Clappers,4,USTORE
2025-04-05,ID Case,1,USTORE
2025-04-05,Lanyard @180,3,USTORE
2025-04-05,MJ Sticker Large,5,USTORE
2025-04-05,MJ Sticker Medium,4,USTORE
2025-04-05,MJ Sticker Small,3,USTORE
2025-04-05,New Tiger Plushie Small @750,2,USTORE
2025-04-05,Thick Lanyard,2,USTORE
2025-04-05,Tote (One For UST),1,USTORE
2025-04-07,IPEA Shirt,1,ARTS AND LETTERS (SHIRT HAPPENS)
2025-04-07,Polo Shirt @800,2,BLAZE
2025-04-07,UST College ID Lace,6,JUC
2025-04-07,UST OAT T-Shirt Y/B/COLLEGE,4,JUC
2025-04-07,UST T-Shirt Santo Tomas Shirt/UST T-Shirt Tiger Pattern/HAPPY,12,JUC
2025-04-07,UST T-Shirt Sporty,3,JUC
2025-04-07,BASE BALL SHIRT,3,JYL ATHLETICA
2025-04-07,DRI-FIT NEW,3,JYL ATHLETICA
2025-04-07,Poloshirt @800,1,JYL ATHLETICA
2025-04-07,Hoodies Breaker,4,NAPOLIZ ENTERPRISES
2025-04-07,Eco Bag @80,2,TET AND DARS
2025-04-07,Sticker @120,1,TET AND DARS
2025-04-07,C. Keychain,2,USTORE
2025-04-07,ID Case,3,USTORE
2025-04-07,Lanyard @180,11,USTORE
2025-04-07,Lanyard @190,4,USTORE
2025-04-07,MJ Sticker Large,4,USTORE
2025-04-07,MJ Sticker Medium,1,USTORE
2025-04-07,MJ Sticker Small,5,USTORE
2025-04-07,New Tiger Plushie Big @850,1,USTORE
2025-04-07,Notelet,3,USTORE
2025-04-07,Thick Lanyard,3,USTORE
2025-04-07,Tote (Viva),5,USTORE
2025-04-07,Umb (One For UST),3,USTORE
2025-04-08,White Embro,2,BLAZE
2025-04-08,UST College ID Lace,2,JUC
2025-04-08,UST OAT Hoodie Jacket,1,JUC
2025-04-08,UST OAT T-Shirt Y/B/COLLEGE,9,JUC
2025-04-08,UST Sweatshirt Sporty,1,JUC
2025-04-08,UST T-Shirt Santo Tomas Shirt/UST T-Shirt Tiger Pattern/HAPPY,9,JUC
2025-04-08,UST T-Shirt Sporty,2,JUC
2025-04-08,Cotton Gray Jacket,1,JYL ATHLETICA
2025-04-08,Jacket,1,JYL ATHLETICA
2025-04-08,QUIANA SUBLI SHIRT (B&Y),2,JYL ATHLETICA
2025-04-08,Hoodies Breaker,6,NAPOLIZ ENTERPRISES
2025-04-08,Eco Bag @80,5,TET AND DARS
2025-04-08,Keychain @180,1,TET AND DARS
2025-04-08,Sticker @120,1,TET AND DARS
2025-04-08,C. Keychain,1,USTORE
2025-04-08,ID Case,1,USTORE
2025-04-08,Kit Set,3,USTORE
2025-04-08,Lanyard @180,4,USTORE
2025-04-08,Lanyard @190,3,USTORE
2025-04-08,MJ Sticker Large,1,USTORE
2025-04-08,MJ Sticker Medium,2,USTORE
2025-04-08,MJ Sticker Small,3,USTORE
2025-04-08,New Tiger Plushie Big @850,1,USTORE
2025-04-08,Tote (One For UST),1,USTORE
2025-04-08,Umb (One For UST),1,USTORE
2025-04-08,New GT Shirts,2,VARSITY LIFESTYLE
2025-04-10,Shirts all @450 UPSIZE (3XL-5XL),2,JUC
2025-04-10,UST College ID Lace,2,JUC
2025-04-10,UST OAT Hoodie Jacket,3,JUC
2025-04-10,UST OAT T-Shirt Y/B/COLLEGE,5,JUC
2025-04-10,UST Sweatshirt Sporty,3,JUC
2025-04-10,UST T-Shirt Santo Tomas Shirt/UST T-Shirt Tiger Pattern/HAPPY,17,JUC
2025-04-10,UST T-Shirt Sporty,2,JUC
2025-04-10,Corp Jacket,1,JYL ATHLETICA
2025-04-10,Cotton Black Jacket,1,JYL ATHLETICA
2025-04-10,DRI-FIT NEW,2,JYL ATHLETICA
2025-04-10,Poloshirt @800,4,JYL ATHLETICA
2025-04-10,Hoodies Breaker,1,NAPOLIZ ENTERPRISES
2025-04-10,Aquaflask,6,USTORE
2025-04-10,C. Keychain,1,USTORE
2025-04-10,ID Case,8,USTORE
2025-04-10,Kit Set,2,USTORE
2025-04-10,Lanyard @180,10,USTORE
2025-04-10,Lanyard @190,3,USTORE
2025-04-10,MJ Sticker Medium,3,USTORE
2025-04-10,Thick Lanyard,1,USTORE
2025-04-10,Tote (One For UST),12,USTORE
2025-04-10,Tote (Viva),14,USTORE
2025-04-10,Umb (One For UST),1,USTORE
2025-04-10,Hoodie,1,VARSITY LIFESTYLE
2025-04-11,ABSC College Shirt (60th),1,ARTS AND LETTERS (SHIRT HAPPENS)
2025-04-11,White Embro,2,BLAZE
2025-04-11,UST College ID Lace,2,JUC
2025-04-11,UST OAT Hoodie Jacket,2,JUC
2025-04-11,UST OAT T-Shirt Y/B/COLLEGE,12,JUC
2025-04-11,UST Sweatshirt Sporty,1,JUC
2025-04-11,UST T-Shirt Santo Tomas Shirt/UST T-Shirt Tiger Pattern/HAPPY,14,JUC
2025-04-11,UST T-Shirt Sporty,5,JUC
2025-04-11,BASE BALL SHIRT,1,JYL ATHLETICA
2025-04-11,Cotton Gray Jacket,2,JYL ATHLETICA
2025-04-11,QUIANA SUBLI SHIRT (B&Y),3,JYL ATHLETICA
2025-04-11,Hoodies Breaker,2,NAPOLIZ ENTERPRISES
2025-04-11,Laptop Bag,1,NAPOLIZ ENTERPRISES
2025-04-11,UST-Pen W/Box,42,NEW TRENDS
2025-04-11,Sticker @120,2,TET AND DARS
2025-04-11,C. Keychain,6,USTORE
2025-04-11,ID Case,4,USTORE
2025-04-11,Lanyard @180,20,USTORE
2025-04-11,Lanyard @190,4,USTORE
2025-04-11,MJ Sticker Medium,7,USTORE
2025-04-11,MJ Sticker Small,9,USTORE
2025-04-11,New Tiger Plushie Big @850,4,USTORE
2025-04-11,New Tiger Plushie Small @750,15,USTORE
2025-04-11,Shabby Hat,1,USTORE
2025-04-11,Tote (One For UST),1,USTORE
2025-04-11,Tote Bag Canvas White,1,USTORE
2025-04-11,Umb (One For UST),8,USTORE
2025-04-11,Hoodie,1,VARSITY LIFESTYLE
2025-04-11,New GT Shirts,1,VARSITY LIFESTYLE
2025-04-22,Shirts all @450 UPSIZE (3XL-5XL),1,JUC
2025-04-22,UST College ID Lace,2,JUC
2025-04-22,UST OAT Hoodie Jacket,3,JUC
2025-04-22,UST OAT MUG (W inside),25,JUC
2025-04-22,UST OAT MUG (Y/B inside),25,JUC
2025-04-22,UST OAT T-Shirt Y/B/COLLEGE,13,JUC
2025-04-22,UST T-Shirt Santo Tomas Shirt/UST T-Shirt Tiger Pattern/HAPPY,10,JUC
2025-04-22,UST T-Shirt Sporty,6,JUC
2025-04-22,UST T-Shirt Sporty UPSIZE (3XL-5XL),1,JUC
2025-04-22,Cotton Black Jacket,3,JYL ATHLETICA
2025-04-22,Cotton Gray Jacket,2,JYL ATHLETICA
2025-04-22,DRI-FIT NEW,4,JYL ATHLETICA
2025-04-22,Jacket,1,JYL ATHLETICA
2025-04-22,Poloshirt @800,1,JYL ATHLETICA
2025-04-22,QUIANA SUBLI SHIRT (B&Y),1,JYL ATHLETICA
2025-04-22,Double Canopy,2,NAPOLIZ ENTERPRISES
2025-04-22,Hoodies Breaker,2,NAPOLIZ ENTERPRISES
2025-04-22,UST-Pen W/Box,1,NEW TRENDS
2025-04-22,Pen @30,2,TET AND DARS
2025-04-22,Aquaflask,2,USTORE
2025-04-22,C. Keychain,3,USTORE
2025-04-22,Lanyard @180,15,USTORE
2025-04-22,Lanyard @190,2,USTORE
2025-04-22,MJ Sticker Large,3,USTORE
2025-04-22,MJ Sticker Medium,2,USTORE
2025-04-22,MJ Sticker Small,2,USTORE
2025-04-22,New Tiger Plushie Big @850,3,USTORE
2025-04-22,New Tiger Plushie Small @750,1,USTORE
2025-04-22,Thick Lanyard,5,USTORE
2025-04-22,Tote (Viva),3,USTORE
2025-04-22,Umb (One For UST),1,USTORE
2025-04-22,Utensil,50,USTORE
2025-04-22,Hoodie,1,VARSITY LIFESTYLE
2025-04-23,ABSC College Shirt (60th),1,ARTS AND LETTERS (SHIRT HAPPENS)
2025-04-23,UST College ID Lace,6,JUC
2025-04-23,UST OAT MUG (W inside),1,JUC
2025-04-23,UST OAT MUG (Y/B inside),1,JUC
2025-04-23,UST OAT T-Shirt Y/B/COLLEGE,6,JUC
2025-04-23,UST Sweatshirt Sporty,2,JUC
2025-04-23,UST T-Shirt Santo Tomas Shirt/UST T-Shirt Tiger Pattern/HAPPY,2,JUC
2025-04-23,UST T-Shirt Sporty,1,JUC
2025-04-23,DRI-FIT NEW,3,JYL ATHLETICA
2025-04-23,Hoodies Breaker,1,NAPOLIZ ENTERPRISES
2025-04-23,Arch @320,1,TET AND DARS
2025-04-23,Eco Bag @80,1,TET AND DARS
2025-04-23,Pen @30,1,TET AND DARS
2025-04-23,Lanyard @180,2,USTORE
2025-04-23,MJ Sticker Large,3,USTORE
2025-04-23,MJ Sticker Medium,2,USTORE
2025-04-23,MJ Sticker Small,5,USTORE
2025-04-23,Tote (One For UST),2,USTORE
2025-04-23,Tote Bag Canvas White,1,USTORE
2025-04-23,Umb (One For UST),3,USTORE
2025-04-25,Black Embro,1,BLAZE
2025-04-25,Polo Shirt @800,4,BLAZE
2025-04-25,White Embro,1,BLAZE
2025-04-25,UST College ID Lace,1,JUC
2025-04-25,UST OAT Hoodie Jacket,9,JUC
2025-04-25,UST OAT MUG (W inside),3,JUC
2025-04-25,UST OAT MUG (Y/B inside),11,JUC
2025-04-25,UST OAT T-Shirt Y/B/COLLEGE,5,JUC
2025-04-25,UST Sweatshirt Sporty,1,JUC
2025-04-25,UST T-Shirt Santo Tomas Shirt/UST T-Shirt Tiger Pattern/HAPPY,9,JUC
2025-04-25,UST T-Shirt Sporty,3,JUC
2025-04-25,UST T-Shirt Sporty UPSIZE (3XL-5XL),1,JUC
2025-04-25,BASE BALL SHIRT,1,JYL ATHLETICA
2025-04-25,Cotton Brush Jacket,23,JYL ATHLETICA
2025-04-25,Cotton Gray Jacket,11,JYL ATHLETICA
2025-04-25,DRI-FIT NEW,1,JYL ATHLETICA
2025-04-25,Jacket,1,JYL ATHLETICA
2025-04-25,Poloshirt @800,3,JYL ATHLETICA
2025-04-25,Double Canopy,2,NAPOLIZ ENTERPRISES
2025-04-25,Hoodies Breaker,2,NAPOLIZ ENTERPRISES
2025-04-25,UST-Pen W/Box,2,NEW TRENDS
2025-04-25,Arch @320,1,TET AND DARS
2025-04-25,Eco Bag @80,4,TET AND DARS
2025-04-25,Keychain @180,2,TET AND DARS
2025-04-25,Pen @30,2,TET AND DARS
2025-04-25,Sticker @20,2,TET AND DARS
2025-04-25,Aquaflask,3,USTORE
2025-04-25,C. Keychain,1,USTORE
2025-04-25,Lanyard @180,7,USTORE
2025-04-25,Lanyard @190,2,USTORE
2025-04-25,MJ Sticker Large,3,USTORE
2025-04-25,MJ Sticker Medium,8,USTORE
2025-04-25,MJ Sticker Small,3,USTORE
2025-04-25,New Tiger Plushie Big @850,3,USTORE
2025-04-25,New Tiger Plushie Small @750,9,USTORE
2025-04-25,Thick Lanyard,1,USTORE
2025-04-25,Tote (One For UST),1,USTORE
2025-04-25,Tote Bag Canvas White,3,USTORE
2025-04-25,Umb (One For UST),1,USTORE
2025-04-25,Utensil,1,USTORE
2025-04-25,Scarves,1,VARSITY LIFESTYLE
2025-04-26,Black Embro,6,BLAZE
2025-04-26,UST College ID Lace,2,JUC
2025-04-26,UST OAT MUG (Y/B inside),5,JUC
2025-04-26,UST OAT T-Shirt Y/B/COLLEGE,1,JUC
2025-04-26,UST Sweatshirt Sporty,1,JUC
2025-04-26,UST T-Shirt Santo Tomas Shirt/UST T-Shirt Tiger Pattern/HAPPY,11,JUC
2025-04-26,UST T-Shirt Sporty,3,JUC
2025-04-26,UST T-Shirt Sporty UPSIZE (3XL-5XL),1,JUC
2025-04-26,Corp Jacket,1,JYL ATHLETICA
2025-04-26,Corp Windbreaker,1,JYL ATHLETICA
2025-04-26,Cotton Brush Jacket,2,JYL ATHLETICA
2025-04-26,DRI-FIT NEW,2,JYL ATHLETICA
2025-04-26,Jacket,1,JYL ATHLETICA
2025-04-26,Poloshirt @800,1,JYL ATHLETICA
2025-04-26,QUIANA SUBLI SHIRT (B&Y),1,JYL ATHLETICA
2025-04-26,Hoodies Breaker,2,NAPOLIZ ENTERPRISES
2025-04-26,UST-Pen W/Box,5,NEW TRENDS
2025-04-26,Keychain @180,3,TET AND DARS
2025-04-26,Sticker @120,1,TET AND DARS
2025-04-26,Sticker @20,4,TET AND DARS
2025-04-26,Aquaflask,1,USTORE
2025-04-26,C. Keychain,3,USTORE
2025-04-26,Clappers,2,USTORE
2025-04-26,ID Case,1,USTORE
2025-04-26,Lanyard @180,11,USTORE
2025-04-26,MJ Sticker Large,1,USTORE
2025-04-26,MJ Sticker Medium,4,USTORE
2025-04-26,MJ Sticker Small,10,USTORE
2025-04-26,New Tiger Plushie Small @750,1,USTORE
2025-04-26,Thick Lanyard,3,USTORE
2025-04-26,Tote (One For UST),3,USTORE
2025-04-26,Tote (Viva),1,USTORE
2025-04-26,New GT Shirts,1,VARSITY LIFESTYLE
2025-04-28,Black Embro,1,BLAZE
2025-04-28,Polo Shirt @800,2,BLAZE
2025-04-28,White Embro,1,BLAZE
2025-04-28,Bomber Jacket,1,JUC
2025-04-28,UST College ID Lace,5,JUC
2025-04-28,UST OAT T-Shirt Y/B/COLLEGE,6,JUC
2025-04-28,UST Sweatshirt Sporty,1,JUC
2025-04-28,UST T-Shirt Santo Tomas Shirt/UST T-Shirt Tiger Pattern/HAPPY,7,JUC
2025-04-28,UST T-Shirt Sporty,1,JUC
2025-04-28,UST T-Shirt Sporty UPSIZE (3XL-5XL),1,JUC
2025-04-28,Cotton Brush Jacket,1,JYL ATHLETICA
2025-04-28,Cotton Gray Jacket,1,JYL ATHLETICA
2025-04-28,DRI-FIT NEW,2,JYL ATHLETICA
2025-04-28,Jacket,1,JYL ATHLETICA
2025-04-28,Hoodies Breaker,2,NAPOLIZ ENTERPRISES
2025-04-28,Arch @320,2,TET AND DARS
2025-04-28,Eco Bag @80,1,TET AND DARS
2025-04-28,Pen @30,2,TET AND DARS
2025-04-28,Sticker @20,1,TET AND DARS
2025-04-28,Aquaflask,2,USTORE
2025-04-28,C. Keychain,4,USTORE
2025-04-28,ID Case,1,USTORE
2025-04-28,Lanyard @180,9,USTORE
2025-04-28,MJ Sticker Bundle,3,USTORE
2025-04-28,MJ Sticker Large,2,USTORE
2025-04-28,MJ Sticker Medium,1,USTORE
2025-04-28,MJ Sticker Small,1,USTORE
2025-04-28,Thick Lanyard,1,USTORE
2025-04-28,Tote (Viva),1,USTORE
2025-04-28,Umb (One For UST),3,USTORE
2025-04-28,New GT Shirts,1,VARSITY LIFESTYLE
2025-04-29,Black Embro,2,BLAZE
2025-04-29,Shirts all @450 UPSIZE (3XL-5XL),1,JUC
2025-04-29,UST College ID Lace,4,JUC
2025-04-29,UST OAT Hoodie Jacket,2,JUC
2025-04-29,UST OAT MUG (W inside),1,JUC
2025-04-29,UST OAT MUG (Y/B inside),5,JUC
2025-04-29,UST Sweatshirt Sporty,1,JUC
2025-04-29,UST T-Shirt Santo Tomas Shirt/UST T-Shirt Tiger Pattern/HAPPY,15,JUC
2025-04-29,UST T-Shirt Sporty,8,JUC
2025-04-29,UST T-Shirt Sporty UPSIZE (3XL-5XL),1,JUC
2025-04-29,BASE BALL SHIRT,1,JYL ATHLETICA
2025-04-29,Corp Windbreaker,1,JYL ATHLETICA
2025-04-29,Cotton Black Jacket,1,JYL ATHLETICA
2025-04-29,Cotton Brush Jacket,2,JYL ATHLETICA
2025-04-29,Cotton Gray Jacket,1,JYL ATHLETICA
2025-04-29,QUIANA SUBLI SHIRT (B&Y),8,JYL ATHLETICA
2025-04-29,Arch @320,1,TET AND DARS
2025-04-29,Keychain @180,6,TET AND DARS
2025-04-29,Pen @30,8,TET AND DARS
2025-04-29,Sticker @120,3,TET AND DARS
2025-04-29,Sticker @20,3,TET AND DARS
2025-04-29,Aquaflask,1,USTORE
2025-04-29,C. Keychain,2,USTORE
2025-04-29,C. Sticker @120,1,USTORE
2025-04-29,Lanyard @180,15,USTORE
2025-04-29,Lanyard @190,2,USTORE
2025-04-29,MJ Sticker Large,4,USTORE
2025-04-29,MJ Sticker Medium,1,USTORE
2025-04-29,MJ Sticker Small,13,USTORE
2025-04-29,New Tiger Plushie Big @850,1,USTORE
2025-04-29,Shabby Hat,1,USTORE
2025-04-29,Thick Lanyard,4,USTORE
2025-04-29,Tote (One For UST),2,USTORE
2025-04-29,Umb (One For UST),11,USTORE
2025-04-29,Hoodie,1,VARSITY LIFESTYLE
2025-04-30,UST College ID Lace,6,JUC
2025-04-30,UST OAT MUG (W inside),3,JUC
2025-04-30,UST OAT MUG (Y/B inside),10,JUC
2025-04-30,UST OAT T-Shirt Y/B/COLLEGE,5,JUC
2025-04-30,UST Sweatshirt Sporty,1,JUC
2025-04-30,UST T-Shirt Santo Tomas Shirt/UST T-Shirt Tiger Pattern/HAPPY,21,JUC
2025-04-30,UST T-Shirt Sporty UPSIZE (3XL-5XL),1,JUC
2025-04-30,BASE BALL SHIRT,1,JYL ATHLETICA
2025-04-30,Corp Jacket,1,JYL ATHLETICA
2025-04-30,Cotton Brush Jacket,2,JYL ATHLETICA
2025-04-30,DRI-FIT NEW,1,JYL ATHLETICA
2025-04-30,Hoodies Breaker,1,NAPOLIZ ENTERPRISES
2025-04-30,Laptop Bag,1,NAPOLIZ ENTERPRISES
2025-04-30,UST-Pen W/Box,3,NEW TRENDS
2025-04-30,Arch @320,5,TET AND DARS
2025-04-30,Eco Bag @80,6,TET AND DARS
2025-04-30,Keychain @180,1,TET AND DARS
2025-04-30,Pen @30,7,TET AND DARS
2025-04-30,Sticker @120,2,TET AND DARS
2025-04-30,Aquaflask,3,USTORE
2025-04-30,C. Keychain,9,USTORE
2025-04-30,Kit Set,10,USTORE
2025-04-30,Lanyard @180,11,USTORE
2025-04-30,Lanyard @190,1,USTORE
2025-04-30,MJ Sticker Large,14,USTORE
2025-04-30,MJ Sticker Medium,4,USTORE
2025-04-30,MJ Sticker Small,16,USTORE
2025-04-30,New Tiger Plushie Big @850,1,USTORE
2025-04-30,Notelet,43,USTORE
2025-04-30,Pencil,36,USTORE
2025-04-30,Shabby Hat,3,USTORE
2025-04-30,Thick Lanyard,4,USTORE
2025-04-30,Tote (One For UST),1,USTORE
2025-04-30,Tote (Viva),3,USTORE
2025-04-30,Tote Bag Canvas White,2,USTORE
2025-04-30,Umb (One For UST),1,USTORE
2025-04-30,New GT Shirts,1,VARSITY LIFESTYLE
2025-05-02,ABSC College Shirt (60th),3,ARTS AND LETTERS (SHIRT HAPPENS)
2025-05-02,Black Embro,4,BLAZE
2025-05-02,White Embro,7,BLAZE
2025-05-02,Shirts all @450 UPSIZE (3XL-5XL),1,JUC
2025-05-02,UST College ID Lace,4,JUC
2025-05-02,UST OAT Hoodie Jacket,3,JUC
2025-05-02,UST OAT MUG (Y/B inside),7,JUC
2025-05-02,UST OAT T-Shirt Y/B/COLLEGE,19,JUC
2025-05-02,UST Sweatshirt Sporty,1,JUC
2025-05-02,UST T-Shirt Santo Tomas Shirt/UST T-Shirt Tiger Pattern/HAPPY,12,JUC
2025-05-02,UST T-Shirt Sporty,11,JUC
2025-05-02,Cotton Brush Jacket,2,JYL ATHLETICA
2025-05-02,DRI-FIT NEW,1,JYL ATHLETICA
2025-05-02,Poloshirt @800,1,JYL ATHLETICA
2025-05-02,QUIANA SUBLI SHIRT (B&Y),1,JYL ATHLETICA
2025-05-02,UST-Pen W/Box,40,NEW TRENDS
2025-05-02,Ballpen 2 Designs @50 (B&Y),8,STITCH CORP. (BLEEVES)
2025-05-02,Bamboo Pen @60,2,STITCH CORP. (BLEEVES)
2025-05-02,Clock @550,1,STITCH CORP. (BLEEVES)
2025-05-02,Kraft Notebook @85,40,STITCH CORP. (BLEEVES)
2025-05-02,Arch @320,5,TET AND DARS
2025-05-02,Eco Bag @80,40,TET AND DARS
2025-05-02,Keychain @180,3,TET AND DARS
2025-05-02,Pen @40,403,TET AND DARS
2025-05-02,Sticker @120,1,TET AND DARS
2025-05-02,Aquaflask,2,USTORE
2025-05-02,C. Keychain,1,USTORE
2025-05-02,C. Sticker @120,2,USTORE
2025-05-02,Eco Bag CGEEE!,1,USTORE
2025-05-02,ID Case,1,USTORE
2025-05-02,Kit Set,1,USTORE
2025-05-02,Lanyard @180,13,USTORE
2025-05-02,Lanyard @190,1,USTORE
2025-05-02,MJ Sticker Large,5,USTORE
2025-05-02,MJ Sticker Medium,1,USTORE
2025-05-02,MJ Sticker Small,5,USTORE
2025-05-02,New Tiger Plushie Big @850,1,USTORE
2025-05-02,Notelet,41,USTORE
2025-05-02,Pencil,3,USTORE
2025-05-02,Thick Lanyard,6,USTORE
2025-05-02,Tiger BUNDLE,1,USTORE
2025-05-02,Tote (Viva),1,USTORE
2025-05-02,Tote Bag Canvas White,2,USTORE
2025-05-02,Umb (One For UST),2,USTORE
2025-05-03,Shirts all @450 UPSIZE (3XL-5XL),1,JUC
2025-05-03,UST College ID Lace,2,JUC
2025-05-03,UST OAT T-Shirt Y/B/COLLEGE,5,JUC
2025-05-03,UST Sweatshirt Sporty,1,JUC
2025-05-03,UST T-Shirt Santo Tomas Shirt/UST T-Shirt Tiger Pattern/HAPPY,8,JUC
2025-05-03,UST T-Shirt Sporty,3,JUC
2025-05-03,Corp Windbreaker,2,JYL ATHLETICA
2025-05-03,Cotton Black Jacket,2,JYL ATHLETICA
2025-05-03,Cotton Brush Jacket,2,JYL ATHLETICA
2025-05-03,DRI-FIT NEW,2,JYL ATHLETICA
2025-05-03,Jacket,1,JYL ATHLETICA
2025-05-03,QUIANA SUBLI SHIRT (B&Y),2,JYL ATHLETICA
2025-05-03,Hoodies Breaker,1,NAPOLIZ ENTERPRISES
2025-05-03,Ballpen 2 Designs @50 (B&Y),4,STITCH CORP. (BLEEVES)
2025-05-03,Bamboo Pen @60,1,STITCH CORP. (BLEEVES)
2025-05-03,Kraft Notebook @85,6,STITCH CORP. (BLEEVES)
2025-05-03,Arch @320,7,TET AND DARS
2025-05-03,Eco Bag @80,2,TET AND DARS
2025-05-03,Keychain @180,7,TET AND DARS
2025-05-03,Pen @40,2,TET AND DARS
2025-05-03,Sticker @120,1,TET AND DARS
2025-05-03,Sticker @25,1,TET AND DARS
2025-05-03,C. Keychain,3,USTORE
2025-05-03,ID Case,1,USTORE
2025-05-03,Lanyard @180,11,USTORE
2025-05-03,Lanyard @190,3,USTORE
2025-05-03,MJ Sticker Large,4,USTORE
2025-05-03,MJ Sticker Medium,13,USTORE
2025-05-03,MJ Sticker Small,6,USTORE
2025-05-03,Thick Lanyard,2,USTORE
2025-05-03,Umb (One For UST),1,USTORE
2025-05-03,Utensil,1,USTORE
2025-05-05,ABSC College Shirt (60th),1,ARTS AND LETTERS (SHIRT HAPPENS)
2025-05-05,Black Embro,2,BLAZE
2025-05-05,White Embro,1,BLAZE
2025-05-05,UST College ID Lace,8,JUC
2025-05-05,UST OAT Hoodie Jacket,1,JUC
2025-05-05,UST OAT MUG (W inside),2,JUC
2025-05-05,UST OAT MUG (Y/B inside),9,JUC
2025-05-05,UST OAT T-Shirt Y/B/COLLEGE,11,JUC
2025-05-05,UST T-Shirt Santo Tomas Shirt/UST T-Shirt Tiger Pattern/HAPPY,21,JUC
2025-05-05,UST T-Shirt Sporty,6,JUC
2025-05-05,BASE BALL SHIRT,1,JYL ATHLETICA
2025-05-05,Cotton Black Jacket,1,JYL ATHLETICA
2025-05-05,Cotton Brush Jacket,1,JYL ATHLETICA
2025-05-05,DRI-FIT NEW,1,JYL ATHLETICA
2025-05-05,Poloshirt 123456 @860,1,JYL ATHLETICA
2025-05-05,QUIANA SUBLI SHIRT (B&Y),2,JYL ATHLETICA
2025-05-05,Hoodies Breaker,4,NAPOLIZ ENTERPRISES
2025-05-05,UST-Pen W/Box,1,NEW TRENDS
2025-05-05,Ballpen 2 Designs @50 (B&Y),1,STITCH CORP. (BLEEVES)
2025-05-05,Baseball Cap METAL @380,1,STITCH CORP. (BLEEVES)
2025-05-05,Clock @550,1,STITCH CORP. (BLEEVES)
2025-05-05,Kraft Notebook @85,2,STITCH CORP. (BLEEVES)
2025-05-05,Arch @320,1,TET AND DARS
2025-05-05,Eco Bag @80,3,TET AND DARS
2025-05-05,Pen @40,2,TET AND DARS
2025-05-05,Sticker @120,3,TET AND DARS
2025-05-05,Sticker @25,3,TET AND DARS
2025-05-05,Aquaflask,2,USTORE
2025-05-05,C. Keychain,1,USTORE
2025-05-05,Clappers,1,USTORE
2025-05-05,ID Case,1,USTORE
2025-05-05,Lanyard @180,8,USTORE
2025-05-05,Lanyard @190,1,USTORE
2025-05-05,MJ Sticker Large,3,USTORE
2025-05-05,MJ Sticker Medium,5,USTORE
2025-05-05,MJ Sticker Small,2,USTORE
2025-05-05,Pencil,2,USTORE
2025-05-05,Thick Lanyard,11,USTORE
2025-05-05,Tote (One For UST),3,USTORE
2025-05-05,Tote (Viva),1,USTORE
2025-05-05,Tote Bag Canvas White,2,USTORE
2025-05-05,Umb (One For UST),7,USTORE
2025-05-05,Utensil,3,USTORE
2025-05-05,New GT Shirts,1,VARSITY LIFESTYLE
2025-05-06,Black Embro,2,BLAZE
2025-05-06,Shirts all @450 UPSIZE (3XL-5XL),2,JUC
2025-05-06,UST College ID Lace,7,JUC
2025-05-06,UST OAT MUG (W inside),2,JUC
2025-05-06,UST OAT MUG (Y/B inside),4,JUC
2025-05-06,UST OAT T-Shirt Y/B/COLLEGE,4,JUC
2025-05-06,UST Sweatshirt Sporty,1,JUC
2025-05-06,UST T-Shirt Santo Tomas Shirt/UST T-Shirt Tiger Pattern/HAPPY,12,JUC
2025-05-06,UST T-Shirt Sporty,10,JUC
2025-05-06,BASE BALL SHIRT,1,JYL ATHLETICA
2025-05-06,Cotton Brush Jacket,1,JYL ATHLETICA
2025-05-06,Cotton Gray Jacket,1,JYL ATHLETICA
2025-05-06,DRI-FIT NEW,2,JYL ATHLETICA
2025-05-06,Poloshirt @800,1,JYL ATHLETICA
2025-05-06,QUIANA SUBLI SHIRT (B&Y),3,JYL ATHLETICA
2025-05-06,VB Jersey without Sig @1500,1,JYL ATHLETICA
2025-05-06,Hoodies Breaker,5,NAPOLIZ ENTERPRISES
2025-05-06,UST-Pen W/Box,3,NEW TRENDS
2025-05-06,Ballpen 2 Designs @50 (B&Y),6,STITCH CORP. (BLEEVES)
2025-05-06,Bamboo Pen @60,3,STITCH CORP. (BLEEVES)
2025-05-06,Arch @320,2,TET AND DARS
2025-05-06,Eco Bag @80,1,TET AND DARS
2025-05-06,Keychain @180,3,TET AND DARS
2025-05-06,Sticker @120,1,TET AND DARS
2025-05-06,Sticker @25,3,TET AND DARS
2025-05-06,Aquaflask,2,USTORE
2025-05-06,C. Keychain,3,USTORE
2025-05-06,C. Sticker @120,1,USTORE
2025-05-06,ID Case,5,USTORE
2025-05-06,Kit Set,15,USTORE
2025-05-06,Lanyard @180,20,USTORE
2025-05-06,Lanyard @190,8,USTORE
2025-05-06,MJ Sticker Large,3,USTORE
2025-05-06,MJ Sticker Medium,7,USTORE
2025-05-06,MJ Sticker Small,16,USTORE
2025-05-06,New Tiger Plushie Big @850,4,USTORE
2025-05-06,Thick Lanyard,7,USTORE
2025-05-06,Tote (One For UST),2,USTORE
2025-05-06,Tote (Viva),1,USTORE
2025-05-06,Tote Bag Canvas White,3,USTORE
2025-05-07,ABSC College Shirt (60th),1,ARTS AND LETTERS (SHIRT HAPPENS)
2025-05-07,Black Embro,1,BLAZE
2025-05-07,Polo Shirt @800,2,BLAZE
2025-05-07,Shirts all @450 UPSIZE (3XL-5XL),2,JUC
2025-05-07,UST OAT Hoodie Jacket,1,JUC
2025-05-07,UST OAT MUG (W inside),1,JUC
2025-05-07,UST OAT MUG (Y/B inside),16,JUC
2025-05-07,UST OAT T-Shirt Y/B/COLLEGE,5,JUC
2025-05-07,UST Sweatshirt Sporty,2,JUC
2025-05-07,UST T-Shirt Santo Tomas Shirt/UST T-Shirt Tiger Pattern/HAPPY,5,JUC
2025-05-07,UST T-Shirt Sporty,1,JUC
2025-05-07,Corp Jacket,2,JYL ATHLETICA
2025-05-07,Cotton Gray Jacket,1,JYL ATHLETICA
2025-05-07,Jacket,1,JYL ATHLETICA
2025-05-07,Poloshirt @800,1,JYL ATHLETICA
2025-05-07,QUIANA SUBLI SHIRT (B&Y),1,JYL ATHLETICA
2025-05-07,Double Canopy,2,NAPOLIZ ENTERPRISES
2025-05-07,Hoodies Breaker,2,NAPOLIZ ENTERPRISES
2025-05-07,UST-Pen W/Box,2,NEW TRENDS
2025-05-07,Ballpen 2 Designs @50 (B&Y),8,STITCH CORP. (BLEEVES)
2025-05-07,Kraft Notebook @85,3,STITCH CORP. (BLEEVES)
2025-05-07,Arch @320,8,TET AND DARS
2025-05-07,Eco Bag @80,16,TET AND DARS
2025-05-07,Keychain @180,3,TET AND DARS
2025-05-07,Sticker @120,2,TET AND DARS
2025-05-07,Sticker @25,2,TET AND DARS
2025-05-07,Aquaflask,1,USTORE
2025-05-07,C. Keychain,4,USTORE
2025-05-07,C. Sticker @120,2,USTORE
2025-05-07,ID Case,1,USTORE
2025-05-07,Kit Set,2,USTORE
2025-05-07,Lanyard @190,8,USTORE
2025-05-07,MJ Sticker Medium,3,USTORE
2025-05-07,MJ Sticker Small,3,USTORE
2025-05-07,New Tiger Plushie Big @850,3,USTORE
2025-05-07,Thick Lanyard,2,USTORE
2025-05-07,Tote (Viva),22,USTORE
2025-05-07,Tote Bag Canvas White,2,USTORE
2025-05-07,Umb (One For UST),12,USTORE
2025-05-07,New GT Shirts,2,VARSITY LIFESTYLE
2025-05-08,Black Embro,4,BLAZE
2025-05-08,UST College ID Lace,3,JUC
2025-05-08,UST OAT MUG (Y/B inside),1,JUC
2025-05-08,UST OAT T-Shirt Y/B/COLLEGE,10,JUC
2025-05-08,UST T-Shirt Santo Tomas Shirt/UST T-Shirt Tiger Pattern/HAPPY,11,JUC
2025-05-08,BASE BALL SHIRT,1,JYL ATHLETICA
2025-05-08,Cotton Brush Jacket,2,JYL ATHLETICA
2025-05-08,DRI-FIT NEW,1,JYL ATHLETICA
2025-05-08,Hoodies Breaker,2,NAPOLIZ ENTERPRISES
2025-05-08,Ballpen 2 Designs @50 (B&Y),1,STITCH CORP. (BLEEVES)
2025-05-08,Bamboo Notebook @150,1,STITCH CORP. (BLEEVES)
2025-05-08,Baseball Cap METAL @380,2,STITCH CORP. (BLEEVES)
2025-05-08,Arch @320,3,TET AND DARS
2025-05-08,Eco Bag @80,1,TET AND DARS
2025-05-08,Keychain @180,1,TET AND DARS
2025-05-08,C. Keychain,3,USTORE
2025-05-08,ID Case,2,USTORE
2025-05-08,Lanyard @180,7,USTORE
2025-05-08,Lanyard @190,2,USTORE
2025-05-08,MJ Sticker Medium,11,USTORE
2025-05-08,MJ Sticker Small,3,USTORE
2025-05-08,Notelet,1,USTORE
2025-05-08,Thick Lanyard,2,USTORE
2025-05-08,Tote (One For UST),1,USTORE
2025-05-08,Tote (Viva),4,USTORE
2025-05-08,Tote Bag Canvas White,4,USTORE
2025-05-08,Umb (One For UST),6,USTORE
2025-05-08,Scarves,1,VARSITY LIFESTYLE
2025-05-09,ABSC College Shirt (60th),1,ARTS AND LETTERS (SHIRT HAPPENS)
2025-05-09,White Embro,3,BLAZE
2025-05-09,UST College ID Lace,1,JUC
2025-05-09,UST OAT Hoodie Jacket,2,JUC
2025-05-09,UST OAT MUG (Y/B inside),69,JUC
2025-05-09,UST OAT T-Shirt Y/B/COLLEGE,10,JUC
2025-05-09,UST Sweatshirt Sporty,1,JUC
2025-05-09,UST T-Shirt Santo Tomas Shirt/UST T-Shirt Tiger Pattern/HAPPY,15,JUC
2025-05-09,UST T-Shirt Sporty,8,JUC
2025-05-09,BASE BALL SHIRT,1,JYL ATHLETICA
2025-05-09,Corp Windbreaker,1,JYL ATHLETICA
2025-05-09,DRI-FIT NEW,3,JYL ATHLETICA
2025-05-09,Jacket,1,JYL ATHLETICA
2025-05-09,QUIANA SUBLI SHIRT (B&Y),2,JYL ATHLETICA
2025-05-09,Hoodies Breaker,2,NAPOLIZ ENTERPRISES
2025-05-09,UST-Pen W/Box,3,NEW TRENDS
2025-05-09,Ballpen 2 Designs @50 (B&Y),2,STITCH CORP. (BLEEVES)
2025-05-09,Bamboo Pen @60,1,STITCH CORP. (BLEEVES)
2025-05-09,Kraft Notebook @85,1,STITCH CORP. (BLEEVES)
2025-05-09,Arch @320,3,TET AND DARS
2025-05-09,Eco Bag @80,3,TET AND DARS
2025-05-09,Keychain @180,3,TET AND DARS
2025-05-09,Pen @40,12,TET AND DARS
2025-05-09,Sticker @120,1,TET AND DARS
2025-05-09,5M Rotating Keychain,1,USTORE
2025-05-09,C. Keychain,2,USTORE
2025-05-09,Clappers,3,USTORE
2025-05-09,ID Case,1,USTORE
2025-05-09,Lanyard @180,11,USTORE
2025-05-09,Lanyard @190,2,USTORE
2025-05-09,MJ Sticker Large,2,USTORE
2025-05-09,MJ Sticker Medium,12,USTORE
2025-05-09,MJ Sticker Small,9,USTORE
2025-05-09,New Tiger Plushie Big @850,5,USTORE
2025-05-09,Thick Lanyard,7,USTORE
2025-05-09,Tote (One For UST),25,USTORE
2025-05-09,Tote (Viva),26,USTORE
2025-05-09,Umb (One For UST),1,USTORE
2025-05-09,New GT Shirts,1,VARSITY LIFESTYLE
2025-05-10,Black Embro,2,BLAZE
2025-05-10,White Embro,1,BLAZE
2025-05-10,UST College ID Lace,3,JUC
2025-05-10,UST OAT MUG (Y/B inside),2,JUC
2025-05-10,UST OAT T-Shirt Y/B/COLLEGE,7,JUC
2025-05-10,UST Sweatshirt Sporty,1,JUC
2025-05-10,UST T-Shirt Santo Tomas Shirt/UST T-Shirt Tiger Pattern/HAPPY,10,JUC
2025-05-10,UST T-Shirt Sporty,5,JUC
2025-05-10,BASE BALL SHIRT,1,JYL ATHLETICA
2025-05-10,Poloshirt @800,2,JYL ATHLETICA
2025-05-10,QUIANA SUBLI SHIRT (B&Y),1,JYL ATHLETICA
2025-05-10,Hoodies Breaker,2,NAPOLIZ ENTERPRISES
2025-05-10,Ballpen 2 Designs @50 (B&Y),4,STITCH CORP. (BLEEVES)
2025-05-10,Eco Bag @80,4,TET AND DARS
2025-05-10,Keychain @180,7,TET AND DARS
2025-05-10,Pen @40,1,TET AND DARS
2025-05-10,Sticker @25,3,TET AND DARS
2025-05-10,5M Magnetic Pin,3,USTORE
2025-05-10,5M Rotating Keychain,1,USTORE
2025-05-10,C. Keychain,1,USTORE
2025-05-10,Lanyard @180,8,USTORE
2025-05-10,MJ Sticker Large,8,USTORE
2025-05-10,MJ Sticker Medium,10,USTORE
2025-05-10,MJ Sticker Small,6,USTORE
2025-05-10,Thick Lanyard,5,USTORE
2025-05-10,Tote (One For UST),2,USTORE
2025-05-10,Umb (One For UST),3,USTORE
2025-05-14,ABSC College Shirt (60th),1,ARTS AND LETTERS (SHIRT HAPPENS)
2025-05-14,Polo Shirt @800,1,BLAZE
2025-05-14,White Embro,1,BLAZE
2025-05-14,UST College ID Lace,1,JUC
2025-05-14,UST OAT MUG (W inside),5,JUC
2025-05-14,UST OAT MUG (Y/B inside),4,JUC
2025-05-14,UST OAT T-Shirt Y/B/COLLEGE,10,JUC
2025-05-14,UST T-Shirt Santo Tomas Shirt/UST T-Shirt Tiger Pattern/HAPPY,4,JUC
2025-05-14,UST T-Shirt Sporty,2,JUC
2025-05-14,UST T-Shirt Sporty UPSIZE (3XL-5XL),1,JUC
2025-05-14,Cotton Brush Jacket,1,JYL ATHLETICA
2025-05-14,DRI-FIT NEW,2,JYL ATHLETICA
2025-05-14,Poloshirt 123456 @860,1,JYL ATHLETICA
2025-05-14,Poloshirt @800,2,JYL ATHLETICA
2025-05-14,QUIANA SUBLI SHIRT (B&Y),3,JYL ATHLETICA
2025-05-14,Double Canopy,2,NAPOLIZ ENTERPRISES
2025-05-14,Hoodies Breaker,3,NAPOLIZ ENTERPRISES
2025-05-14,Ballpen 2 Designs @50 (B&Y),7,STITCH CORP. (BLEEVES)
2025-05-14,Bamboo Notebook @150,6,STITCH CORP. (BLEEVES)
2025-05-14,Bamboo Pen @60,1,STITCH CORP. (BLEEVES)
2025-05-14,Kraft Notebook @85,6,STITCH CORP. (BLEEVES)
2025-05-14,Arch @320,5,TET AND DARS
2025-05-14,Eco Bag @80,5,TET AND DARS
2025-05-14,Keychain @180,1,TET AND DARS
2025-05-14,Pen @40,1,TET AND DARS
2025-05-14,Sticker @25,1,TET AND DARS
2025-05-14,5M Magnetic Pin,5,USTORE
2025-05-14,Aquaflask,12,USTORE
2025-05-14,C. Keychain,2,USTORE
2025-05-14,Clappers,2,USTORE
2025-05-14,ID Case,2,USTORE
2025-05-14,Lanyard @180,4,USTORE
2025-05-14,Lanyard @190,2,USTORE
2025-05-14,MJ Sticker Large,10,USTORE
2025-05-14,MJ Sticker Medium,20,USTORE
2025-05-14,MJ Sticker Small,15,USTORE
2025-05-14,New Tiger Plushie Big @850,1,USTORE
2025-05-14,Thick Lanyard,2,USTORE
2025-05-14,Tote (Viva),2,USTORE
2025-05-14,Umb (One For UST),2,USTORE
2025-05-14,Baller,1,VARSITY LIFESTYLE
2025-05-15,UST College ID Lace,2,JUC
2025-05-15,UST OAT Hoodie Jacket,1,JUC
2025-05-15,UST OAT MUG (Y/B inside),4,JUC
2025-05-15,UST OAT T-Shirt Y/B/COLLEGE,4,JUC
2025-05-15,UST Sweatshirt Sporty,1,JUC
2025-05-15,UST T-Shirt Santo Tomas Shirt/UST T-Shirt Tiger Pattern/HAPPY,11,JUC
2025-05-15,UST T-Shirt Sporty,4,JUC
2025-05-15,Corp Windbreaker,1,JYL ATHLETICA
2025-05-15,Cotton Brush Jacket,2,JYL ATHLETICA
2025-05-15,Poloshirt @800,7,JYL ATHLETICA
2025-05-15,Hoodies Breaker,3,NAPOLIZ ENTERPRISES
2025-05-15,Keychain @180,10,TET AND DARS
2025-05-15,Sticker @120,3,TET AND DARS
2025-05-15,Sticker @25,4,TET AND DARS
2025-05-15,5M Magnetic Pin,4,USTORE
2025-05-15,5M Rotating Keychain,1,USTORE
2025-05-15,Aquaflask,1,USTORE
2025-05-15,C. Keychain,2,USTORE
2025-05-15,C. Sticker @120,2,USTORE
2025-05-15,ID Case,1,USTORE
2025-05-15,Kit Set,2,USTORE
2025-05-15,Lanyard @180,6,USTORE
2025-05-15,Lanyard @190,1,USTORE
2025-05-15,MJ Sticker Large,66,USTORE
2025-05-15,MJ Sticker Medium,77,USTORE
2025-05-15,MJ Sticker Small,188,USTORE
2025-05-15,Thick Lanyard,3,USTORE
2025-05-15,Tote (One For UST),6,USTORE
2025-05-15,Tote (Viva),2,USTORE
2025-05-15,Umb (One For UST),25,USTORE
2025-05-15,Hoodie,1,VARSITY LIFESTYLE
2025-05-15,Keychain,1,VARSITY LIFESTYLE
2025-05-15,Long Sticker,3,VARSITY LIFESTYLE
2025-05-16,ABSC College Shirt (60th),1,ARTS AND LETTERS (SHIRT HAPPENS)
2025-05-16,Black Embro,11,BLAZE
2025-05-16,Polo Shirt @800,2,BLAZE
2025-05-16,White Embro,2,BLAZE
2025-05-16,UST College ID Lace,22,JUC
2025-05-16,UST OAT Hoodie Jacket,2,JUC
2025-05-16,UST OAT MUG (Y/B inside),1,JUC
2025-05-16,UST OAT T-Shirt Y/B/COLLEGE,9,JUC
2025-05-16,UST Sweatshirt Sporty,5,JUC
2025-05-16,UST T-Shirt Santo Tomas Shirt/UST T-Shirt Tiger Pattern/HAPPY,36,JUC
2025-05-16,UST T-Shirt Sporty,7,JUC
2025-05-16,UST T-Shirt Sporty UPSIZE (3XL-5XL),1,JUC
2025-05-16,BASE BALL SHIRT,1,JYL ATHLETICA
2025-05-16,Corp Jacket,1,JYL ATHLETICA
2025-05-16,Cotton Black Jacket,2,JYL ATHLETICA
2025-05-16,Cotton Brush Jacket,6,JYL ATHLETICA
2025-05-16,DRI-FIT NEW,2,JYL ATHLETICA
2025-05-16,Jacket,1,JYL ATHLETICA
2025-05-16,Poloshirt @800,1,JYL ATHLETICA
2025-05-16,QUIANA SUBLI SHIRT (B&Y),3,JYL ATHLETICA
2025-05-16,Double Canopy,1,NAPOLIZ ENTERPRISES
2025-05-16,UST-Pen W/Box,1,NEW TRENDS
2025-05-16,Ballpen 2 Designs @50 (B&Y),2,STITCH CORP. (BLEEVES)
2025-05-16,Bamboo Pen @60,9,STITCH CORP. (BLEEVES)
2025-05-16,Eco Bag @ 130,4,TET AND DARS
2025-05-16,Eco Bag @80,8,TET AND DARS
2025-05-16,Keychain @180,12,TET AND DARS
2025-05-16,Pen @40,3,TET AND DARS
2025-05-16,Sticker @120,2,TET AND DARS
2025-05-16,Sticker @25,10,TET AND DARS
2025-05-16,5M Magnetic Pin,14,USTORE
2025-05-16,5M Rotating Keychain,4,USTORE
2025-05-16,Aquaflask,1,USTORE
2025-05-16,C. Keychain,3,USTORE
2025-05-16,Lanyard @180,20,USTORE
2025-05-16,Lanyard @190,1,USTORE
2025-05-16,MJ Sticker Large,4,USTORE
2025-05-16,MJ Sticker Medium,8,USTORE
2025-05-16,MJ Sticker Small,32,USTORE
2025-05-16,New Tiger Plushie Big @850,1,USTORE
2025-05-16,Thick Lanyard,21,USTORE
2025-05-16,Tote (One For UST),1,USTORE
2025-05-16,Tote (Viva),1,USTORE
2025-05-16,Umb (One For UST),3,USTORE
2025-05-16,Baller,1,VARSITY LIFESTYLE
2025-05-16,Hoodie,1,VARSITY LIFESTYLE
2025-05-16,Keychain,7,VARSITY LIFESTYLE
2025-05-16,Long Sticker,2,VARSITY LIFESTYLE
2025-05-16,New GT Shirts,1,VARSITY LIFESTYLE
2025-05-17,White Embro,4,BLAZE
2025-05-17,UST College ID Lace,10,JUC
2025-05-17,UST OAT Hoodie Jacket,3,JUC
2025-05-17,UST OAT MUG (W inside),1,JUC
2025-05-17,UST OAT MUG (Y/B inside),5,JUC
2025-05-17,UST OAT T-Shirt Y/B/COLLEGE,7,JUC
2025-05-17,UST T-Shirt Santo Tomas Shirt/UST T-Shirt Tiger Pattern/HAPPY,13,JUC
2025-05-17,UST T-Shirt Sporty,4,JUC
2025-05-17,BASE BALL SHIRT,1,JYL ATHLETICA
2025-05-17,DRI-FIT NEW,2,JYL ATHLETICA
2025-05-17,Poloshirt @800,1,JYL ATHLETICA
2025-05-17,QUIANA SUBLI SHIRT (B&Y),2,JYL ATHLETICA
2025-05-17,Hoodies Breaker,3,NAPOLIZ ENTERPRISES
2025-05-17,Ballpen 2 Designs @50 (B&Y),9,STITCH CORP. (BLEEVES)
2025-05-17,Baseball Cap METAL @380,2,STITCH CORP. (BLEEVES)
2025-05-17,Kraft Notebook @85,5,STITCH CORP. (BLEEVES)
2025-05-17,Keychain @180,2,TET AND DARS
2025-05-17,Sticker @120,4,TET AND DARS
2025-05-17,Sticker @25,5,TET AND DARS
2025-05-17,5M Magnetic Pin,3,USTORE
2025-05-17,5M Rotating Keychain,2,USTORE
2025-05-17,Aquaflask,2,USTORE
2025-05-17,Clappers,3,USTORE
2025-05-17,Lanyard @180,15,USTORE
2025-05-17,MJ Sticker Large,5,USTORE
2025-05-17,MJ Sticker Medium,10,USTORE
2025-05-17,MJ Sticker Small,7,USTORE
2025-05-17,Notelet,3,USTORE
2025-05-17,Thick Lanyard,6,USTORE
2025-05-17,Tote (One For UST),1,USTORE
2025-05-17,Tote (Viva),1,USTORE
2025-05-17,Tote Bag Canvas White,1,USTORE
2025-05-17,Baller,1,VARSITY LIFESTYLE
2025-05-17,Keychain,1,VARSITY LIFESTYLE
2025-05-17,New GT Shirts,1,VARSITY LIFESTYLE
2025-05-19,ABSC College Shirt (60th),1,ARTS AND LETTERS (SHIRT HAPPENS)
2025-05-19,Black Embro,4,BLAZE
2025-05-19,White Embro,1,BLAZE
2025-05-19,UST College ID Lace,3,JUC
2025-05-19,UST OAT Hoodie Jacket,2,JUC
2025-05-19,UST OAT T-Shirt Y/B/COLLEGE,12,JUC
2025-05-19,UST Sweatshirt Sporty,1,JUC
2025-05-19,UST T-Shirt Santo Tomas Shirt/UST T-Shirt Tiger Pattern/HAPPY,5,JUC
2025-05-19,UST T-Shirt Sporty,2,JUC
2025-05-19,Cotton Black Jacket,1,JYL ATHLETICA
2025-05-19,Cotton Brush Jacket,1,JYL ATHLETICA
2025-05-19,Cotton Gray Jacket,1,JYL ATHLETICA
2025-05-19,QUIANA SUBLI SHIRT (B&Y),2,JYL ATHLETICA
2025-05-19,Hoodies Breaker,2,NAPOLIZ ENTERPRISES
2025-05-19,Ballpen 2 Designs @50 (B&Y),3,STITCH CORP. (BLEEVES)
2025-05-19,Eco Bag @80,1,TET AND DARS
2025-05-19,Keychain @180,2,TET AND DARS
2025-05-19,Sticker @120,2,TET AND DARS
2025-05-19,Sticker @25,1,TET AND DARS
2025-05-19,5M Magnetic Pin,7,USTORE
2025-05-19,5M Rotating Keychain,1,USTORE
2025-05-19,Aquaflask,4,USTORE
2025-05-19,C. Keychain,1,USTORE
2025-05-19,Lanyard @180,10,USTORE
2025-05-19,Lanyard @190,1,USTORE
2025-05-19,MJ Sticker Large,2,USTORE
2025-05-19,MJ Sticker Medium,6,USTORE
2025-05-19,MJ Sticker Small,9,USTORE
2025-05-19,New Tiger Plushie Big @850,4,USTORE
2025-05-19,Shabby Hat,3,USTORE
2025-05-19,Tote (One For UST),2,USTORE
2025-05-19,Tote (Viva),2,USTORE
2025-05-19,Tote Bag Canvas White,2,USTORE
2025-05-19,Baller,1,VARSITY LIFESTYLE
2025-05-19,Keychain,1,VARSITY LIFESTYLE
2025-05-19,Scarves,1,VARSITY LIFESTYLE
2025-05-20,Shirts all @450 UPSIZE (3XL-5XL),1,JUC
2025-05-20,UST College ID Lace,6,JUC
2025-05-20,UST OAT Hoodie Jacket,2,JUC
2025-05-20,UST OAT MUG (W inside),1,JUC
2025-05-20,UST OAT MUG (Y/B inside),12,JUC
2025-05-20,UST OAT T-Shirt Y/B/COLLEGE,1,JUC
2025-05-20,UST Sweatshirt Sporty,1,JUC
2025-05-20,UST T-Shirt Santo Tomas Shirt/UST T-Shirt Tiger Pattern/HAPPY,14,JUC
2025-05-20,UST T-Shirt Sporty,7,JUC
2025-05-20,UST T-Shirt Sporty UPSIZE (3XL-5XL),1,JUC
2025-05-20,Cotton Black Jacket,3,JYL ATHLETICA
2025-05-20,Cotton Gray Jacket,1,JYL ATHLETICA
2025-05-20,DRI-FIT NEW,2,JYL ATHLETICA
2025-05-20,Jacket,5,JYL ATHLETICA
2025-05-20,Poloshirt @800,1,JYL ATHLETICA
2025-05-20,QUIANA SUBLI SHIRT (B&Y),1,JYL ATHLETICA
2025-05-20,VB Jersey without Sig @1500,1,JYL ATHLETICA
2025-05-20,Ballpen 2 Designs @50 (B&Y),8,STITCH CORP. (BLEEVES)
2025-05-20,Bamboo Pen @60,1,STITCH CORP. (BLEEVES)
2025-05-20,Kraft Notebook @85,14,STITCH CORP. (BLEEVES)
2025-05-20,Arch @320,30,TET AND DARS
2025-05-20,Eco Bag @ 130,10,TET AND DARS
2025-05-20,Keychain @180,1,TET AND DARS
2025-05-20,Pen @40,5,TET AND DARS
2025-05-20,Sticker @25,2,TET AND DARS
2025-05-20,5M Magnetic Pin,2,USTORE
2025-05-20,C. Keychain,1,USTORE
2025-05-20,Lanyard @180,6,USTORE
2025-05-20,MJ Sticker Large,4,USTORE
2025-05-20,MJ Sticker Medium,4,USTORE
2025-05-20,MJ Sticker Small,7,USTORE
2025-05-20,New Tiger Plushie Big @850,1,USTORE
2025-05-20,Notelet,1,USTORE
2025-05-20,Thick Lanyard,2,USTORE
2025-05-20,Tote (One For UST),1,USTORE
2025-05-20,Tote (Viva),2,USTORE
2025-05-20,Umb (One For UST),5,USTORE
2025-05-20,Utensil,2,USTORE
2025-05-20,Baller,1,VARSITY LIFESTYLE
2025-05-21,UST College ID Lace,2,JUC
2025-05-21,UST OAT MUG (W inside),4,JUC
2025-05-21,UST OAT MUG (Y/B inside),3,JUC
2025-05-21,UST OAT T-Shirt Y/B/COLLEGE,3,JUC
2025-05-21,UST Sweatshirt Sporty,1,JUC
2025-05-21,UST T-Shirt Santo Tomas Shirt/UST T-Shirt Tiger Pattern/HAPPY,6,JUC
2025-05-21,Corp Jacket,1,JYL ATHLETICA
2025-05-21,Corp Windbreaker,1,JYL ATHLETICA
2025-05-21,Cotton Brush Jacket,1,JYL ATHLETICA
2025-05-21,Jacket,2,JYL ATHLETICA
2025-05-21,Taslan NEW,1,JYL ATHLETICA
2025-05-21,Hoodies Breaker,2,NAPOLIZ ENTERPRISES
2025-05-21,UST-Pen W/Box,9,NEW TRENDS
2025-05-21,Ballpen 2 Designs @50 (B&Y),6,STITCH CORP. (BLEEVES)
2025-05-21,Bamboo Pen @60,2,STITCH CORP. (BLEEVES)
2025-05-21,Kraft Notebook @85,1,STITCH CORP. (BLEEVES)
2025-05-21,Arch @320,2,TET AND DARS
2025-05-21,Eco Bag @80,5,TET AND DARS
2025-05-21,Keychain @180,2,TET AND DARS
2025-05-21,Pen @40,8,TET AND DARS
2025-05-21,Sticker @120,3,TET AND DARS
2025-05-21,5M Magnetic Pin,6,USTORE
2025-05-21,5M Rotating Keychain,2,USTORE
2025-05-21,Aquaflask,1,USTORE
2025-05-21,C. Keychain,2,USTORE
2025-05-21,ID Case,3,USTORE
2025-05-21,Lanyard @180,6,USTORE
2025-05-21,Lanyard @190,5,USTORE
2025-05-21,MJ Sticker Large,1,USTORE
2025-05-21,MJ Sticker Small,4,USTORE
2025-05-21,New Tiger Plushie Big @850,1,USTORE
2025-05-21,Notelet,5,USTORE
2025-05-21,Thick Lanyard,2,USTORE
2025-05-21,Tote Bag Canvas White,2,USTORE
2025-05-21,Umb (One For UST),4,USTORE
2025-05-21,Keychain,1,VARSITY LIFESTYLE
2025-05-21,Long Sticker,1,VARSITY LIFESTYLE
2025-05-22,Black Embro,1,BLAZE
2025-05-22,Polo Shirt @800,1,BLAZE
2025-05-22,White Embro,3,BLAZE
2025-05-22,UST College ID Lace,1,JUC
2025-05-22,UST OAT Hoodie Jacket,2,JUC
2025-05-22,UST OAT MUG (W inside),5,JUC
2025-05-22,UST OAT T-Shirt Y/B/COLLEGE,6,JUC
2025-05-22,UST T-Shirt Santo Tomas Shirt/UST T-Shirt Tiger Pattern/HAPPY,13,JUC
2025-05-22,UST T-Shirt Sporty,1,JUC
2025-05-22,Cotton Brush Jacket,8,JYL ATHLETICA
2025-05-22,UST-Pen W/Box,9,NEW TRENDS
2025-05-22,Bamboo Notebook @150,11,STITCH CORP. (BLEEVES)
2025-05-22,Bamboo Pen @60,2,STITCH CORP. (BLEEVES)
2025-05-22,Eco Bag @80,11,TET AND DARS
2025-05-22,Keychain @180,5,TET AND DARS
2025-05-22,Pen @40,5,TET AND DARS
2025-05-22,Sticker @120,1,TET AND DARS
2025-05-22,Sticker @25,3,TET AND DARS
2025-05-22,5M Magnetic Pin,13,USTORE
2025-05-22,5M Rotating Keychain,2,USTORE
2025-05-22,Aquaflask,5,USTORE
2025-05-22,C. Keychain,2,USTORE
2025-05-22,ID Case,2,USTORE
2025-05-22,Lanyard @180,6,USTORE
2025-05-22,Lanyard @190,1,USTORE
2025-05-22,MJ Sticker Large,1,USTORE
2025-05-22,MJ Sticker Medium,5,USTORE
2025-05-22,MJ Sticker Small,5,USTORE
2025-05-22,New Tiger Plushie Big @850,5,USTORE
2025-05-22,Paper weight @330,5,USTORE
2025-05-22,Thick Lanyard,2,USTORE
2025-05-22,Tote (One For UST),5,USTORE
2025-05-22,Tote (Viva),2,USTORE
2025-05-22,Tote Bag Canvas White,1,USTORE
2025-05-22,Travel Mug,1,USTORE
2025-05-22,Umb (One For UST),2,USTORE
2025-05-22,Baller,2,VARSITY LIFESTYLE
2025-05-22,Keychain,1,VARSITY LIFESTYLE
2025-05-22,Long Sticker,1,VARSITY LIFESTYLE
2025-05-23,IPEA Shirt,2,ARTS AND LETTERS (SHIRT HAPPENS)
2025-05-23,White Embro,7,BLAZE
2025-05-23,Shirts all @450 UPSIZE (3XL-5XL),3,JUC
2025-05-23,UST College ID Lace,1,JUC
2025-05-23,UST OAT Hoodie Jacket,2,JUC
2025-05-23,UST OAT MUG (Y/B inside),1,JUC
2025-05-23,UST OAT T-Shirt Y/B/COLLEGE,7,JUC
2025-05-23,UST Sweatshirt Sporty,1,JUC
2025-05-23,UST T-Shirt Santo Tomas Shirt/UST T-Shirt Tiger Pattern/HAPPY,18,JUC
2025-05-23,UST T-Shirt Sporty,3,JUC
2025-05-23,UST T-Shirt Sporty UPSIZE (3XL-5XL),3,JUC
2025-05-23,BASE BALL SHIRT,1,JYL ATHLETICA
2025-05-23,Cotton Black Jacket,2,JYL ATHLETICA
2025-05-23,Cotton Gray Jacket,1,JYL ATHLETICA
2025-05-23,Jacket,1,JYL ATHLETICA
2025-05-23,Poloshirt @800,3,JYL ATHLETICA
2025-05-23,Double Canopy,2,NAPOLIZ ENTERPRISES
2025-05-23,Hoodies Breaker,3,NAPOLIZ ENTERPRISES
2025-05-23,UST-Pen W/Box,1,NEW TRENDS
2025-05-23,Ballpen 2 Designs @50 (B&Y),1,STITCH CORP. (BLEEVES)
2025-05-23,Bamboo Pen @60,4,STITCH CORP. (BLEEVES)
2025-05-23,Keychain @180,6,TET AND DARS
2025-05-23,Pen @40,1,TET AND DARS
2025-05-23,5M Magnetic Pin,1,USTORE
2025-05-23,5M Rotating Keychain,2,USTORE
2025-05-23,C. Keychain,1,USTORE
2025-05-23,Lanyard @180,4,USTORE
2025-05-23,MJ Sticker Large,1,USTORE
2025-05-23,MJ Sticker Small,4,USTORE
2025-05-23,New Tiger Plushie Big @850,2,USTORE
2025-05-23,Thick Lanyard,1,USTORE
2025-05-23,Tote (One For UST),1,USTORE
2025-05-23,Tote (Viva),1,USTORE
2025-05-23,Umb (One For UST),4,USTORE
2025-05-23,Utensil,1,USTORE
2025-05-24,ABSC College Shirt (60th),1,ARTS AND LETTERS (SHIRT HAPPENS)
2025-05-24,IPEA Shirt,1,ARTS AND LETTERS (SHIRT HAPPENS)
2025-05-24,Black Embro,3,BLAZE
2025-05-24,UST College ID Lace,2,JUC
2025-05-24,UST OAT Hoodie Jacket,1,JUC
2025-05-24,UST OAT MUG (W inside),2,JUC
2025-05-24,UST OAT T-Shirt Y/B/COLLEGE,4,JUC
2025-05-24,UST Sweatshirt Sporty,2,JUC
2025-05-24,UST T-Shirt Santo Tomas Shirt/UST T-Shirt Tiger Pattern/HAPPY,8,JUC
2025-05-24,UST T-Shirt Sporty,2,JUC
2025-05-24,Cotton Black Jacket,2,JYL ATHLETICA
2025-05-24,Cotton Gray Jacket,1,JYL ATHLETICA
2025-05-24,Poloshirt 123456 @860,1,JYL ATHLETICA
2025-05-24,QUIANA SUBLI SHIRT (B&Y),1,JYL ATHLETICA
2025-05-24,Hoodies Breaker,1,NAPOLIZ ENTERPRISES
2025-05-24,UST-Pen W/Box,1,NEW TRENDS
2025-05-24,Ballpen 2 Designs @50 (B&Y),2,STITCH CORP. (BLEEVES)
2025-05-24,Arch @320,2,TET AND DARS
2025-05-24,Keychain @180,3,TET AND DARS
2025-05-24,Pen @40,2,TET AND DARS
2025-05-24,Sticker @120,1,TET AND DARS
2025-05-24,5M Rotating Keychain,1,USTORE
2025-05-24,C. Keychain,4,USTORE
2025-05-24,ID Case,2,USTORE
2025-05-24,Lanyard @180,4,USTORE
2025-05-24,MJ Sticker Large,3,USTORE
2025-05-24,MJ Sticker Medium,4,USTORE
2025-05-24,MJ Sticker Small,4,USTORE
2025-05-24,Thick Lanyard,4,USTORE
2025-05-24,Tote (One For UST),2,USTORE
2025-05-26,ABSC College Shirt (60th),2,ARTS AND LETTERS (SHIRT HAPPENS)
2025-05-26,White Embro,2,BLAZE
2025-05-26,UST College ID Lace,4,JUC
2025-05-26,UST OAT MUG (Y/B inside),3,JUC
2025-05-26,UST OAT T-Shirt Y/B/COLLEGE,4,JUC
2025-05-26,UST T-Shirt Santo Tomas Shirt/UST T-Shirt Tiger Pattern/HAPPY,15,JUC
2025-05-26,UST T-Shirt Sporty,3,JUC
2025-05-26,UST T-Shirt Sporty UPSIZE (3XL-5XL),2,JUC
2025-05-26,Corp Windbreaker,1,JYL ATHLETICA
2025-05-26,DRI-FIT NEW,2,JYL ATHLETICA
2025-05-26,Poloshirt @800,6,JYL ATHLETICA
2025-05-26,QUIANA SUBLI SHIRT (B&Y),2,JYL ATHLETICA
2025-05-26,Taslan NEW,1,JYL ATHLETICA
2025-05-26,Double Canopy,3,NAPOLIZ ENTERPRISES
2025-05-26,Hoodies Breaker,3,NAPOLIZ ENTERPRISES
2025-05-26,UST-Pen W/Box,1,NEW TRENDS
2025-05-26,Ballpen 2 Designs @50 (B&Y),1,STITCH CORP. (BLEEVES)
2025-05-26,Bamboo Notebook @150,10,STITCH CORP. (BLEEVES)
2025-05-26,Bamboo Pen @60,1,STITCH CORP. (BLEEVES)
2025-05-26,Baseball Cap METAL @380,1,STITCH CORP. (BLEEVES)
2025-05-26,Eco Bag @ 130,2,TET AND DARS
2025-05-26,Eco Bag @80,3,TET AND DARS
2025-05-26,Keychain @180,1,TET AND DARS
2025-05-26,Pen @40,5,TET AND DARS
2025-05-26,Sticker @120,1,TET AND DARS
2025-05-26,Sticker @25,12,TET AND DARS
2025-05-26,5M Magnetic Pin,2,USTORE
2025-05-26,5M Rotating Keychain,1,USTORE
2025-05-26,C. Keychain,8,USTORE
2025-05-26,ID Case,1,USTORE
2025-05-26,Lanyard @180,10,USTORE
2025-05-26,Lanyard @190,3,USTORE
2025-05-26,MJ Sticker Large,7,USTORE
2025-05-26,MJ Sticker Medium,5,USTORE
2025-05-26,MJ Sticker Small,11,USTORE
2025-05-26,Thick Lanyard,4,USTORE
2025-05-26,Tote (One For UST),2,USTORE
2025-05-26,Tote (Viva),4,USTORE
2025-05-26,Tote Bag Canvas White,15,USTORE
2025-05-26,Travel Mug,3,USTORE
2025-05-26,Umb (One For UST),23,USTORE
2025-05-26,New GT Shirts,1,VARSITY LIFESTYLE
2025-05-26,Scarves,1,VARSITY LIFESTYLE
2025-05-27,ABSC College Shirt (60th),3,ARTS AND LETTERS (SHIRT HAPPENS)
2025-05-27,Black Embro,1,BLAZE
2025-05-27,Bomber Jacket,1,JUC
2025-05-27,UST College ID Lace,1,JUC
2025-05-27,UST OAT MUG (W inside),1,JUC
2025-05-27,UST OAT MUG (Y/B inside),7,JUC
2025-05-27,UST OAT T-Shirt Y/B/COLLEGE,17,JUC
2025-05-27,UST Sweatshirt Sporty,6,JUC
2025-05-27,UST T-Shirt Santo Tomas Shirt/UST T-Shirt Tiger Pattern/HAPPY,7,JUC
2025-05-27,UST T-Shirt Sporty,3,JUC
2025-05-27,DRI-FIT NEW,1,JYL ATHLETICA
2025-05-27,Poloshirt @800,3,JYL ATHLETICA
2025-05-27,QUIANA SUBLI SHIRT (B&Y),3,JYL ATHLETICA
2025-05-27,Double Canopy,1,NAPOLIZ ENTERPRISES
2025-05-27,Laptop Bag,1,NAPOLIZ ENTERPRISES
2025-05-27,Ballpen 2 Designs @50 (B&Y),5,STITCH CORP. (BLEEVES)
2025-05-27,Arch @320,1,TET AND DARS
2025-05-27,Eco Bag @80,5,TET AND DARS
2025-05-27,Keychain @180,1,TET AND DARS
2025-05-27,Pen @40,1,TET AND DARS
2025-05-27,Sticker @120,4,TET AND DARS
2025-05-27,5M Magnetic Pin,120,USTORE
2025-05-27,5M Rotating Keychain,161,USTORE
2025-05-27,C. Keychain,7,USTORE
2025-05-27,ID Case,1,USTORE
2025-05-27,Lanyard @190,6,USTORE
2025-05-27,MJ Sticker Large,4,USTORE
2025-05-27,MJ Sticker Medium,10,USTORE
2025-05-27,MJ Sticker Small,3,USTORE
2025-05-27,New Tiger Plushie Big @850,8,USTORE
2025-05-27,Notelet,4,USTORE
2025-05-27,Pencil,3,USTORE
2025-05-27,Scarf @490,10,USTORE
2025-05-27,Thick Lanyard,2,USTORE
2025-05-27,Tote (One For UST),1,USTORE
2025-05-27,Tote (Viva),3,USTORE
2025-05-28,Black Embro,1,BLAZE
2025-05-28,White Embro,1,BLAZE
2025-05-28,UST College ID Lace,2,JUC
2025-05-28,UST OAT Hoodie Jacket,1,JUC
2025-05-28,UST OAT MUG (W inside),6,JUC
2025-05-28,UST OAT T-Shirt Y/B/COLLEGE,5,JUC
2025-05-28,UST Sweatshirt Sporty,1,JUC
2025-05-28,UST T-Shirt Santo Tomas Shirt/UST T-Shirt Tiger Pattern/HAPPY,9,JUC
2025-05-28,Corp Jacket,2,JYL ATHLETICA
2025-05-28,Jacket,2,JYL ATHLETICA
2025-05-28,QUIANA SUBLI SHIRT (B&Y),3,JYL ATHLETICA
2025-05-28,Taslan NEW,1,JYL ATHLETICA
2025-05-28,Hoodies Breaker,5,NAPOLIZ ENTERPRISES
2025-05-28,UST-Pen W/Box,1,NEW TRENDS
2025-05-28,Ballpen 2 Designs @50 (B&Y),6,STITCH CORP. (BLEEVES)
2025-05-28,Bamboo Pen @60,1,STITCH CORP. (BLEEVES)
2025-05-28,Kraft Notebook @85,6,STITCH CORP. (BLEEVES)
2025-05-28,Arch @320,12,TET AND DARS
2025-05-28,Eco Bag @80,10,TET AND DARS
2025-05-28,Keychain @180,1,TET AND DARS
2025-05-28,Sticker @120,1,TET AND DARS
2025-05-28,Sticker @25,2,TET AND DARS
2025-05-28,5M Magnetic Pin,6,USTORE
2025-05-28,5M Rotating Keychain,7,USTORE
2025-05-28,Aquaflask,2,USTORE
2025-05-28,C. Keychain,2,USTORE
2025-05-28,ID Case,1,USTORE
2025-05-28,Lanyard @180,1,USTORE
2025-05-28,Lanyard @190,1,USTORE
2025-05-28,MJ Sticker Medium,2,USTORE
2025-05-28,New Tiger Plushie Big @850,3,USTORE
2025-05-28,Thick Lanyard,2,USTORE
2025-05-28,Tote (Viva),7,USTORE
2025-05-28,Tote Bag Canvas White,1,USTORE
2025-05-28,Travel Mug,8,USTORE
2025-05-28,New GT Shirts,1,VARSITY LIFESTYLE
2025-05-29,ABSC College Shirt (60th),1,ARTS AND LETTERS (SHIRT HAPPENS)
2025-05-29,Black Embro,2,BLAZE
2025-05-29,Polo Shirt @800,4,BLAZE
2025-05-29,Bomber Jacket,1,JUC
2025-05-29,UST OAT Hoodie Jacket,1,JUC
2025-05-29,UST OAT MUG (W inside),4,JUC
2025-05-29,UST OAT T-Shirt Y/B/COLLEGE,5,JUC
2025-05-29,UST Sweatshirt Sporty,1,JUC
2025-05-29,UST T-Shirt Santo Tomas Shirt/UST T-Shirt Tiger Pattern/HAPPY,8,JUC
2025-05-29,UST T-Shirt Sporty,2,JUC
2025-05-29,Cotton Black Jacket,2,JYL ATHLETICA
2025-05-29,DRI-FIT NEW,1,JYL ATHLETICA
2025-05-29,Jacket,3,JYL ATHLETICA
2025-05-29,Poloshirt @800,2,JYL ATHLETICA
2025-05-29,QUIANA SUBLI SHIRT (B&Y),1,JYL ATHLETICA
2025-05-29,Hoodies Breaker,1,NAPOLIZ ENTERPRISES
2025-05-29,UST-Pen W/Box,1,NEW TRENDS
2025-05-29,Bamboo Notebook @150,1,STITCH CORP. (BLEEVES)
2025-05-29,Arch @320,1,TET AND DARS
2025-05-29,Eco Bag @ 130,4,TET AND DARS
2025-05-29,Eco Bag @80,1,TET AND DARS
2025-05-29,Keychain @180,2,TET AND DARS
2025-05-29,Sticker @25,5,TET AND DARS
2025-05-29,5M Magnetic Pin,1,USTORE
2025-05-29,Lanyard @180,2,USTORE
2025-05-29,MJ Sticker Medium,7,USTORE
2025-05-29,MJ Sticker Small,9,USTORE
2025-05-29,Notelet,4,USTORE
2025-05-29,Thick Lanyard,1,USTORE
2025-05-29,Tote (One For UST),2,USTORE
2025-05-29,Travel Mug,15,USTORE
2025-05-29,Umb (One For UST),1,USTORE
2025-05-30,UST College ID Lace,4,JUC
2025-05-30,UST OAT MUG (W inside),30,JUC
2025-05-30,UST OAT MUG (Y/B inside),30,JUC
2025-05-30,UST OAT T-Shirt Y/B/COLLEGE,5,JUC
2025-05-30,UST Sweatshirt Sporty,1,JUC
2025-05-30,UST T-Shirt Santo Tomas Shirt/UST T-Shirt Tiger Pattern/HAPPY,7,JUC
2025-05-30,UST T-Shirt Sporty,4,JUC
2025-05-30,BASE BALL SHIRT,2,JYL ATHLETICA
2025-05-30,Cotton Black Jacket,1,JYL ATHLETICA
2025-05-30,Cotton Brush Jacket,3,JYL ATHLETICA
2025-05-30,Poloshirt @800,1,JYL ATHLETICA
2025-05-30,QUIANA SUBLI SHIRT (B&Y),1,JYL ATHLETICA
2025-05-30,Hoodies Breaker,3,NAPOLIZ ENTERPRISES
2025-05-30,Ballpen 2 Designs @50 (B&Y),3,STITCH CORP. (BLEEVES)
2025-05-30,Kraft Notebook @85,8,STITCH CORP. (BLEEVES)
2025-05-30,Eco Bag @80,1,TET AND DARS
2025-05-30,Keychain @180,3,TET AND DARS
2025-05-30,Sticker @120,1,TET AND DARS
2025-05-30,5M Magnetic Pin,3,USTORE
2025-05-30,5M Rotating Keychain,5,USTORE
2025-05-30,C. Keychain,1,USTORE
2025-05-30,ID Case,3,USTORE
2025-05-30,Lanyard @180,5,USTORE
2025-05-30,Lanyard @190,1,USTORE
2025-05-30,MJ Sticker Large,3,USTORE
2025-05-30,MJ Sticker Medium,8,USTORE
2025-05-30,MJ Sticker Small,10,USTORE
2025-05-30,New Tiger Plushie Big @850,3,USTORE
2025-05-30,Thick Lanyard,2,USTORE
2025-05-30,Tote (One For UST),1,USTORE
2025-05-30,Tote Bag Canvas White,1,USTORE
2025-05-30,Umb (One For UST),7,USTORE
2025-05-30,Utensil,50,USTORE
2025-05-30,Baller,1,VARSITY LIFESTYLE
2025-05-30,Keychain,1,VARSITY LIFESTYLE
2025-05-31,ABSC College Shirt (60th),1,ARTS AND LETTERS (SHIRT HAPPENS)
2025-05-31,Polo Shirt @800,4,BLAZE
2025-05-31,UST College ID Lace,9,JUC
2025-05-31,UST OAT Hoodie Jacket,4,JUC
2025-05-31,UST OAT MUG (W inside),1,JUC
2025-05-31,UST OAT MUG (Y/B inside),1,JUC
2025-05-31,UST OAT T-Shirt Y/B/COLLEGE,4,JUC
2025-05-31,UST Sweatshirt Sporty,6,JUC
2025-05-31,UST T-Shirt Santo Tomas Shirt/UST T-Shirt Tiger Pattern/HAPPY,30,JUC
2025-05-31,UST T-Shirt Sporty,10,JUC
2025-05-31,BASE BALL SHIRT,4,JYL ATHLETICA
2025-05-31,Corp Windbreaker,3,JYL ATHLETICA
2025-05-31,Cotton Brush Jacket,3,JYL ATHLETICA
2025-05-31,Cotton Gray Jacket,4,JYL ATHLETICA
2025-05-31,DRI-FIT NEW,9,JYL ATHLETICA
2025-05-31,Jacket,3,JYL ATHLETICA
2025-05-31,Poloshirt 123456 @860,2,JYL ATHLETICA
2025-05-31,Poloshirt @800,5,JYL ATHLETICA
2025-05-31,QUIANA SUBLI SHIRT (B&Y),7,JYL ATHLETICA
2025-05-31,Double Canopy,3,NAPOLIZ ENTERPRISES
2025-05-31,Hoodies Breaker,3,NAPOLIZ ENTERPRISES
2025-05-31,UST-Pen W/Box,2,NEW TRENDS
2025-05-31,Ballpen 2 Designs @50 (B&Y),30,STITCH CORP. (BLEEVES)
2025-05-31,Bamboo Pen @60,1,STITCH CORP. (BLEEVES)
2025-05-31,Baseball Cap VELCRO @380,1,STITCH CORP. (BLEEVES)
2025-05-31,Arch @320,1,TET AND DARS
2025-05-31,Eco Bag @ 130,5,TET AND DARS
2025-05-31,Eco Bag @80,3,TET AND DARS
2025-05-31,Keychain @180,9,TET AND DARS
2025-05-31,Pen @40,53,TET AND DARS
2025-05-31,Sticker @120,3,TET AND DARS
2025-05-31,Sticker @25,4,TET AND DARS
2025-05-31,5M Magnetic Pin,1,USTORE
2025-05-31,5M Rotating Keychain,4,USTORE
2025-05-31,Aquaflask,1,USTORE
2025-05-31,C. Keychain,3,USTORE
2025-05-31,ID Case,1,USTORE
2025-05-31,Kit Set,3,USTORE
2025-05-31,Lanyard @180,12,USTORE
2025-05-31,MJ Sticker Large,3,USTORE
2025-05-31,MJ Sticker Medium,1,USTORE
2025-05-31,New Tiger Plushie Big @850,4,USTORE
2025-05-31,Scarf @490,6,USTORE
2025-05-31,Thick Lanyard,12,USTORE
2025-05-31,Tote (One For UST),1,USTORE
2025-05-31,Tote (Viva),4,USTORE
2025-05-31,Tote Bag Canvas White,1,USTORE
2025-05-31,Umb (One For UST),11,USTORE
2025-05-31,Baller,1,VARSITY LIFESTYLE
2025-05-31,Keychain,1,VARSITY LIFESTYLE
2025-05-31,Long Sticker,1,VARSITY LIFESTYLE
2025-05-31,New GT Shirts,3,VARSITY LIFESTYLE
2025-06-02,ABSC College Shirt (60th),1,ARTS AND LETTERS (SHIRT HAPPENS)
2025-06-02,Black Embro,2,BLAZE
2025-06-02,Polo Shirt @800,1,BLAZE
2025-06-02,Shirts all @450 UPSIZE (3XL-5XL),2,JUC
2025-06-02,UST College ID Lace,2,JUC
2025-06-02,UST OAT Hoodie Jacket,5,JUC
2025-06-02,UST OAT MUG (W inside),10,JUC
2025-06-02,UST OAT MUG (Y/B inside),2,JUC
2025-06-02,UST OAT T-Shirt Y/B/COLLEGE,5,JUC
2025-06-02,UST Sweatshirt Sporty,1,JUC
2025-06-02,UST T-Shirt Santo Tomas Shirt/UST T-Shirt Tiger Pattern/HAPPY,11,JUC
2025-06-02,UST T-Shirt Sporty,3,JUC
2025-06-02,UST T-Shirt Sporty UPSIZE (3XL-5XL),1,JUC
2025-06-02,Cotton Black Jacket,1,JYL ATHLETICA
2025-06-02,Cotton Gray Jacket,1,JYL ATHLETICA
2025-06-02,DRI-FIT NEW,4,JYL ATHLETICA
2025-06-02,Jacket,1,JYL ATHLETICA
2025-06-02,Poloshirt @800,3,JYL ATHLETICA
2025-06-02,QUIANA SUBLI SHIRT (B&Y),1,JYL ATHLETICA
2025-06-02,Taslan NEW,1,JYL ATHLETICA
2025-06-02,Double Canopy,5,NAPOLIZ ENTERPRISES
2025-06-02,Hoodies Breaker,1,NAPOLIZ ENTERPRISES
2025-06-02,UST-Pen W/Box,3,NEW TRENDS
2025-06-02,Ballpen 2 Designs @50 (B&Y),6,STITCH CORP. (BLEEVES)
2025-06-02,Bamboo Pen @60,2,STITCH CORP. (BLEEVES)
2025-06-02,Kraft Notebook @130,4,STITCH CORP. (BLEEVES)
2025-06-02,Logo Sticker @25,8,TET AND DARS
2025-06-02,Pen @40,1,TET AND DARS
2025-06-02,Sticker @120,8,TET AND DARS
2025-06-02,5M Magnetic Pin,5,USTORE
2025-06-02,5M Rotating Keychain,3,USTORE
2025-06-02,Aquaflask,1,USTORE
2025-06-02,C. Keychain,7,USTORE
2025-06-02,Eco Bag CGEEE!,3,USTORE
2025-06-02,Lanyard @180,4,USTORE
2025-06-02,MJ Sticker Large,2,USTORE
2025-06-02,MJ Sticker Medium,2,USTORE
2025-06-02,MJ Sticker Small,7,USTORE
2025-06-02,New Tiger Plushie Big @850,23,USTORE
2025-06-02,New Tiger Plushie Small @750,8,USTORE
2025-06-02,Scarf @490,2,USTORE
2025-06-02,Thick Lanyard,1,USTORE
2025-06-02,Tote (One For UST),2,USTORE
2025-06-02,Tote (Viva),2,USTORE
2025-06-02,Tote Bag Canvas White,3,USTORE
2025-06-02,Travel Mug,3,USTORE
2025-06-02,Umb (One For UST),5,USTORE
2025-06-02,Utensil,1,USTORE
2025-06-02,Baller,1,VARSITY LIFESTYLE
2025-06-02,Keychain,1,VARSITY LIFESTYLE
2025-06-02,Long Sticker,2,VARSITY LIFESTYLE
2025-06-02,New GT Shirts,1,VARSITY LIFESTYLE
2025-06-03,Black Embro,1,BLAZE
2025-06-03,Shirts all @450 UPSIZE (3XL-5XL),1,JUC
2025-06-03,UST College ID Lace,7,JUC
2025-06-03,UST OAT Hoodie Jacket,9,JUC
2025-06-03,UST OAT MUG (W inside),4,JUC
2025-06-03,UST OAT MUG (Y/B inside),5,JUC
2025-06-03,UST OAT T-Shirt Y/B/COLLEGE,25,JUC
2025-06-03,UST Sweatshirt Sporty,2,JUC
2025-06-03,UST T-Shirt Santo Tomas Shirt/UST T-Shirt Tiger Pattern/HAPPY,24,JUC
2025-06-03,UST T-Shirt Sporty,6,JUC
2025-06-03,UST T-Shirt Sporty UPSIZE (3XL-5XL),2,JUC
2025-06-03,Corp Jacket,3,JYL ATHLETICA
2025-06-03,Cotton Black Jacket,1,JYL ATHLETICA
2025-06-03,Cotton Brush Jacket,1,JYL ATHLETICA
2025-06-03,DRI-FIT NEW,1,JYL ATHLETICA
2025-06-03,Jacket,1,JYL ATHLETICA
2025-06-03,Poloshirt @800,5,JYL ATHLETICA
2025-06-03,Small Mystery Car,1,MADEBYRUZ CONSUMER GOODS TRADING
2025-06-03,Double Canopy,2,NAPOLIZ ENTERPRISES
2025-06-03,Hoodies Breaker,4,NAPOLIZ ENTERPRISES
2025-06-03,Arch @320,3,TET AND DARS
2025-06-03,Eco Bag @ 130,4,TET AND DARS
2025-06-03,Eco Bag @80,1,TET AND DARS
2025-06-03,Keychain @180,4,TET AND DARS
2025-06-03,Logo Sticker @25,1,TET AND DARS
2025-06-03,Sticker @120,6,TET AND DARS
2025-06-03,5M Magnetic Pin,11,USTORE
2025-06-03,5M Rotating Keychain,3,USTORE
2025-06-03,Aquaflask,4,USTORE
2025-06-03,C. Keychain,18,USTORE
2025-06-03,Eco Bag CGEEE!,20,USTORE
2025-06-03,ID Case,2,USTORE
2025-06-03,Lanyard @180,11,USTORE
2025-06-03,MJ Sticker Large,5,USTORE
2025-06-03,MJ Sticker Medium,6,USTORE
2025-06-03,MJ Sticker Small,10,USTORE
2025-06-03,New Tiger Plushie Big @850,40,USTORE
2025-06-03,New Tiger Plushie Small @750,9,USTORE
2025-06-03,Scarf @490,4,USTORE
2025-06-03,Thick Lanyard,4,USTORE
2025-06-03,Tote (One For UST),2,USTORE
2025-06-03,Tote (Viva),6,USTORE
2025-06-03,Tote Bag Canvas White,6,USTORE
2025-06-03,Travel Mug,1,USTORE
2025-06-03,Utensil,5,USTORE
2025-06-03,Baller,2,VARSITY LIFESTYLE
2025-06-03,Keychain,1,VARSITY LIFESTYLE
2025-06-03,New GT Shirts,1,VARSITY LIFESTYLE
2025-06-04,Black Embro,2,BLAZE
2025-06-04,UST College ID Lace,2,JUC
2025-06-04,UST OAT Hoodie Jacket,3,JUC
2025-06-04,UST OAT MUG (W inside),3,JUC
2025-06-04,UST OAT MUG (Y/B inside),4,JUC
2025-06-04,UST Sweatshirt Sporty,1,JUC
2025-06-04,UST T-Shirt Santo Tomas Shirt/UST T-Shirt Tiger Pattern/HAPPY,10,JUC
2025-06-04,UST T-Shirt Sporty,1,JUC
2025-06-04,BASE BALL SHIRT,1,JYL ATHLETICA
2025-06-04,Cotton Black Jacket,2,JYL ATHLETICA
2025-06-04,Cotton Brush Jacket,2,JYL ATHLETICA
2025-06-04,Cotton Gray Jacket,1,JYL ATHLETICA
2025-06-04,DRI-FIT NEW,4,JYL ATHLETICA
2025-06-04,QUIANA SUBLI SHIRT (B&Y),1,JYL ATHLETICA
2025-06-04,Double Canopy,5,NAPOLIZ ENTERPRISES
2025-06-04,Hoodies Breaker,2,NAPOLIZ ENTERPRISES
2025-06-04,UST-Pen W/Box,1,NEW TRENDS
2025-06-04,Ballpen 2 Designs @50 (B&Y),2,STITCH CORP. (BLEEVES)
2025-06-04,Bamboo Pen @60,1,STITCH CORP. (BLEEVES)
2025-06-04,Arch @320,3,TET AND DARS
2025-06-04,Eco Bag @ 130,1,TET AND DARS
2025-06-04,Keychain @180,1,TET AND DARS
2025-06-04,Logo Sticker @25,3,TET AND DARS
2025-06-04,Pen @40,1,TET AND DARS
2025-06-04,Sticker @120,1,TET AND DARS
2025-06-04,5M Magnetic Pin,3,USTORE
2025-06-04,5M Rotating Keychain,1,USTORE
2025-06-04,Aquaflask,6,USTORE
2025-06-04,C. Keychain,4,USTORE
2025-06-04,Eco Bag CGEEE!,1,USTORE
2025-06-04,Lanyard @180,3,USTORE
2025-06-04,MJ Sticker Small,4,USTORE
2025-06-04,New Tiger Plushie Big @850,14,USTORE
2025-06-04,New Tiger Plushie Small @750,10,USTORE
2025-06-04,Notelet,5,USTORE
2025-06-04,Scarf @490,1,USTORE
2025-06-04,Thick Lanyard,3,USTORE
2025-06-04,Tote (One For UST),1,USTORE
2025-06-04,Tote (Viva),4,USTORE
2025-06-04,Tote Bag Canvas White,1,USTORE
2025-06-04,Travel Mug,1,USTORE
2025-06-04,Umb (One For UST),2,USTORE
2025-06-04,Baller,2,VARSITY LIFESTYLE
2025-06-04,Keychain,1,VARSITY LIFESTYLE
2025-06-04,Long Sticker,2,VARSITY LIFESTYLE
2025-06-05,ABSC College Shirt (60th),2,ARTS AND LETTERS (SHIRT HAPPENS)
2025-06-05,Black Embro,6,BLAZE
2025-06-05,Polo Shirt @800,4,BLAZE
2025-06-05,Bomber Jacket,1,JUC
2025-06-05,Shirts all @450 UPSIZE (3XL-5XL),1,JUC
2025-06-05,UST College ID Lace,3,JUC
2025-06-05,UST OAT Hoodie Jacket,8,JUC
2025-06-05,UST OAT MUG (W inside),5,JUC
2025-06-05,UST OAT MUG (Y/B inside),15,JUC
2025-06-05,UST OAT T-Shirt Y/B/COLLEGE,13,JUC
2025-06-05,UST Sweatshirt Sporty,2,JUC
2025-06-05,UST T-Shirt Santo Tomas Shirt/UST T-Shirt Tiger Pattern/HAPPY,16,JUC
2025-06-05,UST T-Shirt Sporty,10,JUC
2025-06-05,UST T-Shirt Sporty UPSIZE (3XL-5XL),2,JUC
2025-06-05,BASE BALL SHIRT,1,JYL ATHLETICA
2025-06-05,Cotton Black Jacket,4,JYL ATHLETICA
2025-06-05,Cotton Brush Jacket,12,JYL ATHLETICA
2025-06-05,Cotton Gray Jacket,2,JYL ATHLETICA
2025-06-05,DRI-FIT NEW,5,JYL ATHLETICA
2025-06-05,Jacket,2,JYL ATHLETICA
2025-06-05,Poloshirt @800,1,JYL ATHLETICA
2025-06-05,QUIANA SUBLI SHIRT (B&Y),5,JYL ATHLETICA
2025-06-05,Small Mystery Car,1,MADEBYRUZ CONSUMER GOODS TRADING
2025-06-05,Double Canopy,6,NAPOLIZ ENTERPRISES
2025-06-05,Hoodies Breaker,3,NAPOLIZ ENTERPRISES
2025-06-05,UST-Pen W/Box,1,NEW TRENDS
2025-06-05,Ballpen 2 Designs @50 (B&Y),11,STITCH CORP. (BLEEVES)
2025-06-05,Baseball Cap METAL @380,6,STITCH CORP. (BLEEVES)
2025-06-05,Arch @320,1,TET AND DARS
2025-06-05,Keychain @180,9,TET AND DARS
2025-06-05,Logo Sticker @25,16,TET AND DARS
2025-06-05,Pen @40,2,TET AND DARS
2025-06-05,Sticker @120,12,TET AND DARS
2025-06-05,5M Magnetic Pin,2,USTORE
2025-06-05,5M Rotating Keychain,2,USTORE
2025-06-05,Aquaflask,3,USTORE
2025-06-05,C. Keychain,6,USTORE
2025-06-05,C. Sticker @120,1,USTORE
2025-06-05,Eco Bag CGEEE!,4,USTORE
2025-06-05,ID Case,3,USTORE
2025-06-05,Lanyard @180,7,USTORE
2025-06-05,MJ Sticker Large,3,USTORE
2025-06-05,MJ Sticker Medium,4,USTORE
2025-06-05,MJ Sticker Small,13,USTORE
2025-06-05,New Tiger Plushie Big @850,35,USTORE
2025-06-05,New Tiger Plushie Small @750,16,USTORE
2025-06-05,Scarf @490,3,USTORE
2025-06-05,Shabby Hat,2,USTORE
2025-06-05,Thick Lanyard,15,USTORE
2025-06-05,Tote (One For UST),4,USTORE
2025-06-05,Tote (Viva),5,USTORE
2025-06-05,Tote Bag Canvas White,4,USTORE
2025-06-05,Travel Mug,1,USTORE
2025-06-05,Umb (One For UST),7,USTORE
2025-06-05,Baller,5,VARSITY LIFESTYLE
2025-06-05,New GT Shirts,4,VARSITY LIFESTYLE
2025-06-06,Black Embro,3,BLAZE
2025-06-06,Bomber Jacket,1,JUC
2025-06-06,Shirts all @450 UPSIZE (3XL-5XL),1,JUC
2025-06-06,UST College ID Lace,1,JUC
2025-06-06,UST OAT Hoodie Jacket,4,JUC
2025-06-06,UST OAT MUG (W inside),1,JUC
2025-06-06,UST OAT MUG (Y/B inside),6,JUC
2025-06-06,UST OAT T-Shirt Y/B/COLLEGE,12,JUC
2025-06-06,UST Sweatshirt Sporty,1,JUC
2025-06-06,UST T-Shirt Santo Tomas Shirt/UST T-Shirt Tiger Pattern/HAPPY,20,JUC
2025-06-06,UST T-Shirt Sporty,4,JUC
2025-06-06,UST T-Shirt Sporty UPSIZE (3XL-5XL),2,JUC
2025-06-06,Cotton Black Jacket,1,JYL ATHLETICA
2025-06-06,Cotton Brush Jacket,4,JYL ATHLETICA
2025-06-06,Cotton Gray Jacket,1,JYL ATHLETICA
2025-06-06,DRI-FIT NEW,3,JYL ATHLETICA
2025-06-06,Jacket,4,JYL ATHLETICA
2025-06-06,QUIANA SUBLI SHIRT (B&Y),2,JYL ATHLETICA
2025-06-06,Small Mystery Car,3,MADEBYRUZ CONSUMER GOODS TRADING
2025-06-06,Double Canopy,45,NAPOLIZ ENTERPRISES
2025-06-06,Hoodies Breaker,4,NAPOLIZ ENTERPRISES
2025-06-06,Ballpen 2 Designs @50 (B&Y),7,STITCH CORP. (BLEEVES)
2025-06-06,Baseball Cap METAL @380,1,STITCH CORP. (BLEEVES)
2025-06-06,Arch @320,2,TET AND DARS
2025-06-06,Eco Bag @ 130,2,TET AND DARS
2025-06-06,Keychain @180,6,TET AND DARS
2025-06-06,Logo Sticker @25,1,TET AND DARS
2025-06-06,Pen @40,1,TET AND DARS
2025-06-06,Sticker @120,5,TET AND DARS
2025-06-06,5M Magnetic Pin,1,USTORE
2025-06-06,5M Rotating Keychain,18,USTORE
2025-06-06,Aquaflask,2,USTORE
2025-06-06,C. Keychain,1,USTORE
2025-06-06,Eco Bag CGEEE!,9,USTORE
2025-06-06,ID Case,1,USTORE
2025-06-06,Lanyard @180,4,USTORE
2025-06-06,MJ Sticker Large,5,USTORE
2025-06-06,MJ Sticker Medium,11,USTORE
2025-06-06,MJ Sticker Small,15,USTORE
2025-06-06,New Tiger Plushie Big @850,64,USTORE
2025-06-06,New Tiger Plushie Small @750,19,USTORE
2025-06-06,Scarf @490,4,USTORE
2025-06-06,Shabby Hat,2,USTORE
2025-06-06,Thick Lanyard,5,USTORE
2025-06-06,Tote (One For UST),3,USTORE
2025-06-06,Tote (Viva),5,USTORE
2025-06-06,Tote Bag Canvas White,3,USTORE
2025-06-06,Travel Mug,1,USTORE
2025-06-06,Umb (One For UST),31,USTORE
2025-06-06,Keychain,1,VARSITY LIFESTYLE
2025-06-06,New GT Shirts,1,VARSITY LIFESTYLE
2025-06-06,VL Sticker Pack,1,VARSITY LIFESTYLE
2025-06-07,Polo Shirt @800,1,BLAZE
2025-06-07,Shirts all @450 UPSIZE (3XL-5XL),2,JUC
2025-06-07,UST College ID Lace,2,JUC
2025-06-07,UST OAT Hoodie Jacket,3,JUC
2025-06-07,UST OAT MUG (Y/B inside),10,JUC
2025-06-07,UST OAT T-Shirt Y/B/COLLEGE,7,JUC
2025-06-07,UST Sweatshirt Sporty,1,JUC
2025-06-07,UST T-Shirt Santo Tomas Shirt/UST T-Shirt Tiger Pattern/HAPPY,19,JUC
2025-06-07,UST T-Shirt Sporty,9,JUC
2025-06-07,UST T-Shirt Sporty UPSIZE (3XL-5XL),4,JUC
2025-06-07,BASE BALL SHIRT,1,JYL ATHLETICA
2025-06-07,Corp Windbreaker,5,JYL ATHLETICA
2025-06-07,Cotton Brush Jacket,2,JYL ATHLETICA
2025-06-07,DRI-FIT NEW,7,JYL ATHLETICA
2025-06-07,Jacket,5,JYL ATHLETICA
2025-06-07,QUIANA SUBLI SHIRT (B&Y),6,JYL ATHLETICA
2025-06-07,Taslan NEW,1,JYL ATHLETICA
2025-06-07,Small Mystery Car,2,MADEBYRUZ CONSUMER GOODS TRADING
2025-06-07,Double Canopy,3,NAPOLIZ ENTERPRISES
2025-06-07,Ballpen 2 Designs @50 (B&Y),7,STITCH CORP. (BLEEVES)
2025-06-07,Bamboo Pen @60,2,STITCH CORP. (BLEEVES)
2025-06-07,Baseball Cap METAL @380,1,STITCH CORP. (BLEEVES)
2025-06-07,Clock @550,1,STITCH CORP. (BLEEVES)
2025-06-07,Corp Jacket  V2,1,STITCH CORP. (BLEEVES)
2025-06-07,Arch @320,9,TET AND DARS
2025-06-07,Eco Bag @80,1,TET AND DARS
2025-06-07,Keychain @180,7,TET AND DARS
2025-06-07,Logo Sticker @25,7,TET AND DARS
2025-06-07,Sticker @120,5,TET AND DARS
2025-06-07,5M Rotating Keychain,9,USTORE
2025-06-07,Aquaflask,3,USTORE
2025-06-07,Lanyard @180,6,USTORE
2025-06-07,MJ Sticker Large,3,USTORE
2025-06-07,MJ Sticker Medium,13,USTORE
2025-06-07,MJ Sticker Small,18,USTORE
2025-06-07,New Tiger Plushie Big @850,45,USTORE
2025-06-07,New Tiger Plushie Small @750,17,USTORE
2025-06-07,Scarf @490,5,USTORE
2025-06-07,Thick Lanyard,6,USTORE
2025-06-07,Tote (One For UST),2,USTORE
2025-06-07,Tote (Viva),3,USTORE
2025-06-07,Tote Bag Canvas White,3,USTORE
2025-06-07,Travel Mug,3,USTORE
2025-06-07,Umb (One For UST),3,USTORE
2025-06-07,Baller,2,VARSITY LIFESTYLE
2025-06-07,Keychain,1,VARSITY LIFESTYLE
2025-06-07,Long Sticker,1,VARSITY LIFESTYLE
2025-06-07,New GT Shirts,3,VARSITY LIFESTYLE
2025-06-09,ABSC College Shirt (60th),3,ARTS AND LETTERS (SHIRT HAPPENS)
2025-06-09,Black Embro,5,BLAZE
2025-06-09,Bomber Jacket,2,JUC
2025-06-09,UST College ID Lace,7,JUC
2025-06-09,UST OAT Hoodie Jacket,7,JUC
2025-06-09,UST OAT MUG (Y/B inside),5,JUC
2025-06-09,UST OAT T-Shirt Y/B/COLLEGE,8,JUC
2025-06-09,UST Sweatshirt Sporty,2,JUC
2025-06-09,UST T-Shirt Santo Tomas Shirt/UST T-Shirt Tiger Pattern/HAPPY,15,JUC
2025-06-09,UST T-Shirt Sporty,9,JUC
2025-06-09,UST T-Shirt Sporty UPSIZE (3XL-5XL),2,JUC
2025-06-09,BASE BALL SHIRT,1,JYL ATHLETICA
2025-06-09,Cotton Black Jacket,3,JYL ATHLETICA
2025-06-09,Cotton Brush Jacket,6,JYL ATHLETICA
2025-06-09,Cotton Gray Jacket,1,JYL ATHLETICA
2025-06-09,DRI-FIT NEW,6,JYL ATHLETICA
2025-06-09,Jacket,2,JYL ATHLETICA
2025-06-09,Poloshirt @800,3,JYL ATHLETICA
2025-06-09,QUIANA SUBLI SHIRT (B&Y),5,JYL ATHLETICA
2025-06-09,Taslan NEW,1,JYL ATHLETICA
2025-06-09,Small Mystery Car,2,MADEBYRUZ CONSUMER GOODS TRADING
2025-06-09,Hoodies Breaker,5,NAPOLIZ ENTERPRISES
2025-06-09,UST-Pen W/Box,1,NEW TRENDS
2025-06-09,Ballpen 2 Designs @50 (B&Y),6,STITCH CORP. (BLEEVES)
2025-06-09,Bamboo Pen @60,1,STITCH CORP. (BLEEVES)
2025-06-09,Baseball Cap METAL @380,8,STITCH CORP. (BLEEVES)
2025-06-09,Arch @320,3,TET AND DARS
2025-06-09,Keychain @180,4,TET AND DARS
2025-06-09,Logo Sticker @25,16,TET AND DARS
2025-06-09,Sticker @120,9,TET AND DARS
2025-06-09,5M Magnetic Pin,2,USTORE
2025-06-09,5M Rotating Keychain,1,USTORE
2025-06-09,Aquaflask,7,USTORE
2025-06-09,C. Keychain,7,USTORE
2025-06-09,Lanyard @180,9,USTORE
2025-06-09,MJ Sticker Large,5,USTORE
2025-06-09,MJ Sticker Medium,11,USTORE
2025-06-09,MJ Sticker Small,10,USTORE
2025-06-09,New Tiger Plushie Big @850,26,USTORE
2025-06-09,New Tiger Plushie Small @750,12,USTORE
2025-06-09,Pencil,2,USTORE
2025-06-09,Scarf @490,8,USTORE
2025-06-09,Shabby Hat,3,USTORE
2025-06-09,Thick Lanyard,5,USTORE
2025-06-09,Tote (Viva),7,USTORE
2025-06-09,Tote Bag Canvas White,2,USTORE
2025-06-09,Travel Mug,3,USTORE
2025-06-09,Umb (One For UST),5,USTORE
2025-06-09,Keychain,1,VARSITY LIFESTYLE
2025-06-09,Long Sticker,5,VARSITY LIFESTYLE
2025-06-09,New GT Shirts,1,VARSITY LIFESTYLE
2025-06-09,VL Sticker Pack,2,VARSITY LIFESTYLE
2025-06-10,Black Embro,2,BLAZE
2025-06-10,White Embro,1,BLAZE
2025-06-10,Bomber Jacket,2,JUC
2025-06-10,Shirts all @450 UPSIZE (3XL-5XL),2,JUC
2025-06-10,UST OAT Hoodie Jacket,14,JUC
2025-06-10,UST OAT MUG (W inside),1,JUC
2025-06-10,UST OAT MUG (Y/B inside),19,JUC
2025-06-10,UST OAT T-Shirt Y/B/COLLEGE,8,JUC
2025-06-10,UST Sweatshirt Sporty,3,JUC
2025-06-10,UST T-Shirt Santo Tomas Shirt/UST T-Shirt Tiger Pattern/HAPPY,22,JUC
2025-06-10,UST T-Shirt Sporty,11,JUC
2025-06-10,BASE BALL SHIRT,2,JYL ATHLETICA
2025-06-10,Corp Jacket,3,JYL ATHLETICA
2025-06-10,Corp Windbreaker,1,JYL ATHLETICA
2025-06-10,Cotton Black Jacket,5,JYL ATHLETICA
2025-06-10,Cotton Brush Jacket,9,JYL ATHLETICA
2025-06-10,Cotton Gray Jacket,2,JYL ATHLETICA
2025-06-10,DRI-FIT NEW,5,JYL ATHLETICA
2025-06-10,Jacket,4,JYL ATHLETICA
2025-06-10,Poloshirt @800,4,JYL ATHLETICA
2025-06-10,QUIANA SUBLI SHIRT (B&Y),3,JYL ATHLETICA
2025-06-10,Taslan NEW,1,JYL ATHLETICA
2025-06-10,Small Mystery Car,1,MADEBYRUZ CONSUMER GOODS TRADING
2025-06-10,Double Canopy,7,NAPOLIZ ENTERPRISES
2025-06-10,Hoodies Breaker,9,NAPOLIZ ENTERPRISES
2025-06-10,UST-Pen W/Box,2,NEW TRENDS
2025-06-10,Ballpen 2 Designs @50 (B&Y),5,STITCH CORP. (BLEEVES)
2025-06-10,Bamboo Pen @60,3,STITCH CORP. (BLEEVES)
2025-06-10,Baseball Cap METAL @380,14,STITCH CORP. (BLEEVES)
2025-06-10,Clock @550,2,STITCH CORP. (BLEEVES)
2025-06-10,Corp Jacket  V2,2,STITCH CORP. (BLEEVES)
2025-06-10,Arch @320,12,TET AND DARS
2025-06-10,Eco Bag @ 130,2,TET AND DARS
2025-06-10,Eco Bag @80,2,TET AND DARS
2025-06-10,Keychain @180,6,TET AND DARS
2025-06-10,Logo Sticker @25,10,TET AND DARS
2025-06-10,Sticker @120,19,TET AND DARS
2025-06-10,5M Magnetic Pin,1,USTORE
2025-06-10,5M Rotating Keychain,8,USTORE
2025-06-10,Aquaflask,1,USTORE
2025-06-10,C. Keychain,10,USTORE
2025-06-10,Eco Bag CGEEE!,1,USTORE
2025-06-10,Lanyard @180,9,USTORE
2025-06-10,MJ Sticker Large,10,USTORE
2025-06-10,MJ Sticker Medium,11,USTORE
2025-06-10,MJ Sticker Small,19,USTORE
2025-06-10,New Tiger Plushie Big @850,32,USTORE
2025-06-10,New Tiger Plushie Small @750,10,USTORE
2025-06-10,Notelet,5,USTORE
2025-06-10,Scarf @490,13,USTORE
2025-06-10,Shabby Hat,1,USTORE
2025-06-10,Thick Lanyard,5,USTORE
2025-06-10,Tote (One For UST),1,USTORE
2025-06-10,Tote (Viva),4,USTORE
2025-06-10,Tote Bag Canvas White,2,USTORE
2025-06-10,Travel Mug,4,USTORE
2025-06-10,Umb (One For UST),18,USTORE
2025-06-10,USTORE Voucher (1000),1,USTORE
2025-06-10,Utensil,5,USTORE
2025-06-10,Baller,1,VARSITY LIFESTYLE
2025-06-10,New GT Shirts,1,VARSITY LIFESTYLE
2025-06-11,ABSC College Shirt (60th),1,ARTS AND LETTERS (SHIRT HAPPENS)
2025-06-11,Black Embro,7,BLAZE
2025-06-11,Polo Shirt @800,1,BLAZE
2025-06-11,White Embro,3,BLAZE
2025-06-11,Bomber Jacket,1,JUC
2025-06-11,Shirts all @450 UPSIZE (3XL-5XL),1,JUC
2025-06-11,UST College ID Lace,1,JUC
2025-06-11,UST OAT Hoodie Jacket,5,JUC
2025-06-11,UST OAT MUG (Y/B inside),9,JUC
2025-06-11,UST OAT T-Shirt Y/B/COLLEGE,7,JUC
2025-06-11,UST Sweatshirt Sporty,2,JUC
2025-06-11,UST T-Shirt Santo Tomas Shirt/UST T-Shirt Tiger Pattern/HAPPY,14,JUC
2025-06-11,UST T-Shirt Sporty,5,JUC
2025-06-11,UST T-Shirt Sporty UPSIZE (3XL-5XL),1,JUC
2025-06-11,BASE BALL SHIRT,1,JYL ATHLETICA
2025-06-11,Corp Jacket,1,JYL ATHLETICA
2025-06-11,Cotton Black Jacket,2,JYL ATHLETICA
2025-06-11,Cotton Brush Jacket,5,JYL ATHLETICA
2025-06-11,Cotton Gray Jacket,1,JYL ATHLETICA
2025-06-11,Jacket,3,JYL ATHLETICA
2025-06-11,Poloshirt @800,6,JYL ATHLETICA
2025-06-11,QUIANA SUBLI SHIRT (B&Y),6,JYL ATHLETICA
2025-06-11,Hoodies Breaker,4,NAPOLIZ ENTERPRISES
2025-06-11,Ballpen 2 Designs @50 (B&Y),4,STITCH CORP. (BLEEVES)
2025-06-11,Bamboo Pen @60,2,STITCH CORP. (BLEEVES)
2025-06-11,Baseball Cap METAL @380,9,STITCH CORP. (BLEEVES)
2025-06-11,Kraft Notebook @130,4,STITCH CORP. (BLEEVES)
2025-06-11,Arch @320,3,TET AND DARS
2025-06-11,Eco Bag @80,5,TET AND DARS
2025-06-11,Keychain @180,3,TET AND DARS
2025-06-11,Logo Sticker @25,10,TET AND DARS
2025-06-11,Pen @40,2,TET AND DARS
2025-06-11,Sticker @120,9,TET AND DARS
2025-06-11,5M Magnetic Pin,2,USTORE
2025-06-11,5M Rotating Keychain,5,USTORE
2025-06-11,Aquaflask,2,USTORE
2025-06-11,C. Keychain,5,USTORE
2025-06-11,Eco Bag CGEEE!,2,USTORE
2025-06-11,Lanyard @180,3,USTORE
2025-06-11,MJ Sticker Large,2,USTORE
2025-06-11,MJ Sticker Medium,13,USTORE
2025-06-11,MJ Sticker Small,14,USTORE
2025-06-11,Scarf @490,2,USTORE
2025-06-11,Shabby Hat,1,USTORE
2025-06-11,Thick Lanyard,1,USTORE
2025-06-11,Tote (One For UST),10,USTORE
2025-06-11,Tote (Viva),3,USTORE
2025-06-11,Tote Bag Canvas White,1,USTORE
2025-06-11,Travel Mug,2,USTORE
2025-06-11,Umb (One For UST),5,USTORE
2025-06-11,Utensil,1,USTORE
2025-06-11,Keychain,4,VARSITY LIFESTYLE
2025-06-11,Lanyard,1,VARSITY LIFESTYLE
2025-06-11,VL Sticker Pack,1,VARSITY LIFESTYLE
2025-06-12,Black Embro,1,BLAZE
2025-06-12,UST OAT Hoodie Jacket,1,JUC
2025-06-12,UST OAT T-Shirt Y/B/COLLEGE,7,JUC
2025-06-12,UST T-Shirt Santo Tomas Shirt/UST T-Shirt Tiger Pattern/HAPPY,1,JUC
2025-06-12,UST T-Shirt Sporty,1,JUC
2025-06-12,BASE BALL SHIRT,1,JYL ATHLETICA
2025-06-12,Corp Windbreaker,1,JYL ATHLETICA
2025-06-12,QUIANA SUBLI SHIRT (B&Y),2,JYL ATHLETICA
2025-06-12,Small Mystery Car,1,MADEBYRUZ CONSUMER GOODS TRADING
2025-06-12,Ballpen 2 Designs @50 (B&Y),7,STITCH CORP. (BLEEVES)
2025-06-12,Bamboo Pen @60,1,STITCH CORP. (BLEEVES)
2025-06-12,Eco Bag @80,1,TET AND DARS
2025-06-12,Keychain @180,2,TET AND DARS
2025-06-12,Logo Sticker @25,2,TET AND DARS
2025-06-12,Pen @40,6,TET AND DARS
2025-06-12,5M Rotating Keychain,13,USTORE
2025-06-12,C. Keychain,1,USTORE
2025-06-12,Eco Bag CGEEE!,1,USTORE
2025-06-12,Lanyard @180,3,USTORE
2025-06-12,MJ Sticker Large,2,USTORE
2025-06-12,MJ Sticker Medium,6,USTORE
2025-06-12,MJ Sticker Small,3,USTORE
2025-06-12,Thick Lanyard,4,USTORE
2025-06-12,Tote (One For UST),1,USTORE
2025-06-12,Tote Bag Canvas White,1,USTORE
2025-06-12,Umb (One For UST),1,USTORE
2025-06-12,Lanyard,1,VARSITY LIFESTYLE
2025-06-13,Black Embro,3,BLAZE
2025-06-13,Polo Shirt @800,3,BLAZE
2025-06-13,White Embro,3,BLAZE
2025-06-13,Shirts all @450 UPSIZE (3XL-5XL),1,JUC
2025-06-13,UST College ID Lace,2,JUC
2025-06-13,UST OAT Hoodie Jacket,7,JUC
2025-06-13,UST OAT MUG (Y/B inside),6,JUC
2025-06-13,UST OAT T-Shirt Y/B/COLLEGE,28,JUC
2025-06-13,UST T-Shirt Santo Tomas Shirt/UST T-Shirt Tiger Pattern/HAPPY,20,JUC
2025-06-13,UST T-Shirt Sporty,3,JUC
2025-06-13,BASE BALL SHIRT,5,JYL ATHLETICA
2025-06-13,Corp Jacket,1,JYL ATHLETICA
2025-06-13,Corp Windbreaker,2,JYL ATHLETICA
2025-06-13,DRI-FIT NEW,3,JYL ATHLETICA
2025-06-13,Poloshirt @800,2,JYL ATHLETICA
2025-06-13,QUIANA SUBLI SHIRT (B&Y),10,JYL ATHLETICA
2025-06-13,Big Mystery Car,1,MADEBYRUZ CONSUMER GOODS TRADING
2025-06-13,Small Mystery Car,3,MADEBYRUZ CONSUMER GOODS TRADING
2025-06-13,Back pack,1,NAPOLIZ ENTERPRISES
2025-06-13,Double Canopy,1,NAPOLIZ ENTERPRISES
2025-06-13,Hoodies Breaker,2,NAPOLIZ ENTERPRISES
2025-06-13,Ballpen 2 Designs @50 (B&Y),4,STITCH CORP. (BLEEVES)
2025-06-13,Bamboo Notebook @150,6,STITCH CORP. (BLEEVES)
2025-06-13,Bamboo Pen @60,2,STITCH CORP. (BLEEVES)
2025-06-13,Baseball Cap METAL @380,4,STITCH CORP. (BLEEVES)
2025-06-13,Kraft Notebook @130,2,STITCH CORP. (BLEEVES)
2025-06-13,Arch @320,11,TET AND DARS
2025-06-13,Eco Bag @80,2,TET AND DARS
2025-06-13,Keychain @180,7,TET AND DARS
2025-06-13,Logo Sticker @25,8,TET AND DARS
2025-06-13,Pen @40,3,TET AND DARS
2025-06-13,5M Magnetic Pin,6,USTORE
2025-06-13,5M Rotating Keychain,14,USTORE
2025-06-13,Aquaflask,2,USTORE
2025-06-13,C. Keychain,8,USTORE
2025-06-13,Lanyard @180,11,USTORE
2025-06-13,MJ Sticker Large,4,USTORE
2025-06-13,MJ Sticker Medium,6,USTORE
2025-06-13,MJ Sticker Small,24,USTORE
2025-06-13,New Tiger Plushie Big @850,39,USTORE
2025-06-13,New Tiger Plushie Small @750,6,USTORE
2025-06-13,Notelet,18,USTORE
2025-06-13,Scarf @490,10,USTORE
2025-06-13,Thick Lanyard,6,USTORE
2025-06-13,Tote (Viva),5,USTORE
2025-06-13,Tote Bag Canvas White,1,USTORE
2025-06-13,Travel Mug,4,USTORE
2025-06-13,Umb (One For UST),11,USTORE
2025-06-13,Lanyard,1,VARSITY LIFESTYLE
2025-06-13,Oversized Sweatshirt,1,VARSITY LIFESTYLE
2025-06-13,VL Sticker Pack,2,VARSITY LIFESTYLE
2025-06-14,White Embro,1,BLAZE
2025-06-14,Bomber Jacket,1,JUC
2025-06-14,Shirts all @450 UPSIZE (3XL-5XL),3,JUC
2025-06-14,UST College ID Lace,3,JUC
2025-06-14,UST OAT Hoodie Jacket,14,JUC
2025-06-14,UST OAT MUG (W inside),1,JUC
2025-06-14,UST OAT MUG (Y/B inside),12,JUC
2025-06-14,UST OAT T-Shirt Y/B/COLLEGE,8,JUC
2025-06-14,UST Sweatshirt Sporty,2,JUC
2025-06-14,UST T-Shirt Santo Tomas Shirt/UST T-Shirt Tiger Pattern/HAPPY,8,JUC
2025-06-14,Corp Jacket,2,JYL ATHLETICA
2025-06-14,Cotton Black Jacket,1,JYL ATHLETICA
2025-06-14,Cotton Brush Jacket,5,JYL ATHLETICA
2025-06-14,DRI-FIT NEW,1,JYL ATHLETICA
2025-06-14,Jacket,1,JYL ATHLETICA
2025-06-14,Poloshirt @800,1,JYL ATHLETICA
2025-06-14,QUIANA SUBLI SHIRT (B&Y),2,JYL ATHLETICA
2025-06-14,Small Mystery Car,6,MADEBYRUZ CONSUMER GOODS TRADING
2025-06-14,Hoodies Breaker,2,NAPOLIZ ENTERPRISES
2025-06-14,Laptop Bag,1,NAPOLIZ ENTERPRISES
2025-06-14,Ballpen 2 Designs @50 (B&Y),7,STITCH CORP. (BLEEVES)
2025-06-14,Bamboo Pen @60,3,STITCH CORP. (BLEEVES)
2025-06-14,Clock @550,1,STITCH CORP. (BLEEVES)
2025-06-14,Corp Jacket  V2,1,STITCH CORP. (BLEEVES)
2025-06-14,Arch @320,3,TET AND DARS
2025-06-14,Eco Bag @ 130,1,TET AND DARS
2025-06-14,Keychain @180,8,TET AND DARS
2025-06-14,Logo Sticker @25,4,TET AND DARS
2025-06-14,Pen @40,1,TET AND DARS
2025-06-14,5M Magnetic Pin,2,USTORE
2025-06-14,5M Rotating Keychain,5,USTORE
2025-06-14,Aquaflask,4,USTORE
2025-06-14,Bookmark,1,USTORE
2025-06-14,C. Keychain,11,USTORE
2025-06-14,Eco Bag CGEEE!,4,USTORE
2025-06-14,Lanyard @180,11,USTORE
2025-06-14,MJ Sticker Large,1,USTORE
2025-06-14,MJ Sticker Medium,2,USTORE
2025-06-14,MJ Sticker Small,4,USTORE
2025-06-14,New Tiger Plushie Big @850,14,USTORE
2025-06-14,New Tiger Plushie Small @750,15,USTORE
2025-06-14,Scarf @490,8,USTORE
2025-06-14,Tote (Viva),7,USTORE
2025-06-14,Tote Bag Canvas White,3,USTORE
2025-06-14,Travel Mug,3,USTORE
2025-06-14,Umb (One For UST),7,USTORE
2025-06-16,Black Embro,1,BLAZE
2025-06-16,UST College ID Lace,1,JUC
2025-06-16,UST OAT Hoodie Jacket,1,JUC
2025-06-16,UST OAT T-Shirt Y/B/COLLEGE,2,JUC
2025-06-16,UST Sweatshirt Sporty,2,JUC
2025-06-16,UST T-Shirt Santo Tomas Shirt/UST T-Shirt Tiger Pattern/HAPPY,4,JUC
2025-06-16,Corp Jacket,1,JYL ATHLETICA
2025-06-16,Cotton Brush Jacket,1,JYL ATHLETICA
2025-06-16,Jacket,2,JYL ATHLETICA
2025-06-16,QUIANA SUBLI SHIRT (B&Y),2,JYL ATHLETICA
2025-06-16,Hoodies Breaker,1,NAPOLIZ ENTERPRISES
2025-06-16,Kraft Notebook @130,1,STITCH CORP. (BLEEVES)
2025-06-16,Eco Bag @ 130,1,TET AND DARS
2025-06-16,5M Magnetic Pin,1,USTORE
2025-06-16,5M Rotating Keychain,1,USTORE
2025-06-16,Lanyard @180,5,USTORE
2025-06-16,New Tiger Plushie Small @750,1,USTORE
2025-06-16,Scarf @490,1,USTORE
2025-06-16,Tote (One For UST),1,USTORE
2025-06-16,Tote (Viva),1,USTORE
2025-06-17,ABSC College Shirt (60th),2,ARTS AND LETTERS (SHIRT HAPPENS)
2025-06-17,Black Embro,1,BLAZE
2025-06-17,Shirts all @450 UPSIZE (3XL-5XL),1,JUC
2025-06-17,UST OAT Hoodie Jacket,1,JUC
2025-06-17,UST OAT T-Shirt Y/B/COLLEGE,5,JUC
2025-06-17,UST Sweatshirt Sporty,3,JUC
2025-06-17,UST T-Shirt Santo Tomas Shirt/UST T-Shirt Tiger Pattern/HAPPY,6,JUC
2025-06-17,Cotton Gray Jacket,1,JYL ATHLETICA
2025-06-17,Poloshirt @800,1,JYL ATHLETICA
2025-06-17,QUIANA SUBLI SHIRT (B&Y),1,JYL ATHLETICA
2025-06-17,Ballpen 2 Designs @50 (B&Y),7,STITCH CORP. (BLEEVES)
2025-06-17,Bamboo Pen @60,1,STITCH CORP. (BLEEVES)
2025-06-17,Keychain @180,1,TET AND DARS
2025-06-17,Logo Sticker @25,1,TET AND DARS
2025-06-17,Pen @40,27,TET AND DARS
2025-06-17,Sticker @120,2,TET AND DARS
2025-06-17,5M Rotating Keychain,1,USTORE
2025-06-17,Aquaflask,1,USTORE
2025-06-17,ID Case,25,USTORE
2025-06-17,Lanyard @180,2,USTORE
2025-06-17,MJ Sticker Medium,2,USTORE
2025-06-17,MJ Sticker Small,1,USTORE
2025-06-17,New Tiger Plushie Small @750,2,USTORE
2025-06-17,Notelet,1,USTORE
2025-06-17,Thick Lanyard,1,USTORE
2025-06-17,Tote (Viva),5,USTORE
2025-06-17,Tote Bag Canvas White,26,USTORE
2025-06-17,Umb (One For UST),1,USTORE
2025-06-17,Keychain,1,VARSITY LIFESTYLE
2025-06-18,Polo Shirt @800,1,BLAZE
2025-06-18,White Embro,1,BLAZE
2025-06-18,UST College ID Lace,2,JUC
2025-06-18,UST OAT Hoodie Jacket,2,JUC
2025-06-18,UST OAT MUG (Y/B inside),1,JUC
2025-06-18,UST OAT T-Shirt Y/B/COLLEGE,1,JUC
2025-06-18,UST Sweatshirt Sporty,1,JUC
2025-06-18,UST T-Shirt Santo Tomas Shirt/UST T-Shirt Tiger Pattern/HAPPY,2,JUC
2025-06-18,UST T-Shirt Sporty,2,JUC
2025-06-18,Corp Jacket,1,JYL ATHLETICA
2025-06-18,Corp Windbreaker,1,JYL ATHLETICA
2025-06-18,DRI-FIT NEW,2,JYL ATHLETICA
2025-06-18,Poloshirt @800,1,JYL ATHLETICA
2025-06-18,QUIANA SUBLI SHIRT (B&Y),2,JYL ATHLETICA
2025-06-18,Small Mystery Car,2,MADEBYRUZ CONSUMER GOODS TRADING
2025-06-18,Back pack,1,NAPOLIZ ENTERPRISES
2025-06-18,Hoodies Breaker,3,NAPOLIZ ENTERPRISES
2025-06-18,Ballpen 2 Designs @50 (B&Y),9,STITCH CORP. (BLEEVES)
2025-06-18,Bamboo Pen @60,2,STITCH CORP. (BLEEVES)
2025-06-18,Keychain @180,1,TET AND DARS
2025-06-18,5M Rotating Keychain,2,USTORE
2025-06-18,Aquaflask,1,USTORE
2025-06-18,C. Keychain,3,USTORE
2025-06-18,Lanyard @180,10,USTORE
2025-06-18,MJ Sticker Large,1,USTORE
2025-06-18,MJ Sticker Medium,2,USTORE
2025-06-18,MJ Sticker Small,5,USTORE
2025-06-18,New Tiger Plushie Small @750,1,USTORE
2025-06-18,Paper weight @330,1,USTORE
2025-06-18,Thick Lanyard,1,USTORE
2025-06-18,Tote (Viva),2,USTORE
2025-06-18,Umb (One For UST),1,USTORE
2025-06-18,Keychain,1,VARSITY LIFESTYLE
2025-06-18,Lanyard,2,VARSITY LIFESTYLE
2025-06-19,Black Embro,1,BLAZE
2025-06-19,UST College ID Lace,2,JUC
2025-06-19,UST OAT Hoodie Jacket,1,JUC
2025-06-19,UST OAT T-Shirt Y/B/COLLEGE,2,JUC
2025-06-19,UST T-Shirt Santo Tomas Shirt/UST T-Shirt Tiger Pattern/HAPPY,7,JUC
2025-06-19,Corp Jacket,1,JYL ATHLETICA
2025-06-19,QUIANA SUBLI SHIRT (B&Y),4,JYL ATHLETICA
2025-06-19,Hoodies Breaker,3,NAPOLIZ ENTERPRISES
2025-06-19,Bamboo Pen @60,1,STITCH CORP. (BLEEVES)
2025-06-19,Arch @320,1,TET AND DARS
2025-06-19,Keychain @180,1,TET AND DARS
2025-06-19,Aquaflask,1,USTORE
2025-06-19,C. Keychain,3,USTORE
2025-06-19,Lanyard @180,6,USTORE
2025-06-19,MJ Sticker Large,3,USTORE
2025-06-19,MJ Sticker Medium,3,USTORE
2025-06-19,MJ Sticker Small,9,USTORE
2025-06-19,New Tiger Plushie Small @750,2,USTORE
2025-06-19,Thick Lanyard,9,USTORE
2025-06-19,Tote Bag Canvas White,1,USTORE
2025-06-19,Travel Mug,1,USTORE
2025-06-19,Lanyard,1,VARSITY LIFESTYLE
2025-06-19,New GT Shirts,1,VARSITY LIFESTYLE
2025-06-20,Black Embro,1,BLAZE
2025-06-20,White Embro,1,BLAZE
2025-06-20,UST OAT Hoodie Jacket,4,JUC
2025-06-20,UST OAT MUG (W inside),2,JUC
2025-06-20,UST OAT MUG (Y/B inside),4,JUC
2025-06-20,UST OAT T-Shirt Y/B/COLLEGE,5,JUC
2025-06-20,UST Sweatshirt Sporty,2,JUC
2025-06-20,UST T-Shirt Santo Tomas Shirt/UST T-Shirt Tiger Pattern/HAPPY,9,JUC
2025-06-20,UST T-Shirt Sporty,3,JUC
2025-06-20,UST T-Shirt Sporty UPSIZE (3XL-5XL),1,JUC
2025-06-20,Corp Jacket,2,JYL ATHLETICA
2025-06-20,Corp Windbreaker,1,JYL ATHLETICA
2025-06-20,Cotton Brush Jacket,3,JYL ATHLETICA
2025-06-20,Jacket,2,JYL ATHLETICA
2025-06-20,Poloshirt 123456 @860,1,JYL ATHLETICA
2025-06-20,Poloshirt @800,1,JYL ATHLETICA
2025-06-20,QUIANA SUBLI SHIRT (B&Y),6,JYL ATHLETICA
2025-06-20,Small Mystery Car,1,MADEBYRUZ CONSUMER GOODS TRADING
2025-06-20,Hoodies Breaker,2,NAPOLIZ ENTERPRISES
2025-06-20,UST-Pen W/Box,2,NEW TRENDS
2025-06-20,Ballpen 2 Designs @50 (B&Y),4,STITCH CORP. (BLEEVES)
2025-06-20,Kraft Notebook @130,1,STITCH CORP. (BLEEVES)
2025-06-20,Arch @320,3,TET AND DARS
2025-06-20,Eco Bag @ 130,1,TET AND DARS
2025-06-20,Keychain @180,2,TET AND DARS
2025-06-20,5M Magnetic Pin,2,USTORE
2025-06-20,5M Rotating Keychain,3,USTORE
2025-06-20,Aquaflask,3,USTORE
2025-06-20,C. Keychain,2,USTORE
2025-06-20,Eco Bag CGEEE!,3,USTORE
2025-06-20,ID Case,2,USTORE
2025-06-20,Lanyard @180,8,USTORE
2025-06-20,MJ Sticker Large,1,USTORE
2025-06-20,MJ Sticker Medium,5,USTORE
2025-06-20,MJ Sticker Small,9,USTORE
2025-06-20,New Tiger Plushie Small @750,18,USTORE
2025-06-20,Scarf @490,5,USTORE
2025-06-20,Thick Lanyard,6,USTORE
2025-06-20,Tote (One For UST),3,USTORE
2025-06-20,Tote (Viva),2,USTORE
2025-06-20,Tote Bag Canvas White,3,USTORE
2025-06-20,Travel Mug,1,USTORE
2025-06-20,Umb (One For UST),3,USTORE
2025-06-20,Utensil,1,USTORE
2025-06-20,Keychain,1,VARSITY LIFESTYLE
2025-06-20,New GT Shirts,1,VARSITY LIFESTYLE
2025-06-20,VL Sticker Pack,2,VARSITY LIFESTYLE
2025-06-21,Black Embro,2,BLAZE
2025-06-21,Polo Shirt @800,1,BLAZE
2025-06-21,Triple Black Embro,1,BLAZE
2025-06-21,UST College ID Lace,2,JUC
2025-06-21,UST OAT MUG (W inside),2,JUC
2025-06-21,UST OAT MUG (Y/B inside),4,JUC
2025-06-21,UST OAT T-Shirt Y/B/COLLEGE,6,JUC
2025-06-21,UST T-Shirt Santo Tomas Shirt/UST T-Shirt Tiger Pattern/HAPPY,2,JUC
2025-06-21,UST T-Shirt Sporty,1,JUC
2025-06-21,Corp Jacket,3,JYL ATHLETICA
2025-06-21,Cotton Brush Jacket,1,JYL ATHLETICA
2025-06-21,DRI-FIT NEW,5,JYL ATHLETICA
2025-06-21,Jacket,1,JYL ATHLETICA
2025-06-21,Poloshirt @800,2,JYL ATHLETICA
2025-06-21,QUIANA SUBLI SHIRT (B&Y),1,JYL ATHLETICA
2025-06-21,Small Mystery Car,2,MADEBYRUZ CONSUMER GOODS TRADING
2025-06-21,Hoodies Breaker,5,NAPOLIZ ENTERPRISES
2025-06-21,Ballpen 2 Designs @50 (B&Y),8,STITCH CORP. (BLEEVES)
2025-06-21,Bamboo Pen @60,1,STITCH CORP. (BLEEVES)
2025-06-21,Baseball Cap METAL @380,6,STITCH CORP. (BLEEVES)
2025-06-21,Corp Jacket  V2,2,STITCH CORP. (BLEEVES)
2025-06-21,Arch @320,8,TET AND DARS
2025-06-21,Eco Bag @ 130,1,TET AND DARS
2025-06-21,Keychain @180,4,TET AND DARS
2025-06-21,Logo Sticker @25,20,TET AND DARS
2025-06-21,Pen @40,1,TET AND DARS
2025-06-21,Sticker @120,9,TET AND DARS
2025-06-21,5M Rotating Keychain,6,USTORE
2025-06-21,Aquaflask,2,USTORE
2025-06-21,C. Keychain,9,USTORE
2025-06-21,Eco Bag CGEEE!,4,USTORE
2025-06-21,ID Case,5,USTORE
2025-06-21,Lanyard @180,6,USTORE
2025-06-21,MJ Sticker Large,4,USTORE
2025-06-21,MJ Sticker Medium,4,USTORE
2025-06-21,MJ Sticker Small,7,USTORE
2025-06-21,New Tiger Plushie Big @850,5,USTORE
2025-06-21,New Tiger Plushie Small @750,4,USTORE
2025-06-21,Scarf @490,3,USTORE
2025-06-21,Thick Lanyard,4,USTORE
2025-06-21,Tote (One For UST),1,USTORE
2025-06-21,Tote Bag Canvas White,1,USTORE
2025-06-21,Travel Mug,3,USTORE
2025-06-21,Umb (One For UST),40,USTORE
2025-06-21,Utensil,1,USTORE
2025-06-21,Keychain,1,VARSITY LIFESTYLE
2025-06-25,Black Embro,3,BLAZE
2025-06-25,UST College ID Lace,1,JUC
2025-06-25,UST OAT MUG (Y/B inside),17,JUC
2025-06-25,UST OAT T-Shirt Y/B/COLLEGE,5,JUC
2025-06-25,UST Sweatshirt Sporty,1,JUC
2025-06-25,UST T-Shirt Santo Tomas Shirt/UST T-Shirt Tiger Pattern/HAPPY,12,JUC
2025-06-25,Corp Windbreaker,1,JYL ATHLETICA
2025-06-25,Cotton Brush Jacket,1,JYL ATHLETICA
2025-06-25,Jacket,2,JYL ATHLETICA
2025-06-25,Poloshirt 123456 @860,1,JYL ATHLETICA
2025-06-25,Poloshirt @800,2,JYL ATHLETICA
2025-06-25,QUIANA SUBLI SHIRT (B&Y),6,JYL ATHLETICA
2025-06-25,Hoodies Breaker,3,NAPOLIZ ENTERPRISES
2025-06-25,Baseball Cap METAL @380,2,STITCH CORP. (BLEEVES)
2025-06-25,Corp Jacket  V2,3,STITCH CORP. (BLEEVES)
2025-06-25,Arch @320,1,TET AND DARS
2025-06-25,Eco Bag @80,1,TET AND DARS
2025-06-25,Keychain @180,2,TET AND DARS
2025-06-25,Logo Sticker @25,3,TET AND DARS
2025-06-25,Pen @40,1,TET AND DARS
2025-06-25,Sticker @120,2,TET AND DARS
2025-06-25,5M Rotating Keychain,4,USTORE
2025-06-25,Aquaflask,1,USTORE
2025-06-25,C. Keychain,1,USTORE
2025-06-25,Lanyard @180,2,USTORE
2025-06-25,MJ Sticker Large,2,USTORE
2025-06-25,MJ Sticker Medium,3,USTORE
2025-06-25,MJ Sticker Small,11,USTORE
2025-06-25,New Tiger Plushie Big @850,1,USTORE
2025-06-25,New Tiger Plushie Small @750,1,USTORE
2025-06-25,Notelet,10,USTORE
2025-06-25,Thick Lanyard,2,USTORE
2025-06-25,Tote (One For UST),3,USTORE
2025-06-25,Tote (Viva),3,USTORE
2025-06-25,Umb (One For UST),5,USTORE
2025-06-25,Utensil,16,USTORE
2025-06-25,Long Sticker,1,VARSITY LIFESTYLE
2025-06-25,New GT Shirts,1,VARSITY LIFESTYLE
2025-06-26,ABSC College Shirt (60th),1,ARTS AND LETTERS (SHIRT HAPPENS)
2025-06-26,Black Embro,1,BLAZE
2025-06-26,Shirts all @450 UPSIZE (3XL-5XL),2,JUC
2025-06-26,UST College ID Lace,3,JUC
2025-06-26,UST OAT MUG (W inside),1,JUC
2025-06-26,UST OAT MUG (Y/B inside),3,JUC
2025-06-26,UST OAT T-Shirt Y/B/COLLEGE,12,JUC
2025-06-26,UST Sweatshirt Sporty,2,JUC
2025-06-26,UST T-Shirt Santo Tomas Shirt/UST T-Shirt Tiger Pattern/HAPPY,10,JUC
2025-06-26,UST T-Shirt Sporty,4,JUC
2025-06-26,Corp Jacket,2,JYL ATHLETICA
2025-06-26,Cotton Brush Jacket,1,JYL ATHLETICA
2025-06-26,Cotton Gray Jacket,1,JYL ATHLETICA
2025-06-26,Poloshirt @800,5,JYL ATHLETICA
2025-06-26,QUIANA SUBLI SHIRT (B&Y),6,JYL ATHLETICA
2025-06-26,Small Mystery Car,1,MADEBYRUZ CONSUMER GOODS TRADING
2025-06-26,UST-Pen W/Box,2,NEW TRENDS
2025-06-26,Ballpen 2 Designs @50 (B&Y),23,STITCH CORP. (BLEEVES)
2025-06-26,Bamboo Pen @60,3,STITCH CORP. (BLEEVES)
2025-06-26,Clock @550,3,STITCH CORP. (BLEEVES)
2025-06-26,Corp Jacket  V2,3,STITCH CORP. (BLEEVES)
2025-06-26,Kraft Notebook @130,1,STITCH CORP. (BLEEVES)
2025-06-26,Keychain @180,8,TET AND DARS
2025-06-26,Logo Sticker @25,13,TET AND DARS
2025-06-26,Pen @40,8,TET AND DARS
2025-06-26,Sticker @120,1,TET AND DARS
2025-06-26,5M Magnetic Pin,18,USTORE
2025-06-26,5M Rotating Keychain,8,USTORE
2025-06-26,Aquaflask,1,USTORE
2025-06-26,C. Keychain,2,USTORE
2025-06-26,ID Case,1,USTORE
2025-06-26,Lanyard @180,16,USTORE
2025-06-26,MJ Sticker Large,1,USTORE
2025-06-26,MJ Sticker Medium,7,USTORE
2025-06-26,MJ Sticker Small,40,USTORE
2025-06-26,Notelet,6,USTORE
2025-06-26,Thick Lanyard,10,USTORE
2025-06-26,Tote (Viva),3,USTORE
2025-06-26,Tote Bag Canvas White,1,USTORE
2025-06-26,Travel Mug,2,USTORE
2025-06-26,Umb (One For UST),6,USTORE
2025-06-26,Utensil,2,USTORE
2025-06-27,ABSC College Shirt (60th),1,ARTS AND LETTERS (SHIRT HAPPENS)
2025-06-27,Black Embro,4,BLAZE
2025-06-27,White Embro,1,BLAZE
2025-06-27,Bomber Jacket,1,JUC
2025-06-27,Shirts all @450 UPSIZE (3XL-5XL),3,JUC
2025-06-27,UST OAT MUG (Y/B inside),2,JUC
2025-06-27,UST OAT T-Shirt Y/B/COLLEGE,5,JUC
2025-06-27,UST T-Shirt Santo Tomas Shirt/UST T-Shirt Tiger Pattern/HAPPY,12,JUC
2025-06-27,UST T-Shirt Sporty,2,JUC
2025-06-27,UST T-Shirt Sporty UPSIZE (3XL-5XL),1,JUC
2025-06-27,BASE BALL SHIRT,1,JYL ATHLETICA
2025-06-27,Corp Jacket,1,JYL ATHLETICA
2025-06-27,Cotton Brush Jacket,2,JYL ATHLETICA
2025-06-27,Cotton Gray Jacket,1,JYL ATHLETICA
2025-06-27,DRI-FIT NEW,2,JYL ATHLETICA
2025-06-27,QUIANA SUBLI SHIRT (B&Y),5,JYL ATHLETICA
2025-06-27,Hoodies Breaker,1,NAPOLIZ ENTERPRISES
2025-06-27,Ballpen 2 Designs @50 (B&Y),2,STITCH CORP. (BLEEVES)
2025-06-27,Baseball Cap METAL @380,3,STITCH CORP. (BLEEVES)
2025-06-27,Corp Jacket  V2,4,STITCH CORP. (BLEEVES)
2025-06-27,Logo Sticker @25,4,TET AND DARS
2025-06-27,Pen @40,14,TET AND DARS
2025-06-27,5M Rotating Keychain,1,USTORE
2025-06-27,Aquaflask,34,USTORE
2025-06-27,C. Keychain,2,USTORE
2025-06-27,Eco Bag CGEEE!,1,USTORE
2025-06-27,ID Case,1,USTORE
2025-06-27,Lanyard @180,8,USTORE
2025-06-27,MJ Sticker Large,2,USTORE
2025-06-27,MJ Sticker Medium,13,USTORE
2025-06-27,MJ Sticker Small,8,USTORE
2025-06-27,New Tiger Plushie Big @850,9,USTORE
2025-06-27,New Tiger Plushie Small @750,10,USTORE
2025-06-27,Thick Lanyard,12,USTORE
2025-06-27,Tote (One For UST),1,USTORE
2025-06-27,Tote (Viva),2,USTORE
2025-06-27,Travel Mug,2,USTORE
2025-06-28,Black Embro,3,BLAZE
2025-06-28,Triple Black Embro,3,BLAZE
2025-06-28,White Embro,2,BLAZE
2025-06-28,Bomber Jacket,1,JUC
2025-06-28,Shirts all @450 UPSIZE (3XL-5XL),2,JUC
2025-06-28,UST OAT Hoodie Jacket,7,JUC
2025-06-28,UST OAT MUG (W inside),1,JUC
2025-06-28,UST OAT MUG (Y/B inside),3,JUC
2025-06-28,UST OAT T-Shirt Y/B/COLLEGE,12,JUC
2025-06-28,UST T-Shirt Santo Tomas Shirt/UST T-Shirt Tiger Pattern/HAPPY,8,JUC
2025-06-28,UST T-Shirt Sporty,2,JUC
2025-06-28,Corp Jacket,1,JYL ATHLETICA
2025-06-28,Cotton Black Jacket,1,JYL ATHLETICA
2025-06-28,Cotton Gray Jacket,2,JYL ATHLETICA
2025-06-28,Jacket,2,JYL ATHLETICA
2025-06-28,Poloshirt @800,2,JYL ATHLETICA
2025-06-28,Taslan NEW,1,JYL ATHLETICA
2025-06-28,Big Mystery Car,1,MADEBYRUZ CONSUMER GOODS TRADING
2025-06-28,Small Mystery Car,6,MADEBYRUZ CONSUMER GOODS TRADING
2025-06-28,Tiger Costume,1,MADEBYRUZ CONSUMER GOODS TRADING
2025-06-28,Hoodies Breaker,1,NAPOLIZ ENTERPRISES
2025-06-28,UST-Pen W/Box,2,NEW TRENDS
2025-06-28,Ballpen 2 Designs @50 (B&Y),3,STITCH CORP. (BLEEVES)
2025-06-28,Baseball Cap METAL @380,1,STITCH CORP. (BLEEVES)
2025-06-28,Corp Jacket  V2,2,STITCH CORP. (BLEEVES)
2025-06-28,Arch @320,2,TET AND DARS
2025-06-28,Eco Bag @ 130,1,TET AND DARS
2025-06-28,Keychain @180,2,TET AND DARS
2025-06-28,Logo Sticker @25,3,TET AND DARS
2025-06-28,Pen @40,1,TET AND DARS
2025-06-28,Sticker @120,2,TET AND DARS
2025-06-28,5M Rotating Keychain,4,USTORE
2025-06-28,Aquaflask,1,USTORE
2025-06-28,C. Keychain,7,USTORE
2025-06-28,Eco Bag CGEEE!,2,USTORE
2025-06-28,Lanyard @180,5,USTORE
2025-06-28,MJ Sticker Large,3,USTORE
2025-06-28,MJ Sticker Medium,3,USTORE
2025-06-28,MJ Sticker Small,5,USTORE
2025-06-28,New Tiger Plushie Big @850,21,USTORE
2025-06-28,New Tiger Plushie Small @750,4,USTORE
2025-06-28,Thick Lanyard,2,USTORE
2025-06-28,Tote Bag Canvas White,1,USTORE
2025-06-28,Umb (One For UST),4,USTORE
2025-06-28,Utensil,1,USTORE
2025-06-30,Polo Shirt @800,7,BLAZE
2025-06-30,White Embro,10,BLAZE
2025-06-30,Bomber Jacket,1,JUC
2025-06-30,Shirts all @450 UPSIZE (3XL-5XL),3,JUC
2025-06-30,UST College ID Lace,8,JUC
2025-06-30,UST OAT Hoodie Jacket,9,JUC
2025-06-30,UST OAT MUG (W inside),11,JUC
2025-06-30,UST OAT MUG (Y/B inside),22,JUC
2025-06-30,UST OAT T-Shirt Y/B/COLLEGE,51,JUC
2025-06-30,UST Sweatshirt Sporty,7,JUC
2025-06-30,UST T-Shirt Santo Tomas Shirt/UST T-Shirt Tiger Pattern/HAPPY,60,JUC
2025-06-30,UST T-Shirt Sporty,6,JUC
2025-06-30,UST T-Shirt Sporty UPSIZE (3XL-5XL),1,JUC
2025-06-30,BASE BALL SHIRT,6,JYL ATHLETICA
2025-06-30,Corp Jacket,3,JYL ATHLETICA
2025-06-30,Corp Windbreaker,9,JYL ATHLETICA
2025-06-30,Cotton Brush Jacket,10,JYL ATHLETICA
2025-06-30,DRI-FIT NEW,8,JYL ATHLETICA
2025-06-30,Poloshirt 123456 @860,1,JYL ATHLETICA
2025-06-30,Poloshirt @800,14,JYL ATHLETICA
2025-06-30,QUIANA SUBLI SHIRT (B&Y),17,JYL ATHLETICA
2025-06-30,VB Jersey without Sig @1500,1,JYL ATHLETICA
2025-06-30,Hoodies Breaker,3,NAPOLIZ ENTERPRISES
2025-06-30,Ballpen 2 Designs @50 (B&Y),1,STITCH CORP. (BLEEVES)
2025-06-30,Corp Jacket  V2,5,STITCH CORP. (BLEEVES)
2025-06-30,Arch @320,1,TET AND DARS
2025-06-30,Keychain @180,19,TET AND DARS
2025-06-30,Logo Sticker @25,19,TET AND DARS
2025-06-30,Pen @40,5,TET AND DARS
2025-06-30,5M Magnetic Pin,1,USTORE
2025-06-30,5M Rotating Keychain,8,USTORE
2025-06-30,Aquaflask,1,USTORE
2025-06-30,C. Keychain,4,USTORE
2025-06-30,Lanyard @180,32,USTORE
2025-06-30,MJ Sticker Large,2,USTORE
2025-06-30,MJ Sticker Medium,5,USTORE
2025-06-30,MJ Sticker Small,2,USTORE
2025-06-30,New Tiger Plushie Big @850,3,USTORE
2025-06-30,New Tiger Plushie Small @750,20,USTORE
2025-06-30,Paper weight @330,4,USTORE
2025-06-30,Thick Lanyard,1,USTORE
2025-06-30,Tote (One For UST),4,USTORE
2025-06-30,Umb (One For UST),4,USTORE
2025-06-30,New GT Shirts,5,VARSITY LIFESTYLE
2025-07-01,Bamboo Pen @60,5,(Paid)
2025-07-01,Black Embro,1,BLAZE
2025-07-01,Bomber Jacket,1,JUC
2025-07-01,UST OAT Hoodie Jacket,1,JUC
2025-07-01,UST OAT T-Shirt Y/B/COLLEGE,1,JUC
2025-07-01,UST Sweatshirt Sporty,4,JUC
2025-07-01,UST T-Shirt Santo Tomas Shirt/UST T-Shirt Tiger Pattern/HAPPY,3,JUC
2025-07-01,UST T-Shirt Sporty,1,JUC
2025-07-01,BASE BALL SHIRT,1,JYL ATHLETICA
2025-07-01,Corp Windbreaker,1,JYL ATHLETICA
2025-07-01,Cotton Brush Jacket,2,JYL ATHLETICA
2025-07-01,Cotton Gray Jacket,1,JYL ATHLETICA
2025-07-01,QUIANA SUBLI SHIRT (B&Y),1,JYL ATHLETICA
2025-07-01,Corp Jacket V2,3,STITCH CORP. (BLEEVES)
2025-07-01,Keychain @180,1,TET AND DARS
2025-07-01,Logo Sticker @25,2,TET AND DARS
2025-07-01,Pen @40,2,TET AND DARS
2025-07-01,5M Magnetic Pin,1,USTORE
2025-07-01,5M Rotating Keychain,3,USTORE
2025-07-01,Aquaflask,1,USTORE
2025-07-01,ID Case,1,USTORE
2025-07-01,Lanyard @180,3,USTORE
2025-07-01,New Tiger Plushie Small @750,1,USTORE
2025-07-01,Thick Lanyard,1,USTORE
2025-07-01,Tote (Viva),1,USTORE
2025-07-01,Umb (One For UST),2,USTORE
2025-07-01,Lanyard,2,VARSITY LIFESTYLE
2025-07-01,New GT Shirts,1,VARSITY LIFESTYLE
2025-07-01,Sweatshirt (NEW),1,VARSITY LIFESTYLE
2025-07-05,Shirts all @450 UPSIZE (3XL-4XL),4,JUC
2025-07-05,UST OAT MUG (W inside),2,JUC
2025-07-05,UST OAT T-Shirt Y/B/COLLEGE,2,JUC
2025-07-05,UST Sweatshirt Sporty,2,JUC
2025-07-05,UST T-Shirt Santo Tomas Shirt/UST T-Shirt Tiger Pattern/HAPPY,5,JUC
2025-07-05,Cotton Brush Jacket,6,JYL ATHLETICA
2025-07-05,Corp Jacket V2,1,STITCH CORP. (BLEEVES)
2025-07-05,Arch @320,1,TET AND DARS
2025-07-05,Keychain @180,5,TET AND DARS
2025-07-05,Pen @40,2,TET AND DARS
2025-07-05,5M Rotating Keychain,5,USTORE
2025-07-05,New Tiger Plushie Big @850,1,USTORE
2025-07-05,Tote (One For UST),4,USTORE
2025-07-05,Umb (One For UST),1,USTORE
2025-07-07,Ballpen 2 Designs @50 (B&Y),5,(Paid)
2025-07-07,Bamboo Pen @60,2,(Paid)
2025-07-07,Black Embro,1,BLAZE
2025-07-07,UST OAT Hoodie Jacket,2,JUC
2025-07-07,UST OAT MUG (W inside),5,JUC
2025-07-07,UST OAT MUG (Y/B inside),8,JUC
2025-07-07,UST OAT T-Shirt Y/B/COLLEGE,20,JUC
2025-07-07,UST T-Shirt Santo Tomas Shirt/UST T-Shirt Tiger Pattern/HAPPY,11,JUC
2025-07-07,UST T-Shirt Sporty,3,JUC
2025-07-07,Corp Windbreaker,1,JYL ATHLETICA
2025-07-07,Cotton Gray Jacket,2,JYL ATHLETICA
2025-07-07,DRI-FIT NEW,2,JYL ATHLETICA
2025-07-07,Poloshirt 123456 @860,1,JYL ATHLETICA
2025-07-07,Small Mystery Car,1,MADEBYRUZ CONSUMER GOODS TRADING
2025-07-07,Hoodies Breaker,1,NAPOLIZ ENTERPRISES
2025-07-07,UST-Pen W/Box,10,NEW TRENDS
2025-07-07,Corp Jacket V2,14,STITCH CORP. (BLEEVES)
2025-07-07,Arch @320,2,TET AND DARS
2025-07-07,5M Rotating Keychain,1,USTORE
2025-07-07,Blanca Pen,5,USTORE
2025-07-07,Bookmark,3,USTORE
2025-07-07,C. Keychain,2,USTORE
2025-07-07,"Chibi Stickers (S1,S2)",2,USTORE
2025-07-07,Eco Bag CGEEE!,24,USTORE
2025-07-07,Insignia Pen,1,USTORE
2025-07-07,Lanyard @180,5,USTORE
2025-07-07,MJ Sticker Small,3,USTORE
2025-07-07,Picasso Pen,5,USTORE
2025-07-07,Thick Lanyard,2,USTORE
2025-07-07,Tote (Viva),3,USTORE
2025-07-07,Travel Mug,9,USTORE
2025-07-07,Umb (One For UST),3,USTORE
2025-07-07,New GT Shirts,1,VARSITY LIFESTYLE
2025-07-11,Small Mystery Car,30,MADEBYRUZ CONSUMER GOODS TRADING
2025-07-12,Ballpen 2 Designs @50 (B&Y),3,(Paid)
2025-07-12,Black Embro,1,BLAZE
2025-07-12,UST OAT Hoodie Jacket,1,JUC
2025-07-12,UST OAT MUG (Y/B inside),4,JUC
2025-07-12,UST OAT T-Shirt Y/B/COLLEGE,1,JUC
2025-07-12,UST T-Shirt Santo Tomas Shirt/UST T-Shirt Tiger Pattern/HAPPY,10,JUC
2025-07-12,QUIANA SUBLI SHIRT (B&Y),3,JYL ATHLETICA
2025-07-12,Small Mystery Car,1,MADEBYRUZ CONSUMER GOODS TRADING
2025-07-12,Hoodies Breaker,2,NAPOLIZ ENTERPRISES
2025-07-12,Keychain @180,1,TET AND DARS
2025-07-12,Logo Sticker @25,1,TET AND DARS
2025-07-12,Sticker @120,1,TET AND DARS
2025-07-12,5M Magnetic Pin,1,USTORE
2025-07-12,5M Rotating Keychain,5,USTORE
2025-07-12,Eco Bag CGEEE!,1,USTORE
2025-07-12,ID Case,1,USTORE
2025-07-12,Lanyard @180,4,USTORE
2025-07-12,MJ Sticker Large,1,USTORE
2025-07-12,MJ Sticker Medium,1,USTORE
2025-07-12,MJ Sticker Small,3,USTORE
2025-07-12,New Tiger Plushie Big @850,1,USTORE
2025-07-12,Scarf @490,1,USTORE
2025-07-12,Thick Lanyard,3,USTORE
2025-07-12,Tote (Viva),4,USTORE
2025-07-12,Umb (One For UST),2,USTORE
2025-07-14,Kraft Notebook @130,4,(Paid)
2025-07-14,ABSC College Shirt (60th),6,ARTS AND LETTERS (SHIRT HAPPENS)
2025-07-14,Black Embro,1,BLAZE
2025-07-14,Polo Shirt @800,2,BLAZE
2025-07-14,Shirts all @450 UPSIZE (3XL-4XL),1,JUC
2025-07-14,UST College ID Lace,3,JUC
2025-07-14,UST OAT MUG (W inside),3,JUC
2025-07-14,UST OAT MUG (Y/B inside),2,JUC
2025-07-14,UST OAT T-Shirt Y/B/COLLEGE,12,JUC
2025-07-14,UST Sweatshirt Sporty,1,JUC
2025-07-14,UST T-Shirt Santo Tomas Shirt/UST T-Shirt Tiger Pattern/HAPPY,13,JUC
2025-07-14,UST T-Shirt Sporty,5,JUC
2025-07-14,Corp Jacket,1,JYL ATHLETICA
2025-07-14,Cotton Brush Jacket,1,JYL ATHLETICA
2025-07-14,DRI-FIT NEW,1,JYL ATHLETICA
2025-07-14,Jacket,1,JYL ATHLETICA
2025-07-14,Poloshirt @800,1,JYL ATHLETICA
2025-07-14,QUIANA SUBLI SHIRT (B&Y),1,JYL ATHLETICA
2025-07-14,Big Car,3,MADEBYRUZ CONSUMER GOODS TRADING
2025-07-14,Small Mystery Car,1,MADEBYRUZ CONSUMER GOODS TRADING
2025-07-14,Tiger Costume,1,MADEBYRUZ CONSUMER GOODS TRADING
2025-07-14,Corp Jacket V2,1,STITCH CORP. (BLEEVES)
2025-07-14,Arch @320,1,TET AND DARS
2025-07-14,Logo Sticker @25,1,TET AND DARS
2025-07-14,Pen @40,1,TET AND DARS
2025-07-14,Sticker @120,2,TET AND DARS
2025-07-14,5M Magnetic Pin,1,USTORE
2025-07-14,Blanca Pen,1,USTORE
2025-07-14,C. Keychain,8,USTORE
2025-07-14,ID Case,6,USTORE
2025-07-14,Insignia Pen,1,USTORE
2025-07-14,Lanyard @180,28,USTORE
2025-07-14,MJ Sticker Large,1,USTORE
2025-07-14,MJ Sticker Medium,7,USTORE
2025-07-14,MJ Sticker Small,7,USTORE
2025-07-14,New Tiger Plushie Small @750,3,USTORE
2025-07-14,Thick Lanyard,2,USTORE
2025-07-14,Tote (One For UST),1,USTORE
2025-07-14,Tote Bag Canvas White,1,USTORE
2025-07-14,Travel Mug,14,USTORE
2025-07-14,Umb (One For UST),5,USTORE
2025-07-14,New GT Shirts,3,VARSITY LIFESTYLE
2025-07-15,Ballpen 2 Designs @50 (B&Y),2,(Paid)
2025-07-15,ABSC College Shirt (60th),4,ARTS AND LETTERS (SHIRT HAPPENS)
2025-07-15,Black Embro,5,BLAZE
2025-07-15,UST College ID Lace,1,JUC
2025-07-15,UST OAT Hoodie Jacket,2,JUC
2025-07-15,UST OAT T-Shirt Y/B/COLLEGE,25,JUC
2025-07-15,UST Sweatshirt Sporty,1,JUC
2025-07-15,UST T-Shirt Santo Tomas Shirt/UST T-Shirt Tiger Pattern/HAPPY,36,JUC
2025-07-15,UST T-Shirt Sporty,5,JUC
2025-07-15,Corp Jacket,1,JYL ATHLETICA
2025-07-15,Cotton Brush Jacket,1,JYL ATHLETICA
2025-07-15,DRI-FIT NEW,1,JYL ATHLETICA
2025-07-15,QUIANA SUBLI SHIRT (B&Y),2,JYL ATHLETICA
2025-07-15,Corp Jacket V2,3,STITCH CORP. (BLEEVES)
2025-07-15,Arch @320,1,TET AND DARS
2025-07-15,Eco Bag @ 130,10,TET AND DARS
2025-07-15,Logo Sticker @25,9,TET AND DARS
2025-07-15,Sticker @120,2,TET AND DARS
2025-07-15,5M Magnetic Pin,1,USTORE
2025-07-15,5M Rotating Keychain,3,USTORE
2025-07-15,Blanca Pen,2,USTORE
2025-07-15,Button Pins Small,4,USTORE
2025-07-15,C. Keychain,2,USTORE
2025-07-15,"Chibi Stickers (S1,S2)",3,USTORE
2025-07-15,ID Case,1,USTORE
2025-07-15,Lanyard @180,16,USTORE
2025-07-15,MJ Sticker Medium,3,USTORE
2025-07-15,MJ Sticker Small,1,USTORE
2025-07-15,New Tiger Plushie Small @750,1,USTORE
2025-07-15,Thick Lanyard,2,USTORE
2025-07-15,Tote (One For UST),1,USTORE
2025-07-15,Tote (Viva),1,USTORE
2025-07-15,Tote Bag Canvas White,10,USTORE
2025-07-15,New GT Shirts,1,VARSITY LIFESTYLE
2025-07-15,VL Sticker Pack,1,VARSITY LIFESTYLE
2025-07-16,Ballpen 2 Designs @50 (B&Y),4,(Paid)
2025-07-16,Black Embro,5,BLAZE
2025-07-16,White Embro,1,BLAZE
2025-07-16,UST College ID Lace,8,JUC
2025-07-16,UST OAT Hoodie Jacket,3,JUC
2025-07-16,UST OAT MUG (Y/B inside),2,JUC
2025-07-16,UST OAT T-Shirt Y/B/COLLEGE,4,JUC
2025-07-16,UST Sweatshirt Sporty,3,JUC
2025-07-16,UST T-Shirt Santo Tomas Shirt/UST T-Shirt Tiger Pattern/HAPPY,16,JUC
2025-07-16,BASE BALL SHIRT,1,JYL ATHLETICA
2025-07-16,Corp Jacket,1,JYL ATHLETICA
2025-07-16,DRI-FIT NEW,3,JYL ATHLETICA
2025-07-16,QUIANA SUBLI SHIRT (B&Y),4,JYL ATHLETICA
2025-07-16,Hoodies Breaker,1,NAPOLIZ ENTERPRISES
2025-07-16,Baseball Cap METAL @380,2,STITCH CORP. (BLEEVES)
2025-07-16,Clock @700,1,STITCH CORP. (BLEEVES)
2025-07-16,Corp Jacket V2,5,STITCH CORP. (BLEEVES)
2025-07-16,Arch @320,1,TET AND DARS
2025-07-16,Logo Sticker @25,3,TET AND DARS
2025-07-16,Sticker @120,2,TET AND DARS
2025-07-16,5M Magnetic Pin,1,USTORE
2025-07-16,5M Rotating Keychain,5,USTORE
2025-07-16,Button Pins Small,1,USTORE
2025-07-16,C. Keychain,7,USTORE
2025-07-16,Eco Bag CGEEE!,1,USTORE
2025-07-16,ID Case,2,USTORE
2025-07-16,Lanyard @180,15,USTORE
2025-07-16,MJ Sticker Large,2,USTORE
2025-07-16,MJ Sticker Medium,21,USTORE
2025-07-16,MJ Sticker Small,16,USTORE
2025-07-16,New Tiger Plushie Small @750,2,USTORE
2025-07-16,Notelet,32,USTORE
2025-07-16,Scarf @490,1,USTORE
2025-07-16,Thick Lanyard,11,USTORE
2025-07-16,Tote (Viva),1,USTORE
2025-07-16,Utensil,32,USTORE
2025-07-16,Lanyard,3,VARSITY LIFESTYLE
2025-07-16,Long Sticker,1,VARSITY LIFESTYLE
2025-07-16,New GT Shirts,2,VARSITY LIFESTYLE
2025-07-16,Sweatshirt (NEW),1,VARSITY LIFESTYLE
2025-07-16,VL Sticker Pack,1,VARSITY LIFESTYLE
2025-07-17,Ballpen 2 Designs @50 (B&Y),2,(Paid)
2025-07-17,ABSC College Shirt (60th),2,ARTS AND LETTERS (SHIRT HAPPENS)
2025-07-17,Black Embro,2,BLAZE
2025-07-17,Triple Black Embro,1,BLAZE
2025-07-17,White Embro,1,BLAZE
2025-07-17,UST College ID Lace,4,JUC
2025-07-17,UST OAT Hoodie Jacket,1,JUC
2025-07-17,UST OAT T-Shirt Y/B/COLLEGE,18,JUC
2025-07-17,UST Sweatshirt Sporty,2,JUC
2025-07-17,UST T-Shirt Santo Tomas Shirt/UST T-Shirt Tiger Pattern/HAPPY,17,JUC
2025-07-17,Poloshirt @800,2,JYL ATHLETICA
2025-07-17,QUIANA SUBLI SHIRT (B&Y),1,JYL ATHLETICA
2025-07-17,Small Mystery Car,1,MADEBYRUZ CONSUMER GOODS TRADING
2025-07-17,Hoodies Breaker,5,NAPOLIZ ENTERPRISES
2025-07-17,Baseball Cap METAL @380,2,STITCH CORP. (BLEEVES)
2025-07-17,Corp Jacket V2,1,STITCH CORP. (BLEEVES)
2025-07-17,Logo Sticker @25,4,TET AND DARS
2025-07-17,Sticker @120,1,TET AND DARS
2025-07-17,5M Magnetic Pin,2,USTORE
2025-07-17,5M Rotating Keychain,3,USTORE
2025-07-17,Aquaflask,2,USTORE
2025-07-17,C. Keychain,6,USTORE
2025-07-17,"Chibi Stickers (S1,S2)",2,USTORE
2025-07-17,ID Case,2,USTORE
2025-07-17,Lanyard @180,20,USTORE
2025-07-17,MJ Sticker Large,15,USTORE
2025-07-17,MJ Sticker Medium,5,USTORE
2025-07-17,MJ Sticker Small,16,USTORE
2025-07-17,New Tiger Plushie Small @750,1,USTORE
2025-07-17,Thick Lanyard,1,USTORE
2025-07-17,Tote (One For UST),6,USTORE
2025-07-17,Tote (Viva),7,USTORE
2025-07-17,Tote Bag Canvas White,1,USTORE
2025-07-17,Travel Mug,1,USTORE
2025-07-17,Umb (One For UST),1,USTORE
2025-07-17,Sweatshirt (NEW),1,VARSITY LIFESTYLE
2025-07-18,Ballpen 2 Designs @50 (B&Y),9,(Paid)
2025-07-18,Bamboo Pen @60,2,(Paid)
2025-07-18,ABSC College Shirt (60th),1,ARTS AND LETTERS (SHIRT HAPPENS)
2025-07-18,Black Embro,1,BLAZE
2025-07-18,UST College ID Lace,2,JUC
2025-07-18,UST OAT Hoodie Jacket,3,JUC
2025-07-18,UST OAT MUG (Y/B inside),2,JUC
2025-07-18,UST OAT T-Shirt Y/B/COLLEGE,10,JUC
2025-07-18,UST Sweatshirt Sporty,1,JUC
2025-07-18,UST T-Shirt Santo Tomas Shirt/UST T-Shirt Tiger Pattern/HAPPY,9,JUC
2025-07-18,UST T-Shirt Sporty,5,JUC
2025-07-18,Cotton Brush Jacket,1,JYL ATHLETICA
2025-07-18,Cotton Gray Jacket,3,JYL ATHLETICA
2025-07-18,Jacket,1,JYL ATHLETICA
2025-07-18,Poloshirt 123456 @860,1,JYL ATHLETICA
2025-07-18,Poloshirt @800,10,JYL ATHLETICA
2025-07-18,Small Mystery Car,1,MADEBYRUZ CONSUMER GOODS TRADING
2025-07-18,Baseball Cap METAL @380,1,STITCH CORP. (BLEEVES)
2025-07-18,Clock @700,1,STITCH CORP. (BLEEVES)
2025-07-18,Corp Jacket V2,1,STITCH CORP. (BLEEVES)
2025-07-18,Logo Sticker @25,1,TET AND DARS
2025-07-18,Pen @40,3,TET AND DARS
2025-07-18,Sticker @120,2,TET AND DARS
2025-07-18,5M Magnetic Pin,1,USTORE
2025-07-18,Button Pins Small,4,USTORE
2025-07-18,C. Keychain,6,USTORE
2025-07-18,C. Sticker @120,1,USTORE
2025-07-18,ID Case,1,USTORE
2025-07-18,Lanyard @180,11,USTORE
2025-07-18,MJ Sticker Large,9,USTORE
2025-07-18,MJ Sticker Medium,12,USTORE
2025-07-18,MJ Sticker Small,11,USTORE
2025-07-18,New Tiger Plushie Big @850,1,USTORE
2025-07-18,Thick Lanyard,15,USTORE
2025-07-18,Tote (Viva),1,USTORE
2025-07-18,Tote Bag Canvas White,1,USTORE
2025-07-18,Travel Mug,1,USTORE
2025-07-18,Lanyard,1,VARSITY LIFESTYLE
2025-07-18,VL Sticker Pack,1,VARSITY LIFESTYLE
2025-07-21,Ballpen 2 Designs @50 (B&Y),3,(Paid)
2025-07-21,UST College ID Lace,1,JUC
2025-07-21,UST OAT Hoodie Jacket,1,JUC
2025-07-21,UST OAT T-Shirt Y/B/COLLEGE,1,JUC
2025-07-21,UST Sweatshirt Sporty,1,JUC
2025-07-21,UST T-Shirt Santo Tomas Shirt/UST T-Shirt Tiger Pattern/HAPPY,5,JUC
2025-07-21,UST T-Shirt Sporty,2,JUC
2025-07-21,Cotton Brush Jacket,1,JYL ATHLETICA
2025-07-21,QUIANA SUBLI SHIRT (B&Y),1,JYL ATHLETICA
2025-07-21,Keychain @180,2,TET AND DARS
2025-07-21,5M Magnetic Pin,2,USTORE
2025-07-21,5M Rotating Keychain,2,USTORE
2025-07-21,Clappers,1,USTORE
2025-07-21,Eco Bag CGEEE!,2,USTORE
2025-07-21,ID Case,2,USTORE
2025-07-21,Kit Set,3,USTORE
2025-07-21,Lanyard @180,3,USTORE
2025-07-21,MJ Sticker Medium,1,USTORE
2025-07-21,MJ Sticker Small,4,USTORE
2025-07-21,New Tiger Plushie Small @750,1,USTORE
2025-07-21,Scarf @490,1,USTORE
2025-07-21,Thick Lanyard,2,USTORE
2025-07-21,Tote (Viva),2,USTORE
2025-07-21,Umb (One For UST),4,USTORE
2025-07-21,VL Sticker Pack,1,VARSITY LIFESTYLE
2025-07-31,Bamboo Pen @60,1,(Paid)
2025-07-31,UST College ID Lace,1,JUC
2025-07-31,Baller,1,VARSITY LIFESTYLE
2025-07-31,Keychain,1,VARSITY LIFESTYLE
2025-07-31,Lanyard,1,VARSITY LIFESTYLE
2025-08-01,Ballpen 2 Designs @50 (B&Y),12,(Paid)
2025-08-01,Corp Jacket V2,2,(Paid)
2025-08-01,Kraft Notebook @130,12,(Paid)
2025-08-01,ABSC College Shirt (60th),5,ARTS AND LETTERS (SHIRT HAPPENS)
2025-08-01,Black Embro,7,BLAZE
2025-08-01,Triple Black Embro,5,BLAZE
2025-08-01,White Embro,1,BLAZE
2025-08-01,Shirts all @450 UPSIZE (3XL-4XL),4,JUC
2025-08-01,Shirts all @450 UPSIZE (5XL),1,JUC
2025-08-01,UST College ID Lace,2,JUC
2025-08-01,"UST OAT MUG (Y,B,W)",18,JUC
2025-08-01,UST OAT T-Shirt Y/B/COLLEGE,19,JUC
2025-08-01,UST Sweatshirt Sporty,1,JUC
2025-08-01,UST T-Shirt Santo Tomas Shirt/UST T-Shirt Tiger Pattern/HAPPY,35,JUC
2025-08-01,UST T-Shirt Sporty,9,JUC
2025-08-01,Cotton Brush Jacket,1,JYL ATHLETICA
2025-08-01,Poloshirt 123456 @860,1,JYL ATHLETICA
2025-08-01,QUIANA SUBLI SHIRT (B&Y),3,JYL ATHLETICA
2025-08-01,Big Car,1,MADEBYRUZ CONSUMER GOODS TRADING
2025-08-01,Small Mystery Car,2,MADEBYRUZ CONSUMER GOODS TRADING
2025-08-01,Hoodies Breaker,1,NAPOLIZ ENTERPRISES
2025-08-01,Baseball Cap METAL @380,1,STITCH CORP. (BLEEVES)
2025-08-01,Arch @320,1,TET AND DARS
2025-08-01,Logo Sticker @25,5,TET AND DARS
2025-08-01,Paper Bag @80,3,TET AND DARS
2025-08-01,Pen @40,2,TET AND DARS
2025-08-01,Sticker @120,1,TET AND DARS
2025-08-01,5M Magnetic Pin,4,USTORE
2025-08-01,5M Rotating Keychain,9,USTORE
2025-08-01,Aquaflask,3,USTORE
2025-08-01,Blanca Pen,2,USTORE
2025-08-01,Button Pins Big,5,USTORE
2025-08-01,Button Pins Small,8,USTORE
2025-08-01,C. Keychain,3,USTORE
2025-08-01,"Chibi Stickers (S1,S2)",3,USTORE
2025-08-01,Eco Bag,6,USTORE
2025-08-01,ID Case,16,USTORE
2025-08-01,Lanyard @180,48,USTORE
2025-08-01,MJ Sticker Large,15,USTORE
2025-08-01,MJ Sticker Medium,21,USTORE
2025-08-01,MJ Sticker Small,17,USTORE
2025-08-01,New Tiger Plushie Small @750,3,USTORE
2025-08-01,Stainless Eco Tumbler,1,USTORE
2025-08-01,Thick Lanyard,13,USTORE
2025-08-01,Tote (One For UST),2,USTORE
2025-08-01,Tote (Viva),17,USTORE
2025-08-01,Tote Bag Canvas White,2,USTORE
2025-08-01,Travel Mug,25,USTORE
2025-08-01,Umb (One For UST),5,USTORE
2025-08-01,Utensil,5,USTORE
2025-08-01,Lanyard,3,VARSITY LIFESTYLE
2025-08-01,New GT Shirts,3,VARSITY LIFESTYLE
2025-08-01,VL Sticker Pack,1,VARSITY LIFESTYLE
2025-08-04,Ballpen 2 Designs @50 (B&Y),9,(Paid)
2025-08-04,Bamboo Pen @60,1,(Paid)
2025-08-04,Corp Jacket V2,1,(Paid)
2025-08-04,ABSC College Shirt (60th),5,ARTS AND LETTERS (SHIRT HAPPENS)
2025-08-04,Black Embro,3,BLAZE
2025-08-04,Shirts all @450 UPSIZE (3XL-4XL),2,JUC
2025-08-04,UST College ID Lace,9,JUC
2025-08-04,UST OAT Hoodie Jacket,1,JUC
2025-08-04,"UST OAT MUG (Y,B,W)",1,JUC
2025-08-04,UST OAT T-Shirt Y/B/COLLEGE,19,JUC
2025-08-04,UST Sweatshirt Sporty,2,JUC
2025-08-04,UST T-Shirt Santo Tomas Shirt/UST T-Shirt Tiger Pattern/HAPPY,61,JUC
2025-08-04,UST T-Shirt Sporty,15,JUC
2025-08-04,BASE BALL SHIRT,1,JYL ATHLETICA
2025-08-04,Corp Windbreaker,1,JYL ATHLETICA
2025-08-04,Cotton Brush Jacket,1,JYL ATHLETICA
2025-08-04,DRI-FIT NEW,1,JYL ATHLETICA
2025-08-04,Jacket,1,JYL ATHLETICA
2025-08-04,Poloshirt @800,4,JYL ATHLETICA
2025-08-04,QUIANA SUBLI SHIRT (B&Y),2,JYL ATHLETICA
2025-08-04,Taslan NEW,1,JYL ATHLETICA
2025-08-04,Small Mystery Car,1,MADEBYRUZ CONSUMER GOODS TRADING
2025-08-04,Baseball Cap METAL @380,2,STITCH CORP. (BLEEVES)
2025-08-04,Logo Sticker @25,2,TET AND DARS
2025-08-04,Paper Bag  @ 130,6,TET AND DARS
2025-08-04,Pen @40,1,TET AND DARS
2025-08-04,5M Magnetic Pin,3,USTORE
2025-08-04,5M Rotating Keychain,7,USTORE
2025-08-04,Aquaflask,1,USTORE
2025-08-04,Blanca Pen,1,USTORE
2025-08-04,Button Pins Small,6,USTORE
2025-08-04,C. Keychain,8,USTORE
2025-08-04,"Chibi Stickers (S1,S2)",3,USTORE
2025-08-04,Eco Bag,1,USTORE
2025-08-04,ID Case,14,USTORE
2025-08-04,Insignia Pen,1,USTORE
2025-08-04,Lanyard @180,44,USTORE
2025-08-04,MJ Sticker Large,3,USTORE
2025-08-04,MJ Sticker Medium,15,USTORE
2025-08-04,MJ Sticker Small,12,USTORE
2025-08-04,New Tiger Plushie Big @850,4,USTORE
2025-08-04,New Tiger Plushie Small @750,3,USTORE
2025-08-04,Picasso Pen,1,USTORE
2025-08-04,Scarf @490,4,USTORE
2025-08-04,Stainless Eco Tumbler,2,USTORE
2025-08-04,Thick Lanyard,28,USTORE
2025-08-04,Tote (One For UST),3,USTORE
2025-08-04,Tote Bag Canvas White,6,USTORE
2025-08-04,Travel Mug,2,USTORE
2025-08-04,USTORE Voucher (500),3,USTORE
2025-08-04,Lanyard,5,VARSITY LIFESTYLE
2025-08-04,New GT Shirts,7,VARSITY LIFESTYLE
2025-08-05,Ballpen 2 Designs @50 (B&Y),5,(Paid)
2025-08-05,Bamboo Notebook @150,1,(Paid)
2025-08-05,Bamboo Pen @60,2,(Paid)
2025-08-05,Corp Jacket V2,7,(Paid)
2025-08-05,ABSC College Shirt (60th),27,ARTS AND LETTERS (SHIRT HAPPENS)
2025-08-05,Black Embro,2,BLAZE
2025-08-05,Polo Shirt @800,1,BLAZE
2025-08-05,Triple Black Embro,1,BLAZE
2025-08-05,White Embro,3,BLAZE
2025-08-05,Bomber Jacket,1,JUC
2025-08-05,Shirts all @450 UPSIZE (3XL-4XL),5,JUC
2025-08-05,Shirts all @450 UPSIZE (5XL),1,JUC
2025-08-05,UST College ID Lace,7,JUC
2025-08-05,UST OAT Hoodie Jacket,3,JUC
2025-08-05,"UST OAT MUG (Y,B,W)",1,JUC
2025-08-05,UST OAT T-Shirt Y/B/COLLEGE,63,JUC
2025-08-05,UST Sweatshirt Sporty,2,JUC
2025-08-05,UST T-Shirt Santo Tomas Shirt/UST T-Shirt Tiger Pattern/HAPPY,133,JUC
2025-08-05,UST T-Shirt Sporty,32,JUC
2025-08-05,UST T-Shirt Sporty UPSIZE (3XL-5XL),1,JUC
2025-08-05,Corp Jacket,3,JYL ATHLETICA
2025-08-05,Cotton Black Jacket,1,JYL ATHLETICA
2025-08-05,Cotton Brush Jacket,1,JYL ATHLETICA
2025-08-05,DRI-FIT NEW,3,JYL ATHLETICA
2025-08-05,Jacket,4,JYL ATHLETICA
2025-08-05,Poloshirt @800,5,JYL ATHLETICA
2025-08-05,QUIANA SUBLI SHIRT (B&Y),10,JYL ATHLETICA
2025-08-05,VB Jersey without Sig @1500,1,JYL ATHLETICA
2025-08-05,Baseball Cap METAL @380,3,STITCH CORP. (BLEEVES)
2025-08-05,Clock @700,1,STITCH CORP. (BLEEVES)
2025-08-05,Arch @320,2,TET AND DARS
2025-08-05,Logo Sticker @25,3,TET AND DARS
2025-08-05,Sticker @120,3,TET AND DARS
2025-08-05,5M Magnetic Pin,2,USTORE
2025-08-05,5M Rotating Keychain,11,USTORE
2025-08-05,Aquaflask,2,USTORE
2025-08-05,Button Pins Small,3,USTORE
2025-08-05,C. Keychain,15,USTORE
2025-08-05,"Chibi Stickers (S1,S2)",3,USTORE
2025-08-05,ID Case,9,USTORE
2025-08-05,Lanyard @180,128,USTORE
2025-08-05,MJ Sticker Large,7,USTORE
2025-08-05,MJ Sticker Medium,19,USTORE
2025-08-05,MJ Sticker Small,21,USTORE
2025-08-05,New Tiger Plushie Big @850,7,USTORE
2025-08-05,New Tiger Plushie Small @750,6,USTORE
2025-08-05,Thick Lanyard,38,USTORE
2025-08-05,Thomasian Kit Set,1,USTORE
2025-08-05,Tote (One For UST),2,USTORE
2025-08-05,Tote (Viva),4,USTORE
2025-08-05,Tote Bag Canvas White,4,USTORE
2025-08-05,Travel Mug,1,USTORE
2025-08-05,Umb (One For UST),2,USTORE
2025-08-05,Lanyard,2,VARSITY LIFESTYLE
2025-08-05,New GT Shirts,10,VARSITY LIFESTYLE
2025-08-05,VL Sticker Pack,3,VARSITY LIFESTYLE
2025-08-06,Ballpen 2 Designs @50 (B&Y),13,(Paid)
2025-08-06,Bamboo Pen @60,2,(Paid)
2025-08-06,Corp Jacket V2,6,(Paid)
2025-08-06,ABSC College Shirt (60th),5,ARTS AND LETTERS (SHIRT HAPPENS)
2025-08-06,Shirts all @450 UPSIZE (3XL-4XL),2,JUC
2025-08-06,UST College ID Lace,4,JUC
2025-08-06,UST OAT Hoodie Jacket,9,JUC
2025-08-06,"UST OAT MUG (Y,B,W)",1,JUC
2025-08-06,UST OAT T-Shirt Y/B/COLLEGE,59,JUC
2025-08-06,UST Sweatshirt Sporty,4,JUC
2025-08-06,UST T-Shirt Santo Tomas Shirt/UST T-Shirt Tiger Pattern/HAPPY,134,JUC
2025-08-06,UST T-Shirt Sporty,42,JUC
2025-08-06,UST T-Shirt Sporty UPSIZE (3XL-5XL),2,JUC
2025-08-06,BASE BALL SHIRT,1,JYL ATHLETICA
2025-08-06,Corp Jacket,3,JYL ATHLETICA
2025-08-06,Cotton Black Jacket,4,JYL ATHLETICA
2025-08-06,Cotton Brush Jacket,3,JYL ATHLETICA
2025-08-06,Cotton Gray Jacket,3,JYL ATHLETICA
2025-08-06,DRI-FIT NEW,1,JYL ATHLETICA
2025-08-06,Jacket,2,JYL ATHLETICA
2025-08-06,Poloshirt @800,3,JYL ATHLETICA
2025-08-06,QUIANA SUBLI SHIRT (B&Y),8,JYL ATHLETICA
2025-08-06,Taslan NEW,2,JYL ATHLETICA
2025-08-06,Small Mystery Car,2,MADEBYRUZ CONSUMER GOODS TRADING
2025-08-06,Hoodies Breaker,1,NAPOLIZ ENTERPRISES
2025-08-06,UST-Pen W/Box,1,NEW TRENDS
2025-08-06,Baseball Cap METAL @380,5,STITCH CORP. (BLEEVES)
2025-08-06,Arch @320,1,TET AND DARS
2025-08-06,Logo Sticker @25,6,TET AND DARS
2025-08-06,Pen @40,3,TET AND DARS
2025-08-06,Sticker @120,2,TET AND DARS
2025-08-06,5M Magnetic Pin,3,USTORE
2025-08-06,5M Rotating Keychain,5,USTORE
2025-08-06,Aquaflask,1,USTORE
2025-08-06,C. Keychain,9,USTORE
2025-08-06,"Chibi Stickers (S1,S2)",1,USTORE
2025-08-06,Eco Bag,2,USTORE
2025-08-06,ID Case,3,USTORE
2025-08-06,Lanyard @180,88,USTORE
2025-08-06,MJ Sticker Large,5,USTORE
2025-08-06,MJ Sticker Medium,9,USTORE
2025-08-06,MJ Sticker Small,13,USTORE
2025-08-06,New Tiger Plushie Small @750,5,USTORE
2025-08-06,Scarf @490,1,USTORE
2025-08-06,Thick Lanyard,31,USTORE
2025-08-06,Tote (One For UST),5,USTORE
2025-08-06,Tote (Viva),10,USTORE
2025-08-06,Tote Bag Canvas White,3,USTORE
2025-08-06,Umb (One For UST),24,USTORE
2025-08-06,Lanyard,4,VARSITY LIFESTYLE
2025-08-06,New GT Shirts,8,VARSITY LIFESTYLE
2025-08-07,Ballpen 2 Designs @50 (B&Y),23,(Paid)
2025-08-07,Bamboo Notebook @150,1,(Paid)
2025-08-07,Bamboo Pen @60,5,(Paid)
2025-08-07,Corp Jacket V2,10,(Paid)
2025-08-07,Kraft Notebook @130,2,(Paid)
2025-08-07,ABSC College Shirt (60th),3,ARTS AND LETTERS (SHIRT HAPPENS)
2025-08-07,Black Embro,1,BLAZE
2025-08-07,Bomber Jacket,1,JUC
2025-08-07,Shirts all @450 UPSIZE (3XL-4XL),4,JUC
2025-08-07,Shirts all @450 UPSIZE (5XL),2,JUC
2025-08-07,UST College ID Lace,2,JUC
2025-08-07,UST OAT Hoodie Jacket,6,JUC
2025-08-07,"UST OAT MUG (Y,B,W)",5,JUC
2025-08-07,UST OAT T-Shirt Y/B/COLLEGE,38,JUC
2025-08-07,UST Sweatshirt Sporty,1,JUC
2025-08-07,UST T-Shirt Santo Tomas Shirt/UST T-Shirt Tiger Pattern/HAPPY,65,JUC
2025-08-07,UST T-Shirt Sporty,18,JUC
2025-08-07,Corp Jacket,1,JYL ATHLETICA
2025-08-07,Cotton Brush Jacket,1,JYL ATHLETICA
2025-08-07,Cotton Gray Jacket,3,JYL ATHLETICA
2025-08-07,DRI-FIT NEW,2,JYL ATHLETICA
2025-08-07,Jacket,4,JYL ATHLETICA
2025-08-07,Poloshirt @800,2,JYL ATHLETICA
2025-08-07,QUIANA SUBLI SHIRT (B&Y),11,JYL ATHLETICA
2025-08-07,Taslan NEW,2,JYL ATHLETICA
2025-08-07,Tiger Costume,2,MADEBYRUZ CONSUMER GOODS TRADING
2025-08-07,UST-Pen W/Box,1,NEW TRENDS
2025-08-07,Baseball Cap METAL @380,3,STITCH CORP. (BLEEVES)
2025-08-07,Clock @550,1,STITCH CORP. (BLEEVES)
2025-08-07,Arch @320,2,TET AND DARS
2025-08-07,Logo Sticker @25,12,TET AND DARS
2025-08-07,Pen @40,3,TET AND DARS
2025-08-07,Sticker @120,7,TET AND DARS
2025-08-07,5M Magnetic Pin,4,USTORE
2025-08-07,5M Rotating Keychain,18,USTORE
2025-08-07,Aquaflask,3,USTORE
2025-08-07,Blanca Pen,1,USTORE
2025-08-07,Button Pins Small,2,USTORE
2025-08-07,C. Keychain,11,USTORE
2025-08-07,ID Case,18,USTORE
2025-08-07,Lanyard @180,101,USTORE
2025-08-07,MJ Sticker Large,5,USTORE
2025-08-07,MJ Sticker Medium,8,USTORE
2025-08-07,MJ Sticker Small,22,USTORE
2025-08-07,New Tiger Plushie Big @850,6,USTORE
2025-08-07,New Tiger Plushie Small @750,3,USTORE
2025-08-07,Notelet,2,USTORE
2025-08-07,Thick Lanyard,34,USTORE
2025-08-07,Tote (Viva),16,USTORE
2025-08-07,Tote Bag Canvas White,8,USTORE
2025-08-07,Travel Mug,15,USTORE
2025-08-07,Umb (One For UST),10,USTORE
2025-08-07,New GT Shirts,8,VARSITY LIFESTYLE
2025-08-07,Shirts,1,VARSITY LIFESTYLE
2025-08-07,Sweatshirt (NEW),1,VARSITY LIFESTYLE
2025-08-11,Ballpen 2 Designs @50 (B&Y),9,(Paid)
2025-08-11,Bamboo Pen @60,1,(Paid)
2025-08-11,Corp Jacket V2,4,(Paid)
2025-08-11,ABSC College Shirt (60th),3,ARTS AND LETTERS (SHIRT HAPPENS)
2025-08-11,Black Embro,2,BLAZE
2025-08-11,Polo Shirt @800,1,BLAZE
2025-08-11,Triple Black Embro,1,BLAZE
2025-08-11,White Embro,1,BLAZE
2025-08-11,Shirts all @450 UPSIZE (3XL-4XL),1,JUC
2025-08-11,Shirts all @450 UPSIZE (5XL),1,JUC
2025-08-11,UST OAT Hoodie Jacket,1,JUC
2025-08-11,"UST OAT MUG (Y,B,W)",1,JUC
2025-08-11,UST OAT T-Shirt Y/B/COLLEGE,40,JUC
2025-08-11,UST Sweatshirt Sporty,2,JUC
2025-08-11,UST T-Shirt Santo Tomas Shirt/UST T-Shirt Tiger Pattern/HAPPY,49,JUC
2025-08-11,UST T-Shirt Sporty,27,JUC
2025-08-11,Corp Jacket,1,JYL ATHLETICA
2025-08-11,Cotton Brush Jacket,1,JYL ATHLETICA
2025-08-11,Cotton Gray Jacket,3,JYL ATHLETICA
2025-08-11,DRI-FIT NEW,4,JYL ATHLETICA
2025-08-11,Poloshirt 123456 @860,1,JYL ATHLETICA
2025-08-11,Poloshirt @800,4,JYL ATHLETICA
2025-08-11,QUIANA SUBLI SHIRT (B&Y),4,JYL ATHLETICA
2025-08-11,Laptop Bag,1,NAPOLIZ ENTERPRISES
2025-08-11,Baseball Cap METAL @380,1,STITCH CORP. (BLEEVES)
2025-08-11,Clock @700,10,STITCH CORP. (BLEEVES)
2025-08-11,Arch @320,2,TET AND DARS
2025-08-11,Logo Sticker @25,2,TET AND DARS
2025-08-11,Pen @40,1,TET AND DARS
2025-08-11,Sticker @120,2,TET AND DARS
2025-08-11,5M Magnetic Pin,6,USTORE
2025-08-11,5M Rotating Keychain,12,USTORE
2025-08-11,Button Pins Small,1,USTORE
2025-08-11,C. Keychain,3,USTORE
2025-08-11,"Chibi Stickers (S1,S2)",3,USTORE
2025-08-11,Eco Bag,2,USTORE
2025-08-11,ID Case,27,USTORE
2025-08-11,Insignia Pen,1,USTORE
2025-08-11,Lanyard @180,102,USTORE
2025-08-11,MJ Sticker Large,8,USTORE
2025-08-11,MJ Sticker Medium,3,USTORE
2025-08-11,MJ Sticker Small,11,USTORE
2025-08-11,New Tiger Plushie Small @750,1,USTORE
2025-08-11,Thick Lanyard,29,USTORE
2025-08-11,Tote (Viva),3,USTORE
2025-08-11,Tote Bag Canvas White,1,USTORE
2025-08-11,New GT Shirts,5,VARSITY LIFESTYLE
2025-08-11,Shirts,1,VARSITY LIFESTYLE
2025-08-11,VL Sticker Pack,2,VARSITY LIFESTYLE
2025-08-12,Ballpen 2 Designs @50 (B&Y),16,(Paid)
2025-08-12,Corp Jacket V2,7,(Paid)
2025-08-12,Black Embro,1,BLAZE
2025-08-12,Triple Black Embro,1,BLAZE
2025-08-12,Shirts all @450 UPSIZE (3XL-4XL),3,JUC
2025-08-12,Shirts all @450 UPSIZE (5XL),16,JUC
2025-08-12,UST College ID Lace,1,JUC
2025-08-12,"UST OAT MUG (Y,B,W)",2,JUC
2025-08-12,UST OAT T-Shirt Y/B/COLLEGE,25,JUC
2025-08-12,UST Sweatshirt Sporty,1,JUC
2025-08-12,UST T-Shirt Santo Tomas Shirt/UST T-Shirt Tiger Pattern/HAPPY,27,JUC
2025-08-12,Corp Jacket,1,JYL ATHLETICA
2025-08-12,Cotton Brush Jacket,2,JYL ATHLETICA
2025-08-12,DRI-FIT NEW,2,JYL ATHLETICA
2025-08-12,Jacket,1,JYL ATHLETICA
2025-08-12,Poloshirt @800,6,JYL ATHLETICA
2025-08-12,QUIANA SUBLI SHIRT (B&Y),2,JYL ATHLETICA
2025-08-12,Logo Sticker @25,1,TET AND DARS
2025-08-12,Sticker @120,4,TET AND DARS
2025-08-12,5M Magnetic Pin,4,USTORE
2025-08-12,5M Rotating Keychain,3,USTORE
2025-08-12,Aquaflask,1,USTORE
2025-08-12,"Chibi Stickers (S1,S2)",2,USTORE
2025-08-12,Eco Bag,10,USTORE
2025-08-12,ID Case,12,USTORE
2025-08-12,Lanyard @180,54,USTORE
2025-08-12,MJ Sticker Large,4,USTORE
2025-08-12,MJ Sticker Medium,3,USTORE
2025-08-12,MJ Sticker Small,6,USTORE
2025-08-12,New Tiger Plushie Small @750,2,USTORE
2025-08-12,Notelet,10,USTORE
2025-08-12,Powerbank,1,USTORE
2025-08-12,Thick Lanyard,5,USTORE
2025-08-12,Tote (Viva),1,USTORE
2025-08-12,Umb (One For UST),6,USTORE
2025-08-12,New GT Shirts,1,VARSITY LIFESTYLE
2025-08-13,Ballpen 2 Designs @50 (B&Y),2,(Paid)
2025-08-13,Corp Jacket V2,3,(Paid)
2025-08-13,ABSC College Shirt (60th),2,ARTS AND LETTERS (SHIRT HAPPENS)
2025-08-13,Bomber Jacket,3,JUC
2025-08-13,Shirts all @450 UPSIZE (3XL-4XL),3,JUC
2025-08-13,UST OAT Hoodie Jacket,1,JUC
2025-08-13,UST OAT T-Shirt Y/B/COLLEGE,13,JUC
2025-08-13,UST Sweatshirt Sporty,1,JUC
2025-08-13,UST T-Shirt Santo Tomas Shirt/UST T-Shirt Tiger Pattern/HAPPY,29,JUC
2025-08-13,UST T-Shirt Sporty,15,JUC
2025-08-13,BASE BALL SHIRT,2,JYL ATHLETICA
2025-08-13,Corp Jacket,1,JYL ATHLETICA
2025-08-13,Cotton Black Jacket,2,JYL ATHLETICA
2025-08-13,Cotton Brush Jacket,2,JYL ATHLETICA
2025-08-13,DRI-FIT NEW,1,JYL ATHLETICA
2025-08-13,Jacket,2,JYL ATHLETICA
2025-08-13,Poloshirt @800,1,JYL ATHLETICA
2025-08-13,QUIANA SUBLI SHIRT (B&Y),4,JYL ATHLETICA
2025-08-13,VB Jersey without Sig @1500,1,JYL ATHLETICA
2025-08-13,Baseball Cap METAL @380,1,STITCH CORP. (BLEEVES)
2025-08-13,Wearable Blanket,1,STITCH CORP. (BLEEVES)
2025-08-13,Arch @320,2,TET AND DARS
2025-08-13,Logo Sticker @25,3,TET AND DARS
2025-08-13,Pen @40,3,TET AND DARS
2025-08-13,5M Magnetic Pin,5,USTORE
2025-08-13,5M Rotating Keychain,7,USTORE
2025-08-13,Aquaflask,46,USTORE
2025-08-13,Bookmark,1,USTORE
2025-08-13,C. Keychain,4,USTORE
2025-08-13,Charger,1,USTORE
2025-08-13,"Chibi Stickers (S1,S2)",1,USTORE
2025-08-13,Eco Bag,4,USTORE
2025-08-13,ID Case,27,USTORE
2025-08-13,Lanyard @180,113,USTORE
2025-08-13,MJ Sticker Large,2,USTORE
2025-08-13,MJ Sticker Medium,10,USTORE
2025-08-13,MJ Sticker Small,16,USTORE
2025-08-13,New Tiger Plushie Big @850,1,USTORE
2025-08-13,New Tiger Plushie Small @750,2,USTORE
2025-08-13,Notelet,1,USTORE
2025-08-13,Powerbank,1,USTORE
2025-08-13,Thomasian Kit Set,3,USTORE
2025-08-13,Tote (Viva),6,USTORE
2025-08-13,Tote Bag Canvas White,2,USTORE
2025-08-13,Umb (One For UST),6,USTORE
2025-08-13,New GT Shirts,4,VARSITY LIFESTYLE
2025-08-13,Sweatshirt (NEW),1,VARSITY LIFESTYLE
2025-08-14,Ballpen 2 Designs @50 (B&Y),3,(Paid)
2025-08-14,Corp Jacket V2,5,(Paid)
2025-08-14,ABSC College Shirt (60th),4,ARTS AND LETTERS (SHIRT HAPPENS)
2025-08-14,Black Embro,1,BLAZE
2025-08-14,Polo Shirt @800,1,BLAZE
2025-08-14,Shirts all @450 UPSIZE (3XL-4XL),4,JUC
2025-08-14,UST College ID Lace,3,JUC
2025-08-14,UST OAT Hoodie Jacket,6,JUC
2025-08-14,"UST OAT MUG (Y,B,W)",1,JUC
2025-08-14,UST OAT T-Shirt Y/B/COLLEGE,21,JUC
2025-08-14,UST Sweatshirt Sporty,2,JUC
2025-08-14,UST T-Shirt Santo Tomas Shirt/UST T-Shirt Tiger Pattern/HAPPY,45,JUC
2025-08-14,UST T-Shirt Sporty,17,JUC
2025-08-14,Corp Windbreaker,1,JYL ATHLETICA
2025-08-14,Cotton Black Jacket,1,JYL ATHLETICA
2025-08-14,Cotton Brush Jacket,1,JYL ATHLETICA
2025-08-14,Jacket,1,JYL ATHLETICA
2025-08-14,Poloshirt @800,1,JYL ATHLETICA
2025-08-14,QUIANA SUBLI SHIRT (B&Y),5,JYL ATHLETICA
2025-08-14,Big Car,1,MADEBYRUZ CONSUMER GOODS TRADING
2025-08-14,Baseball Cap METAL @380,2,STITCH CORP. (BLEEVES)
2025-08-14,Logo Sticker @25,5,TET AND DARS
2025-08-14,Pen @40,2,TET AND DARS
2025-08-14,Sticker @120,4,TET AND DARS
2025-08-14,5M Magnetic Pin,4,USTORE
2025-08-14,5M Rotating Keychain,5,USTORE
2025-08-14,Aquaflask,5,USTORE
2025-08-14,Blanca Pen,1,USTORE
2025-08-14,C. Keychain,4,USTORE
2025-08-14,Eco Bag,1,USTORE
2025-08-14,ID Case,18,USTORE
2025-08-14,Insignia Pen,2,USTORE
2025-08-14,Lanyard @180,58,USTORE
2025-08-14,MJ Sticker Large,2,USTORE
2025-08-14,MJ Sticker Medium,8,USTORE
2025-08-14,MJ Sticker Small,7,USTORE
2025-08-14,New Tiger Plushie Small @750,1,USTORE
2025-08-14,Scarf @490,1,USTORE
2025-08-14,Tote (One For UST),4,USTORE
2025-08-14,Tote (Viva),3,USTORE
2025-08-14,Umb (One For UST),10,USTORE
2025-08-14,New GT Shirts,3,VARSITY LIFESTYLE
2025-08-14,VL Sticker Pack,1,VARSITY LIFESTYLE
2025-08-15,Ballpen 2 Designs @50 (B&Y),14,(Paid)
2025-08-15,Bamboo Pen @60,2,(Paid)
2025-08-15,Corp Jacket V2,6,(Paid)
2025-08-15,Kraft Notebook @130,1,(Paid)
2025-08-15,Black Embro,4,BLAZE
2025-08-15,Polo Shirt @800,4,BLAZE
2025-08-15,White Embro,1,BLAZE
2025-08-15,Shirts all @450 UPSIZE (3XL-4XL),1,JUC
2025-08-15,Shirts all @450 UPSIZE (5XL),2,JUC
2025-08-15,UST OAT Hoodie Jacket,3,JUC
2025-08-15,"UST OAT MUG (Y,B,W)",5,JUC
2025-08-15,UST OAT T-Shirt Y/B/COLLEGE,3,JUC
2025-08-15,UST Sweatshirt Sporty,1,JUC
2025-08-15,UST T-Shirt Santo Tomas Shirt/UST T-Shirt Tiger Pattern/HAPPY,14,JUC
2025-08-15,UST T-Shirt Sporty,1,JUC
2025-08-15,Corp Jacket,3,JYL ATHLETICA
2025-08-15,Corp Windbreaker,1,JYL ATHLETICA
2025-08-15,Cotton Brush Jacket,1,JYL ATHLETICA
2025-08-15,DRI-FIT NEW,4,JYL ATHLETICA
2025-08-15,Poloshirt @800,2,JYL ATHLETICA
2025-08-15,QUIANA SUBLI SHIRT (B&Y),3,JYL ATHLETICA
2025-08-15,Big Car,1,MADEBYRUZ CONSUMER GOODS TRADING
2025-08-15,Tiger Claw,1,MADEBYRUZ CONSUMER GOODS TRADING
2025-08-15,Logo Sticker @25,5,TET AND DARS
2025-08-15,Pen @40,5,TET AND DARS
2025-08-15,5M Magnetic Pin,2,USTORE
2025-08-15,5M Rotating Keychain,4,USTORE
2025-08-15,Aquaflask,10,USTORE
2025-08-15,Button Pins Small,1,USTORE
2025-08-15,C. Keychain,3,USTORE
2025-08-15,ID Case,9,USTORE
2025-08-15,Lanyard @180,22,USTORE
2025-08-15,MJ Sticker Large,5,USTORE
2025-08-15,MJ Sticker Medium,4,USTORE
2025-08-15,MJ Sticker Small,11,USTORE
2025-08-15,New Tiger Plushie Big @850,1,USTORE
2025-08-15,New Tiger Plushie Small @750,1,USTORE
2025-08-15,Notelet,1,USTORE
2025-08-15,Tote (Viva),2,USTORE
2025-08-15,Umb (One For UST),7,USTORE
2025-08-15,New GT Shirts,3,VARSITY LIFESTYLE
2025-08-15,VL Sticker Pack,2,VARSITY LIFESTYLE
2025-08-16,Corp Jacket V2,2,(Paid)
2025-08-16,Triple Black Embro,1,BLAZE
2025-08-16,Shirts all @450 UPSIZE (5XL),1,JUC
2025-08-16,UST OAT T-Shirt Y/B/COLLEGE,9,JUC
2025-08-16,UST T-Shirt Santo Tomas Shirt/UST T-Shirt Tiger Pattern/HAPPY,14,JUC
2025-08-16,UST T-Shirt Sporty,10,JUC
2025-08-16,Corp Windbreaker,2,JYL ATHLETICA
2025-08-16,Cotton Gray Jacket,1,JYL ATHLETICA
2025-08-16,Poloshirt @800,1,JYL ATHLETICA
2025-08-16,Big Car,1,MADEBYRUZ CONSUMER GOODS TRADING
2025-08-16,Baseball Cap METAL @380,2,STITCH CORP. (BLEEVES)
2025-08-16,Logo Sticker @25,3,TET AND DARS
2025-08-16,Sticker @120,2,TET AND DARS
2025-08-16,5M Rotating Keychain,1,USTORE
2025-08-16,Button Pins Small,1,USTORE
2025-08-16,C. Keychain,2,USTORE
2025-08-16,ID Case,3,USTORE
2025-08-16,Lanyard @180,22,USTORE
2025-08-16,MJ Sticker Medium,1,USTORE
2025-08-16,MJ Sticker Small,2,USTORE
2025-08-16,Scarf @490,1,USTORE
2025-08-16,Umb (One For UST),2,USTORE
2025-08-16,New GT Shirts,1,VARSITY LIFESTYLE
2025-08-18,Ballpen 2 Designs @50 (B&Y),7,(Paid)
2025-08-18,Bamboo Notebook @150,1,(Paid)
2025-08-18,Corp Jacket V2,4,(Paid)
2025-08-18,ABSC College Shirt (60th),2,ARTS AND LETTERS (SHIRT HAPPENS)
2025-08-18,Polo Shirt @800,1,BLAZE
2025-08-18,Bomber Jacket,1,JUC
2025-08-18,Shirts all @450 UPSIZE (3XL-4XL),1,JUC
2025-08-18,Shirts all @450 UPSIZE (5XL),1,JUC
2025-08-18,UST OAT Hoodie Jacket,2,JUC
2025-08-18,UST OAT T-Shirt Y/B/COLLEGE,15,JUC
2025-08-18,UST T-Shirt Santo Tomas Shirt/UST T-Shirt Tiger Pattern/HAPPY,26,JUC
2025-08-18,Corp Jacket,1,JYL ATHLETICA
2025-08-18,Cotton Black Jacket,1,JYL ATHLETICA
2025-08-18,DRI-FIT NEW,2,JYL ATHLETICA
2025-08-18,Poloshirt @800,1,JYL ATHLETICA
2025-08-18,QUIANA SUBLI SHIRT (B&Y),1,JYL ATHLETICA
2025-08-18,Taslan NEW,1,JYL ATHLETICA
2025-08-18,Small Mystery Car,1,MADEBYRUZ CONSUMER GOODS TRADING
2025-08-18,Arch @320,1,TET AND DARS
2025-08-18,Logo Sticker @25,4,TET AND DARS
2025-08-18,Sticker @120,2,TET AND DARS
2025-08-18,5M Magnetic Pin,1,USTORE
2025-08-18,5M Rotating Keychain,7,USTORE
2025-08-18,Aquaflask,1,USTORE
2025-08-18,Button Pins Small,1,USTORE
2025-08-18,C. Keychain,2,USTORE
2025-08-18,ID Case,20,USTORE
2025-08-18,Lanyard @180,60,USTORE
2025-08-18,MJ Sticker Large,3,USTORE
2025-08-18,MJ Sticker Medium,7,USTORE
2025-08-18,MJ Sticker Small,7,USTORE
2025-08-18,New Tiger Plushie Big @850,3,USTORE
2025-08-18,New Tiger Plushie Small @750,1,USTORE
2025-08-18,Tote (One For UST),2,USTORE
2025-08-18,Tote (Viva),2,USTORE
2025-08-18,Tote Bag Canvas White,2,USTORE
2025-08-18,Umb (One For UST),4,USTORE
2025-08-18,New GT Shirts,2,VARSITY LIFESTYLE
2025-08-19,Ballpen 2 Designs @50 (B&Y),4,(Paid)
2025-08-19,Bamboo Pen @60,1,(Paid)
2025-08-19,Corp Jacket V2,3,(Paid)
2025-08-19,ABSC College Shirt (60th),1,ARTS AND LETTERS (SHIRT HAPPENS)
2025-08-19,Black Embro,3,BLAZE
2025-08-19,White Embro,3,BLAZE
2025-08-19,Bomber Jacket,1,JUC
2025-08-19,Shirts all @450 UPSIZE (3XL-4XL),1,JUC
2025-08-19,UST OAT Hoodie Jacket,1,JUC
2025-08-19,"UST OAT MUG (Y,B,W)",1,JUC
2025-08-19,UST OAT T-Shirt Y/B/COLLEGE,6,JUC
2025-08-19,UST Sweatshirt Sporty,2,JUC
2025-08-19,UST T-Shirt Santo Tomas Shirt/UST T-Shirt Tiger Pattern/HAPPY,27,JUC
2025-08-19,UST T-Shirt Sporty,6,JUC
2025-08-19,Corp Jacket,4,JYL ATHLETICA
2025-08-19,Cotton Black Jacket,3,JYL ATHLETICA
2025-08-19,Cotton Brush Jacket,3,JYL ATHLETICA
2025-08-19,Cotton Gray Jacket,1,JYL ATHLETICA
2025-08-19,DRI-FIT NEW,2,JYL ATHLETICA
2025-08-19,Jacket,3,JYL ATHLETICA
2025-08-19,Poloshirt @800,4,JYL ATHLETICA
2025-08-19,QUIANA SUBLI SHIRT (B&Y),6,JYL ATHLETICA
2025-08-19,Big Car,2,MADEBYRUZ CONSUMER GOODS TRADING
2025-08-19,Small Mystery Car,1,MADEBYRUZ CONSUMER GOODS TRADING
2025-08-19,Hoodies Breaker,2,NAPOLIZ ENTERPRISES
2025-08-19,Logo Sticker @25,5,TET AND DARS
2025-08-19,Sticker @120,1,TET AND DARS
2025-08-19,5M Rotating Keychain,5,USTORE
2025-08-19,Aquaflask,6,USTORE
2025-08-19,Button Pins Small,2,USTORE
2025-08-19,C. Keychain,6,USTORE
2025-08-19,"Chibi Stickers (S1,S2)",1,USTORE
2025-08-19,Eco Bag,9,USTORE
2025-08-19,ID Case,16,USTORE
2025-08-19,Lanyard @180,56,USTORE
2025-08-19,MJ Sticker Large,2,USTORE
2025-08-19,MJ Sticker Medium,7,USTORE
2025-08-19,MJ Sticker Small,13,USTORE
2025-08-19,New Tiger Plushie Big @850,6,USTORE
2025-08-19,New Tiger Plushie Small @750,2,USTORE
2025-08-19,Stainless Eco Tumbler,5,USTORE
2025-08-19,Tote (Viva),4,USTORE
2025-08-19,Umb (One For UST),8,USTORE
2025-08-19,New GT Shirts,2,VARSITY LIFESTYLE
2025-08-20,Ballpen 2 Designs @50 (B&Y),1,(Paid)
2025-08-20,Corp Jacket V2,6,(Paid)
2025-08-20,ABSC College Shirt (60th),1,ARTS AND LETTERS (SHIRT HAPPENS)
2025-08-20,Triple Black Embro,1,BLAZE
2025-08-20,White Embro,3,BLAZE
2025-08-20,UST OAT Hoodie Jacket,1,JUC
2025-08-20,UST OAT T-Shirt Y/B/COLLEGE,12,JUC
2025-08-20,UST Sweatshirt Sporty,2,JUC
2025-08-20,UST T-Shirt Santo Tomas Shirt/UST T-Shirt Tiger Pattern/HAPPY,24,JUC
2025-08-20,UST T-Shirt Sporty,16,JUC
2025-08-20,Corp Jacket,1,JYL ATHLETICA
2025-08-20,Corp Windbreaker,1,JYL ATHLETICA
2025-08-20,Cotton Black Jacket,1,JYL ATHLETICA
2025-08-20,Cotton Brush Jacket,1,JYL ATHLETICA
2025-08-20,Cotton Gray Jacket,3,JYL ATHLETICA
2025-08-20,DRI-FIT NEW,4,JYL ATHLETICA
2025-08-20,Jacket,1,JYL ATHLETICA
2025-08-20,Poloshirt @800,1,JYL ATHLETICA
2025-08-20,QUIANA SUBLI SHIRT (B&Y),2,JYL ATHLETICA
2025-08-20,VB Jersey without Sig @1500,1,JYL ATHLETICA
2025-08-20,Big Car,1,MADEBYRUZ CONSUMER GOODS TRADING
2025-08-20,Small Mystery Car,6,MADEBYRUZ CONSUMER GOODS TRADING
2025-08-20,Baseball Cap METAL @380,2,STITCH CORP. (BLEEVES)
2025-08-20,Logo Sticker @25,4,TET AND DARS
2025-08-20,Sticker @120,1,TET AND DARS
2025-08-20,5M Magnetic Pin,4,USTORE
2025-08-20,5M Rotating Keychain,2,USTORE
2025-08-20,C. Keychain,4,USTORE
2025-08-20,Eco Bag,3,USTORE
2025-08-20,ID Case,7,USTORE
2025-08-20,Lanyard @180,36,USTORE
2025-08-20,MJ Sticker Large,7,USTORE
2025-08-20,MJ Sticker Medium,5,USTORE
2025-08-20,MJ Sticker Small,6,USTORE
2025-08-20,New Tiger Plushie Big @850,3,USTORE
2025-08-20,Tote (Viva),4,USTORE
2025-08-20,Umb (One For UST),8,USTORE
2025-08-20,New GT Shirts,1,VARSITY LIFESTYLE
2025-08-20,Sweatshirt (NEW),1,VARSITY LIFESTYLE
2025-08-20,VL Sticker Pack,2,VARSITY LIFESTYLE
2025-08-22,Corp Jacket V2,1,(Paid)
2025-08-22,UST OAT Hoodie Jacket,1,JUC
2025-08-22,"UST OAT MUG (Y,B,W)",1,JUC
2025-08-22,UST OAT T-Shirt Y/B/COLLEGE,5,JUC
2025-08-22,UST T-Shirt Santo Tomas Shirt/UST T-Shirt Tiger Pattern/HAPPY,8,JUC
2025-08-22,UST T-Shirt Sporty,4,JUC
2025-08-22,Corp Jacket,2,JYL ATHLETICA
2025-08-22,QUIANA SUBLI SHIRT (B&Y),2,JYL ATHLETICA
2025-08-22,Logo Sticker @25,3,TET AND DARS
2025-08-22,5M Rotating Keychain,1,USTORE
2025-08-22,C. Keychain,3,USTORE
2025-08-22,ID Case,2,USTORE
2025-08-22,Lanyard @180,15,USTORE
2025-08-22,MJ Sticker Small,3,USTORE
2025-08-22,Scarf @490,1,USTORE
2025-08-22,Thomasian Kit Set,1,USTORE
2025-08-22,Tote (Viva),2,USTORE
2025-08-22,Umb (One For UST),16,USTORE
2025-08-22,New GT Shirts,1,VARSITY LIFESTYLE
2025-08-23,Ballpen 2 Designs @50 (B&Y),2,(Paid)
2025-08-23,Corp Jacket V2,1,(Paid)
2025-08-23,Kraft Notebook @130,101,(Paid)
2025-08-23,Black Embro,1,BLAZE
2025-08-23,Polo Shirt @800,1,BLAZE
2025-08-23,Shirts all @450 UPSIZE (5XL),1,JUC
2025-08-23,UST OAT Hoodie Jacket,3,JUC
2025-08-23,"UST OAT MUG (Y,B,W)",1,JUC
2025-08-23,UST OAT T-Shirt Y/B/COLLEGE,6,JUC
2025-08-23,UST Sweatshirt Sporty,6,JUC
2025-08-23,UST T-Shirt Santo Tomas Shirt/UST T-Shirt Tiger Pattern/HAPPY,16,JUC
2025-08-23,UST T-Shirt Sporty,3,JUC
2025-08-23,Cotton Brush Jacket,3,JYL ATHLETICA
2025-08-23,Cotton Gray Jacket,1,JYL ATHLETICA
2025-08-23,Jacket,1,JYL ATHLETICA
2025-08-23,QUIANA SUBLI SHIRT (B&Y),1,JYL ATHLETICA
2025-08-23,Small Mystery Car,6,MADEBYRUZ CONSUMER GOODS TRADING
2025-08-23,Tiger Claw,1,MADEBYRUZ CONSUMER GOODS TRADING
2025-08-23,Baseball Cap METAL @380,1,STITCH CORP. (BLEEVES)
2025-08-23,Logo Sticker @25,2,TET AND DARS
2025-08-23,Pen @40,1,TET AND DARS
2025-08-23,Sticker @120,2,TET AND DARS
2025-08-23,5M Magnetic Pin,2,USTORE
2025-08-23,5M Rotating Keychain,6,USTORE
2025-08-23,C. Keychain,2,USTORE
2025-08-23,ID Case,3,USTORE
2025-08-23,Insignia Pen,1,USTORE
2025-08-23,Lanyard @180,30,USTORE
2025-08-23,MJ Sticker Bundle,1,USTORE
2025-08-23,MJ Sticker Large,2,USTORE
2025-08-23,MJ Sticker Medium,5,USTORE
2025-08-23,MJ Sticker Small,7,USTORE
2025-08-23,New Tiger Plushie Small @750,1,USTORE
2025-08-23,Notelet,1,USTORE
2025-08-23,Tote (One For UST),2,USTORE
2025-08-23,Tote (Viva),4,USTORE
2025-08-23,Tote Bag Canvas White,2,USTORE
2025-08-23,Umb (One For UST),6,USTORE
2025-08-23,VL Sticker Pack,1,VARSITY LIFESTYLE
2025-08-27,Ballpen 2 Designs @50 (B&Y),4,(Paid)
2025-08-27,Corp Jacket V2,2,(Paid)
2025-08-27,Kraft Notebook @130,51,(Paid)
2025-08-27,ABSC College Shirt (60th),1,ARTS AND LETTERS (SHIRT HAPPENS)
2025-08-27,Polo Shirt @800,2,BLAZE
2025-08-27,Triple Black Embro,1,BLAZE
2025-08-27,White Embro,2,BLAZE
2025-08-27,IPEA Shirt,1,IPEA
2025-08-27,Shirts all @450 UPSIZE (3XL-4XL),7,JUC
2025-08-27,UST OAT Hoodie Jacket,2,JUC
2025-08-27,"UST OAT MUG (Y,B,W)",18,JUC
2025-08-27,UST OAT T-Shirt Y/B/COLLEGE,95,JUC
2025-08-27,UST Sweatshirt Sporty,2,JUC
2025-08-27,UST T-Shirt Santo Tomas Shirt/UST T-Shirt Tiger Pattern/HAPPY,127,JUC
2025-08-27,UST T-Shirt Sporty,49,JUC
2025-08-27,BASE BALL SHIRT,7,JYL ATHLETICA
2025-08-27,Corp Jacket,2,JYL ATHLETICA
2025-08-27,Corp Windbreaker,1,JYL ATHLETICA
2025-08-27,Cotton Black Jacket,1,JYL ATHLETICA
2025-08-27,Cotton Gray Jacket,1,JYL ATHLETICA
2025-08-27,Jacket,2,JYL ATHLETICA
2025-08-27,Poloshirt @800,8,JYL ATHLETICA
2025-08-27,QUIANA SUBLI SHIRT (B&Y),12,JYL ATHLETICA
2025-08-27,Big Car,2,MADEBYRUZ CONSUMER GOODS TRADING
2025-08-27,Tiger Costume,1,MADEBYRUZ CONSUMER GOODS TRADING
2025-08-27,Tiger Headband (2 Designs),1,MADEBYRUZ CONSUMER GOODS TRADING
2025-08-27,Hoodies Breaker,4,NAPOLIZ ENTERPRISES
2025-08-27,Baseball Cap METAL @380,1,STITCH CORP. (BLEEVES)
2025-08-27,Clock @550,2,STITCH CORP. (BLEEVES)
2025-08-27,Wearable Blanket,1,STITCH CORP. (BLEEVES)
2025-08-27,Arch @320,16,TET AND DARS
2025-08-27,Logo Sticker @25,6,TET AND DARS
2025-08-27,Paper Bag  @ 130,1,TET AND DARS
2025-08-27,Paper Bag @80,1,TET AND DARS
2025-08-27,Sticker @120,4,TET AND DARS
2025-08-27,5M Magnetic Pin,6,USTORE
2025-08-27,5M Rotating Keychain,12,USTORE
2025-08-27,C. Keychain,6,USTORE
2025-08-27,C. Sticker @120,2,USTORE
2025-08-27,"Chibi Stickers (S1,S2)",1,USTORE
2025-08-27,Eco Bag,4,USTORE
2025-08-27,ID Case,9,USTORE
2025-08-27,Lanyard @180,55,USTORE
2025-08-27,MJ Sticker Large,2,USTORE
2025-08-27,MJ Sticker Medium,5,USTORE
2025-08-27,MJ Sticker Small,3,USTORE
2025-08-27,New Tiger Plushie Big @850,4,USTORE
2025-08-27,New Tiger Plushie Small @750,1,USTORE
2025-08-27,Scarf @490,1,USTORE
2025-08-27,Tote (Viva),2,USTORE
2025-08-27,Tote Bag Canvas White,8,USTORE
2025-08-27,Umb (One For UST),9,USTORE
2025-08-27,New GT Shirts,7,VARSITY LIFESTYLE
2025-08-27,Scarves,1,VARSITY LIFESTYLE
2025-08-27,Sweatshirt (NEW),1,VARSITY LIFESTYLE
2025-08-28,Ballpen 2 Designs @50 (B&Y),2,(Paid)
2025-08-28,Kraft Notebook @130,1,(Paid)
2025-08-28,White Embro,1,BLAZE
2025-08-28,Shirts all @450 UPSIZE (3XL-4XL),1,JUC
2025-08-28,UST OAT Hoodie Jacket,1,JUC
2025-08-28,"UST OAT MUG (Y,B,W)",1,JUC
2025-08-28,UST OAT T-Shirt Y/B/COLLEGE,15,JUC
2025-08-28,UST T-Shirt Santo Tomas Shirt/UST T-Shirt Tiger Pattern/HAPPY,53,JUC
2025-08-28,UST T-Shirt Sporty,14,JUC
2025-08-28,Corp Jacket,2,JYL ATHLETICA
2025-08-28,Cotton Brush Jacket,1,JYL ATHLETICA
2025-08-28,DRI-FIT NEW,1,JYL ATHLETICA
2025-08-28,Jacket,1,JYL ATHLETICA
2025-08-28,Poloshirt 123456 @860,2,JYL ATHLETICA
2025-08-28,Poloshirt @800,1,JYL ATHLETICA
2025-08-28,QUIANA SUBLI SHIRT (B&Y),4,JYL ATHLETICA
2025-08-28,Wearable Blanket,1,STITCH CORP. (BLEEVES)
2025-08-28,Arch @320,4,TET AND DARS
2025-08-28,Paper Bag  @ 130,4,TET AND DARS
2025-08-28,Sticker @120,1,TET AND DARS
2025-08-28,5M Rotating Keychain,2,USTORE
2025-08-28,C. Keychain,2,USTORE
2025-08-28,Eco Bag,1,USTORE
2025-08-28,ID Case,10,USTORE
2025-08-28,Lanyard @180,24,USTORE
2025-08-28,MJ Sticker Large,1,USTORE
2025-08-28,MJ Sticker Medium,4,USTORE
2025-08-28,MJ Sticker Small,3,USTORE
2025-08-28,Thomasian Kit Set,5,USTORE
2025-08-28,Tote (Viva),7,USTORE
2025-08-28,Umb (One For UST),14,USTORE
2025-08-28,VL Sticker Pack,1,VARSITY LIFESTYLE
2025-08-29,Ballpen 2 Designs @50 (B&Y),4,(Paid)
2025-08-29,Bamboo Pen @60,1,(Paid)
2025-08-29,Corp Jacket V2,10,(Paid)
2025-08-29,Black Embro,4,BLAZE
2025-08-29,Polo Shirt @800,5,BLAZE
2025-08-29,Triple Black Embro,5,BLAZE
2025-08-29,White Embro,7,BLAZE
2025-08-29,Bomber Jacket,1,JUC
2025-08-29,Shirts all @450 UPSIZE (3XL-4XL),12,JUC
2025-08-29,UST OAT Hoodie Jacket,6,JUC
2025-08-29,"UST OAT MUG (Y,B,W)",3,JUC
2025-08-29,UST OAT T-Shirt Y/B/COLLEGE,42,JUC
2025-08-29,UST Sweatshirt Sporty,14,JUC
2025-08-29,UST T-Shirt Santo Tomas Shirt/UST T-Shirt Tiger Pattern/HAPPY,95,JUC
2025-08-29,UST T-Shirt Sporty,44,JUC
2025-08-29,UST T-Shirt Sporty UPSIZE (3XL-5XL),2,JUC
2025-08-29,BASE BALL SHIRT,2,JYL ATHLETICA
2025-08-29,Corp Jacket,3,JYL ATHLETICA
2025-08-29,Corp Windbreaker,2,JYL ATHLETICA
2025-08-29,Cotton Black Jacket,5,JYL ATHLETICA
2025-08-29,Cotton Brush Jacket,5,JYL ATHLETICA
2025-08-29,Cotton Gray Jacket,4,JYL ATHLETICA
2025-08-29,DRI-FIT NEW,5,JYL ATHLETICA
2025-08-29,Jacket,13,JYL ATHLETICA
2025-08-29,QUIANA SUBLI SHIRT (B&Y),1,JYL ATHLETICA
2025-08-29,Big Car,1,MADEBYRUZ CONSUMER GOODS TRADING
2025-08-29,Small Mystery Car,1,MADEBYRUZ CONSUMER GOODS TRADING
2025-08-29,Tiger Claw,1,MADEBYRUZ CONSUMER GOODS TRADING
2025-08-29,Tiger Headband (2 Designs),1,MADEBYRUZ CONSUMER GOODS TRADING
2025-08-29,Hoodies Breaker,10,NAPOLIZ ENTERPRISES
2025-08-29,Baseball Cap METAL @380,9,STITCH CORP. (BLEEVES)
2025-08-29,Arch @320,12,TET AND DARS
2025-08-29,Logo Sticker @25,15,TET AND DARS
2025-08-29,Paper Bag  @ 130,9,TET AND DARS
2025-08-29,Pen @40,2,TET AND DARS
2025-08-29,Sticker @120,7,TET AND DARS
2025-08-29,5M Magnetic Pin,10,USTORE
2025-08-29,5M Rotating Keychain,4,USTORE
2025-08-29,Button Pins Small,1,USTORE
2025-08-29,C. Keychain,6,USTORE
2025-08-29,"Chibi Stickers (S1,S2)",72,USTORE
2025-08-29,Eco Bag,1,USTORE
2025-08-29,ID Case,21,USTORE
2025-08-29,Lanyard @180,142,USTORE
2025-08-29,MJ Sticker Large,3,USTORE
2025-08-29,MJ Sticker Medium,14,USTORE
2025-08-29,MJ Sticker Small,23,USTORE
2025-08-29,New Tiger Plushie Big @850,1,USTORE
2025-08-29,New Tiger Plushie Small @750,1,USTORE
2025-08-29,Notelet,150,USTORE
2025-08-29,Scarf @490,3,USTORE
2025-08-29,Stainless Eco Tumbler,9,USTORE
2025-08-29,Thick Lanyard,24,USTORE
2025-08-29,Tote (Viva),4,USTORE
2025-08-29,Tote Bag Canvas White,1,USTORE
2025-08-29,Umb (One For UST),109,USTORE
2025-08-29,New GT Shirts,13,VARSITY LIFESTYLE
2025-08-29,VL Sticker Pack,7,VARSITY LIFESTYLE
2025-09-02,Ballpen 2 Designs @50 (B&Y),3,(Paid)
2025-09-02,Corp Jacket V2,4,(Paid)
2025-09-02,Triple Black Embro,1,BLAZE
2025-09-02,White Embro,1,BLAZE
2025-09-02,Shirts all @450 UPSIZE (3XL-4XL),3,JUC
2025-09-02,UST College ID Lace,27,JUC
2025-09-02,UST OAT Hoodie Jacket,2,JUC
2025-09-02,"UST OAT MUG (Y,W)",4,JUC
2025-09-02,UST OAT T-Shirt Y/B/COLLEGE,10,JUC
2025-09-02,UST T-Shirt Santo Tomas Shirt/UST T-Shirt Tiger Pattern/HAPPY,40,JUC
2025-09-02,UST T-Shirt Sporty,13,JUC
2025-09-02,BASE BALL SHIRT,1,JYL ATHLETICA
2025-09-02,Corp Jacket,1,JYL ATHLETICA
2025-09-02,Cotton Brush Jacket,5,JYL ATHLETICA
2025-09-02,Cotton Gray Jacket,2,JYL ATHLETICA
2025-09-02,DRI-FIT NEW,5,JYL ATHLETICA
2025-09-02,Jacket,3,JYL ATHLETICA
2025-09-02,Poloshirt @800,1,JYL ATHLETICA
2025-09-02,QUIANA SUBLI SHIRT (B&Y),8,JYL ATHLETICA
2025-09-02,Tiger Headband (2 Designs),2,MADEBYRUZ CONSUMER GOODS TRADING
2025-09-02,Hoodies Breaker,1,NAPOLIZ ENTERPRISES
2025-09-02,UST-Pen W/Box,1,NEW TRENDS
2025-09-02,Clock @700,1,STITCH CORP. (BLEEVES)
2025-09-02,Wearable Blanket,1,STITCH CORP. (BLEEVES)
2025-09-02,Arch @320,2,TET AND DARS
2025-09-02,Logo Sticker @25,1,TET AND DARS
2025-09-02,Long Sticker @120,2,TET AND DARS
2025-09-02,Pen @40,3,TET AND DARS
2025-09-02,5M Magnetic Pin,8,USTORE
2025-09-02,5M Rotating Keychain,2,USTORE
2025-09-02,Button Pins Small,1,USTORE
2025-09-02,C. Keychain,4,USTORE
2025-09-02,"Chibi Stickers (S1,S2)",2,USTORE
2025-09-02,ID Case,9,USTORE
2025-09-02,Lanyard @180,38,USTORE
2025-09-02,MJ Sticker Large,7,USTORE
2025-09-02,MJ Sticker Medium,11,USTORE
2025-09-02,MJ Sticker Small,11,USTORE
2025-09-02,New Tiger Plushie Small @750,1,USTORE
2025-09-02,Tote (Viva),3,USTORE
2025-09-02,New GT Shirts,3,VARSITY LIFESTYLE
2025-09-02,VL Sticker Pack,1,VARSITY LIFESTYLE
2025-09-03,Ballpen 2 Designs @50 (B&Y),5,(Paid)
2025-09-03,Corp Jacket V2,1,(Paid)
2025-09-03,Black Embro,1,BLAZE
2025-09-03,Polo Shirt @800,2,BLAZE
2025-09-03,UST College ID Lace,17,JUC
2025-09-03,UST OAT T-Shirt Y/B/COLLEGE,5,JUC
2025-09-03,UST Sweatshirt Sporty,1,JUC
2025-09-03,UST T-Shirt Santo Tomas Shirt/UST T-Shirt Tiger Pattern/HAPPY,17,JUC
2025-09-03,UST T-Shirt Sporty,6,JUC
2025-09-03,BASE BALL SHIRT,3,JYL ATHLETICA
2025-09-03,Cotton Gray Jacket,2,JYL ATHLETICA
2025-09-03,Poloshirt @800,1,JYL ATHLETICA
2025-09-03,QUIANA SUBLI SHIRT (B&Y),4,JYL ATHLETICA
2025-09-03,Big Car,1,MADEBYRUZ CONSUMER GOODS TRADING
2025-09-03,Hoodies Breaker,1,NAPOLIZ ENTERPRISES
2025-09-03,Arch @320,1,TET AND DARS
2025-09-03,Logo Sticker @25,2,TET AND DARS
2025-09-03,Long Sticker @120,1,TET AND DARS
2025-09-03,5M Magnetic Pin,2,USTORE
2025-09-03,5M Rotating Keychain,3,USTORE
2025-09-03,Button Pins Small,1,USTORE
2025-09-03,C. Keychain,4,USTORE
2025-09-03,ID Case,6,USTORE
2025-09-03,Lanyard @180,13,USTORE
2025-09-03,MJ Sticker Large,5,USTORE
2025-09-03,MJ Sticker Medium,6,USTORE
2025-09-03,MJ Sticker Small,3,USTORE
2025-09-03,New Tiger Plushie Small @750,1,USTORE
2025-09-03,Tote (Viva),2,USTORE
2025-09-03,Tote Bag Canvas White,1,USTORE
2025-09-03,Travel Mug,1,USTORE
2025-09-03,Umb (One For UST),2,USTORE
2025-09-03,New GT Shirts,2,VARSITY LIFESTYLE
2025-09-03,VL Sticker Pack,1,VARSITY LIFESTYLE
2025-09-04,Ballpen 2 Designs @50 (B&Y),2,(Paid)
2025-09-04,Corp Jacket V2,1,(Paid)
2025-09-04,Black Embro,2,BLAZE
2025-09-04,Triple Black Embro,2,BLAZE
2025-09-04,UST College ID Lace,16,JUC
2025-09-04,UST OAT Hoodie Jacket,1,JUC
2025-09-04,UST OAT T-Shirt Y/B/COLLEGE,5,JUC
2025-09-04,UST T-Shirt Santo Tomas Shirt/UST T-Shirt Tiger Pattern/HAPPY,9,JUC
2025-09-04,UST T-Shirt Sporty,3,JUC
2025-09-04,Corp Jacket,1,JYL ATHLETICA
2025-09-04,DRI-FIT NEW,4,JYL ATHLETICA
2025-09-04,Jacket,2,JYL ATHLETICA
2025-09-04,QUIANA SUBLI SHIRT (B&Y),2,JYL ATHLETICA
2025-09-04,Big Car,1,MADEBYRUZ CONSUMER GOODS TRADING
2025-09-04,Tiger Costume,2,MADEBYRUZ CONSUMER GOODS TRADING
2025-09-04,Baseball Cap METAL @380,1,STITCH CORP. (BLEEVES)
2025-09-04,Arch @320,1,TET AND DARS
2025-09-04,Logo Sticker @25,6,TET AND DARS
2025-09-04,Long Sticker @120,4,TET AND DARS
2025-09-04,Pen @40,2,TET AND DARS
2025-09-04,5M Magnetic Pin,4,USTORE
2025-09-04,5M Rotating Keychain,9,USTORE
2025-09-04,C. Keychain,1,USTORE
2025-09-04,"Chibi Stickers (S1,S2)",3,USTORE
2025-09-04,ID Case,7,USTORE
2025-09-04,Lanyard @180,17,USTORE
2025-09-04,MJ Sticker Large,5,USTORE
2025-09-04,MJ Sticker Medium,5,USTORE
2025-09-04,MJ Sticker Small,5,USTORE
2025-09-04,Tote (Viva),2,USTORE
2025-09-04,Umb (One For UST),3,USTORE
2025-09-04,New GT Shirts,1,VARSITY LIFESTYLE
2025-09-04,VL Sticker Pack,2,VARSITY LIFESTYLE
2025-09-05,Ballpen 2 Designs @50 (B&Y),2,(Paid)
2025-09-05,Corp Jacket V2,3,(Paid)
2025-09-05,Polo Shirt @800,2,BLAZE
2025-09-05,White Embro,2,BLAZE
2025-09-05,Shirts all @450 UPSIZE (3XL-4XL),7,JUC
2025-09-05,UST College ID Lace,15,JUC
2025-09-05,UST OAT Hoodie Jacket,1,JUC
2025-09-05,"UST OAT MUG (Y,W)",1,JUC
2025-09-05,UST OAT T-Shirt Y/B/COLLEGE,3,JUC
2025-09-05,UST T-Shirt Santo Tomas Shirt/UST T-Shirt Tiger Pattern/HAPPY,15,JUC
2025-09-05,UST T-Shirt Sporty,9,JUC
2025-09-05,Corp Jacket,1,JYL ATHLETICA
2025-09-05,Cotton Brush Jacket,1,JYL ATHLETICA
2025-09-05,Jacket,4,JYL ATHLETICA
2025-09-05,Poloshirt 123456 @860,4,JYL ATHLETICA
2025-09-05,QUIANA SUBLI SHIRT (B&Y),2,JYL ATHLETICA
2025-09-05,Baseball Cap METAL @380,1,STITCH CORP. (BLEEVES)
2025-09-05,Wearable Blanket,1,STITCH CORP. (BLEEVES)
2025-09-05,Logo Sticker @25,1,TET AND DARS
2025-09-05,Long Sticker @120,1,TET AND DARS
2025-09-05,Paper Bag BIG @130,2,TET AND DARS
2025-09-05,Pen @40,4,TET AND DARS
2025-09-05,5M Magnetic Pin,3,USTORE
2025-09-05,Button Pins Small,1,USTORE
2025-09-05,C. Keychain,2,USTORE
2025-09-05,"Chibi Stickers (S1,S2)",2,USTORE
2025-09-05,ID Case,9,USTORE
2025-09-05,Lanyard @180,21,USTORE
2025-09-05,MJ Sticker Large,1,USTORE
2025-09-05,MJ Sticker Medium,7,USTORE
2025-09-05,MJ Sticker Small,12,USTORE
2025-09-05,New Tiger Plushie Big @850,3,USTORE
2025-09-05,Notelet,1,USTORE
2025-09-05,Thomasian Kit Set,1,USTORE
2025-09-05,Tote (One For UST),1,USTORE
2025-09-05,Umb (One For UST),4,USTORE
2025-09-05,New GT Shirts,2,VARSITY LIFESTYLE
2025-09-05,Sweatshirt (NEW),1,VARSITY LIFESTYLE
2025-09-05,VL Sticker Pack,1,VARSITY LIFESTYLE
2025-09-06,Bamboo Notebook @150,1,(Paid)
2025-09-06,Corp Jacket V2,1,(Paid)
2025-09-06,White Embro,1,BLAZE
2025-09-06,Bomber Jacket,1,JUC
2025-09-06,Shirts all @450 UPSIZE (3XL-4XL),1,JUC
2025-09-06,UST College ID Lace,4,JUC
2025-09-06,UST OAT Hoodie Jacket,2,JUC
2025-09-06,UST OAT T-Shirt Y/B/COLLEGE,6,JUC
2025-09-06,UST Sweatshirt Sporty,1,JUC
2025-09-06,UST T-Shirt Santo Tomas Shirt/UST T-Shirt Tiger Pattern/HAPPY,8,JUC
2025-09-06,UST T-Shirt Sporty,3,JUC
2025-09-06,Cotton Brush Jacket,1,JYL ATHLETICA
2025-09-06,DRI-FIT NEW,2,JYL ATHLETICA
2025-09-06,Tiger Claw,1,MADEBYRUZ CONSUMER GOODS TRADING
2025-09-06,Tiger Costume,1,MADEBYRUZ CONSUMER GOODS TRADING
2025-09-06,Baseball Cap METAL @380,1,STITCH CORP. (BLEEVES)
2025-09-06,Logo Sticker @25,1,TET AND DARS
2025-09-06,Long Sticker @120,5,TET AND DARS
2025-09-06,5M Magnetic Pin,2,USTORE
2025-09-06,5M Rotating Keychain,1,USTORE
2025-09-06,Button Pins Small,7,USTORE
2025-09-06,C. Keychain,3,USTORE
2025-09-06,Eco Bag,7,USTORE
2025-09-06,ID Case,2,USTORE
2025-09-06,Lanyard @180,8,USTORE
2025-09-06,MJ Sticker Large,1,USTORE
2025-09-06,MJ Sticker Medium,4,USTORE
2025-09-06,MJ Sticker Small,6,USTORE
2025-09-06,New Tiger Plushie Big @850,1,USTORE
2025-09-06,Tote (Viva),1,USTORE
2025-09-06,Umb (One For UST),4,USTORE
2025-09-06,New GT Shirts,1,VARSITY LIFESTYLE
2025-09-06,VL Sticker Pack,2,VARSITY LIFESTYLE
2025-09-08,Ballpen 2 Designs @50 (B&Y),1,(Paid)
2025-09-08,Corp Jacket V2,1,(Paid)
2025-09-08,Triple Black Embro,1,BLAZE
2025-09-08,White Embro,1,BLAZE
2025-09-08,Shirts all @450 UPSIZE (3XL-4XL),2,JUC
2025-09-08,UST College ID Lace,6,JUC
2025-09-08,UST OAT T-Shirt Y/B/COLLEGE,3,JUC
2025-09-08,UST Sweatshirt Sporty,2,JUC
2025-09-08,UST T-Shirt Santo Tomas Shirt/UST T-Shirt Tiger Pattern/HAPPY,28,JUC
2025-09-08,UST T-Shirt Sporty,22,JUC
2025-09-08,Corp Jacket,1,JYL ATHLETICA
2025-09-08,Cotton Brush Jacket,1,JYL ATHLETICA
2025-09-08,Cotton Gray Jacket,1,JYL ATHLETICA
2025-09-08,DRI-FIT NEW,1,JYL ATHLETICA
2025-09-08,Jacket,1,JYL ATHLETICA
2025-09-08,Poloshirt 123456 @860,1,JYL ATHLETICA
2025-09-08,Poloshirt @800,1,JYL ATHLETICA
2025-09-08,QUIANA SUBLI SHIRT (B&Y),6,JYL ATHLETICA
2025-09-08,Baseball Cap METAL @380,1,STITCH CORP. (BLEEVES)
2025-09-08,Logo Sticker @25,3,TET AND DARS
2025-09-08,5M Rotating Keychain,1,USTORE
2025-09-08,C. Keychain,3,USTORE
2025-09-08,C. Sticker @120,2,USTORE
2025-09-08,ID Case,3,USTORE
2025-09-08,Lanyard @180,18,USTORE
2025-09-08,MJ Sticker Medium,6,USTORE
2025-09-08,New Tiger Plushie Big @850,2,USTORE
2025-09-08,Travel Mug,1,USTORE
2025-09-08,Umb (One For UST),157,USTORE
2025-09-08,New GT Shirts,3,VARSITY LIFESTYLE
2025-09-09,Ballpen 2 Designs @50 (B&Y),13,(Paid)
2025-09-09,Bamboo Notebook @150,40,(Paid)
2025-09-09,Corp Jacket V2,2,(Paid)
2025-09-09,White Embro,1,BLAZE
2025-09-09,Shirts all @450 UPSIZE (3XL-4XL),3,JUC
2025-09-09,UST College ID Lace,7,JUC
2025-09-09,UST OAT MUG (B),1,JUC
2025-09-09,"UST OAT MUG (Y,W)",1,JUC
2025-09-09,UST OAT T-Shirt Y/B/COLLEGE,4,JUC
2025-09-09,UST Sweatshirt Sporty,2,JUC
2025-09-09,UST T-Shirt Santo Tomas Shirt/UST T-Shirt Tiger Pattern/HAPPY,48,JUC
2025-09-09,BASE BALL SHIRT,1,JYL ATHLETICA
2025-09-09,Cotton Brush Jacket,1,JYL ATHLETICA
2025-09-09,DRI-FIT NEW,1,JYL ATHLETICA
2025-09-09,Machete v2,2,JYL ATHLETICA
2025-09-09,Poloshirt @800,4,JYL ATHLETICA
2025-09-09,QUIANA SUBLI SHIRT (B&Y),3,JYL ATHLETICA
2025-09-09,Big Car,1,MADEBYRUZ CONSUMER GOODS TRADING
2025-09-09,UST-Pen W/Box,20,NEW TRENDS
2025-09-09,Baseball Cap METAL @380,1,STITCH CORP. (BLEEVES)
2025-09-09,Logo Sticker @25,4,TET AND DARS
2025-09-09,Long Sticker @120,2,TET AND DARS
2025-09-09,Paper Bag BIG @130,1,TET AND DARS
2025-09-09,Pen @40,3,TET AND DARS
2025-09-09,5M Magnetic Pin,2,USTORE
2025-09-09,5M Rotating Keychain,2,USTORE
2025-09-09,C. Keychain,4,USTORE
2025-09-09,"Chibi Stickers (S1,S2)",1,USTORE
2025-09-09,ID Case,5,USTORE
2025-09-09,Lanyard @180,14,USTORE
2025-09-09,MJ Sticker Large,2,USTORE
2025-09-09,MJ Sticker Medium,4,USTORE
2025-09-09,MJ Sticker Small,14,USTORE
2025-09-09,New Tiger Plushie Small @750,1,USTORE
2025-09-09,Tote (One For UST),1,USTORE
2025-09-09,Tote (Viva),11,USTORE
2025-09-09,Tote Bag Canvas White,50,USTORE
2025-09-09,Umb (One For UST),5,USTORE
2025-09-09,Utensil,1,USTORE
2025-09-09,New GT Shirts,3,VARSITY LIFESTYLE
2025-09-11,Ballpen 2 Designs @50 (B&Y),8,(Paid)
2025-09-11,Bamboo Notebook @150,1,(Paid)
2025-09-11,Corp Jacket V2,2,(Paid)
2025-09-11,Kraft Notebook @130,4,(Paid)
2025-09-11,Black Embro,1,BLAZE
2025-09-11,Polo Shirt @800,1,BLAZE
2025-09-11,Triple Black Embro,3,BLAZE
2025-09-11,White Embro,2,BLAZE
2025-09-11,Shirts all @450 UPSIZE (3XL-4XL),12,JUC
2025-09-11,UST College ID Lace,21,JUC
2025-09-11,UST OAT Hoodie Jacket,5,JUC
2025-09-11,UST OAT MUG (B),1,JUC
2025-09-11,"UST OAT MUG (Y,W)",2,JUC
2025-09-11,UST OAT T-Shirt Y/B/COLLEGE,100,JUC
2025-09-11,UST Sweatshirt Sporty,2,JUC
2025-09-11,UST T-Shirt Santo Tomas Shirt/UST T-Shirt Tiger Pattern/HAPPY,185,JUC
2025-09-11,UST T-Shirt Sporty,93,JUC
2025-09-11,UST T-Shirt Sporty UPSIZE (3XL-5XL),1,JUC
2025-09-11,Corp Windbreaker,1,JYL ATHLETICA
2025-09-11,DRI-FIT NEW,7,JYL ATHLETICA
2025-09-11,Jacket,2,JYL ATHLETICA
2025-09-11,Machete v2,1,JYL ATHLETICA
2025-09-11,Poloshirt @800,5,JYL ATHLETICA
2025-09-11,QUIANA SUBLI SHIRT (B&Y),18,JYL ATHLETICA
2025-09-11,VB Jersey without Sig @1500,1,JYL ATHLETICA
2025-09-11,Tiger Headband (2 Designs),2,MADEBYRUZ CONSUMER GOODS TRADING
2025-09-11,Back pack,1,NAPOLIZ ENTERPRISES
2025-09-11,Hoodies Breaker,1,NAPOLIZ ENTERPRISES
2025-09-11,Baseball Cap METAL @380,1,STITCH CORP. (BLEEVES)
2025-09-11,Logo Sticker @25,6,TET AND DARS
2025-09-11,Pen @40,3,TET AND DARS
2025-09-11,5M Rotating Keychain,1,USTORE
2025-09-11,Aquaflask,1,USTORE
2025-09-11,Button Pins Big,20,USTORE
2025-09-11,C. Keychain,2,USTORE
2025-09-11,"Chibi Stickers (S1,S2)",5,USTORE
2025-09-11,ID Case,3,USTORE
2025-09-11,Lanyard @180,25,USTORE
2025-09-11,MJ Sticker Large,5,USTORE
2025-09-11,MJ Sticker Medium,7,USTORE
2025-09-11,MJ Sticker Small,23,USTORE
2025-09-11,New Tiger Plushie Big @850,1,USTORE
2025-09-11,Tote (One For UST),2,USTORE
2025-09-11,Tote (Viva),6,USTORE
2025-09-11,Tote Bag Canvas White,8,USTORE
2025-09-11,Umb (One For UST),8,USTORE
2025-09-11,New GT Shirts,8,VARSITY LIFESTYLE
2025-09-12,Corp Jacket V2,6,(Paid)
2025-09-12,Kraft Notebook @130,2,(Paid)
2025-09-12,ABSC College Shirt (60th),1,ARTS AND LETTERS (SHIRT HAPPENS)
2025-09-12,Black Embro,2,BLAZE
2025-09-12,Triple Black Embro,2,BLAZE
2025-09-12,White Embro,3,BLAZE
2025-09-12,Shirts all @450 UPSIZE (3XL-4XL),10,JUC
2025-09-12,Shirts all @450 UPSIZE (5XL),1,JUC
2025-09-12,UST College ID Lace,54,JUC
2025-09-12,UST OAT Hoodie Jacket,6,JUC
2025-09-12,UST OAT MUG (B),79,JUC
2025-09-12,"UST OAT MUG (Y,W)",4,JUC
2025-09-12,UST OAT T-Shirt Y/B/COLLEGE,56,JUC
2025-09-12,UST Sweatshirt Sporty,7,JUC
2025-09-12,UST T-Shirt Santo Tomas Shirt/UST T-Shirt Tiger Pattern/HAPPY,116,JUC
2025-09-12,UST T-Shirt Sporty,72,JUC
2025-09-12,BASE BALL SHIRT,1,JYL ATHLETICA
2025-09-12,Corp Windbreaker,1,JYL ATHLETICA
2025-09-12,Cotton Brush Jacket,6,JYL ATHLETICA
2025-09-12,Cotton Gray Jacket,1,JYL ATHLETICA
2025-09-12,DRI-FIT NEW,9,JYL ATHLETICA
2025-09-12,Jacket,5,JYL ATHLETICA
2025-09-12,Poloshirt @800,4,JYL ATHLETICA
2025-09-12,QUIANA SUBLI SHIRT (B&Y),12,JYL ATHLETICA
2025-09-12,Big Car,2,MADEBYRUZ CONSUMER GOODS TRADING
2025-09-12,Tiger Claw,2,MADEBYRUZ CONSUMER GOODS TRADING
2025-09-12,Tiger Headband (2 Designs),1,MADEBYRUZ CONSUMER GOODS TRADING
2025-09-12,Hoodies Breaker,1,NAPOLIZ ENTERPRISES
2025-09-12,Baseball Cap METAL @380,2,STITCH CORP. (BLEEVES)
2025-09-12,Clock @550,1,STITCH CORP. (BLEEVES)
2025-09-12,Clock @700,6,STITCH CORP. (BLEEVES)
2025-09-12,Wearable Blanket,1,STITCH CORP. (BLEEVES)
2025-09-12,Arch @320,2,TET AND DARS
2025-09-12,Logo Sticker @25,1,TET AND DARS
2025-09-12,Long Sticker @120,2,TET AND DARS
2025-09-12,Paper Bag SMALL @80,1,TET AND DARS
2025-09-12,5M Magnetic Pin,4,USTORE
2025-09-12,5M Rotating Keychain,9,USTORE
2025-09-12,Aquaflask,4,USTORE
2025-09-12,C. Keychain,20,USTORE
2025-09-12,"Chibi Stickers (S1,S2)",2,USTORE
2025-09-12,Clappers,31,USTORE
2025-09-12,Eco Bag,2,USTORE
2025-09-12,ID Case,14,USTORE
2025-09-12,Lanyard @180,47,USTORE
2025-09-12,MJ Sticker Large,5,USTORE
2025-09-12,MJ Sticker Medium,18,USTORE
2025-09-12,MJ Sticker Small,15,USTORE
2025-09-12,New Tiger Plushie Big @850,3,USTORE
2025-09-12,New Tiger Plushie Small @750,4,USTORE
2025-09-12,Powerbank,1,USTORE
2025-09-12,Tote (Viva),3,USTORE
2025-09-12,Tote Bag Canvas White,1,USTORE
2025-09-12,Umb (One For UST),16,USTORE
2025-09-12,Utensil,1,USTORE
2025-09-12,New GT Shirts,2,VARSITY LIFESTYLE
2025-09-12,VL Sticker Pack,3,VARSITY LIFESTYLE
2025-09-13,Ballpen 2 Designs @50 (B&Y),7,(Paid)
2025-09-13,Corp Jacket V2,4,(Paid)
2025-09-13,Kraft Notebook @130,1,(Paid)
2025-09-13,ABSC College Shirt (60th),1,ARTS AND LETTERS (SHIRT HAPPENS)
2025-09-13,Black Embro,3,BLAZE
2025-09-13,Shirts all @450 UPSIZE (3XL-4XL),2,JUC
2025-09-13,UST College ID Lace,4,JUC
2025-09-13,UST OAT Hoodie Jacket,5,JUC
2025-09-13,UST OAT MUG (B),1,JUC
2025-09-13,UST OAT T-Shirt Y/B/COLLEGE,4,JUC
2025-09-13,UST Sweatshirt Sporty,2,JUC
2025-09-13,UST T-Shirt Santo Tomas Shirt/UST T-Shirt Tiger Pattern/HAPPY,9,JUC
2025-09-13,UST T-Shirt Sporty,3,JUC
2025-09-13,BASE BALL SHIRT,1,JYL ATHLETICA
2025-09-13,Cotton Brush Jacket,3,JYL ATHLETICA
2025-09-13,DRI-FIT NEW,2,JYL ATHLETICA
2025-09-13,Jacket,2,JYL ATHLETICA
2025-09-13,Machete v2,1,JYL ATHLETICA
2025-09-13,Poloshirt @800,2,JYL ATHLETICA
2025-09-13,QUIANA SUBLI SHIRT (B&Y),2,JYL ATHLETICA
2025-09-13,Big Car,1,MADEBYRUZ CONSUMER GOODS TRADING
2025-09-13,Arch @320,1,TET AND DARS
2025-09-13,Long Sticker @120,1,TET AND DARS
2025-09-13,Paper Bag BIG @130,1,TET AND DARS
2025-09-13,Pen @40,3,TET AND DARS
2025-09-13,5M Magnetic Pin,3,USTORE
2025-09-13,5M Rotating Keychain,3,USTORE
2025-09-13,C. Keychain,1,USTORE
2025-09-13,"Chibi Stickers (S1,S2)",2,USTORE
2025-09-13,ID Case,1,USTORE
2025-09-13,Lanyard @180,7,USTORE
2025-09-13,MJ Sticker Medium,3,USTORE
2025-09-13,MJ Sticker Small,2,USTORE
2025-09-13,New Tiger Plushie Big @850,2,USTORE
2025-09-13,Tote (Viva),2,USTORE
2025-09-13,Umb (One For UST),4,USTORE
2025-09-13,New GT Shirts,1,VARSITY LIFESTYLE
2025-09-15,Ballpen 2 Designs @50 (B&Y),5,(Paid)
2025-09-15,Bamboo Notebook @150,2,(Paid)
2025-09-15,ABSC College Shirt (60th),4,ARTS AND LETTERS (SHIRT HAPPENS)
2025-09-15,Triple Black Embro,1,BLAZE
2025-09-15,Shirts all @450 UPSIZE (3XL-4XL),2,JUC
2025-09-15,UST College ID Lace,7,JUC
2025-09-15,"UST OAT MUG (Y,W)",50,JUC
2025-09-15,UST OAT T-Shirt Y/B/COLLEGE,17,JUC
2025-09-15,UST T-Shirt Santo Tomas Shirt/UST T-Shirt Tiger Pattern/HAPPY,31,JUC
2025-09-15,UST T-Shirt Sporty,11,JUC
2025-09-15,Cotton Black Jacket,1,JYL ATHLETICA
2025-09-15,Cotton Brush Jacket,1,JYL ATHLETICA
2025-09-15,Cotton Gray Jacket,1,JYL ATHLETICA
2025-09-15,DRI-FIT NEW,1,JYL ATHLETICA
2025-09-15,Jacket,3,JYL ATHLETICA
2025-09-15,Machete v2,2,JYL ATHLETICA
2025-09-15,Poloshirt 123456 @860,5,JYL ATHLETICA
2025-09-15,Poloshirt @800,2,JYL ATHLETICA
2025-09-15,QUIANA SUBLI SHIRT (B&Y),2,JYL ATHLETICA
2025-09-15,Hoodies Breaker,1,NAPOLIZ ENTERPRISES
2025-09-15,Baseball Cap METAL @380,1,STITCH CORP. (BLEEVES)
2025-09-15,Arch @320,1,TET AND DARS
2025-09-15,Logo Sticker @25,6,TET AND DARS
2025-09-15,Pen @40,1,TET AND DARS
2025-09-15,5M Magnetic Pin,51,USTORE
2025-09-15,5M Rotating Keychain,2,USTORE
2025-09-15,Blanca Pen,50,USTORE
2025-09-15,C. Keychain,1,USTORE
2025-09-15,C. Sticker @120,1,USTORE
2025-09-15,"Chibi Stickers (S1,S2)",1,USTORE
2025-09-15,ID Case,2,USTORE
2025-09-15,Insignia Pen,2,USTORE
2025-09-15,Lanyard @180,16,USTORE
2025-09-15,MJ Sticker Large,3,USTORE
2025-09-15,MJ Sticker Medium,1,USTORE
2025-09-15,MJ Sticker Small,4,USTORE
2025-09-15,New Tiger Plushie Big @850,6,USTORE
2025-09-15,New Tiger Plushie Small @750,5,USTORE
2025-09-15,Notelet,1,USTORE
2025-09-15,Picasso Pen,1,USTORE
2025-09-15,Tote (Viva),2,USTORE
2025-09-15,Tote Bag Canvas White,50,USTORE
2025-09-15,Umb (One For UST),5,USTORE
2025-09-15,New GT Shirts,1,VARSITY LIFESTYLE
2025-09-15,Scarves,1,VARSITY LIFESTYLE
2025-09-15,VL Sticker Pack,1,VARSITY LIFESTYLE
2025-09-16,Ballpen 2 Designs @50 (B&Y),2,(Paid)
2025-09-16,Bamboo Notebook @150,3,(Paid)
2025-09-16,Corp Jacket V2,5,(Paid)
2025-09-16,ABSC College Shirt (60th),2,ARTS AND LETTERS (SHIRT HAPPENS)
2025-09-16,Black Embro,3,BLAZE
2025-09-16,Polo Shirt @800,11,BLAZE
2025-09-16,Triple Black Embro,1,BLAZE
2025-09-16,White Embro,1,BLAZE
2025-09-16,Bomber Jacket,1,JUC
2025-09-16,Shirts all @450 UPSIZE (3XL-4XL),8,JUC
2025-09-16,UST College ID Lace,18,JUC
2025-09-16,UST OAT Hoodie Jacket,2,JUC
2025-09-16,"UST OAT MUG (Y,W)",1,JUC
2025-09-16,UST OAT T-Shirt Y/B/COLLEGE,47,JUC
2025-09-16,UST Sweatshirt Sporty,2,JUC
2025-09-16,UST T-Shirt Santo Tomas Shirt/UST T-Shirt Tiger Pattern/HAPPY,60,JUC
2025-09-16,UST T-Shirt Sporty,29,JUC
2025-09-16,BASE BALL SHIRT,2,JYL ATHLETICA
2025-09-16,Corp Jacket,1,JYL ATHLETICA
2025-09-16,DRI-FIT NEW,5,JYL ATHLETICA
2025-09-16,Machete v2,1,JYL ATHLETICA
2025-09-16,Poloshirt @800,10,JYL ATHLETICA
2025-09-16,QUIANA SUBLI SHIRT (B&Y),6,JYL ATHLETICA
2025-09-16,Tiger Claw,1,MADEBYRUZ CONSUMER GOODS TRADING
2025-09-16,Hoodies Breaker,3,NAPOLIZ ENTERPRISES
2025-09-16,Baseball Cap METAL @380,2,STITCH CORP. (BLEEVES)
2025-09-16,Wearable Blanket,2,STITCH CORP. (BLEEVES)
2025-09-16,Logo Sticker @25,4,TET AND DARS
2025-09-16,Pen @40,8,TET AND DARS
2025-09-16,5M Magnetic Pin,3,USTORE
2025-09-16,5M Rotating Keychain,1,USTORE
2025-09-16,Aquaflask,1,USTORE
2025-09-16,Blanca Pen,1,USTORE
2025-09-16,C. Keychain,3,USTORE
2025-09-16,C. Sticker @120,1,USTORE
2025-09-16,"Chibi Stickers (S1,S2)",3,USTORE
2025-09-16,Eco Bag,1,USTORE
2025-09-16,ID Case,4,USTORE
2025-09-16,Lanyard @180,28,USTORE
2025-09-16,MJ Sticker Large,3,USTORE
2025-09-16,MJ Sticker Medium,12,USTORE
2025-09-16,MJ Sticker Small,13,USTORE
2025-09-16,New Tiger Plushie Big @850,1,USTORE
2025-09-16,New Tiger Plushie Small @750,1,USTORE
2025-09-16,Pencil,1,USTORE
2025-09-16,Scarf @490,1,USTORE
2025-09-16,Thomasian Kit Set,1,USTORE
2025-09-16,Tote (One For UST),1,USTORE
2025-09-16,Tote (Viva),1,USTORE
2025-09-16,Tote Bag Canvas White,4,USTORE
2025-09-16,Umb (One For UST),9,USTORE
2025-09-16,New GT Shirts,4,VARSITY LIFESTYLE
2025-09-18,Ballpen 2 Designs @50 (B&Y),12,(Paid)
2025-09-18,Polo Shirt @800,1,BLAZE
2025-09-18,UST OAT Hoodie Jacket,1,JUC
2025-09-18,UST OAT T-Shirt Y/B/COLLEGE,1,JUC
2025-09-18,UST T-Shirt Santo Tomas Shirt/UST T-Shirt Tiger Pattern/HAPPY,7,JUC
2025-09-18,UST T-Shirt Sporty,1,JUC
2025-09-18,DRI-FIT NEW,2,JYL ATHLETICA
2025-09-18,Poloshirt @800,4,JYL ATHLETICA
2025-09-18,Big Car,1,MADEBYRUZ CONSUMER GOODS TRADING
2025-09-18,Tiger Claw,2,MADEBYRUZ CONSUMER GOODS TRADING
2025-09-18,Eco Bag,1,USTORE
2025-09-18,Tote Bag Canvas White,1,USTORE
2025-09-18,Scarves,1,VARSITY LIFESTYLE
2025-09-19,Ballpen 2 Designs @50 (B&Y),2,(Paid)
2025-09-19,Bamboo Notebook @150,1,(Paid)
2025-09-19,Corp Jacket V2,6,(Paid)
2025-09-19,ABSC College Shirt (60th),1,ARTS AND LETTERS (SHIRT HAPPENS)
2025-09-19,Black Embro,7,BLAZE
2025-09-19,Triple Black Embro,9,BLAZE
2025-09-19,White Embro,3,BLAZE
2025-09-19,Bomber Jacket,1,JUC
2025-09-19,Shirts all @450 UPSIZE (3XL-4XL),18,JUC
2025-09-19,Shirts all @450 UPSIZE (5XL),3,JUC
2025-09-19,UST College ID Lace,18,JUC
2025-09-19,UST OAT Hoodie Jacket,2,JUC
2025-09-19,UST OAT MUG (B),3,JUC
2025-09-19,"UST OAT MUG (Y,W)",1,JUC
2025-09-19,UST OAT T-Shirt Y/B/COLLEGE,73,JUC
2025-09-19,UST T-Shirt Santo Tomas Shirt/UST T-Shirt Tiger Pattern/HAPPY,151,JUC
2025-09-19,UST T-Shirt Sporty,86,JUC
2025-09-19,BASE BALL SHIRT,2,JYL ATHLETICA
2025-09-19,Cotton Brush Jacket,1,JYL ATHLETICA
2025-09-19,DRI-FIT NEW,13,JYL ATHLETICA
2025-09-19,Jacket,2,JYL ATHLETICA
2025-09-19,Machete v2,1,JYL ATHLETICA
2025-09-19,Poloshirt 123456 @860,1,JYL ATHLETICA
2025-09-19,Poloshirt @800,1,JYL ATHLETICA
2025-09-19,QUIANA SUBLI SHIRT (B&Y),10,JYL ATHLETICA
2025-09-19,Taslan NEW,1,JYL ATHLETICA
2025-09-19,Small Mystery Car,1,MADEBYRUZ CONSUMER GOODS TRADING
2025-09-19,Tiger Claw,3,MADEBYRUZ CONSUMER GOODS TRADING
2025-09-19,Tiger Headband (2 Designs),6,MADEBYRUZ CONSUMER GOODS TRADING
2025-09-19,Hoodies Breaker,5,NAPOLIZ ENTERPRISES
2025-09-19,Baseball Cap METAL @380,3,STITCH CORP. (BLEEVES)
2025-09-19,Wearable Blanket,1,STITCH CORP. (BLEEVES)
2025-09-19,Arch @320,1,TET AND DARS
2025-09-19,Logo Sticker @25,1,TET AND DARS
2025-09-19,"Go USTE (W,Y,B) @450",15,THREADMARKED
2025-09-19,"Hoodie UST embro (C,G,Y,B) @1800",3,THREADMARKED
2025-09-19,Two-toned windbreaker @1700,6,THREADMARKED
2025-09-19,5M Magnetic Pin,3,USTORE
2025-09-19,5M Rotating Keychain,2,USTORE
2025-09-19,Aquaflask,3,USTORE
2025-09-19,Button Pins Big,1,USTORE
2025-09-19,C. Keychain,1,USTORE
2025-09-19,"Chibi Stickers (S1,S2)",1,USTORE
2025-09-19,Clappers,8,USTORE
2025-09-19,Eco Bag,14,USTORE
2025-09-19,ID Case,10,USTORE
2025-09-19,Lanyard @180,44,USTORE
2025-09-19,MJ Sticker Large,5,USTORE
2025-09-19,MJ Sticker Medium,13,USTORE
2025-09-19,MJ Sticker Small,3,USTORE
2025-09-19,New Tiger Plushie Big @850,4,USTORE
2025-09-19,New Tiger Plushie Small @750,3,USTORE
2025-09-19,Thomasian Kit Set,15,USTORE
2025-09-19,Tote (One For UST),1,USTORE
2025-09-19,Tote (Viva),5,USTORE
2025-09-19,Travel Mug,5,USTORE
2025-09-19,Umb (One For UST),2,USTORE
2025-09-19,New GT Shirts,7,VARSITY LIFESTYLE
2025-09-19,Sweatshirt (NEW),1,VARSITY LIFESTYLE
2025-09-19,VL Sticker Pack,1,VARSITY LIFESTYLE
2025-09-20,Ballpen 2 Designs @50 (B&Y),7,(Paid)
2025-09-20,Corp Jacket V2,7,(Paid)
2025-09-20,Kraft Notebook @130,1,(Paid)
2025-09-20,ABSC College Shirt (60th),1,ARTS AND LETTERS (SHIRT HAPPENS)
2025-09-20,Black Embro,3,BLAZE
2025-09-20,Triple Black Embro,1,BLAZE
2025-09-20,White Embro,3,BLAZE
2025-09-20,Shirts all @450 UPSIZE (3XL-4XL),4,JUC
2025-09-20,UST College ID Lace,24,JUC
2025-09-20,UST OAT Hoodie Jacket,2,JUC
2025-09-20,UST OAT MUG (B),3,JUC
2025-09-20,"UST OAT MUG (Y,W)",4,JUC
2025-09-20,UST OAT T-Shirt Y/B/COLLEGE,9,JUC
2025-09-20,UST Sweatshirt Sporty,1,JUC
2025-09-20,UST T-Shirt Santo Tomas Shirt/UST T-Shirt Tiger Pattern/HAPPY,46,JUC
2025-09-20,UST T-Shirt Sporty,8,JUC
2025-09-20,Corp Jacket,1,JYL ATHLETICA
2025-09-20,Cotton Brush Jacket,5,JYL ATHLETICA
2025-09-20,DRI-FIT NEW,1,JYL ATHLETICA
2025-09-20,Machete v2,1,JYL ATHLETICA
2025-09-20,Poloshirt @800,2,JYL ATHLETICA
2025-09-20,QUIANA SUBLI SHIRT (B&Y),6,JYL ATHLETICA
2025-09-20,Tiger Claw,2,MADEBYRUZ CONSUMER GOODS TRADING
2025-09-20,Tiger Costume,1,MADEBYRUZ CONSUMER GOODS TRADING
2025-09-20,Tiger Headband (2 Designs),1,MADEBYRUZ CONSUMER GOODS TRADING
2025-09-20,Hoodies Breaker,3,NAPOLIZ ENTERPRISES
2025-09-20,UST-Pen W/Box,1,NEW TRENDS
2025-09-20,Baseball Cap METAL @380,1,STITCH CORP. (BLEEVES)
2025-09-20,Arch @320,1,TET AND DARS
2025-09-20,Logo Sticker @25,13,TET AND DARS
2025-09-20,"Go USTE (W,Y,B) @450",2,THREADMARKED
2025-09-20,Two-toned windbreaker @1700,4,THREADMARKED
2025-09-20,5M Magnetic Pin,3,USTORE
2025-09-20,Blanca Pen,1,USTORE
2025-09-20,C. Keychain,2,USTORE
2025-09-20,"Chibi Stickers (S1,S2)",3,USTORE
2025-09-20,Clappers,13,USTORE
2025-09-20,ID Case,3,USTORE
2025-09-20,Insignia Pen,1,USTORE
2025-09-20,Lanyard @180,21,USTORE
2025-09-20,MJ Sticker Large,3,USTORE
2025-09-20,MJ Sticker Medium,5,USTORE
2025-09-20,MJ Sticker Small,12,USTORE
2025-09-20,New Tiger Plushie Big @850,1,USTORE
2025-09-20,New Tiger Plushie Small @750,1,USTORE
2025-09-20,Tote (One For UST),3,USTORE
2025-09-20,Tote (Viva),1,USTORE
2025-09-20,Umb (One For UST),3,USTORE
2025-09-20,Utensil,1,USTORE
2025-09-20,Sweatshirt (NEW),1,VARSITY LIFESTYLE
2025-09-20,VL Sticker Pack,1,VARSITY LIFESTYLE
2025-09-21,Ballpen 2 Designs @50 (B&Y),4,(Paid)
2025-09-21,Corp Jacket V2,4,(Paid)
2025-09-21,ABSC College Shirt (60th),2,ARTS AND LETTERS (SHIRT HAPPENS)
2025-09-21,Black Embro,3,BLAZE
2025-09-21,Triple Black Embro,2,BLAZE
2025-09-21,Shirts all @450 UPSIZE (3XL-4XL),4,JUC
2025-09-21,Shirts all @450 UPSIZE (5XL),1,JUC
2025-09-21,UST College ID Lace,14,JUC
2025-09-21,UST OAT Hoodie Jacket,2,JUC
2025-09-21,UST OAT MUG (B),3,JUC
2025-09-21,"UST OAT MUG (Y,W)",3,JUC
2025-09-21,UST OAT T-Shirt Y/B/COLLEGE,14,JUC
2025-09-21,UST Sweatshirt Sporty,1,JUC
2025-09-21,UST T-Shirt Santo Tomas Shirt/UST T-Shirt Tiger Pattern/HAPPY,47,JUC
2025-09-21,UST T-Shirt Sporty,4,JUC
2025-09-21,Cotton Black Jacket,1,JYL ATHLETICA
2025-09-21,Cotton Brush Jacket,3,JYL ATHLETICA
2025-09-21,Cotton Gray Jacket,4,JYL ATHLETICA
2025-09-21,DRI-FIT NEW,3,JYL ATHLETICA
2025-09-21,Jacket,2,JYL ATHLETICA
2025-09-21,QUIANA SUBLI SHIRT (B&Y),6,JYL ATHLETICA
2025-09-21,Taslan NEW,1,JYL ATHLETICA
2025-09-21,VB Jersey without Sig @1500,1,JYL ATHLETICA
2025-09-21,Tiger Claw,4,MADEBYRUZ CONSUMER GOODS TRADING
2025-09-21,Tiger Headband (2 Designs),6,MADEBYRUZ CONSUMER GOODS TRADING
2025-09-21,Hoodies Breaker,1,NAPOLIZ ENTERPRISES
2025-09-21,Wearable Blanket,1,STITCH CORP. (BLEEVES)
2025-09-21,Logo Sticker @25,1,TET AND DARS
2025-09-21,Long Sticker @120,2,TET AND DARS
2025-09-21,"Go USTE (W,Y,B) @450",6,THREADMARKED
2025-09-21,"Hoodie UST embro (C,G,Y,B) @1800",7,THREADMARKED
2025-09-21,"Oversized shirt (C,B) @650",2,THREADMARKED
2025-09-21,Two-toned windbreaker @1700,7,THREADMARKED
2025-09-21,5M Magnetic Pin,2,USTORE
2025-09-21,5M Rotating Keychain,4,USTORE
2025-09-21,Aquaflask,3,USTORE
2025-09-21,C. Keychain,3,USTORE
2025-09-21,C. Sticker @120,1,USTORE
2025-09-21,"Chibi Stickers (S1,S2)",3,USTORE
2025-09-21,Clappers,12,USTORE
2025-09-21,ID Case,1,USTORE
2025-09-21,Lanyard @180,13,USTORE
2025-09-21,MJ Sticker Large,5,USTORE
2025-09-21,MJ Sticker Medium,10,USTORE
2025-09-21,MJ Sticker Small,12,USTORE
2025-09-21,Scarf @490,3,USTORE
2025-09-21,Stainless Eco Tumbler,1,USTORE
2025-09-21,Tote (One For UST),3,USTORE
2025-09-21,Tote (Viva),3,USTORE
2025-09-21,Umb (One For UST),5,USTORE
2025-09-21,Utensil,1,USTORE
2025-09-21,Scarves,1,VARSITY LIFESTYLE
2025-09-21,VL Sticker Pack,2,VARSITY LIFESTYLE
2025-09-24,Ballpen 2 Designs @50 (B&Y),6,(Paid)
2025-09-24,Corp Jacket V2,7,(Paid)
2025-09-24,Polo Shirt @800,1,BLAZE
2025-09-24,Triple Black Embro,2,BLAZE
2025-09-24,White Embro,1,BLAZE
2025-09-24,Shirts all @450 UPSIZE (3XL-4XL),2,JUC
2025-09-24,UST College ID Lace,15,JUC
2025-09-24,UST OAT MUG (B),3,JUC
2025-09-24,"UST OAT MUG (Y,W)",1,JUC
2025-09-24,UST OAT T-Shirt Y/B/COLLEGE,16,JUC
2025-09-24,UST Sweatshirt Sporty,3,JUC
2025-09-24,UST T-Shirt Santo Tomas Shirt/UST T-Shirt Tiger Pattern/HAPPY,15,JUC
2025-09-24,UST T-Shirt Sporty,11,JUC
2025-09-24,Cotton Brush Jacket,3,JYL ATHLETICA
2025-09-24,DRI-FIT NEW,1,JYL ATHLETICA
2025-09-24,QUIANA SUBLI SHIRT (B&Y),3,JYL ATHLETICA
2025-09-24,Small Mystery Car,1,MADEBYRUZ CONSUMER GOODS TRADING
2025-09-24,UST-Pen W/Box,16,NEW TRENDS
2025-09-24,Wearable Blanket,1,STITCH CORP. (BLEEVES)
2025-09-24,Arch @320,1,TET AND DARS
2025-09-24,Logo Sticker @25,1,TET AND DARS
2025-09-24,Pen @40,2,TET AND DARS
2025-09-24,"Go USTE (W,Y,B) @450",2,THREADMARKED
2025-09-24,"Hoodie UST embro (C,G,Y,B) @1800",2,THREADMARKED
2025-09-24,5M Magnetic Pin,1,USTORE
2025-09-24,5M Rotating Keychain,3,USTORE
2025-09-24,Aquaflask,6,USTORE
2025-09-24,Button Pins Big,1,USTORE
2025-09-24,Button Pins Small,2,USTORE
2025-09-24,C. Keychain,2,USTORE
2025-09-24,"Chibi Stickers (S1,S2)",1,USTORE
2025-09-24,Clappers,1,USTORE
2025-09-24,Eco Bag,40,USTORE
2025-09-24,Lanyard @180,15,USTORE
2025-09-24,MJ Sticker Large,2,USTORE
2025-09-24,MJ Sticker Medium,4,USTORE
2025-09-24,Notelet,1,USTORE
2025-09-24,Tote (Viva),27,USTORE
2025-09-24,Tote Bag Canvas White,2,USTORE
2025-09-24,Travel Mug,29,USTORE
2025-09-24,Umb (One For UST),13,USTORE
2025-09-24,New GT Shirts,3,VARSITY LIFESTYLE
2025-09-24,VL Sticker Pack,2,VARSITY LIFESTYLE
2025-09-25,Ballpen 2 Designs @50 (B&Y),2,(Paid)
2025-09-25,Bamboo Notebook @150,3,(Paid)
2025-09-25,Bamboo Pen @60,1,(Paid)
2025-09-25,Corp Jacket V2,6,(Paid)
2025-09-25,Shirts all @450 UPSIZE (3XL-4XL),3,JUC
2025-09-25,UST College ID Lace,12,JUC
2025-09-25,UST OAT Hoodie Jacket,2,JUC
2025-09-25,UST OAT MUG (B),2,JUC
2025-09-25,"UST OAT MUG (Y,W)",2,JUC
2025-09-25,UST OAT T-Shirt Y/B/COLLEGE,14,JUC
2025-09-25,UST Sweatshirt Sporty,1,JUC
2025-09-25,UST T-Shirt Santo Tomas Shirt/UST T-Shirt Tiger Pattern/HAPPY,16,JUC
2025-09-25,BASE BALL SHIRT,1,JYL ATHLETICA
2025-09-25,Corp Jacket,1,JYL ATHLETICA
2025-09-25,Cotton Black Jacket,1,JYL ATHLETICA
2025-09-25,Cotton Brush Jacket,4,JYL ATHLETICA
2025-09-25,Cotton Gray Jacket,2,JYL ATHLETICA
2025-09-25,DRI-FIT NEW,1,JYL ATHLETICA
2025-09-25,Machete v2,2,JYL ATHLETICA
2025-09-25,Poloshirt @800,3,JYL ATHLETICA
2025-09-25,QUIANA SUBLI SHIRT (B&Y),6,JYL ATHLETICA
2025-09-25,Tiger Claw,1,MADEBYRUZ CONSUMER GOODS TRADING
2025-09-25,Tiger Headband (2 Designs),2,MADEBYRUZ CONSUMER GOODS TRADING
2025-09-25,Hoodies Breaker,3,NAPOLIZ ENTERPRISES
2025-09-25,Baseball Cap METAL @380,1,STITCH CORP. (BLEEVES)
2025-09-25,Arch @320,2,TET AND DARS
2025-09-25,Logo Sticker @25,2,TET AND DARS
2025-09-25,"Go USTE (W,Y,B) @450",5,THREADMARKED
2025-09-25,"Hoodie UST embro (C,G,Y,B) @1800",5,THREADMARKED
2025-09-25,"Oversized shirt (C,B) @650",3,THREADMARKED
2025-09-25,Two-toned windbreaker @1700,3,THREADMARKED
2025-09-25,5M Magnetic Pin,1,USTORE
2025-09-25,5M Rotating Keychain,1,USTORE
2025-09-25,Aquaflask,13,USTORE
2025-09-25,Button Pins Big,1,USTORE
2025-09-25,Button Pins Small,2,USTORE
2025-09-25,"Chibi Stickers (S1,S2)",3,USTORE
2025-09-25,Clappers,1,USTORE
2025-09-25,Eco Bag,13,USTORE
2025-09-25,ID Case,3,USTORE
2025-09-25,Lanyard @180,29,USTORE
2025-09-25,MJ Sticker Large,5,USTORE
2025-09-25,MJ Sticker Medium,8,USTORE
2025-09-25,MJ Sticker Small,7,USTORE
2025-09-25,New Tiger Plushie Big @850,4,USTORE
2025-09-25,New Tiger Plushie Small @750,3,USTORE
2025-09-25,Scarf @490,1,USTORE
2025-09-25,Stainless Eco Tumbler,1,USTORE
2025-09-25,Tote (Viva),5,USTORE
2025-09-25,Umb (One For UST),4,USTORE
2025-09-25,New GT Shirts,1,VARSITY LIFESTYLE
2025-09-25,VL Sticker Pack,1,VARSITY LIFESTYLE
2025-09-29,Ballpen 2 Designs @50 (B&Y),2,(Paid)
2025-09-29,Corp Jacket V2,4,(Paid)
2025-09-29,Woven Tote Bag (SMALL),1,"ASSOCIATION FOR THE EDUCATIONAL ASSISTANCE OF POOR SEMINARIANS, INC."
2025-09-29,White Embro,1,BLAZE
2025-09-29,Shirts all @450 UPSIZE (3XL-4XL),1,JUC
2025-09-29,UST College ID Lace,20,JUC
2025-09-29,UST OAT Hoodie Jacket,1,JUC
2025-09-29,UST OAT T-Shirt Y/B/COLLEGE,11,JUC
2025-09-29,UST T-Shirt Santo Tomas Shirt/UST T-Shirt Tiger Pattern/HAPPY,23,JUC
2025-09-29,UST T-Shirt Sporty,1,JUC
2025-09-29,BASE BALL SHIRT,1,JYL ATHLETICA
2025-09-29,Corp Windbreaker,1,JYL ATHLETICA
2025-09-29,Cotton Black Jacket,1,JYL ATHLETICA
2025-09-29,Cotton Brush Jacket,3,JYL ATHLETICA
2025-09-29,DRI-FIT NEW,1,JYL ATHLETICA
2025-09-29,Jacket,1,JYL ATHLETICA
2025-09-29,Machete v2,1,JYL ATHLETICA
2025-09-29,Poloshirt @800,1,JYL ATHLETICA
2025-09-29,QUIANA SUBLI SHIRT (B&Y),1,JYL ATHLETICA
2025-09-29,Big Car,2,MADEBYRUZ CONSUMER GOODS TRADING
2025-09-29,Tiger Claw Keychain @375,1,MADEBYRUZ CONSUMER GOODS TRADING
2025-09-29,Tiger Costume,1,MADEBYRUZ CONSUMER GOODS TRADING
2025-09-29,Hoodies Breaker,2,NAPOLIZ ENTERPRISES
2025-09-29,Tiger w/ Box,1,STITCH CORP. (BLEEVES)
2025-09-29,Wearable Blanket,1,STITCH CORP. (BLEEVES)
2025-09-29,Arch @320,3,TET AND DARS
2025-09-29,Logo Sticker @25,1,TET AND DARS
2025-09-29,Paper Bag BIG @130,1,TET AND DARS
2025-09-29,Pen @40,4,TET AND DARS
2025-09-29,"Go USTE (W,Y,B) @450",3,THREADMARKED
2025-09-29,"Hoodie UST embro (C,G,Y,B) @1800",2,THREADMARKED
2025-09-29,"Oversized shirt (C,B) @650",4,THREADMARKED
2025-09-29,Two-toned windbreaker @1700,1,THREADMARKED
2025-09-29,5M Magnetic Pin,3,USTORE
2025-09-29,5M Rotating Keychain,4,USTORE
2025-09-29,C. Keychain,6,USTORE
2025-09-29,"Chibi Stickers (S1,S2)",2,USTORE
2025-09-29,Eco Bag,2,USTORE
2025-09-29,ID Case,4,USTORE
2025-09-29,Lanyard @180,21,USTORE
2025-09-29,MJ Sticker Large,4,USTORE
2025-09-29,MJ Sticker Medium,2,USTORE
2025-09-29,MJ Sticker Small,19,USTORE
2025-09-29,New Tiger Plushie Big @850,1,USTORE
2025-09-29,Scarf @490,1,USTORE
2025-09-29,Thick Lanyard,3,USTORE
2025-09-29,Thomasian Kit Set,2,USTORE
2025-09-29,Umb (One For UST),16,USTORE
2025-09-29,New GT Shirts,1,VARSITY LIFESTYLE
2025-09-29,VL Sticker Pack,1,VARSITY LIFESTYLE
2025-09-30,Ballpen 2 Designs @50 (B&Y),2,(Paid)
2025-09-30,Bamboo Notebook @150,3,(Paid)
2025-09-30,Bamboo Pen @60,1,(Paid)
2025-09-30,Corp Jacket V2,4,(Paid)
2025-09-30,Kraft Notebook @130,25,(Paid)
2025-09-30,Woven Tote Bag (SMALL),1,"ASSOCIATION FOR THE EDUCATIONAL ASSISTANCE OF POOR SEMINARIANS, INC."
2025-09-30,Polo Shirt @800,2,BLAZE
2025-09-30,Triple Black Embro,3,BLAZE
2025-09-30,Bomber Jacket,1,JUC
2025-09-30,Shirts all @450 UPSIZE (3XL-4XL),3,JUC
2025-09-30,Shirts all @450 UPSIZE (5XL),1,JUC
2025-09-30,UST College ID Lace,53,JUC
2025-09-30,UST OAT Hoodie Jacket,3,JUC
2025-09-30,UST OAT MUG (B),1,JUC
2025-09-30,"UST OAT MUG (Y,W)",1,JUC
2025-09-30,UST OAT T-Shirt Y/B/COLLEGE,23,JUC
2025-09-30,UST Sweatshirt Sporty,7,JUC
2025-09-30,UST T-Shirt Santo Tomas Shirt/UST T-Shirt Tiger Pattern/HAPPY,35,JUC
2025-09-30,UST T-Shirt Sporty,6,JUC
2025-09-30,BASE BALL SHIRT,1,JYL ATHLETICA
2025-09-30,Corp Windbreaker,3,JYL ATHLETICA
2025-09-30,Cotton Brush Jacket,1,JYL ATHLETICA
2025-09-30,DRI-FIT NEW,5,JYL ATHLETICA
2025-09-30,Jacket,3,JYL ATHLETICA
2025-09-30,Machete v2,4,JYL ATHLETICA
2025-09-30,Poloshirt @800,16,JYL ATHLETICA
2025-09-30,QUIANA SUBLI SHIRT (B&Y),7,JYL ATHLETICA
2025-09-30,Tiger Claw,1,MADEBYRUZ CONSUMER GOODS TRADING
2025-09-30,Tiger Claw Keychain @375,4,MADEBYRUZ CONSUMER GOODS TRADING
2025-09-30,Tiger Headband (2 Designs),1,MADEBYRUZ CONSUMER GOODS TRADING
2025-09-30,Hoodies Breaker,4,NAPOLIZ ENTERPRISES
2025-09-30,UST-Pen W/Box,5,NEW TRENDS
2025-09-30,Baseball Cap METAL @380,10,STITCH CORP. (BLEEVES)
2025-09-30,Wearable Blanket,1,STITCH CORP. (BLEEVES)
2025-09-30,Arch @320,1,TET AND DARS
2025-09-30,Logo Sticker @25,7,TET AND DARS
2025-09-30,Long Sticker @120,3,TET AND DARS
2025-09-30,"Go USTE (W,Y,B) @450",9,THREADMARKED
2025-09-30,"Hoodie UST embro (C,G,Y,B) @1800",13,THREADMARKED
2025-09-30,"Oversized shirt (C,B) @650",1,THREADMARKED
2025-09-30,Two-toned windbreaker @1700,2,THREADMARKED
2025-09-30,5M Magnetic Pin,3,USTORE
2025-09-30,5M Rotating Keychain,15,USTORE
2025-09-30,Aquaflask,16,USTORE
2025-09-30,C. Keychain,1,USTORE
2025-09-30,C. Sticker @120,1,USTORE
2025-09-30,Eco Bag,66,USTORE
2025-09-30,ID Case,3,USTORE
2025-09-30,ID Case v2,31,USTORE
2025-09-30,Lanyard @180,41,USTORE
2025-09-30,MJ Sticker Large,1,USTORE
2025-09-30,MJ Sticker Medium,1,USTORE
2025-09-30,MJ Sticker Small,1,USTORE
2025-09-30,Scarf @490,2,USTORE
2025-09-30,Tote (One For UST),4,USTORE
2025-09-30,Tote (Viva),1,USTORE
2025-09-30,Umb (One For UST),9,USTORE
2025-09-30,Utensil,2,USTORE
2025-09-30,New GT Shirts,5,VARSITY LIFESTYLE
2025-10-01,Ballpen 2 Designs @50 (B&Y),6,(Paid)
2025-10-01,Bamboo Pen @60,1,(Paid)
2025-10-01,Corp Jacket V2,7,(Paid)
2025-10-01,Black Embro,2,BLAZE
2025-10-01,Polo Shirt @800,1,BLAZE
2025-10-01,Triple Black Embro,2,BLAZE
2025-10-01,Shirts all @450 UPSIZE (3XL-4XL),2,JUC
2025-10-01,UST College ID Lace,27,JUC
2025-10-01,UST OAT Hoodie Jacket,5,JUC
2025-10-01,UST OAT MUG (B),1,JUC
2025-10-01,UST OAT T-Shirt Y/B/COLLEGE,19,JUC
2025-10-01,UST Sweatshirt Sporty,1,JUC
2025-10-01,UST T-Shirt Santo Tomas Shirt/UST T-Shirt Tiger Pattern/HAPPY,28,JUC
2025-10-01,UST T-Shirt Sporty,14,JUC
2025-10-01,Corp Jacket,2,JYL ATHLETICA
2025-10-01,Cotton Black Jacket,2,JYL ATHLETICA
2025-10-01,Cotton Brush Jacket,2,JYL ATHLETICA
2025-10-01,Cotton Gray Jacket,4,JYL ATHLETICA
2025-10-01,DRI-FIT NEW,5,JYL ATHLETICA
2025-10-01,Jacket,1,JYL ATHLETICA
2025-10-01,Poloshirt 123456 @860,1,JYL ATHLETICA
2025-10-01,Poloshirt @800,4,JYL ATHLETICA
2025-10-01,QUIANA SUBLI SHIRT (B&Y),2,JYL ATHLETICA
2025-10-01,Small Mystery Car,3,MADEBYRUZ CONSUMER GOODS TRADING
2025-10-01,Tiger Claw,1,MADEBYRUZ CONSUMER GOODS TRADING
2025-10-01,Tiger Claw Keychain @375,4,MADEBYRUZ CONSUMER GOODS TRADING
2025-10-01,Tiger Costume,1,MADEBYRUZ CONSUMER GOODS TRADING
2025-10-01,Back pack,1,NAPOLIZ ENTERPRISES
2025-10-01,Hoodies Breaker,4,NAPOLIZ ENTERPRISES
2025-10-01,Baseball Cap METAL @380,2,STITCH CORP. (BLEEVES)
2025-10-01,Tiger w/ Box,2,STITCH CORP. (BLEEVES)
2025-10-01,Arch @320,1,TET AND DARS
2025-10-01,Logo Sticker @25,5,TET AND DARS
2025-10-01,Long Sticker @120,1,TET AND DARS
2025-10-01,Pen @40,2,TET AND DARS
2025-10-01,"Go USTE (W,Y,B) @450",3,THREADMARKED (CONSIGNMENT)
2025-10-01,"Oversized shirt (V,B) @650",8,THREADMARKED (CONSIGNMENT)
2025-10-01,"Hoodie UST embro (V,G,Y,B) @1800",5,THREADMARKED (PAID)
2025-10-01,Two-toned windbreaker @1700,2,THREADMARKED (PAID)
2025-10-01,5M Magnetic Pin,2,USTORE
2025-10-01,5M Rotating Keychain,2,USTORE
2025-10-01,Aquaflask,1,USTORE
2025-10-01,C. Keychain,6,USTORE
2025-10-01,Clappers,12,USTORE
2025-10-01,Discounted Yellow Lanyard @80,11,USTORE
2025-10-01,ID Case @20,2,USTORE
2025-10-01,ID Case v2 @40,10,USTORE
2025-10-01,Lanyard @180,49,USTORE
2025-10-01,MJ Sticker Large,4,USTORE
2025-10-01,MJ Sticker Medium,11,USTORE
2025-10-01,MJ Sticker Small,24,USTORE
2025-10-01,Scarf @490,1,USTORE
2025-10-01,Tote (One For UST),3,USTORE
2025-10-01,Tote (Viva),5,USTORE
2025-10-01,Travel Mug,2,USTORE
2025-10-01,Umb (One For UST),10,USTORE
2025-10-01,Yellow Notebook,1,USTORE
2025-10-01,New GT Shirts,1,VARSITY LIFESTYLE
2025-10-01,Scarves,1,VARSITY LIFESTYLE
2025-10-01,VL Sticker Pack,2,VARSITY LIFESTYLE
2025-10-02,Ballpen 2 Designs @50 (B&Y),8,(Paid)
2025-10-02,Corp Jacket V2,1,(Paid)
2025-10-02,Kraft Notebook @130,10,(Paid)
2025-10-02,ABSC College Shirt (60th),1,ARTS AND LETTERS (SHIRT HAPPENS)
2025-10-02,Shirts all @450 UPSIZE (3XL-4XL),2,JUC
2025-10-02,UST College ID Lace,11,JUC
2025-10-02,UST OAT Hoodie Jacket,1,JUC
2025-10-02,"UST OAT MUG (Y,W)",3,JUC
2025-10-02,UST OAT T-Shirt Y/B/COLLEGE,3,JUC
2025-10-02,UST Sweatshirt Sporty,1,JUC
2025-10-02,UST T-Shirt Santo Tomas Shirt/UST T-Shirt Tiger Pattern/HAPPY,12,JUC
2025-10-02,UST T-Shirt Sporty,4,JUC
2025-10-02,Corp Jacket,1,JYL ATHLETICA
2025-10-02,Cotton Brush Jacket,2,JYL ATHLETICA
2025-10-02,Poloshirt @800,1,JYL ATHLETICA
2025-10-02,QUIANA SUBLI SHIRT (B&Y),2,JYL ATHLETICA
2025-10-02,Big Car,1,MADEBYRUZ CONSUMER GOODS TRADING
2025-10-02,Tiger Claw,1,MADEBYRUZ CONSUMER GOODS TRADING
2025-10-02,Tiger Claw Keychain @375,7,MADEBYRUZ CONSUMER GOODS TRADING
2025-10-02,UST-Pen W/Box,6,NEW TRENDS
2025-10-02,Baseball Cap METAL @380,1,STITCH CORP. (BLEEVES)
2025-10-02,Tiger w/ Box,3,STITCH CORP. (BLEEVES)
2025-10-02,Wearable Blanket,1,STITCH CORP. (BLEEVES)
2025-10-02,Arch @320,4,TET AND DARS
2025-10-02,Logo Sticker @25,3,TET AND DARS
2025-10-02,Long Sticker @120,1,TET AND DARS
2025-10-02,Pen @40,2,TET AND DARS
2025-10-02,"Oversized shirt (V,B) @650",3,THREADMARKED (CONSIGNMENT)
2025-10-02,"Hoodie UST embro (V,G,Y,B) @1800",2,THREADMARKED (PAID)
2025-10-02,Two-toned windbreaker @1700,1,THREADMARKED (PAID)
2025-10-02,5M Magnetic Pin,1,USTORE
2025-10-02,5M Rotating Keychain,5,USTORE
2025-10-02,Aquaflask,10,USTORE
2025-10-02,Button Pins Big,1,USTORE
2025-10-02,C. Keychain,3,USTORE
2025-10-02,"Chibi Stickers (S1,S2)",1,USTORE
2025-10-02,Eco Bag,15,USTORE
2025-10-02,ID Case v2 @40,3,USTORE
2025-10-02,Insignia Pen,10,USTORE
2025-10-02,Lanyard @180,17,USTORE
2025-10-02,MJ Sticker Large,2,USTORE
2025-10-02,MJ Sticker Medium,4,USTORE
2025-10-02,MJ Sticker Small,6,USTORE
2025-10-02,New Tiger Plushie Big @850,2,USTORE
2025-10-02,New Tiger Plushie Small @750,1,USTORE
2025-10-02,Pencil,10,USTORE
2025-10-02,Tote (Viva),1,USTORE
2025-10-02,Travel Mug,14,USTORE
2025-10-02,Umb (One For UST),10,USTORE
2025-10-02,VL Sticker Pack,2,VARSITY LIFESTYLE
2025-10-03,Ballpen 2 Designs @50 (B&Y),6,(Paid)
2025-10-03,Corp Jacket V2,5,(Paid)
2025-10-03,ABSC College Shirt (60th),1,ARTS AND LETTERS (SHIRT HAPPENS)
2025-10-03,Black Embro,1,BLAZE
2025-10-03,Shirts all @450 UPSIZE (3XL-4XL),2,JUC
2025-10-03,UST College ID Lace,16,JUC
2025-10-03,UST OAT Hoodie Jacket,3,JUC
2025-10-03,UST OAT MUG (B),1,JUC
2025-10-03,"UST OAT MUG (Y,W)",1,JUC
2025-10-03,UST OAT T-Shirt Y/B/COLLEGE,9,JUC
2025-10-03,UST T-Shirt Santo Tomas Shirt/UST T-Shirt Tiger Pattern/HAPPY,20,JUC
2025-10-03,UST T-Shirt Sporty,9,JUC
2025-10-03,Cotton Brush Jacket,3,JYL ATHLETICA
2025-10-03,Cotton Gray Jacket,1,JYL ATHLETICA
2025-10-03,DRI-FIT NEW,2,JYL ATHLETICA
2025-10-03,Jacket,1,JYL ATHLETICA
2025-10-03,Machete v2,1,JYL ATHLETICA
2025-10-03,Poloshirt 123456 @860,1,JYL ATHLETICA
2025-10-03,Poloshirt @800,6,JYL ATHLETICA
2025-10-03,QUIANA SUBLI SHIRT (B&Y),3,JYL ATHLETICA
2025-10-03,Tiger Claw Keychain @375,33,MADEBYRUZ CONSUMER GOODS TRADING
2025-10-03,Back pack,1,NAPOLIZ ENTERPRISES
2025-10-03,Hoodies Breaker,3,NAPOLIZ ENTERPRISES
2025-10-03,Logo Sticker @25,3,TET AND DARS
2025-10-03,"Go USTE (W,Y,B) @450",4,THREADMARKED (CONSIGNMENT)
2025-10-03,"Hoodie UST embro (V,G,Y,B) @1800",6,THREADMARKED (PAID)
2025-10-03,5M Magnetic Pin,1,USTORE
2025-10-03,5M Rotating Keychain,2,USTORE
2025-10-03,Button Pins Small,3,USTORE
2025-10-03,C. Keychain,5,USTORE
2025-10-03,Clappers,2,USTORE
2025-10-03,Discounted Yellow Lanyard @80,2,USTORE
2025-10-03,ID Case v2 @40,7,USTORE
2025-10-03,Lanyard @180,45,USTORE
2025-10-03,MJ Sticker Medium,1,USTORE
2025-10-03,MJ Sticker Small,3,USTORE
2025-10-03,New Tiger Plushie Big @850,1,USTORE
2025-10-03,Travel Mug,11,USTORE
2025-10-03,Umb (One For UST),11,USTORE
2025-10-03,New GT Shirts,1,VARSITY LIFESTYLE
2025-10-03,Scarves,1,VARSITY LIFESTYLE
2025-10-04,Ballpen 2 Designs @50 (B&Y),21,(Paid)
2025-10-04,Bamboo Pen @60,4,(Paid)
2025-10-04,Corp Jacket V2,5,(Paid)
2025-10-04,Black Embro,3,BLAZE
2025-10-04,Polo Shirt @800,1,BLAZE
2025-10-04,Triple Black Embro,1,BLAZE
2025-10-04,White Embro,1,BLAZE
2025-10-04,Shirts all @450 UPSIZE (3XL-4XL),1,JUC
2025-10-04,Shirts all @450 UPSIZE (5XL),1,JUC
2025-10-04,UST College ID Lace,12,JUC
2025-10-04,UST OAT Hoodie Jacket,2,JUC
2025-10-04,UST OAT MUG (B),4,JUC
2025-10-04,UST OAT T-Shirt Y/B/COLLEGE,16,JUC
2025-10-04,UST Sweatshirt Sporty,1,JUC
2025-10-04,UST T-Shirt Santo Tomas Shirt/UST T-Shirt Tiger Pattern/HAPPY,50,JUC
2025-10-04,UST T-Shirt Sporty,14,JUC
2025-10-04,Corp Jacket,2,JYL ATHLETICA
2025-10-04,Cotton Brush Jacket,4,JYL ATHLETICA
2025-10-04,Cotton Gray Jacket,1,JYL ATHLETICA
2025-10-04,DRI-FIT NEW,4,JYL ATHLETICA
2025-10-04,Poloshirt @800,2,JYL ATHLETICA
2025-10-04,QUIANA SUBLI SHIRT (B&Y),4,JYL ATHLETICA
2025-10-04,Small Mystery Car,2,MADEBYRUZ CONSUMER GOODS TRADING
2025-10-04,Tiger Claw,4,MADEBYRUZ CONSUMER GOODS TRADING
2025-10-04,Tiger Costume,1,MADEBYRUZ CONSUMER GOODS TRADING
2025-10-04,Tiger Headband (2 Designs),4,MADEBYRUZ CONSUMER GOODS TRADING
2025-10-04,Baseball Cap METAL @380,2,STITCH CORP. (BLEEVES)
2025-10-04,Tiger w/ Box,1,STITCH CORP. (BLEEVES)
2025-10-04,Wearable Blanket,1,STITCH CORP. (BLEEVES)
2025-10-04,Logo Sticker @25,3,TET AND DARS
2025-10-04,Long Sticker @120,1,TET AND DARS
2025-10-04,Pen @40,4,TET AND DARS
2025-10-04,"Go USTE (W,Y,B) @450",5,THREADMARKED (CONSIGNMENT)
2025-10-04,"Hoodie UST embro (V,G,Y,B) @1800",5,THREADMARKED (PAID)
2025-10-04,Two-toned windbreaker @1700,6,THREADMARKED (PAID)
2025-10-04,5M Magnetic Pin,2,USTORE
2025-10-04,5M Rotating Keychain,2,USTORE
2025-10-04,Blanca Pen,2,USTORE
2025-10-04,Button Pins Big,1,USTORE
2025-10-04,Button Pins Small,1,USTORE
2025-10-04,C. Keychain,8,USTORE
2025-10-04,"Chibi Stickers (S1,S2)",3,USTORE
2025-10-04,Clappers,1,USTORE
2025-10-04,Discounted Yellow Lanyard @80,4,USTORE
2025-10-04,Eco Bag,2,USTORE
2025-10-04,ID Case v2 @40,7,USTORE
2025-10-04,Lanyard @180,27,USTORE
2025-10-04,MJ Sticker Large,7,USTORE
2025-10-04,MJ Sticker Medium,8,USTORE
2025-10-04,MJ Sticker Small,22,USTORE
2025-10-04,New Tiger Plushie Big @850,2,USTORE
2025-10-04,New Tiger Plushie Small @750,5,USTORE
2025-10-04,Tote (One For UST),2,USTORE
2025-10-04,Tote (Viva),2,USTORE
2025-10-04,Tote Bag Canvas White,2,USTORE
2025-10-04,Umb (One For UST),3,USTORE
2025-10-04,Yellow Notebook,6,USTORE
2025-10-04,VL Sticker Pack,2,VARSITY LIFESTYLE
2025-10-06,Ballpen 2 Designs @50 (B&Y),3,(Paid)
2025-10-06,Bamboo Notebook @150,4,(Paid)
2025-10-06,Bamboo Pen @60,1,(Paid)
2025-10-06,ABSC College Shirt (60th),1,ARTS AND LETTERS (SHIRT HAPPENS)
2025-10-06,Polo Shirt @800,3,BLAZE
2025-10-06,White Embro,2,BLAZE
2025-10-06,UST College ID Lace,8,JUC
2025-10-06,UST OAT Hoodie Jacket,3,JUC
2025-10-06,UST OAT T-Shirt Y/B/COLLEGE,7,JUC
2025-10-06,UST T-Shirt Santo Tomas Shirt/UST T-Shirt Tiger Pattern/HAPPY,13,JUC
2025-10-06,Corp Jacket,3,JYL ATHLETICA
2025-10-06,Cotton Black Jacket,1,JYL ATHLETICA
2025-10-06,Cotton Gray Jacket,1,JYL ATHLETICA
2025-10-06,DRI-FIT NEW,2,JYL ATHLETICA
2025-10-06,Machete v2,2,JYL ATHLETICA
2025-10-06,Poloshirt @800,3,JYL ATHLETICA
2025-10-06,QUIANA SUBLI SHIRT (B&Y),3,JYL ATHLETICA
2025-10-06,Tiger Claw,1,MADEBYRUZ CONSUMER GOODS TRADING
2025-10-06,Tiger Headband (2 Designs),3,MADEBYRUZ CONSUMER GOODS TRADING
2025-10-06,UST-Pen W/Box,1,NEW TRENDS
2025-10-06,Tiger w/ Box,1,STITCH CORP. (BLEEVES)
2025-10-06,Logo Sticker @25,2,TET AND DARS
2025-10-06,Long Sticker @120,2,TET AND DARS
2025-10-06,Pen @40,1,TET AND DARS
2025-10-06,"Go USTE (W,Y,B) @450",2,THREADMARKED (CONSIGNMENT)
2025-10-06,"Hoodie UST embro (V,G,Y,B) @1800",3,THREADMARKED (PAID)
2025-10-06,Two-toned windbreaker @1700,1,THREADMARKED (PAID)
2025-10-06,5M Magnetic Pin,3,USTORE
2025-10-06,5M Rotating Keychain,4,USTORE
2025-10-06,Bookmark,1,USTORE
2025-10-06,Button Pins Big,1,USTORE
2025-10-06,C. Keychain,2,USTORE
2025-10-06,Discounted Yellow Lanyard @80,5,USTORE
2025-10-06,Eco Bag,1,USTORE
2025-10-06,ID Case v2 @40,2,USTORE
2025-10-06,Insignia Pen,1,USTORE
2025-10-06,Lanyard @180,9,USTORE
2025-10-06,MJ Sticker Large,1,USTORE
2025-10-06,MJ Sticker Medium,5,USTORE
2025-10-06,MJ Sticker Small,14,USTORE
2025-10-06,Pencil,3,USTORE
2025-10-06,Tote (One For UST),1,USTORE
2025-10-06,Tote (Viva),2,USTORE
2025-10-06,Umb (One For UST),1,USTORE
2025-10-06,Yellow Notebook,1,USTORE
2025-10-07,Ballpen 2 Designs @50 (B&Y),3,(Paid)
2025-10-07,Bamboo Pen @60,1,(Paid)
2025-10-07,Corp Jacket V2,3,(Paid)
2025-10-07,Kraft Notebook @130,10,(Paid)
2025-10-07,Polo Shirt @800,2,BLAZE
2025-10-07,Shirts all @450 UPSIZE (3XL-4XL),1,JUC
2025-10-07,UST College ID Lace,16,JUC
2025-10-07,UST OAT Hoodie Jacket,1,JUC
2025-10-07,UST OAT T-Shirt Y/B/COLLEGE,66,JUC
2025-10-07,UST T-Shirt Santo Tomas Shirt/UST T-Shirt Tiger Pattern/HAPPY,13,JUC
2025-10-07,UST T-Shirt Sporty,3,JUC
2025-10-07,Corp Windbreaker,1,JYL ATHLETICA
2025-10-07,Cotton Brush Jacket,3,JYL ATHLETICA
2025-10-07,DRI-FIT NEW,1,JYL ATHLETICA
2025-10-07,Jacket,1,JYL ATHLETICA
2025-10-07,Poloshirt @800,1,JYL ATHLETICA
2025-10-07,QUIANA SUBLI SHIRT (B&Y),1,JYL ATHLETICA
2025-10-07,Tiger Claw,1,MADEBYRUZ CONSUMER GOODS TRADING
2025-10-07,Baseball Cap METAL @380,1,STITCH CORP. (BLEEVES)
2025-10-07,Arch @320,10,TET AND DARS
2025-10-07,Long Sticker @120,10,TET AND DARS
2025-10-07,Pen @40,1,TET AND DARS
2025-10-07,"Go USTE (W,Y,B) @450",4,THREADMARKED (CONSIGNMENT)
2025-10-07,"Hoodie UST embro (V,G,Y,B) @1800",3,THREADMARKED (PAID)
2025-10-07,Two-toned windbreaker @1700,5,THREADMARKED (PAID)
2025-10-07,5M Rotating Keychain,7,USTORE
2025-10-07,C. Keychain,2,USTORE
2025-10-07,C. Sticker @120,1,USTORE
2025-10-07,"Chibi Stickers (S1,S2)",2,USTORE
2025-10-07,Discounted Yellow Lanyard @80,4,USTORE
2025-10-07,ID Case v2 @40,4,USTORE
2025-10-07,Lanyard @180,25,USTORE
2025-10-07,MJ Sticker Large,2,USTORE
2025-10-07,MJ Sticker Medium,9,USTORE
2025-10-07,MJ Sticker Small,7,USTORE
2025-10-07,New Tiger Plushie Small @750,1,USTORE
2025-10-07,Tote (One For UST),1,USTORE
2025-10-07,Tote (Viva),2,USTORE
2025-10-07,Tote Bag Canvas White,11,USTORE
2025-10-07,Travel Mug,1,USTORE
2025-10-07,Umb (One For UST),16,USTORE
2025-10-07,VL Sticker Pack,1,VARSITY LIFESTYLE
2025-10-08,Ballpen 2 Designs @50 (B&Y),1,(Paid)
2025-10-08,Corp Jacket V2,4,(Paid)
2025-10-08,Kraft Notebook @130,7,(Paid)
2025-10-08,Polo Shirt @800,1,BLAZE
2025-10-08,UST College ID Lace,7,JUC
2025-10-08,"UST OAT MUG (Y,W)",1,JUC
2025-10-08,UST OAT T-Shirt Y/B/COLLEGE,6,JUC
2025-10-08,UST T-Shirt Santo Tomas Shirt/UST T-Shirt Tiger Pattern/HAPPY,6,JUC
2025-10-08,UST T-Shirt Sporty,2,JUC
2025-10-08,BASE BALL SHIRT,1,JYL ATHLETICA
2025-10-08,Corp Jacket,1,JYL ATHLETICA
2025-10-08,Cotton Brush Jacket,1,JYL ATHLETICA
2025-10-08,Poloshirt @800,1,JYL ATHLETICA
2025-10-08,Hoodies Breaker,1,NAPOLIZ ENTERPRISES
2025-10-08,UST-Pen W/Box,6,NEW TRENDS
2025-10-08,Baseball Cap METAL @380,1,STITCH CORP. (BLEEVES)
2025-10-08,Pen @40,1,TET AND DARS
2025-10-08,"Go USTE (W,Y,B) @450",4,THREADMARKED (CONSIGNMENT)
2025-10-08,"Hoodie UST embro (V,G,Y,B) @1800",1,THREADMARKED (PAID)
2025-10-08,5M Magnetic Pin,3,USTORE
2025-10-08,5M Rotating Keychain,2,USTORE
2025-10-08,C. Keychain,1,USTORE
2025-10-08,"Chibi Stickers (S1,S2)",5,USTORE
2025-10-08,Clappers,1,USTORE
2025-10-08,Discounted Yellow Lanyard @80,1,USTORE
2025-10-08,ID Case v2 @40,2,USTORE
2025-10-08,Lanyard @180,22,USTORE
2025-10-08,MJ Sticker Medium,2,USTORE
2025-10-08,MJ Sticker Small,2,USTORE
2025-10-08,Umb (One For UST),1,USTORE
2025-10-08,VL Sticker Pack,1,VARSITY LIFESTYLE
2025-10-09,Ballpen 2 Designs @50 (B&Y),18,(Paid)
2025-10-09,Bamboo Notebook @150,9,(Paid)
2025-10-09,Bamboo Pen @60,4,(Paid)
2025-10-09,Corp Jacket V2,3,(Paid)
2025-10-09,Kraft Notebook @130,2,(Paid)
2025-10-09,White Embro,6,BLAZE
2025-10-09,UST College ID Lace,23,JUC
2025-10-09,UST OAT Hoodie Jacket,4,JUC
2025-10-09,UST OAT MUG (B),4,JUC
2025-10-09,"UST OAT MUG (Y,W)",1,JUC
2025-10-09,UST OAT T-Shirt Y/B/COLLEGE,26,JUC
2025-10-09,UST Sweatshirt Sporty,2,JUC
2025-10-09,UST T-Shirt Santo Tomas Shirt/UST T-Shirt Tiger Pattern/HAPPY,26,JUC
2025-10-09,UST T-Shirt Sporty,12,JUC
2025-10-09,Cotton Brush Jacket,1,JYL ATHLETICA
2025-10-09,Cotton Gray Jacket,1,JYL ATHLETICA
2025-10-09,DRI-FIT NEW,1,JYL ATHLETICA
2025-10-09,Machete v2,1,JYL ATHLETICA
2025-10-09,Poloshirt 123456 @860,1,JYL ATHLETICA
2025-10-09,Poloshirt @800,1,JYL ATHLETICA
2025-10-09,QUIANA SUBLI SHIRT (B&Y),11,JYL ATHLETICA
2025-10-09,Tiger Headband (2 Designs),1,MADEBYRUZ CONSUMER GOODS TRADING
2025-10-09,Hoodies Breaker,1,NAPOLIZ ENTERPRISES
2025-10-09,Baseball Cap METAL @380,5,STITCH CORP. (BLEEVES)
2025-10-09,Tiger w/ Box,2,STITCH CORP. (BLEEVES)
2025-10-09,Arch @320,4,TET AND DARS
2025-10-09,Logo Sticker @25,4,TET AND DARS
2025-10-09,Pen @40,5,TET AND DARS
2025-10-09,"Go USTE (W,Y,B) @450",9,THREADMARKED (CONSIGNMENT)
2025-10-09,"Oversized shirt (V,B) @650",2,THREADMARKED (CONSIGNMENT)
2025-10-09,"Hoodie UST embro (V,G,Y,B) @1800",1,THREADMARKED (PAID)
2025-10-09,Two-toned windbreaker @1700,3,THREADMARKED (PAID)
2025-10-09,5M Magnetic Pin,1,USTORE
2025-10-09,5M Rotating Keychain,9,USTORE
2025-10-09,Aquaflask,2,USTORE
2025-10-09,Button Pins Small,5,USTORE
2025-10-09,"Chibi Stickers (S1,S2)",1,USTORE
2025-10-09,Clappers,6,USTORE
2025-10-09,Discounted Yellow Lanyard @80,22,USTORE
2025-10-09,Eco Bag,7,USTORE
2025-10-09,ID Case v2 @40,5,USTORE
2025-10-09,Insignia Pen,1,USTORE
2025-10-09,Lanyard @180,17,USTORE
2025-10-09,MJ Sticker Large,5,USTORE
2025-10-09,MJ Sticker Medium,11,USTORE
2025-10-09,MJ Sticker Small,16,USTORE
2025-10-09,New Tiger Plushie Big @850,14,USTORE
2025-10-09,New Tiger Plushie Small @750,4,USTORE
2025-10-09,Tote (Viva),1,USTORE
2025-10-09,Tote Bag Canvas White,1,USTORE
2025-10-09,Travel Mug,3,USTORE
2025-10-09,Umb (One For UST),4,USTORE
2025-10-09,Scarves,1,VARSITY LIFESTYLE
2025-10-10,Ballpen 2 Designs @50 (B&Y),3,(Paid)
2025-10-10,Bamboo Pen @60,2,(Paid)
2025-10-10,Black Embro,3,BLAZE
2025-10-10,Polo Shirt @800,1,BLAZE
2025-10-10,Triple Black Embro,1,BLAZE
2025-10-10,White Embro,2,BLAZE
2025-10-10,Bomber Jacket,1,JUC
2025-10-10,UST College ID Lace,16,JUC
2025-10-10,UST OAT MUG (B),1,JUC
2025-10-10,UST OAT T-Shirt Y/B/COLLEGE,9,JUC
2025-10-10,UST Sweatshirt Sporty,1,JUC
2025-10-10,UST T-Shirt Santo Tomas Shirt/UST T-Shirt Tiger Pattern/HAPPY,25,JUC
2025-10-10,UST T-Shirt Sporty,9,JUC
2025-10-10,BASE BALL SHIRT,1,JYL ATHLETICA
2025-10-10,Corp Jacket,1,JYL ATHLETICA
2025-10-10,DRI-FIT NEW,1,JYL ATHLETICA
2025-10-10,Machete v2,2,JYL ATHLETICA
2025-10-10,Poloshirt @800,5,JYL ATHLETICA
2025-10-10,QUIANA SUBLI SHIRT (B&Y),2,JYL ATHLETICA
2025-10-10,Small Mystery Car,2,MADEBYRUZ CONSUMER GOODS TRADING
2025-10-10,Tiger Headband (2 Designs),1,MADEBYRUZ CONSUMER GOODS TRADING
2025-10-10,Hoodies Breaker,1,NAPOLIZ ENTERPRISES
2025-10-10,Baseball Cap METAL @380,2,STITCH CORP. (BLEEVES)
2025-10-10,Long Sticker @120,1,TET AND DARS
2025-10-10,Pen @40,2,TET AND DARS
2025-10-10,"Go USTE (W,Y,B) @450",7,THREADMARKED (CONSIGNMENT)
2025-10-10,"Oversized shirt (V,B) @650",1,THREADMARKED (CONSIGNMENT)
2025-10-10,"Hoodie UST embro (V,G,Y,B) @1800",6,THREADMARKED (PAID)
2025-10-10,Two-toned windbreaker @1700,3,THREADMARKED (PAID)
2025-10-10,5M Magnetic Pin,1,USTORE
2025-10-10,Aquaflask,1,USTORE
2025-10-10,Button Pins Small,1,USTORE
2025-10-10,C. Keychain,5,USTORE
2025-10-10,C. Sticker @120,1,USTORE
2025-10-10,"Chibi Stickers (S1,S2)",1,USTORE
2025-10-10,Clappers,2,USTORE
2025-10-10,Discounted Yellow Lanyard @80,4,USTORE
2025-10-10,ID Case v2 @40,8,USTORE
2025-10-10,Insignia Pen,1,USTORE
2025-10-10,Lanyard @180,35,USTORE
2025-10-10,MJ Sticker Large,1,USTORE
2025-10-10,MJ Sticker Medium,8,USTORE
2025-10-10,MJ Sticker Small,6,USTORE
2025-10-10,New Tiger Plushie Big @850,2,USTORE
2025-10-10,New Tiger Plushie Small @750,2,USTORE
2025-10-10,Tote (Viva),13,USTORE
2025-10-10,Umb (One For UST),7,USTORE
2025-10-10,New GT Shirts,1,VARSITY LIFESTYLE
2025-10-10,Scarves,1,VARSITY LIFESTYLE
2025-10-13,Ballpen 2 Designs @50 (B&Y),37,(Paid)
2025-10-13,Corp Jacket V2,1,(Paid)
2025-10-13,Kraft Notebook @130,1,(Paid)
2025-10-13,ABSC College Shirt (60th),1,ARTS AND LETTERS (SHIRT HAPPENS)
2025-10-13,Polo Shirt @800,1,BLAZE
2025-10-13,UST College ID Lace,9,JUC
2025-10-13,UST OAT MUG (B),1,JUC
2025-10-13,"UST OAT MUG (Y,W)",7,JUC
2025-10-13,UST OAT T-Shirt Y/B/COLLEGE,5,JUC
2025-10-13,UST Sweatshirt Sporty,3,JUC
2025-10-13,UST T-Shirt Santo Tomas Shirt/UST T-Shirt Tiger Pattern/HAPPY,12,JUC
2025-10-13,UST T-Shirt Sporty,2,JUC
2025-10-13,Corp Jacket,1,JYL ATHLETICA
2025-10-13,Cotton Brush Jacket,1,JYL ATHLETICA
2025-10-13,Cotton Gray Jacket,3,JYL ATHLETICA
2025-10-13,DRI-FIT NEW,1,JYL ATHLETICA
2025-10-13,Poloshirt @800,1,JYL ATHLETICA
2025-10-13,QUIANA SUBLI SHIRT (B&Y),1,JYL ATHLETICA
2025-10-13,Small Mystery Car,1,MADEBYRUZ CONSUMER GOODS TRADING
2025-10-13,Tiger Headband (2 Designs),2,MADEBYRUZ CONSUMER GOODS TRADING
2025-10-13,Hoodies Breaker,3,NAPOLIZ ENTERPRISES
2025-10-13,Baseball Cap METAL @380,1,STITCH CORP. (BLEEVES)
2025-10-13,Logo Sticker @25,6,TET AND DARS
2025-10-13,Long Sticker @120,2,TET AND DARS
2025-10-13,Pen @40,1,TET AND DARS
2025-10-13,"Go USTE (W,Y,B) @450",2,THREADMARKED (CONSIGNMENT)
2025-10-13,"Oversized shirt (V,B) @650",1,THREADMARKED (CONSIGNMENT)
2025-10-13,"Hoodie UST embro (V,G,Y,B) @1800",4,THREADMARKED (PAID)
2025-10-13,Two-toned windbreaker @1700,1,THREADMARKED (PAID)
2025-10-13,5M Magnetic Pin,2,USTORE
2025-10-13,5M Rotating Keychain,10,USTORE
2025-10-13,Aquaflask,1,USTORE
2025-10-13,Button Pins Small,1,USTORE
2025-10-13,C. Keychain,4,USTORE
2025-10-13,"Chibi Stickers (S1,S2)",4,USTORE
2025-10-13,Clappers,2,USTORE
2025-10-13,Discounted Yellow Lanyard @80,2,USTORE
2025-10-13,ID Case v2 @40,7,USTORE
2025-10-13,Lanyard @180,18,USTORE
2025-10-13,MJ Sticker Small,4,USTORE
2025-10-13,New Tiger Plushie Big @850,1,USTORE
2025-10-13,New Tiger Plushie Small @750,3,USTORE
2025-10-13,Scarf @490,1,USTORE
2025-10-13,Tote (Viva),5,USTORE
2025-10-13,Tote Bag Canvas White,1,USTORE
2025-10-13,Travel Mug,2,USTORE
2025-10-13,Umb (One For UST),5,USTORE
2025-10-13,Yellow Notebook,7,USTORE
2025-10-13,New GT Shirts,1,VARSITY LIFESTYLE
2025-10-14,Ballpen 2 Designs @50 (B&Y),3,(Paid)
2025-10-14,Bamboo Notebook @150,4,(Paid)
2025-10-14,Bamboo Pen @60,1,(Paid)
2025-10-14,Corp Jacket V2,1,(Paid)
2025-10-14,Kraft Notebook @130,1,(Paid)
2025-10-14,Black Embro,1,BLAZE
2025-10-14,White Embro,2,BLAZE
2025-10-14,Bomber Jacket,2,JUC
2025-10-14,Shirts all @450 UPSIZE (3XL-4XL),1,JUC
2025-10-14,UST College ID Lace,11,JUC
2025-10-14,"UST OAT MUG (Y,W)",5,JUC
2025-10-14,UST OAT T-Shirt Y/B/COLLEGE,10,JUC
2025-10-14,UST T-Shirt Santo Tomas Shirt/UST T-Shirt Tiger Pattern/HAPPY,17,JUC
2025-10-14,UST T-Shirt Sporty,4,JUC
2025-10-14,Cotton Black Jacket,1,JYL ATHLETICA
2025-10-14,Cotton Gray Jacket,1,JYL ATHLETICA
2025-10-14,DRI-FIT NEW,4,JYL ATHLETICA
2025-10-14,Jacket,1,JYL ATHLETICA
2025-10-14,Poloshirt @800,3,JYL ATHLETICA
2025-10-14,QUIANA SUBLI SHIRT (B&Y),3,JYL ATHLETICA
2025-10-14,Tiger Claw,1,MADEBYRUZ CONSUMER GOODS TRADING
2025-10-14,Tiger Claw Keychain @375,5,MADEBYRUZ CONSUMER GOODS TRADING
2025-10-14,Tiger Costume,2,MADEBYRUZ CONSUMER GOODS TRADING
2025-10-14,Tiger Headband (2 Designs),1,MADEBYRUZ CONSUMER GOODS TRADING
2025-10-14,UST-Pen W/Box,2,NEW TRENDS
2025-10-14,Tiger w/ Box,3,STITCH CORP. (BLEEVES)
2025-10-14,Pen @40,1,TET AND DARS
2025-10-14,"Go USTE (W,Y,B) @450",4,THREADMARKED (CONSIGNMENT)
2025-10-14,"Oversized shirt (V,B) @650",3,THREADMARKED (CONSIGNMENT)
2025-10-14,"Hoodie UST embro (V,G,Y,B) @1800",2,THREADMARKED (PAID)
2025-10-14,Two-toned windbreaker @1700,1,THREADMARKED (PAID)
2025-10-14,5M Magnetic Pin,1,USTORE
2025-10-14,5M Rotating Keychain,1,USTORE
2025-10-14,Aquaflask,2,USTORE
2025-10-14,Button Pins Small,1,USTORE
2025-10-14,C. Keychain,3,USTORE
2025-10-14,"Chibi Stickers (S1,S2)",3,USTORE
2025-10-14,Discounted Yellow Lanyard @80,4,USTORE
2025-10-14,Eco Bag,3,USTORE
2025-10-14,ID Case v2 @40,3,USTORE
2025-10-14,Insignia Pen,1,USTORE
2025-10-14,Lanyard @180,29,USTORE
2025-10-14,MJ Sticker Bundle,1,USTORE
2025-10-14,MJ Sticker Large,4,USTORE
2025-10-14,MJ Sticker Medium,6,USTORE
2025-10-14,MJ Sticker Small,8,USTORE
2025-10-14,New Tiger Plushie Big @850,12,USTORE
2025-10-14,New Tiger Plushie Small @750,1,USTORE
2025-10-14,Pencil,2,USTORE
2025-10-14,Thomasian Kit Set,3,USTORE
2025-10-14,Tote (Viva),2,USTORE
2025-10-14,Tote Bag Canvas White,8,USTORE
2025-10-14,Travel Mug,15,USTORE
2025-10-14,Umb (One For UST),7,USTORE
2025-10-14,Utensil,1,USTORE
2025-10-14,Yellow Notebook,1,USTORE
2025-10-14,New GT Shirts,1,VARSITY LIFESTYLE
2025-10-14,Shirts,1,VARSITY LIFESTYLE
2025-10-17,Ballpen 2 Designs @50 (B&Y),18,(Paid)
2025-10-17,Bamboo Notebook @150,8,(Paid)
2025-10-17,Bamboo Pen @60,17,(Paid)
2025-10-17,Corp Jacket V2,5,(Paid)
2025-10-17,Kraft Notebook @130,2,(Paid)
2025-10-17,ABSC College Shirt (60th),1,ARTS AND LETTERS (SHIRT HAPPENS)
2025-10-17,Polo Shirt @800,1,BLAZE
2025-10-17,Triple Black Embro,1,BLAZE
2025-10-17,Shirts all @450 UPSIZE (3XL-4XL),4,JUC
2025-10-17,Shirts all @450 UPSIZE (5XL),2,JUC
2025-10-17,UST College ID Lace,14,JUC
2025-10-17,UST OAT Hoodie Jacket,2,JUC
2025-10-17,UST OAT MUG (B),9,JUC
2025-10-17,"UST OAT MUG (Y,W)",2,JUC
2025-10-17,UST OAT T-Shirt Y/B/COLLEGE,21,JUC
2025-10-17,UST Sweatshirt Sporty,3,JUC
2025-10-17,UST T-Shirt Santo Tomas Shirt/UST T-Shirt Tiger Pattern/HAPPY,37,JUC
2025-10-17,UST T-Shirt Sporty,6,JUC
2025-10-17,Corp Jacket,4,JYL ATHLETICA
2025-10-17,Cotton Black Jacket,1,JYL ATHLETICA
2025-10-17,Cotton Brush Jacket,1,JYL ATHLETICA
2025-10-17,DRI-FIT NEW,1,JYL ATHLETICA
2025-10-17,Jacket,2,JYL ATHLETICA
2025-10-17,Machete v2,1,JYL ATHLETICA
2025-10-17,Poloshirt @800,4,JYL ATHLETICA
2025-10-17,QUIANA SUBLI SHIRT (B&Y),5,JYL ATHLETICA
2025-10-17,Tiger Claw Keychain @375,3,MADEBYRUZ CONSUMER GOODS TRADING
2025-10-17,Tiger Headband (2 Designs),2,MADEBYRUZ CONSUMER GOODS TRADING
2025-10-17,Baseball Cap METAL @380,1,STITCH CORP. (BLEEVES)
2025-10-17,Tiger w/ Box,2,STITCH CORP. (BLEEVES)
2025-10-17,Arch @320,1,TET AND DARS
2025-10-17,Logo Sticker @25,8,TET AND DARS
2025-10-17,Pen @40,15,TET AND DARS
2025-10-17,"Go USTE (W,Y,B) @450",1,THREADMARKED (CONSIGNMENT)
2025-10-17,"Oversized shirt (V,B) @650",2,THREADMARKED (CONSIGNMENT)
2025-10-17,"Hoodie UST embro (V,G,Y,B) @1800",7,THREADMARKED (PAID)
2025-10-17,Two-toned windbreaker @1700,1,THREADMARKED (PAID)
2025-10-17,5M Magnetic Pin,3,USTORE
2025-10-17,5M Rotating Keychain,14,USTORE
2025-10-17,Aquaflask,3,USTORE
2025-10-17,Button Pins Small,2,USTORE
2025-10-17,C. Keychain,5,USTORE
2025-10-17,"Chibi Stickers (S1,S2)",2,USTORE
2025-10-17,Discounted Yellow Lanyard @80,18,USTORE
2025-10-17,Eco Bag,13,USTORE
2025-10-17,ID Case v2 @40,8,USTORE
2025-10-17,Lanyard @180,25,USTORE
2025-10-17,MJ Sticker Large,8,USTORE
2025-10-17,MJ Sticker Medium,3,USTORE
2025-10-17,MJ Sticker Small,5,USTORE
2025-10-17,New Tiger Plushie Big @850,8,USTORE
2025-10-17,New Tiger Plushie Small @750,2,USTORE
2025-10-17,Notelet,5,USTORE
2025-10-17,Pencil,1,USTORE
2025-10-17,Scarf @490,1,USTORE
2025-10-17,Tote (Viva),6,USTORE
2025-10-17,Tote Bag Canvas White,1,USTORE
2025-10-17,Umb (One For UST),3,USTORE
2025-10-17,Utensil,1,USTORE
2025-10-17,Yellow Notebook,3,USTORE
2025-10-17,New GT Shirts,2,VARSITY LIFESTYLE
2025-10-19,Ballpen 2 Designs @50 (B&Y),20,(Paid)
2025-10-19,Corp Jacket V2,8,(Paid)
2025-10-19,White Embro,6,BLAZE
2025-10-19,Shirts all @450 UPSIZE (3XL-4XL),4,JUC
2025-10-19,UST OAT Hoodie Jacket,7,JUC
2025-10-19,UST OAT T-Shirt Y/B/COLLEGE,28,JUC
2025-10-19,UST Sweatshirt Sporty,6,JUC
2025-10-19,UST T-Shirt Santo Tomas Shirt/UST T-Shirt Tiger Pattern/HAPPY,86,JUC
2025-10-19,UST T-Shirt Sporty,19,JUC
2025-10-19,Corp Jacket,5,JYL ATHLETICA
2025-10-19,Cotton Black Jacket,4,JYL ATHLETICA
2025-10-19,Cotton Brush Jacket,3,JYL ATHLETICA
2025-10-19,Cotton Gray Jacket,7,JYL ATHLETICA
2025-10-19,Jacket,3,JYL ATHLETICA
2025-10-19,Machete v2,1,JYL ATHLETICA
2025-10-19,VB Jersey without Sig @1500,1,JYL ATHLETICA
2025-10-19,Tiger Claw Keychain @375,15,MADEBYRUZ CONSUMER GOODS TRADING
2025-10-19,Tiger Headband (2 Designs),3,MADEBYRUZ CONSUMER GOODS TRADING
2025-10-19,Baseball Cap METAL @380,3,STITCH CORP. (BLEEVES)
2025-10-19,Long Sticker @120,2,TET AND DARS
2025-10-19,"Go USTE (W,Y,B) @450",1,THREADMARKED (CONSIGNMENT)
2025-10-19,"Hoodie UST embro (V,G,Y,B) @1800",22,THREADMARKED (PAID)
2025-10-19,5M Magnetic Pin,18,USTORE
2025-10-19,5M Rotating Keychain,38,USTORE
2025-10-19,Aquaflask,3,USTORE
2025-10-19,"Chibi Stickers (S1,S2)",8,USTORE
2025-10-19,Clappers,1,USTORE
2025-10-19,Discounted Yellow Lanyard @80,29,USTORE
2025-10-19,Eco Bag,4,USTORE
2025-10-19,Lanyard @180,56,USTORE
2025-10-19,New Tiger Plushie Big @850,3,USTORE
2025-10-19,New Tiger Plushie Small @750,3,USTORE
2025-10-19,Pencil,3,USTORE
2025-10-19,Tote (Viva),5,USTORE
2025-10-19,Tote Bag Canvas White,13,USTORE
2025-10-19,Travel Mug,7,USTORE
2025-10-19,Umb (One For UST),38,USTORE
2025-10-19,Keychain,13,VARSITY LIFESTYLE
2025-10-19,Lanyard,27,VARSITY LIFESTYLE
2025-10-19,VL Sticker Pack,17,VARSITY LIFESTYLE
2025-10-22,Ballpen 2 Designs @50 (B&Y),6,(Paid)
2025-10-22,Bamboo Notebook @150,3,(Paid)
2025-10-22,Bamboo Pen @60,1,(Paid)
2025-10-22,Polo Shirt @800,2,BLAZE
2025-10-22,Shirts all @450 UPSIZE (3XL-4XL),4,JUC
2025-10-22,UST College ID Lace,12,JUC
2025-10-22,UST OAT Hoodie Jacket,2,JUC
2025-10-22,UST OAT MUG (B),50,JUC
2025-10-22,"UST OAT MUG (Y,W)",23,JUC
2025-10-22,UST OAT T-Shirt Y/B/COLLEGE,40,JUC
2025-10-22,UST T-Shirt Santo Tomas Shirt/UST T-Shirt Tiger Pattern/HAPPY,32,JUC
2025-10-22,Corp Jacket,4,JYL ATHLETICA
2025-10-22,DRI-FIT NEW,2,JYL ATHLETICA
2025-10-22,Jacket,1,JYL ATHLETICA
2025-10-22,Machete v2,3,JYL ATHLETICA
2025-10-22,Poloshirt 123456 @860,1,JYL ATHLETICA
2025-10-22,Poloshirt @800,5,JYL ATHLETICA
2025-10-22,QUIANA SUBLI SHIRT (B&Y),2,JYL ATHLETICA
2025-10-22,Tiger Claw,1,MADEBYRUZ CONSUMER GOODS TRADING
2025-10-22,Tiger Claw Keychain @375,46,MADEBYRUZ CONSUMER GOODS TRADING
2025-10-22,Tiger Headband (2 Designs),1,MADEBYRUZ CONSUMER GOODS TRADING
2025-10-22,Hoodies Breaker,3,NAPOLIZ ENTERPRISES
2025-10-22,Tiger w/ Box,3,STITCH CORP. (BLEEVES)
2025-10-22,Arch @320,10,TET AND DARS
2025-10-22,Logo Sticker @25,10,TET AND DARS
2025-10-22,Long Sticker @120,3,TET AND DARS
2025-10-22,Pen @40,17,TET AND DARS
2025-10-22,"Go USTE (W,Y,B) @450",1,THREADMARKED (CONSIGNMENT)
2025-10-22,"Hoodie UST embro (V,G,Y,B) @1800",3,THREADMARKED (PAID)
2025-10-22,Two-toned windbreaker @1700,2,THREADMARKED (PAID)
2025-10-22,5M Rotating Keychain,10,USTORE
2025-10-22,Aquaflask,1,USTORE
2025-10-22,C. Keychain,1,USTORE
2025-10-22,Discounted Yellow Lanyard @80,10,USTORE
2025-10-22,Eco Bag,12,USTORE
2025-10-22,ID Case v2 @40,2,USTORE
2025-10-22,Lanyard @180,33,USTORE
2025-10-22,MJ Sticker Large,3,USTORE
2025-10-22,MJ Sticker Medium,2,USTORE
2025-10-22,MJ Sticker Small,1,USTORE
2025-10-22,New Tiger Plushie Big @850,4,USTORE
2025-10-22,New Tiger Plushie Small @750,6,USTORE
2025-10-22,Notelet,19,USTORE
2025-10-22,Thomasian Kit Set,1,USTORE
2025-10-22,Tote (Viva),15,USTORE
2025-10-22,Travel Mug,2,USTORE
2025-10-22,Umb (One For UST),13,USTORE
2025-10-22,Utensil,1,USTORE
2025-10-22,Yellow Notebook,4,USTORE
2025-10-23,Ballpen 2 Designs @50 (B&Y),8,(Paid)
2025-10-23,Bamboo Notebook @150,1,(Paid)
2025-10-23,Bamboo Pen @60,3,(Paid)
2025-10-23,Corp Jacket V2,1,(Paid)
2025-10-23,Kraft Notebook @130,3,(Paid)
2025-10-23,Black Embro,1,BLAZE
2025-10-23,Polo Shirt @800,2,BLAZE
2025-10-23,White Embro,2,BLAZE
2025-10-23,UST College ID Lace,11,JUC
2025-10-23,UST OAT Hoodie Jacket,3,JUC
2025-10-23,UST OAT MUG (B),1,JUC
2025-10-23,"UST OAT MUG (Y,W)",3,JUC
2025-10-23,UST OAT T-Shirt Y/B/COLLEGE,12,JUC
2025-10-23,UST Sweatshirt Sporty,1,JUC
2025-10-23,UST T-Shirt Santo Tomas Shirt/UST T-Shirt Tiger Pattern/HAPPY,26,JUC
2025-10-23,UST T-Shirt Sporty,4,JUC
2025-10-23,Cotton Brush Jacket,3,JYL ATHLETICA
2025-10-23,Cotton Gray Jacket,3,JYL ATHLETICA
2025-10-23,DRI-FIT NEW,3,JYL ATHLETICA
2025-10-23,Jacket,2,JYL ATHLETICA
2025-10-23,Machete v2,3,JYL ATHLETICA
2025-10-23,Poloshirt 123456 @860,3,JYL ATHLETICA
2025-10-23,Poloshirt @800,1,JYL ATHLETICA
2025-10-23,QUIANA SUBLI SHIRT (B&Y),3,JYL ATHLETICA
2025-10-23,Tiger Claw Keychain @375,1,MADEBYRUZ CONSUMER GOODS TRADING
2025-10-23,Tiger Costume,1,MADEBYRUZ CONSUMER GOODS TRADING
2025-10-23,Hoodies Breaker,1,NAPOLIZ ENTERPRISES
2025-10-23,Baseball Cap METAL @380,1,STITCH CORP. (BLEEVES)
2025-10-23,Tiger w/ Box,1,STITCH CORP. (BLEEVES)
2025-10-23,Logo Sticker @25,2,TET AND DARS
2025-10-23,Long Sticker @120,4,TET AND DARS
2025-10-23,Pen @40,5,TET AND DARS
2025-10-23,"Go USTE (W,Y,B) @450",3,THREADMARKED (CONSIGNMENT)
2025-10-23,"Oversized shirt (V,B) @650",3,THREADMARKED (CONSIGNMENT)
2025-10-23,"Hoodie UST embro (V,G,Y,B) @1800",5,THREADMARKED (PAID)
2025-10-23,Button Pins Small,2,USTORE
2025-10-23,C. Keychain,2,USTORE
2025-10-23,Discounted Yellow Lanyard @80,5,USTORE
2025-10-23,Eco Bag,2,USTORE
2025-10-23,ID Case v2 @40,7,USTORE
2025-10-23,Lanyard @180,35,USTORE
2025-10-23,MJ Sticker Large,4,USTORE
2025-10-23,MJ Sticker Medium,4,USTORE
2025-10-23,MJ Sticker Small,7,USTORE
2025-10-23,New Tiger Plushie Big @850,2,USTORE
2025-10-23,New Tiger Plushie Small @750,1,USTORE
2025-10-23,Notelet,1,USTORE
2025-10-23,Scarf @490,1,USTORE
2025-10-23,Tote (Viva),7,USTORE
2025-10-23,Travel Mug,2,USTORE
2025-10-23,Umb (One For UST),4,USTORE
2025-10-23,Yellow Notebook,3,USTORE
2025-10-23,Keychain,1,VARSITY LIFESTYLE
2025-10-23,Lanyard,2,VARSITY LIFESTYLE
2025-10-23,VL Sticker Pack,1,VARSITY LIFESTYLE
2025-10-24,Ballpen 2 Designs @50 (B&Y),5,(Paid)
2025-10-24,Bamboo Notebook @150,3,(Paid)
2025-10-24,Corp Jacket V2,4,(Paid)
2025-10-24,Kraft Notebook @130,2,(Paid)
2025-10-24,Black Embro,1,BLAZE
2025-10-24,Shirts all @450 UPSIZE (3XL-4XL),1,JUC
2025-10-24,UST College ID Lace,7,JUC
2025-10-24,"UST OAT MUG (Y,W)",3,JUC
2025-10-24,UST OAT T-Shirt Y/B/COLLEGE,28,JUC
2025-10-24,UST Sweatshirt Sporty,2,JUC
2025-10-24,UST T-Shirt Santo Tomas Shirt/UST T-Shirt Tiger Pattern/HAPPY,15,JUC
2025-10-24,UST T-Shirt Sporty,8,JUC
2025-10-24,Cotton Black Jacket,1,JYL ATHLETICA
2025-10-24,Cotton Brush Jacket,3,JYL ATHLETICA
2025-10-24,Cotton Gray Jacket,2,JYL ATHLETICA
2025-10-24,DRI-FIT NEW,2,JYL ATHLETICA
2025-10-24,Machete v2,1,JYL ATHLETICA
2025-10-24,Poloshirt 123456 @860,1,JYL ATHLETICA
2025-10-24,QUIANA SUBLI SHIRT (B&Y),4,JYL ATHLETICA
2025-10-24,Small Mystery Car,1,MADEBYRUZ CONSUMER GOODS TRADING
2025-10-24,Tiger Claw,1,MADEBYRUZ CONSUMER GOODS TRADING
2025-10-24,Tiger Claw Keychain @375,2,MADEBYRUZ CONSUMER GOODS TRADING
2025-10-24,Hoodies Breaker,2,NAPOLIZ ENTERPRISES
2025-10-24,Tiger w/ Box,4,STITCH CORP. (BLEEVES)
2025-10-24,Arch @320,1,TET AND DARS
2025-10-24,Logo Sticker @25,2,TET AND DARS
2025-10-24,Long Sticker @120,1,TET AND DARS
2025-10-24,Pen @40,3,TET AND DARS
2025-10-24,"Go USTE (W,Y,B) @450",4,THREADMARKED (CONSIGNMENT)
2025-10-24,"Oversized shirt (V,B) @650",1,THREADMARKED (CONSIGNMENT)
2025-10-24,"Hoodie UST embro (V,G,Y,B) @1800",3,THREADMARKED (PAID)
2025-10-24,5M Magnetic Pin,2,USTORE
2025-10-24,5M Rotating Keychain,7,USTORE
2025-10-24,C. Keychain,2,USTORE
2025-10-24,"Chibi Stickers (S1,S2)",2,USTORE
2025-10-24,Discounted Yellow Lanyard @80,3,USTORE
2025-10-24,Eco Bag,8,USTORE
2025-10-24,ID Case v2 @40,3,USTORE
2025-10-24,Lanyard @180,26,USTORE
2025-10-24,MJ Sticker Large,1,USTORE
2025-10-24,MJ Sticker Medium,5,USTORE
2025-10-24,MJ Sticker Small,7,USTORE
2025-10-24,New Tiger Plushie Big @850,5,USTORE
2025-10-24,New Tiger Plushie Small @750,2,USTORE
2025-10-24,Notelet,8,USTORE
2025-10-24,Scarf @490,1,USTORE
2025-10-24,Thomasian Kit Set,1,USTORE
2025-10-24,Tote (Viva),5,USTORE
2025-10-24,Tote Bag Canvas White,3,USTORE
2025-10-24,Umb (One For UST),6,USTORE
2025-10-24,Yellow Notebook,20,USTORE
2025-10-24,Lanyard,3,VARSITY LIFESTYLE
2025-10-25,Ballpen 2 Designs @50 (B&Y),26,(Paid)
2025-10-25,Bamboo Notebook @150,3,(Paid)
2025-10-25,Black Embro,3,BLAZE
2025-10-25,Triple Black Embro,1,BLAZE
2025-10-25,White Embro,2,BLAZE
2025-10-25,UST College ID Lace,6,JUC
2025-10-25,UST OAT Hoodie Jacket,1,JUC
2025-10-25,UST OAT MUG (B),7,JUC
2025-10-25,"UST OAT MUG (Y,W)",7,JUC
2025-10-25,UST OAT T-Shirt Y/B/COLLEGE,17,JUC
2025-10-25,UST T-Shirt Santo Tomas Shirt/UST T-Shirt Tiger Pattern/HAPPY,37,JUC
2025-10-25,UST T-Shirt Sporty,8,JUC
2025-10-25,Corp Jacket,1,JYL ATHLETICA
2025-10-25,Cotton Brush Jacket,2,JYL ATHLETICA
2025-10-25,Cotton Gray Jacket,1,JYL ATHLETICA
2025-10-25,DRI-FIT NEW,1,JYL ATHLETICA
2025-10-25,Jacket,1,JYL ATHLETICA
2025-10-25,QUIANA SUBLI SHIRT (B&Y),5,JYL ATHLETICA
2025-10-25,Tiger Claw,2,MADEBYRUZ CONSUMER GOODS TRADING
2025-10-25,Tiger Claw Keychain @375,2,MADEBYRUZ CONSUMER GOODS TRADING
2025-10-25,Hoodies Breaker,2,NAPOLIZ ENTERPRISES
2025-10-25,Tiger w/ Box,1,STITCH CORP. (BLEEVES)
2025-10-25,Logo Sticker @25,1,TET AND DARS
2025-10-25,Pen @40,11,TET AND DARS
2025-10-25,"Go USTE (W,Y,B) @450",5,THREADMARKED (CONSIGNMENT)
2025-10-25,"Oversized shirt (V,B) @650",1,THREADMARKED (CONSIGNMENT)
2025-10-25,"Hoodie UST embro (V,G,Y,B) @1800",7,THREADMARKED (PAID)
2025-10-25,Two-toned windbreaker @1700,2,THREADMARKED (PAID)
2025-10-25,5M Magnetic Pin,2,USTORE
2025-10-25,5M Rotating Keychain,10,USTORE
2025-10-25,Aquaflask,1,USTORE
2025-10-25,Button Pins Big,3,USTORE
2025-10-25,Button Pins Small,3,USTORE
2025-10-25,C. Keychain,3,USTORE
2025-10-25,Discounted Yellow Lanyard @80,18,USTORE
2025-10-25,Eco Bag,4,USTORE
2025-10-25,ID Case v2 @40,3,USTORE
2025-10-25,Lanyard @180,18,USTORE
2025-10-25,MJ Sticker Large,3,USTORE
2025-10-25,MJ Sticker Medium,6,USTORE
2025-10-25,MJ Sticker Small,4,USTORE
2025-10-25,New Tiger Plushie Big @850,1,USTORE
2025-10-25,Notelet,4,USTORE
2025-10-25,Scarf @490,1,USTORE
2025-10-25,Tote (Viva),10,USTORE
2025-10-25,Tote Bag Canvas White,2,USTORE
2025-10-25,Umb (One For UST),3,USTORE
2025-10-25,Yellow Notebook,21,USTORE
2025-10-25,New GT Shirts,1,VARSITY LIFESTYLE
2025-10-27,Ballpen 2 Designs @50 (B&Y),24,(Paid)
2025-10-27,Bamboo Pen @60,15,(Paid)
2025-10-27,Corp Jacket V2,2,(Paid)
2025-10-27,ABSC College Shirt (60th),2,ARTS AND LETTERS (SHIRT HAPPENS)
2025-10-27,Black Embro,1,BLAZE
2025-10-27,White Embro,5,BLAZE
2025-10-27,UST College ID Lace,14,JUC
2025-10-27,UST OAT Hoodie Jacket,3,JUC
2025-10-27,"UST OAT MUG (Y,W)",3,JUC
2025-10-27,UST OAT T-Shirt Y/B/COLLEGE,21,JUC
2025-10-27,UST T-Shirt Santo Tomas Shirt/UST T-Shirt Tiger Pattern/HAPPY,28,JUC
2025-10-27,UST T-Shirt Sporty,3,JUC
2025-10-27,Corp Jacket,1,JYL ATHLETICA
2025-10-27,Cotton Black Jacket,1,JYL ATHLETICA
2025-10-27,Cotton Brush Jacket,1,JYL ATHLETICA
2025-10-27,Cotton Gray Jacket,3,JYL ATHLETICA
2025-10-27,DRI-FIT NEW,4,JYL ATHLETICA
2025-10-27,Machete v2,1,JYL ATHLETICA
2025-10-27,Poloshirt @800,2,JYL ATHLETICA
2025-10-27,QUIANA SUBLI SHIRT (B&Y),1,JYL ATHLETICA
2025-10-27,UST-Pen W/Box,1,NEW TRENDS
2025-10-27,Baseball Cap METAL @380,4,STITCH CORP. (BLEEVES)
2025-10-27,Tiger w/ Box,2,STITCH CORP. (BLEEVES)
2025-10-27,Arch @320,6,TET AND DARS
2025-10-27,Logo Sticker @25,4,TET AND DARS
2025-10-27,Long Sticker @120,2,TET AND DARS
2025-10-27,Pen @40,3,TET AND DARS
2025-10-27,"Oversized shirt (V,B) @650",3,THREADMARKED (CONSIGNMENT)
2025-10-27,"Hoodie UST embro (V,G,Y,B) @1800",5,THREADMARKED (PAID)
2025-10-27,Two-toned windbreaker @1700,2,THREADMARKED (PAID)
2025-10-27,5M Magnetic Pin,2,USTORE
2025-10-27,5M Rotating Keychain,13,USTORE
2025-10-27,Button Pins Big,1,USTORE
2025-10-27,Button Pins Small,1,USTORE
2025-10-27,C. Keychain,6,USTORE
2025-10-27,"Chibi Stickers (S1,S2)",2,USTORE
2025-10-27,Discounted Yellow Lanyard @80,8,USTORE
2025-10-27,Eco Bag,2,USTORE
2025-10-27,ID Case v2 @40,3,USTORE
2025-10-27,Insignia Pen,1,USTORE
2025-10-27,MJ Sticker Large,4,USTORE
2025-10-27,MJ Sticker Medium,8,USTORE
2025-10-27,MJ Sticker Small,8,USTORE
2025-10-27,New Tiger Plushie Big @850,6,USTORE
2025-10-27,Notelet,1,USTORE
2025-10-27,Scarf @490,1,USTORE
2025-10-27,Tote (Viva),1,USTORE
2025-10-27,Umb (One For UST),5,USTORE
2025-10-27,USTORE Voucher (200),6,USTORE
2025-10-27,Yellow Notebook,7,USTORE
2025-10-27,Keychain,1,VARSITY LIFESTYLE
2025-10-27,Lanyard,5,VARSITY LIFESTYLE
2025-10-27,VL Sticker Pack,1,VARSITY LIFESTYLE
2025-10-28,Ballpen 2 Designs @50 (B&Y),4,(Paid)
2025-10-28,Bamboo Notebook @150,4,(Paid)
2025-10-28,Bamboo Pen @60,2,(Paid)
2025-10-28,Corp Jacket V2,4,(Paid)
2025-10-28,Kraft Notebook @130,12,(Paid)
2025-10-28,Black Embro,1,BLAZE
2025-10-28,Polo Shirt @800,1,BLAZE
2025-10-28,White Embro,1,BLAZE
2025-10-28,Shirts all @450 UPSIZE (3XL-4XL),2,JUC
2025-10-28,UST College ID Lace,18,JUC
2025-10-28,UST OAT MUG (B),6,JUC
2025-10-28,UST OAT T-Shirt Y/B/COLLEGE,9,JUC
2025-10-28,UST T-Shirt Santo Tomas Shirt/UST T-Shirt Tiger Pattern/HAPPY,22,JUC
2025-10-28,UST T-Shirt Sporty,8,JUC
2025-10-28,Corp Jacket,1,JYL ATHLETICA
2025-10-28,Cotton Brush Jacket,1,JYL ATHLETICA
2025-10-28,Cotton Gray Jacket,4,JYL ATHLETICA
2025-10-28,DRI-FIT NEW,3,JYL ATHLETICA
2025-10-28,Jacket,2,JYL ATHLETICA
2025-10-28,QUIANA SUBLI SHIRT (B&Y),8,JYL ATHLETICA
2025-10-28,Big Car,1,MADEBYRUZ CONSUMER GOODS TRADING
2025-10-28,Tiger Claw,2,MADEBYRUZ CONSUMER GOODS TRADING
2025-10-28,Tiger Claw Keychain @375,6,MADEBYRUZ CONSUMER GOODS TRADING
2025-10-28,Tiger Costume,2,MADEBYRUZ CONSUMER GOODS TRADING
2025-10-28,Tiger Headband (2 Designs),9,MADEBYRUZ CONSUMER GOODS TRADING
2025-10-28,Arch @320,1,TET AND DARS
2025-10-28,Logo Sticker @25,1,TET AND DARS
2025-10-28,Long Sticker @120,2,TET AND DARS
2025-10-28,Pen @40,26,TET AND DARS
2025-10-28,"Go USTE (W,Y,B) @450",5,THREADMARKED (CONSIGNMENT)
2025-10-28,"Oversized shirt (V,B) @650",3,THREADMARKED (CONSIGNMENT)
2025-10-28,"Hoodie UST embro (V,G,Y,B) @1800",2,THREADMARKED (PAID)
2025-10-28,Two-toned windbreaker @1700,1,THREADMARKED (PAID)
2025-10-28,5M Rotating Keychain,9,USTORE
2025-10-28,Aquaflask,1,USTORE
2025-10-28,"Chibi Stickers (S1,S2)",2,USTORE
2025-10-28,Clappers,1,USTORE
2025-10-28,Discounted Yellow Lanyard @80,10,USTORE
2025-10-28,Eco Bag,7,USTORE
2025-10-28,ID Case v2 @40,3,USTORE
2025-10-28,Lanyard @180,26,USTORE
2025-10-28,MJ Sticker Large,2,USTORE
2025-10-28,MJ Sticker Medium,6,USTORE
2025-10-28,MJ Sticker Small,9,USTORE
2025-10-28,New Tiger Plushie Big @850,2,USTORE
2025-10-28,New Tiger Plushie Small @750,1,USTORE
2025-10-28,Notelet,11,USTORE
2025-10-28,Tote (Viva),1,USTORE
2025-10-28,Tote Bag Canvas White,9,USTORE
2025-10-28,Travel Mug,4,USTORE
2025-10-28,Umb (One For UST),4,USTORE
2025-10-28,Yellow Notebook,1,USTORE
2025-10-28,Keychain,2,VARSITY LIFESTYLE
2025-10-28,Lanyard,5,VARSITY LIFESTYLE
2025-10-29,ABSC College Shirt (60th),1,ARTS AND LETTERS (SHIRT HAPPENS)
2025-10-29,Black Embro,3,BLAZE
2025-10-29,Polo Shirt @800,4,BLAZE
2025-10-29,White Embro,3,BLAZE
2025-10-29,Shirts all @450 UPSIZE (3XL-4XL),1,JUC
2025-10-29,UST College ID Lace,43,JUC
2025-10-29,UST OAT Hoodie Jacket,2,JUC
2025-10-29,UST OAT T-Shirt Y/B/COLLEGE,17,JUC
2025-10-29,UST Sweatshirt Sporty,1,JUC
2025-10-29,UST T-Shirt Santo Tomas Shirt/UST T-Shirt Tiger Pattern/HAPPY,6,JUC
2025-10-29,BASE BALL SHIRT,1,JYL ATHLETICA
2025-10-29,Corp Jacket,3,JYL ATHLETICA
2025-10-29,Cotton Black Jacket,1,JYL ATHLETICA
2025-10-29,Cotton Brush Jacket,4,JYL ATHLETICA
2025-10-29,Jacket,2,JYL ATHLETICA
2025-10-29,Poloshirt @800,7,JYL ATHLETICA
2025-10-29,QUIANA SUBLI SHIRT (B&Y),2,JYL ATHLETICA
2025-10-29,Hoodies Breaker,4,NAPOLIZ ENTERPRISES
2025-10-29,Logo Sticker @25,2,TET AND DARS
2025-10-29,"Oversized shirt (V,B) @650",3,THREADMARKED (CONSIGNMENT)
2025-10-29,"Hoodie UST embro (V,G,Y,B) @1800",1,THREADMARKED (PAID)
2025-10-29,Two-toned windbreaker @1700,4,THREADMARKED (PAID)
2025-10-29,5M Magnetic Pin,16,USTORE
2025-10-29,5M Rotating Keychain,5,USTORE
2025-10-29,Lanyard @180,58,USTORE
2025-10-29,Travel Mug,9,USTORE
2025-10-29,Lanyard,3,VARSITY LIFESTYLE
2025-10-29,New GT Shirts,1,VARSITY LIFESTYLE
2025-10-29,VL Sticker Pack,11,VARSITY LIFESTYLE
2025-11-05,Polo Shirt @800,1,BLAZE (CONSIGNMENT)
2025-11-05,Shirts all @450 UPSIZE (3XL-4XL),1,JUC (CONSIGNMENT)
2025-11-05,Shirts all @450 UPSIZE (5XL),1,JUC (CONSIGNMENT)
2025-11-05,UST College ID Lace,16,JUC (CONSIGNMENT)
2025-11-05,UST OAT MUG (B),1,JUC (CONSIGNMENT)
2025-11-05,"UST OAT MUG (Y,W)",1,JUC (CONSIGNMENT)
2025-11-05,UST OAT T-Shirt Y/B/COLLEGE,6,JUC (CONSIGNMENT)
2025-11-05,UST T-Shirt Santo Tomas Shirt/UST T-Shirt Tiger Pattern/HAPPY,9,JUC (CONSIGNMENT)
2025-11-05,Corp Jacket,3,JYL ATHLETICA (CONSIGNMENT)
2025-11-05,Taslan NEW,1,JYL ATHLETICA (CONSIGNMENT)
2025-11-05,Tiger Claw,1,MADEBYRUZ CONSUMER GOODS TRADING (CONSIGNMENT)
2025-11-05,Tiger Claw Keychain @375,3,MADEBYRUZ CONSUMER GOODS TRADING (CONSIGNMENT)
2025-11-05,Tiger Headband (2 Designs),1,MADEBYRUZ CONSUMER GOODS TRADING (CONSIGNMENT)
2025-11-05,Wearable Blanket,1,STITCH CORP. (BLEEVES CONSIGNMENT)
2025-11-05,Ballpen 2 Designs @50 (B&Y),5,STITCH CORP. (BLEEVES PAID)
2025-11-05,Kraft Notebook @130,1,STITCH CORP. (BLEEVES PAID)
2025-11-05,Pen @40,5,TET AND DARS (PAID)
2025-11-05,"Go USTE (W,Y,B) @450",1,THREADMARKED (CONSIGNMENT)
2025-11-05,"Oversized shirt (V,B) @650",4,THREADMARKED (CONSIGNMENT)
2025-11-05,"Hoodie UST embro (V,G,Y,B) @1800",2,THREADMARKED (PAID)
2025-11-05,5M Magnetic Pin,3,USTORE (PAID)
2025-11-05,5M Rotating Keychain,2,USTORE (PAID)
2025-11-05,C. Keychain,3,USTORE (PAID)
2025-11-05,Chibi Stickers,1,USTORE (PAID)
2025-11-05,College Sticker @120,1,USTORE (PAID)
2025-11-05,ID Case v2 @40,2,USTORE (PAID)
2025-11-05,Lanyard @180,23,USTORE (PAID)
2025-11-05,MJ Charger,1,USTORE (PAID)
2025-11-05,MJ Sticker Large,4,USTORE (PAID)
2025-11-05,MJ Sticker Medium,4,USTORE (PAID)
2025-11-05,MJ Sticker Small,5,USTORE (PAID)
2025-11-05,Notelet,2,USTORE (PAID)
2025-11-05,Powerbank,1,USTORE (PAID)
2025-11-05,Tiger Plushie Big,1,USTORE (PAID)
2025-11-05,Tote Bag Canvas White @160,1,USTORE (PAID)
2025-11-05,Tote Viva Santo Tomas,3,USTORE (PAID)
2025-11-05,Umb ONE FOR UST,1,USTORE (PAID)
2025-11-05,Yellow Lanyard,4,USTORE (PAID)
2025-11-05,Keychain,1,VARSITY LIFESTYLE (CONSIGNMENT)
2025-11-05,Lanyard,1,VARSITY LIFESTYLE (CONSIGNMENT)
2025-11-06,ABSC College Shirt (60th),1,ARTS AND LETTERS (SHIRT HAPPENS)
2025-11-06,Black Embro,5,BLAZE (CONSIGNMENT)
2025-11-06,Polo Shirt @800,2,BLAZE (CONSIGNMENT)
2025-11-06,Shirts all @450 UPSIZE (3XL-4XL),1,JUC (CONSIGNMENT)
2025-11-06,Shirts all @450 UPSIZE (5XL),1,JUC (CONSIGNMENT)
2025-11-06,UST College ID Lace,6,JUC (CONSIGNMENT)
2025-11-06,UST OAT MUG (B),1,JUC (CONSIGNMENT)
2025-11-06,"UST OAT MUG (Y,W)",2,JUC (CONSIGNMENT)
2025-11-06,UST OAT T-Shirt Y/B/COLLEGE,5,JUC (CONSIGNMENT)
2025-11-06,UST Sweatshirt Sporty,2,JUC (CONSIGNMENT)
2025-11-06,UST T-Shirt Santo Tomas Shirt/UST T-Shirt Tiger Pattern/HAPPY,20,JUC (CONSIGNMENT)
2025-11-06,UST T-Shirt Sporty,2,JUC (CONSIGNMENT)
2025-11-06,Corp Jacket,1,JYL ATHLETICA (CONSIGNMENT)
2025-11-06,DRI-FIT NEW,2,JYL ATHLETICA (CONSIGNMENT)
2025-11-06,Machete V2,1,JYL ATHLETICA (CONSIGNMENT)
2025-11-06,VB Jersey without Sig @1500,1,JYL ATHLETICA (CONSIGNMENT)
2025-11-06,Tiger Claw Keychain @375,1,MADEBYRUZ CONSUMER GOODS TRADING (CONSIGNMENT)
2025-11-06,Hoodies Breaker,3,NAPOLIZ ENTERPRISES (CONSIGNMENT)
2025-11-06,Ballpen 2 Designs @50 (B&Y),13,STITCH CORP. (BLEEVES PAID)
2025-11-06,Bamboo Notebook @150,3,STITCH CORP. (BLEEVES PAID)
2025-11-06,Corp Jacket V2,5,STITCH CORP. (BLEEVES PAID)
2025-11-06,Kraft Notebook @130,8,STITCH CORP. (BLEEVES PAID)
2025-11-06,Arch @320,15,TET AND DARS (PAID)
2025-11-06,Long Sticker @120,1,TET AND DARS (PAID)
2025-11-06,Pen @40,4,TET AND DARS (PAID)
2025-11-06,"Oversized shirt (V,B) @650",1,THREADMARKED (CONSIGNMENT)
2025-11-06,"Hoodie UST embro (V,G,Y,B) @1800",1,THREADMARKED (PAID)
2025-11-06,5M Rotating Keychain,6,USTORE (PAID)
2025-11-06,Black Eco Bag,6,USTORE (PAID)
2025-11-06,Blanca Pen,25,USTORE (PAID)
2025-11-06,Button Pin (Small),1,USTORE (PAID)
2025-11-06,C. Keychain,2,USTORE (PAID)
2025-11-06,ID Case v2 @40,3,USTORE (PAID)
2025-11-06,Lanyard @180,25,USTORE (PAID)
2025-11-06,MJ Sticker Large,1,USTORE (PAID)
2025-11-06,MJ Sticker Medium,1,USTORE (PAID)
2025-11-06,MJ Sticker Small,4,USTORE (PAID)
2025-11-06,Pencil,2,USTORE (PAID)
2025-11-06,Stainless Eco Tumbler,1,USTORE (PAID)
2025-11-06,Tiger Plushie Big,1,USTORE (PAID)
2025-11-06,Tote Bag Canvas White @160,5,USTORE (PAID)
2025-11-06,Tote Viva Santo Tomas,1,USTORE (PAID)
2025-11-06,Travel Mug,2,USTORE (PAID)
2025-11-06,Umb ONE FOR UST,7,USTORE (PAID)
2025-11-06,USTORE Voucher (1000),7,USTORE (PAID)
2025-11-06,USTORE Voucher (200),2,USTORE (PAID)
2025-11-06,Yellow Lanyard,1,USTORE (PAID)
2025-11-06,Yellow Notebook,25,USTORE (PAID)
2025-11-06,Keychain,21,VARSITY LIFESTYLE (CONSIGNMENT)
2025-11-06,Lanyard,2,VARSITY LIFESTYLE (CONSIGNMENT)
2025-11-07,Woven Sling Bag (LARGE),1,"ASSOCIATION FOR THE EDUCATIONAL ASSISTANCE OF POOR SEMINARIANS, INC."
2025-11-07,Black Embro,3,BLAZE (CONSIGNMENT)
2025-11-07,Polo Shirt @800,1,BLAZE (CONSIGNMENT)
2025-11-07,White Embro,1,BLAZE (CONSIGNMENT)
2025-11-07,UST College ID Lace,8,JUC (CONSIGNMENT)
2025-11-07,UST OAT Hoodie Jacket,3,JUC (CONSIGNMENT)
2025-11-07,"UST OAT MUG (Y,W)",1,JUC (CONSIGNMENT)
2025-11-07,UST OAT T-Shirt Y/B/COLLEGE,8,JUC (CONSIGNMENT)
2025-11-07,UST T-Shirt Santo Tomas Shirt/UST T-Shirt Tiger Pattern/HAPPY,13,JUC (CONSIGNMENT)
2025-11-07,UST T-Shirt Sporty,3,JUC (CONSIGNMENT)
2025-11-07,"Baseball Shirt (Y,W)",2,JYL ATHLETICA (CONSIGNMENT)
2025-11-07,Corp Jacket,1,JYL ATHLETICA (CONSIGNMENT)
2025-11-07,Corp Windbreaker,1,JYL ATHLETICA (CONSIGNMENT)
2025-11-07,Cotton Brush Jacket,1,JYL ATHLETICA (CONSIGNMENT)
2025-11-07,DRI-FIT NEW,3,JYL ATHLETICA (CONSIGNMENT)
2025-11-07,Machete V2,2,JYL ATHLETICA (CONSIGNMENT)
2025-11-07,Poloshirt @800,3,JYL ATHLETICA (CONSIGNMENT)
2025-11-07,QUIANA SUBLI SHIRT (B&Y),2,JYL ATHLETICA (CONSIGNMENT)
2025-11-07,Tiger Claw,1,MADEBYRUZ CONSUMER GOODS TRADING (CONSIGNMENT)
2025-11-07,Tiger Claw Keychain @375,5,MADEBYRUZ CONSUMER GOODS TRADING (CONSIGNMENT)
2025-11-07,Hoodies Breaker,1,NAPOLIZ ENTERPRISES (CONSIGNMENT)
2025-11-07,Laptop Bag,5,NAPOLIZ ENTERPRISES (CONSIGNMENT)
2025-11-07,Pen with BOX,5,NEW TRENDS (PAID)
2025-11-07,Ballpen 2 Designs @50 (B&Y),5,STITCH CORP. (BLEEVES PAID)
2025-11-07,Corp Jacket V2,4,STITCH CORP. (BLEEVES PAID)
2025-11-07,Long Sticker @120,1,TET AND DARS (PAID)
2025-11-07,"Go USTE (W,Y,B) @450",1,THREADMARKED (CONSIGNMENT)
2025-11-07,"Oversized shirt (V,B) @650",1,THREADMARKED (CONSIGNMENT)
2025-11-07,"Hoodie UST embro (V,G,Y,B) @1800",2,THREADMARKED (PAID)
2025-11-07,5M Rotating Keychain,8,USTORE (PAID)
2025-11-07,Aquaflask,3,USTORE (PAID)
2025-11-07,C. Keychain,2,USTORE (PAID)
2025-11-07,College Sticker @120,1,USTORE (PAID)
2025-11-07,ID Case @20,2,USTORE (PAID)
2025-11-07,Lanyard @180,17,USTORE (PAID)
2025-11-07,MJ Sticker Large,1,USTORE (PAID)
2025-11-07,MJ Sticker Medium,4,USTORE (PAID)
2025-11-07,MJ Sticker Small,2,USTORE (PAID)
2025-11-07,Thomasian Kit,1,USTORE (PAID)
2025-11-07,Tote Bag Canvas White @160,2,USTORE (PAID)
2025-11-07,Tote Viva Santo Tomas,1,USTORE (PAID)
2025-11-07,Umb ONE FOR UST,3,USTORE (PAID)
2025-11-07,Yellow Lanyard,2,USTORE (PAID)
2025-11-07,Yellow Notebook,1,USTORE (PAID)
2025-11-07,Lanyard,1,VARSITY LIFESTYLE (CONSIGNMENT)
2025-11-07,New GT Shirts,1,VARSITY LIFESTYLE (CONSIGNMENT)
2025-11-12,White Embro,1,BLAZE (CONSIGNMENT)
2025-11-12,Shirts all @450 UPSIZE (3XL-4XL),2,JUC (CONSIGNMENT)
2025-11-12,Shirts all @450 UPSIZE (5XL),1,JUC (CONSIGNMENT)
2025-11-12,UST College ID Lace,7,JUC (CONSIGNMENT)
2025-11-12,"UST OAT MUG (Y,W)",11,JUC (CONSIGNMENT)
2025-11-12,UST OAT T-Shirt Y/B/COLLEGE,7,JUC (CONSIGNMENT)
2025-11-12,UST T-Shirt Santo Tomas Shirt/UST T-Shirt Tiger Pattern/HAPPY,15,JUC (CONSIGNMENT)
2025-11-12,UST T-Shirt Sporty,4,JUC (CONSIGNMENT)
2025-11-12,"Baseball Shirt (Y,W)",1,JYL ATHLETICA (CONSIGNMENT)
2025-11-12,Corp Jacket,1,JYL ATHLETICA (CONSIGNMENT)
2025-11-12,Cotton Black Jacket,1,JYL ATHLETICA (CONSIGNMENT)
2025-11-12,Cotton Brush Jacket,1,JYL ATHLETICA (CONSIGNMENT)
2025-11-12,Cotton Gray Jacket,1,JYL ATHLETICA (CONSIGNMENT)
2025-11-12,Jacket,1,JYL ATHLETICA (CONSIGNMENT)
2025-11-12,Poloshirt @800,1,JYL ATHLETICA (CONSIGNMENT)
2025-11-12,QUIANA SUBLI SHIRT (B&Y),2,JYL ATHLETICA (CONSIGNMENT)
2025-11-12,Hoodies Breaker,2,NAPOLIZ ENTERPRISES (CONSIGNMENT)
2025-11-12,Baseball Cap METAL @380,1,STITCH CORP. (BLEEVES CONSIGNMENT)
2025-11-12,Ballpen 2 Designs @50 (B&Y),5,STITCH CORP. (BLEEVES PAID)
2025-11-12,Bamboo Notebook @150,5,STITCH CORP. (BLEEVES PAID)
2025-11-12,Corp Jacket V2,1,STITCH CORP. (BLEEVES PAID)
2025-11-12,Logo Sticker @25,3,TET AND DARS (PAID)
2025-11-12,"Go USTE (W,Y,B) @450",1,THREADMARKED (CONSIGNMENT)
2025-11-12,"Oversized shirt (V,B) @650",1,THREADMARKED (CONSIGNMENT)
2025-11-12,"Hoodie UST embro (V,G,Y,B) @1800",7,THREADMARKED (PAID)
2025-11-12,5M Magnetic Pin,1,USTORE (PAID)
2025-11-12,5M Rotating Keychain,2,USTORE (PAID)
2025-11-12,Black Eco Bag,1,USTORE (PAID)
2025-11-12,Blanca Pen,5,USTORE (PAID)
2025-11-12,C. Keychain,2,USTORE (PAID)
2025-11-12,ID Case v2 @40,5,USTORE (PAID)
2025-11-12,Lanyard @180,8,USTORE (PAID)
2025-11-12,MJ Sticker Large,2,USTORE (PAID)
2025-11-12,MJ Sticker Small,2,USTORE (PAID)
2025-11-12,Pencil,5,USTORE (PAID)
2025-11-12,Thomasian Kit,1,USTORE (PAID)
2025-11-12,Tiger Plushie Big,3,USTORE (PAID)
2025-11-12,Tote Viva Santo Tomas,5,USTORE (PAID)
2025-11-12,Umb ONE FOR UST,2,USTORE (PAID)
2025-11-12,Yellow Lanyard,3,USTORE (PAID)
2025-11-12,Yellow Notebook,1,USTORE (PAID)
2025-11-12,Lanyard,1,VARSITY LIFESTYLE (CONSIGNMENT)
2025-11-13,ABSC College Shirt (60th),1,ARTS AND LETTERS (SHIRT HAPPENS)
2025-11-13,White Embro,1,BLAZE (CONSIGNMENT)
2025-11-13,Shirts all @450 UPSIZE (3XL-4XL),2,JUC (CONSIGNMENT)
2025-11-13,UST College ID Lace,9,JUC (CONSIGNMENT)
2025-11-13,UST OAT Hoodie Jacket,2,JUC (CONSIGNMENT)
2025-11-13,"UST OAT MUG (Y,W)",5,JUC (CONSIGNMENT)
2025-11-13,UST OAT T-Shirt Y/B/COLLEGE,8,JUC (CONSIGNMENT)
2025-11-13,UST Sweatshirt Sporty,2,JUC (CONSIGNMENT)
2025-11-13,UST T-Shirt Santo Tomas Shirt/UST T-Shirt Tiger Pattern/HAPPY,55,JUC (CONSIGNMENT)
2025-11-13,UST T-Shirt Sporty,6,JUC (CONSIGNMENT)
2025-11-13,Cotton Brush Jacket,1,JYL ATHLETICA (CONSIGNMENT)
2025-11-13,Machete V2,2,JYL ATHLETICA (CONSIGNMENT)
2025-11-13,Poloshirt @800,2,JYL ATHLETICA (CONSIGNMENT)
2025-11-13,QUIANA SUBLI SHIRT (B&Y),4,JYL ATHLETICA (CONSIGNMENT)
2025-11-13,Taslan NEW,1,JYL ATHLETICA (CONSIGNMENT)
2025-11-13,VB Jersey without Sig @1500,1,JYL ATHLETICA (CONSIGNMENT)
2025-11-13,Tiger Claw Keychain @375,3,MADEBYRUZ CONSUMER GOODS TRADING (CONSIGNMENT)
2025-11-13,Hoodies Breaker,3,NAPOLIZ ENTERPRISES (CONSIGNMENT)
2025-11-13,Tiger w/ Box,2,STITCH CORP. (BLEEVES CONSIGNMENT)
2025-11-13,Corp Jacket V2,5,STITCH CORP. (BLEEVES PAID)
2025-11-13,Long Sticker @120,1,TET AND DARS (PAID)
2025-11-13,"Go USTE (W,Y,B) @450",1,THREADMARKED (CONSIGNMENT)
2025-11-13,"Hoodie UST embro (V,G,Y,B) @1800",7,THREADMARKED (PAID)
2025-11-13,5M Magnetic Pin,1,USTORE (PAID)
2025-11-13,5M Rotating Keychain,6,USTORE (PAID)
2025-11-13,Aquaflask,2,USTORE (PAID)
2025-11-13,C. Keychain,2,USTORE (PAID)
2025-11-13,Chibi Stickers,2,USTORE (PAID)
2025-11-13,ID Case v2 @40,1,USTORE (PAID)
2025-11-13,Lanyard @180,17,USTORE (PAID)
2025-11-13,MJ Sticker Large,5,USTORE (PAID)
2025-11-13,MJ Sticker Medium,8,USTORE (PAID)
2025-11-13,MJ Sticker Small,4,USTORE (PAID)
2025-11-13,Tiger Plushie Small,2,USTORE (PAID)
2025-11-13,Tote Viva Santo Tomas,1,USTORE (PAID)
2025-11-13,Travel Mug,1,USTORE (PAID)
2025-11-13,Umb ONE FOR UST,5,USTORE (PAID)
2025-11-13,Yellow Lanyard,2,USTORE (PAID)
2025-11-13,Lanyard,2,VARSITY LIFESTYLE (CONSIGNMENT)
2025-11-13,Long Sticker,1,VARSITY LIFESTYLE (CONSIGNMENT)
2025-11-13,VL Sticker Pack,1,VARSITY LIFESTYLE (CONSIGNMENT)
2025-11-14,Black Embro,1,BLAZE (CONSIGNMENT)
2025-11-14,White Embro,1,BLAZE (CONSIGNMENT)
2025-11-14,Shirts all @450 UPSIZE (3XL-4XL),1,JUC (CONSIGNMENT)
2025-11-14,Shirts all @450 UPSIZE (5XL),3,JUC (CONSIGNMENT)
2025-11-14,UST College ID Lace,6,JUC (CONSIGNMENT)
2025-11-14,UST OAT Hoodie Jacket,2,JUC (CONSIGNMENT)
2025-11-14,UST OAT MUG (B),1,JUC (CONSIGNMENT)
2025-11-14,"UST OAT MUG (Y,W)",40,JUC (CONSIGNMENT)
2025-11-14,UST OAT T-Shirt Y/B/COLLEGE,14,JUC (CONSIGNMENT)
2025-11-14,UST T-Shirt Santo Tomas Shirt/UST T-Shirt Tiger Pattern/HAPPY,27,JUC (CONSIGNMENT)
2025-11-14,UST T-Shirt Sporty,6,JUC (CONSIGNMENT)
2025-11-14,"Baseball Shirt (Y,W)",1,JYL ATHLETICA (CONSIGNMENT)
2025-11-14,Corp Jacket,1,JYL ATHLETICA (CONSIGNMENT)
2025-11-14,Cotton Black Jacket,1,JYL ATHLETICA (CONSIGNMENT)
2025-11-14,Cotton Gray Jacket,2,JYL ATHLETICA (CONSIGNMENT)
2025-11-14,DRI-FIT NEW,1,JYL ATHLETICA (CONSIGNMENT)
2025-11-14,Jacket,4,JYL ATHLETICA (CONSIGNMENT)
2025-11-14,Machete V2,1,JYL ATHLETICA (CONSIGNMENT)
2025-11-14,Poloshirt 123456 @860,1,JYL ATHLETICA (CONSIGNMENT)
2025-11-14,Poloshirt @800,2,JYL ATHLETICA (CONSIGNMENT)
2025-11-14,QUIANA SUBLI SHIRT (B&Y),2,JYL ATHLETICA (CONSIGNMENT)
2025-11-14,Tiger Claw Keychain @375,2,MADEBYRUZ CONSUMER GOODS TRADING (CONSIGNMENT)
2025-11-14,Ballpen 2 Designs @50 (B&Y),4,STITCH CORP. (BLEEVES PAID)
2025-11-14,Bamboo Notebook @150,2,STITCH CORP. (BLEEVES PAID)
2025-11-14,Bamboo Pen @60,40,STITCH CORP. (BLEEVES PAID)
2025-11-14,Corp Jacket V2,18,STITCH CORP. (BLEEVES PAID)
2025-11-14,Kraft Notebook @130,44,STITCH CORP. (BLEEVES PAID)
2025-11-14,Arch @320,1,TET AND DARS (PAID)
2025-11-14,Long Sticker @120,2,TET AND DARS (PAID)
2025-11-14,Pen @40,4,TET AND DARS (PAID)
2025-11-14,"Hoodie UST embro (V,G,Y,B) @1800",5,THREADMARKED (PAID)
2025-11-14,5M Rotating Keychain,9,USTORE (PAID)
2025-11-14,Aquaflask,2,USTORE (PAID)
2025-11-14,Black Eco Bag,50,USTORE (PAID)
2025-11-14,C. Keychain,4,USTORE (PAID)
2025-11-14,Chibi Stickers,3,USTORE (PAID)
2025-11-14,College Sticker @120,3,USTORE (PAID)
2025-11-14,ID Case v2 @40,2,USTORE (PAID)
2025-11-14,Lanyard @180,18,USTORE (PAID)
2025-11-14,MJ Sticker Large,2,USTORE (PAID)
2025-11-14,MJ Sticker Medium,2,USTORE (PAID)
2025-11-14,MJ Sticker Small,7,USTORE (PAID)
2025-11-14,Notelet,1,USTORE (PAID)
2025-11-14,Picasso Pen,2,USTORE (PAID)
2025-11-14,Tiger Plushie Small,18,USTORE (PAID)
2025-11-14,Tote Viva Santo Tomas,2,USTORE (PAID)
2025-11-14,Travel Mug,3,USTORE (PAID)
2025-11-14,Umb ONE FOR UST,4,USTORE (PAID)
2025-11-14,USTORE Voucher (1000),2,USTORE (PAID)
2025-11-14,USTORE Voucher (500),10,USTORE (PAID)
2025-11-14,Yellow Lanyard,43,USTORE (PAID)
2025-11-14,Yellow Notebook,3,USTORE (PAID)
2025-11-14,Keychain,1,VARSITY LIFESTYLE (CONSIGNMENT)
2025-11-14,Lanyard,4,VARSITY LIFESTYLE (CONSIGNMENT)
2025-11-14,VL Sticker Pack,2,VARSITY LIFESTYLE (CONSIGNMENT)
2025-11-16,UST OAT MUG (B),6,JUC (CONSIGNMENT)
2025-11-16,"UST OAT MUG (Y,W)",7,JUC (CONSIGNMENT)
2025-11-16,UST OAT T-Shirt Y/B/COLLEGE,2,JUC (CONSIGNMENT)
2025-11-16,UST T-Shirt Santo Tomas Shirt/UST T-Shirt Tiger Pattern/HAPPY,2,JUC (CONSIGNMENT)
2025-11-16,UST T-Shirt Sporty,2,JUC (CONSIGNMENT)
2025-11-16,QUIANA SUBLI SHIRT (B&Y),1,JYL ATHLETICA (CONSIGNMENT)
2025-11-16,Hoodies Breaker,1,NAPOLIZ ENTERPRISES (CONSIGNMENT)
2025-11-16,Tiger w/ Box,1,STITCH CORP. (BLEEVES CONSIGNMENT)
2025-11-16,Corp Jacket V2,2,STITCH CORP. (BLEEVES PAID)
2025-11-16,Long Sticker @120,1,TET AND DARS (PAID)
2025-11-16,"Oversized shirt (V,B) @650",1,THREADMARKED (CONSIGNMENT)
2025-11-16,"Hoodie UST embro (V,G,Y,B) @1800",2,THREADMARKED (PAID)
2025-11-16,ID Case v2 @40,1,USTORE (PAID)
2025-11-16,Lanyard @180,2,USTORE (PAID)
2025-11-16,MJ Sticker Medium,4,USTORE (PAID)
2025-11-16,USTORE Voucher (1000),2,USTORE (PAID)
2025-11-16,USTORE Voucher (500),6,USTORE (PAID)
2025-11-19,Black Embro,3,BLAZE (CONSIGNMENT)
2025-11-19,Shirts all @450 UPSIZE (3XL-4XL),1,JUC (CONSIGNMENT)
2025-11-19,UST College ID Lace,3,JUC (CONSIGNMENT)
2025-11-19,UST OAT MUG (B),5,JUC (CONSIGNMENT)
2025-11-19,"UST OAT MUG (Y,W)",6,JUC (CONSIGNMENT)
2025-11-19,UST OAT T-Shirt Y/B/COLLEGE,11,JUC (CONSIGNMENT)
2025-11-19,UST Sweatshirt Sporty,2,JUC (CONSIGNMENT)
2025-11-19,UST T-Shirt Santo Tomas Shirt/UST T-Shirt Tiger Pattern/HAPPY,9,JUC (CONSIGNMENT)
2025-11-19,UST T-Shirt Sporty,3,JUC (CONSIGNMENT)
2025-11-19,Cotton Brush Jacket,1,JYL ATHLETICA (CONSIGNMENT)
2025-11-19,Cotton Gray Jacket,2,JYL ATHLETICA (CONSIGNMENT)
2025-11-19,DRI-FIT NEW,1,JYL ATHLETICA (CONSIGNMENT)
2025-11-19,Machete V2,2,JYL ATHLETICA (CONSIGNMENT)
2025-11-19,Poloshirt @800,1,JYL ATHLETICA (CONSIGNMENT)
2025-11-19,Tiger Claw,1,MADEBYRUZ CONSUMER GOODS TRADING (CONSIGNMENT)
2025-11-19,Hoodies Breaker,2,NAPOLIZ ENTERPRISES (CONSIGNMENT)
2025-11-19,Baseball Cap METAL @380,3,STITCH CORP. (BLEEVES CONSIGNMENT)
2025-11-19,Tiger w/ Box,4,STITCH CORP. (BLEEVES CONSIGNMENT)
2025-11-19,Ballpen 2 Designs @50 (B&Y),53,STITCH CORP. (BLEEVES PAID)
2025-11-19,Bamboo Pen @60,1,STITCH CORP. (BLEEVES PAID)
2025-11-19,Corp Jacket V2,4,STITCH CORP. (BLEEVES PAID)
2025-11-19,Kraft Notebook @130,7,STITCH CORP. (BLEEVES PAID)
2025-11-19,Arch @320,3,TET AND DARS (PAID)
2025-11-19,Long Sticker @120,1,TET AND DARS (PAID)
2025-11-19,"Go USTE (W,Y,B) @450",4,THREADMARKED (CONSIGNMENT)
2025-11-19,"Hoodie UST embro (V,G,Y,B) @1800",2,THREADMARKED (PAID)
2025-11-19,5M Rotating Keychain,4,USTORE (PAID)
2025-11-19,Black Eco Bag,17,USTORE (PAID)
2025-11-19,C. Keychain,1,USTORE (PAID)
2025-11-19,ID Case v2 @40,6,USTORE (PAID)
2025-11-19,Insignia Pen,3,USTORE (PAID)
2025-11-19,Lanyard @180,21,USTORE (PAID)
2025-11-19,MJ Sticker Small,2,USTORE (PAID)
2025-11-19,Notelet,7,USTORE (PAID)
2025-11-19,Tiger Plushie Big,3,USTORE (PAID)
2025-11-19,Tote Bag Canvas White @160,6,USTORE (PAID)
2025-11-19,Tote Viva Santo Tomas,3,USTORE (PAID)
2025-11-19,Umb ONE FOR UST,11,USTORE (PAID)
2025-11-19,Yellow Notebook,5,USTORE (PAID)
2025-11-19,Keychain,1,VARSITY LIFESTYLE (CONSIGNMENT)
2025-11-19,Lanyard,1,VARSITY LIFESTYLE (CONSIGNMENT)
2025-11-19,VL Sticker Pack,1,VARSITY LIFESTYLE (CONSIGNMENT)
2025-11-20,ABSC College Shirt (60th),1,ARTS AND LETTERS (SHIRT HAPPENS)
2025-11-20,Polo Shirt @800,1,BLAZE (CONSIGNMENT)
2025-11-20,Triple Black Embro,1,BLAZE (CONSIGNMENT)
2025-11-20,UST College ID Lace,9,JUC (CONSIGNMENT)
2025-11-20,"UST OAT MUG (Y,W)",9,JUC (CONSIGNMENT)
2025-11-20,UST OAT T-Shirt Y/B/COLLEGE,5,JUC (CONSIGNMENT)
2025-11-20,UST Sweatshirt Sporty,1,JUC (CONSIGNMENT)
2025-11-20,UST T-Shirt Santo Tomas Shirt/UST T-Shirt Tiger Pattern/HAPPY,20,JUC (CONSIGNMENT)
2025-11-20,Cotton Gray Jacket,3,JYL ATHLETICA (CONSIGNMENT)
2025-11-20,DRI-FIT NEW,1,JYL ATHLETICA (CONSIGNMENT)
2025-11-20,Jacket,1,JYL ATHLETICA (CONSIGNMENT)
2025-11-20,QUIANA SUBLI SHIRT (B&Y),1,JYL ATHLETICA (CONSIGNMENT)
2025-11-20,Tiger Claw Keychain @375,1,MADEBYRUZ CONSUMER GOODS TRADING (CONSIGNMENT)
2025-11-20,Ballpen 2 Designs @50 (B&Y),52,STITCH CORP. (BLEEVES PAID)
2025-11-20,Bamboo Notebook @150,1,STITCH CORP. (BLEEVES PAID)
2025-11-20,Corp Jacket V2,5,STITCH CORP. (BLEEVES PAID)
2025-11-20,Arch @320,2,TET AND DARS (PAID)
2025-11-20,Pen @40,7,TET AND DARS (PAID)
2025-11-20,"Go USTE (W,Y,B) @450",1,THREADMARKED (CONSIGNMENT)
2025-11-20,"Oversized shirt (V,B) @650",1,THREADMARKED (CONSIGNMENT)
2025-11-20,"Hoodie UST embro (V,G,Y,B) @1800",4,THREADMARKED (PAID)
2025-11-20,5M Magnetic Pin,7,USTORE (PAID)
2025-11-20,5M Rotating Keychain,2,USTORE (PAID)
2025-11-20,ID Case v2 @40,2,USTORE (PAID)
2025-11-20,Lanyard @180,16,USTORE (PAID)
2025-11-20,Notelet,52,USTORE (PAID)
2025-11-20,Pencil,1,USTORE (PAID)
2025-11-20,Scarf @490,1,USTORE (PAID)
2025-11-20,Tote Viva Santo Tomas,11,USTORE (PAID)
2025-11-20,Umb ONE FOR UST,7,USTORE (PAID)
2025-11-20,Yellow Lanyard,2,USTORE (PAID)
2025-11-20,Yellow Notebook,7,USTORE (PAID)
2025-11-20,Keychain,1,VARSITY LIFESTYLE (CONSIGNMENT)
2025-11-20,Lanyard,1,VARSITY LIFESTYLE (CONSIGNMENT)
2025-11-21,Black Embro,1,BLAZE (CONSIGNMENT)
2025-11-21,Polo Shirt @800,1,BLAZE (CONSIGNMENT)
2025-11-21,White Embro,1,BLAZE (CONSIGNMENT)
2025-11-21,Shirts all @450 UPSIZE (3XL-4XL),2,JUC (CONSIGNMENT)
2025-11-21,UST College ID Lace,8,JUC (CONSIGNMENT)
2025-11-21,UST OAT MUG (B),2,JUC (CONSIGNMENT)
2025-11-21,"UST OAT MUG (Y,W)",4,JUC (CONSIGNMENT)
2025-11-21,UST OAT T-Shirt Y/B/COLLEGE,12,JUC (CONSIGNMENT)
2025-11-21,UST T-Shirt Santo Tomas Shirt/UST T-Shirt Tiger Pattern/HAPPY,14,JUC (CONSIGNMENT)
2025-11-21,UST T-Shirt Sporty,1,JUC (CONSIGNMENT)
2025-11-21,Cotton Brush Jacket,4,JYL ATHLETICA (CONSIGNMENT)
2025-11-21,Cotton Gray Jacket,1,JYL ATHLETICA (CONSIGNMENT)
2025-11-21,DRI-FIT NEW,5,JYL ATHLETICA (CONSIGNMENT)
2025-11-21,Machete V2,1,JYL ATHLETICA (CONSIGNMENT)
2025-11-21,Poloshirt @800,1,JYL ATHLETICA (CONSIGNMENT)
2025-11-21,Taslan NEW,1,JYL ATHLETICA (CONSIGNMENT)
2025-11-21,Tiger Claw Keychain @375,1,MADEBYRUZ CONSUMER GOODS TRADING (CONSIGNMENT)
2025-11-21,Hoodies Breaker,3,NAPOLIZ ENTERPRISES (CONSIGNMENT)
2025-11-21,Tiger w/ Box,1,STITCH CORP. (BLEEVES CONSIGNMENT)
2025-11-21,Ballpen 2 Designs @50 (B&Y),6,STITCH CORP. (BLEEVES PAID)
2025-11-21,Corp Jacket V2,2,STITCH CORP. (BLEEVES PAID)
2025-11-21,Kraft Notebook @130,2,STITCH CORP. (BLEEVES PAID)
2025-11-21,Long Sticker @120,3,TET AND DARS (PAID)
2025-11-21,Pen @40,6,TET AND DARS (PAID)
2025-11-21,"Oversized shirt (V,B) @650",1,THREADMARKED (CONSIGNMENT)
2025-11-21,"Hoodie UST embro (V,G,Y,B) @1800",2,THREADMARKED (PAID)
2025-11-21,Aquaflask,10,USTORE (PAID)
2025-11-21,Button Pin (Big),7,USTORE (PAID)
2025-11-21,C. Keychain,3,USTORE (PAID)
2025-11-21,ID Case v2 @40,4,USTORE (PAID)
2025-11-21,Lanyard @180,17,USTORE (PAID)
2025-11-21,MJ Sticker Large,1,USTORE (PAID)
2025-11-21,MJ Sticker Medium,5,USTORE (PAID)
2025-11-21,MJ Sticker Small,5,USTORE (PAID)
2025-11-21,Notelet,8,USTORE (PAID)
2025-11-21,Stainless Eco Tumbler,11,USTORE (PAID)
2025-11-21,Tiger Plushie Big,3,USTORE (PAID)
2025-11-21,Tiger Plushie Small,1,USTORE (PAID)
2025-11-21,Tote Bag Canvas White @160,3,USTORE (PAID)
2025-11-21,Tote Viva Santo Tomas,2,USTORE (PAID)
2025-11-21,Umb ONE FOR UST,2,USTORE (PAID)
2025-11-21,Keychain,1,VARSITY LIFESTYLE (CONSIGNMENT)
2025-11-21,Lanyard,1,VARSITY LIFESTYLE (CONSIGNMENT)
2025-11-21,VL Sticker Pack,1,VARSITY LIFESTYLE (CONSIGNMENT)
2025-11-22,Black Embro,1,BLAZE (CONSIGNMENT)
2025-11-22,Polo Shirt @800,1,BLAZE (CONSIGNMENT)
2025-11-22,UST College ID Lace,1,JUC (CONSIGNMENT)
2025-11-22,UST OAT Hoodie Jacket,1,JUC (CONSIGNMENT)
2025-11-22,UST OAT MUG (B),2,JUC (CONSIGNMENT)
2025-11-22,"UST OAT MUG (Y,W)",5,JUC (CONSIGNMENT)
2025-11-22,UST OAT T-Shirt Y/B/COLLEGE,8,JUC (CONSIGNMENT)
2025-11-22,UST Sweatshirt Sporty,3,JUC (CONSIGNMENT)
2025-11-22,UST T-Shirt Santo Tomas Shirt/UST T-Shirt Tiger Pattern/HAPPY,21,JUC (CONSIGNMENT)
2025-11-22,UST T-Shirt Sporty,3,JUC (CONSIGNMENT)
2025-11-22,"Baseball Shirt (Y,W)",1,JYL ATHLETICA (CONSIGNMENT)
2025-11-22,Cotton Black Jacket,2,JYL ATHLETICA (CONSIGNMENT)
2025-11-22,Cotton Brush Jacket,1,JYL ATHLETICA (CONSIGNMENT)
2025-11-22,Cotton Gray Jacket,1,JYL ATHLETICA (CONSIGNMENT)
2025-11-22,DRI-FIT NEW,8,JYL ATHLETICA (CONSIGNMENT)
2025-11-22,Machete V2,1,JYL ATHLETICA (CONSIGNMENT)
2025-11-22,Poloshirt @800,1,JYL ATHLETICA (CONSIGNMENT)
2025-11-22,QUIANA SUBLI SHIRT (B&Y),1,JYL ATHLETICA (CONSIGNMENT)
2025-11-22,Tiger Claw,2,MADEBYRUZ CONSUMER GOODS TRADING (CONSIGNMENT)
2025-11-22,Tiger Claw Keychain @375,4,MADEBYRUZ CONSUMER GOODS TRADING (CONSIGNMENT)
2025-11-22,Tiger Headband (2 Designs),2,MADEBYRUZ CONSUMER GOODS TRADING (CONSIGNMENT)
2025-11-22,Hoodies Breaker,1,NAPOLIZ ENTERPRISES (CONSIGNMENT)
2025-11-22,Pen with BOX,1,NEW TRENDS (PAID)
2025-11-22,Wearable Blanket,1,STITCH CORP. (BLEEVES CONSIGNMENT)
2025-11-22,Ballpen 2 Designs @50 (B&Y),17,STITCH CORP. (BLEEVES PAID)
2025-11-22,Corp Jacket V2,2,STITCH CORP. (BLEEVES PAID)
2025-11-22,Arch @320,7,TET AND DARS (PAID)
2025-11-22,Long Sticker @120,4,TET AND DARS (PAID)
2025-11-22,"Oversized shirt (V,B) @650",1,THREADMARKED (CONSIGNMENT)
2025-11-22,"Hoodie UST embro (V,G,Y,B) @1800",2,THREADMARKED (PAID)
2025-11-22,Black Eco Bag,4,USTORE (PAID)
2025-11-22,Chibi Stickers,1,USTORE (PAID)
2025-11-22,ID Case @20,4,USTORE (PAID)
2025-11-22,ID Case v2 @40,3,USTORE (PAID)
2025-11-22,Lanyard @180,16,USTORE (PAID)
2025-11-22,MJ Sticker Large,7,USTORE (PAID)
2025-11-22,MJ Sticker Medium,12,USTORE (PAID)
2025-11-22,MJ Sticker Small,19,USTORE (PAID)
2025-11-22,Tote Bag Canvas White @160,2,USTORE (PAID)
2025-11-22,Tote Viva Santo Tomas,6,USTORE (PAID)
2025-11-22,Umb ONE FOR UST,6,USTORE (PAID)
2025-11-22,Yellow Lanyard,2,USTORE (PAID)
2025-11-22,Yellow Notebook,2,USTORE (PAID)
2025-11-22,Keychain,6,VARSITY LIFESTYLE (CONSIGNMENT)
2025-11-22,Lanyard,2,VARSITY LIFESTYLE (CONSIGNMENT)
2025-11-22,New GT Shirts,2,VARSITY LIFESTYLE (CONSIGNMENT)
2025-11-22,Scarves,2,VARSITY LIFESTYLE (CONSIGNMENT)
2025-11-24,UST College ID Lace,10,JUC (CONSIGNMENT)
2025-11-24,UST OAT Hoodie Jacket,2,JUC (CONSIGNMENT)
2025-11-24,UST OAT MUG (B),1,JUC (CONSIGNMENT)
2025-11-24,UST OAT T-Shirt Y/B/COLLEGE,3,JUC (CONSIGNMENT)
2025-11-24,UST Sweatshirt Sporty,2,JUC (CONSIGNMENT)
2025-11-24,UST T-Shirt Santo Tomas Shirt/UST T-Shirt Tiger Pattern/HAPPY,13,JUC (CONSIGNMENT)
2025-11-24,UST T-Shirt Sporty,1,JUC (CONSIGNMENT)
2025-11-24,Cotton Brush Jacket,1,JYL ATHLETICA (CONSIGNMENT)
2025-11-24,Cotton Gray Jacket,1,JYL ATHLETICA (CONSIGNMENT)
2025-11-24,Machete V2,1,JYL ATHLETICA (CONSIGNMENT)
2025-11-24,Poloshirt 123456 @860,3,JYL ATHLETICA (CONSIGNMENT)
2025-11-24,Poloshirt @800,7,JYL ATHLETICA (CONSIGNMENT)
2025-11-24,QUIANA SUBLI SHIRT (B&Y),3,JYL ATHLETICA (CONSIGNMENT)
2025-11-24,Small Mystery Car,1,MADEBYRUZ CONSUMER GOODS TRADING (CONSIGNMENT)
2025-11-24,Tiger Claw Keychain @375,2,MADEBYRUZ CONSUMER GOODS TRADING (CONSIGNMENT)
2025-11-24,Hoodies Breaker,1,NAPOLIZ ENTERPRISES (CONSIGNMENT)
2025-11-24,Baseball Cap METAL @380,1,STITCH CORP. (BLEEVES CONSIGNMENT)
2025-11-24,Clock @700,46,STITCH CORP. (BLEEVES CONSIGNMENT)
2025-11-24,Wearable Blanket,1,STITCH CORP. (BLEEVES CONSIGNMENT)
2025-11-24,Ballpen 2 Designs @50 (B&Y),55,STITCH CORP. (BLEEVES PAID)
2025-11-24,Corp Jacket V2,2,STITCH CORP. (BLEEVES PAID)
2025-11-24,Kraft Notebook @130,1,STITCH CORP. (BLEEVES PAID)
2025-11-24,Logo Sticker @25,1,TET AND DARS (PAID)
2025-11-24,Pen @40,2,TET AND DARS (PAID)
2025-11-24,"Go USTE (W,Y,B) @450",1,THREADMARKED (CONSIGNMENT)
2025-11-24,"Oversized shirt (V,B) @650",3,THREADMARKED (CONSIGNMENT)
2025-11-24,"Hoodie UST embro (V,G,Y,B) @1800",7,THREADMARKED (PAID)
2025-11-24,5M Rotating Keychain,4,USTORE (PAID)
2025-11-24,Aquaflask,2,USTORE (PAID)
2025-11-24,Black Eco Bag,1,USTORE (PAID)
2025-11-24,C. Keychain,10,USTORE (PAID)
2025-11-24,Chibi Stickers,2,USTORE (PAID)
2025-11-24,College Sticker @120,1,USTORE (PAID)
2025-11-24,ID Case v2 @40,1,USTORE (PAID)
2025-11-24,Lanyard @180,15,USTORE (PAID)
2025-11-24,MJ Sticker Large,3,USTORE (PAID)
2025-11-24,MJ Sticker Medium,7,USTORE (PAID)
2025-11-24,MJ Sticker Small,6,USTORE (PAID)
2025-11-24,Notelet,50,USTORE (PAID)
2025-11-24,Pencil,20,USTORE (PAID)
2025-11-24,Tiger Plushie Big,2,USTORE (PAID)
2025-11-24,Tiger Plushie Small,5,USTORE (PAID)
2025-11-24,Umb ONE FOR UST,2,USTORE (PAID)
2025-11-24,USTORE Voucher (1000),12,USTORE (PAID)
2025-11-24,Yellow Lanyard,3,USTORE (PAID)
2025-11-24,VL Sticker Pack,1,VARSITY LIFESTYLE (CONSIGNMENT)
2025-11-25,Polo Shirt @800,1,BLAZE (CONSIGNMENT)
2025-11-25,White Embro,2,BLAZE (CONSIGNMENT)
2025-11-25,Shirts all @450 UPSIZE (3XL-4XL),1,JUC (CONSIGNMENT)
2025-11-25,UST College ID Lace,5,JUC (CONSIGNMENT)
2025-11-25,UST OAT MUG (B),4,JUC (CONSIGNMENT)
2025-11-25,"UST OAT MUG (Y,W)",8,JUC (CONSIGNMENT)
2025-11-25,UST OAT T-Shirt Y/B/COLLEGE,3,JUC (CONSIGNMENT)
2025-11-25,UST Sweatshirt Sporty,2,JUC (CONSIGNMENT)
2025-11-25,UST T-Shirt Santo Tomas Shirt/UST T-Shirt Tiger Pattern/HAPPY,19,JUC (CONSIGNMENT)
2025-11-25,Corp Jacket,1,JYL ATHLETICA (CONSIGNMENT)
2025-11-25,Cotton Brush Jacket,1,JYL ATHLETICA (CONSIGNMENT)
2025-11-25,Cotton Gray Jacket,1,JYL ATHLETICA (CONSIGNMENT)
2025-11-25,Machete V2,2,JYL ATHLETICA (CONSIGNMENT)
2025-11-25,Poloshirt @800,3,JYL ATHLETICA (CONSIGNMENT)
2025-11-25,QUIANA SUBLI SHIRT (B&Y),1,JYL ATHLETICA (CONSIGNMENT)
2025-11-25,Big Car,1,MADEBYRUZ CONSUMER GOODS TRADING (CONSIGNMENT)
2025-11-25,Tiger Claw,1,MADEBYRUZ CONSUMER GOODS TRADING (CONSIGNMENT)
2025-11-25,Tiger Claw Keychain @375,1,MADEBYRUZ CONSUMER GOODS TRADING (CONSIGNMENT)
2025-11-25,Tiger Headband (2 Designs),1,MADEBYRUZ CONSUMER GOODS TRADING (CONSIGNMENT)
2025-11-25,Pen with BOX,1,NEW TRENDS (PAID)
2025-11-25,Baseball Cap METAL @380,1,STITCH CORP. (BLEEVES CONSIGNMENT)
2025-11-25,Tiger w/ Box,9,STITCH CORP. (BLEEVES CONSIGNMENT)
2025-11-25,Ballpen 2 Designs @50 (B&Y),65,STITCH CORP. (BLEEVES PAID)
2025-11-25,Bamboo Notebook @150,3,STITCH CORP. (BLEEVES PAID)
2025-11-25,Bamboo Pen @60,3,STITCH CORP. (BLEEVES PAID)
2025-11-25,Corp Jacket V2,5,STITCH CORP. (BLEEVES PAID)
2025-11-25,Arch @320,1,TET AND DARS (PAID)
2025-11-25,Pen @40,1,TET AND DARS (PAID)
2025-11-25,"Go USTE (W,Y,B) @450",3,THREADMARKED (CONSIGNMENT)
2025-11-25,"Oversized shirt (V,B) @650",2,THREADMARKED (CONSIGNMENT)
2025-11-25,"Hoodie UST embro (V,G,Y,B) @1800",2,THREADMARKED (PAID)
2025-11-25,5M Magnetic Pin,1,USTORE (PAID)
2025-11-25,5M Rotating Keychain,2,USTORE (PAID)
2025-11-25,Aquaflask,3,USTORE (PAID)
2025-11-25,Black Eco Bag,2,USTORE (PAID)
2025-11-25,Chibi Stickers,2,USTORE (PAID)
2025-11-25,ID Case v2 @40,2,USTORE (PAID)
2025-11-25,Lanyard @180,14,USTORE (PAID)
2025-11-25,MJ Sticker Large,3,USTORE (PAID)
2025-11-25,MJ Sticker Medium,2,USTORE (PAID)
2025-11-25,MJ Sticker Small,3,USTORE (PAID)
2025-11-25,Notelet,51,USTORE (PAID)
2025-11-25,Pencil,8,USTORE (PAID)
2025-11-25,Tiger Plushie Small,1,USTORE (PAID)
2025-11-25,Tote Bag Canvas White @160,2,USTORE (PAID)
2025-11-25,Travel Mug,3,USTORE (PAID)
2025-11-25,Umb ONE FOR UST,10,USTORE (PAID)
2025-11-25,Yellow Notebook,1,USTORE (PAID)
2025-11-26,Polo Shirt @800,1,BLAZE (CONSIGNMENT)
2025-11-26,UST College ID Lace,3,JUC (CONSIGNMENT)
2025-11-26,UST OAT MUG (B),2,JUC (CONSIGNMENT)
2025-11-26,"UST OAT MUG (Y,W)",1,JUC (CONSIGNMENT)
2025-11-26,UST OAT T-Shirt Y/B/COLLEGE,4,JUC (CONSIGNMENT)
2025-11-26,UST Sweatshirt Sporty,1,JUC (CONSIGNMENT)
2025-11-26,UST T-Shirt Santo Tomas Shirt/UST T-Shirt Tiger Pattern/HAPPY,11,JUC (CONSIGNMENT)
2025-11-26,UST T-Shirt Sporty,1,JUC (CONSIGNMENT)
2025-11-26,Cotton Black Jacket,3,JYL ATHLETICA (CONSIGNMENT)
2025-11-26,Cotton Brush Jacket,2,JYL ATHLETICA (CONSIGNMENT)
2025-11-26,DRI-FIT NEW,1,JYL ATHLETICA (CONSIGNMENT)
2025-11-26,Poloshirt @800,1,JYL ATHLETICA (CONSIGNMENT)
2025-11-26,QUIANA SUBLI SHIRT (B&Y),1,JYL ATHLETICA (CONSIGNMENT)
2025-11-26,Tiger Claw Keychain @375,1,MADEBYRUZ CONSUMER GOODS TRADING (CONSIGNMENT)
2025-11-26,Tiger Costume,1,MADEBYRUZ CONSUMER GOODS TRADING (CONSIGNMENT)
2025-11-26,Hoodies Breaker,2,NAPOLIZ ENTERPRISES (CONSIGNMENT)
2025-11-26,Tiger w/ Box,4,STITCH CORP. (BLEEVES CONSIGNMENT)
2025-11-26,Ballpen 2 Designs @50 (B&Y),15,STITCH CORP. (BLEEVES PAID)
2025-11-26,Bamboo Pen @60,6,STITCH CORP. (BLEEVES PAID)
2025-11-26,Corp Jacket V2,3,STITCH CORP. (BLEEVES PAID)
2025-11-26,Kraft Notebook @130,5,STITCH CORP. (BLEEVES PAID)
2025-11-26,Logo Sticker @25,2,TET AND DARS (PAID)
2025-11-26,Pen @40,8,TET AND DARS (PAID)
2025-11-26,"Go USTE (W,Y,B) @450",2,THREADMARKED (CONSIGNMENT)
2025-11-26,"Oversized shirt (V,B) @650",4,THREADMARKED (CONSIGNMENT)
2025-11-26,"Hoodie UST embro (V,G,Y,B) @1800",4,THREADMARKED (PAID)
2025-11-26,5M Magnetic Pin,2,USTORE (PAID)
2025-11-26,5M Rotating Keychain,17,USTORE (PAID)
2025-11-26,Black Eco Bag,5,USTORE (PAID)
2025-11-26,C. Keychain,1,USTORE (PAID)
2025-11-26,Chibi Stickers,2,USTORE (PAID)
2025-11-26,ID Case v2 @40,2,USTORE (PAID)
2025-11-26,Lanyard @180,16,USTORE (PAID)
2025-11-26,MJ Sticker Large,3,USTORE (PAID)
2025-11-26,MJ Sticker Medium,11,USTORE (PAID)
2025-11-26,MJ Sticker Small,15,USTORE (PAID)
2025-11-26,Notelet,1,USTORE (PAID)
2025-11-26,Scarf @490,1,USTORE (PAID)
2025-11-26,Tiger Plushie Big,1,USTORE (PAID)
2025-11-26,Umb ONE FOR UST,3,USTORE (PAID)
2025-11-26,Utensils,1,USTORE (PAID)
2025-11-26,Yellow Lanyard,8,USTORE (PAID)
2025-11-26,Yellow Notebook,2,USTORE (PAID)
2025-11-26,Keychain,2,VARSITY LIFESTYLE (CONSIGNMENT)
2025-11-26,VL Sticker Pack,1,VARSITY LIFESTYLE (CONSIGNMENT)
2025-11-27,ABSC College Shirt (60th),1,ARTS AND LETTERS (SHIRT HAPPENS)
2025-11-27,White Embro,2,BLAZE (CONSIGNMENT)
2025-11-27,UST College ID Lace,8,JUC (CONSIGNMENT)
2025-11-27,UST OAT Hoodie Jacket,1,JUC (CONSIGNMENT)
2025-11-27,UST OAT MUG (B),6,JUC (CONSIGNMENT)
2025-11-27,"UST OAT MUG (Y,W)",4,JUC (CONSIGNMENT)
2025-11-27,UST OAT T-Shirt Y/B/COLLEGE,10,JUC (CONSIGNMENT)
2025-11-27,UST Sweatshirt Sporty,1,JUC (CONSIGNMENT)
2025-11-27,UST T-Shirt Santo Tomas Shirt/UST T-Shirt Tiger Pattern/HAPPY,11,JUC (CONSIGNMENT)
2025-11-27,UST T-Shirt Sporty,5,JUC (CONSIGNMENT)
2025-11-27,DRI-FIT NEW,2,JYL ATHLETICA (CONSIGNMENT)
2025-11-27,Machete V2,1,JYL ATHLETICA (CONSIGNMENT)
2025-11-27,Poloshirt @800,3,JYL ATHLETICA (CONSIGNMENT)
2025-11-27,QUIANA SUBLI SHIRT (B&Y),1,JYL ATHLETICA (CONSIGNMENT)
2025-11-27,Taslan NEW,1,JYL ATHLETICA (CONSIGNMENT)
2025-11-27,Hoodies Breaker,2,NAPOLIZ ENTERPRISES (CONSIGNMENT)
2025-11-27,Ballpen 2 Designs @50 (B&Y),5,STITCH CORP. (BLEEVES PAID)
2025-11-27,Bamboo Notebook @150,2,STITCH CORP. (BLEEVES PAID)
2025-11-27,Corp Jacket V2,3,STITCH CORP. (BLEEVES PAID)
2025-11-27,Kraft Notebook @130,4,STITCH CORP. (BLEEVES PAID)
2025-11-27,Logo Sticker @25,4,TET AND DARS (PAID)
2025-11-27,Long Sticker @120,2,TET AND DARS (PAID)
2025-11-27,Pen @40,5,TET AND DARS (PAID)
2025-11-27,"Oversized shirt (V,B) @650",6,THREADMARKED (CONSIGNMENT)
2025-11-27,"Hoodie UST embro (V,G,Y,B) @1800",1,THREADMARKED (PAID)
2025-11-27,Two-toned windbreaker @1700,6,THREADMARKED (PAID)
2025-11-27,5M Magnetic Pin,3,USTORE (PAID)
2025-11-27,5M Rotating Keychain,3,USTORE (PAID)
2025-11-27,Black Eco Bag,6,USTORE (PAID)
2025-11-27,Blanca Pen,1,USTORE (PAID)
2025-11-27,Button Pin (Big),2,USTORE (PAID)
2025-11-27,C. Keychain,1,USTORE (PAID)
2025-11-27,Chibi Stickers,3,USTORE (PAID)
2025-11-27,ID Case v2 @40,3,USTORE (PAID)
2025-11-27,Lanyard @180,19,USTORE (PAID)
2025-11-27,MJ Sticker Large,1,USTORE (PAID)
2025-11-27,MJ Sticker Medium,3,USTORE (PAID)
2025-11-27,MJ Sticker Small,3,USTORE (PAID)
2025-11-27,Tiger Plushie Small,4,USTORE (PAID)
2025-11-27,Tote Viva Santo Tomas,3,USTORE (PAID)
2025-11-27,Umb ONE FOR UST,4,USTORE (PAID)
2025-11-27,Utensils,1,USTORE (PAID)
2025-11-27,Yellow Lanyard,5,USTORE (PAID)
2025-11-27,Yellow Notebook,4,USTORE (PAID)
2025-11-27,Lanyard,4,VARSITY LIFESTYLE (CONSIGNMENT)
2025-11-28,White Embro,4,BLAZE (CONSIGNMENT)
2025-11-28,Shirts all @450 UPSIZE (3XL-4XL),2,JUC (CONSIGNMENT)
2025-11-28,UST College ID Lace,5,JUC (CONSIGNMENT)
2025-11-28,UST OAT MUG (B),2,JUC (CONSIGNMENT)
2025-11-28,"UST OAT MUG (Y,W)",1,JUC (CONSIGNMENT)
2025-11-28,UST OAT T-Shirt Y/B/COLLEGE,17,JUC (CONSIGNMENT)
2025-11-28,UST Sweatshirt Sporty,2,JUC (CONSIGNMENT)
2025-11-28,UST T-Shirt Santo Tomas Shirt/UST T-Shirt Tiger Pattern/HAPPY,58,JUC (CONSIGNMENT)
2025-11-28,UST T-Shirt Sporty,23,JUC (CONSIGNMENT)
2025-11-28,Cotton Black Jacket,1,JYL ATHLETICA (CONSIGNMENT)
2025-11-28,Cotton Brush Jacket,2,JYL ATHLETICA (CONSIGNMENT)
2025-11-28,DRI-FIT NEW,1,JYL ATHLETICA (CONSIGNMENT)
2025-11-28,Machete V2,1,JYL ATHLETICA (CONSIGNMENT)
2025-11-28,Poloshirt @800,1,JYL ATHLETICA (CONSIGNMENT)
2025-11-28,QUIANA SUBLI SHIRT (B&Y),3,JYL ATHLETICA (CONSIGNMENT)
2025-11-28,Ballpen 2 Designs @50 (B&Y),17,STITCH CORP. (BLEEVES PAID)
2025-11-28,Bamboo Notebook @150,3,STITCH CORP. (BLEEVES PAID)
2025-11-28,Bamboo Pen @60,2,STITCH CORP. (BLEEVES PAID)
2025-11-28,Corp Jacket V2,1,STITCH CORP. (BLEEVES PAID)
2025-11-28,Long Sticker @120,1,TET AND DARS (PAID)
2025-11-28,Pen @40,1,TET AND DARS (PAID)
2025-11-28,"Go USTE (W,Y,B) @450",6,THREADMARKED (CONSIGNMENT)
2025-11-28,"Oversized shirt (V,B) @650",2,THREADMARKED (CONSIGNMENT)
2025-11-28,"Hoodie UST embro (V,G,Y,B) @1800",3,THREADMARKED (PAID)
2025-11-28,280ml Desk Mug,1,TIGER FLASK
2025-11-28,Button Pin (Small),3,USTORE (PAID)
2025-11-28,C. Keychain,3,USTORE (PAID)
2025-11-28,ID Case @20,3,USTORE (PAID)
2025-11-28,ID Case v2 @40,1,USTORE (PAID)
2025-11-28,Lanyard @180,17,USTORE (PAID)
2025-11-28,MJ Sticker Large,1,USTORE (PAID)
2025-11-28,MJ Sticker Medium,3,USTORE (PAID)
2025-11-28,MJ Sticker Small,4,USTORE (PAID)
2025-11-28,Scarf @490,1,USTORE (PAID)
2025-11-28,Tiger Plushie Small,1,USTORE (PAID)
2025-11-28,Tote Viva Santo Tomas,2,USTORE (PAID)
2025-11-28,Umb ONE FOR UST,1,USTORE (PAID)
2025-11-28,Yellow Notebook,2,USTORE (PAID)
2025-11-28,Keychain,5,VARSITY LIFESTYLE (CONSIGNMENT)
2025-11-28,New GT Shirts,1,VARSITY LIFESTYLE (CONSIGNMENT)
2025-11-30,Shirts all @450 UPSIZE (3XL-4XL),1,JUC (CONSIGNMENT)
2025-11-30,UST OAT T-Shirt Y/B/COLLEGE,3,JUC (CONSIGNMENT)
2025-11-30,UST Sweatshirt Sporty,2,JUC (CONSIGNMENT)
2025-11-30,UST T-Shirt Santo Tomas Shirt/UST T-Shirt Tiger Pattern/HAPPY,2,JUC (CONSIGNMENT)
2025-11-30,"Baseball Shirt (Y,W)",2,JYL ATHLETICA (CONSIGNMENT)
2025-11-30,Cotton Brush Jacket,2,JYL ATHLETICA (CONSIGNMENT)
2025-11-30,Cotton Gray Jacket,1,JYL ATHLETICA (CONSIGNMENT)
2025-11-30,Machete V2,1,JYL ATHLETICA (CONSIGNMENT)
2025-11-30,Poloshirt @800,2,JYL ATHLETICA (CONSIGNMENT)
2025-11-30,Hoodies Breaker,6,NAPOLIZ ENTERPRISES (CONSIGNMENT)
2025-11-30,Tiger w/ Box,2,STITCH CORP. (BLEEVES CONSIGNMENT)
2025-11-30,Corp Jacket V2,1,STITCH CORP. (BLEEVES PAID)
2025-11-30,Arch @320,4,TET AND DARS (PAID)
2025-11-30,"Go USTE (W,Y,B) @450",4,THREADMARKED (CONSIGNMENT)
2025-11-30,"Oversized shirt (V,B) @650",2,THREADMARKED (CONSIGNMENT)
2025-11-30,Lanyard @180,19,USTORE (PAID)
2025-11-30,Umb ONE FOR UST,6,USTORE (PAID)
2025-11-30,Keychain,5,VARSITY LIFESTYLE (CONSIGNMENT)
2025-11-30,Lanyard,3,VARSITY LIFESTYLE (CONSIGNMENT)
2025-11-30,Long Sticker,2,VARSITY LIFESTYLE (CONSIGNMENT)
2025-11-30,New GT Shirts,1,VARSITY LIFESTYLE (CONSIGNMENT)
2025-12-02,Black Embro,1,BLAZE (CONSIGNMENT)
2025-12-02,White Embro,3,BLAZE (CONSIGNMENT)
2025-12-02,Shirts all @450 UPSIZE (3XL-4XL),1,JUC (CONSIGNMENT)
2025-12-02,UST College ID Lace,1,JUC (CONSIGNMENT)
2025-12-02,UST OAT Hoodie Jacket,1,JUC (CONSIGNMENT)
2025-12-02,UST OAT MUG (B),8,JUC (CONSIGNMENT)
2025-12-02,"UST OAT MUG (Y,W)",3,JUC (CONSIGNMENT)
2025-12-02,UST OAT T-Shirt Y/B/COLLEGE,8,JUC (CONSIGNMENT)
2025-12-02,UST Sweatshirt Sporty,1,JUC (CONSIGNMENT)
2025-12-02,UST T-Shirt Santo Tomas Shirt/UST T-Shirt Tiger Pattern/HAPPY,31,JUC (CONSIGNMENT)
2025-12-02,UST T-Shirt Sporty,6,JUC (CONSIGNMENT)
2025-12-02,Corp Jacket,1,JYL ATHLETICA (CONSIGNMENT)
2025-12-02,Cotton Brush Jacket,1,JYL ATHLETICA (CONSIGNMENT)
2025-12-02,Cotton Gray Jacket,1,JYL ATHLETICA (CONSIGNMENT)
2025-12-02,DRI-FIT NEW,3,JYL ATHLETICA (CONSIGNMENT)
2025-12-02,Jacket,1,JYL ATHLETICA (CONSIGNMENT)
2025-12-02,Poloshirt @800,4,JYL ATHLETICA (CONSIGNMENT)
2025-12-02,QUIANA SUBLI SHIRT (B&Y),4,JYL ATHLETICA (CONSIGNMENT)
2025-12-02,Tiger Headband (2 Designs),1,MADEBYRUZ CONSUMER GOODS TRADING (CONSIGNMENT)
2025-12-02,Tiger Paw Keychain @375,1,MADEBYRUZ CONSUMER GOODS TRADING (CONSIGNMENT)
2025-12-02,Hoodies Breaker,4,NAPOLIZ ENTERPRISES (CONSIGNMENT)
2025-12-02,Pen with BOX,1,NEW TRENDS (PAID)
2025-12-02,Clock @550,3,STITCH CORP. (BLEEVES CONSIGNMENT)
2025-12-02,Ballpen 2 Designs @50 (B&Y),6,STITCH CORP. (BLEEVES PAID)
2025-12-02,Corp Jacket V2,4,STITCH CORP. (BLEEVES PAID)
2025-12-02,Kraft Notebook @130,10,STITCH CORP. (BLEEVES PAID)
2025-12-02,Long Sticker @120,1,TET AND DARS (PAID)
2025-12-02,"Go USTE (W,Y,B) @450",2,THREADMARKED (CONSIGNMENT)
2025-12-02,"Hoodie UST embro (V,G,Y,B) @1800",4,THREADMARKED (PAID)
2025-12-02,5M Rotating Keychain,1,USTORE (PAID)
2025-12-02,Black Eco Bag,8,USTORE (PAID)
2025-12-02,C. Keychain,5,USTORE (PAID)
2025-12-02,ID Case @20,7,USTORE (PAID)
2025-12-02,Lanyard @180,20,USTORE (PAID)
2025-12-02,MJ Sticker Small,1,USTORE (PAID)
2025-12-02,Notelet,2,USTORE (PAID)
2025-12-02,Tiger Plushie Big,1,USTORE (PAID)
2025-12-02,Tiger Plushie Small,1,USTORE (PAID)
2025-12-02,Tote Viva Santo Tomas,4,USTORE (PAID)
2025-12-02,Umb ONE FOR UST,7,USTORE (PAID)
2025-12-02,Yellow Lanyard,4,USTORE (PAID)
2025-12-02,Lanyard,2,VARSITY LIFESTYLE (CONSIGNMENT)
2025-12-02,Long Sticker,1,VARSITY LIFESTYLE (CONSIGNMENT)
2025-12-02,New GT Shirts,1,VARSITY LIFESTYLE (CONSIGNMENT)
2025-12-02,VL Sticker Pack,1,VARSITY LIFESTYLE (CONSIGNMENT)
2025-12-03,Woven Sling Bag (LARGE),1,"ASSOCIATION FOR THE EDUCATIONAL ASSISTANCE OF POOR SEMINARIANS, INC."
2025-12-03,Woven Tote Bag (BIG),1,"ASSOCIATION FOR THE EDUCATIONAL ASSISTANCE OF POOR SEMINARIANS, INC."
2025-12-03,Black Embro,1,BLAZE (CONSIGNMENT)
2025-12-03,White Embro,3,BLAZE (CONSIGNMENT)
2025-12-03,Shirts all @450 UPSIZE (3XL-4XL),2,JUC (CONSIGNMENT)
2025-12-03,UST College ID Lace,12,JUC (CONSIGNMENT)
2025-12-03,UST OAT MUG (B),2,JUC (CONSIGNMENT)
2025-12-03,"UST OAT MUG (Y,W)",1,JUC (CONSIGNMENT)
2025-12-03,UST OAT T-Shirt Y/B/COLLEGE,13,JUC (CONSIGNMENT)
2025-12-03,UST T-Shirt Santo Tomas Shirt/UST T-Shirt Tiger Pattern/HAPPY,22,JUC (CONSIGNMENT)
2025-12-03,UST T-Shirt Sporty,6,JUC (CONSIGNMENT)
2025-12-03,Corp Jacket,4,JYL ATHLETICA (CONSIGNMENT)
2025-12-03,Corp Windbreaker,1,JYL ATHLETICA (CONSIGNMENT)
2025-12-03,Cotton Brush Jacket,1,JYL ATHLETICA (CONSIGNMENT)
2025-12-03,Cotton Gray Jacket,1,JYL ATHLETICA (CONSIGNMENT)
2025-12-03,DRI-FIT NEW,1,JYL ATHLETICA (CONSIGNMENT)
2025-12-03,Jacket,1,JYL ATHLETICA (CONSIGNMENT)
2025-12-03,Machete V2,2,JYL ATHLETICA (CONSIGNMENT)
2025-12-03,Poloshirt @800,1,JYL ATHLETICA (CONSIGNMENT)
2025-12-03,QUIANA SUBLI SHIRT (B&Y),3,JYL ATHLETICA (CONSIGNMENT)
2025-12-03,Tiger Claw,6,MADEBYRUZ CONSUMER GOODS TRADING (CONSIGNMENT)
2025-12-03,Tiger Headband (2 Designs),1,MADEBYRUZ CONSUMER GOODS TRADING (CONSIGNMENT)
2025-12-03,Wearable Blanket,5,STITCH CORP. (BLEEVES CONSIGNMENT)
2025-12-03,Ballpen 2 Designs @50 (B&Y),16,STITCH CORP. (BLEEVES PAID)
2025-12-03,Bamboo Pen @60,3,STITCH CORP. (BLEEVES PAID)
2025-12-03,Corp Jacket V2,4,STITCH CORP. (BLEEVES PAID)
2025-12-03,Kraft Notebook @130,1,STITCH CORP. (BLEEVES PAID)
2025-12-03,Arch @320,2,TET AND DARS (PAID)
2025-12-03,Pen @40,12,TET AND DARS (PAID)
2025-12-03,"Go USTE (W,Y,B) @450",3,THREADMARKED (CONSIGNMENT)
2025-12-03,"Hoodie UST embro (V,G,Y,B) @1800",3,THREADMARKED (PAID)
2025-12-03,1.2L Tumbler (MTA-T120) for Carbonated Drinks,2,TIGER FLASK
2025-12-03,480ML Tumbler (MKA-KO48) Push Button Lid Anti-Bacterial,2,TIGER FLASK
2025-12-03,5M Magnetic Pin,26,USTORE (PAID)
2025-12-03,5M Rotating Keychain,28,USTORE (PAID)
2025-12-03,Aquaflask,1,USTORE (PAID)
2025-12-03,Blanca Pen,10,USTORE (PAID)
2025-12-03,Bookmark,1,USTORE (PAID)
2025-12-03,Button Pin (Small),2,USTORE (PAID)
2025-12-03,C. Keychain,11,USTORE (PAID)
2025-12-03,Clappers,1,USTORE (PAID)
2025-12-03,ID Case v2 @40,13,USTORE (PAID)
2025-12-03,Lanyard @180,38,USTORE (PAID)
2025-12-03,MJ Sticker Large,7,USTORE (PAID)
2025-12-03,MJ Sticker Medium,8,USTORE (PAID)
2025-12-03,MJ Sticker Small,18,USTORE (PAID)
2025-12-03,Notelet,1,USTORE (PAID)
2025-12-03,Stainless Eco Tumbler,5,USTORE (PAID)
2025-12-03,Tiger Plushie Small,12,USTORE (PAID)
2025-12-03,Tote Viva Santo Tomas,4,USTORE (PAID)
2025-12-03,Umb ONE FOR UST,7,USTORE (PAID)
2025-12-03,USTORE Voucher (1000),10,USTORE (PAID)
2025-12-03,Yellow Lanyard,5,USTORE (PAID)
2025-12-03,Yellow Notebook,6,USTORE (PAID)
2025-12-03,Keychain,5,VARSITY LIFESTYLE (CONSIGNMENT)
2025-12-03,Lanyard,4,VARSITY LIFESTYLE (CONSIGNMENT)
2025-12-03,VL Sticker Pack,1,VARSITY LIFESTYLE (CONSIGNMENT)
2025-12-04,Black Embro,1,BLAZE (CONSIGNMENT)
2025-12-04,Shirts all @450 UPSIZE (3XL-4XL),2,JUC (CONSIGNMENT)
2025-12-04,UST College ID Lace,8,JUC (CONSIGNMENT)
2025-12-04,UST OAT Hoodie Jacket,1,JUC (CONSIGNMENT)
2025-12-04,UST OAT T-Shirt Y/B/COLLEGE,7,JUC (CONSIGNMENT)
2025-12-04,UST Sweatshirt Sporty,1,JUC (CONSIGNMENT)
2025-12-04,UST T-Shirt Santo Tomas Shirt/UST T-Shirt Tiger Pattern/HAPPY,21,JUC (CONSIGNMENT)
2025-12-04,UST T-Shirt Sporty,1,JUC (CONSIGNMENT)
2025-12-04,Cotton Black Jacket,1,JYL ATHLETICA (CONSIGNMENT)
2025-12-04,Cotton Brush Jacket,2,JYL ATHLETICA (CONSIGNMENT)
2025-12-04,Cotton Gray Jacket,4,JYL ATHLETICA (CONSIGNMENT)
2025-12-04,DRI-FIT NEW,1,JYL ATHLETICA (CONSIGNMENT)
2025-12-04,Jacket,2,JYL ATHLETICA (CONSIGNMENT)
2025-12-04,Poloshirt @800,1,JYL ATHLETICA (CONSIGNMENT)
2025-12-04,QUIANA SUBLI SHIRT (B&Y),4,JYL ATHLETICA (CONSIGNMENT)
2025-12-04,Tiger Claw,1,MADEBYRUZ CONSUMER GOODS TRADING (CONSIGNMENT)
2025-12-04,Tiger Headband (2 Designs),1,MADEBYRUZ CONSUMER GOODS TRADING (CONSIGNMENT)
2025-12-04,Tiger Paw Keychain @375,1,MADEBYRUZ CONSUMER GOODS TRADING (CONSIGNMENT)
2025-12-04,Hoodies Breaker,3,NAPOLIZ ENTERPRISES (CONSIGNMENT)
2025-12-04,Ballpen 2 Designs @50 (B&Y),1,STITCH CORP. (BLEEVES PAID)
2025-12-04,Corp Jacket V2,3,STITCH CORP. (BLEEVES PAID)
2025-12-04,Pen @40,1,TET AND DARS (PAID)
2025-12-04,"Go USTE (W,Y,B) @450",4,THREADMARKED (CONSIGNMENT)
2025-12-04,"Oversized shirt (V,B) @650",3,THREADMARKED (CONSIGNMENT)
2025-12-04,"Hoodie UST embro (V,G,Y,B) @1800",1,THREADMARKED (PAID)
2025-12-04,5M Magnetic Pin,1,USTORE (PAID)
2025-12-04,5M Rotating Keychain,4,USTORE (PAID)
2025-12-04,Black Eco Bag,85,USTORE (PAID)
2025-12-04,Button Pin (Small),1,USTORE (PAID)
2025-12-04,C. Keychain,4,USTORE (PAID)
2025-12-04,ID Case v2 @40,1,USTORE (PAID)
2025-12-04,Lanyard @180,29,USTORE (PAID)
2025-12-04,MJ Sticker Medium,1,USTORE (PAID)
2025-12-04,MJ Sticker Small,3,USTORE (PAID)
2025-12-04,Stainless Eco Tumbler,1,USTORE (PAID)
2025-12-04,Tiger Plushie Big,2,USTORE (PAID)
2025-12-04,Tiger Plushie Small,1,USTORE (PAID)
2025-12-04,Tote Bag Canvas White @160,1,USTORE (PAID)
2025-12-04,Tote Viva Santo Tomas,2,USTORE (PAID)
2025-12-04,Umb ONE FOR UST,1,USTORE (PAID)
2025-12-04,Yellow Lanyard,3,USTORE (PAID)
2025-12-04,Yellow Notebook,1,USTORE (PAID)
2025-12-04,Keychain,1,VARSITY LIFESTYLE (CONSIGNMENT)
2025-12-04,VL Sticker Pack,1,VARSITY LIFESTYLE (CONSIGNMENT)
2025-12-06,Jacket,1,JYL ATHLETICA (CONSIGNMENT)
2025-12-07,Black Embro,22,BLAZE (CONSIGNMENT)
2025-12-07,Shirts all @450 UPSIZE (3XL-4XL),9,JUC (CONSIGNMENT)
2025-12-07,Shirts all @450 UPSIZE (5XL),1,JUC (CONSIGNMENT)
2025-12-07,UST OAT Hoodie Jacket,11,JUC (CONSIGNMENT)
2025-12-07,UST OAT MUG (B),12,JUC (CONSIGNMENT)
2025-12-07,"UST OAT MUG (Y,W)",8,JUC (CONSIGNMENT)
2025-12-07,UST OAT T-Shirt Y/B/COLLEGE,119,JUC (CONSIGNMENT)
2025-12-07,UST Sweatshirt Sporty,6,JUC (CONSIGNMENT)
2025-12-07,UST T-Shirt Santo Tomas Shirt/UST T-Shirt Tiger Pattern/HAPPY,224,JUC (CONSIGNMENT)
2025-12-07,UST T-Shirt Sporty,60,JUC (CONSIGNMENT)
2025-12-07,UST T-Shirt Sporty UPSIZE (3XL-5XL),1,JUC (CONSIGNMENT)
2025-12-07,Corp Jacket,2,JYL ATHLETICA (CONSIGNMENT)
2025-12-07,Corp Jacket V3,6,JYL ATHLETICA (CONSIGNMENT)
2025-12-07,Cotton Black Jacket,2,JYL ATHLETICA (CONSIGNMENT)
2025-12-07,Cotton Brush Jacket,8,JYL ATHLETICA (CONSIGNMENT)
2025-12-07,Cotton Gray Jacket,6,JYL ATHLETICA (CONSIGNMENT)
2025-12-07,Jacket,10,JYL ATHLETICA (CONSIGNMENT)
2025-12-07,Machete V2,9,JYL ATHLETICA (CONSIGNMENT)
2025-12-07,QUIANA SUBLI SHIRT (B&Y),33,JYL ATHLETICA (CONSIGNMENT)
2025-12-07,VB Jersey without Sig @1500,2,JYL ATHLETICA (CONSIGNMENT)
2025-12-07,Tiger Claw,3,MADEBYRUZ CONSUMER GOODS TRADING (CONSIGNMENT)
2025-12-07,Tiger Headband (2 Designs),70,MADEBYRUZ CONSUMER GOODS TRADING (CONSIGNMENT)
2025-12-07,Tiger Paw Keychain @375,99,MADEBYRUZ CONSUMER GOODS TRADING (CONSIGNMENT)
2025-12-07,Hoodies Breaker,8,NAPOLIZ ENTERPRISES (CONSIGNMENT)
2025-12-07,Go Fight UST Shirt,10,SHIRT HAPPENS
2025-12-07,Ballpen 2 Designs @50 (B&Y),187,STITCH CORP. (BLEEVES PAID)
2025-12-07,Bamboo Notebook @150,5,STITCH CORP. (BLEEVES PAID)
2025-12-07,Bamboo Pen @60,51,STITCH CORP. (BLEEVES PAID)
2025-12-07,Corp Jacket V2,16,STITCH CORP. (BLEEVES PAID)
2025-12-07,Pen @40,24,TET AND DARS (PAID)
2025-12-07,"Go USTE (W,Y,B) @450",21,THREADMARKED (CONSIGNMENT)
2025-12-07,"Oversized shirt (V,B) @650",26,THREADMARKED (CONSIGNMENT)
2025-12-07,"Hoodie UST embro (V,G,Y,B) @1800",30,THREADMARKED (PAID)
2025-12-07,Two-toned windbreaker @1700,17,THREADMARKED (PAID)
2025-12-07,5M Magnetic Pin,32,USTORE (PAID)
2025-12-07,5M Rotating Keychain,185,USTORE (PAID)
2025-12-07,Aquaflask,3,USTORE (PAID)
2025-12-07,Black Eco Bag,95,USTORE (PAID)
2025-12-07,Button Pin (Big),49,USTORE (PAID)
2025-12-07,Button Pin (Small),105,USTORE (PAID)
2025-12-07,Chibi Stickers,77,USTORE (PAID)
2025-12-07,ID Case v2 @40,29,USTORE (PAID)
2025-12-07,Lanyard @180,355,USTORE (PAID)
2025-12-07,Stainless Eco Tumbler,2,USTORE (PAID)
2025-12-07,Tiger Plushie Big,33,USTORE (PAID)
2025-12-07,Tiger Plushie Small,14,USTORE (PAID)
2025-12-07,Tote Bag Canvas White @160,36,USTORE (PAID)
2025-12-07,Tote ONE FOR UST,43,USTORE (PAID)
2025-12-07,Tote Viva Santo Tomas,38,USTORE (PAID)
2025-12-07,Umb ONE FOR UST,48,USTORE (PAID)
2025-12-07,Yellow Lanyard,87,USTORE (PAID)
2025-12-07,Yellow Notebook,35,USTORE (PAID)
2025-12-07,Keychain,48,VARSITY LIFESTYLE (CONSIGNMENT)
2025-12-07,Lanyard,101,VARSITY LIFESTYLE (CONSIGNMENT)
2025-12-07,Long Sticker,13,VARSITY LIFESTYLE (CONSIGNMENT)
2025-12-07,New GT Shirts,18,VARSITY LIFESTYLE (CONSIGNMENT)
2025-12-07,Sweatshirt (NEW),1,VARSITY LIFESTYLE (CONSIGNMENT)
2025-12-07,VL Sticker Pack,58,VARSITY LIFESTYLE (CONSIGNMENT)
2025-12-10,Black Embro,3,BLAZE (CONSIGNMENT)
2025-12-10,Polo Shirt @800,2,BLAZE (CONSIGNMENT)
2025-12-10,White Embro,2,BLAZE (CONSIGNMENT)
2025-12-10,UST College ID Lace,14,JUC (CONSIGNMENT)
2025-12-10,UST OAT Hoodie Jacket,4,JUC (CONSIGNMENT)
2025-12-10,UST OAT MUG (B),1,JUC (CONSIGNMENT)
2025-12-10,"UST OAT MUG (Y,W)",2,JUC (CONSIGNMENT)
2025-12-10,UST OAT T-Shirt Y/B/COLLEGE,10,JUC (CONSIGNMENT)
2025-12-10,UST Sweatshirt Sporty,2,JUC (CONSIGNMENT)
2025-12-10,UST T-Shirt Santo Tomas Shirt/UST T-Shirt Tiger Pattern/HAPPY,26,JUC (CONSIGNMENT)
2025-12-10,UST T-Shirt Sporty,5,JUC (CONSIGNMENT)
2025-12-10,"Baseball Shirt (Y,W)",1,JYL ATHLETICA (CONSIGNMENT)
2025-12-10,Corp Jacket V3,1,JYL ATHLETICA (CONSIGNMENT)
2025-12-10,Corp Windbreaker,1,JYL ATHLETICA (CONSIGNMENT)
2025-12-10,Cotton Black Jacket,1,JYL ATHLETICA (CONSIGNMENT)
2025-12-10,Cotton Brush Jacket,1,JYL ATHLETICA (CONSIGNMENT)
2025-12-10,Cotton Gray Jacket,1,JYL ATHLETICA (CONSIGNMENT)
2025-12-10,DRI-FIT NEW,1,JYL ATHLETICA (CONSIGNMENT)
2025-12-10,Jacket,2,JYL ATHLETICA (CONSIGNMENT)
2025-12-10,Machete V2,1,JYL ATHLETICA (CONSIGNMENT)
2025-12-10,Poloshirt @800,2,JYL ATHLETICA (CONSIGNMENT)
2025-12-10,QUIANA SUBLI SHIRT (B&Y),3,JYL ATHLETICA (CONSIGNMENT)
2025-12-10,Tiger Paw Keychain @375,9,MADEBYRUZ CONSUMER GOODS TRADING (CONSIGNMENT)
2025-12-10,Hoodies Breaker,3,NAPOLIZ ENTERPRISES (CONSIGNMENT)
2025-12-10,ABSC College Shirt (60th),2,SHIRT HAPPENS
2025-12-10,Ballpen 2 Designs @50 (B&Y),4,STITCH CORP. (BLEEVES PAID)
2025-12-10,Bamboo Notebook @150,3,STITCH CORP. (BLEEVES PAID)
2025-12-10,Bamboo Pen @60,7,STITCH CORP. (BLEEVES PAID)
2025-12-10,Pen @40,59,TET AND DARS (PAID)
2025-12-10,"Go USTE (W,Y,B) @450",1,THREADMARKED (CONSIGNMENT)
2025-12-10,"Oversized shirt (V,B) @650",3,THREADMARKED (CONSIGNMENT)
2025-12-10,"Hoodie UST embro (V,G,Y,B) @1800",8,THREADMARKED (PAID)
2025-12-10,Two-toned windbreaker @1700,3,THREADMARKED (PAID)
2025-12-10,1.2L Tumbler (MTA-T120) for Carbonated Drinks,2,TIGER FLASK
2025-12-10,280ml Desk Mug,1,TIGER FLASK
2025-12-10,5M Rotating Keychain,30,USTORE (PAID)
2025-12-10,Aquaflask,2,USTORE (PAID)
2025-12-10,Black Eco Bag,5,USTORE (PAID)
2025-12-10,Button Pin (Small),2,USTORE (PAID)
2025-12-10,C. Keychain,4,USTORE (PAID)
2025-12-10,Chibi Stickers,1,USTORE (PAID)
2025-12-10,ID Case v2 @40,7,USTORE (PAID)
2025-12-10,Insignia Pen,1,USTORE (PAID)
2025-12-10,Lanyard @180,18,USTORE (PAID)
2025-12-10,MJ Sticker Large,2,USTORE (PAID)
2025-12-10,MJ Sticker Medium,5,USTORE (PAID)
2025-12-10,MJ Sticker Small,1,USTORE (PAID)
2025-12-10,Notelet,4,USTORE (PAID)
2025-12-10,Picasso Pen,1,USTORE (PAID)
2025-12-10,Stainless Eco Tumbler,4,USTORE (PAID)
2025-12-10,Thomasian Kit,1,USTORE (PAID)
2025-12-10,Tiger Plushie Big,1,USTORE (PAID)
2025-12-10,Tiger Plushie Small,6,USTORE (PAID)
2025-12-10,Tote Bag Canvas White @160,9,USTORE (PAID)
2025-12-10,Tote Viva Santo Tomas,6,USTORE (PAID)
2025-12-10,Travel Mug,2,USTORE (PAID)
2025-12-10,Umb ONE FOR UST,15,USTORE (PAID)
2025-12-10,Yellow Lanyard,3,USTORE (PAID)
2025-12-10,Yellow Notebook,6,USTORE (PAID)
2025-12-10,Keychain,1,VARSITY LIFESTYLE (CONSIGNMENT)
2025-12-10,Lanyard,2,VARSITY LIFESTYLE (CONSIGNMENT)
2025-12-10,Long Sticker,1,VARSITY LIFESTYLE (CONSIGNMENT)
2025-12-10,New GT Shirts,2,VARSITY LIFESTYLE (CONSIGNMENT)
2025-12-10,VL Sticker Pack,1,VARSITY LIFESTYLE (CONSIGNMENT)
2025-12-11,Polo Shirt @800,1,BLAZE (CONSIGNMENT)
2025-12-11,Shirts all @450 UPSIZE (3XL-4XL),4,JUC (CONSIGNMENT)
2025-12-11,UST College ID Lace,8,JUC (CONSIGNMENT)
2025-12-11,UST OAT Hoodie Jacket,4,JUC (CONSIGNMENT)
2025-12-11,UST OAT MUG (B),1,JUC (CONSIGNMENT)
2025-12-11,"UST OAT MUG (Y,W)",3,JUC (CONSIGNMENT)
2025-12-11,UST OAT T-Shirt Y/B/COLLEGE,5,JUC (CONSIGNMENT)
2025-12-11,UST T-Shirt Santo Tomas Shirt/UST T-Shirt Tiger Pattern/HAPPY,20,JUC (CONSIGNMENT)
2025-12-11,UST T-Shirt Sporty,4,JUC (CONSIGNMENT)
2025-12-11,"Baseball Shirt (Y,W)",1,JYL ATHLETICA (CONSIGNMENT)
2025-12-11,Corp Jacket,1,JYL ATHLETICA (CONSIGNMENT)
2025-12-11,Corp Jacket V3,3,JYL ATHLETICA (CONSIGNMENT)
2025-12-11,Cotton Brush Jacket,1,JYL ATHLETICA (CONSIGNMENT)
2025-12-11,Cotton Gray Jacket,4,JYL ATHLETICA (CONSIGNMENT)
2025-12-11,DRI-FIT NEW,2,JYL ATHLETICA (CONSIGNMENT)
2025-12-11,Jacket,1,JYL ATHLETICA (CONSIGNMENT)
2025-12-11,QUIANA SUBLI SHIRT (B&Y),1,JYL ATHLETICA (CONSIGNMENT)
2025-12-11,Tiger Costume,2,MADEBYRUZ CONSUMER GOODS TRADING (CONSIGNMENT)
2025-12-11,Tiger Paw Keychain @375,6,MADEBYRUZ CONSUMER GOODS TRADING (CONSIGNMENT)
2025-12-11,Hoodies Breaker,6,NAPOLIZ ENTERPRISES (CONSIGNMENT)
2025-12-11,Ballpen 2 Designs @50 (B&Y),6,STITCH CORP. (BLEEVES PAID)
2025-12-11,Corp Jacket V2,1,STITCH CORP. (BLEEVES PAID)
2025-12-11,Kraft Notebook @130,1,STITCH CORP. (BLEEVES PAID)
2025-12-11,"Go USTE (W,Y,B) @450",5,THREADMARKED (CONSIGNMENT)
2025-12-11,"Oversized shirt (V,B) @650",4,THREADMARKED (CONSIGNMENT)
2025-12-11,"Hoodie UST embro (V,G,Y,B) @1800",5,THREADMARKED (PAID)
2025-12-11,Two-toned windbreaker @1700,1,THREADMARKED (PAID)
2025-12-11,1.5 Tumbler (MTA-T150) for Carbonated Drinks,2,TIGER FLASK
2025-12-11,5M Rotating Keychain,13,USTORE (PAID)
2025-12-11,Black Eco Bag,2,USTORE (PAID)
2025-12-11,C. Keychain,5,USTORE (PAID)
2025-12-11,ID Case v2 @40,1,USTORE (PAID)
2025-12-11,Lanyard @180,27,USTORE (PAID)
2025-12-11,MJ Sticker Large,3,USTORE (PAID)
2025-12-11,MJ Sticker Medium,1,USTORE (PAID)
2025-12-11,MJ Sticker Small,4,USTORE (PAID)
2025-12-11,Notelet,2,USTORE (PAID)
2025-12-11,Pencil,1,USTORE (PAID)
2025-12-11,Tiger Plushie Big,2,USTORE (PAID)
2025-12-11,Tote Viva Santo Tomas,4,USTORE (PAID)
2025-12-11,Umb ONE FOR UST,4,USTORE (PAID)
2025-12-11,Yellow Lanyard,4,USTORE (PAID)
2025-12-11,Yellow Notebook,2,USTORE (PAID)
2025-12-11,Keychain,1,VARSITY LIFESTYLE (CONSIGNMENT)
2025-12-11,Lanyard,2,VARSITY LIFESTYLE (CONSIGNMENT)
2025-12-11,Long Sticker,1,VARSITY LIFESTYLE (CONSIGNMENT)
2025-12-11,VL Sticker Pack,1,VARSITY LIFESTYLE (CONSIGNMENT)
2025-12-12,Woven Sling Bag (LARGE),1,"ASSOCIATION FOR THE EDUCATIONAL ASSISTANCE OF POOR SEMINARIANS, INC."
2025-12-12,Black Embro,1,BLAZE (CONSIGNMENT)
2025-12-12,White Embro,3,BLAZE (CONSIGNMENT)
2025-12-12,Shirts all @450 UPSIZE (3XL-4XL),2,JUC (CONSIGNMENT)
2025-12-12,UST College ID Lace,2,JUC (CONSIGNMENT)
2025-12-12,UST OAT MUG (B),2,JUC (CONSIGNMENT)
2025-12-12,"UST OAT MUG (Y,W)",8,JUC (CONSIGNMENT)
2025-12-12,UST OAT T-Shirt Y/B/COLLEGE,7,JUC (CONSIGNMENT)
2025-12-12,UST Sweatshirt Sporty,1,JUC (CONSIGNMENT)
2025-12-12,UST T-Shirt Santo Tomas Shirt/UST T-Shirt Tiger Pattern/HAPPY,32,JUC (CONSIGNMENT)
2025-12-12,UST T-Shirt Sporty,5,JUC (CONSIGNMENT)
2025-12-12,"Baseball Shirt (Y,W)",1,JYL ATHLETICA (CONSIGNMENT)
2025-12-12,Corp Jacket V3,1,JYL ATHLETICA (CONSIGNMENT)
2025-12-12,Cotton Brush Jacket,2,JYL ATHLETICA (CONSIGNMENT)
2025-12-12,DRI-FIT NEW,1,JYL ATHLETICA (CONSIGNMENT)
2025-12-12,Jacket,1,JYL ATHLETICA (CONSIGNMENT)
2025-12-12,Poloshirt @800,4,JYL ATHLETICA (CONSIGNMENT)
2025-12-12,QUIANA SUBLI SHIRT (B&Y),1,JYL ATHLETICA (CONSIGNMENT)
2025-12-12,VB Jersey without Sig @1500,1,JYL ATHLETICA (CONSIGNMENT)
2025-12-12,Tiger Paw Keychain @375,4,MADEBYRUZ CONSUMER GOODS TRADING (CONSIGNMENT)
2025-12-12,Hoodies Breaker,1,NAPOLIZ ENTERPRISES (CONSIGNMENT)
2025-12-12,Go Fight UST Shirt,1,SHIRT HAPPENS
2025-12-12,Ballpen 2 Designs @50 (B&Y),10,STITCH CORP. (BLEEVES PAID)
2025-12-12,Bamboo Pen @60,1,STITCH CORP. (BLEEVES PAID)
2025-12-12,Corp Jacket V2,4,STITCH CORP. (BLEEVES PAID)
2025-12-12,Kraft Notebook @130,2,STITCH CORP. (BLEEVES PAID)
2025-12-12,Logo Sticker @25,1,TET AND DARS (PAID)
2025-12-12,Long Sticker @120,1,TET AND DARS (PAID)
2025-12-12,"Go USTE (W,Y,B) @450",4,THREADMARKED (CONSIGNMENT)
2025-12-12,"Hoodie UST embro (V,G,Y,B) @1800",5,THREADMARKED (PAID)
2025-12-12,Two-toned windbreaker @1700,1,THREADMARKED (PAID)
2025-12-12,480ML Tumbler (MKA-KO48) Push Button Lid Anti-Bacterial,2,TIGER FLASK
2025-12-12,5M Rotating Keychain,3,USTORE (PAID)
2025-12-12,Aquaflask,1,USTORE (PAID)
2025-12-12,C. Keychain,3,USTORE (PAID)
2025-12-12,Clappers,8,USTORE (PAID)
2025-12-12,ID Case v2 @40,6,USTORE (PAID)
2025-12-12,Lanyard @180,24,USTORE (PAID)
2025-12-12,MJ Sticker Large,3,USTORE (PAID)
2025-12-12,MJ Sticker Medium,4,USTORE (PAID)
2025-12-12,MJ Sticker Small,5,USTORE (PAID)
2025-12-12,Notelet,18,USTORE (PAID)
2025-12-12,Stainless Eco Tumbler,2,USTORE (PAID)
2025-12-12,Tiger Plushie Small,1,USTORE (PAID)
2025-12-12,Tote Viva Santo Tomas,6,USTORE (PAID)
2025-12-12,Umb ONE FOR UST,7,USTORE (PAID)
2025-12-12,USTORE Voucher (1000),2,USTORE (PAID)
2025-12-12,Utensils,7,USTORE (PAID)
2025-12-12,Yellow Lanyard,2,USTORE (PAID)
2025-12-12,Lanyard,3,VARSITY LIFESTYLE (CONSIGNMENT)
2025-12-12,New GT Shirts,1,VARSITY LIFESTYLE (CONSIGNMENT)
2025-12-13,Black Embro,1,BLAZE (CONSIGNMENT)
2025-12-13,Shirts all @450 UPSIZE (3XL-4XL),2,JUC (CONSIGNMENT)
2025-12-13,UST College ID Lace,5,JUC (CONSIGNMENT)
2025-12-13,"UST OAT MUG (Y,W)",1,JUC (CONSIGNMENT)
2025-12-13,UST OAT T-Shirt Y/B/COLLEGE,18,JUC (CONSIGNMENT)
2025-12-13,UST T-Shirt Santo Tomas Shirt/UST T-Shirt Tiger Pattern/HAPPY,24,JUC (CONSIGNMENT)
2025-12-13,UST T-Shirt Sporty,4,JUC (CONSIGNMENT)
2025-12-13,UST T-Shirt Sporty UPSIZE (3XL-5XL),1,JUC (CONSIGNMENT)
2025-12-13,Corp Jacket V3,1,JYL ATHLETICA (CONSIGNMENT)
2025-12-13,Cotton Brush Jacket,1,JYL ATHLETICA (CONSIGNMENT)
2025-12-13,Cotton Gray Jacket,1,JYL ATHLETICA (CONSIGNMENT)
2025-12-13,QUIANA SUBLI SHIRT (B&Y),2,JYL ATHLETICA (CONSIGNMENT)
2025-12-13,Tiger Costume,1,MADEBYRUZ CONSUMER GOODS TRADING (CONSIGNMENT)
2025-12-13,Tiger Paw Keychain @375,1,MADEBYRUZ CONSUMER GOODS TRADING (CONSIGNMENT)
2025-12-13,Go Fight UST Shirt,1,SHIRT HAPPENS
2025-12-13,Wearable Blanket,2,STITCH CORP. (BLEEVES CONSIGNMENT)
2025-12-13,Corp Jacket V2,2,STITCH CORP. (BLEEVES PAID)
2025-12-13,"Go USTE (W,Y,B) @450",1,THREADMARKED (CONSIGNMENT)
2025-12-13,"Oversized shirt (V,B) @650",3,THREADMARKED (CONSIGNMENT)
2025-12-13,"Hoodie UST embro (V,G,Y,B) @1800",3,THREADMARKED (PAID)
2025-12-13,Two-toned windbreaker @1700,1,THREADMARKED (PAID)
2025-12-13,5M Magnetic Pin,1,USTORE (PAID)
2025-12-13,5M Rotating Keychain,7,USTORE (PAID)
2025-12-13,C. Keychain,3,USTORE (PAID)
2025-12-13,Chibi Stickers,2,USTORE (PAID)
2025-12-13,Clappers,18,USTORE (PAID)
2025-12-13,ID Case v2 @40,3,USTORE (PAID)
2025-12-13,Lanyard @180,18,USTORE (PAID)
2025-12-13,MJ Sticker Large,1,USTORE (PAID)
2025-12-13,MJ Sticker Medium,8,USTORE (PAID)
2025-12-13,MJ Sticker Small,2,USTORE (PAID)
2025-12-13,Stainless Eco Tumbler,2,USTORE (PAID)
2025-12-13,Tiger Plushie Big,1,USTORE (PAID)
2025-12-13,Tiger Plushie Small,4,USTORE (PAID)
2025-12-13,Tote Viva Santo Tomas,1,USTORE (PAID)
2025-12-13,Umb ONE FOR UST,1,USTORE (PAID)
2025-12-13,Yellow Lanyard,4,USTORE (PAID)
2025-12-13,Keychain,3,VARSITY LIFESTYLE (CONSIGNMENT)
2025-12-13,Lanyard,1,VARSITY LIFESTYLE (CONSIGNMENT)
2025-12-13,New GT Shirts,2,VARSITY LIFESTYLE (CONSIGNMENT)
2025-12-13,VL Sticker Pack,1,VARSITY LIFESTYLE (CONSIGNMENT)
2025-12-15,Black Embro,1,BLAZE (CONSIGNMENT)
2025-12-15,UST College ID Lace,6,JUC (CONSIGNMENT)
2025-12-15,UST OAT Hoodie Jacket,3,JUC (CONSIGNMENT)
2025-12-15,UST OAT MUG (B),2,JUC (CONSIGNMENT)
2025-12-15,"UST OAT MUG (Y,W)",8,JUC (CONSIGNMENT)
2025-12-15,UST OAT T-Shirt Y/B/COLLEGE,11,JUC (CONSIGNMENT)
2025-12-15,UST Sweatshirt Sporty,4,JUC (CONSIGNMENT)
2025-12-15,UST T-Shirt Santo Tomas Shirt/UST T-Shirt Tiger Pattern/HAPPY,16,JUC (CONSIGNMENT)
2025-12-15,UST T-Shirt Sporty,2,JUC (CONSIGNMENT)
2025-12-15,"Baseball Shirt (Y,W)",3,JYL ATHLETICA (CONSIGNMENT)
2025-12-15,Corp Jacket,1,JYL ATHLETICA (CONSIGNMENT)
2025-12-15,Corp Jacket V3,4,JYL ATHLETICA (CONSIGNMENT)
2025-12-15,Cotton Black Jacket,1,JYL ATHLETICA (CONSIGNMENT)
2025-12-15,Cotton Brush Jacket,1,JYL ATHLETICA (CONSIGNMENT)
2025-12-15,DRI-FIT NEW,2,JYL ATHLETICA (CONSIGNMENT)
2025-12-15,Jacket,4,JYL ATHLETICA (CONSIGNMENT)
2025-12-15,Machete V2,2,JYL ATHLETICA (CONSIGNMENT)
2025-12-15,Poloshirt @800,3,JYL ATHLETICA (CONSIGNMENT)
2025-12-15,QUIANA SUBLI SHIRT (B&Y),1,JYL ATHLETICA (CONSIGNMENT)
2025-12-15,Big Car,1,MADEBYRUZ CONSUMER GOODS TRADING (CONSIGNMENT)
2025-12-15,Tiger Paw Keychain @375,2,MADEBYRUZ CONSUMER GOODS TRADING (CONSIGNMENT)
2025-12-15,Go Fight UST Shirt,3,SHIRT HAPPENS
2025-12-15,Baseball Cap VELCRO @380,1,STITCH CORP. (BLEEVES CONSIGNMENT)
2025-12-15,Clock @550,1,STITCH CORP. (BLEEVES CONSIGNMENT)
2025-12-15,Wearable Blanket,1,STITCH CORP. (BLEEVES CONSIGNMENT)
2025-12-15,Ballpen 2 Designs @50 (B&Y),6,STITCH CORP. (BLEEVES PAID)
2025-12-15,Bamboo Notebook @150,1,STITCH CORP. (BLEEVES PAID)
2025-12-15,Bamboo Pen @60,1,STITCH CORP. (BLEEVES PAID)
2025-12-15,Kraft Notebook @130,1,STITCH CORP. (BLEEVES PAID)
2025-12-15,"Go USTE (W,Y,B) @450",6,THREADMARKED (CONSIGNMENT)
2025-12-15,"Oversized shirt (V,B) @650",4,THREADMARKED (CONSIGNMENT)
2025-12-15,"Hoodie UST embro (V,G,Y,B) @1800",4,THREADMARKED (PAID)
2025-12-15,Two-toned windbreaker @1700,1,THREADMARKED (PAID)
2025-12-15,5M Rotating Keychain,2,USTORE (PAID)
2025-12-15,Black Eco Bag,2,USTORE (PAID)
2025-12-15,C. Keychain,4,USTORE (PAID)
2025-12-15,ID Case v2 @40,8,USTORE (PAID)
2025-12-15,Lanyard @180,23,USTORE (PAID)
2025-12-15,MJ Sticker Large,1,USTORE (PAID)
2025-12-15,MJ Sticker Medium,3,USTORE (PAID)
2025-12-15,MJ Sticker Small,6,USTORE (PAID)
2025-12-15,Notelet,3,USTORE (PAID)
2025-12-15,Powerbank,1,USTORE (PAID)
2025-12-15,Tiger Plushie Big,2,USTORE (PAID)
2025-12-15,Tiger Plushie Small,1,USTORE (PAID)
2025-12-15,Tote Viva Santo Tomas,1,USTORE (PAID)
2025-12-15,Umb ONE FOR UST,11,USTORE (PAID)
2025-12-15,Yellow Lanyard,2,USTORE (PAID)
2025-12-15,Lanyard,1,VARSITY LIFESTYLE (CONSIGNMENT)
2025-12-16,Black Embro,2,BLAZE (CONSIGNMENT)
2025-12-16,Polo Shirt @800,1,BLAZE (CONSIGNMENT)
2025-12-16,White Embro,1,BLAZE (CONSIGNMENT)
2025-12-16,Shirts all @450 UPSIZE (3XL-4XL),5,JUC (CONSIGNMENT)
2025-12-16,UST College ID Lace,8,JUC (CONSIGNMENT)
2025-12-16,UST OAT Hoodie Jacket,2,JUC (CONSIGNMENT)
2025-12-16,UST OAT MUG (B),3,JUC (CONSIGNMENT)
2025-12-16,"UST OAT MUG (Y,W)",4,JUC (CONSIGNMENT)
2025-12-16,UST OAT T-Shirt Y/B/COLLEGE,59,JUC (CONSIGNMENT)
2025-12-16,UST Sweatshirt Sporty,3,JUC (CONSIGNMENT)
2025-12-16,UST T-Shirt Santo Tomas Shirt/UST T-Shirt Tiger Pattern/HAPPY,44,JUC (CONSIGNMENT)
2025-12-16,UST T-Shirt Sporty,13,JUC (CONSIGNMENT)
2025-12-16,UST T-Shirt Sporty UPSIZE (3XL-5XL),1,JUC (CONSIGNMENT)
2025-12-16,"Baseball Shirt (Y,W)",3,JYL ATHLETICA (CONSIGNMENT)
2025-12-16,Corp Jacket V3,2,JYL ATHLETICA (CONSIGNMENT)
2025-12-16,Cotton Brush Jacket,2,JYL ATHLETICA (CONSIGNMENT)
2025-12-16,Cotton Gray Jacket,3,JYL ATHLETICA (CONSIGNMENT)
2025-12-16,DRI-FIT NEW,1,JYL ATHLETICA (CONSIGNMENT)
2025-12-16,Machete V2,2,JYL ATHLETICA (CONSIGNMENT)
2025-12-16,Poloshirt 123456 @860,6,JYL ATHLETICA (CONSIGNMENT)
2025-12-16,Poloshirt @800,2,JYL ATHLETICA (CONSIGNMENT)
2025-12-16,QUIANA SUBLI SHIRT (B&Y),5,JYL ATHLETICA (CONSIGNMENT)
2025-12-16,Tiger Paw Keychain @375,21,MADEBYRUZ CONSUMER GOODS TRADING (CONSIGNMENT)
2025-12-16,Hoodies Breaker,4,NAPOLIZ ENTERPRISES (CONSIGNMENT)
2025-12-16,Go Fight UST Shirt,5,SHIRT HAPPENS
2025-12-16,Ballpen 2 Designs @50 (B&Y),5,STITCH CORP. (BLEEVES PAID)
2025-12-16,Bamboo Notebook @150,2,STITCH CORP. (BLEEVES PAID)
2025-12-16,Bamboo Pen @60,2,STITCH CORP. (BLEEVES PAID)
2025-12-16,Corp Jacket V2,3,STITCH CORP. (BLEEVES PAID)
2025-12-16,Pen @40,1,TET AND DARS (PAID)
2025-12-16,"Go USTE (W,Y,B) @450",5,THREADMARKED (CONSIGNMENT)
2025-12-16,"Oversized shirt (V,B) @650",1,THREADMARKED (CONSIGNMENT)
2025-12-16,"Hoodie UST embro (V,G,Y,B) @1800",3,THREADMARKED (PAID)
2025-12-16,Two-toned windbreaker @1700,1,THREADMARKED (PAID)
2025-12-16,5M Rotating Keychain,9,USTORE (PAID)
2025-12-16,Black Eco Bag,10,USTORE (PAID)
2025-12-16,ID Case v2 @40,1,USTORE (PAID)
2025-12-16,Lanyard @180,19,USTORE (PAID)
2025-12-16,MJ Charger,1,USTORE (PAID)
2025-12-16,MJ Sticker Medium,16,USTORE (PAID)
2025-12-16,MJ Sticker Small,3,USTORE (PAID)
2025-12-16,Notelet,1,USTORE (PAID)
2025-12-16,Thomasian Kit,8,USTORE (PAID)
2025-12-16,Tiger Plushie Small,2,USTORE (PAID)
2025-12-16,Tote Bag Canvas White @160,100,USTORE (PAID)
2025-12-16,Tote Viva Santo Tomas,4,USTORE (PAID)
2025-12-16,Umb ONE FOR UST,13,USTORE (PAID)
2025-12-16,USTORE Voucher (1000),1,USTORE (PAID)
2025-12-16,USTORE Voucher (500),1,USTORE (PAID)
2025-12-16,Yellow Lanyard,4,USTORE (PAID)
2025-12-16,Keychain,2,VARSITY LIFESTYLE (CONSIGNMENT)
2025-12-16,Lanyard,2,VARSITY LIFESTYLE (CONSIGNMENT)
2025-12-16,Long Sticker,1,VARSITY LIFESTYLE (CONSIGNMENT)
2025-12-16,New GT Shirts,3,VARSITY LIFESTYLE (CONSIGNMENT)
2025-12-16,VL Sticker Pack,1,VARSITY LIFESTYLE (CONSIGNMENT)
2025-12-17,Black Embro,1,BLAZE (CONSIGNMENT)
2025-12-17,Polo Shirt @800,1,BLAZE (CONSIGNMENT)
2025-12-17,White Embro,1,BLAZE (CONSIGNMENT)
2025-12-17,Shirts all @450 UPSIZE (3XL-4XL),8,JUC (CONSIGNMENT)
2025-12-17,UST College ID Lace,6,JUC (CONSIGNMENT)
2025-12-17,UST OAT Hoodie Jacket,4,JUC (CONSIGNMENT)
2025-12-17,UST OAT MUG (B),7,JUC (CONSIGNMENT)
2025-12-17,"UST OAT MUG (Y,W)",3,JUC (CONSIGNMENT)
2025-12-17,UST OAT T-Shirt Y/B/COLLEGE,31,JUC (CONSIGNMENT)
2025-12-17,UST Sweatshirt Sporty,2,JUC (CONSIGNMENT)
2025-12-17,UST T-Shirt Santo Tomas Shirt/UST T-Shirt Tiger Pattern/HAPPY,53,JUC (CONSIGNMENT)
2025-12-17,UST T-Shirt Sporty,16,JUC (CONSIGNMENT)
2025-12-17,"Baseball Shirt (Y,W)",2,JYL ATHLETICA (CONSIGNMENT)
2025-12-17,Corp Jacket,2,JYL ATHLETICA (CONSIGNMENT)
2025-12-17,Corp Jacket V3,1,JYL ATHLETICA (CONSIGNMENT)
2025-12-17,Corp Windbreaker,1,JYL ATHLETICA (CONSIGNMENT)
2025-12-17,Cotton Gray Jacket,1,JYL ATHLETICA (CONSIGNMENT)
2025-12-17,DRI-FIT NEW,1,JYL ATHLETICA (CONSIGNMENT)
2025-12-17,Jacket,1,JYL ATHLETICA (CONSIGNMENT)
2025-12-17,Machete V2,1,JYL ATHLETICA (CONSIGNMENT)
2025-12-17,Poloshirt 123456 @860,1,JYL ATHLETICA (CONSIGNMENT)
2025-12-17,Poloshirt @800,2,JYL ATHLETICA (CONSIGNMENT)
2025-12-17,QUIANA SUBLI SHIRT (B&Y),2,JYL ATHLETICA (CONSIGNMENT)
2025-12-17,Tiger Costume,1,MADEBYRUZ CONSUMER GOODS TRADING (CONSIGNMENT)
2025-12-17,Tiger Paw Keychain @375,22,MADEBYRUZ CONSUMER GOODS TRADING (CONSIGNMENT)
2025-12-17,Hoodies Breaker,2,NAPOLIZ ENTERPRISES (CONSIGNMENT)
2025-12-17,Ballpen 2 Designs @50 (B&Y),29,STITCH CORP. (BLEEVES PAID)
2025-12-17,Bamboo Pen @60,2,STITCH CORP. (BLEEVES PAID)
2025-12-17,Corp Jacket V2,1,STITCH CORP. (BLEEVES PAID)
2025-12-17,"Go USTE (W,Y,B) @450",3,THREADMARKED (CONSIGNMENT)
2025-12-17,"Oversized shirt (V,B) @650",5,THREADMARKED (CONSIGNMENT)
2025-12-17,"Hoodie UST embro (V,G,Y,B) @1800",9,THREADMARKED (PAID)
2025-12-17,Two-toned windbreaker @1700,4,THREADMARKED (PAID)
2025-12-17,5M Rotating Keychain,11,USTORE (PAID)
2025-12-17,Aquaflask,1,USTORE (PAID)
2025-12-17,Black Eco Bag,23,USTORE (PAID)
2025-12-17,C. Keychain,5,USTORE (PAID)
2025-12-17,Chibi Stickers,3,USTORE (PAID)
2025-12-17,ID Case v2 @40,7,USTORE (PAID)
2025-12-17,Lanyard @180,31,USTORE (PAID)
2025-12-17,MJ Sticker Large,2,USTORE (PAID)
2025-12-17,MJ Sticker Medium,4,USTORE (PAID)
2025-12-17,MJ Sticker Small,1,USTORE (PAID)
2025-12-17,Notelet,5,USTORE (PAID)
2025-12-17,Pencil,8,USTORE (PAID)
2025-12-17,Thomasian Kit,1,USTORE (PAID)
2025-12-17,Tiger Plushie Big,1,USTORE (PAID)
2025-12-17,Tiger Plushie Small,20,USTORE (PAID)
2025-12-17,Tote Bag Canvas White @160,1,USTORE (PAID)
2025-12-17,Tote Viva Santo Tomas,8,USTORE (PAID)
2025-12-17,Umb ONE FOR UST,4,USTORE (PAID)
2025-12-17,USTORE Voucher (200),2,USTORE (PAID)
2025-12-17,Yellow Lanyard,4,USTORE (PAID)
2025-12-17,Yellow Notebook,6,USTORE (PAID)
2025-12-17,Keychain,2,VARSITY LIFESTYLE (CONSIGNMENT)
2025-12-17,Lanyard,4,VARSITY LIFESTYLE (CONSIGNMENT)
2025-12-17,New GT Shirts,3,VARSITY LIFESTYLE (CONSIGNMENT)
2025-12-18,Black Embro,5,BLAZE (CONSIGNMENT)
2025-12-18,Polo Shirt @800,2,BLAZE (CONSIGNMENT)
2025-12-18,White Embro,1,BLAZE (CONSIGNMENT)
2025-12-18,Shirts all @450 UPSIZE (3XL-4XL),12,JUC (CONSIGNMENT)
2025-12-18,Shirts all @450 UPSIZE (5XL),2,JUC (CONSIGNMENT)
2025-12-18,UST College ID Lace,5,JUC (CONSIGNMENT)
2025-12-18,UST OAT Hoodie Jacket,3,JUC (CONSIGNMENT)
2025-12-18,UST OAT MUG (B),48,JUC (CONSIGNMENT)
2025-12-18,"UST OAT MUG (Y,W)",26,JUC (CONSIGNMENT)
2025-12-18,UST OAT T-Shirt Y/B/COLLEGE,30,JUC (CONSIGNMENT)
2025-12-18,UST Sweatshirt Sporty,4,JUC (CONSIGNMENT)
2025-12-18,UST T-Shirt Santo Tomas Shirt/UST T-Shirt Tiger Pattern/HAPPY,69,JUC (CONSIGNMENT)
2025-12-18,UST T-Shirt Sporty,20,JUC (CONSIGNMENT)
2025-12-18,"Baseball Shirt (Y,W)",3,JYL ATHLETICA (CONSIGNMENT)
2025-12-18,Corp Jacket,2,JYL ATHLETICA (CONSIGNMENT)
2025-12-18,Corp Jacket V3,7,JYL ATHLETICA (CONSIGNMENT)
2025-12-18,Cotton Black Jacket,1,JYL ATHLETICA (CONSIGNMENT)
2025-12-18,Cotton Brush Jacket,4,JYL ATHLETICA (CONSIGNMENT)
2025-12-18,Cotton Gray Jacket,9,JYL ATHLETICA (CONSIGNMENT)
2025-12-18,DRI-FIT NEW,5,JYL ATHLETICA (CONSIGNMENT)
2025-12-18,Jacket,8,JYL ATHLETICA (CONSIGNMENT)
2025-12-18,Machete V2,5,JYL ATHLETICA (CONSIGNMENT)
2025-12-18,Poloshirt 123456 @860,1,JYL ATHLETICA (CONSIGNMENT)
2025-12-18,Poloshirt @800,10,JYL ATHLETICA (CONSIGNMENT)
2025-12-18,QUIANA SUBLI SHIRT (B&Y),13,JYL ATHLETICA (CONSIGNMENT)
2025-12-18,Tiger Costume,10,MADEBYRUZ CONSUMER GOODS TRADING (CONSIGNMENT)
2025-12-18,Tiger Headband (2 Designs),3,MADEBYRUZ CONSUMER GOODS TRADING (CONSIGNMENT)
2025-12-18,Tiger Paw Keychain @375,15,MADEBYRUZ CONSUMER GOODS TRADING (CONSIGNMENT)
2025-12-18,Hoodies Breaker,8,NAPOLIZ ENTERPRISES (CONSIGNMENT)
2025-12-18,Go Fight UST Shirt,2,SHIRT HAPPENS
2025-12-18,Clock @550,1,STITCH CORP. (BLEEVES CONSIGNMENT)
2025-12-18,Clock @700,2,STITCH CORP. (BLEEVES CONSIGNMENT)
2025-12-18,Wearable Blanket,6,STITCH CORP. (BLEEVES CONSIGNMENT)
2025-12-18,Ballpen 2 Designs @50 (B&Y),176,STITCH CORP. (BLEEVES PAID)
2025-12-18,Bamboo Pen @60,3,STITCH CORP. (BLEEVES PAID)
2025-12-18,Corp Jacket V2,16,STITCH CORP. (BLEEVES PAID)
2025-12-18,Kraft Notebook @130,38,STITCH CORP. (BLEEVES PAID)
2025-12-18,Logo Sticker @25,1,TET AND DARS (PAID)
2025-12-18,Pen @40,15,TET AND DARS (PAID)
2025-12-18,"Go USTE (W,Y,B) @450",13,THREADMARKED (CONSIGNMENT)
2025-12-18,"Oversized shirt (V,B) @650",8,THREADMARKED (CONSIGNMENT)
2025-12-18,"Hoodie UST embro (V,G,Y,B) @1800",6,THREADMARKED (PAID)
2025-12-18,Two-toned windbreaker @1700,4,THREADMARKED (PAID)
2025-12-18,5M Magnetic Pin,16,USTORE (PAID)
2025-12-18,5M Rotating Keychain,17,USTORE (PAID)
2025-12-18,Aquaflask,6,USTORE (PAID)
2025-12-18,Black Eco Bag,3,USTORE (PAID)
2025-12-18,Button Pin (Small),6,USTORE (PAID)
2025-12-18,C. Keychain,10,USTORE (PAID)
2025-12-18,Chibi Stickers,2,USTORE (PAID)
2025-12-18,College Sticker @120,6,USTORE (PAID)
2025-12-18,ID Case v2 @40,11,USTORE (PAID)
2025-12-18,Lanyard @180,44,USTORE (PAID)
2025-12-18,MJ Charger,1,USTORE (PAID)
2025-12-18,MJ Sticker Large,3,USTORE (PAID)
2025-12-18,MJ Sticker Medium,2,USTORE (PAID)
2025-12-18,MJ Sticker Small,5,USTORE (PAID)
2025-12-18,Notelet,2,USTORE (PAID)
2025-12-18,Pencil,1,USTORE (PAID)
2025-12-18,Scarf @490,3,USTORE (PAID)
2025-12-18,Tiger Plushie Big,10,USTORE (PAID)
2025-12-18,Tiger Plushie Small,3,USTORE (PAID)
2025-12-18,Tote Bag Canvas White @160,8,USTORE (PAID)
2025-12-18,Tote Viva Santo Tomas,36,USTORE (PAID)
2025-12-18,Umb ONE FOR UST,11,USTORE (PAID)
2025-12-18,Yellow Lanyard,41,USTORE (PAID)
2025-12-18,Keychain,4,VARSITY LIFESTYLE (CONSIGNMENT)
2025-12-18,Lanyard,1,VARSITY LIFESTYLE (CONSIGNMENT)
2025-12-18,Long Sticker,8,VARSITY LIFESTYLE (CONSIGNMENT)
2025-12-18,New GT Shirts,6,VARSITY LIFESTYLE (CONSIGNMENT)
2025-12-18,VL Sticker Pack,2,VARSITY LIFESTYLE (CONSIGNMENT)
2026-01-07,Polo Shirt @800,2,BLAZE (CONSIGNMENT)
2026-01-07,White Embro,1,BLAZE (CONSIGNMENT)
2026-01-07,UST College ID Lace,1,JUC (CONSIGNMENT)
2026-01-07,UST OAT Hoodie Jacket,3,JUC (CONSIGNMENT)
2026-01-07,UST OAT MUG (Pure Black),34,JUC (CONSIGNMENT)
2026-01-07,"UST OAT MUG (Y,W,B)",34,JUC (CONSIGNMENT)
2026-01-07,UST OAT T-Shirt Y/B/COLLEGE,6,JUC (CONSIGNMENT)
2026-01-07,UST Sweatshirt Sporty,1,JUC (CONSIGNMENT)
2026-01-07,UST T-Shirt Santo Tomas Shirt/UST T-Shirt Tiger Pattern/HAPPY,11,JUC (CONSIGNMENT)
2026-01-07,Corp Jacket V3,2,JYL ATHLETICA (CONSIGNMENT)
2026-01-07,DRI-FIT NEW,2,JYL ATHLETICA (CONSIGNMENT)
2026-01-07,Machete V2,1,JYL ATHLETICA (CONSIGNMENT)
2026-01-07,Poloshirt @800,2,JYL ATHLETICA (CONSIGNMENT)
2026-01-07,"QUIANA SUBLI SHIRT (B&Y), 2 TONED",2,JYL ATHLETICA (CONSIGNMENT)
2026-01-07,Tiger Paw Keychain @375,1,MADEBYRUZ CONSUMER GOODS TRADING (CONSIGNMENT)
2026-01-07,Hoodies Breaker,3,NAPOLIZ ENTERPRISES (CONSIGNMENT)
2026-01-07,Go Fight UST Shirt,1,SHIRT HAPPENS
2026-01-07,Clock @700,18,STITCH CORP. (BLEEVES CONSIGNMENT)
2026-01-07,"Ballpen 3 Designs @50 (B,Y,W)",1,STITCH CORP. (BLEEVES PAID)
2026-01-07,Corp Jacket V2,4,STITCH CORP. (BLEEVES PAID)
2026-01-07,Long Sticker @120,1,TET AND DARS (PAID)
2026-01-07,"Go USTE (W,Y,B) @450",1,THREADMARKED (CONSIGNMENT)
2026-01-07,"Oversized shirt (V,B) @650",3,THREADMARKED (CONSIGNMENT)
2026-01-07,"Hoodie UST embro (V,G,Y,B) @1800",3,THREADMARKED (PAID)
2026-01-07,Two-toned windbreaker @1700,3,THREADMARKED (PAID)
2026-01-07,5M Rotating Keychain,1,USTORE (PAID)
2026-01-07,Black Eco Bag,4,USTORE (PAID)
2026-01-07,C. Keychain,2,USTORE (PAID)
2026-01-07,College Sticker @120,1,USTORE (PAID)
2026-01-07,ID Case v2 @40,2,USTORE (PAID)
2026-01-07,Lanyard @180,4,USTORE (PAID)
2026-01-07,MJ Sticker Large,1,USTORE (PAID)
2026-01-07,MJ Sticker Small,3,USTORE (PAID)
2026-01-07,Thomasian Kit,1,USTORE (PAID)
2026-01-07,Tiger Plushie Big,5,USTORE (PAID)
2026-01-07,Tote Bag Canvas White @160,1,USTORE (PAID)
2026-01-07,Tote Viva Santo Tomas,5,USTORE (PAID)
2026-01-07,Keychain,9,VARSITY LIFESTYLE (CONSIGNMENT)
2026-01-07,New GT Shirts,1,VARSITY LIFESTYLE (CONSIGNMENT)
2026-01-07,USTWBT Championship Shirt 2025,1,VARSITY LIFESTYLE (CONSIGNMENT)
2026-01-08,Black Embro,1,BLAZE (CONSIGNMENT)
2026-01-08,Polo Shirt @800,1,BLAZE (CONSIGNMENT)
2026-01-08,Shirts all @450 UPSIZE (3XL-4XL),2,JUC (CONSIGNMENT)
2026-01-08,Shirts all @450 UPSIZE (5XL),2,JUC (CONSIGNMENT)
2026-01-08,UST OAT Hoodie Jacket,2,JUC (CONSIGNMENT)
2026-01-08,UST OAT MUG (Pure Black),2,JUC (CONSIGNMENT)
2026-01-08,UST OAT T-Shirt Y/B/COLLEGE,6,JUC (CONSIGNMENT)
2026-01-08,UST T-Shirt Santo Tomas Shirt/UST T-Shirt Tiger Pattern/HAPPY,6,JUC (CONSIGNMENT)
2026-01-08,"Baseball Shirt (Y,W)",1,JYL ATHLETICA (CONSIGNMENT)
2026-01-08,Corp Jacket V3,5,JYL ATHLETICA (CONSIGNMENT)
2026-01-08,Machete V2,1,JYL ATHLETICA (CONSIGNMENT)
2026-01-08,Poloshirt 123456 @860,2,JYL ATHLETICA (CONSIGNMENT)
2026-01-08,Big Car,1,MADEBYRUZ CONSUMER GOODS TRADING (CONSIGNMENT)
2026-01-08,Tiger Paw Keychain @375,3,MADEBYRUZ CONSUMER GOODS TRADING (CONSIGNMENT)
2026-01-08,Hoodies Breaker,1,NAPOLIZ ENTERPRISES (CONSIGNMENT)
2026-01-08,"Ballpen 3 Designs @50 (B,Y,W)",4,STITCH CORP. (BLEEVES PAID)
2026-01-08,Bamboo Notebook @150,4,STITCH CORP. (BLEEVES PAID)
2026-01-08,Corp Jacket V2,1,STITCH CORP. (BLEEVES PAID)
2026-01-08,"Go USTE (W,Y,B) @450",1,THREADMARKED (CONSIGNMENT)
2026-01-08,"Oversized shirt (V,B) @650",1,THREADMARKED (CONSIGNMENT)
2026-01-08,"Hoodie UST embro (V,G,Y,B) @1800",3,THREADMARKED (PAID)
2026-01-08,5M Rotating Keychain,4,USTORE (PAID)
2026-01-08,Blanca Pen,4,USTORE (PAID)
2026-01-08,C. Keychain,3,USTORE (PAID)
2026-01-08,ID Case v2 @40,5,USTORE (PAID)
2026-01-08,Lanyard @180,4,USTORE (PAID)
2026-01-08,MJ Sticker Large,5,USTORE (PAID)
2026-01-08,MJ Sticker Medium,7,USTORE (PAID)
2026-01-08,Notelet,4,USTORE (PAID)
2026-01-08,Tiger Plushie Small,1,USTORE (PAID)
2026-01-08,Tote Viva Santo Tomas,1,USTORE (PAID)
2026-01-08,Yellow Lanyard,1,USTORE (PAID)
2026-01-08,Keychain,1,VARSITY LIFESTYLE (CONSIGNMENT)
2026-01-08,New GT Shirts,1,VARSITY LIFESTYLE (CONSIGNMENT)
2026-01-10,Black Embro,1,BLAZE (CONSIGNMENT)
2026-01-10,White Embro,1,BLAZE (CONSIGNMENT)
2026-01-10,UST College ID Lace,2,JUC (CONSIGNMENT)
2026-01-10,UST OAT T-Shirt Y/B/COLLEGE,6,JUC (CONSIGNMENT)
2026-01-10,UST T-Shirt Santo Tomas Shirt/UST T-Shirt Tiger Pattern/HAPPY,16,JUC (CONSIGNMENT)
2026-01-10,Cotton Black Jacket,1,JYL ATHLETICA (CONSIGNMENT)
2026-01-10,Poloshirt @800,1,JYL ATHLETICA (CONSIGNMENT)
2026-01-10,Tiger Paw Keychain @375,3,MADEBYRUZ CONSUMER GOODS TRADING (CONSIGNMENT)
2026-01-10,Hoodies Breaker,1,NAPOLIZ ENTERPRISES (CONSIGNMENT)
2026-01-10,"Ballpen 3 Designs @50 (B,Y,W)",2,STITCH CORP. (BLEEVES PAID)
2026-01-10,Corp Jacket V2,1,STITCH CORP. (BLEEVES PAID)
2026-01-10,"Hoodie UST embro (V,G,Y,B) @1800",3,THREADMARKED (PAID)
2026-01-10,280ml Desk Mug / MCIA028,1,TIGER FLASK
2026-01-10,5M Rotating Keychain,4,USTORE (PAID)
2026-01-10,Black Eco Bag,1,USTORE (PAID)
2026-01-10,Blanca Pen,1,USTORE (PAID)
2026-01-10,College Sticker @120,1,USTORE (PAID)
2026-01-10,ID Case v2 @40,3,USTORE (PAID)
2026-01-10,Insignia Pen,1,USTORE (PAID)
2026-01-10,Lanyard @180,3,USTORE (PAID)
2026-01-10,MJ Sticker Medium,2,USTORE (PAID)
2026-01-10,MJ Sticker Small,1,USTORE (PAID)
2026-01-10,Yellow Lanyard,1,USTORE (PAID)
2026-01-10,Yellow Notebook,2,USTORE (PAID)
2026-01-12,White Embro,2,BLAZE (CONSIGNMENT)
2026-01-12,Shirts all @450 UPSIZE (3XL-4XL),1,JUC (CONSIGNMENT)
2026-01-12,UST College ID Lace,4,JUC (CONSIGNMENT)
2026-01-12,"UST OAT MUG (Y,W,B)",3,JUC (CONSIGNMENT)
2026-01-12,UST OAT T-Shirt Y/B/COLLEGE,4,JUC (CONSIGNMENT)
2026-01-12,UST T-Shirt Santo Tomas Shirt/UST T-Shirt Tiger Pattern/HAPPY,3,JUC (CONSIGNMENT)
2026-01-12,UST T-Shirt Sporty,5,JUC (CONSIGNMENT)
2026-01-12,"QUIANA SUBLI SHIRT (B&Y), 2 TONED",5,JYL ATHLETICA (CONSIGNMENT)
2026-01-12,Tiger Costume,1,MADEBYRUZ CONSUMER GOODS TRADING (CONSIGNMENT)
2026-01-12,Tiger Paw Keychain @375,4,MADEBYRUZ CONSUMER GOODS TRADING (CONSIGNMENT)
2026-01-12,Back Pack,1,NAPOLIZ ENTERPRISES (CONSIGNMENT)
2026-01-12,Clock @700,2,STITCH CORP. (BLEEVES CONSIGNMENT)
2026-01-12,Wearable Blanket,1,STITCH CORP. (BLEEVES CONSIGNMENT)
2026-01-12,"Ballpen 3 Designs @50 (B,Y,W)",13,STITCH CORP. (BLEEVES PAID)
2026-01-12,Bamboo Notebook @150,2,STITCH CORP. (BLEEVES PAID)
2026-01-12,Corp Jacket V2,1,STITCH CORP. (BLEEVES PAID)
2026-01-12,Pen @40,1,TET AND DARS (PAID)
2026-01-12,"Oversized shirt (V,B) @650",2,THREADMARKED (CONSIGNMENT)
2026-01-12,"Hoodie UST embro (V,G,Y,B) @1800",3,THREADMARKED (PAID)
2026-01-12,5M Rotating Keychain,7,USTORE (PAID)
2026-01-12,Automatic Umbrella,2,USTORE (PAID)
2026-01-12,Blanca Pen,2,USTORE (PAID)
2026-01-12,Chibi Stickers,4,USTORE (PAID)
2026-01-12,College Sticker @120,1,USTORE (PAID)
2026-01-12,ID Case v2 @40,7,USTORE (PAID)
2026-01-12,Insignia Pen,1,USTORE (PAID)
2026-01-12,Lanyard @180,10,USTORE (PAID)
2026-01-12,MJ Charger,1,USTORE (PAID)
2026-01-12,MJ Sticker Large,8,USTORE (PAID)
2026-01-12,MJ Sticker Medium,9,USTORE (PAID)
2026-01-12,MJ Sticker Small,12,USTORE (PAID)
2026-01-12,Notelet,2,USTORE (PAID)
2026-01-12,Picasso Pen,3,USTORE (PAID)
2026-01-12,Tiger Plushie Big,2,USTORE (PAID)
2026-01-12,Tiger Plushie Small,2,USTORE (PAID)
2026-01-12,Tote Bag Canvas White @160,201,USTORE (PAID)
2026-01-12,Yellow Lanyard,5,USTORE (PAID)
2026-01-12,Keychain,1,VARSITY LIFESTYLE (CONSIGNMENT)
2026-01-12,Lanyard,1,VARSITY LIFESTYLE (CONSIGNMENT)
2026-01-12,New GT Shirts,1,VARSITY LIFESTYLE (CONSIGNMENT)
2026-01-12,VL Sticker Pack,1,VARSITY LIFESTYLE (CONSIGNMENT)
2026-01-13,Polo Shirt @800,1,BLAZE (CONSIGNMENT)
2026-01-13,Shirts all @450 UPSIZE (3XL-4XL),1,JUC (CONSIGNMENT)
2026-01-13,Shirts all @450 UPSIZE (5XL),1,JUC (CONSIGNMENT)
2026-01-13,UST College ID Lace,5,JUC (CONSIGNMENT)
2026-01-13,UST OAT Hoodie Jacket,2,JUC (CONSIGNMENT)
2026-01-13,UST OAT T-Shirt Y/B/COLLEGE,6,JUC (CONSIGNMENT)
2026-01-13,UST T-Shirt Santo Tomas Shirt/UST T-Shirt Tiger Pattern/HAPPY,9,JUC (CONSIGNMENT)
2026-01-13,Corp Jacket,1,JYL ATHLETICA (CONSIGNMENT)
2026-01-13,Poloshirt @800,1,JYL ATHLETICA (CONSIGNMENT)
2026-01-13,Tiger Paw Keychain @375,2,MADEBYRUZ CONSUMER GOODS TRADING (CONSIGNMENT)
2026-01-13,Hoodies Breaker,1,NAPOLIZ ENTERPRISES (CONSIGNMENT)
2026-01-13,"Ballpen 3 Designs @50 (B,Y,W)",7,STITCH CORP. (BLEEVES PAID)
2026-01-13,Corp Jacket V2,2,STITCH CORP. (BLEEVES PAID)
2026-01-13,"Go USTE (W,Y,B) @450",3,THREADMARKED (CONSIGNMENT)
2026-01-13,"Oversized shirt (V,B) @650",1,THREADMARKED (CONSIGNMENT)
2026-01-13,"Hoodie UST embro (V,G,Y,B) @1800",3,THREADMARKED (PAID)
2026-01-13,Two-toned windbreaker @1700,1,THREADMARKED (PAID)
2026-01-13,5M Rotating Keychain,2,USTORE (PAID)
2026-01-13,Black Eco Bag,1,USTORE (PAID)
2026-01-13,Button Pin (Small),1,USTORE (PAID)
2026-01-13,Chibi Stickers,1,USTORE (PAID)
2026-01-13,ID Case v2 @40,2,USTORE (PAID)
2026-01-13,Lanyard @180,2,USTORE (PAID)
2026-01-13,MJ Sticker Large,4,USTORE (PAID)
2026-01-13,MJ Sticker Medium,2,USTORE (PAID)
2026-01-13,MJ Sticker Small,4,USTORE (PAID)
2026-01-13,Notelet,1,USTORE (PAID)
2026-01-13,Tiger Plushie Small,4,USTORE (PAID)
2026-01-13,Tote Bag Canvas White @160,1,USTORE (PAID)
2026-01-13,Yellow Lanyard,1,USTORE (PAID)
2026-01-13,Long Sticker,1,VARSITY LIFESTYLE (CONSIGNMENT)
2026-01-14,Black Embro,4,BLAZE (CONSIGNMENT)
2026-01-14,Polo Shirt @800,1,BLAZE (CONSIGNMENT)
2026-01-14,Shirts all @450 UPSIZE (3XL-4XL),1,JUC (CONSIGNMENT)
2026-01-14,UST College ID Lace,140,JUC (CONSIGNMENT)
2026-01-14,UST OAT Hoodie Jacket,1,JUC (CONSIGNMENT)
2026-01-14,UST OAT MUG (Pure Black),4,JUC (CONSIGNMENT)
2026-01-14,"UST OAT MUG (Y,W,B)",4,JUC (CONSIGNMENT)
2026-01-14,UST OAT T-Shirt Y/B/COLLEGE,15,JUC (CONSIGNMENT)
2026-01-14,UST Sweatshirt Sporty,1,JUC (CONSIGNMENT)
2026-01-14,UST T-Shirt Santo Tomas Shirt/UST T-Shirt Tiger Pattern/HAPPY,26,JUC (CONSIGNMENT)
2026-01-14,UST T-Shirt Sporty,13,JUC (CONSIGNMENT)
2026-01-14,"Baseball Shirt (Y,W)",1,JYL ATHLETICA (CONSIGNMENT)
2026-01-14,Corp Jacket,1,JYL ATHLETICA (CONSIGNMENT)
2026-01-14,Corp Jacket V3,5,JYL ATHLETICA (CONSIGNMENT)
2026-01-14,DRI-FIT NEW,1,JYL ATHLETICA (CONSIGNMENT)
2026-01-14,Jacket,1,JYL ATHLETICA (CONSIGNMENT)
2026-01-14,Poloshirt @800,1,JYL ATHLETICA (CONSIGNMENT)
2026-01-14,"QUIANA SUBLI SHIRT (B&Y), 2 TONED",4,JYL ATHLETICA (CONSIGNMENT)
2026-01-14,Small Mystery Car,1,MADEBYRUZ CONSUMER GOODS TRADING (CONSIGNMENT)
2026-01-14,Tiger Headband (2 Designs),2,MADEBYRUZ CONSUMER GOODS TRADING (CONSIGNMENT)
2026-01-14,Tiger Paw Keychain @375,12,MADEBYRUZ CONSUMER GOODS TRADING (CONSIGNMENT)
2026-01-14,Hoodies Breaker,1,NAPOLIZ ENTERPRISES (CONSIGNMENT)
2026-01-14,Pen with BOX,1,NEW TRENDS (PAID)
2026-01-14,"Ballpen 3 Designs @50 (B,Y,W)",82,STITCH CORP. (BLEEVES PAID)
2026-01-14,Bamboo Notebook @150,5,STITCH CORP. (BLEEVES PAID)
2026-01-14,Pen @40,9,TET AND DARS (PAID)
2026-01-14,"Go USTE (W,Y,B) @450",3,THREADMARKED (CONSIGNMENT)
2026-01-14,"Oversized shirt (V,B) @650",3,THREADMARKED (CONSIGNMENT)
2026-01-14,"Hoodie UST embro (V,G,Y,B) @1800",4,THREADMARKED (PAID)
2026-01-14,Two-toned windbreaker @1700,1,THREADMARKED (PAID)
2026-01-14,5M Magnetic Pin,1,USTORE (PAID)
2026-01-14,5M Rotating Keychain,40,USTORE (PAID)
2026-01-14,Automatic Umbrella,11,USTORE (PAID)
2026-01-14,Black Eco Bag,122,USTORE (PAID)
2026-01-14,Blanca Pen,2,USTORE (PAID)
2026-01-14,Button Pin (Small),32,USTORE (PAID)
2026-01-14,C. Keychain,3,USTORE (PAID)
2026-01-14,Chibi Stickers,6,USTORE (PAID)
2026-01-14,Insignia Pen,7,USTORE (PAID)
2026-01-14,Lanyard @180,22,USTORE (PAID)
2026-01-14,MJ Sticker Large,14,USTORE (PAID)
2026-01-14,MJ Sticker Medium,45,USTORE (PAID)
2026-01-14,MJ Sticker Small,33,USTORE (PAID)
2026-01-14,Notelet,22,USTORE (PAID)
2026-01-14,Pencil,2,USTORE (PAID)
2026-01-14,Picasso Pen,2,USTORE (PAID)
2026-01-14,Tiger Plushie Big,2,USTORE (PAID)
2026-01-14,Tote Bag Canvas White @160,2,USTORE (PAID)
2026-01-14,Tote Viva Santo Tomas,8,USTORE (PAID)
2026-01-14,Yellow Lanyard,14,USTORE (PAID)
2026-01-14,Yellow Notebook,6,USTORE (PAID)
2026-01-14,Keychain,10,VARSITY LIFESTYLE (CONSIGNMENT)
2026-01-14,Lanyard,1,VARSITY LIFESTYLE (CONSIGNMENT)
2026-01-14,Long Sticker,1,VARSITY LIFESTYLE (CONSIGNMENT)
2026-01-15,Polo Shirt @800,1,BLAZE (CONSIGNMENT)
2026-01-15,Shirts all @450 UPSIZE (3XL-4XL),1,JUC (CONSIGNMENT)
2026-01-15,UST College ID Lace,3,JUC (CONSIGNMENT)
2026-01-15,"UST OAT MUG (Y,W,B)",1,JUC (CONSIGNMENT)
2026-01-15,UST OAT T-Shirt Y/B/COLLEGE,4,JUC (CONSIGNMENT)
2026-01-15,UST Sweatshirt Sporty,1,JUC (CONSIGNMENT)
2026-01-15,UST T-Shirt Santo Tomas Shirt/UST T-Shirt Tiger Pattern/HAPPY,5,JUC (CONSIGNMENT)
2026-01-15,UST T-Shirt Sporty,1,JUC (CONSIGNMENT)
2026-01-15,Corp Jacket,1,JYL ATHLETICA (CONSIGNMENT)
2026-01-15,Corp Jacket V3,1,JYL ATHLETICA (CONSIGNMENT)
2026-01-15,DRI-FIT NEW,1,JYL ATHLETICA (CONSIGNMENT)
2026-01-15,Poloshirt @800,3,JYL ATHLETICA (CONSIGNMENT)
2026-01-15,"QUIANA SUBLI SHIRT (B&Y), 2 TONED",1,JYL ATHLETICA (CONSIGNMENT)
2026-01-15,Taslan NEW,1,JYL ATHLETICA (CONSIGNMENT)
2026-01-15,"Ballpen 3 Designs @50 (B,Y,W)",5,STITCH CORP. (BLEEVES PAID)
2026-01-15,Corp Jacket V2,2,STITCH CORP. (BLEEVES PAID)
2026-01-15,Pen @40,1,TET AND DARS (PAID)
2026-01-15,"Go USTE (W,Y,B) @450",5,THREADMARKED (CONSIGNMENT)
2026-01-15,"Oversized shirt (V,B) @650",4,THREADMARKED (CONSIGNMENT)
2026-01-15,Two-toned windbreaker @1700,1,THREADMARKED (PAID)
2026-01-15,5M Rotating Keychain,7,USTORE (PAID)
2026-01-15,Automatic Umbrella,3,USTORE (PAID)
2026-01-15,C. Keychain,9,USTORE (PAID)
2026-01-15,ID Case v2 @40,1,USTORE (PAID)
2026-01-15,Lanyard @180,14,USTORE (PAID)
2026-01-15,MJ Sticker Large,1,USTORE (PAID)
2026-01-15,MJ Sticker Medium,2,USTORE (PAID)
2026-01-15,MJ Sticker Small,1,USTORE (PAID)
2026-01-15,Stainless Eco Tumbler,1,USTORE (PAID)
2026-01-15,Tiger Plushie Small,1,USTORE (PAID)
2026-01-15,Tote Viva Santo Tomas,6,USTORE (PAID)
2026-01-15,Lanyard,2,VARSITY LIFESTYLE (CONSIGNMENT)
2026-01-16,Polo Shirt @800,1,BLAZE (CONSIGNMENT)
2026-01-16,White Embro,2,BLAZE (CONSIGNMENT)
2026-01-16,Shirts all @450 UPSIZE (3XL-4XL),2,JUC (CONSIGNMENT)
2026-01-16,Shirts all @450 UPSIZE (5XL),2,JUC (CONSIGNMENT)
2026-01-16,UST College ID Lace,9,JUC (CONSIGNMENT)
2026-01-16,UST OAT Hoodie Jacket,3,JUC (CONSIGNMENT)
2026-01-16,"UST OAT MUG (Y,W,B)",1,JUC (CONSIGNMENT)
2026-01-16,UST OAT T-Shirt Y/B/COLLEGE,7,JUC (CONSIGNMENT)
2026-01-16,UST Sweatshirt Sporty,1,JUC (CONSIGNMENT)
2026-01-16,UST T-Shirt Santo Tomas Shirt/UST T-Shirt Tiger Pattern/HAPPY,15,JUC (CONSIGNMENT)
2026-01-16,UST T-Shirt Sporty,2,JUC (CONSIGNMENT)
2026-01-16,"Baseball Shirt (Y,W)",1,JYL ATHLETICA (CONSIGNMENT)
2026-01-16,Cotton Brush Jacket,2,JYL ATHLETICA (CONSIGNMENT)
2026-01-16,Cotton Gray Jacket,2,JYL ATHLETICA (CONSIGNMENT)
2026-01-16,Poloshirt @800,2,JYL ATHLETICA (CONSIGNMENT)
2026-01-16,"QUIANA SUBLI SHIRT (B&Y), 2 TONED",2,JYL ATHLETICA (CONSIGNMENT)
2026-01-16,Tiger Headband (2 Designs),2,MADEBYRUZ CONSUMER GOODS TRADING (CONSIGNMENT)
2026-01-16,Tiger Paw Keychain @375,7,MADEBYRUZ CONSUMER GOODS TRADING (CONSIGNMENT)
2026-01-16,Back Pack,1,NAPOLIZ ENTERPRISES (CONSIGNMENT)
2026-01-16,Hoodies Breaker,3,NAPOLIZ ENTERPRISES (CONSIGNMENT)
2026-01-16,Tiger w/ Box,3,STITCH CORP. (BLEEVES CONSIGNMENT)
2026-01-16,"Ballpen 3 Designs @50 (B,Y,W)",8,STITCH CORP. (BLEEVES PAID)
2026-01-16,Bamboo Notebook @150,3,STITCH CORP. (BLEEVES PAID)
2026-01-16,Bamboo Pen @60,1,STITCH CORP. (BLEEVES PAID)
2026-01-16,Corp Jacket V2,1,STITCH CORP. (BLEEVES PAID)
2026-01-16,"Go USTE (W,Y,B) @450",4,THREADMARKED (CONSIGNMENT)
2026-01-16,"Oversized shirt (V,B) @650",1,THREADMARKED (CONSIGNMENT)
2026-01-16,"Hoodie UST embro (V,G,Y,B) @1800",1,THREADMARKED (PAID)
2026-01-16,Two-toned windbreaker @1700,1,THREADMARKED (PAID)
2026-01-16,5M Rotating Keychain,5,USTORE (PAID)
2026-01-16,Automatic Umbrella,1,USTORE (PAID)
2026-01-16,Black Eco Bag,9,USTORE (PAID)
2026-01-16,Button Pin (Small),2,USTORE (PAID)
2026-01-16,C. Keychain,7,USTORE (PAID)
2026-01-16,College Sticker @120,2,USTORE (PAID)
2026-01-16,ID Case v2 @40,2,USTORE (PAID)
2026-01-16,Insignia Pen,1,USTORE (PAID)
2026-01-16,Lanyard @180,9,USTORE (PAID)
2026-01-16,MJ Sticker Large,2,USTORE (PAID)
2026-01-16,MJ Sticker Medium,3,USTORE (PAID)
2026-01-16,MJ Sticker Small,1,USTORE (PAID)
2026-01-16,Scarf @490,2,USTORE (PAID)
2026-01-16,Tiger Plushie Small,1,USTORE (PAID)
2026-01-16,Tote Bag Canvas White @160,1,USTORE (PAID)
2026-01-16,Tote ONE FOR UST,1,USTORE (PAID)
2026-01-16,Tote Viva Santo Tomas,5,USTORE (PAID)
2026-01-16,Yellow Notebook,2,USTORE (PAID)
2026-01-16,Keychain,2,VARSITY LIFESTYLE (CONSIGNMENT)
2026-01-16,Lanyard,2,VARSITY LIFESTYLE (CONSIGNMENT)
2026-01-16,Long Sticker,2,VARSITY LIFESTYLE (CONSIGNMENT)
2026-01-16,New GT Shirts,1,VARSITY LIFESTYLE (CONSIGNMENT)
2026-01-17,Polo Shirt @800,2,BLAZE (CONSIGNMENT)
2026-01-17,UST College ID Lace,7,JUC (CONSIGNMENT)
2026-01-17,UST OAT Hoodie Jacket,2,JUC (CONSIGNMENT)
2026-01-17,UST OAT MUG (Pure Black),1,JUC (CONSIGNMENT)
2026-01-17,"UST OAT MUG (Y,W,B)",3,JUC (CONSIGNMENT)
2026-01-17,UST OAT T-Shirt Y/B/COLLEGE,4,JUC (CONSIGNMENT)
2026-01-17,UST T-Shirt Santo Tomas Shirt/UST T-Shirt Tiger Pattern/HAPPY,11,JUC (CONSIGNMENT)
2026-01-17,Corp Jacket V3,4,JYL ATHLETICA (CONSIGNMENT)
2026-01-17,DRI-FIT NEW,2,JYL ATHLETICA (CONSIGNMENT)
2026-01-17,Poloshirt @800,14,JYL ATHLETICA (CONSIGNMENT)
2026-01-17,"QUIANA SUBLI SHIRT (B&Y), 2 TONED",7,JYL ATHLETICA (CONSIGNMENT)
2026-01-17,Small Mystery Car,2,MADEBYRUZ CONSUMER GOODS TRADING (CONSIGNMENT)
2026-01-17,Tiger Paw Keychain @375,6,MADEBYRUZ CONSUMER GOODS TRADING (CONSIGNMENT)
2026-01-17,"Ballpen 3 Designs @50 (B,Y,W)",6,STITCH CORP. (BLEEVES PAID)
2026-01-17,Bamboo Notebook @150,1,STITCH CORP. (BLEEVES PAID)
2026-01-17,Bamboo Pen @60,1,STITCH CORP. (BLEEVES PAID)
2026-01-17,"Oversized shirt (V,B) @650",2,THREADMARKED (CONSIGNMENT)
2026-01-17,5M Rotating Keychain,5,USTORE (PAID)
2026-01-17,Aquaflask,2,USTORE (PAID)
2026-01-17,Automatic Umbrella,6,USTORE (PAID)
2026-01-17,Black Eco Bag,1,USTORE (PAID)
2026-01-17,Button Pin (Big),1,USTORE (PAID)
2026-01-17,Button Pin (Small),1,USTORE (PAID)
2026-01-17,C. Keychain,2,USTORE (PAID)
2026-01-17,ID Case v2 @40,1,USTORE (PAID)
2026-01-17,MJ Sticker Medium,4,USTORE (PAID)
2026-01-17,MJ Sticker Small,3,USTORE (PAID)
2026-01-17,Notelet,3,USTORE (PAID)
2026-01-17,Stainless Eco Tumbler,1,USTORE (PAID)
2026-01-17,Tote ONE FOR UST,1,USTORE (PAID)
2026-01-17,Tote Viva Santo Tomas,3,USTORE (PAID)
2026-01-17,Yellow Lanyard,6,USTORE (PAID)
2026-01-17,Yellow Notebook,3,USTORE (PAID)
2026-01-17,Keychain,1,VARSITY LIFESTYLE (CONSIGNMENT)
2026-01-17,Lanyard,1,VARSITY LIFESTYLE (CONSIGNMENT)
2026-01-17,Long Sticker,1,VARSITY LIFESTYLE (CONSIGNMENT)
2026-01-17,New GT Shirts,1,VARSITY LIFESTYLE (CONSIGNMENT)
2026-01-17,USTWBT Championship Shirt 2025,2,VARSITY LIFESTYLE (CONSIGNMENT)
2026-01-19,Shirts all @450 UPSIZE (3XL-4XL),1,JUC (CONSIGNMENT)
2026-01-19,Shirts all @450 UPSIZE (5XL),1,JUC (CONSIGNMENT)
2026-01-19,UST College ID Lace,12,JUC (CONSIGNMENT)
2026-01-19,UST OAT Hoodie Jacket,1,JUC (CONSIGNMENT)
2026-01-19,UST OAT T-Shirt Y/B/COLLEGE,11,JUC (CONSIGNMENT)
2026-01-19,UST T-Shirt Santo Tomas Shirt/UST T-Shirt Tiger Pattern/HAPPY,7,JUC (CONSIGNMENT)
2026-01-19,UST T-Shirt Sporty,7,JUC (CONSIGNMENT)
2026-01-19,Poloshirt @800,1,JYL ATHLETICA (CONSIGNMENT)
2026-01-19,Wearable Blanket,1,STITCH CORP. (BLEEVES CONSIGNMENT)
2026-01-19,"Ballpen 3 Designs @50 (B,Y,W)",4,STITCH CORP. (BLEEVES PAID)
2026-01-19,Bamboo Pen @60,1,STITCH CORP. (BLEEVES PAID)
2026-01-19,"Go USTE (W,Y,B) @450",2,THREADMARKED (CONSIGNMENT)
2026-01-19,"Oversized shirt (V,B) @650",3,THREADMARKED (CONSIGNMENT)
2026-01-19,"Hoodie UST embro (V,G,Y,B) @1800",7,THREADMARKED (PAID)
2026-01-19,5M Rotating Keychain,4,USTORE (PAID)
2026-01-19,Automatic Umbrella,2,USTORE (PAID)
2026-01-19,C. Keychain,1,USTORE (PAID)
2026-01-19,College Sticker @120,1,USTORE (PAID)
2026-01-19,ID Case v2 @40,6,USTORE (PAID)
2026-01-19,MJ Sticker Medium,1,USTORE (PAID)
2026-01-19,MJ Sticker Small,2,USTORE (PAID)
2026-01-19,Notelet,1,USTORE (PAID)
2026-01-19,Tiger Plushie Small,1,USTORE (PAID)
2026-01-19,Tote Bag Canvas White @160,2,USTORE (PAID)
2026-01-19,Tote Viva Santo Tomas,1,USTORE (PAID)
2026-01-19,Yellow Lanyard,1,USTORE (PAID)
2026-01-19,Lanyard,1,VARSITY LIFESTYLE (CONSIGNMENT)
2026-01-19,New GT Shirts,1,VARSITY LIFESTYLE (CONSIGNMENT)
2026-01-19,VL Sticker Pack,2,VARSITY LIFESTYLE (CONSIGNMENT)
2026-01-19,"Y,B VL UST",4,VARSITY LIFESTYLE (CONSIGNMENT)
2026-01-20,Shirts all @450 UPSIZE (5XL),1,JUC (CONSIGNMENT)
2026-01-20,UST College ID Lace,9,JUC (CONSIGNMENT)
2026-01-20,UST OAT Hoodie Jacket,1,JUC (CONSIGNMENT)
2026-01-20,"UST OAT MUG (Y,W,B)",1,JUC (CONSIGNMENT)
2026-01-20,UST OAT T-Shirt Y/B/COLLEGE,17,JUC (CONSIGNMENT)
2026-01-20,UST Sweatshirt Sporty,1,JUC (CONSIGNMENT)
2026-01-20,UST T-Shirt Santo Tomas Shirt/UST T-Shirt Tiger Pattern/HAPPY,8,JUC (CONSIGNMENT)
2026-01-20,UST T-Shirt Sporty,5,JUC (CONSIGNMENT)
2026-01-20,"Baseball Shirt (Y,W)",1,JYL ATHLETICA (CONSIGNMENT)
2026-01-20,Corp Jacket V3,1,JYL ATHLETICA (CONSIGNMENT)
2026-01-20,Corp Windbreaker,1,JYL ATHLETICA (CONSIGNMENT)
2026-01-20,Cotton Brush Jacket,1,JYL ATHLETICA (CONSIGNMENT)
2026-01-20,Poloshirt 123456 @860,1,JYL ATHLETICA (CONSIGNMENT)
2026-01-20,Poloshirt @800,1,JYL ATHLETICA (CONSIGNMENT)
2026-01-20,Tiger Paw Keychain @375,5,MADEBYRUZ CONSUMER GOODS TRADING (CONSIGNMENT)
2026-01-20,"Ballpen 3 Designs @50 (B,Y,W)",3,STITCH CORP. (BLEEVES PAID)
2026-01-20,Logo Keychain @200,1,TET AND DARS (PAID)
2026-01-20,Pen @40,1,TET AND DARS (PAID)
2026-01-20,"Hoodie UST embro (V,G,Y,B) @1800",5,THREADMARKED (PAID)
2026-01-20,5M Rotating Keychain,2,USTORE (PAID)
2026-01-20,Automatic Umbrella,2,USTORE (PAID)
2026-01-20,Black Eco Bag,1,USTORE (PAID)
2026-01-20,C. Keychain,1,USTORE (PAID)
2026-01-20,Chibi Stickers,1,USTORE (PAID)
2026-01-20,ID Case v2 @40,3,USTORE (PAID)
2026-01-20,MJ Sticker Large,11,USTORE (PAID)
2026-01-20,MJ Sticker Medium,6,USTORE (PAID)
2026-01-20,MJ Sticker Small,1,USTORE (PAID)
2026-01-20,Thomasian Kit,1,USTORE (PAID)
2026-01-20,Tote Viva Santo Tomas,1,USTORE (PAID)
2026-01-20,Yellow Lanyard,7,USTORE (PAID)
2026-01-20,Yellow Notebook,1,USTORE (PAID)
2026-01-20,Lanyard,2,VARSITY LIFESTYLE (CONSIGNMENT)
2026-01-20,Long Sticker,1,VARSITY LIFESTYLE (CONSIGNMENT)
2026-01-20,"Y,B VL UST",1,VARSITY LIFESTYLE (CONSIGNMENT)
2026-01-21,UST College ID Lace,10,JUC (CONSIGNMENT)
2026-01-21,UST OAT Hoodie Jacket,4,JUC (CONSIGNMENT)
2026-01-21,UST OAT T-Shirt Y/B/COLLEGE,15,JUC (CONSIGNMENT)
2026-01-21,UST Sweatshirt Sporty,1,JUC (CONSIGNMENT)
2026-01-21,UST T-Shirt Santo Tomas Shirt/UST T-Shirt Tiger Pattern/HAPPY,10,JUC (CONSIGNMENT)
2026-01-21,UST T-Shirt Sporty,2,JUC (CONSIGNMENT)
2026-01-21,Corp Jacket V3,1,JYL ATHLETICA (CONSIGNMENT)
2026-01-21,Poloshirt 123456 @860,3,JYL ATHLETICA (CONSIGNMENT)
2026-01-21,"QUIANA SUBLI SHIRT (B&Y), 2 TONED",1,JYL ATHLETICA (CONSIGNMENT)
2026-01-21,Tiger Headband (2 Designs),1,MADEBYRUZ CONSUMER GOODS TRADING (CONSIGNMENT)
2026-01-21,Tiger Paw Keychain @375,3,MADEBYRUZ CONSUMER GOODS TRADING (CONSIGNMENT)
2026-01-21,Hoodies Breaker,1,NAPOLIZ ENTERPRISES (CONSIGNMENT)
2026-01-21,Clock @700,1,STITCH CORP. (BLEEVES CONSIGNMENT)
2026-01-21,Wearable Blanket,2,STITCH CORP. (BLEEVES CONSIGNMENT)
2026-01-21,Bamboo Notebook @150,1,STITCH CORP. (BLEEVES PAID)
2026-01-21,Arch @350,27,TET AND DARS (PAID)
2026-01-21,Logo Keychain @200,1,TET AND DARS (PAID)
2026-01-21,Pen @40,1,TET AND DARS (PAID)
2026-01-21,"Go USTE (W,Y,B) @450",1,THREADMARKED (CONSIGNMENT)
2026-01-21,"Oversized shirt (V,B) @650",2,THREADMARKED (CONSIGNMENT)
2026-01-21,"Hoodie UST embro (V,G,Y,B) @1800",1,THREADMARKED (PAID)
2026-01-21,Two-toned windbreaker @1700,4,THREADMARKED (PAID)
2026-01-21,5M Rotating Keychain,1,USTORE (PAID)
2026-01-21,Aquaflask,1,USTORE (PAID)
2026-01-21,Automatic Umbrella,5,USTORE (PAID)
2026-01-21,Chibi Stickers,1,USTORE (PAID)
2026-01-21,College Sticker @120,2,USTORE (PAID)
2026-01-21,ID Case v2 @40,4,USTORE (PAID)
2026-01-21,MJ Sticker Large,1,USTORE (PAID)
2026-01-21,MJ Sticker Medium,4,USTORE (PAID)
2026-01-21,MJ Sticker Small,2,USTORE (PAID)
2026-01-21,Thomasian Kit,1,USTORE (PAID)
2026-01-21,Tiger Plushie Small,1,USTORE (PAID)
2026-01-21,Tote Viva Santo Tomas,3,USTORE (PAID)
2026-01-21,Yellow Lanyard,4,USTORE (PAID)
2026-01-21,New GT Shirts,1,VARSITY LIFESTYLE (CONSIGNMENT)
2026-01-21,VL Sticker Pack,1,VARSITY LIFESTYLE (CONSIGNMENT)
2026-01-21,"Y,B VL UST",2,VARSITY LIFESTYLE (CONSIGNMENT)
2026-01-22,Polo Shirt @800,1,BLAZE (CONSIGNMENT)
2026-01-22,UST College ID Lace,6,JUC (CONSIGNMENT)
2026-01-22,UST OAT Hoodie Jacket,1,JUC (CONSIGNMENT)
2026-01-22,UST OAT MUG (Pure Black),1,JUC (CONSIGNMENT)
2026-01-22,"UST OAT MUG (Y,W,B)",2,JUC (CONSIGNMENT)
2026-01-22,UST OAT T-Shirt Y/B/COLLEGE,7,JUC (CONSIGNMENT)
2026-01-22,UST T-Shirt Santo Tomas Shirt/UST T-Shirt Tiger Pattern/HAPPY,11,JUC (CONSIGNMENT)
2026-01-22,UST T-Shirt Sporty,3,JUC (CONSIGNMENT)
2026-01-22,"Baseball Shirt (Y,W)",1,JYL ATHLETICA (CONSIGNMENT)
2026-01-22,Corp Jacket,1,JYL ATHLETICA (CONSIGNMENT)
2026-01-22,Cotton Black Jacket,1,JYL ATHLETICA (CONSIGNMENT)
2026-01-22,DRI-FIT NEW,4,JYL ATHLETICA (CONSIGNMENT)
2026-01-22,"QUIANA SUBLI SHIRT (B&Y), 2 TONED",4,JYL ATHLETICA (CONSIGNMENT)
2026-01-22,"Ballpen 3 Designs @50 (B,Y,W)",9,STITCH CORP. (BLEEVES PAID)
2026-01-22,Bamboo Pen @60,1,STITCH CORP. (BLEEVES PAID)
2026-01-22,Corp Jacket V2,3,STITCH CORP. (BLEEVES PAID)
2026-01-22,Kraft Notebook @130,1,STITCH CORP. (BLEEVES PAID)
2026-01-22,Logo Keychain @200,3,TET AND DARS (PAID)
2026-01-22,"Go USTE (W,Y,B) @450",1,THREADMARKED (CONSIGNMENT)
2026-01-22,"Oversized shirt (V,B) @650",1,THREADMARKED (CONSIGNMENT)
2026-01-22,"Hoodie UST embro (V,G,Y,B) @1800",1,THREADMARKED (PAID)
2026-01-22,Two-toned windbreaker @1700,1,THREADMARKED (PAID)
2026-01-22,5M Rotating Keychain,1,USTORE (PAID)
2026-01-22,Automatic Umbrella,2,USTORE (PAID)
2026-01-22,C. Keychain,2,USTORE (PAID)
2026-01-22,College Sticker @120,2,USTORE (PAID)
2026-01-22,ID Case v2 @40,6,USTORE (PAID)
2026-01-22,Insignia Pen,1,USTORE (PAID)
2026-01-22,MJ Sticker Large,3,USTORE (PAID)
2026-01-22,MJ Sticker Medium,3,USTORE (PAID)
2026-01-22,MJ Sticker Small,5,USTORE (PAID)
2026-01-22,Powerbank,3,USTORE (PAID)
2026-01-22,Tote Viva Santo Tomas,1,USTORE (PAID)
2026-01-22,Utensils,1,USTORE (PAID)
2026-01-22,Yellow Lanyard,8,USTORE (PAID)
2026-01-22,Keychain,1,VARSITY LIFESTYLE (CONSIGNMENT)
2026-01-22,Lanyard,3,VARSITY LIFESTYLE (CONSIGNMENT)
2026-01-22,VL Sticker Pack,3,VARSITY LIFESTYLE (CONSIGNMENT)
2026-01-22,"Y,B VL UST",1,VARSITY LIFESTYLE (CONSIGNMENT)
2026-01-23,Shirts all @450 UPSIZE (3XL-4XL),1,JUC (CONSIGNMENT)
2026-01-23,UST College ID Lace,2,JUC (CONSIGNMENT)
2026-01-23,UST OAT Hoodie Jacket,2,JUC (CONSIGNMENT)
2026-01-23,UST OAT MUG (Pure Black),2,JUC (CONSIGNMENT)
2026-01-23,"UST OAT MUG (Y,W,B)",1,JUC (CONSIGNMENT)
2026-01-23,UST OAT T-Shirt Y/B/COLLEGE,8,JUC (CONSIGNMENT)
2026-01-23,UST Sweatshirt Sporty,3,JUC (CONSIGNMENT)
2026-01-23,UST T-Shirt Santo Tomas Shirt/UST T-Shirt Tiger Pattern/HAPPY,23,JUC (CONSIGNMENT)
2026-01-23,UST T-Shirt Sporty,7,JUC (CONSIGNMENT)
2026-01-23,Corp Jacket,1,JYL ATHLETICA (CONSIGNMENT)
2026-01-23,Cotton Brush Jacket,1,JYL ATHLETICA (CONSIGNMENT)
2026-01-23,DRI-FIT NEW,2,JYL ATHLETICA (CONSIGNMENT)
2026-01-23,Poloshirt 123456 @860,1,JYL ATHLETICA (CONSIGNMENT)
2026-01-23,Poloshirt @800,2,JYL ATHLETICA (CONSIGNMENT)
2026-01-23,"QUIANA SUBLI SHIRT (B&Y), 2 TONED",9,JYL ATHLETICA (CONSIGNMENT)
2026-01-23,Tiger Paw Keychain @375,5,MADEBYRUZ CONSUMER GOODS TRADING (CONSIGNMENT)
2026-01-23,"Ballpen 3 Designs @50 (B,Y,W)",11,STITCH CORP. (BLEEVES PAID)
2026-01-23,Bamboo Notebook @150,1,STITCH CORP. (BLEEVES PAID)
2026-01-23,Bamboo Pen @60,7,STITCH CORP. (BLEEVES PAID)
2026-01-23,Corp Jacket V2,4,STITCH CORP. (BLEEVES PAID)
2026-01-23,Kraft Notebook @130,2,STITCH CORP. (BLEEVES PAID)
2026-01-23,Logo Keychain @200,2,TET AND DARS (PAID)
2026-01-23,Logo Sticker @30,3,TET AND DARS (PAID)
2026-01-23,"Oversized shirt (V,B) @650",3,THREADMARKED (CONSIGNMENT)
2026-01-23,"Hoodie UST embro (V,G,Y,B) @1800",3,THREADMARKED (PAID)
2026-01-23,5M Rotating Keychain,3,USTORE (PAID)
2026-01-23,Aquaflask,5,USTORE (PAID)
2026-01-23,Automatic Umbrella,1,USTORE (PAID)
2026-01-23,Black Eco Bag,1,USTORE (PAID)
2026-01-23,Button Pin (Big),1,USTORE (PAID)
2026-01-23,C. Keychain,3,USTORE (PAID)
2026-01-23,MJ Sticker Large,3,USTORE (PAID)
2026-01-23,MJ Sticker Medium,9,USTORE (PAID)
2026-01-23,MJ Sticker Small,3,USTORE (PAID)
2026-01-23,Tiger Plushie Small,2,USTORE (PAID)
2026-01-23,Tote Viva Santo Tomas,2,USTORE (PAID)
2026-01-23,Utensils,2,USTORE (PAID)
2026-01-23,Yellow Lanyard,4,USTORE (PAID)
2026-01-23,Yellow Notebook,1,USTORE (PAID)
2026-01-23,Keychain,2,VARSITY LIFESTYLE (CONSIGNMENT)
2026-01-23,Lanyard,2,VARSITY LIFESTYLE (CONSIGNMENT)
2026-01-23,New GT Shirts,1,VARSITY LIFESTYLE (CONSIGNMENT)
2026-01-23,"Y,B VL UST",22,VARSITY LIFESTYLE (CONSIGNMENT)
2026-01-25,Black Embro,3,BLAZE (CONSIGNMENT)
2026-01-25,Shirts all @450 UPSIZE (3XL-4XL),5,JUC (CONSIGNMENT)
2026-01-25,UST College ID Lace,97,JUC (CONSIGNMENT)
2026-01-25,UST OAT Hoodie Jacket,20,JUC (CONSIGNMENT)
2026-01-25,UST OAT MUG (Pure Black),5,JUC (CONSIGNMENT)
2026-01-25,"UST OAT MUG (Y,W,B)",18,JUC (CONSIGNMENT)
2026-01-25,UST OAT T-Shirt Y/B/COLLEGE,70,JUC (CONSIGNMENT)
2026-01-25,UST Sweatshirt Sporty,8,JUC (CONSIGNMENT)
2026-01-25,UST T-Shirt Santo Tomas Shirt/UST T-Shirt Tiger Pattern/HAPPY,171,JUC (CONSIGNMENT)
2026-01-25,Corp Jacket V3,14,JYL ATHLETICA (CONSIGNMENT)
2026-01-25,Cotton Black Jacket,3,JYL ATHLETICA (CONSIGNMENT)
2026-01-25,Jacket,4,JYL ATHLETICA (CONSIGNMENT)
2026-01-25,"QUIANA SUBLI SHIRT (B&Y), 2 TONED",73,JYL ATHLETICA (CONSIGNMENT)
2026-01-25,Tiger Headband (2 Designs),86,MADEBYRUZ CONSUMER GOODS TRADING (CONSIGNMENT)
2026-01-25,Tiger Paw Keychain @375,182,MADEBYRUZ CONSUMER GOODS TRADING (CONSIGNMENT)
2026-01-25,Go Fight UST Shirt,14,SHIRT HAPPENS
2026-01-25,Wearable Blanket,2,STITCH CORP. (BLEEVES CONSIGNMENT)
2026-01-25,"Ballpen 3 Designs @50 (B,Y,W)",190,STITCH CORP. (BLEEVES PAID)
2026-01-25,Bamboo Notebook @150,7,STITCH CORP. (BLEEVES PAID)
2026-01-25,Bamboo Pen @60,35,STITCH CORP. (BLEEVES PAID)
2026-01-25,Logo Keychain @200,90,TET AND DARS (PAID)
2026-01-25,Logo Sticker @30,6,TET AND DARS (PAID)
2026-01-25,Long Sticker @120,20,TET AND DARS (PAID)
2026-01-25,Pen @40,58,TET AND DARS (PAID)
2026-01-25,"Go USTE (W,Y,B) @450",33,THREADMARKED (CONSIGNMENT)
2026-01-25,"Oversized shirt (V,B) @650",29,THREADMARKED (CONSIGNMENT)
2026-01-25,"Hoodie UST embro (V,G,Y,B) @1800",29,THREADMARKED (PAID)
2026-01-25,Two-toned windbreaker @1700,18,THREADMARKED (PAID)
2026-01-25,5M Rotating Keychain,163,USTORE (PAID)
2026-01-25,Automatic Umbrella,29,USTORE (PAID)
2026-01-25,Black Eco Bag,74,USTORE (PAID)
2026-01-25,Button Pin (Big),51,USTORE (PAID)
2026-01-25,Button Pin (Small),53,USTORE (PAID)
2026-01-25,Chibi Stickers,39,USTORE (PAID)
2026-01-25,ID Case v2 @40,11,USTORE (PAID)
2026-01-25,Insignia Pen,4,USTORE (PAID)
2026-01-25,Lanyard @180,361,USTORE (PAID)
2026-01-25,Pencil,4,USTORE (PAID)
2026-01-25,Stainless Eco Tumbler,1,USTORE (PAID)
2026-01-25,Tiger Plushie Small,12,USTORE (PAID)
2026-01-25,Tote Bag Canvas White @160,63,USTORE (PAID)
2026-01-25,Tote Viva Santo Tomas,33,USTORE (PAID)
2026-01-25,Yellow Lanyard,100,USTORE (PAID)
2026-01-25,Yellow Notebook,36,USTORE (PAID)
2026-01-25,Keychain,44,VARSITY LIFESTYLE (CONSIGNMENT)
2026-01-25,Lanyard,74,VARSITY LIFESTYLE (CONSIGNMENT)
2026-01-25,Long Sticker,3,VARSITY LIFESTYLE (CONSIGNMENT)
2026-01-25,Scarves,22,VARSITY LIFESTYLE (CONSIGNMENT)
2026-01-25,VL Sticker Pack,28,VARSITY LIFESTYLE (CONSIGNMENT)
2026-01-25,"Y,B VL UST",51,VARSITY LIFESTYLE (CONSIGNMENT)
2026-01-27,Polo Shirt @800,1,BLAZE (CONSIGNMENT)
2026-01-27,UST College ID Lace,7,JUC (CONSIGNMENT)
2026-01-27,UST OAT Hoodie Jacket,1,JUC (CONSIGNMENT)
2026-01-27,"UST OAT MUG (Y,W,B)",2,JUC (CONSIGNMENT)
2026-01-27,UST OAT T-Shirt Y/B/COLLEGE,8,JUC (CONSIGNMENT)
2026-01-27,UST Sweatshirt Sporty,2,JUC (CONSIGNMENT)
2026-01-27,UST T-Shirt Santo Tomas Shirt/UST T-Shirt Tiger Pattern/HAPPY,10,JUC (CONSIGNMENT)
2026-01-27,UST T-Shirt Sporty,3,JUC (CONSIGNMENT)
2026-01-27,"Baseball Shirt (Y,W)",1,JYL ATHLETICA (CONSIGNMENT)
2026-01-27,Corp Jacket V3,4,JYL ATHLETICA (CONSIGNMENT)
2026-01-27,Cotton Gray Jacket,1,JYL ATHLETICA (CONSIGNMENT)
2026-01-27,Jacket,1,JYL ATHLETICA (CONSIGNMENT)
2026-01-27,Machete V2,1,JYL ATHLETICA (CONSIGNMENT)
2026-01-27,Poloshirt 123456 @860,1,JYL ATHLETICA (CONSIGNMENT)
2026-01-27,Poloshirt @800,2,JYL ATHLETICA (CONSIGNMENT)
2026-01-27,"QUIANA SUBLI SHIRT (B&Y), 2 TONED",4,JYL ATHLETICA (CONSIGNMENT)
2026-01-27,Tiger Paw Keychain @375,1,MADEBYRUZ CONSUMER GOODS TRADING (CONSIGNMENT)
2026-01-27,Back Pack,1,NAPOLIZ ENTERPRISES (CONSIGNMENT)
2026-01-27,Hoodies Breaker,5,NAPOLIZ ENTERPRISES (CONSIGNMENT)
2026-01-27,Laptop Bag,1,NAPOLIZ ENTERPRISES (CONSIGNMENT)
2026-01-27,Clock @700,1,STITCH CORP. (BLEEVES CONSIGNMENT)
2026-01-27,"Ballpen 3 Designs @50 (B,Y,W)",5,STITCH CORP. (BLEEVES PAID)
2026-01-27,Bamboo Notebook @150,1,STITCH CORP. (BLEEVES PAID)
2026-01-27,Corp Jacket V2,1,STITCH CORP. (BLEEVES PAID)
2026-01-27,"Go USTE (W,Y,B) @450",1,THREADMARKED (CONSIGNMENT)
2026-01-27,"Oversized shirt (V,B) @650",1,THREADMARKED (CONSIGNMENT)
2026-01-27,"Hoodie UST embro (V,G,Y,B) @1800",4,THREADMARKED (PAID)
2026-01-27,Two-toned windbreaker @1700,1,THREADMARKED (PAID)
2026-01-27,5M Rotating Keychain,3,USTORE (PAID)
2026-01-27,Automatic Umbrella,5,USTORE (PAID)
2026-01-27,Black Eco Bag,1,USTORE (PAID)
2026-01-27,C. Keychain,2,USTORE (PAID)
2026-01-27,Chibi Stickers,1,USTORE (PAID)
2026-01-27,ID Case v2 @40,2,USTORE (PAID)
2026-01-27,Insignia Pen,1,USTORE (PAID)
2026-01-27,Lanyard @180,15,USTORE (PAID)
2026-01-27,MJ Charger,1,USTORE (PAID)
2026-01-27,MJ Sticker Medium,1,USTORE (PAID)
2026-01-27,MJ Sticker Small,2,USTORE (PAID)
2026-01-27,Notelet,2,USTORE (PAID)
2026-01-27,Tote Bag Canvas White @160,2,USTORE (PAID)
2026-01-27,Tote Viva Santo Tomas,1,USTORE (PAID)
2026-01-27,Utensils,18,USTORE (PAID)
2026-01-27,Lanyard,1,VARSITY LIFESTYLE (CONSIGNMENT)
2026-01-27,VL Sticker Pack,1,VARSITY LIFESTYLE (CONSIGNMENT)
2026-01-27,"Y,B VL UST",8,VARSITY LIFESTYLE (CONSIGNMENT)
2026-01-29,Polo Shirt @800,2,BLAZE (CONSIGNMENT)
2026-01-29,UST College ID Lace,14,JUC (CONSIGNMENT)
2026-01-29,UST OAT Hoodie Jacket,1,JUC (CONSIGNMENT)
2026-01-29,UST OAT T-Shirt Y/B/COLLEGE,12,JUC (CONSIGNMENT)
2026-01-29,UST Sweatshirt Sporty,1,JUC (CONSIGNMENT)
2026-01-29,UST T-Shirt Santo Tomas Shirt/UST T-Shirt Tiger Pattern/HAPPY,8,JUC (CONSIGNMENT)
2026-01-29,UST T-Shirt Sporty,6,JUC (CONSIGNMENT)
2026-01-29,Corp Jacket V3,1,JYL ATHLETICA (CONSIGNMENT)
2026-01-29,Cotton Black Jacket,1,JYL ATHLETICA (CONSIGNMENT)
2026-01-29,Cotton Brush Jacket,1,JYL ATHLETICA (CONSIGNMENT)
2026-01-29,DRI-FIT NEW,1,JYL ATHLETICA (CONSIGNMENT)
2026-01-29,Poloshirt 123456 @860,2,JYL ATHLETICA (CONSIGNMENT)
2026-01-29,Poloshirt @800,1,JYL ATHLETICA (CONSIGNMENT)
2026-01-29,"QUIANA SUBLI SHIRT (B&Y), 2 TONED",3,JYL ATHLETICA (CONSIGNMENT)
2026-01-29,Tiger Paw Keychain @375,1,MADEBYRUZ CONSUMER GOODS TRADING (CONSIGNMENT)
2026-01-29,Back Pack,1,NAPOLIZ ENTERPRISES (CONSIGNMENT)
2026-01-29,"Ballpen 3 Designs @50 (B,Y,W)",2,STITCH CORP. (BLEEVES PAID)
2026-01-29,Bamboo Notebook @150,1,STITCH CORP. (BLEEVES PAID)
2026-01-29,Corp Jacket V2,1,STITCH CORP. (BLEEVES PAID)
2026-01-29,Arch @350,1,TET AND DARS (PAID)
2026-01-29,Pen @40,3,TET AND DARS (PAID)
2026-01-29,"Go USTE (W,Y,B) @450",1,THREADMARKED (CONSIGNMENT)
2026-01-29,"Oversized shirt (V,B) @650",3,THREADMARKED (CONSIGNMENT)
2026-01-29,"Hoodie UST embro (V,G,Y,B) @1800",7,THREADMARKED (PAID)
2026-01-29,Two-toned windbreaker @1700,2,THREADMARKED (PAID)
2026-01-29,5M Rotating Keychain,4,USTORE (PAID)
2026-01-29,C. Keychain,2,USTORE (PAID)
2026-01-29,ID Case v2 @40,1,USTORE (PAID)
2026-01-29,Lanyard @180,16,USTORE (PAID)
2026-01-29,MJ Sticker Medium,7,USTORE (PAID)
2026-01-29,MJ Sticker Small,8,USTORE (PAID)
2026-01-29,Tiger Plushie Small,4,USTORE (PAID)
2026-01-29,Tote Viva Santo Tomas,1,USTORE (PAID)
2026-01-29,Keychain,2,VARSITY LIFESTYLE (CONSIGNMENT)
2026-01-29,"Y,B VL UST",3,VARSITY LIFESTYLE (CONSIGNMENT)
2026-01-30,Shirts all @450 UPSIZE (3XL-4XL),2,JUC (CONSIGNMENT)
2026-01-30,UST College ID Lace,25,JUC (CONSIGNMENT)
2026-01-30,UST OAT Hoodie Jacket,1,JUC (CONSIGNMENT)
2026-01-30,UST OAT T-Shirt Y/B/COLLEGE,5,JUC (CONSIGNMENT)
2026-01-30,UST Sweatshirt Sporty,1,JUC (CONSIGNMENT)
2026-01-30,UST T-Shirt Santo Tomas Shirt/UST T-Shirt Tiger Pattern/HAPPY,13,JUC (CONSIGNMENT)
2026-01-30,UST T-Shirt Sporty,1,JUC (CONSIGNMENT)
2026-01-30,"Baseball Shirt (Y,W)",2,JYL ATHLETICA (CONSIGNMENT)
2026-01-30,Corp Jacket,1,JYL ATHLETICA (CONSIGNMENT)
2026-01-30,Corp Jacket V3,3,JYL ATHLETICA (CONSIGNMENT)
2026-01-30,"QUIANA SUBLI SHIRT (B&Y), 2 TONED",2,JYL ATHLETICA (CONSIGNMENT)
2026-01-30,Small Mystery Car,2,MADEBYRUZ CONSUMER GOODS TRADING (CONSIGNMENT)
2026-01-30,Tiger Paw Keychain @375,2,MADEBYRUZ CONSUMER GOODS TRADING (CONSIGNMENT)
2026-01-30,Tiger w/ Box,8,STITCH CORP. (BLEEVES CONSIGNMENT)
2026-01-30,"Ballpen 3 Designs @50 (B,Y,W)",9,STITCH CORP. (BLEEVES PAID)
2026-01-30,Bamboo Notebook @150,2,STITCH CORP. (BLEEVES PAID)
2026-01-30,Bamboo Pen @60,1,STITCH CORP. (BLEEVES PAID)
2026-01-30,Logo Sticker @30,1,TET AND DARS (PAID)
2026-01-30,Long Sticker @120,1,TET AND DARS (PAID)
2026-01-30,Pen @40,1,TET AND DARS (PAID)
2026-01-30,"Go USTE (W,Y,B) @450",3,THREADMARKED (CONSIGNMENT)
2026-01-30,"Oversized shirt (V,B) @650",2,THREADMARKED (CONSIGNMENT)
2026-01-30,"Hoodie UST embro (V,G,Y,B) @1800",1,THREADMARKED (PAID)
2026-01-30,Two-toned windbreaker @1700,1,THREADMARKED (PAID)
2026-01-30,280ml Desk Mug / MCIA028,1,TIGER FLASK
2026-01-30,500ML Tumbler (MTA-T050) For Carbonated Drinks,1,TIGER FLASK
2026-01-30,5M Rotating Keychain,7,USTORE (PAID)
2026-01-30,Aquaflask,2,USTORE (PAID)
2026-01-30,Black Eco Bag,6,USTORE (PAID)
2026-01-30,Blanca Pen,1,USTORE (PAID)
2026-01-30,Button Pin (Big),1,USTORE (PAID)
2026-01-30,C. Keychain,5,USTORE (PAID)
2026-01-30,Chibi Stickers,2,USTORE (PAID)
2026-01-30,ID Case v2 @40,5,USTORE (PAID)
2026-01-30,Lanyard @180,20,USTORE (PAID)
2026-01-30,MJ Sticker Large,4,USTORE (PAID)
2026-01-30,MJ Sticker Medium,3,USTORE (PAID)
2026-01-30,MJ Sticker Small,1,USTORE (PAID)
2026-01-30,Pencil,1,USTORE (PAID)
2026-01-30,Picasso Pen,6,USTORE (PAID)
2026-01-30,Scarf @490,1,USTORE (PAID)
2026-01-30,Tote Bag Canvas White @160,1,USTORE (PAID)
2026-01-30,Tote Viva Santo Tomas,1,USTORE (PAID)
2026-01-30,Keychain,3,VARSITY LIFESTYLE (CONSIGNMENT)
2026-01-30,Lanyard,2,VARSITY LIFESTYLE (CONSIGNMENT)
2026-01-30,"Y,B VL UST",3,VARSITY LIFESTYLE (CONSIGNMENT)
2026-01-31,Black Embro,1,BLAZE (CONSIGNMENT)
2026-01-31,Polo Shirt @800,1,BLAZE (CONSIGNMENT)
2026-01-31,White Embro,1,BLAZE (CONSIGNMENT)
2026-01-31,Shirts all @450 UPSIZE (3XL-4XL),4,JUC (CONSIGNMENT)
2026-01-31,Shirts all @450 UPSIZE (5XL),1,JUC (CONSIGNMENT)
2026-01-31,UST College ID Lace,12,JUC (CONSIGNMENT)
2026-01-31,UST OAT Hoodie Jacket,3,JUC (CONSIGNMENT)
2026-01-31,UST OAT T-Shirt Y/B/COLLEGE,7,JUC (CONSIGNMENT)
2026-01-31,UST T-Shirt Santo Tomas Shirt/UST T-Shirt Tiger Pattern/HAPPY,59,JUC (CONSIGNMENT)
2026-01-31,UST T-Shirt Sporty,33,JUC (CONSIGNMENT)
2026-01-31,DRI-FIT NEW,3,JYL ATHLETICA (CONSIGNMENT)
2026-01-31,Jacket,2,JYL ATHLETICA (CONSIGNMENT)
2026-01-31,Machete V2,7,JYL ATHLETICA (CONSIGNMENT)
2026-01-31,"QUIANA SUBLI SHIRT (B&Y), 2 TONED",48,JYL ATHLETICA (CONSIGNMENT)
2026-01-31,Hoodies Breaker,17,NAPOLIZ ENTERPRISES (CONSIGNMENT)
2026-01-31,Go Fight UST Shirt,3,SHIRT HAPPENS
2026-01-31,Tiger w/ Box,9,STITCH CORP. (BLEEVES CONSIGNMENT)
2026-01-31,"Ballpen 3 Designs @50 (B,Y,W)",65,STITCH CORP. (BLEEVES PAID)
2026-01-31,Corp Jacket V2,3,STITCH CORP. (BLEEVES PAID)
2026-01-31,Logo Keychain @200,2,TET AND DARS (PAID)
2026-01-31,Logo Sticker @30,4,TET AND DARS (PAID)
2026-01-31,"Go USTE (W,Y,B) @450",41,THREADMARKED (CONSIGNMENT)
2026-01-31,"Oversized shirt (V,B) @650",34,THREADMARKED (CONSIGNMENT)
2026-01-31,"Hoodie UST embro (V,G,Y,B) @1800",4,THREADMARKED (PAID)
2026-01-31,5M Rotating Keychain,115,USTORE (PAID)
2026-01-31,Button Pin (Big),16,USTORE (PAID)
2026-01-31,Button Pin (Small),2,USTORE (PAID)
2026-01-31,Chibi Stickers,16,USTORE (PAID)
2026-01-31,Lanyard @180,34,USTORE (PAID)
2026-01-31,Notelet,31,USTORE (PAID)
2026-01-31,Scarf @490,2,USTORE (PAID)
2026-01-31,Yellow Notebook,8,USTORE (PAID)
2026-01-31,Keychain,9,VARSITY LIFESTYLE (CONSIGNMENT)
2026-01-31,Long Sticker,3,VARSITY LIFESTYLE (CONSIGNMENT)
2026-01-31,New GT Shirts,9,VARSITY LIFESTYLE (CONSIGNMENT)
2026-01-31,Sweatshirt (NEW),3,VARSITY LIFESTYLE (CONSIGNMENT)
2026-01-31,USTWBT Championship Shirt 2025,2,VARSITY LIFESTYLE (CONSIGNMENT)
2026-01-31,VL Sticker Pack,19,VARSITY LIFESTYLE (CONSIGNMENT)
2026-01-31,"Y,B VL UST",5,VARSITY LIFESTYLE (CONSIGNMENT)
2026-02-01,Shirts all @450 UPSIZE (3XL-4XL),1,JUC (CONSIGNMENT)
2026-02-01,UST OAT Hoodie Jacket,16,JUC (CONSIGNMENT)
2026-02-01,"UST OAT MUG (Y,W,B)",7,JUC (CONSIGNMENT)
2026-02-01,UST OAT T-Shirt Y/B/COLLEGE,60,JUC (CONSIGNMENT)
2026-02-01,UST Sweatshirt Sporty,6,JUC (CONSIGNMENT)
2026-02-01,UST T-Shirt Santo Tomas Shirt/UST T-Shirt Tiger Pattern/HAPPY,106,JUC (CONSIGNMENT)
2026-02-01,UST T-Shirt Sporty,25,JUC (CONSIGNMENT)
2026-02-01,Corp Jacket V3,13,JYL ATHLETICA (CONSIGNMENT)
2026-02-01,DRI-FIT NEW,1,JYL ATHLETICA (CONSIGNMENT)
2026-02-01,"QUIANA SUBLI SHIRT (B&Y), 2 TONED",45,JYL ATHLETICA (CONSIGNMENT)
2026-02-01,Tiger Headband (2 Designs),55,MADEBYRUZ CONSUMER GOODS TRADING (CONSIGNMENT)
2026-02-01,Tiger Paw Keychain @375,55,MADEBYRUZ CONSUMER GOODS TRADING (CONSIGNMENT)
2026-02-01,Hoodies Breaker,4,NAPOLIZ ENTERPRISES (CONSIGNMENT)
2026-02-01,Go Fight UST Shirt,5,SHIRT HAPPENS
2026-02-01,Tiger w/ Box,16,STITCH CORP. (BLEEVES CONSIGNMENT)
2026-02-01,"Ballpen 3 Designs @50 (B,Y,W)",89,STITCH CORP. (BLEEVES PAID)
2026-02-01,Bamboo Notebook @150,7,STITCH CORP. (BLEEVES PAID)
2026-02-01,Bamboo Pen @60,8,STITCH CORP. (BLEEVES PAID)
2026-02-01,Logo Sticker @30,11,TET AND DARS (PAID)
2026-02-01,Long Sticker @120,13,TET AND DARS (PAID)
2026-02-01,Pen @40,34,TET AND DARS (PAID)
2026-02-01,"Go USTE (W,Y,B) @450",10,THREADMARKED (CONSIGNMENT)
2026-02-01,"Keep Growling OS (B,V)",18,THREADMARKED (CONSIGNMENT)
2026-02-01,"Oversized shirt (V,B) @650",9,THREADMARKED (CONSIGNMENT)
2026-02-01,"UST Embro OS (B,V)",41,THREADMARKED (CONSIGNMENT)
2026-02-01,"Hoodie UST embro (V,G,Y,B) @1800",22,THREADMARKED (PAID)
2026-02-01,Two-toned windbreaker @1700,7,THREADMARKED (PAID)
2026-02-01,5M Rotating Keychain,71,USTORE (PAID)
2026-02-01,Aquaflask,2,USTORE (PAID)
2026-02-01,Automatic Umbrella,22,USTORE (PAID)
2026-02-01,Black Eco Bag,44,USTORE (PAID)
2026-02-01,Button Pin (Big),96,USTORE (PAID)
2026-02-01,Chibi Stickers,26,USTORE (PAID)
2026-02-01,ID Case v2 @40,4,USTORE (PAID)
2026-02-01,Lanyard @180,237,USTORE (PAID)
2026-02-01,Pencil,2,USTORE (PAID)
2026-02-01,Tiger Plushie Small,10,USTORE (PAID)
2026-02-01,Tote Bag Canvas White @160,20,USTORE (PAID)
2026-02-01,Tote Viva Santo Tomas,21,USTORE (PAID)
2026-02-01,Utensils,1,USTORE (PAID)
2026-02-01,Yellow Notebook,22,USTORE (PAID)
2026-02-01,Keychain,58,VARSITY LIFESTYLE (CONSIGNMENT)
2026-02-01,Lanyard,82,VARSITY LIFESTYLE (CONSIGNMENT)
2026-02-01,Sweatshirt (NEW),2,VARSITY LIFESTYLE (CONSIGNMENT)
2026-02-01,VL Sticker Pack,18,VARSITY LIFESTYLE (CONSIGNMENT)
2026-02-01,"Y,B VL UST",19,VARSITY LIFESTYLE (CONSIGNMENT)
2026-02-05,Black Embro,2,BLAZE (CONSIGNMENT)
2026-02-05,Shirts all @450 UPSIZE (3XL-4XL),1,JUC (CONSIGNMENT)
2026-02-05,UST College ID Lace,6,JUC (CONSIGNMENT)
2026-02-05,UST OAT Hoodie Jacket,2,JUC (CONSIGNMENT)
2026-02-05,UST OAT MUG (Pure Black),1,JUC (CONSIGNMENT)
2026-02-05,"UST OAT MUG (Y,W,B)",3,JUC (CONSIGNMENT)
2026-02-05,UST OAT T-Shirt Y/B/COLLEGE,4,JUC (CONSIGNMENT)
2026-02-05,UST Sweatshirt Sporty,1,JUC (CONSIGNMENT)
2026-02-05,UST T-Shirt Santo Tomas Shirt/UST T-Shirt Tiger Pattern/HAPPY,3,JUC (CONSIGNMENT)
2026-02-05,UST T-Shirt Sporty,1,JUC (CONSIGNMENT)
2026-02-05,Corp Jacket V3,1,JYL ATHLETICA (CONSIGNMENT)
2026-02-05,Cotton Brush Jacket,2,JYL ATHLETICA (CONSIGNMENT)
2026-02-05,Jacket,1,JYL ATHLETICA (CONSIGNMENT)
2026-02-05,Machete V2,1,JYL ATHLETICA (CONSIGNMENT)
2026-02-05,Poloshirt 123456 @860,1,JYL ATHLETICA (CONSIGNMENT)
2026-02-05,Poloshirt @800,1,JYL ATHLETICA (CONSIGNMENT)
2026-02-05,"QUIANA SUBLI SHIRT (B&Y), 2 TONED",1,JYL ATHLETICA (CONSIGNMENT)
2026-02-05,Tiger Paw Keychain @375,1,MADEBYRUZ CONSUMER GOODS TRADING (CONSIGNMENT)
2026-02-05,Hoodies Breaker,1,NAPOLIZ ENTERPRISES (CONSIGNMENT)
2026-02-05,Go Fight UST Shirt,1,SHIRT HAPPENS
2026-02-05,Tiger w/ Box,6,STITCH CORP. (BLEEVES CONSIGNMENT)
2026-02-05,"Ballpen 3 Designs @50 (B,Y,W)",1,STITCH CORP. (BLEEVES PAID)
2026-02-05,Bamboo Notebook @150,3,STITCH CORP. (BLEEVES PAID)
2026-02-05,Arch @350,1,TET AND DARS (PAID)
2026-02-05,Logo Sticker @30,1,TET AND DARS (PAID)
2026-02-05,Long Sticker @120,1,TET AND DARS (PAID)
2026-02-05,Pen @40,1,TET AND DARS (PAID)
2026-02-05,"Keep Growling OS (B,V)",5,THREADMARKED (CONSIGNMENT)
2026-02-05,"Oversized shirt (V,B) @650",1,THREADMARKED (CONSIGNMENT)
2026-02-05,"Hoodie UST embro (V,G,Y,B) @1800",1,THREADMARKED (PAID)
2026-02-05,Two-toned windbreaker @1700,1,THREADMARKED (PAID)
2026-02-05,Aquaflask,1,USTORE (PAID)
2026-02-05,Automatic Umbrella,1,USTORE (PAID)
2026-02-05,Black Eco Bag,1,USTORE (PAID)
2026-02-05,Blanca Pen,3,USTORE (PAID)
2026-02-05,C. Keychain,3,USTORE (PAID)
2026-02-05,College Sticker @120,3,USTORE (PAID)
2026-02-05,ID Case v2 @40,4,USTORE (PAID)
2026-02-05,Insignia Pen,1,USTORE (PAID)
2026-02-05,Lanyard @180,26,USTORE (PAID)
2026-02-05,MJ Sticker Large,2,USTORE (PAID)
2026-02-05,MJ Sticker Medium,2,USTORE (PAID)
2026-02-05,MJ Sticker Small,1,USTORE (PAID)
2026-02-05,Tiger Plushie Small,3,USTORE (PAID)
2026-02-05,Tote Bag Canvas White @160,3,USTORE (PAID)
2026-02-05,Tote Viva Santo Tomas,2,USTORE (PAID)
2026-02-05,Yellow Notebook,2,USTORE (PAID)
2026-02-05,Lanyard,2,VARSITY LIFESTYLE (CONSIGNMENT)
2026-02-05,New GT Shirts,2,VARSITY LIFESTYLE (CONSIGNMENT)
2026-02-05,VL Sticker Pack,1,VARSITY LIFESTYLE (CONSIGNMENT)
2026-02-05,"Y,B VL UST",2,VARSITY LIFESTYLE (CONSIGNMENT)
2026-02-06,Triple Black Embro,2,BLAZE (CONSIGNMENT)
2026-02-06,UST College ID Lace,11,JUC (CONSIGNMENT)
2026-02-06,UST OAT Hoodie Jacket,2,JUC (CONSIGNMENT)
2026-02-06,UST OAT MUG (Pure Black),1,JUC (CONSIGNMENT)
2026-02-06,"UST OAT MUG (Y,W,B)",2,JUC (CONSIGNMENT)
2026-02-06,UST OAT T-Shirt Y/B/COLLEGE,21,JUC (CONSIGNMENT)
2026-02-06,UST T-Shirt Santo Tomas Shirt/UST T-Shirt Tiger Pattern/HAPPY,11,JUC (CONSIGNMENT)
2026-02-06,UST T-Shirt Sporty,7,JUC (CONSIGNMENT)
2026-02-06,Corp Jacket,2,JYL ATHLETICA (CONSIGNMENT)
2026-02-06,Corp Jacket V3,1,JYL ATHLETICA (CONSIGNMENT)
2026-02-06,Cotton Black Jacket,2,JYL ATHLETICA (CONSIGNMENT)
2026-02-06,Jacket,2,JYL ATHLETICA (CONSIGNMENT)
2026-02-06,Machete V2,1,JYL ATHLETICA (CONSIGNMENT)
2026-02-06,Poloshirt 123456 @860,2,JYL ATHLETICA (CONSIGNMENT)
2026-02-06,Poloshirt @800,2,JYL ATHLETICA (CONSIGNMENT)
2026-02-06,"QUIANA SUBLI SHIRT (B&Y), 2 TONED",1,JYL ATHLETICA (CONSIGNMENT)
2026-02-06,Tiger Paw Keychain @375,4,MADEBYRUZ CONSUMER GOODS TRADING (CONSIGNMENT)
2026-02-06,Hoodies Breaker,1,NAPOLIZ ENTERPRISES (CONSIGNMENT)
2026-02-06,Tiger w/ Box,6,STITCH CORP. (BLEEVES CONSIGNMENT)
2026-02-06,Wearable Blanket,1,STITCH CORP. (BLEEVES CONSIGNMENT)
2026-02-06,"Ballpen 3 Designs @50 (B,Y,W)",12,STITCH CORP. (BLEEVES PAID)
2026-02-06,Bamboo Notebook @150,13,STITCH CORP. (BLEEVES PAID)
2026-02-06,Bamboo Pen @60,2,STITCH CORP. (BLEEVES PAID)
2026-02-06,Corp Jacket V2,1,STITCH CORP. (BLEEVES PAID)
2026-02-06,Arch @350,2,TET AND DARS (PAID)
2026-02-06,Logo Sticker @30,1,TET AND DARS (PAID)
2026-02-06,Long Sticker @120,1,TET AND DARS (PAID)
2026-02-06,Pen @40,1,TET AND DARS (PAID)
2026-02-06,"Go USTE (W,Y,B) @450",3,THREADMARKED (CONSIGNMENT)
2026-02-06,"Keep Growling OS (B,V)",2,THREADMARKED (CONSIGNMENT)
2026-02-06,"Oversized shirt (V,B) @650",2,THREADMARKED (CONSIGNMENT)
2026-02-06,"UST Embro OS (B,V)",2,THREADMARKED (CONSIGNMENT)
2026-02-06,"Hoodie UST embro (V,G,Y,B) @1800",2,THREADMARKED (PAID)
2026-02-06,Automatic Umbrella,2,USTORE (PAID)
2026-02-06,ID Case v2 @40,5,USTORE (PAID)
2026-02-06,Insignia Pen,3,USTORE (PAID)
2026-02-06,Lanyard @180,20,USTORE (PAID)
2026-02-06,MJ Sticker Medium,8,USTORE (PAID)
2026-02-06,MJ Sticker Small,5,USTORE (PAID)
2026-02-06,Notelet,1,USTORE (PAID)
2026-02-06,Picasso Pen,1,USTORE (PAID)
2026-02-06,Tiger Plushie Small,1,USTORE (PAID)
2026-02-06,Tote Viva Santo Tomas,7,USTORE (PAID)
2026-02-06,Utensils,1,USTORE (PAID)
2026-02-06,Yellow Notebook,1,USTORE (PAID)
2026-02-06,Keychain,2,VARSITY LIFESTYLE (CONSIGNMENT)
2026-02-06,Lanyard,1,VARSITY LIFESTYLE (CONSIGNMENT)
2026-02-06,Long Sticker,12,VARSITY LIFESTYLE (CONSIGNMENT)
2026-02-06,"Y,B VL UST",4,VARSITY LIFESTYLE (CONSIGNMENT)
2026-02-07,Black Embro,1,BLAZE (CONSIGNMENT)
2026-02-07,UST College ID Lace,7,JUC (CONSIGNMENT)
2026-02-07,"UST OAT MUG (Y,W,B)",2,JUC (CONSIGNMENT)
2026-02-07,UST OAT T-Shirt Y/B/COLLEGE,4,JUC (CONSIGNMENT)
2026-02-07,UST Sweatshirt Sporty,1,JUC (CONSIGNMENT)
2026-02-07,UST T-Shirt Santo Tomas Shirt/UST T-Shirt Tiger Pattern/HAPPY,8,JUC (CONSIGNMENT)
2026-02-07,UST T-Shirt Sporty,2,JUC (CONSIGNMENT)
2026-02-07,Corp Jacket V3,1,JYL ATHLETICA (CONSIGNMENT)
2026-02-07,Poloshirt 123456 @860,1,JYL ATHLETICA (CONSIGNMENT)
2026-02-07,Small Mystery Car,1,MADEBYRUZ CONSUMER GOODS TRADING (CONSIGNMENT)
2026-02-07,Tiger Paw Keychain @375,1,MADEBYRUZ CONSUMER GOODS TRADING (CONSIGNMENT)
2026-02-07,Hoodies Breaker,1,NAPOLIZ ENTERPRISES (CONSIGNMENT)
2026-02-07,Go Fight UST Shirt,1,SHIRT HAPPENS
2026-02-07,"Ballpen 3 Designs @50 (B,Y,W)",8,STITCH CORP. (BLEEVES PAID)
2026-02-07,Bamboo Pen @60,1,STITCH CORP. (BLEEVES PAID)
2026-02-07,Corp Jacket V2,1,STITCH CORP. (BLEEVES PAID)
2026-02-07,Logo Sticker @30,3,TET AND DARS (PAID)
2026-02-07,Long Sticker @120,2,TET AND DARS (PAID)
2026-02-07,"Go USTE (W,Y,B) @450",1,THREADMARKED (CONSIGNMENT)
2026-02-07,"Keep Growling OS (B,V)",1,THREADMARKED (CONSIGNMENT)
2026-02-07,"UST Embro OS (B,V)",4,THREADMARKED (CONSIGNMENT)
2026-02-07,"Hoodie UST embro (V,G,Y,B) @1800",2,THREADMARKED (PAID)
2026-02-07,Automatic Umbrella,2,USTORE (PAID)
2026-02-07,Button Pin (Big),1,USTORE (PAID)
2026-02-07,Chibi Stickers,1,USTORE (PAID)
2026-02-07,ID Case v2 @40,1,USTORE (PAID)
2026-02-07,Insignia Pen,1,USTORE (PAID)
2026-02-07,Lanyard @180,8,USTORE (PAID)
2026-02-07,MJ Sticker Large,3,USTORE (PAID)
2026-02-07,MJ Sticker Medium,2,USTORE (PAID)
2026-02-07,MJ Sticker Small,5,USTORE (PAID)
2026-02-07,Notelet,10,USTORE (PAID)
2026-02-07,Picasso Pen,1,USTORE (PAID)
2026-02-07,Tote Bag Canvas White @160,1,USTORE (PAID)
2026-02-07,Tote Viva Santo Tomas,1,USTORE (PAID)
2026-02-07,Lanyard,3,VARSITY LIFESTYLE (CONSIGNMENT)
2026-02-07,Sweatshirt (NEW),1,VARSITY LIFESTYLE (CONSIGNMENT)
2026-02-07,VL Sticker Pack,1,VARSITY LIFESTYLE (CONSIGNMENT)
2026-02-07,"Y,B VL UST",1,VARSITY LIFESTYLE (CONSIGNMENT)
2026-02-09,Woven Sling Bag (SMALL),1,"ASSOCIATION FOR THE EDUCATIONAL ASSISTANCE OF POOR SEMINARIANS, INC."
2026-02-09,Shirts all @450 UPSIZE (3XL-4XL),1,JUC (CONSIGNMENT)
2026-02-09,UST College ID Lace,7,JUC (CONSIGNMENT)
2026-02-09,UST OAT Hoodie Jacket,2,JUC (CONSIGNMENT)
2026-02-09,UST OAT MUG (Pure Black),1,JUC (CONSIGNMENT)
2026-02-09,"UST OAT MUG (Y,W,B)",1,JUC (CONSIGNMENT)
2026-02-09,UST OAT T-Shirt Y/B/COLLEGE,4,JUC (CONSIGNMENT)
2026-02-09,UST T-Shirt Santo Tomas Shirt/UST T-Shirt Tiger Pattern/HAPPY,9,JUC (CONSIGNMENT)
2026-02-09,UST T-Shirt Sporty,1,JUC (CONSIGNMENT)
2026-02-09,"Baseball Shirt (Y,W)",1,JYL ATHLETICA (CONSIGNMENT)
2026-02-09,Corp Jacket V3,2,JYL ATHLETICA (CONSIGNMENT)
2026-02-09,Cotton Black Jacket,1,JYL ATHLETICA (CONSIGNMENT)
2026-02-09,Cotton Brush Jacket,1,JYL ATHLETICA (CONSIGNMENT)
2026-02-09,Poloshirt @800,1,JYL ATHLETICA (CONSIGNMENT)
2026-02-09,"QUIANA SUBLI SHIRT (B&Y), 2 TONED",2,JYL ATHLETICA (CONSIGNMENT)
2026-02-09,Big Car,1,MADEBYRUZ CONSUMER GOODS TRADING (CONSIGNMENT)
2026-02-09,Hoodies Breaker,2,NAPOLIZ ENTERPRISES (CONSIGNMENT)
2026-02-09,"Ballpen 3 Designs @50 (B,Y,W)",3,STITCH CORP. (BLEEVES PAID)
2026-02-09,Corp Jacket V2,2,STITCH CORP. (BLEEVES PAID)
2026-02-09,"Go USTE (W,Y,B) @450",1,THREADMARKED (CONSIGNMENT)
2026-02-09,"Oversized shirt (V,B) @650",1,THREADMARKED (CONSIGNMENT)
2026-02-09,"Hoodie UST embro (V,G,Y,B) @1800",1,THREADMARKED (PAID)
2026-02-09,Two-toned windbreaker @1700,1,THREADMARKED (PAID)
2026-02-09,Automatic Umbrella,2,USTORE (PAID)
2026-02-09,Button Pin (Big),1,USTORE (PAID)
2026-02-09,Button Pin (Small),1,USTORE (PAID)
2026-02-09,Chibi Stickers,2,USTORE (PAID)
2026-02-09,ID Case v2 @40,2,USTORE (PAID)
2026-02-09,Lanyard @180,17,USTORE (PAID)
2026-02-09,MJ Sticker Small,1,USTORE (PAID)
2026-02-09,Tote Viva Santo Tomas,4,USTORE (PAID)
2026-02-09,Lanyard,2,VARSITY LIFESTYLE (CONSIGNMENT)
2026-02-09,New GT Shirts,1,VARSITY LIFESTYLE (CONSIGNMENT)
2026-02-09,USTWBT Championship Shirt 2025,1,VARSITY LIFESTYLE (CONSIGNMENT)
2026-02-09,"Y,B VL UST",1,VARSITY LIFESTYLE (CONSIGNMENT)
2026-02-10,Woven Sling Bag (SMALL),1,"ASSOCIATION FOR THE EDUCATIONAL ASSISTANCE OF POOR SEMINARIANS, INC."
2026-02-10,Triple Black Embro,2,BLAZE (CONSIGNMENT)
2026-02-10,Shirts all @450 UPSIZE (3XL-4XL),3,JUC (CONSIGNMENT)
2026-02-10,UST College ID Lace,5,JUC (CONSIGNMENT)
2026-02-10,UST OAT Hoodie Jacket,9,JUC (CONSIGNMENT)
2026-02-10,UST OAT T-Shirt Y/B/COLLEGE,6,JUC (CONSIGNMENT)
2026-02-10,UST Sweatshirt Sporty,1,JUC (CONSIGNMENT)
2026-02-10,UST T-Shirt Santo Tomas Shirt/UST T-Shirt Tiger Pattern/HAPPY,9,JUC (CONSIGNMENT)
2026-02-10,UST T-Shirt Sporty,4,JUC (CONSIGNMENT)
2026-02-10,Corp Jacket V3,4,JYL ATHLETICA (CONSIGNMENT)
2026-02-10,Cotton Black Jacket,3,JYL ATHLETICA (CONSIGNMENT)
2026-02-10,Jacket,2,JYL ATHLETICA (CONSIGNMENT)
2026-02-10,Poloshirt @800,2,JYL ATHLETICA (CONSIGNMENT)
2026-02-10,"QUIANA SUBLI SHIRT (B&Y), 2 TONED",2,JYL ATHLETICA (CONSIGNMENT)
2026-02-10,Tiger Paw Keychain @375,7,MADEBYRUZ CONSUMER GOODS TRADING (CONSIGNMENT)
2026-02-10,Hoodies Breaker,1,NAPOLIZ ENTERPRISES (CONSIGNMENT)
2026-02-10,Go Fight UST Shirt,1,SHIRT HAPPENS
2026-02-10,"Ballpen 3 Designs @50 (B,Y,W)",4,STITCH CORP. (BLEEVES PAID)
2026-02-10,Logo Sticker @30,2,TET AND DARS (PAID)
2026-02-10,Long Sticker @120,4,TET AND DARS (PAID)
2026-02-10,"Go USTE (W,Y,B) @450",2,THREADMARKED (CONSIGNMENT)
2026-02-10,"Keep Growling OS (B,V)",1,THREADMARKED (CONSIGNMENT)
2026-02-10,"UST Embro OS (B,V)",5,THREADMARKED (CONSIGNMENT)
2026-02-10,"Hoodie UST embro (V,G,Y,B) @1800",2,THREADMARKED (PAID)
2026-02-10,Two-toned windbreaker @1700,3,THREADMARKED (PAID)
2026-02-10,Aquaflask,1,USTORE (PAID)
2026-02-10,C. Keychain,3,USTORE (PAID)
2026-02-10,College Sticker @120,2,USTORE (PAID)
2026-02-10,ID Case v2 @40,4,USTORE (PAID)
2026-02-10,Lanyard @180,23,USTORE (PAID)
2026-02-10,MJ Sticker Large,3,USTORE (PAID)
2026-02-10,MJ Sticker Small,2,USTORE (PAID)
2026-02-10,Tiger Plushie Small,1,USTORE (PAID)
2026-02-10,Tote Viva Santo Tomas,5,USTORE (PAID)
2026-02-10,Lanyard,1,VARSITY LIFESTYLE (CONSIGNMENT)
2026-02-10,"Y,B VL UST",2,VARSITY LIFESTYLE (CONSIGNMENT)
2026-02-11,Triple Black Embro,1,BLAZE (CONSIGNMENT)
2026-02-11,Shirts all @450 UPSIZE (3XL-4XL),1,JUC (CONSIGNMENT)
2026-02-11,UST College ID Lace,9,JUC (CONSIGNMENT)
2026-02-11,UST OAT Hoodie Jacket,1,JUC (CONSIGNMENT)
2026-02-11,"UST OAT MUG (Y,W,B)",3,JUC (CONSIGNMENT)
2026-02-11,UST OAT T-Shirt Y/B/COLLEGE,8,JUC (CONSIGNMENT)
2026-02-11,UST Sweatshirt Sporty,2,JUC (CONSIGNMENT)
2026-02-11,UST T-Shirt Santo Tomas Shirt/UST T-Shirt Tiger Pattern/HAPPY,16,JUC (CONSIGNMENT)
2026-02-11,UST T-Shirt Sporty,3,JUC (CONSIGNMENT)
2026-02-11,Corp Jacket,1,JYL ATHLETICA (CONSIGNMENT)
2026-02-11,Corp Jacket V3,1,JYL ATHLETICA (CONSIGNMENT)
2026-02-11,Cotton Black Jacket,1,JYL ATHLETICA (CONSIGNMENT)
2026-02-11,DRI-FIT NEW,1,JYL ATHLETICA (CONSIGNMENT)
2026-02-11,Jacket,2,JYL ATHLETICA (CONSIGNMENT)
2026-02-11,Machete V2,1,JYL ATHLETICA (CONSIGNMENT)
2026-02-11,Poloshirt 123456 @860,1,JYL ATHLETICA (CONSIGNMENT)
2026-02-11,Poloshirt @800,1,JYL ATHLETICA (CONSIGNMENT)
2026-02-11,"QUIANA SUBLI SHIRT (B&Y), 2 TONED",3,JYL ATHLETICA (CONSIGNMENT)
2026-02-11,Tiger Headband (2 Designs),3,MADEBYRUZ CONSUMER GOODS TRADING (CONSIGNMENT)
2026-02-11,Tiger Paw Keychain @375,1,MADEBYRUZ CONSUMER GOODS TRADING (CONSIGNMENT)
2026-02-11,"Ballpen 3 Designs @50 (B,Y,W)",9,STITCH CORP. (BLEEVES PAID)
2026-02-11,Bamboo Notebook @150,2,STITCH CORP. (BLEEVES PAID)
2026-02-11,Bamboo Pen @60,1,STITCH CORP. (BLEEVES PAID)
2026-02-11,Arch @350,3,TET AND DARS (PAID)
2026-02-11,Long Sticker @120,1,TET AND DARS (PAID)
2026-02-11,Pen @40,5,TET AND DARS (PAID)
2026-02-11,"Go USTE (W,Y,B) @450",2,THREADMARKED (CONSIGNMENT)
2026-02-11,"Oversized shirt (V,B) @650",1,THREADMARKED (CONSIGNMENT)
2026-02-11,"UST Embro OS (B,V)",1,THREADMARKED (CONSIGNMENT)
2026-02-11,"Hoodie UST embro (V,G,Y,B) @1800",4,THREADMARKED (PAID)
2026-02-11,Two-toned windbreaker @1700,3,THREADMARKED (PAID)
2026-02-11,Aquaflask,2,USTORE (PAID)
2026-02-11,Automatic Umbrella,3,USTORE (PAID)
2026-02-11,Black Eco Bag,15,USTORE (PAID)
2026-02-11,C. Keychain,3,USTORE (PAID)
2026-02-11,Chibi Stickers,1,USTORE (PAID)
2026-02-11,ID Case v2 @40,1,USTORE (PAID)
2026-02-11,Lanyard @180,25,USTORE (PAID)
2026-02-11,MJ Sticker Large,3,USTORE (PAID)
2026-02-11,MJ Sticker Medium,6,USTORE (PAID)
2026-02-11,MJ Sticker Small,4,USTORE (PAID)
2026-02-11,Notelet,3,USTORE (PAID)
2026-02-11,Powerbank,1,USTORE (PAID)
2026-02-11,Scarf @490,3,USTORE (PAID)
2026-02-11,Tiger Plushie Small,10,USTORE (PAID)
2026-02-11,Lanyard,1,VARSITY LIFESTYLE (CONSIGNMENT)
2026-02-11,New GT Shirts,5,VARSITY LIFESTYLE (CONSIGNMENT)
2026-02-11,"Y,B VL UST",1,VARSITY LIFESTYLE (CONSIGNMENT)
2026-02-12,Polo Shirt @800,1,BLAZE (CONSIGNMENT)
2026-02-12,White Embro,1,BLAZE (CONSIGNMENT)
2026-02-12,Shirts all @450 UPSIZE (3XL-4XL),3,JUC (CONSIGNMENT)
2026-02-12,UST College ID Lace,11,JUC (CONSIGNMENT)
2026-02-12,UST OAT Hoodie Jacket,1,JUC (CONSIGNMENT)
2026-02-12,"UST OAT MUG (Y,W,B)",1,JUC (CONSIGNMENT)
2026-02-12,UST OAT T-Shirt Y/B/COLLEGE,6,JUC (CONSIGNMENT)
2026-02-12,UST T-Shirt Santo Tomas Shirt/UST T-Shirt Tiger Pattern/HAPPY,13,JUC (CONSIGNMENT)
2026-02-12,Corp Jacket V3,3,JYL ATHLETICA (CONSIGNMENT)
2026-02-12,Cotton Black Jacket,1,JYL ATHLETICA (CONSIGNMENT)
2026-02-12,Cotton Gray Jacket,1,JYL ATHLETICA (CONSIGNMENT)
2026-02-12,"QUIANA SUBLI SHIRT (B&Y), 2 TONED",8,JYL ATHLETICA (CONSIGNMENT)
2026-02-12,Big Car,3,MADEBYRUZ CONSUMER GOODS TRADING (CONSIGNMENT)
2026-02-12,Small Mystery Car,3,MADEBYRUZ CONSUMER GOODS TRADING (CONSIGNMENT)
2026-02-12,Tiger Paw Keychain @375,1,MADEBYRUZ CONSUMER GOODS TRADING (CONSIGNMENT)
2026-02-12,Hoodies Breaker,1,NAPOLIZ ENTERPRISES (CONSIGNMENT)
2026-02-12,"Ballpen 3 Designs @50 (B,Y,W)",2,STITCH CORP. (BLEEVES PAID)
2026-02-12,Arch @350,10,TET AND DARS (PAID)
2026-02-12,Logo Keychain @200,4,TET AND DARS (PAID)
2026-02-12,Logo Sticker @30,1,TET AND DARS (PAID)
2026-02-12,Pen @40,1,TET AND DARS (PAID)
2026-02-12,"Go USTE (W,Y,B) @450",1,THREADMARKED (CONSIGNMENT)
2026-02-12,"Keep Growling OS (B,V)",3,THREADMARKED (CONSIGNMENT)
2026-02-12,"UST Embro OS (B,V)",3,THREADMARKED (CONSIGNMENT)
2026-02-12,"Hoodie UST embro (V,G,Y,B) @1800",2,THREADMARKED (PAID)
2026-02-12,Aquaflask,2,USTORE (PAID)
2026-02-12,Automatic Umbrella,1,USTORE (PAID)
2026-02-12,Black Eco Bag,3,USTORE (PAID)
2026-02-12,C. Keychain,5,USTORE (PAID)
2026-02-12,Chibi Stickers,1,USTORE (PAID)
2026-02-12,ID Case v2 @40,2,USTORE (PAID)
2026-02-12,Insignia Pen,1,USTORE (PAID)
2026-02-12,Lanyard @180,10,USTORE (PAID)
2026-02-12,MJ Sticker Large,2,USTORE (PAID)
2026-02-12,MJ Sticker Medium,5,USTORE (PAID)
2026-02-12,MJ Sticker Small,3,USTORE (PAID)
2026-02-12,Notelet,1,USTORE (PAID)
2026-02-12,Tiger Plushie Small,2,USTORE (PAID)
2026-02-12,Tote Viva Santo Tomas,1,USTORE (PAID)
2026-02-12,Yellow Notebook,1,USTORE (PAID)
2026-02-12,Keychain,2,VARSITY LIFESTYLE (CONSIGNMENT)
2026-02-12,Lanyard,9,VARSITY LIFESTYLE (CONSIGNMENT)
2026-02-12,New GT Shirts,1,VARSITY LIFESTYLE (CONSIGNMENT)
2026-02-12,"Y,B VL UST",3,VARSITY LIFESTYLE (CONSIGNMENT)
2026-02-13,Black Embro,2,BLAZE (CONSIGNMENT)
2026-02-13,Polo Shirt @800,1,BLAZE (CONSIGNMENT)
2026-02-13,Triple Black Embro,1,BLAZE (CONSIGNMENT)
2026-02-13,UST College ID Lace,7,JUC (CONSIGNMENT)
2026-02-13,UST OAT Hoodie Jacket,3,JUC (CONSIGNMENT)
2026-02-13,"UST OAT MUG (Y,W,B)",5,JUC (CONSIGNMENT)
2026-02-13,UST OAT T-Shirt Y/B/COLLEGE,10,JUC (CONSIGNMENT)
2026-02-13,UST Sweatshirt Sporty,1,JUC (CONSIGNMENT)
2026-02-13,UST T-Shirt Santo Tomas Shirt/UST T-Shirt Tiger Pattern/HAPPY,18,JUC (CONSIGNMENT)
2026-02-13,UST T-Shirt Sporty,4,JUC (CONSIGNMENT)
2026-02-13,"Baseball Shirt (Y,W)",1,JYL ATHLETICA (CONSIGNMENT)
2026-02-13,Corp Jacket V3,3,JYL ATHLETICA (CONSIGNMENT)
2026-02-13,Cotton Black Jacket,3,JYL ATHLETICA (CONSIGNMENT)
2026-02-13,Jacket,1,JYL ATHLETICA (CONSIGNMENT)
2026-02-13,Machete V2,3,JYL ATHLETICA (CONSIGNMENT)
2026-02-13,Poloshirt @800,1,JYL ATHLETICA (CONSIGNMENT)
2026-02-13,"QUIANA SUBLI SHIRT (B&Y), 2 TONED",6,JYL ATHLETICA (CONSIGNMENT)
2026-02-13,Tiger Headband (2 Designs),2,MADEBYRUZ CONSUMER GOODS TRADING (CONSIGNMENT)
2026-02-13,Tiger Paw Keychain @375,17,MADEBYRUZ CONSUMER GOODS TRADING (CONSIGNMENT)
2026-02-13,"Ballpen 3 Designs @50 (B,Y,W)",3,STITCH CORP. (BLEEVES PAID)
2026-02-13,Bamboo Notebook @150,1,STITCH CORP. (BLEEVES PAID)
2026-02-13,Logo Keychain @200,4,TET AND DARS (PAID)
2026-02-13,Logo Sticker @30,1,TET AND DARS (PAID)
2026-02-13,Long Sticker @120,1,TET AND DARS (PAID)
2026-02-13,"Go USTE (W,Y,B) @450",2,THREADMARKED (CONSIGNMENT)
2026-02-13,"Keep Growling OS (B,V)",2,THREADMARKED (CONSIGNMENT)
2026-02-13,"UST Embro OS (B,V)",3,THREADMARKED (CONSIGNMENT)
2026-02-13,"Hoodie UST embro (V,G,Y,B) @1800",4,THREADMARKED (PAID)
2026-02-13,Automatic Umbrella,2,USTORE (PAID)
2026-02-13,Black Eco Bag,2,USTORE (PAID)
2026-02-13,Blanca Pen,1,USTORE (PAID)
2026-02-13,Button Pin (Big),2,USTORE (PAID)
2026-02-13,C. Keychain,1,USTORE (PAID)
2026-02-13,Clappers,2,USTORE (PAID)
2026-02-13,College Sticker @120,1,USTORE (PAID)
2026-02-13,ID Case v2 @40,2,USTORE (PAID)
2026-02-13,Insignia Pen,2,USTORE (PAID)
2026-02-13,Lanyard @180,19,USTORE (PAID)
2026-02-13,MJ Sticker Large,4,USTORE (PAID)
2026-02-13,MJ Sticker Medium,8,USTORE (PAID)
2026-02-13,MJ Sticker Small,1,USTORE (PAID)
2026-02-13,Notelet,2,USTORE (PAID)
2026-02-13,Tiger Plushie Small,5,USTORE (PAID)
2026-02-13,Tote Viva Santo Tomas,7,USTORE (PAID)
2026-02-13,Yellow Notebook,2,USTORE (PAID)
2026-02-13,Keychain,2,VARSITY LIFESTYLE (CONSIGNMENT)
2026-02-13,New GT Shirts,1,VARSITY LIFESTYLE (CONSIGNMENT)
2026-02-13,"Y,B VL UST",2,VARSITY LIFESTYLE (CONSIGNMENT)
2026-02-14,Woven Tote Bag (SMALL),1,"ASSOCIATION FOR THE EDUCATIONAL ASSISTANCE OF POOR SEMINARIANS, INC."
2026-02-14,Black Embro,1,BLAZE (CONSIGNMENT)
2026-02-14,UST College ID Lace,4,JUC (CONSIGNMENT)
2026-02-14,"UST OAT MUG (Y,W,B)",4,JUC (CONSIGNMENT)
2026-02-14,UST OAT T-Shirt Y/B/COLLEGE,4,JUC (CONSIGNMENT)
2026-02-14,UST T-Shirt Santo Tomas Shirt/UST T-Shirt Tiger Pattern/HAPPY,7,JUC (CONSIGNMENT)
2026-02-14,UST T-Shirt Sporty,1,JUC (CONSIGNMENT)
2026-02-14,Corp Jacket V3,1,JYL ATHLETICA (CONSIGNMENT)
2026-02-14,Cotton Black Jacket,2,JYL ATHLETICA (CONSIGNMENT)
2026-02-14,Jacket,4,JYL ATHLETICA (CONSIGNMENT)
2026-02-14,Poloshirt 123456 @860,2,JYL ATHLETICA (CONSIGNMENT)
2026-02-14,Poloshirt @800,2,JYL ATHLETICA (CONSIGNMENT)
2026-02-14,"QUIANA SUBLI SHIRT (B&Y), 2 TONED",1,JYL ATHLETICA (CONSIGNMENT)
2026-02-14,Hoodies Breaker,1,NAPOLIZ ENTERPRISES (CONSIGNMENT)
2026-02-14,Wearable Blanket,1,STITCH CORP. (BLEEVES CONSIGNMENT)
2026-02-14,"Ballpen 3 Designs @50 (B,Y,W)",4,STITCH CORP. (BLEEVES PAID)
2026-02-14,Arch @350,4,TET AND DARS (PAID)
2026-02-14,Logo Keychain @200,2,TET AND DARS (PAID)
2026-02-14,Logo Sticker @30,2,TET AND DARS (PAID)
2026-02-14,Long Sticker @120,1,TET AND DARS (PAID)
2026-02-14,Pen @40,23,TET AND DARS (PAID)
2026-02-14,"Go USTE (W,Y,B) @450",2,THREADMARKED (CONSIGNMENT)
2026-02-14,"Keep Growling OS (B,V)",2,THREADMARKED (CONSIGNMENT)
2026-02-14,"Hoodie UST embro (V,G,Y,B) @1800",1,THREADMARKED (PAID)
2026-02-14,Aquaflask,1,USTORE (PAID)
2026-02-14,Automatic Umbrella,5,USTORE (PAID)
2026-02-14,Black Eco Bag,2,USTORE (PAID)
2026-02-14,C. Keychain,3,USTORE (PAID)
2026-02-14,ID Case v2 @40,3,USTORE (PAID)
2026-02-14,Insignia Pen,2,USTORE (PAID)
2026-02-14,Lanyard @180,14,USTORE (PAID)
2026-02-14,MJ Sticker Large,2,USTORE (PAID)
2026-02-14,MJ Sticker Medium,2,USTORE (PAID)
2026-02-14,MJ Sticker Small,2,USTORE (PAID)
2026-02-14,Notelet,4,USTORE (PAID)
2026-02-14,Tote Viva Santo Tomas,1,USTORE (PAID)
2026-02-14,Utensils,1,USTORE (PAID)
2026-02-14,Lanyard,2,VARSITY LIFESTYLE (CONSIGNMENT)
2026-02-14,"Y,B VL UST",2,VARSITY LIFESTYLE (CONSIGNMENT)
2026-02-16,Triple Black Embro,1,BLAZE (CONSIGNMENT)
2026-02-16,White Embro,1,BLAZE (CONSIGNMENT)
2026-02-16,Shirts all @450 UPSIZE (3XL-4XL),1,JUC (CONSIGNMENT)
2026-02-16,UST College ID Lace,15,JUC (CONSIGNMENT)
2026-02-16,UST OAT Hoodie Jacket,1,JUC (CONSIGNMENT)
2026-02-16,UST OAT T-Shirt Y/B/COLLEGE,16,JUC (CONSIGNMENT)
2026-02-16,UST Sweatshirt Sporty,1,JUC (CONSIGNMENT)
2026-02-16,UST T-Shirt Santo Tomas Shirt/UST T-Shirt Tiger Pattern/HAPPY,12,JUC (CONSIGNMENT)
2026-02-16,UST T-Shirt Sporty,2,JUC (CONSIGNMENT)
2026-02-16,"Baseball Shirt (Y,W)",1,JYL ATHLETICA (CONSIGNMENT)
2026-02-16,Corp Jacket V3,1,JYL ATHLETICA (CONSIGNMENT)
2026-02-16,Cotton Black Jacket,1,JYL ATHLETICA (CONSIGNMENT)
2026-02-16,DRI-FIT NEW,1,JYL ATHLETICA (CONSIGNMENT)
2026-02-16,Machete V2,1,JYL ATHLETICA (CONSIGNMENT)
2026-02-16,"QUIANA SUBLI SHIRT (B&Y), 2 TONED",1,JYL ATHLETICA (CONSIGNMENT)
2026-02-16,Tiger Paw Keychain @375,4,MADEBYRUZ CONSUMER GOODS TRADING (CONSIGNMENT)
2026-02-16,Hoodies Breaker,4,NAPOLIZ ENTERPRISES (CONSIGNMENT)
2026-02-16,Clock @550,2,STITCH CORP. (BLEEVES CONSIGNMENT)
2026-02-16,Logo Keychain @200,1,TET AND DARS (PAID)
2026-02-16,"Keep Growling OS (B,V)",3,THREADMARKED (CONSIGNMENT)
2026-02-16,"Oversized shirt (V,B) @650",1,THREADMARKED (CONSIGNMENT)
2026-02-16,"UST Embro OS (B,V)",1,THREADMARKED (CONSIGNMENT)
2026-02-16,"Hoodie UST embro (V,G,Y,B) @1800",2,THREADMARKED (PAID)
2026-02-16,Two-toned windbreaker @1700,1,THREADMARKED (PAID)
2026-02-16,5M Rotating Keychain,1,USTORE (PAID)
2026-02-16,C. Keychain,1,USTORE (PAID)
2026-02-16,ID Case v2 @40,1,USTORE (PAID)
2026-02-16,Lanyard @180,19,USTORE (PAID)
2026-02-16,MJ Sticker Small,3,USTORE (PAID)
2026-02-16,Notelet,1,USTORE (PAID)
2026-02-16,Tiger Plushie Small,5,USTORE (PAID)
2026-02-16,Tote Viva Santo Tomas,1,USTORE (PAID)
2026-02-16,Utensils,2,USTORE (PAID)
2026-02-16,Keychain,2,VARSITY LIFESTYLE (CONSIGNMENT)
2026-02-16,Lanyard,3,VARSITY LIFESTYLE (CONSIGNMENT)
2026-02-16,Long Sticker,1,VARSITY LIFESTYLE (CONSIGNMENT)
2026-02-16,"Y,B VL UST",2,VARSITY LIFESTYLE (CONSIGNMENT)
2026-02-18,Shirts all @450 UPSIZE (3XL-4XL),1,JUC (CONSIGNMENT)
2026-02-18,UST College ID Lace,6,JUC (CONSIGNMENT)
2026-02-18,UST OAT Hoodie Jacket,1,JUC (CONSIGNMENT)
2026-02-18,"UST OAT MUG (Y,W,B)",5,JUC (CONSIGNMENT)
2026-02-18,UST OAT T-Shirt Y/B/COLLEGE,1,JUC (CONSIGNMENT)
2026-02-18,UST T-Shirt Santo Tomas Shirt/UST T-Shirt Tiger Pattern/HAPPY,14,JUC (CONSIGNMENT)
2026-02-18,UST T-Shirt Sporty,3,JUC (CONSIGNMENT)
2026-02-18,Corp Jacket V3,1,JYL ATHLETICA (CONSIGNMENT)
2026-02-18,Jacket,1,JYL ATHLETICA (CONSIGNMENT)
2026-02-18,Machete V2,2,JYL ATHLETICA (CONSIGNMENT)
2026-02-18,Poloshirt 123456 @860,1,JYL ATHLETICA (CONSIGNMENT)
2026-02-18,Poloshirt @800,1,JYL ATHLETICA (CONSIGNMENT)
2026-02-18,"QUIANA SUBLI SHIRT (B&Y), 2 TONED",1,JYL ATHLETICA (CONSIGNMENT)
2026-02-18,Tiger Headband (2 Designs),1,MADEBYRUZ CONSUMER GOODS TRADING (CONSIGNMENT)
2026-02-18,Hoodies Breaker,1,NAPOLIZ ENTERPRISES (CONSIGNMENT)
2026-02-18,Go Fight UST Shirt,1,SHIRT HAPPENS
2026-02-18,Arch @350,2,TET AND DARS (PAID)
2026-02-18,"Keep Growling OS (B,V)",3,THREADMARKED (CONSIGNMENT)
2026-02-18,"UST Embro OS (B,V)",3,THREADMARKED (CONSIGNMENT)
2026-02-18,Automatic Umbrella,1,USTORE (PAID)
2026-02-18,Black Eco Bag,4,USTORE (PAID)
2026-02-18,C. Keychain,2,USTORE (PAID)
2026-02-18,Chibi Stickers,2,USTORE (PAID)
2026-02-18,Clappers,1,USTORE (PAID)
2026-02-18,ID Case v2 @40,1,USTORE (PAID)
2026-02-18,Lanyard @180,14,USTORE (PAID)
2026-02-18,MJ Sticker Small,3,USTORE (PAID)
2026-02-18,Picasso Pen,1,USTORE (PAID)
2026-02-18,Scarf @490,2,USTORE (PAID)
2026-02-18,Tiger Plushie Small,23,USTORE (PAID)
2026-02-18,Tote Viva Santo Tomas,4,USTORE (PAID)
2026-02-18,Yellow Lanyard,2,USTORE (PAID)
2026-02-18,"Y,B VL UST",3,VARSITY LIFESTYLE (CONSIGNMENT)
2026-02-19,Polo Shirt @800,3,BLAZE (CONSIGNMENT)
2026-02-19,UST College ID Lace,8,JUC (CONSIGNMENT)
2026-02-19,UST OAT Hoodie Jacket,1,JUC (CONSIGNMENT)
2026-02-19,UST OAT T-Shirt Y/B/COLLEGE,5,JUC (CONSIGNMENT)
2026-02-19,UST T-Shirt Santo Tomas Shirt/UST T-Shirt Tiger Pattern/HAPPY,7,JUC (CONSIGNMENT)
2026-02-19,UST T-Shirt Sporty,1,JUC (CONSIGNMENT)
2026-02-19,Corp Jacket,1,JYL ATHLETICA (CONSIGNMENT)
2026-02-19,Corp Jacket V3,1,JYL ATHLETICA (CONSIGNMENT)
2026-02-19,Cotton Black Jacket,1,JYL ATHLETICA (CONSIGNMENT)
2026-02-19,Poloshirt 123456 @860,2,JYL ATHLETICA (CONSIGNMENT)
2026-02-19,Poloshirt @800,2,JYL ATHLETICA (CONSIGNMENT)
2026-02-19,"QUIANA SUBLI SHIRT (B&Y), 2 TONED",4,JYL ATHLETICA (CONSIGNMENT)
2026-02-19,Tiger Paw Keychain @375,3,MADEBYRUZ CONSUMER GOODS TRADING (CONSIGNMENT)
2026-02-19,Hoodies Breaker,2,NAPOLIZ ENTERPRISES (CONSIGNMENT)
2026-02-19,Go Fight UST Shirt,1,SHIRT HAPPENS
2026-02-19,Bamboo Notebook @150,2,STITCH CORP. (BLEEVES PAID)
2026-02-19,Bamboo Pen @60,1,STITCH CORP. (BLEEVES PAID)
2026-02-19,Logo Keychain @200,1,TET AND DARS (PAID)
2026-02-19,"Keep Growling OS (B,V)",3,THREADMARKED (CONSIGNMENT)
2026-02-19,"UST Embro OS (B,V)",1,THREADMARKED (CONSIGNMENT)
2026-02-19,"Hoodie UST embro (V,G,Y,B) @1800",2,THREADMARKED (PAID)
2026-02-19,Two-toned windbreaker @1700,4,THREADMARKED (PAID)
2026-02-19,Automatic Umbrella,1,USTORE (PAID)
2026-02-19,C. Keychain,1,USTORE (PAID)
2026-02-19,College Sticker @120,2,USTORE (PAID)
2026-02-19,ID Case v2 @40,1,USTORE (PAID)
2026-02-19,Lanyard @180,14,USTORE (PAID)
2026-02-19,Tiger Plushie Small,1,USTORE (PAID)
2026-02-19,Tote Viva Santo Tomas,2,USTORE (PAID)
2026-02-19,Yellow Lanyard,3,USTORE (PAID)
2026-02-19,Keychain,1,VARSITY LIFESTYLE (CONSIGNMENT)
2026-02-19,Lanyard,6,VARSITY LIFESTYLE (CONSIGNMENT)
2026-02-19,Long Sticker,2,VARSITY LIFESTYLE (CONSIGNMENT)
2026-02-19,New GT Shirts,1,VARSITY LIFESTYLE (CONSIGNMENT)
2026-02-19,"Y,B VL UST",2,VARSITY LIFESTYLE (CONSIGNMENT)
2026-02-20,Polo Shirt @800,2,BLAZE (CONSIGNMENT)
2026-02-20,Triple Black Embro,2,BLAZE (CONSIGNMENT)
2026-02-20,Shirts all @450 UPSIZE (3XL-4XL),1,JUC (CONSIGNMENT)
2026-02-20,UST College ID Lace,9,JUC (CONSIGNMENT)
2026-02-20,UST OAT Hoodie Jacket,1,JUC (CONSIGNMENT)
2026-02-20,"UST OAT MUG (Y,W,B)",3,JUC (CONSIGNMENT)
2026-02-20,UST OAT T-Shirt Y/B/COLLEGE,14,JUC (CONSIGNMENT)
2026-02-20,UST Sweatshirt Sporty,1,JUC (CONSIGNMENT)
2026-02-20,UST T-Shirt Santo Tomas Shirt/UST T-Shirt Tiger Pattern/HAPPY,19,JUC (CONSIGNMENT)
2026-02-20,UST T-Shirt Sporty,2,JUC (CONSIGNMENT)
2026-02-20,Corp Jacket V3,2,JYL ATHLETICA (CONSIGNMENT)
2026-02-20,Cotton Brush Jacket,3,JYL ATHLETICA (CONSIGNMENT)
2026-02-20,Dri-Fit Golden Tigresses,4,JYL ATHLETICA (CONSIGNMENT)
2026-02-20,Jersey Short,1,JYL ATHLETICA (CONSIGNMENT)
2026-02-20,Poloshirt @800,1,JYL ATHLETICA (CONSIGNMENT)
2026-02-20,"QUIANA SUBLI SHIRT (B&Y), 2 TONED",6,JYL ATHLETICA (CONSIGNMENT)
2026-02-20,Tiger Paw Keychain @375,1,MADEBYRUZ CONSUMER GOODS TRADING (CONSIGNMENT)
2026-02-20,"Ballpen 3 Designs @50 (B,Y,W)",2,STITCH CORP. (BLEEVES PAID)
2026-02-20,Bamboo Notebook @150,2,STITCH CORP. (BLEEVES PAID)
2026-02-20,Bamboo Pen @60,1,STITCH CORP. (BLEEVES PAID)
2026-02-20,Kraft Notebook @130,1,STITCH CORP. (BLEEVES PAID)
2026-02-20,Arch @350,3,TET AND DARS (PAID)
2026-02-20,Logo Keychain @200,5,TET AND DARS (PAID)
2026-02-20,Logo Sticker @30,5,TET AND DARS (PAID)
2026-02-20,Long Sticker @120,4,TET AND DARS (PAID)
2026-02-20,"Go USTE (W,Y,B) @450",1,THREADMARKED (CONSIGNMENT)
2026-02-20,"Keep Growling OS (B,V)",3,THREADMARKED (CONSIGNMENT)
2026-02-20,"Oversized shirt (V,B) @650",1,THREADMARKED (CONSIGNMENT)
2026-02-20,"UST Embro OS (B,V)",4,THREADMARKED (CONSIGNMENT)
2026-02-20,"Hoodie UST embro (V,G,Y,B) @1800",2,THREADMARKED (PAID)
2026-02-20,Two-toned windbreaker @1700,2,THREADMARKED (PAID)
2026-02-20,Aquaflask,1,USTORE (PAID)
2026-02-20,Automatic Umbrella,1,USTORE (PAID)
2026-02-20,C. Keychain,1,USTORE (PAID)
2026-02-20,ID Case v2 @40,2,USTORE (PAID)
2026-02-20,Lanyard @180,16,USTORE (PAID)
2026-02-20,MJ Sticker Large,5,USTORE (PAID)
2026-02-20,MJ Sticker Medium,3,USTORE (PAID)
2026-02-20,MJ Sticker Small,9,USTORE (PAID)
2026-02-20,Thomasian Kit,1,USTORE (PAID)
2026-02-20,Tiger Plushie Small,10,USTORE (PAID)
2026-02-20,Tote Bag Canvas White @160,2,USTORE (PAID)
2026-02-20,Yellow Lanyard,2,USTORE (PAID)
2026-02-20,Keychain,2,VARSITY LIFESTYLE (CONSIGNMENT)
2026-02-20,New GT Shirts,2,VARSITY LIFESTYLE (CONSIGNMENT)
2026-02-20,USTWBT Championship Shirt 2025,1,VARSITY LIFESTYLE (CONSIGNMENT)
2026-02-20,VL Sticker Pack,2,VARSITY LIFESTYLE (CONSIGNMENT)
2026-02-20,"Y,B VL UST",2,VARSITY LIFESTYLE (CONSIGNMENT)
2026-02-21,Triple Black Embro,1,BLAZE (CONSIGNMENT)
2026-02-21,UST College ID Lace,3,JUC (CONSIGNMENT)
2026-02-21,"UST OAT MUG (Y,W,B)",1,JUC (CONSIGNMENT)
2026-02-21,UST OAT T-Shirt Y/B/COLLEGE,7,JUC (CONSIGNMENT)
2026-02-21,UST T-Shirt Santo Tomas Shirt/UST T-Shirt Tiger Pattern/HAPPY,8,JUC (CONSIGNMENT)
2026-02-21,UST T-Shirt Sporty,2,JUC (CONSIGNMENT)
2026-02-21,"Baseball Shirt (Y,W)",1,JYL ATHLETICA (CONSIGNMENT)
2026-02-21,Corp Jacket,1,JYL ATHLETICA (CONSIGNMENT)
2026-02-21,Corp Jacket V3,1,JYL ATHLETICA (CONSIGNMENT)
2026-02-21,Cotton Brush Jacket,2,JYL ATHLETICA (CONSIGNMENT)
2026-02-21,DRI-FIT NEW,1,JYL ATHLETICA (CONSIGNMENT)
2026-02-21,Machete V2,1,JYL ATHLETICA (CONSIGNMENT)
2026-02-21,Poloshirt 123456 @860,1,JYL ATHLETICA (CONSIGNMENT)
2026-02-21,Poloshirt @800,1,JYL ATHLETICA (CONSIGNMENT)
2026-02-21,"QUIANA SUBLI SHIRT (B&Y), 2 TONED",1,JYL ATHLETICA (CONSIGNMENT)
2026-02-21,Tiger Paw Keychain @375,2,MADEBYRUZ CONSUMER GOODS TRADING (CONSIGNMENT)
2026-02-21,"Ballpen 3 Designs @50 (B,Y,W)",1,STITCH CORP. (BLEEVES PAID)
2026-02-21,Arch @350,12,TET AND DARS (PAID)
2026-02-21,Pen @40,2,TET AND DARS (PAID)
2026-02-21,"Go USTE (W,Y,B) @450",1,THREADMARKED (CONSIGNMENT)
2026-02-21,"Keep Growling OS (B,V)",1,THREADMARKED (CONSIGNMENT)
2026-02-21,"Oversized shirt (V,B) @650",1,THREADMARKED (CONSIGNMENT)
2026-02-21,"UST Embro OS (B,V)",5,THREADMARKED (CONSIGNMENT)
2026-02-21,Two-toned windbreaker @1700,1,THREADMARKED (PAID)
2026-02-21,Black Eco Bag,11,USTORE (PAID)
2026-02-21,C. Keychain,1,USTORE (PAID)
2026-02-21,Clappers,20,USTORE (PAID)
2026-02-21,ID Case v2 @40,2,USTORE (PAID)
2026-02-21,Lanyard @180,17,USTORE (PAID)
2026-02-21,MJ Sticker Large,9,USTORE (PAID)
2026-02-21,MJ Sticker Medium,1,USTORE (PAID)
2026-02-21,MJ Sticker Small,9,USTORE (PAID)
2026-02-21,Notelet,1,USTORE (PAID)
2026-02-21,Stainless Eco Tumbler,16,USTORE (PAID)
2026-02-21,Tiger Plushie Small,16,USTORE (PAID)
2026-02-21,Yellow Lanyard,1,USTORE (PAID)
2026-02-21,Yellow Notebook,1,USTORE (PAID)
2026-02-21,Keychain,1,VARSITY LIFESTYLE (CONSIGNMENT)
2026-02-21,USTWBT Championship Shirt 2025,1,VARSITY LIFESTYLE (CONSIGNMENT)
2026-02-21,"Y,B VL UST",3,VARSITY LIFESTYLE (CONSIGNMENT)
2026-02-23,Triple Black Embro,4,BLAZE (CONSIGNMENT)
2026-02-23,UST College ID Lace,4,JUC (CONSIGNMENT)
2026-02-23,"UST OAT MUG (Y,W,B)",3,JUC (CONSIGNMENT)
2026-02-23,UST OAT T-Shirt Y/B/COLLEGE,5,JUC (CONSIGNMENT)
2026-02-23,UST T-Shirt Santo Tomas Shirt/UST T-Shirt Tiger Pattern/HAPPY,9,JUC (CONSIGNMENT)
2026-02-23,UST T-Shirt Sporty,2,JUC (CONSIGNMENT)
2026-02-23,Corp Jacket V3,1,JYL ATHLETICA (CONSIGNMENT)
2026-02-23,Poloshirt 123456 @860,1,JYL ATHLETICA (CONSIGNMENT)
2026-02-23,Poloshirt @800,1,JYL ATHLETICA (CONSIGNMENT)
2026-02-23,"QUIANA SUBLI SHIRT (B&Y), 2 TONED",3,JYL ATHLETICA (CONSIGNMENT)
2026-02-23,Bamboo Notebook @150,1,STITCH CORP. (BLEEVES PAID)
2026-02-23,Logo Keychain @200,1,TET AND DARS (PAID)
2026-02-23,Logo Sticker @30,2,TET AND DARS (PAID)
2026-02-23,"Go USTE (W,Y,B) @450",1,THREADMARKED (CONSIGNMENT)
2026-02-23,"Hoodie UST embro (V,G,Y,B) @1800",2,THREADMARKED (PAID)
2026-02-23,C. Keychain,1,USTORE (PAID)
2026-02-23,ID Case v2 @40,3,USTORE (PAID)
2026-02-23,Lanyard @180,11,USTORE (PAID)
2026-02-23,MJ Sticker Large,1,USTORE (PAID)
2026-02-23,MJ Sticker Small,3,USTORE (PAID)
2026-02-23,Tote Viva Santo Tomas,2,USTORE (PAID)
2026-02-23,Yellow Lanyard,2,USTORE (PAID)
2026-02-24,Polo Shirt @800,1,BLAZE (CONSIGNMENT)
2026-02-24,UST College ID Lace,3,JUC (CONSIGNMENT)
2026-02-24,UST OAT Hoodie Jacket,1,JUC (CONSIGNMENT)
2026-02-24,"UST OAT MUG (Y,W,B)",4,JUC (CONSIGNMENT)
2026-02-24,UST OAT T-Shirt Y/B/COLLEGE,3,JUC (CONSIGNMENT)
2026-02-24,UST T-Shirt Santo Tomas Shirt/UST T-Shirt Tiger Pattern/HAPPY,5,JUC (CONSIGNMENT)
2026-02-24,Corp Jacket V3,1,JYL ATHLETICA (CONSIGNMENT)
2026-02-24,Cotton Black Jacket,1,JYL ATHLETICA (CONSIGNMENT)
2026-02-24,Dri-Fit Golden Tigresses,1,JYL ATHLETICA (CONSIGNMENT)
2026-02-24,Jersey Short,1,JYL ATHLETICA (CONSIGNMENT)
2026-02-24,Poloshirt @800,2,JYL ATHLETICA (CONSIGNMENT)
2026-02-24,"QUIANA SUBLI SHIRT (B&Y), 2 TONED",1,JYL ATHLETICA (CONSIGNMENT)
2026-02-24,Baseball Cap METAL @380,1,STITCH CORP. (BLEEVES CONSIGNMENT)
2026-02-24,"Ballpen 3 Designs @50 (B,Y,W)",1,STITCH CORP. (BLEEVES PAID)
2026-02-24,Arch @350,5,TET AND DARS (PAID)
2026-02-24,Logo Keychain @200,1,TET AND DARS (PAID)
2026-02-24,Logo Sticker @30,4,TET AND DARS (PAID)
2026-02-24,Long Sticker @120,3,TET AND DARS (PAID)
2026-02-24,"Keep Growling OS (B,V)",2,THREADMARKED (CONSIGNMENT)
2026-02-24,"Oversized shirt (V,B) @650",1,THREADMARKED (CONSIGNMENT)
2026-02-24,"Hoodie UST embro (V,G,Y,B) @1800",2,THREADMARKED (PAID)
2026-02-24,Automatic Umbrella,4,USTORE (PAID)
2026-02-24,Button Pin (Big),1,USTORE (PAID)
2026-02-24,C. Keychain,3,USTORE (PAID)
2026-02-24,ID Case v2 @40,4,USTORE (PAID)
2026-02-24,Insignia Pen,2,USTORE (PAID)
2026-02-24,Lanyard @180,22,USTORE (PAID)
2026-02-24,MJ Sticker Large,1,USTORE (PAID)
2026-02-24,MJ Sticker Medium,3,USTORE (PAID)
2026-02-24,MJ Sticker Small,1,USTORE (PAID)
2026-02-24,Notelet,4,USTORE (PAID)
2026-02-24,Picasso Pen,3,USTORE (PAID)
2026-02-24,Thomasian Kit,1,USTORE (PAID)
2026-02-24,Tote Bag Canvas White @160,1,USTORE (PAID)
2026-02-24,Yellow Lanyard,4,USTORE (PAID)
2026-02-24,Lanyard,1,VARSITY LIFESTYLE (CONSIGNMENT)
2026-02-24,VL Sticker Pack,1,VARSITY LIFESTYLE (CONSIGNMENT)
2026-02-27,Triple Black Embro,3,BLAZE (CONSIGNMENT)
2026-02-27,Shirts all @450 UPSIZE (3XL-4XL),3,JUC (CONSIGNMENT)
2026-02-27,UST College ID Lace,5,JUC (CONSIGNMENT)
2026-02-27,"UST OAT MUG (Y,W,B)",27,JUC (CONSIGNMENT)
2026-02-27,UST OAT T-Shirt Y/B/COLLEGE,11,JUC (CONSIGNMENT)
2026-02-27,UST Sweatshirt Sporty,1,JUC (CONSIGNMENT)
2026-02-27,UST T-Shirt Santo Tomas Shirt/UST T-Shirt Tiger Pattern/HAPPY,16,JUC (CONSIGNMENT)
2026-02-27,UST T-Shirt Sporty,1,JUC (CONSIGNMENT)
2026-02-27,"Baseball Shirt (Y,W)",2,JYL ATHLETICA (CONSIGNMENT)
2026-02-27,Corp Jacket V3,5,JYL ATHLETICA (CONSIGNMENT)
2026-02-27,Cotton Black Jacket,1,JYL ATHLETICA (CONSIGNMENT)
2026-02-27,Cotton Brush Jacket,2,JYL ATHLETICA (CONSIGNMENT)
2026-02-27,Dri-Fit Golden Tigresses,3,JYL ATHLETICA (CONSIGNMENT)
2026-02-27,DRI-FIT NEW,2,JYL ATHLETICA (CONSIGNMENT)
2026-02-27,Poloshirt 123456 @860,1,JYL ATHLETICA (CONSIGNMENT)
2026-02-27,Poloshirt @800,1,JYL ATHLETICA (CONSIGNMENT)
2026-02-27,"QUIANA SUBLI SHIRT (B&Y), 2 TONED",8,JYL ATHLETICA (CONSIGNMENT)
2026-02-27,Tiger Costume,1,MADEBYRUZ CONSUMER GOODS TRADING (CONSIGNMENT)
2026-02-27,Tiger Paw Keychain @375,2,MADEBYRUZ CONSUMER GOODS TRADING (CONSIGNMENT)
2026-02-27,Hoodies Breaker,2,NAPOLIZ ENTERPRISES (CONSIGNMENT)
2026-02-27,Baseball Cap METAL @380,1,STITCH CORP. (BLEEVES CONSIGNMENT)
2026-02-27,Tiger w/ Box,2,STITCH CORP. (BLEEVES CONSIGNMENT)
2026-02-27,"Ballpen 3 Designs @50 (B,Y,W)",16,STITCH CORP. (BLEEVES PAID)
2026-02-27,Bamboo Notebook @150,10,STITCH CORP. (BLEEVES PAID)
2026-02-27,Bamboo Pen @60,7,STITCH CORP. (BLEEVES PAID)
2026-02-27,Arch @350,3,TET AND DARS (PAID)
2026-02-27,Long Sticker @120,1,TET AND DARS (PAID)
2026-02-27,"Go USTE (W,Y,B) @450",1,THREADMARKED (CONSIGNMENT)
2026-02-27,"Oversized shirt (V,B) @650",2,THREADMARKED (CONSIGNMENT)
2026-02-27,"Hoodie UST embro (V,G,Y,B) @1800",8,THREADMARKED (PAID)
2026-02-27,Two-toned windbreaker @1700,2,THREADMARKED (PAID)
2026-02-27,Automatic Umbrella,7,USTORE (PAID)
2026-02-27,Button Pin (Big),1,USTORE (PAID)
2026-02-27,Button Pin (Small),10,USTORE (PAID)
2026-02-27,C. Keychain,1,USTORE (PAID)
2026-02-27,Chibi Stickers,2,USTORE (PAID)
2026-02-27,ID Case v2 @40,3,USTORE (PAID)
2026-02-27,Insignia Pen,6,USTORE (PAID)
2026-02-27,Lanyard @180,13,USTORE (PAID)
2026-02-27,MJ Sticker Large,1,USTORE (PAID)
2026-02-27,Notelet,16,USTORE (PAID)
2026-02-27,Tote Bag Canvas White @160,2,USTORE (PAID)
2026-02-27,Tote Viva Santo Tomas,2,USTORE (PAID)
2026-02-27,Yellow Lanyard,17,USTORE (PAID)
2026-02-27,Yellow Notebook,3,USTORE (PAID)
2026-02-27,Keychain,2,VARSITY LIFESTYLE (CONSIGNMENT)
2026-02-27,Long Sticker,2,VARSITY LIFESTYLE (CONSIGNMENT)
2026-02-27,New GT Shirts,1,VARSITY LIFESTYLE (CONSIGNMENT)
2026-02-28,Black Embro,10,BLAZE (CONSIGNMENT)
2026-02-28,Polo Shirt @800,2,BLAZE (CONSIGNMENT)
2026-02-28,Triple Black Embro,11,BLAZE (CONSIGNMENT)
2026-02-28,White Embro,2,BLAZE (CONSIGNMENT)
2026-02-28,Shirts all @450 UPSIZE (3XL-4XL),4,JUC (CONSIGNMENT)
2026-02-28,Shirts all @450 UPSIZE (5XL),4,JUC (CONSIGNMENT)
2026-02-28,UST College ID Lace,30,JUC (CONSIGNMENT)
2026-02-28,UST OAT Hoodie Jacket,9,JUC (CONSIGNMENT)
2026-02-28,"UST OAT MUG (Y,W,B)",5,JUC (CONSIGNMENT)
2026-02-28,UST OAT T-Shirt Y/B/COLLEGE,23,JUC (CONSIGNMENT)
2026-02-28,UST Sweatshirt Sporty,5,JUC (CONSIGNMENT)
2026-02-28,UST T-Shirt Santo Tomas Shirt/UST T-Shirt Tiger Pattern/HAPPY,43,JUC (CONSIGNMENT)
2026-02-28,UST T-Shirt Sporty,6,JUC (CONSIGNMENT)
2026-02-28,"Baseball Shirt (Y,W)",4,JYL ATHLETICA (CONSIGNMENT)
2026-02-28,Corp Jacket,1,JYL ATHLETICA (CONSIGNMENT)
2026-02-28,Corp Jacket V3,6,JYL ATHLETICA (CONSIGNMENT)
2026-02-28,Corp Windbreaker,1,JYL ATHLETICA (CONSIGNMENT)
2026-02-28,Cotton Black Jacket,4,JYL ATHLETICA (CONSIGNMENT)
2026-02-28,Cotton Gray Jacket,1,JYL ATHLETICA (CONSIGNMENT)
2026-02-28,Dri-Fit Golden Tigresses,9,JYL ATHLETICA (CONSIGNMENT)
2026-02-28,DRI-FIT NEW,4,JYL ATHLETICA (CONSIGNMENT)
2026-02-28,Jacket,7,JYL ATHLETICA (CONSIGNMENT)
2026-02-28,Jersey Short,1,JYL ATHLETICA (CONSIGNMENT)
2026-02-28,Poloshirt 123456 @860,2,JYL ATHLETICA (CONSIGNMENT)
2026-02-28,Poloshirt @800,5,JYL ATHLETICA (CONSIGNMENT)
2026-02-28,"QUIANA SUBLI SHIRT (B&Y), 2 TONED",16,JYL ATHLETICA (CONSIGNMENT)
2026-02-28,Small Mystery Car,3,MADEBYRUZ CONSUMER GOODS TRADING (CONSIGNMENT)
2026-02-28,Tiger Claw,3,MADEBYRUZ CONSUMER GOODS TRADING (CONSIGNMENT)
2026-02-28,Tiger Headband (2 Designs),1,MADEBYRUZ CONSUMER GOODS TRADING (CONSIGNMENT)
2026-02-28,Tiger Paw Keychain @375,9,MADEBYRUZ CONSUMER GOODS TRADING (CONSIGNMENT)
2026-02-28,Baseball Cap METAL @380,5,STITCH CORP. (BLEEVES CONSIGNMENT)
2026-02-28,Tiger w/ Box,1,STITCH CORP. (BLEEVES CONSIGNMENT)
2026-02-28,Wearable Blanket,1,STITCH CORP. (BLEEVES CONSIGNMENT)
2026-02-28,"Ballpen 3 Designs @50 (B,Y,W)",6,STITCH CORP. (BLEEVES PAID)
2026-02-28,Bamboo Notebook @150,2,STITCH CORP. (BLEEVES PAID)
2026-02-28,Logo Keychain @200,18,TET AND DARS (PAID)
2026-02-28,Long Sticker @120,1,TET AND DARS (PAID)
2026-02-28,Pen @40,17,TET AND DARS (PAID)
2026-02-28,"Go USTE (W,Y,B) @450",2,THREADMARKED (CONSIGNMENT)
2026-02-28,"Keep Growling OS (B,V)",4,THREADMARKED (CONSIGNMENT)
2026-02-28,"Oversized shirt (V,B) @650",6,THREADMARKED (CONSIGNMENT)
2026-02-28,"UST Embro OS (B,V)",5,THREADMARKED (CONSIGNMENT)
2026-02-28,"Hoodie UST embro (V,G,Y,B) @1800",13,THREADMARKED (PAID)
2026-02-28,Two-toned windbreaker @1700,24,THREADMARKED (PAID)
2026-02-28,5M Rotating Keychain,1,USTORE (PAID)
2026-02-28,Automatic Umbrella,3,USTORE (PAID)
2026-02-28,Button Pin (Big),2,USTORE (PAID)
2026-02-28,C. Keychain,1,USTORE (PAID)
2026-02-28,Chibi Stickers,4,USTORE (PAID)
2026-02-28,ID Case v2 @40,20,USTORE (PAID)
2026-02-28,Lanyard @180,26,USTORE (PAID)
2026-02-28,MJ Sticker Large,8,USTORE (PAID)
2026-02-28,MJ Sticker Medium,15,USTORE (PAID)
2026-02-28,MJ Sticker Small,19,USTORE (PAID)
2026-02-28,Notelet,1,USTORE (PAID)
2026-02-28,Stainless Eco Tumbler,1,USTORE (PAID)
2026-02-28,Tiger Plushie Small,2,USTORE (PAID)
2026-02-28,Tote Viva Santo Tomas,2,USTORE (PAID)
2026-02-28,Yellow Lanyard,1,USTORE (PAID)
2026-02-28,Yellow Notebook,3,USTORE (PAID)
2026-02-28,Keychain,5,VARSITY LIFESTYLE (CONSIGNMENT)
2026-02-28,Lanyard,13,VARSITY LIFESTYLE (CONSIGNMENT)
2026-02-28,New GT Shirts,1,VARSITY LIFESTYLE (CONSIGNMENT)
2026-02-28,USTWBT Championship Shirt 2025,2,VARSITY LIFESTYLE (CONSIGNMENT)
2026-02-28,VL Sticker Pack,2,VARSITY LIFESTYLE (CONSIGNMENT)
2026-02-28,"Y,B VL UST",7,VARSITY LIFESTYLE (CONSIGNMENT)
2026-03-02,Black w/ Yellow UST Embro,9,BLAZE (CONSIGNMENT)
2026-03-02,White Embro,5,BLAZE (CONSIGNMENT)
2026-03-02,UST College ID Lace,1,JUC (CONSIGNMENT)
2026-03-02,UST OAT Hoodie Jacket,12,JUC (CONSIGNMENT)
2026-03-02,UST OAT T-Shirt Y/B/COLLEGE (XS-2XL),33,JUC (CONSIGNMENT)
2026-03-02,UST Sweatshirt Sporty,7,JUC (CONSIGNMENT)
2026-03-02,UST T-Shirt Santo Tomas Shirt/UST T-Shirt Tiger Pattern/HAPPY,6,JUC (CONSIGNMENT)
2026-03-02,UST T-Shirt Sporty,3,JUC (CONSIGNMENT)
2026-03-02,Corp Windbreaker,1,JYL ATHLETICA (CONSIGNMENT)
2026-03-02,Cotton Brush Jacket,1,JYL ATHLETICA (CONSIGNMENT)
2026-03-02,Cotton Gray Jacket,6,JYL ATHLETICA (CONSIGNMENT)
2026-03-02,Dri-Fit Golden Tigresses,1,JYL ATHLETICA (CONSIGNMENT)
2026-03-02,Poloshirt 123456 @860,6,JYL ATHLETICA (CONSIGNMENT)
2026-03-02,Poloshirt @800,8,JYL ATHLETICA (CONSIGNMENT)
2026-03-02,S88 UAAP Poloshirt,15,SHIRT HAPPENS
2026-03-02,"Ballpen 3 Designs @50 (B,Y,W)",16,STITCH CORP. (PAID)
2026-03-02,Bamboo Pen @60,2,STITCH CORP. (PAID)
2026-03-02,"Go USTE (W,Y,B) @450",9,THREADMARKED (CONSIGNMENT)
2026-03-02,"Keep Growling OS (B,V)",1,THREADMARKED (CONSIGNMENT)
2026-03-02,"UST TIGERS Oversized shirt (V,B) @650",15,THREADMARKED (CONSIGNMENT)
2026-03-02,"Hoodie UST embro (V,G,Y,B) @1800",17,THREADMARKED (PAID)
2026-03-02,Varsity Jacket Embro,2,THREADMARKED (PAID)
2026-03-02,ID Case v2 @40,3,USTORE (PAID)
2026-03-02,Yellow Lanyard,5,USTORE (PAID)
2026-03-02,Yellow Notebook,3,USTORE (PAID)
2026-03-02,New GT Shirts,1,VARSITY LIFESTYLE (CONSIGNMENT)
2026-03-02,VL Keychain,2,VARSITY LIFESTYLE (CONSIGNMENT)
2026-03-02,VL Sticker Pack,1,VARSITY LIFESTYLE (CONSIGNMENT)
2026-03-07,Shirts all @450 UPSIZE (3XL-4XL),1,JUC (CONSIGNMENT)
2026-03-07,UST College ID Lace,4,JUC (CONSIGNMENT)
2026-03-07,"UST OAT MUG (Y,W,B)",1,JUC (CONSIGNMENT)
2026-03-07,UST OAT T-Shirt Y/B/COLLEGE (XS-2XL),4,JUC (CONSIGNMENT)
2026-03-07,UST T-Shirt Santo Tomas Shirt/UST T-Shirt Tiger Pattern/HAPPY,7,JUC (CONSIGNMENT)
2026-03-07,UST T-Shirt Sporty,1,JUC (CONSIGNMENT)
2026-03-07,"Baseball Shirt (Y,W)",1,JYL ATHLETICA (CONSIGNMENT)
2026-03-07,Dri-Fit Golden Tigresses,2,JYL ATHLETICA (CONSIGNMENT)
2026-03-07,Jersey Short,1,JYL ATHLETICA (CONSIGNMENT)
2026-03-07,Machete V2,1,JYL ATHLETICA (CONSIGNMENT)
2026-03-07,Poloshirt 123456 @860,1,JYL ATHLETICA (CONSIGNMENT)
2026-03-07,"QUIANA SUBLI SHIRT (B&Y), 2 TONED",2,JYL ATHLETICA (CONSIGNMENT)
2026-03-07,Tiger Headband (2 Designs),1,MADEBYRUZ CONSUMER GOODS TRADING (CONSIGNMENT)
2026-03-07,Tiger Paw Keychain @375,8,MADEBYRUZ CONSUMER GOODS TRADING (CONSIGNMENT)
2026-03-07,S88 UAAP Poloshirt,1,SHIRT HAPPENS
2026-03-07,Tiger w/ Box,2,STITCH CORP. (CONSIGNMENT)
2026-03-07,"Ballpen 3 Designs @50 (B,Y,W)",5,STITCH CORP. (PAID)
2026-03-07,Logo Sticker @30,3,TET AND DARS (PAID)
2026-03-07,Long Sticker @120,1,TET AND DARS (PAID)
2026-03-07,Pen @40,4,TET AND DARS (PAID)
2026-03-07,"Go USTE (W,Y,B) @450",2,THREADMARKED (CONSIGNMENT)
2026-03-07,"Keep Growling OS (B,V)",1,THREADMARKED (CONSIGNMENT)
2026-03-07,"Hoodie UST embro (V,G,Y,B) @1800",2,THREADMARKED (PAID)
2026-03-07,Two-toned windbreaker @1700,3,THREADMARKED (PAID)
2026-03-07,Automatic Umbrella,2,USTORE (PAID)
2026-03-07,C. Keychain,6,USTORE (PAID)
2026-03-07,Clappers,1,USTORE (PAID)
2026-03-07,ID Case v2 @40,2,USTORE (PAID)
2026-03-07,Lanyard @180,7,USTORE (PAID)
2026-03-07,MJ Sticker Large,2,USTORE (PAID)
2026-03-07,MJ Sticker Medium,6,USTORE (PAID)
2026-03-07,MJ Sticker Small,2,USTORE (PAID)
2026-03-07,Tiger Plushie Small,3,USTORE (PAID)
2026-03-07,USTWBT Championship Shirt 2025,1,VARSITY LIFESTYLE (CONSIGNMENT)
2026-03-07,VL Sticker Pack,1,VARSITY LIFESTYLE (CONSIGNMENT)
2026-03-07,"Y,B VL UST",1,VARSITY LIFESTYLE (CONSIGNMENT)
2026-03-09,Polo Shirt @800,1,BLAZE (CONSIGNMENT)
2026-03-09,Triple Black Embro,2,BLAZE (CONSIGNMENT)
2026-03-09,UST College ID Lace,4,JUC (CONSIGNMENT)
2026-03-09,"UST OAT MUG (Y,W,B)",2,JUC (CONSIGNMENT)
2026-03-09,UST OAT T-Shirt Y/B/COLLEGE (XS-2XL),9,JUC (CONSIGNMENT)
2026-03-09,UST Sweatshirt Sporty,2,JUC (CONSIGNMENT)
2026-03-09,UST T-Shirt Santo Tomas Shirt/UST T-Shirt Tiger Pattern/HAPPY,10,JUC (CONSIGNMENT)
2026-03-09,UST T-Shirt Sporty,4,JUC (CONSIGNMENT)
2026-03-09,Corp Jacket V3,1,JYL ATHLETICA (CONSIGNMENT)
2026-03-09,Corp Windbreaker,1,JYL ATHLETICA (CONSIGNMENT)
2026-03-09,Jacket,1,JYL ATHLETICA (CONSIGNMENT)
2026-03-09,Machete V2,1,JYL ATHLETICA (CONSIGNMENT)
2026-03-09,Poloshirt @800,1,JYL ATHLETICA (CONSIGNMENT)
2026-03-09,"QUIANA SUBLI SHIRT (B&Y), 2 TONED",1,JYL ATHLETICA (CONSIGNMENT)
2026-03-09,Tiger Paw Keychain @375,1,MADEBYRUZ CONSUMER GOODS TRADING (CONSIGNMENT)
2026-03-09,"Ballpen 3 Designs @50 (B,Y,W)",10,STITCH CORP. (PAID)
2026-03-09,Bamboo Notebook @150,2,STITCH CORP. (PAID)
2026-03-09,Bamboo Pen @60,1,STITCH CORP. (PAID)
2026-03-09,Arch @350,1,TET AND DARS (PAID)
2026-03-09,Logo Keychain @200,4,TET AND DARS (PAID)
2026-03-09,Pen @40,11,TET AND DARS (PAID)
2026-03-09,"Go USTE (W,Y,B) @450",1,THREADMARKED (CONSIGNMENT)
2026-03-09,"Keep Growling OS (B,V)",2,THREADMARKED (CONSIGNMENT)
2026-03-09,"UST TIGERS Oversized shirt (V,B) @650",1,THREADMARKED (CONSIGNMENT)
2026-03-09,"Hoodie UST embro (V,G,Y,B) @1800",3,THREADMARKED (PAID)
2026-03-09,Automatic Umbrella,2,USTORE (PAID)
2026-03-09,Blanca Pen,2,USTORE (PAID)
2026-03-09,C. Keychain,1,USTORE (PAID)
2026-03-09,ID Case v2 @40,3,USTORE (PAID)
2026-03-09,Insignia Pen,2,USTORE (PAID)
2026-03-09,Lanyard @180,10,USTORE (PAID)
2026-03-09,MJ Sticker Large,2,USTORE (PAID)
2026-03-09,MJ Sticker Medium,3,USTORE (PAID)
2026-03-09,MJ Sticker Small,3,USTORE (PAID)
2026-03-09,Notelet,1,USTORE (PAID)
2026-03-09,Tiger Plushie Small,2,USTORE (PAID)
2026-03-09,Tote Bag Canvas White @160,2,USTORE (PAID)
2026-03-09,Yellow Notebook,1,USTORE (PAID)
2026-03-09,Lanyard,4,VARSITY LIFESTYLE (CONSIGNMENT)
2026-03-09,Long Sticker,2,VARSITY LIFESTYLE (CONSIGNMENT)
2026-03-09,VL Keychain,2,VARSITY LIFESTYLE (CONSIGNMENT)
2026-03-09,"Y,B VL UST",1,VARSITY LIFESTYLE (CONSIGNMENT)
2026-03-10,Polo Shirt @800,1,BLAZE (CONSIGNMENT)
2026-03-10,Triple Black Embro,1,BLAZE (CONSIGNMENT)
2026-03-10,UST College ID Lace,5,JUC (CONSIGNMENT)
2026-03-10,UST OAT Hoodie Jacket,1,JUC (CONSIGNMENT)
2026-03-10,"UST OAT MUG (Y,W,B)",9,JUC (CONSIGNMENT)
2026-03-10,UST OAT T-Shirt Y/B/COLLEGE (XS-2XL),11,JUC (CONSIGNMENT)
2026-03-10,UST T-Shirt Santo Tomas Shirt/UST T-Shirt Tiger Pattern/HAPPY,12,JUC (CONSIGNMENT)
2026-03-10,UST T-Shirt Sporty,4,JUC (CONSIGNMENT)
2026-03-10,Corp Jacket V3,1,JYL ATHLETICA (CONSIGNMENT)
2026-03-10,Cotton Black Jacket,1,JYL ATHLETICA (CONSIGNMENT)
2026-03-10,Dri-Fit Golden Tigresses,2,JYL ATHLETICA (CONSIGNMENT)
2026-03-10,Jersey Short,1,JYL ATHLETICA (CONSIGNMENT)
2026-03-10,Poloshirt @800,1,JYL ATHLETICA (CONSIGNMENT)
2026-03-10,"QUIANA SUBLI SHIRT (B&Y), 2 TONED",2,JYL ATHLETICA (CONSIGNMENT)
2026-03-10,UST Arch Clicker,2,MADEBYRUZ CONSUMER GOODS TRADING (CONSIGNMENT)
2026-03-10,Arch @350,5,TET AND DARS (PAID)
2026-03-10,Logo Keychain @200,2,TET AND DARS (PAID)
2026-03-10,Logo Sticker @30,3,TET AND DARS (PAID)
2026-03-10,Pen @40,1,TET AND DARS (PAID)
2026-03-10,"Go USTE (W,Y,B) @450",1,THREADMARKED (CONSIGNMENT)
2026-03-10,"Keep Growling OS (B,V)",1,THREADMARKED (CONSIGNMENT)
2026-03-10,"UST TIGERS Oversized shirt (V,B) @650",1,THREADMARKED (CONSIGNMENT)
2026-03-10,Two-toned windbreaker @1700,2,THREADMARKED (PAID)
2026-03-10,Automatic Umbrella,3,USTORE (PAID)
2026-03-10,Black Eco Bag,8,USTORE (PAID)
2026-03-10,Blanca Pen,1,USTORE (PAID)
2026-03-10,ID Case v2 @40,1,USTORE (PAID)
2026-03-10,Insignia Pen,1,USTORE (PAID)
2026-03-10,Lanyard @180,19,USTORE (PAID)
2026-03-10,MJ Sticker Large,2,USTORE (PAID)
2026-03-10,MJ Sticker Medium,3,USTORE (PAID)
2026-03-10,MJ Sticker Small,6,USTORE (PAID)
2026-03-10,Picasso Pen,1,USTORE (PAID)
2026-03-10,Powerbank,1,USTORE (PAID)
2026-03-10,Stainless Eco Tumbler,1,USTORE (PAID)
2026-03-10,Thomasian Kit,1,USTORE (PAID)
2026-03-10,Tiger Plushie Small,4,USTORE (PAID)
2026-03-10,Tote Viva Santo Tomas,23,USTORE (PAID)
2026-03-10,USTORE Voucher (1000),2,USTORE (PAID)
2026-03-10,USTORE Voucher (200),5,USTORE (PAID)
2026-03-10,USTORE Voucher (500),2,USTORE (PAID)
2026-03-10,Yellow Notebook,4,USTORE (PAID)
2026-03-10,VL Keychain,3,VARSITY LIFESTYLE (CONSIGNMENT)
2026-03-10,"Y,B VL UST",1,VARSITY LIFESTYLE (CONSIGNMENT)
2026-03-11,Black w/ Yellow UST Embro,2,BLAZE (CONSIGNMENT)
2026-03-11,Polo Shirt @800,1,BLAZE (CONSIGNMENT)
2026-03-11,White Embro,1,BLAZE (CONSIGNMENT)
2026-03-11,UST College ID Lace,36,JUC (CONSIGNMENT)
2026-03-11,UST OAT T-Shirt Y/B/COLLEGE (XS-2XL),2,JUC (CONSIGNMENT)
2026-03-11,UST T-Shirt Santo Tomas Shirt/UST T-Shirt Tiger Pattern/HAPPY,9,JUC (CONSIGNMENT)
2026-03-11,UST T-Shirt Sporty,2,JUC (CONSIGNMENT)
2026-03-11,Jersey Short,1,JYL ATHLETICA (CONSIGNMENT)
2026-03-11,Machete V2,1,JYL ATHLETICA (CONSIGNMENT)
2026-03-11,Poloshirt @800,2,JYL ATHLETICA (CONSIGNMENT)
2026-03-11,"QUIANA SUBLI SHIRT (B&Y), 2 TONED",3,JYL ATHLETICA (CONSIGNMENT)
2026-03-11,UST Arch Clicker,1,MADEBYRUZ CONSUMER GOODS TRADING (CONSIGNMENT)
2026-03-11,Hoodies Breaker,2,NAPOLIZ ENTERPRISES (CONSIGNMENT)
2026-03-11,S88 UAAP Poloshirt,1,SHIRT HAPPENS
2026-03-11,"Ballpen 3 Designs @50 (B,Y,W)",20,STITCH CORP. (PAID)
2026-03-11,Bamboo Pen @60,4,STITCH CORP. (PAID)
2026-03-11,Logo Keychain @200,4,TET AND DARS (PAID)
2026-03-11,Long Sticker @120,1,TET AND DARS (PAID)
2026-03-11,Pen @40,1,TET AND DARS (PAID)
2026-03-11,"Go USTE (W,Y,B) @450",2,THREADMARKED (CONSIGNMENT)
2026-03-11,"Keep Growling OS (B,V)",1,THREADMARKED (CONSIGNMENT)
2026-03-11,"Hoodie UST embro (V,G,Y,B) @1800",1,THREADMARKED (PAID)
2026-03-11,Automatic Umbrella,1,USTORE (PAID)
2026-03-11,Black Eco Bag,6,USTORE (PAID)
2026-03-11,C. Keychain,13,USTORE (PAID)
2026-03-11,College Sticker @120,1,USTORE (PAID)
2026-03-11,Lanyard @180,14,USTORE (PAID)
2026-03-11,MJ Sticker Large,1,USTORE (PAID)
2026-03-11,MJ Sticker Medium,1,USTORE (PAID)
2026-03-11,MJ Sticker Small,7,USTORE (PAID)
2026-03-11,Notelet,1,USTORE (PAID)
2026-03-11,Picasso Pen,1,USTORE (PAID)
2026-03-11,Tote Bag Canvas White @160,2,USTORE (PAID)
2026-03-11,Yellow Notebook,1,USTORE (PAID)
2026-03-11,New GT Shirts,1,VARSITY LIFESTYLE (CONSIGNMENT)
2026-03-11,VL Keychain,3,VARSITY LIFESTYLE (CONSIGNMENT)
2026-03-11,VL Sticker Pack,2,VARSITY LIFESTYLE (CONSIGNMENT)
2026-03-11,"Y,B VL UST",1,VARSITY LIFESTYLE (CONSIGNMENT)
2026-03-12,Black w/ Yellow UST Embro,1,BLAZE (CONSIGNMENT)
2026-03-12,Polo Shirt @800,1,BLAZE (CONSIGNMENT)
2026-03-12,UST College ID Lace,6,JUC (CONSIGNMENT)
2026-03-12,UST OAT Hoodie Jacket,2,JUC (CONSIGNMENT)
2026-03-12,"UST OAT MUG (Y,W,B)",5,JUC (CONSIGNMENT)
2026-03-12,UST OAT T-Shirt Y/B/COLLEGE (XS-2XL),10,JUC (CONSIGNMENT)
2026-03-12,UST Sweatshirt Sporty,8,JUC (CONSIGNMENT)
2026-03-12,UST T-Shirt Sporty,2,JUC (CONSIGNMENT)
2026-03-12,Cotton Black Jacket,2,JYL ATHLETICA (CONSIGNMENT)
2026-03-12,Dri-Fit Golden Tigresses,4,JYL ATHLETICA (CONSIGNMENT)
2026-03-12,Jersey Short,2,JYL ATHLETICA (CONSIGNMENT)
2026-03-12,Machete V2,1,JYL ATHLETICA (CONSIGNMENT)
2026-03-12,"QUIANA SUBLI SHIRT (B&Y), 2 TONED",3,JYL ATHLETICA (CONSIGNMENT)
2026-03-12,Tiger Claw,1,MADEBYRUZ CONSUMER GOODS TRADING (CONSIGNMENT)
2026-03-12,S88 UAAP Poloshirt,6,SHIRT HAPPENS
2026-03-12,Tiger w/ Box,1,STITCH CORP. (CONSIGNMENT)
2026-03-12,"Ballpen 3 Designs @50 (B,Y,W)",4,STITCH CORP. (PAID)
2026-03-12,Bamboo Pen @60,1,STITCH CORP. (PAID)
2026-03-12,Logo Keychain @200,1,TET AND DARS (PAID)
2026-03-12,Pen @40,1,TET AND DARS (PAID)
2026-03-12,"Go USTE (W,Y,B) @450",2,THREADMARKED (CONSIGNMENT)
2026-03-12,280ml Desk Mug / MCIA028,2,TIGER FLASK
2026-03-12,Automatic Umbrella,3,USTORE (PAID)
2026-03-12,Black Eco Bag,1,USTORE (PAID)
2026-03-12,C. Keychain,1,USTORE (PAID)
2026-03-12,ID Case v2 @40,3,USTORE (PAID)
2026-03-12,Lanyard @180,17,USTORE (PAID)
2026-03-12,MJ Sticker Medium,3,USTORE (PAID)
2026-03-12,MJ Sticker Small,1,USTORE (PAID)
2026-03-12,Scarf @490,50,USTORE (PAID)
2026-03-12,Thomasian Kit,1,USTORE (PAID)
2026-03-12,Tote Viva Santo Tomas,4,USTORE (PAID)
2026-03-12,Utensils,2,USTORE (PAID)
2026-03-12,New GT Shirts,1,VARSITY LIFESTYLE (CONSIGNMENT)
2026-03-12,"Y,B VL UST",3,VARSITY LIFESTYLE (CONSIGNMENT)
2026-03-13,Woven Tote Bag (SMALL),2,"ASSOCIATION FOR THE EDUCATIONAL ASSISTANCE OF POOR SEMINARIANS, INC."
2026-03-13,Black w/ Yellow UST Embro,1,BLAZE (CONSIGNMENT)
2026-03-13,Triple Black Embro,3,BLAZE (CONSIGNMENT)
2026-03-13,UST College ID Lace,1,JUC (CONSIGNMENT)
2026-03-13,"UST OAT MUG (Y,W,B)",10,JUC (CONSIGNMENT)
2026-03-13,UST OAT T-Shirt Y/B/COLLEGE (XS-2XL),2,JUC (CONSIGNMENT)
2026-03-13,UST T-Shirt Santo Tomas Shirt/UST T-Shirt Tiger Pattern/HAPPY,1,JUC (CONSIGNMENT)
2026-03-13,UST T-Shirt Sporty,2,JUC (CONSIGNMENT)
2026-03-13,"Baseball Shirt (Y,W)",1,JYL ATHLETICA (CONSIGNMENT)
2026-03-13,Corp Jacket V3,1,JYL ATHLETICA (CONSIGNMENT)
2026-03-13,Cotton Gray Jacket,2,JYL ATHLETICA (CONSIGNMENT)
2026-03-13,Dri-Fit Golden Tigresses,1,JYL ATHLETICA (CONSIGNMENT)
2026-03-13,DRI-FIT NEW,1,JYL ATHLETICA (CONSIGNMENT)
2026-03-13,Machete V2,2,JYL ATHLETICA (CONSIGNMENT)
2026-03-13,Poloshirt @800,2,JYL ATHLETICA (CONSIGNMENT)
2026-03-13,"QUIANA SUBLI SHIRT (B&Y), 2 TONED",5,JYL ATHLETICA (CONSIGNMENT)
2026-03-13,Tiger Headband (2 Designs),1,MADEBYRUZ CONSUMER GOODS TRADING (CONSIGNMENT)
2026-03-13,Tiger Paw Keychain @375,2,MADEBYRUZ CONSUMER GOODS TRADING (CONSIGNMENT)
2026-03-13,UST Arch Clicker,5,MADEBYRUZ CONSUMER GOODS TRADING (CONSIGNMENT)
2026-03-13,Wearable Blanket,1,STITCH CORP. (CONSIGNMENT)
2026-03-13,"Ballpen 3 Designs @50 (B,Y,W)",2,STITCH CORP. (PAID)
2026-03-13,Bamboo Pen @60,2,STITCH CORP. (PAID)
2026-03-13,Arch @350,1,TET AND DARS (PAID)
2026-03-13,Logo Keychain @200,2,TET AND DARS (PAID)
2026-03-13,Long Sticker @120,1,TET AND DARS (PAID)
2026-03-13,Pen @40,2,TET AND DARS (PAID)
2026-03-13,"Go USTE (W,Y,B) @450",1,THREADMARKED (CONSIGNMENT)
2026-03-13,"UST Embro OS (B,V)",1,THREADMARKED (CONSIGNMENT)
2026-03-13,"Hoodie UST embro (V,G,Y,B) @1800",4,THREADMARKED (PAID)
2026-03-13,Two-toned windbreaker @1700,2,THREADMARKED (PAID)
2026-03-13,Automatic Umbrella,1,USTORE (PAID)
2026-03-13,Chibi Stickers,1,USTORE (PAID)
2026-03-13,Lanyard @180,4,USTORE (PAID)
2026-03-13,MJ Sticker Medium,1,USTORE (PAID)
2026-03-13,MJ Sticker Small,1,USTORE (PAID)
2026-03-13,Picasso Pen,4,USTORE (PAID)
2026-03-13,Tiger Plushie Small,4,USTORE (PAID)
2026-03-13,Tote Viva Santo Tomas,32,USTORE (PAID)
2026-03-13,Utensils,5,USTORE (PAID)
2026-03-13,Yellow Lanyard,22,USTORE (PAID)
2026-03-13,Yellow Notebook,1,USTORE (PAID)
2026-03-13,Lanyard,1,VARSITY LIFESTYLE (CONSIGNMENT)
2026-03-13,New GT Shirts,1,VARSITY LIFESTYLE (CONSIGNMENT)
2026-03-13,VL Sticker Pack,1,VARSITY LIFESTYLE (CONSIGNMENT)
2026-03-13,"Y,B VL UST",1,VARSITY LIFESTYLE (CONSIGNMENT)
2026-03-14,Black w/ Yellow UST Embro,1,BLAZE (CONSIGNMENT)
2026-03-14,Triple Black Embro,2,BLAZE (CONSIGNMENT)
2026-03-14,Shirts all @450 UPSIZE (3XL-4XL),1,JUC (CONSIGNMENT)
2026-03-14,UST College ID Lace,6,JUC (CONSIGNMENT)
2026-03-14,UST OAT T-Shirt Y/B/COLLEGE (XS-2XL),5,JUC (CONSIGNMENT)
2026-03-14,UST T-Shirt Santo Tomas Shirt/UST T-Shirt Tiger Pattern/HAPPY,7,JUC (CONSIGNMENT)
2026-03-14,UST T-Shirt Sporty,4,JUC (CONSIGNMENT)
2026-03-14,Corp Jacket V3,1,JYL ATHLETICA (CONSIGNMENT)
2026-03-14,Cotton Black Jacket,2,JYL ATHLETICA (CONSIGNMENT)
2026-03-14,DRI-FIT NEW,2,JYL ATHLETICA (CONSIGNMENT)
2026-03-14,Poloshirt @800,1,JYL ATHLETICA (CONSIGNMENT)
2026-03-14,"QUIANA SUBLI SHIRT (B&Y), 2 TONED",3,JYL ATHLETICA (CONSIGNMENT)
2026-03-14,Tiger Paw Keychain @375,1,MADEBYRUZ CONSUMER GOODS TRADING (CONSIGNMENT)
2026-03-14,"Double Canopy (B,Y)",1,STITCH CORP. (CONSIGNMENT)
2026-03-14,Logo Sticker @30,1,TET AND DARS (PAID)
2026-03-14,Pen @40,1,TET AND DARS (PAID)
2026-03-14,"Go USTE (W,Y,B) @450",1,THREADMARKED (CONSIGNMENT)
2026-03-14,"UST Embro OS (B,V)",1,THREADMARKED (CONSIGNMENT)
2026-03-14,"Hoodie UST embro (V,G,Y,B) @1800",1,THREADMARKED (PAID)
2026-03-14,Button Pin (Big),2,USTORE (PAID)
2026-03-14,C. Keychain,2,USTORE (PAID)
2026-03-14,Insignia Pen,1,USTORE (PAID)
2026-03-14,Lanyard @180,11,USTORE (PAID)
2026-03-14,MJ Sticker Large,3,USTORE (PAID)
2026-03-14,MJ Sticker Medium,9,USTORE (PAID)
2026-03-14,MJ Sticker Small,4,USTORE (PAID)
2026-03-14,Notelet,2,USTORE (PAID)
2026-03-14,Tote Bag Canvas White @160,2,USTORE (PAID)
2026-03-14,Tote Viva Santo Tomas,1,USTORE (PAID)
2026-03-14,Utensils,1,USTORE (PAID)
2026-03-14,Lanyard,3,VARSITY LIFESTYLE (CONSIGNMENT)
2026-03-14,VL Keychain,1,VARSITY LIFESTYLE (CONSIGNMENT)
2026-03-14,"Y,B VL UST",3,VARSITY LIFESTYLE (CONSIGNMENT)
2026-03-16,UST OAT Hoodie Jacket,1,JUC (CONSIGNMENT)
2026-03-16,"UST OAT MUG (Y,W,B)",4,JUC (CONSIGNMENT)
2026-03-16,UST OAT T-Shirt Y/B/COLLEGE (XS-2XL),5,JUC (CONSIGNMENT)
2026-03-16,UST T-Shirt Santo Tomas Shirt/UST T-Shirt Tiger Pattern/HAPPY,4,JUC (CONSIGNMENT)
2026-03-16,UST T-Shirt Sporty,1,JUC (CONSIGNMENT)
2026-03-16,Dri-Fit Golden Tigresses,1,JYL ATHLETICA (CONSIGNMENT)
2026-03-16,DRI-FIT NEW,1,JYL ATHLETICA (CONSIGNMENT)
2026-03-16,"QUIANA SUBLI SHIRT (B&Y), 2 TONED",1,JYL ATHLETICA (CONSIGNMENT)
2026-03-16,Tiger Paw Keychain @375,1,MADEBYRUZ CONSUMER GOODS TRADING (CONSIGNMENT)
2026-03-16,S88 UAAP Poloshirt,1,SHIRT HAPPENS
2026-03-16,"Ballpen 3 Designs @50 (B,Y,W)",1,STITCH CORP. (PAID)
2026-03-16,Logo Keychain @200,1,TET AND DARS (PAID)
2026-03-16,"Go USTE (W,Y,B) @450",2,THREADMARKED (CONSIGNMENT)
2026-03-16,"Hoodie UST embro (V,G,Y,B) @1800",1,THREADMARKED (PAID)
2026-03-16,Two-toned windbreaker @1700,1,THREADMARKED (PAID)
2026-03-16,Automatic Umbrella,1,USTORE (PAID)
2026-03-16,Black Eco Bag,1,USTORE (PAID)
2026-03-16,C. Keychain,3,USTORE (PAID)
2026-03-16,Clappers,4,USTORE (PAID)
2026-03-16,ID Case v2 @40,1,USTORE (PAID)
2026-03-16,Lanyard @180,6,USTORE (PAID)
2026-03-16,Yellow Lanyard,1,USTORE (PAID)
2026-03-16,Lanyard,1,VARSITY LIFESTYLE (CONSIGNMENT)
2026-03-16,New GT Shirts,1,VARSITY LIFESTYLE (CONSIGNMENT)
2026-03-16,USTWBT Championship Shirt 2025,1,VARSITY LIFESTYLE (CONSIGNMENT)
2026-03-16,"Y,B VL UST",1,VARSITY LIFESTYLE (CONSIGNMENT)
2026-03-17,Triple Black Embro,2,BLAZE (CONSIGNMENT)
2026-03-17,Shirts all @450 UPSIZE (3XL-4XL),1,JUC (CONSIGNMENT)
2026-03-17,UST College ID Lace,3,JUC (CONSIGNMENT)
2026-03-17,UST OAT Hoodie Jacket,1,JUC (CONSIGNMENT)
2026-03-17,UST OAT T-Shirt Y/B/COLLEGE (XS-2XL),1,JUC (CONSIGNMENT)
2026-03-17,UST T-Shirt Santo Tomas Shirt/UST T-Shirt Tiger Pattern/HAPPY,110,JUC (CONSIGNMENT)
2026-03-17,UST T-Shirt Sporty,1,JUC (CONSIGNMENT)
2026-03-17,Corp Jacket,1,JYL ATHLETICA (CONSIGNMENT)
2026-03-17,Corp Jacket V3,4,JYL ATHLETICA (CONSIGNMENT)
2026-03-17,Cotton Black Jacket,1,JYL ATHLETICA (CONSIGNMENT)
2026-03-17,Dri-Fit Golden Tigresses,1,JYL ATHLETICA (CONSIGNMENT)
2026-03-17,Jersey Short,2,JYL ATHLETICA (CONSIGNMENT)
2026-03-17,Poloshirt @800,3,JYL ATHLETICA (CONSIGNMENT)
2026-03-17,"QUIANA SUBLI SHIRT (B&Y), 2 TONED",5,JYL ATHLETICA (CONSIGNMENT)
2026-03-17,Taslan NEW,1,JYL ATHLETICA (CONSIGNMENT)
2026-03-17,Hoodies Breaker,3,NAPOLIZ ENTERPRISES (CONSIGNMENT)
2026-03-17,S88 UAAP Poloshirt,1,SHIRT HAPPENS
2026-03-17,Baseball Cap METAL @380,2,STITCH CORP. (CONSIGNMENT)
2026-03-17,"Double Canopy (B,Y)",1,STITCH CORP. (CONSIGNMENT)
2026-03-17,"Ballpen 3 Designs @50 (B,Y,W)",4,STITCH CORP. (PAID)
2026-03-17,Bamboo Notebook @150,6,STITCH CORP. (PAID)
2026-03-17,Bamboo Pen @60,1,STITCH CORP. (PAID)
2026-03-17,Arch @350,2,TET AND DARS (PAID)
2026-03-17,Logo Keychain @200,1,TET AND DARS (PAID)
2026-03-17,"Go USTE (W,Y,B) @450",3,THREADMARKED (CONSIGNMENT)
2026-03-17,"Keep Growling OS (B,V)",5,THREADMARKED (CONSIGNMENT)
2026-03-17,"UST TIGERS Oversized shirt (V,B) @650",1,THREADMARKED (CONSIGNMENT)
2026-03-17,"Hoodie UST embro (V,G,Y,B) @1800",3,THREADMARKED (PAID)
2026-03-17,Varsity Jacket Embro,2,THREADMARKED (PAID)
2026-03-17,Automatic Umbrella,7,USTORE (PAID)
2026-03-17,Blanca Pen,1,USTORE (PAID)
2026-03-17,C. Keychain,1,USTORE (PAID)
2026-03-17,ID Case v2 @40,2,USTORE (PAID)
2026-03-17,Insignia Pen,1,USTORE (PAID)
2026-03-17,Lanyard @180,13,USTORE (PAID)
2026-03-17,MJ Sticker Large,4,USTORE (PAID)
2026-03-17,MJ Sticker Medium,1,USTORE (PAID)
2026-03-17,Notelet,5,USTORE (PAID)
2026-03-17,Picasso Pen,1,USTORE (PAID)
2026-03-17,Tiger Plushie Small,1,USTORE (PAID)
2026-03-17,Tote Bag Canvas White @160,1,USTORE (PAID)
2026-03-17,Tote Viva Santo Tomas,7,USTORE (PAID)
2026-03-17,Yellow Lanyard,2,USTORE (PAID)
2026-03-18,Triple Black Embro,2,BLAZE (CONSIGNMENT)
2026-03-18,UST College ID Lace,6,JUC (CONSIGNMENT)
2026-03-18,UST OAT Hoodie Jacket,3,JUC (CONSIGNMENT)
2026-03-18,"UST OAT MUG (Y,W,B)",21,JUC (CONSIGNMENT)
2026-03-18,UST OAT T-Shirt Y/B/COLLEGE (XS-2XL),13,JUC (CONSIGNMENT)
2026-03-18,UST T-Shirt Santo Tomas Shirt/UST T-Shirt Tiger Pattern/HAPPY,5,JUC (CONSIGNMENT)
2026-03-18,UST T-Shirt Sporty,4,JUC (CONSIGNMENT)
2026-03-18,Corp Jacket,1,JYL ATHLETICA (CONSIGNMENT)
2026-03-18,Corp Windbreaker,1,JYL ATHLETICA (CONSIGNMENT)
2026-03-18,Dri-Fit Golden Tigresses,4,JYL ATHLETICA (CONSIGNMENT)
2026-03-18,Poloshirt @800,4,JYL ATHLETICA (CONSIGNMENT)
2026-03-18,"QUIANA SUBLI SHIRT (B&Y), 2 TONED",1,JYL ATHLETICA (CONSIGNMENT)
2026-03-18,Tiger Claw,3,MADEBYRUZ CONSUMER GOODS TRADING (CONSIGNMENT)
2026-03-18,Tiger Paw Keychain @375,9,MADEBYRUZ CONSUMER GOODS TRADING (CONSIGNMENT)
2026-03-18,S88 UAAP Poloshirt,2,SHIRT HAPPENS
2026-03-18,Baseball Cap METAL @380,2,STITCH CORP. (CONSIGNMENT)
2026-03-18,Tiger w/ Box,2,STITCH CORP. (CONSIGNMENT)
2026-03-18,"Ballpen 3 Designs @50 (B,Y,W)",6,STITCH CORP. (PAID)
2026-03-18,Bamboo Notebook @150,1,STITCH CORP. (PAID)
2026-03-18,Logo Keychain @200,2,TET AND DARS (PAID)
2026-03-18,Long Sticker @120,2,TET AND DARS (PAID)
2026-03-18,Pen @40,5,TET AND DARS (PAID)
2026-03-18,"Keep Growling OS (B,V)",1,THREADMARKED (CONSIGNMENT)
2026-03-18,"UST Embro OS (B,V)",3,THREADMARKED (CONSIGNMENT)
2026-03-18,"UST TIGERS Oversized shirt (V,B) @650",3,THREADMARKED (CONSIGNMENT)
2026-03-18,"Hoodie UST embro (V,G,Y,B) @1800",2,THREADMARKED (PAID)
2026-03-18,0.50L B1T1 Tumbler (MCX-A501) Push Button Lid,1,TIGER FLASK
2026-03-18,Ceramic Mug 18oz,2,TOP GUN PHILS.
2026-03-18,Trucker Cap,1,TOP GUN PHILS.
2026-03-18,Aquaflask,1,USTORE (PAID)
2026-03-18,Black Eco Bag,21,USTORE (PAID)
2026-03-18,C. Keychain,1,USTORE (PAID)
2026-03-18,College Sticker @120,1,USTORE (PAID)
2026-03-18,ID Case v2 @40,3,USTORE (PAID)
2026-03-18,Insignia Pen,1,USTORE (PAID)
2026-03-18,Lanyard @180,15,USTORE (PAID)
2026-03-18,MJ Sticker Small,3,USTORE (PAID)
2026-03-18,Notelet,4,USTORE (PAID)
2026-03-18,Stainless Eco Tumbler,4,USTORE (PAID)
2026-03-18,Tote Viva Santo Tomas,32,USTORE (PAID)
2026-03-18,Yellow Lanyard,1,USTORE (PAID)
2026-03-21,Black w/ Yellow UST Embro,1,BLAZE (CONSIGNMENT)
2026-03-21,Polo Shirt @800,1,BLAZE (CONSIGNMENT)
2026-03-21,UST College ID Lace,1,JUC (CONSIGNMENT)
2026-03-21,"UST OAT MUG (Y,W,B)",1,JUC (CONSIGNMENT)
2026-03-21,UST OAT T-Shirt Y/B/COLLEGE (XS-2XL),13,JUC (CONSIGNMENT)
2026-03-21,UST T-Shirt Santo Tomas Shirt/UST T-Shirt Tiger Pattern/HAPPY,12,JUC (CONSIGNMENT)
2026-03-21,UST T-Shirt Sporty,1,JUC (CONSIGNMENT)
2026-03-21,Corp Jacket V3,1,JYL ATHLETICA (CONSIGNMENT)
2026-03-21,Cotton Gray Jacket,1,JYL ATHLETICA (CONSIGNMENT)
2026-03-21,Dri-Fit Golden Tigresses,2,JYL ATHLETICA (CONSIGNMENT)
2026-03-21,"QUIANA SUBLI SHIRT (B&Y), 2 TONED",1,JYL ATHLETICA (CONSIGNMENT)
2026-03-21,Tiger Paw Keychain @375,1,MADEBYRUZ CONSUMER GOODS TRADING (CONSIGNMENT)
2026-03-21,S88 UAAP Poloshirt,1,SHIRT HAPPENS
2026-03-21,"Ballpen 3 Designs @50 (B,Y,W)",3,STITCH CORP. (PAID)
2026-03-21,Bamboo Notebook @150,1,STITCH CORP. (PAID)
2026-03-21,Bamboo Pen @60,2,STITCH CORP. (PAID)
2026-03-21,Arch @350,5,TET AND DARS (PAID)
2026-03-21,Logo Keychain @200,1,TET AND DARS (PAID)
2026-03-21,Logo Sticker @30,1,TET AND DARS (PAID)
2026-03-21,Pen @40,4,TET AND DARS (PAID)
2026-03-21,"Go USTE (W,Y,B) @450",1,THREADMARKED (CONSIGNMENT)
2026-03-21,"Keep Growling OS (B,V)",1,THREADMARKED (CONSIGNMENT)
2026-03-21,"UST Embro OS (B,V)",1,THREADMARKED (CONSIGNMENT)
2026-03-21,Automatic Umbrella,1,USTORE (PAID)
2026-03-21,Blanca Pen,5,USTORE (PAID)
2026-03-21,C. Keychain,3,USTORE (PAID)
2026-03-21,ID Case v2 @40,1,USTORE (PAID)
2026-03-21,Lanyard @180,8,USTORE (PAID)
2026-03-21,MJ Sticker Large,1,USTORE (PAID)
2026-03-21,MJ Sticker Medium,2,USTORE (PAID)
2026-03-21,MJ Sticker Small,3,USTORE (PAID)
2026-03-21,Notelet,1,USTORE (PAID)
2026-03-21,Stainless Eco Tumbler,1,USTORE (PAID)
2026-03-21,Thomasian Kit,3,USTORE (PAID)
2026-03-21,Tiger Plushie Small,1,USTORE (PAID)
2026-03-21,Tote Bag Canvas White @160,2,USTORE (PAID)
2026-03-21,USTWBT Championship Shirt 2025,2,VARSITY LIFESTYLE (CONSIGNMENT)
2026-03-21,VL Keychain,1,VARSITY LIFESTYLE (CONSIGNMENT)
2026-03-21,"Y,B VL UST",2,VARSITY LIFESTYLE (CONSIGNMENT)
2026-03-23,Black w/ Yellow UST Embro,3,BLAZE (CONSIGNMENT)
2026-03-23,Triple Black Embro,1,BLAZE (CONSIGNMENT)
2026-03-23,UST College ID Lace,3,JUC (CONSIGNMENT)
2026-03-23,UST OAT Hoodie Jacket,2,JUC (CONSIGNMENT)
2026-03-23,UST OAT T-Shirt Y/B/COLLEGE (XS-2XL),7,JUC (CONSIGNMENT)
2026-03-23,UST Sweatshirt Sporty,1,JUC (CONSIGNMENT)
2026-03-23,UST T-Shirt Santo Tomas Shirt/UST T-Shirt Tiger Pattern/HAPPY,6,JUC (CONSIGNMENT)
2026-03-23,UST T-Shirt Sporty,4,JUC (CONSIGNMENT)
2026-03-23,Cotton Black Jacket,1,JYL ATHLETICA (CONSIGNMENT)
2026-03-23,Dri-Fit Golden Tigresses,4,JYL ATHLETICA (CONSIGNMENT)
2026-03-23,Machete V2,1,JYL ATHLETICA (CONSIGNMENT)
2026-03-23,"QUIANA SUBLI SHIRT (B&Y), 2 TONED",2,JYL ATHLETICA (CONSIGNMENT)
2026-03-23,Tiger Paw Keychain @375,3,MADEBYRUZ CONSUMER GOODS TRADING (CONSIGNMENT)
2026-03-23,Hoodies Breaker,1,NAPOLIZ ENTERPRISES (CONSIGNMENT)
2026-03-23,S88 UAAP Poloshirt,2,SHIRT HAPPENS
2026-03-23,"Double Canopy (B,Y)",3,STITCH CORP. (CONSIGNMENT)
2026-03-23,Tiger w/ Box,9,STITCH CORP. (CONSIGNMENT)
2026-03-23,Wearable Blanket,9,STITCH CORP. (CONSIGNMENT)
2026-03-23,"Ballpen 3 Designs @50 (B,Y,W)",1,STITCH CORP. (PAID)
2026-03-23,Bamboo Notebook @150,1,STITCH CORP. (PAID)
2026-03-23,Corp Jacket V2,12,STITCH CORP. (PAID)
2026-03-23,Arch @350,12,TET AND DARS (PAID)
2026-03-23,Logo Keychain @200,1,TET AND DARS (PAID)
2026-03-23,Pen @40,1,TET AND DARS (PAID)
2026-03-23,Trucker Cap,1,TOP GUN PHILS.
2026-03-23,Automatic Umbrella,3,USTORE (PAID)
2026-03-23,Black Eco Bag,10,USTORE (PAID)
2026-03-23,Blanca Pen,9,USTORE (PAID)
2026-03-23,Chibi Stickers,3,USTORE (PAID)
2026-03-23,ID Case v2 @40,1,USTORE (PAID)
2026-03-23,Lanyard @180,5,USTORE (PAID)
2026-03-23,Notelet,1,USTORE (PAID)
2026-03-23,Powerbank,1,USTORE (PAID)
2026-03-23,Stainless Eco Tumbler,2,USTORE (PAID)
2026-03-23,Tote Viva Santo Tomas,2,USTORE (PAID)
2026-03-23,Travel Mug,9,USTORE (PAID)
2026-03-23,Utensils,1,USTORE (PAID)
2026-03-23,Yellow Lanyard,2,USTORE (PAID)
2026-03-23,Yellow Notebook,9,USTORE (PAID)
2026-03-23,Lanyard,2,VARSITY LIFESTYLE (CONSIGNMENT)
2026-03-23,New GT Shirts,1,VARSITY LIFESTYLE (CONSIGNMENT)
2026-03-23,VL Keychain,10,VARSITY LIFESTYLE (CONSIGNMENT)
2026-03-23,VL Sticker Pack,1,VARSITY LIFESTYLE (CONSIGNMENT)
2026-03-23,"Y,B VL UST",1,VARSITY LIFESTYLE (CONSIGNMENT)
2026-03-24,Polo Shirt @800,2,BLAZE (CONSIGNMENT)
2026-03-24,UST College ID Lace,5,JUC (CONSIGNMENT)
2026-03-24,UST OAT MUG (Pure Black),6,JUC (CONSIGNMENT)
2026-03-24,UST OAT T-Shirt Y/B/COLLEGE (XS-2XL),4,JUC (CONSIGNMENT)
2026-03-24,UST T-Shirt Santo Tomas Shirt/UST T-Shirt Tiger Pattern/HAPPY,7,JUC (CONSIGNMENT)
2026-03-24,UST T-Shirt Sporty,2,JUC (CONSIGNMENT)
2026-03-24,Cotton Black Jacket,5,JYL ATHLETICA (CONSIGNMENT)
2026-03-24,Dri-Fit Golden Tigresses,3,JYL ATHLETICA (CONSIGNMENT)
2026-03-24,Poloshirt @800,1,JYL ATHLETICA (CONSIGNMENT)
2026-03-24,"QUIANA SUBLI SHIRT (B&Y), 2 TONED",2,JYL ATHLETICA (CONSIGNMENT)
2026-03-24,Tiger Paw Keychain @375,3,MADEBYRUZ CONSUMER GOODS TRADING (CONSIGNMENT)
2026-03-24,Hoodies Breaker,1,NAPOLIZ ENTERPRISES (CONSIGNMENT)
2026-03-24,Tiger w/ Box,7,STITCH CORP. (CONSIGNMENT)
2026-03-24,Bamboo Notebook @150,12,STITCH CORP. (PAID)
2026-03-24,Corp Jacket V2,2,STITCH CORP. (PAID)
2026-03-24,Arch @350,2,TET AND DARS (PAID)
2026-03-24,Logo Keychain @200,2,TET AND DARS (PAID)
2026-03-24,"UST Embro OS (B,V)",1,THREADMARKED (CONSIGNMENT)
2026-03-24,"UST TIGERS Oversized shirt (V,B) @650",2,THREADMARKED (CONSIGNMENT)
2026-03-24,Varsity Jacket Embro,2,THREADMARKED (PAID)
2026-03-24,1.2L Tumbler (MTA-T120) for Carbonated Drinks,1,TIGER FLASK
2026-03-24,Automatic Umbrella,2,USTORE (PAID)
2026-03-24,Black Eco Bag,10,USTORE (PAID)
2026-03-24,Lanyard @180,10,USTORE (PAID)
2026-03-24,MJ Sticker Small,3,USTORE (PAID)
2026-03-24,Scarf @490,3,USTORE (PAID)
2026-03-24,Thomasian Kit,3,USTORE (PAID)
2026-03-24,Tiger Plushie Small,1,USTORE (PAID)
2026-03-24,Tote Bag Canvas White @160,10,USTORE (PAID)
2026-03-24,Travel Mug,1,USTORE (PAID)
2026-03-24,Yellow Lanyard,1,USTORE (PAID)
2026-03-24,Lanyard,1,VARSITY LIFESTYLE (CONSIGNMENT)
2026-03-24,VL Keychain,2,VARSITY LIFESTYLE (CONSIGNMENT)
2026-03-24,VL Sticker Pack,1,VARSITY LIFESTYLE (CONSIGNMENT)
2026-03-24,"Y,B VL UST",1,VARSITY LIFESTYLE (CONSIGNMENT)
2026-03-25,UST College ID Lace,13,JUC (CONSIGNMENT)
2026-03-25,UST OAT Hoodie Jacket,2,JUC (CONSIGNMENT)
2026-03-25,"UST OAT MUG (Y,W,B)",34,JUC (CONSIGNMENT)
2026-03-25,UST OAT T-Shirt Y/B/COLLEGE (XS-2XL),11,JUC (CONSIGNMENT)
2026-03-25,UST T-Shirt Santo Tomas Shirt/UST T-Shirt Tiger Pattern/HAPPY,15,JUC (CONSIGNMENT)
2026-03-25,UST T-Shirt Sporty,3,JUC (CONSIGNMENT)
2026-03-25,UST T-Shirt Sporty UPSIZE (3XL-5XL),1,JUC (CONSIGNMENT)
2026-03-25,Corp Jacket V3,2,JYL ATHLETICA (CONSIGNMENT)
2026-03-25,DRI-FIT NEW,1,JYL ATHLETICA (CONSIGNMENT)
2026-03-25,Machete V2,1,JYL ATHLETICA (CONSIGNMENT)
2026-03-25,Poloshirt @800,2,JYL ATHLETICA (CONSIGNMENT)
2026-03-25,"QUIANA SUBLI SHIRT (B&Y), 2 TONED",3,JYL ATHLETICA (CONSIGNMENT)
2026-03-25,Tiger Paw Keychain @375,1,MADEBYRUZ CONSUMER GOODS TRADING (CONSIGNMENT)
2026-03-25,Hoodies Breaker,1,NAPOLIZ ENTERPRISES (CONSIGNMENT)
2026-03-25,S88 UAAP Poloshirt,4,SHIRT HAPPENS
2026-03-25,Baseball Cap METAL @380,1,STITCH CORP. (CONSIGNMENT)
2026-03-25,Wearable Blanket,1,STITCH CORP. (CONSIGNMENT)
2026-03-25,"Ballpen 3 Designs @50 (B,Y,W)",6,STITCH CORP. (PAID)
2026-03-25,Bamboo Notebook @150,5,STITCH CORP. (PAID)
2026-03-25,Corp Jacket V2,2,STITCH CORP. (PAID)
2026-03-25,Logo Keychain @200,4,TET AND DARS (PAID)
2026-03-25,Long Sticker @120,2,TET AND DARS (PAID)
2026-03-25,Pen @40,2,TET AND DARS (PAID)
2026-03-25,"Go USTE (W,Y,B) @450",1,THREADMARKED (CONSIGNMENT)
2026-03-25,"Keep Growling OS (B,V)",1,THREADMARKED (CONSIGNMENT)
2026-03-25,"UST Embro OS (B,V)",2,THREADMARKED (CONSIGNMENT)
2026-03-25,"UST TIGERS Oversized shirt (V,B) @650",1,THREADMARKED (CONSIGNMENT)
2026-03-25,"Hoodie UST embro (V,G,Y,B) @1800",5,THREADMARKED (PAID)
2026-03-25,Two-toned windbreaker @1700,1,THREADMARKED (PAID)
2026-03-25,Varsity Jacket Embro,1,THREADMARKED (PAID)
2026-03-25,800ml Sports Tumbler (MCZ-2080) screw lid anti bacterial,1,TIGER FLASK
2026-03-25,Ceramic Mug 18oz,4,TOP GUN PHILS.
2026-03-25,Black Eco Bag,7,USTORE (PAID)
2026-03-25,Blanca Pen,2,USTORE (PAID)
2026-03-25,Button Pin (Big),2,USTORE (PAID)
2026-03-25,Chibi Stickers,3,USTORE (PAID)
2026-03-25,ID Case v2 @40,2,USTORE (PAID)
2026-03-25,Insignia Pen,1,USTORE (PAID)
2026-03-25,Lanyard @180,10,USTORE (PAID)
2026-03-25,MJ Sticker Large,6,USTORE (PAID)
2026-03-25,MJ Sticker Medium,7,USTORE (PAID)
2026-03-25,MJ Sticker Small,7,USTORE (PAID)
2026-03-25,Notelet,1,USTORE (PAID)
2026-03-25,Picasso Pen,2,USTORE (PAID)
2026-03-25,Scarf @490,1,USTORE (PAID)
2026-03-25,Tiger Plushie Small,7,USTORE (PAID)
2026-03-25,Tote Bag Canvas White @160,2,USTORE (PAID)
2026-03-25,Tote Viva Santo Tomas,3,USTORE (PAID)
2026-03-25,Travel Mug,6,USTORE (PAID)
2026-03-25,Yellow Lanyard,7,USTORE (PAID)
2026-03-25,Yellow Notebook,1,USTORE (PAID)
2026-03-25,Lanyard,10,VARSITY LIFESTYLE (CONSIGNMENT)
2026-03-25,Long Sticker,1,VARSITY LIFESTYLE (CONSIGNMENT)
2026-03-25,VL Keychain,4,VARSITY LIFESTYLE (CONSIGNMENT)
2026-03-25,"Y,B VL UST",1,VARSITY LIFESTYLE (CONSIGNMENT)
2026-03-28,White Embro,2,BLAZE (CONSIGNMENT)
2026-03-28,Shirts all @450 UPSIZE (3XL-4XL),1,JUC (CONSIGNMENT)
2026-03-28,Shirts all @450 UPSIZE (5XL),1,JUC (CONSIGNMENT)
2026-03-28,UST College ID Lace,8,JUC (CONSIGNMENT)
2026-03-28,UST OAT Hoodie Jacket,3,JUC (CONSIGNMENT)
2026-03-28,"UST OAT MUG (Y,W,B)",6,JUC (CONSIGNMENT)
2026-03-28,UST OAT T-Shirt Y/B/COLLEGE (XS-2XL),5,JUC (CONSIGNMENT)
2026-03-28,UST T-Shirt Santo Tomas Shirt/UST T-Shirt Tiger Pattern/HAPPY,9,JUC (CONSIGNMENT)
2026-03-28,UST T-Shirt Sporty,1,JUC (CONSIGNMENT)
2026-03-28,"Baseball Shirt (Y,W)",1,JYL ATHLETICA (CONSIGNMENT)
2026-03-28,Dri-Fit Golden Tigresses,1,JYL ATHLETICA (CONSIGNMENT)
2026-03-28,Machete V2,2,JYL ATHLETICA (CONSIGNMENT)
2026-03-28,"QUIANA SUBLI SHIRT (B&Y), 2 TONED",9,JYL ATHLETICA (CONSIGNMENT)
2026-03-28,Tiger Claw,1,MADEBYRUZ CONSUMER GOODS TRADING (CONSIGNMENT)
2026-03-28,Tiger Paw Keychain @375,1,MADEBYRUZ CONSUMER GOODS TRADING (CONSIGNMENT)
2026-03-28,Go Fight UST Shirt,6,SHIRT HAPPENS
2026-03-28,S88 UAAP Poloshirt,2,SHIRT HAPPENS
2026-03-28,Tiger w/ Box,1,STITCH CORP. (CONSIGNMENT)
2026-03-28,Wearable Blanket,2,STITCH CORP. (CONSIGNMENT)
2026-03-28,"Ballpen 3 Designs @50 (B,Y,W)",4,STITCH CORP. (PAID)
2026-03-28,Bamboo Notebook @150,2,STITCH CORP. (PAID)
2026-03-28,Arch @350,1,TET AND DARS (PAID)
2026-03-28,Logo Keychain @200,1,TET AND DARS (PAID)
2026-03-28,Logo Sticker @30,2,TET AND DARS (PAID)
2026-03-28,Long Sticker @120,2,TET AND DARS (PAID)
2026-03-28,Pen @40,56,TET AND DARS (PAID)
2026-03-28,"Go USTE (W,Y,B) @450",7,THREADMARKED (CONSIGNMENT)
2026-03-28,"Keep Growling OS (B,V)",2,THREADMARKED (CONSIGNMENT)
2026-03-28,"UST Embro OS (B,V)",12,THREADMARKED (CONSIGNMENT)
2026-03-28,"UST TIGERS Oversized shirt (V,B) @650",1,THREADMARKED (CONSIGNMENT)
2026-03-28,"Hoodie UST embro (V,G,Y,B) @1800",2,THREADMARKED (PAID)
2026-03-28,Two-toned windbreaker @1700,1,THREADMARKED (PAID)
2026-03-28,Varsity Jacket Embro,4,THREADMARKED (PAID)
2026-03-28,Ceramic Mug 18oz,1,TOP GUN PHILS.
2026-03-28,Black Eco Bag,1,USTORE (PAID)
2026-03-28,C. Keychain,34,USTORE (PAID)
2026-03-28,Chibi Stickers,5,USTORE (PAID)
2026-03-28,Lanyard @180,10,USTORE (PAID)
2026-03-28,MJ Sticker Large,6,USTORE (PAID)
2026-03-28,MJ Sticker Medium,4,USTORE (PAID)
2026-03-28,MJ Sticker Small,2,USTORE (PAID)
2026-03-28,Notelet,117,USTORE (PAID)
2026-03-28,Powerbank,2,USTORE (PAID)
2026-03-28,Scarf @490,2,USTORE (PAID)
2026-03-28,Tiger Plushie Small,2,USTORE (PAID)
2026-03-28,Tote Bag Canvas White @160,2,USTORE (PAID)
2026-03-28,Tote Viva Santo Tomas,5,USTORE (PAID)
2026-03-28,Travel Mug,2,USTORE (PAID)
2026-03-28,Yellow Notebook,1,USTORE (PAID)
2026-03-28,USTWBT Championship Shirt 2025,1,VARSITY LIFESTYLE (CONSIGNMENT)
2026-03-28,VL Keychain,1,VARSITY LIFESTYLE (CONSIGNMENT)
2026-03-28,"Y,B VL UST",1,VARSITY LIFESTYLE (CONSIGNMENT)
2026-03-29,Black w/ Yellow UST Embro,3,BLAZE (CONSIGNMENT)
2026-03-29,Triple Black Embro,3,BLAZE (CONSIGNMENT)
2026-03-29,White Embro,1,BLAZE (CONSIGNMENT)
2026-03-29,UST College ID Lace,4,JUC (CONSIGNMENT)
2026-03-29,UST OAT Hoodie Jacket,5,JUC (CONSIGNMENT)
2026-03-29,"UST OAT MUG (Y,W,B)",1,JUC (CONSIGNMENT)
2026-03-29,UST OAT T-Shirt Y/B/COLLEGE (XS-2XL),6,JUC (CONSIGNMENT)
2026-03-29,UST T-Shirt Santo Tomas Shirt/UST T-Shirt Tiger Pattern/HAPPY,17,JUC (CONSIGNMENT)
2026-03-29,UST T-Shirt Sporty,3,JUC (CONSIGNMENT)
2026-03-29,"Baseball Shirt (Y,W)",3,JYL ATHLETICA (CONSIGNMENT)
2026-03-29,Corp Jacket V3,4,JYL ATHLETICA (CONSIGNMENT)
2026-03-29,Cotton Black Jacket,1,JYL ATHLETICA (CONSIGNMENT)
2026-03-29,Cotton Brush Jacket,1,JYL ATHLETICA (CONSIGNMENT)
2026-03-29,Dri-Fit Golden Tigresses,13,JYL ATHLETICA (CONSIGNMENT)
2026-03-29,DRI-FIT NEW,4,JYL ATHLETICA (CONSIGNMENT)
2026-03-29,Jersey Short,4,JYL ATHLETICA (CONSIGNMENT)
2026-03-29,Machete V2,1,JYL ATHLETICA (CONSIGNMENT)
2026-03-29,"QUIANA SUBLI SHIRT (B&Y), 2 TONED",14,JYL ATHLETICA (CONSIGNMENT)
2026-03-29,Tiger Claw,5,MADEBYRUZ CONSUMER GOODS TRADING (CONSIGNMENT)
2026-03-29,Tiger Costume,2,MADEBYRUZ CONSUMER GOODS TRADING (CONSIGNMENT)
2026-03-29,Tiger Headband (2 Designs),6,MADEBYRUZ CONSUMER GOODS TRADING (CONSIGNMENT)
2026-03-29,Tiger Paw Keychain @375,6,MADEBYRUZ CONSUMER GOODS TRADING (CONSIGNMENT)
2026-03-29,UST Arch Clicker,2,MADEBYRUZ CONSUMER GOODS TRADING (CONSIGNMENT)
2026-03-29,UST Logo Clicker,1,MADEBYRUZ CONSUMER GOODS TRADING (CONSIGNMENT)
2026-03-29,Hoodies Breaker,2,NAPOLIZ ENTERPRISES (CONSIGNMENT)
2026-03-29,Baseball Cap METAL @380,4,STITCH CORP. (CONSIGNMENT)
2026-03-29,"Double Canopy (B,Y)",1,STITCH CORP. (CONSIGNMENT)
2026-03-29,Tiger w/ Box,1,STITCH CORP. (CONSIGNMENT)
2026-03-29,"Ballpen 3 Designs @50 (B,Y,W)",6,STITCH CORP. (PAID)
2026-03-29,Corp Jacket V2,2,STITCH CORP. (PAID)
2026-03-29,Logo Keychain @200,1,TET AND DARS (PAID)
2026-03-29,Logo Sticker @30,1,TET AND DARS (PAID)
2026-03-29,Long Sticker @120,3,TET AND DARS (PAID)
2026-03-29,"Go USTE (W,Y,B) @450",6,THREADMARKED (CONSIGNMENT)
2026-03-29,"Keep Growling OS (B,V)",2,THREADMARKED (CONSIGNMENT)
2026-03-29,"UST Embro OS (B,V)",15,THREADMARKED (CONSIGNMENT)
2026-03-29,"UST TIGERS Oversized shirt (V,B) @650",1,THREADMARKED (CONSIGNMENT)
2026-03-29,"Hoodie UST embro (V,G,Y,B) @1800",3,THREADMARKED (PAID)
2026-03-29,Two-toned windbreaker @1700,1,THREADMARKED (PAID)
2026-03-29,Varsity Jacket Embro,7,THREADMARKED (PAID)
2026-03-29,Aquaflask,1,USTORE (PAID)
2026-03-29,Black Eco Bag,3,USTORE (PAID)
2026-03-29,C. Keychain,5,USTORE (PAID)
2026-03-29,Chibi Stickers,1,USTORE (PAID)
2026-03-29,Clappers,5,USTORE (PAID)
2026-03-29,ID Case v2 @40,1,USTORE (PAID)
2026-03-29,Lanyard @180,12,USTORE (PAID)
2026-03-29,MJ Sticker Medium,7,USTORE (PAID)
2026-03-29,MJ Sticker Small,4,USTORE (PAID)
2026-03-29,Scarf @490,1,USTORE (PAID)
2026-03-29,Thomasian Kit,1,USTORE (PAID)
2026-03-29,Tiger Plushie Small,1,USTORE (PAID)
2026-03-29,Yellow Lanyard,2,USTORE (PAID)
2026-03-29,Lanyard,2,VARSITY LIFESTYLE (CONSIGNMENT)
2026-03-29,New GT Shirts,1,VARSITY LIFESTYLE (CONSIGNMENT)
2026-03-29,VL Keychain,3,VARSITY LIFESTYLE (CONSIGNMENT)
2026-03-29,"Y,B VL UST",5,VARSITY LIFESTYLE (CONSIGNMENT)
2026-04-05,Triple Black Embro,2,BLAZE (CONSIGNMENT)
2026-04-05,White Embro,1,BLAZE (CONSIGNMENT)
2026-04-05,UST College ID Lace,5,JUC (CONSIGNMENT)
2026-04-05,UST OAT T-Shirt Y/B/COLLEGE,1,JUC (CONSIGNMENT)
2026-04-05,UST Sweatshirt Sporty,1,JUC (CONSIGNMENT)
2026-04-05,UST T-Shirt Santo Tomas Shirt/UST T-Shirt Tiger Pattern/HAPPY/Script,7,JUC (CONSIGNMENT)
2026-04-05,UST T-Shirt Sporty,3,JUC (CONSIGNMENT)
2026-04-05,Cotton Black Jacket,1,JYL ATHLETICA (CONSIGNMENT)
2026-04-05,Cotton Gray Jacket,1,JYL ATHLETICA (CONSIGNMENT)
2026-04-05,Dri-Fit Golden Tigresses,5,JYL ATHLETICA (CONSIGNMENT)
2026-04-05,Jacket,1,JYL ATHLETICA (CONSIGNMENT)
2026-04-05,Jersey Short,6,JYL ATHLETICA (CONSIGNMENT)
2026-04-05,Machete V2,1,JYL ATHLETICA (CONSIGNMENT)
2026-04-05,Poloshirt @800,1,JYL ATHLETICA (CONSIGNMENT)
2026-04-05,"QUIANA SUBLI SHIRT (B&Y), 2 TONED",4,JYL ATHLETICA (CONSIGNMENT)
2026-04-05,Tiger Claw,5,MADEBYRUZ CONSUMER GOODS TRADING (CONSIGNMENT)
2026-04-05,Tiger Headband (2 Designs),2,MADEBYRUZ CONSUMER GOODS TRADING (CONSIGNMENT)
2026-04-05,Tiger Paw Keychain @375,14,MADEBYRUZ CONSUMER GOODS TRADING (CONSIGNMENT)
2026-04-05,UST Arch Clicker,2,MADEBYRUZ CONSUMER GOODS TRADING (CONSIGNMENT)
2026-04-05,Tiger w/ Box,1,STITCH CORP. (BLEEVES CONSIGNMENT)
2026-04-05,Wearable Blanket,2,STITCH CORP. (BLEEVES CONSIGNMENT)
2026-04-05,"Ballpen 3 Designs @50 (B,Y,W)",11,STITCH CORP. (PAID)
2026-04-05,Bamboo Pen @60,1,STITCH CORP. (PAID)
2026-04-05,Corp Jacket V2,1,STITCH CORP. (PAID)
2026-04-05,Kraft Notebook @130,1,STITCH CORP. (PAID)
2026-04-05,Arch @350,1,TET AND DARS (PAID)
2026-04-05,Logo Keychain @200,1,TET AND DARS (PAID)
2026-04-05,Long Sticker @120,1,TET AND DARS (PAID)
2026-04-05,"Go USTE (W,Y,B) @450",3,THREADMARKED (CONSIGNMENT)
2026-04-05,"Keep Growling OS (B,V)",2,THREADMARKED (CONSIGNMENT)
2026-04-05,"UST Embro OS (B,V)",6,THREADMARKED (CONSIGNMENT)
2026-04-05,"UST TIGERS Oversized shirt (V,B) @650",2,THREADMARKED (CONSIGNMENT)
2026-04-05,"Hoodie UST embro (V,G,Y,B) @1800",1,THREADMARKED (PAID)
2026-04-05,Trucker Cap,2,TOP GUN PHILS. (PAID)
2026-04-05,Black Eco Bag,2,USTORE (PAID)
2026-04-05,Button Pin (Big),1,USTORE (PAID)
2026-04-05,Chibi Stickers,2,USTORE (PAID)
2026-04-05,Clappers,17,USTORE (PAID)
2026-04-05,College Sticker @120,2,USTORE (PAID)
2026-04-05,Lanyard @180,5,USTORE (PAID)
2026-04-05,MJ Sticker Large,5,USTORE (PAID)
2026-04-05,MJ Sticker Medium,7,USTORE (PAID)
2026-04-05,MJ Sticker Small,6,USTORE (PAID)
2026-04-05,Thomasian Kit,1,USTORE (PAID)
2026-04-05,Tiger Plushie Small,1,USTORE (PAID)
2026-04-05,Tote Viva Santo Tomas,2,USTORE (PAID)
2026-04-05,Yellow Lanyard,1,USTORE (PAID)
2026-04-05,Yellow Notebook,2,USTORE (PAID)
2026-04-05,"Y,B VL UST",2,VARSITY LIFESTYLE (CONSIGNMENT)
2026-04-07,Black w/ Yellow UST Embro,1,BLAZE (CONSIGNMENT)
2026-04-07,Triple Black Embro,1,BLAZE (CONSIGNMENT)
2026-04-07,Shirts all @450 UPSIZE (3XL-4XL),1,JUC (CONSIGNMENT)
2026-04-07,UST College ID Lace,4,JUC (CONSIGNMENT)
2026-04-07,UST OAT Hoodie Jacket,1,JUC (CONSIGNMENT)
2026-04-07,"UST OAT MUG (Y,W,B)",2,JUC (CONSIGNMENT)
2026-04-07,UST OAT T-Shirt Y/B/COLLEGE,2,JUC (CONSIGNMENT)
2026-04-07,UST T-Shirt Santo Tomas Shirt/UST T-Shirt Tiger Pattern/HAPPY/Script,5,JUC (CONSIGNMENT)
2026-04-07,UST T-Shirt Sporty,3,JUC (CONSIGNMENT)
2026-04-07,Dri-Fit Golden Tigresses,1,JYL ATHLETICA (CONSIGNMENT)
2026-04-07,Poloshirt 123456 @860,1,JYL ATHLETICA (CONSIGNMENT)
2026-04-07,Poloshirt @800,1,JYL ATHLETICA (CONSIGNMENT)
2026-04-07,"QUIANA SUBLI SHIRT (B&Y), 2 TONED",6,JYL ATHLETICA (CONSIGNMENT)
2026-04-07,S88 UAAP Poloshirt,1,SHIRT HAPPENS (CONSIGNMENT)
2026-04-07,Baseball Cap METAL @380,1,STITCH CORP. (BLEEVES CONSIGNMENT)
2026-04-07,"Double Canopy (B,Y)",4,STITCH CORP. (BLEEVES CONSIGNMENT)
2026-04-07,Tiger w/ Box,1,STITCH CORP. (BLEEVES CONSIGNMENT)
2026-04-07,Corp Jacket V2,1,STITCH CORP. (PAID)
2026-04-07,Arch @350,8,TET AND DARS (PAID)
2026-04-07,Logo Keychain @200,4,TET AND DARS (PAID)
2026-04-07,"Go USTE (W,Y,B) @450",1,THREADMARKED (CONSIGNMENT)
2026-04-07,"Hoodie UST embro (V,G,Y,B) @1800",6,THREADMARKED (PAID)
2026-04-07,Varsity Jacket Embro,2,THREADMARKED (PAID)
2026-04-07,Automatic Umbrella,2,USTORE (PAID)
2026-04-07,Black Eco Bag,6,USTORE (PAID)
2026-04-07,ID Case v2 @40,4,USTORE (PAID)
2026-04-07,Lanyard @180,11,USTORE (PAID)
2026-04-07,Picasso Pen,1,USTORE (PAID)
2026-04-07,Tiger Plushie Small,6,USTORE (PAID)
2026-04-07,Tote Viva Santo Tomas,14,USTORE (PAID)
2026-04-07,Yellow Lanyard,2,USTORE (PAID)
2026-04-07,VL Lanyard,1,VARSITY LIFESTYLE (CONSIGNMENT)
2026-04-07,"Y,B VL UST",1,VARSITY LIFESTYLE (CONSIGNMENT)
2026-04-08,Shirts all @450 UPSIZE (3XL-4XL),1,JUC (CONSIGNMENT)
2026-04-08,UST College ID Lace,4,JUC (CONSIGNMENT)
2026-04-08,UST OAT T-Shirt Y/B/COLLEGE,10,JUC (CONSIGNMENT)
2026-04-08,UST Sweatshirt Sporty,2,JUC (CONSIGNMENT)
2026-04-08,UST T-Shirt Santo Tomas Shirt/UST T-Shirt Tiger Pattern/HAPPY/Script,25,JUC (CONSIGNMENT)
2026-04-08,UST T-Shirt Sporty,1,JUC (CONSIGNMENT)
2026-04-08,Dri-Fit Golden Tigresses,1,JYL ATHLETICA (CONSIGNMENT)
2026-04-08,Poloshirt @800,1,JYL ATHLETICA (CONSIGNMENT)
2026-04-08,"QUIANA SUBLI SHIRT (B&Y), 2 TONED",2,JYL ATHLETICA (CONSIGNMENT)
2026-04-08,Tiger Paw Keychain @375,2,MADEBYRUZ CONSUMER GOODS TRADING (CONSIGNMENT)
2026-04-08,S88 UAAP Poloshirt,2,SHIRT HAPPENS (CONSIGNMENT)
2026-04-08,Baseball Cap METAL @380,1,STITCH CORP. (BLEEVES CONSIGNMENT)
2026-04-08,Tiger w/ Box,1,STITCH CORP. (BLEEVES CONSIGNMENT)
2026-04-08,Bamboo Notebook @150,1,STITCH CORP. (PAID)
2026-04-08,Bamboo Pen @60,2,STITCH CORP. (PAID)
2026-04-08,Corp Jacket V2,1,STITCH CORP. (PAID)
2026-04-08,Kraft Notebook @130,18,STITCH CORP. (PAID)
2026-04-08,Arch @350,5,TET AND DARS (PAID)
2026-04-08,Long Sticker @120,4,TET AND DARS (PAID)
2026-04-08,"UST Embro OS (B,V)",4,THREADMARKED (CONSIGNMENT)
2026-04-08,"UST TIGERS Oversized shirt (V,B) @650",1,THREADMARKED (CONSIGNMENT)
2026-04-08,Two-toned windbreaker @1700,2,THREADMARKED (PAID)
2026-04-08,Varsity Jacket Embro,2,THREADMARKED (PAID)
2026-04-08,Aquaflask,2,USTORE (PAID)
2026-04-08,Automatic Umbrella,1,USTORE (PAID)
2026-04-08,Black Eco Bag,4,USTORE (PAID)
2026-04-08,C. Keychain,1,USTORE (PAID)
2026-04-08,Clappers,5,USTORE (PAID)
2026-04-08,Lanyard @180,6,USTORE (PAID)
2026-04-08,MJ Sticker Large,1,USTORE (PAID)
2026-04-08,MJ Sticker Small,8,USTORE (PAID)
2026-04-08,Notelet,1,USTORE (PAID)
2026-04-08,Scarf @490,1,USTORE (PAID)
2026-04-08,Stainless Eco Tumbler,1,USTORE (PAID)
2026-04-08,Tote Bag Canvas White @160,1,USTORE (PAID)
2026-04-08,Tote Viva Santo Tomas,1,USTORE (PAID)
2026-04-08,Long Sticker,1,VARSITY LIFESTYLE (CONSIGNMENT)
2026-04-08,New GT Shirts,4,VARSITY LIFESTYLE (CONSIGNMENT)
2026-04-08,USTWBT Championship Shirt 2025,1,VARSITY LIFESTYLE (CONSIGNMENT)
2026-04-08,VL Sticker Pack,3,VARSITY LIFESTYLE (CONSIGNMENT)
2026-04-08,"Y,B VL UST",1,VARSITY LIFESTYLE (CONSIGNMENT)
2026-04-10,Triple Black Embro,1,BLAZE (CONSIGNMENT)
2026-04-10,Shirts all @450 UPSIZE (3XL-4XL),2,JUC (CONSIGNMENT)
2026-04-10,Shirts all @450 UPSIZE (5XL),2,JUC (CONSIGNMENT)
2026-04-10,UST College ID Lace,5,JUC (CONSIGNMENT)
2026-04-10,UST OAT Hoodie Jacket,3,JUC (CONSIGNMENT)
2026-04-10,"UST OAT MUG (Y,W,B)",4,JUC (CONSIGNMENT)
2026-04-10,UST OAT T-Shirt Y/B/COLLEGE,6,JUC (CONSIGNMENT)
2026-04-10,UST Sweatshirt Sporty,1,JUC (CONSIGNMENT)
2026-04-10,UST T-Shirt Santo Tomas Shirt/UST T-Shirt Tiger Pattern/HAPPY/Script,5,JUC (CONSIGNMENT)
2026-04-10,"Baseball Shirt (Y,W)",1,JYL ATHLETICA (CONSIGNMENT)
2026-04-10,Corp Jacket V3,1,JYL ATHLETICA (CONSIGNMENT)
2026-04-10,Cotton Black Jacket,1,JYL ATHLETICA (CONSIGNMENT)
2026-04-10,Dri-Fit Golden Tigresses,4,JYL ATHLETICA (CONSIGNMENT)
2026-04-10,DRI-FIT NEW,2,JYL ATHLETICA (CONSIGNMENT)
2026-04-10,Jacket,2,JYL ATHLETICA (CONSIGNMENT)
2026-04-10,Jersey Short,2,JYL ATHLETICA (CONSIGNMENT)
2026-04-10,Machete V2,2,JYL ATHLETICA (CONSIGNMENT)
2026-04-10,Poloshirt 123456 @860,1,JYL ATHLETICA (CONSIGNMENT)
2026-04-10,"QUIANA SUBLI SHIRT (B&Y), 2 TONED",7,JYL ATHLETICA (CONSIGNMENT)
2026-04-10,Hoodies Breaker,1,NAPOLIZ ENTERPRISES (CONSIGNMENT)
2026-04-10,Tiger w/ Box,1,STITCH CORP. (BLEEVES CONSIGNMENT)
2026-04-10,Bamboo Notebook @150,16,STITCH CORP. (PAID)
2026-04-10,Corp Jacket V2,2,STITCH CORP. (PAID)
2026-04-10,Kraft Notebook @130,7,STITCH CORP. (PAID)
2026-04-10,Arch @350,2,TET AND DARS (PAID)
2026-04-10,Logo Keychain @200,2,TET AND DARS (PAID)
2026-04-10,"Go USTE (W,Y,B) @450",1,THREADMARKED (CONSIGNMENT)
2026-04-10,"UST Embro OS (B,V)",2,THREADMARKED (CONSIGNMENT)
2026-04-10,Two-toned windbreaker @1700,1,THREADMARKED (PAID)
2026-04-10,Varsity Jacket Embro,2,THREADMARKED (PAID)
2026-04-10,5M Rotating Keychain,1,USTORE (PAID)
2026-04-10,Aquaflask,1,USTORE (PAID)
2026-04-10,Black Eco Bag,3,USTORE (PAID)
2026-04-10,C. Keychain,3,USTORE (PAID)
2026-04-10,Chibi Stickers,2,USTORE (PAID)
2026-04-10,College Sticker @120,1,USTORE (PAID)
2026-04-10,ID Case v2 @40,1,USTORE (PAID)
2026-04-10,Insignia Pen,1,USTORE (PAID)
2026-04-10,Lanyard @180,9,USTORE (PAID)
2026-04-10,MJ Charger,1,USTORE (PAID)
2026-04-10,Pencil,1,USTORE (PAID)
2026-04-10,Thomasian Kit,2,USTORE (PAID)
2026-04-10,Tiger Plushie Big,1,USTORE (PAID)
2026-04-10,Tiger Plushie Small,3,USTORE (PAID)
2026-04-10,Travel Mug,2,USTORE (PAID)
2026-04-10,Long Sticker,1,VARSITY LIFESTYLE (CONSIGNMENT)
2026-04-10,New GT Shirts,1,VARSITY LIFESTYLE (CONSIGNMENT)
2026-04-10,VL Lanyard,4,VARSITY LIFESTYLE (CONSIGNMENT)
2026-04-10,VL Sticker Pack,2,VARSITY LIFESTYLE (CONSIGNMENT)
2026-04-10,"Y,B VL UST",1,VARSITY LIFESTYLE (CONSIGNMENT)
2026-04-11,Polo Shirt @800,1,BLAZE (CONSIGNMENT)
2026-04-11,Shirts all @450 UPSIZE (3XL-4XL),1,JUC (CONSIGNMENT)
2026-04-11,UST College ID Lace,6,JUC (CONSIGNMENT)
2026-04-11,UST OAT Hoodie Jacket,2,JUC (CONSIGNMENT)
2026-04-11,"UST OAT MUG (Y,W,B)",2,JUC (CONSIGNMENT)
2026-04-11,UST OAT T-Shirt Y/B/COLLEGE,6,JUC (CONSIGNMENT)
2026-04-11,UST T-Shirt Santo Tomas Shirt/UST T-Shirt Tiger Pattern/HAPPY/Script,8,JUC (CONSIGNMENT)
2026-04-11,Corp Jacket V3,1,JYL ATHLETICA (CONSIGNMENT)
2026-04-11,Poloshirt 123456 @860,1,JYL ATHLETICA (CONSIGNMENT)
2026-04-11,Poloshirt @800,5,JYL ATHLETICA (CONSIGNMENT)
2026-04-11,"QUIANA SUBLI SHIRT (B&Y), 2 TONED",2,JYL ATHLETICA (CONSIGNMENT)
2026-04-11,Small Mystery Car,1,MADEBYRUZ CONSUMER GOODS TRADING (CONSIGNMENT)
2026-04-11,Tiger Paw Keychain @375,1,MADEBYRUZ CONSUMER GOODS TRADING (CONSIGNMENT)
2026-04-11,UST Arch Clicker,2,MADEBYRUZ CONSUMER GOODS TRADING (CONSIGNMENT)
2026-04-11,Tiger w/ Box,3,STITCH CORP. (BLEEVES CONSIGNMENT)
2026-04-11,"Ballpen 3 Designs @50 (B,Y,W)",10,STITCH CORP. (PAID)
2026-04-11,Bamboo Notebook @150,1,STITCH CORP. (PAID)
2026-04-11,Bamboo Pen @60,1,STITCH CORP. (PAID)
2026-04-11,Logo Sticker @30,3,TET AND DARS (PAID)
2026-04-11,"Go USTE (W,Y,B) @450",1,THREADMARKED (CONSIGNMENT)
2026-04-11,"UST Embro OS (B,V)",2,THREADMARKED (CONSIGNMENT)
2026-04-11,"Hoodie UST embro (V,G,Y,B) @1800",2,THREADMARKED (PAID)
2026-04-11,UST Keyboard Clicker (Fidget),1,THREADMARKED (PAID)
2026-04-11,Automatic Umbrella,2,USTORE (PAID)
2026-04-11,Black Eco Bag,2,USTORE (PAID)
2026-04-11,College Sticker @120,1,USTORE (PAID)
2026-04-11,ID Case v2 @40,1,USTORE (PAID)
2026-04-11,Insignia Pen,1,USTORE (PAID)
2026-04-11,Lanyard @180,11,USTORE (PAID)
2026-04-11,MJ Sticker Large,5,USTORE (PAID)
2026-04-11,MJ Sticker Medium,3,USTORE (PAID)
2026-04-11,MJ Sticker Small,4,USTORE (PAID)
2026-04-11,Tiger Plushie Small,1,USTORE (PAID)
2026-04-11,Tote Bag Canvas White @160,1,USTORE (PAID)
2026-04-11,Tote Viva Santo Tomas,4,USTORE (PAID)
2026-04-11,Long Sticker,1,VARSITY LIFESTYLE (CONSIGNMENT)
2026-04-11,New GT Shirts,2,VARSITY LIFESTYLE (CONSIGNMENT)
2026-04-11,VL Lanyard,1,VARSITY LIFESTYLE (CONSIGNMENT)
2026-04-11,VL Sticker Pack,1,VARSITY LIFESTYLE (CONSIGNMENT)
2026-04-11,"Y,B VL UST",2,VARSITY LIFESTYLE (CONSIGNMENT)
2026-04-13,Woven Sling Bag (SMALL),9,"ASSOCIATION FOR THE EDUCATIONAL ASSISTANCE OF POOR SEMINARIANS, INC."
2026-04-13,Woven Tote Bag (SMALL),5,"ASSOCIATION FOR THE EDUCATIONAL ASSISTANCE OF POOR SEMINARIANS, INC."
2026-04-13,Polo Shirt @800,4,BLAZE (CONSIGNMENT)
2026-04-13,UST College ID Lace,3,JUC (CONSIGNMENT)
2026-04-13,UST OAT Hoodie Jacket,2,JUC (CONSIGNMENT)
2026-04-13,"UST OAT MUG (Y,W,B)",1,JUC (CONSIGNMENT)
2026-04-13,UST Sweatshirt Sporty,1,JUC (CONSIGNMENT)
2026-04-13,UST T-Shirt Santo Tomas Shirt/UST T-Shirt Tiger Pattern/HAPPY/Script,8,JUC (CONSIGNMENT)
2026-04-13,UST T-Shirt Sporty,1,JUC (CONSIGNMENT)
2026-04-13,Corp Jacket V3,1,JYL ATHLETICA (CONSIGNMENT)
2026-04-13,Cotton Black Jacket,1,JYL ATHLETICA (CONSIGNMENT)
2026-04-13,Cotton Brush Jacket,2,JYL ATHLETICA (CONSIGNMENT)
2026-04-13,"QUIANA SUBLI SHIRT (B&Y), 2 TONED",2,JYL ATHLETICA (CONSIGNMENT)
2026-04-13,Hoodies Breaker,1,NAPOLIZ ENTERPRISES (CONSIGNMENT)
2026-04-13,Clock @550,40,STITCH CORP. (BLEEVES CONSIGNMENT)
2026-04-13,Clock @700,10,STITCH CORP. (BLEEVES CONSIGNMENT)
2026-04-13,Tiger w/ Box,12,STITCH CORP. (BLEEVES CONSIGNMENT)
2026-04-13,"Ballpen 3 Designs @50 (B,Y,W)",4,STITCH CORP. (PAID)
2026-04-13,Corp Jacket V2,11,STITCH CORP. (PAID)
2026-04-13,Kraft Notebook @130,1,STITCH CORP. (PAID)
2026-04-13,Arch @350,1,TET AND DARS (PAID)
2026-04-13,Logo Keychain @200,4,TET AND DARS (PAID)
2026-04-13,"Go USTE (W,Y,B) @450",1,THREADMARKED (CONSIGNMENT)
2026-04-13,"Keep Growling OS (B,V)",1,THREADMARKED (CONSIGNMENT)
2026-04-13,"UST TIGERS Oversized shirt (V,B) @650",2,THREADMARKED (CONSIGNMENT)
2026-04-13,"Hoodie UST embro (V,G,Y,B) @1800",1,THREADMARKED (PAID)
2026-04-13,UST Keyboard Clicker (Fidget),1,THREADMARKED (PAID)
2026-04-13,Varsity Jacket Embro,1,THREADMARKED (PAID)
2026-04-13,Ceramic Mug 18oz,1,TOP GUN PHILS. (PAID)
2026-04-13,Aquaflask,1,USTORE (PAID)
2026-04-13,Automatic Umbrella,1,USTORE (PAID)
2026-04-13,Black Eco Bag,5,USTORE (PAID)
2026-04-13,C. Keychain,1,USTORE (PAID)
2026-04-13,ID Case v2 @40,6,USTORE (PAID)
2026-04-13,Lanyard @180,10,USTORE (PAID)
2026-04-13,Stainless Eco Tumbler,30,USTORE (PAID)
2026-04-13,Tiger Plushie Small,6,USTORE (PAID)
2026-04-13,Tote Bag Canvas White @160,1,USTORE (PAID)
2026-04-13,Tote Viva Santo Tomas,80,USTORE (PAID)
2026-04-13,Travel Mug,6,USTORE (PAID)
2026-04-13,Utensils,12,USTORE (PAID)
2026-04-13,Yellow Lanyard,2,USTORE (PAID)
2026-04-13,VL Lanyard,1,VARSITY LIFESTYLE (CONSIGNMENT)
2026-04-14,UST College ID Lace,6,JUC (CONSIGNMENT)
2026-04-14,"UST OAT MUG (Y,W,B)",6,JUC (CONSIGNMENT)
2026-04-14,UST OAT T-Shirt Y/B/COLLEGE,2,JUC (CONSIGNMENT)
2026-04-14,UST Sweatshirt Sporty,3,JUC (CONSIGNMENT)
2026-04-14,UST T-Shirt Santo Tomas Shirt/UST T-Shirt Tiger Pattern/HAPPY/Script,3,JUC (CONSIGNMENT)
2026-04-14,UST T-Shirt Sporty,1,JUC (CONSIGNMENT)
2026-04-14,Dri-Fit Golden Tigresses,4,JYL ATHLETICA (CONSIGNMENT)
2026-04-14,Jersey Short,1,JYL ATHLETICA (CONSIGNMENT)
2026-04-14,"QUIANA SUBLI SHIRT (B&Y), 2 TONED",1,JYL ATHLETICA (CONSIGNMENT)
2026-04-14,Tiger Headband (2 Designs),1,MADEBYRUZ CONSUMER GOODS TRADING (CONSIGNMENT)
2026-04-14,Baseball Cap METAL @380,1,STITCH CORP. (BLEEVES CONSIGNMENT)
2026-04-14,Tiger w/ Box,3,STITCH CORP. (BLEEVES CONSIGNMENT)
2026-04-14,"Ballpen 3 Designs @50 (B,Y,W)",4,STITCH CORP. (PAID)
2026-04-14,Arch @350,1,TET AND DARS (PAID)
2026-04-14,Logo Sticker @30,2,TET AND DARS (PAID)
2026-04-14,"Go USTE (W,Y,B) @450",1,THREADMARKED (CONSIGNMENT)
2026-04-14,"Hoodie UST embro (V,G,Y,B) @1800",2,THREADMARKED (PAID)
2026-04-14,UST Keyboard Clicker (Fidget),3,THREADMARKED (PAID)
2026-04-14,Varsity Jacket Embro,1,THREADMARKED (PAID)
2026-04-14,Automatic Umbrella,5,USTORE (PAID)
2026-04-14,Black Eco Bag,5,USTORE (PAID)
2026-04-14,C. Keychain,1,USTORE (PAID)
2026-04-14,ID Case v2 @40,5,USTORE (PAID)
2026-04-14,Lanyard @180,8,USTORE (PAID)
2026-04-14,MJ Sticker Small,4,USTORE (PAID)
2026-04-14,Tote Viva Santo Tomas,7,USTORE (PAID)
2026-04-14,Travel Mug,10,USTORE (PAID)
2026-04-14,Yellow Lanyard,5,USTORE (PAID)
2026-04-14,Yellow Notebook,1,USTORE (PAID)
2026-04-14,VL Keychain,1,VARSITY LIFESTYLE (CONSIGNMENT)
2026-04-14,VL Lanyard,3,VARSITY LIFESTYLE (CONSIGNMENT)
2026-04-14,"Y,B VL UST",5,VARSITY LIFESTYLE (CONSIGNMENT)
2026-04-18,Black w/ Yellow UST Embro,1,BLAZE (CONSIGNMENT)
2026-04-18,Polo Shirt @800,1,BLAZE (CONSIGNMENT)
2026-04-18,Triple Black Embro,1,BLAZE (CONSIGNMENT)
2026-04-18,White Embro,1,BLAZE (CONSIGNMENT)
2026-04-18,Shirts all @450 UPSIZE (5XL),1,JUC (CONSIGNMENT)
2026-04-18,UST College ID Lace,5,JUC (CONSIGNMENT)
2026-04-18,UST OAT Hoodie Jacket,4,JUC (CONSIGNMENT)
2026-04-18,"UST OAT MUG (Y,W,B)",7,JUC (CONSIGNMENT)
2026-04-18,UST OAT T-Shirt Y/B/COLLEGE,6,JUC (CONSIGNMENT)
2026-04-18,UST T-Shirt Santo Tomas Shirt/UST T-Shirt Tiger Pattern/HAPPY/Script,10,JUC (CONSIGNMENT)
2026-04-18,Dri-Fit Golden Tigresses,5,JYL ATHLETICA (CONSIGNMENT)
2026-04-18,"QUIANA SUBLI SHIRT (B&Y), 2 TONED",1,JYL ATHLETICA (CONSIGNMENT)
2026-04-18,Tiger Paw Keychain @375,7,MADEBYRUZ CONSUMER GOODS TRADING (CONSIGNMENT)
2026-04-18,UST Arch Clicker,4,MADEBYRUZ CONSUMER GOODS TRADING (CONSIGNMENT)
2026-04-18,Hoodies Breaker,1,NAPOLIZ ENTERPRISES (CONSIGNMENT)
2026-04-18,Baseball Cap METAL @380,2,STITCH CORP. (BLEEVES CONSIGNMENT)
2026-04-18,"Double Canopy (B,Y)",1,STITCH CORP. (BLEEVES CONSIGNMENT)
2026-04-18,Tiger w/ Box,5,STITCH CORP. (BLEEVES CONSIGNMENT)
2026-04-18,"Ballpen 3 Designs @50 (B,Y,W)",8,STITCH CORP. (PAID)
2026-04-18,Bamboo Notebook @150,2,STITCH CORP. (PAID)
2026-04-18,Bamboo Pen @60,1,STITCH CORP. (PAID)
2026-04-18,Corp Jacket V2,3,STITCH CORP. (PAID)
2026-04-18,Arch @350,3,TET AND DARS (PAID)
2026-04-18,Logo Keychain @200,4,TET AND DARS (PAID)
2026-04-18,Logo Sticker @30,7,TET AND DARS (PAID)
2026-04-18,Long Sticker @120,2,TET AND DARS (PAID)
2026-04-18,"Go USTE (W,Y,B) @450",1,THREADMARKED (CONSIGNMENT)
2026-04-18,"UST Embro OS (B,V)",1,THREADMARKED (CONSIGNMENT)
2026-04-18,"UST TIGERS Oversized shirt (V,B) @650",3,THREADMARKED (CONSIGNMENT)
2026-04-18,"Hoodie UST embro (V,G,Y,B) @1800",8,THREADMARKED (PAID)
2026-04-18,Varsity Jacket Embro,1,THREADMARKED (PAID)
2026-04-18,Ceramic Mug 18oz,2,TOP GUN PHILS. (PAID)
2026-04-18,Automatic Umbrella,3,USTORE (PAID)
2026-04-18,Black Eco Bag,5,USTORE (PAID)
2026-04-18,Blanca Pen,2,USTORE (PAID)
2026-04-18,C. Keychain,4,USTORE (PAID)
2026-04-18,Chibi Stickers,1,USTORE (PAID)
2026-04-18,Clappers,5,USTORE (PAID)
2026-04-18,College Sticker @120,2,USTORE (PAID)
2026-04-18,ID Case v2 @40,3,USTORE (PAID)
2026-04-18,Insignia Pen,4,USTORE (PAID)
2026-04-18,Lanyard @180,9,USTORE (PAID)
2026-04-18,MJ Sticker Large,2,USTORE (PAID)
2026-04-18,MJ Sticker Medium,2,USTORE (PAID)
2026-04-18,MJ Sticker Small,3,USTORE (PAID)
2026-04-18,Tiger Plushie Small,4,USTORE (PAID)
2026-04-18,Tote Viva Santo Tomas,1,USTORE (PAID)
2026-04-18,Yellow Lanyard,2,USTORE (PAID)
2026-04-18,Yellow Notebook,3,USTORE (PAID)
2026-04-18,New GT Shirts,1,VARSITY LIFESTYLE (CONSIGNMENT)
2026-04-18,VL Keychain,1,VARSITY LIFESTYLE (CONSIGNMENT)
2026-04-18,VL Lanyard,1,VARSITY LIFESTYLE (CONSIGNMENT)
2026-04-18,"Y,B VL UST",1,VARSITY LIFESTYLE (CONSIGNMENT)
2026-04-21,Canvass Bag,2,"ASSOCIATION FOR THE EDUCATIONAL ASSISTANCE OF POOR SEMINARIANS, INC."
2026-04-21,Polo Shirt @800,1,BLAZE (CONSIGNMENT)
2026-04-21,Triple Black Embro,1,BLAZE (CONSIGNMENT)
2026-04-21,Shirts all @450 UPSIZE (3XL-4XL),1,JUC (CONSIGNMENT)
2026-04-21,UST College ID Lace,5,JUC (CONSIGNMENT)
2026-04-21,"UST OAT MUG (Y,W,B)",10,JUC (CONSIGNMENT)
2026-04-21,UST OAT T-Shirt Y/B/COLLEGE,4,JUC (CONSIGNMENT)
2026-04-21,UST T-Shirt Santo Tomas Shirt/UST T-Shirt Tiger Pattern/HAPPY/Script,2,JUC (CONSIGNMENT)
2026-04-21,UST T-Shirt Sporty,1,JUC (CONSIGNMENT)
2026-04-21,Corp Jacket V3,1,JYL ATHLETICA (CONSIGNMENT)
2026-04-21,Cotton Brush Jacket,2,JYL ATHLETICA (CONSIGNMENT)
2026-04-21,Dri-Fit Golden Tigresses,3,JYL ATHLETICA (CONSIGNMENT)
2026-04-21,"QUIANA SUBLI SHIRT (B&Y), 2 TONED",2,JYL ATHLETICA (CONSIGNMENT)
2026-04-21,Small Mystery Car,2,MADEBYRUZ CONSUMER GOODS TRADING (CONSIGNMENT)
2026-04-21,Tiger Paw Keychain @375,6,MADEBYRUZ CONSUMER GOODS TRADING (CONSIGNMENT)
2026-04-21,Hoodies Breaker,1,NAPOLIZ ENTERPRISES (CONSIGNMENT)
2026-04-21,Baseball Cap METAL @380,1,STITCH CORP. (BLEEVES CONSIGNMENT)
2026-04-21,Tiger w/ Box,1,STITCH CORP. (BLEEVES CONSIGNMENT)
2026-04-21,Wearable Blanket,1,STITCH CORP. (BLEEVES CONSIGNMENT)
2026-04-21,Corp Jacket V2,3,STITCH CORP. (PAID)
2026-04-21,Kraft Notebook @130,6,STITCH CORP. (PAID)
2026-04-21,Logo Sticker @30,2,TET AND DARS (PAID)
2026-04-21,"Go USTE (W,Y,B) @450",5,THREADMARKED (CONSIGNMENT)
2026-04-21,"UST Embro OS (B,V)",2,THREADMARKED (CONSIGNMENT)
2026-04-21,UST Logo Embro Polo Shirt (XS-XL),3,THREADMARKED (CONSIGNMENT)
2026-04-21,"UST TIGERS Oversized shirt (V,B) @650",3,THREADMARKED (CONSIGNMENT)
2026-04-21,UST 3D Keychain,1,THREADMARKED (PAID)
2026-04-21,UST Keyboard Clicker (Fidget),3,THREADMARKED (PAID)
2026-04-21,Varsity Jacket Embro,1,THREADMARKED (PAID)
2026-04-21,Trucker Cap,2,TOP GUN PHILS. (PAID)
2026-04-21,Aquaflask,1,USTORE (PAID)
2026-04-21,Automatic Umbrella,5,USTORE (PAID)
2026-04-21,Black Eco Bag,8,USTORE (PAID)
2026-04-21,C. Keychain,1,USTORE (PAID)
2026-04-21,ID Case v2 @40,1,USTORE (PAID)
2026-04-21,Lanyard @180,9,USTORE (PAID)
2026-04-21,MJ Sticker Large,2,USTORE (PAID)
2026-04-21,MJ Sticker Medium,5,USTORE (PAID)
2026-04-21,MJ Sticker Small,7,USTORE (PAID)
2026-04-21,Thomasian Kit,30,USTORE (PAID)
2026-04-21,Tote Viva Santo Tomas,1,USTORE (PAID)
2026-04-21,Yellow Lanyard,2,USTORE (PAID)
2026-04-21,"Y,B VL UST",1,VARSITY LIFESTYLE (CONSIGNMENT)
2026-04-22,Triple Black Embro,1,BLAZE (CONSIGNMENT)
2026-04-22,UST College ID Lace,6,JUC (CONSIGNMENT)
2026-04-22,UST OAT Hoodie Jacket,2,JUC (CONSIGNMENT)
2026-04-22,"UST OAT MUG (Y,W,B)",9,JUC (CONSIGNMENT)
2026-04-22,UST OAT T-Shirt Y/B/COLLEGE,19,JUC (CONSIGNMENT)
2026-04-22,UST T-Shirt Santo Tomas Shirt/UST T-Shirt Tiger Pattern/HAPPY/Script,4,JUC (CONSIGNMENT)
2026-04-22,UST T-Shirt Sporty,1,JUC (CONSIGNMENT)
2026-04-22,"Baseball Shirt (Y,W)",1,JYL ATHLETICA (CONSIGNMENT)
2026-04-22,Cotton Brush Jacket,2,JYL ATHLETICA (CONSIGNMENT)
2026-04-22,Dri-Fit Golden Tigresses,1,JYL ATHLETICA (CONSIGNMENT)
2026-04-22,Jacket,3,JYL ATHLETICA (CONSIGNMENT)
2026-04-22,Jersey Short,3,JYL ATHLETICA (CONSIGNMENT)
2026-04-22,Poloshirt @800,1,JYL ATHLETICA (CONSIGNMENT)
2026-04-22,"QUIANA SUBLI SHIRT (B&Y), 2 TONED",4,JYL ATHLETICA (CONSIGNMENT)
2026-04-22,Tiger Costume,1,MADEBYRUZ CONSUMER GOODS TRADING (CONSIGNMENT)
2026-04-22,"Double Canopy (B,Y)",50,STITCH CORP. (BLEEVES CONSIGNMENT)
2026-04-22,Tiger w/ Box,10,STITCH CORP. (BLEEVES CONSIGNMENT)
2026-04-22,"Ballpen 3 Designs @50 (B,Y,W)",8,STITCH CORP. (PAID)
2026-04-22,Bamboo Notebook @150,5,STITCH CORP. (PAID)
2026-04-22,Corp Jacket V2,1,STITCH CORP. (PAID)
2026-04-22,Arch @350,3,TET AND DARS (PAID)
2026-04-22,"Go USTE (W,Y,B) @450",1,THREADMARKED (CONSIGNMENT)
2026-04-22,"UST Embro OS (B,V)",3,THREADMARKED (CONSIGNMENT)
2026-04-22,UST Logo Embro Polo Shirt (XS-XL),2,THREADMARKED (CONSIGNMENT)
2026-04-22,"Hoodie UST embro (V,G,Y,B) @1800",9,THREADMARKED (PAID)
2026-04-22,Two-toned windbreaker @1700,1,THREADMARKED (PAID)
2026-04-22,UST 3D Keychain,1,THREADMARKED (PAID)
2026-04-22,UST Keyboard Clicker (Fidget),4,THREADMARKED (PAID)
2026-04-22,Varsity Jacket Embro,1,THREADMARKED (PAID)
2026-04-22,Ceramic Mug 18oz,3,TOP GUN PHILS. (PAID)
2026-04-22,Aquaflask,2,USTORE (PAID)
2026-04-22,Automatic Umbrella,1,USTORE (PAID)
2026-04-22,Black Eco Bag,52,USTORE (PAID)
2026-04-22,Blanca Pen,1,USTORE (PAID)
2026-04-22,C. Keychain,1,USTORE (PAID)
2026-04-22,ID Case v2 @40,4,USTORE (PAID)
2026-04-22,Lanyard @180,3,USTORE (PAID)
2026-04-22,MJ Sticker Small,2,USTORE (PAID)
2026-04-22,Tiger Plushie Small,1,USTORE (PAID)
2026-04-22,Tote Viva Santo Tomas,2,USTORE (PAID)
2026-04-22,Travel Mug,15,USTORE (PAID)
2026-04-22,Yellow Lanyard,1,USTORE (PAID)
2026-04-22,Long Sticker,1,VARSITY LIFESTYLE (CONSIGNMENT)
2026-04-22,VL Sticker Pack,3,VARSITY LIFESTYLE (CONSIGNMENT)
2026-04-22,"Y,B VL UST",5,VARSITY LIFESTYLE (CONSIGNMENT)
2026-04-23,Black w/ Yellow UST Embro,1,BLAZE (CONSIGNMENT)
2026-04-23,Polo Shirt @800,1,BLAZE (CONSIGNMENT)
2026-04-23,White Embro,1,BLAZE (CONSIGNMENT)
2026-04-23,UST College ID Lace,5,JUC (CONSIGNMENT)
2026-04-23,UST OAT Hoodie Jacket,2,JUC (CONSIGNMENT)
2026-04-23,"UST OAT MUG (Y,W,B)",1,JUC (CONSIGNMENT)
2026-04-23,UST OAT T-Shirt Y/B/COLLEGE,5,JUC (CONSIGNMENT)
2026-04-23,UST Sweatshirt Sporty,4,JUC (CONSIGNMENT)
2026-04-23,UST T-Shirt Santo Tomas Shirt/UST T-Shirt Tiger Pattern/HAPPY/Script,5,JUC (CONSIGNMENT)
2026-04-23,Cotton Black Jacket,1,JYL ATHLETICA (CONSIGNMENT)
2026-04-23,Cotton Brush Jacket,1,JYL ATHLETICA (CONSIGNMENT)
2026-04-23,Dri-Fit Golden Tigresses,8,JYL ATHLETICA (CONSIGNMENT)
2026-04-23,Jersey Short,1,JYL ATHLETICA (CONSIGNMENT)
2026-04-23,"QUIANA SUBLI SHIRT (B&Y), 2 TONED",6,JYL ATHLETICA (CONSIGNMENT)
2026-04-23,Small Mystery Car,1,MADEBYRUZ CONSUMER GOODS TRADING (CONSIGNMENT)
2026-04-23,Tiger w/ Box,15,STITCH CORP. (BLEEVES CONSIGNMENT)
2026-04-23,"Ballpen 3 Designs @50 (B,Y,W)",3,STITCH CORP. (PAID)
2026-04-23,Bamboo Notebook @150,1,STITCH CORP. (PAID)
2026-04-23,Corp Jacket V2,5,STITCH CORP. (PAID)
2026-04-23,Arch @350,16,TET AND DARS (PAID)
2026-04-23,"UST Embro OS (B,V)",5,THREADMARKED (CONSIGNMENT)
2026-04-23,UST Logo Embro Polo Shirt (XS-XL),1,THREADMARKED (CONSIGNMENT)
2026-04-23,"UST TIGERS Oversized shirt (V,B) @650",2,THREADMARKED (CONSIGNMENT)
2026-04-23,"Hoodie UST embro (V,G,Y,B) @1800",1,THREADMARKED (PAID)
2026-04-23,UST Keyboard Clicker (Fidget),8,THREADMARKED (PAID)
2026-04-23,Varsity Jacket Embro,1,THREADMARKED (PAID)
2026-04-23,Automatic Umbrella,1,USTORE (PAID)
2026-04-23,Black Eco Bag,11,USTORE (PAID)
2026-04-23,C. Keychain,4,USTORE (PAID)
2026-04-23,ID Case v2 @40,1,USTORE (PAID)
2026-04-23,Lanyard @180,3,USTORE (PAID)
2026-04-23,MJ Sticker Large,1,USTORE (PAID)
2026-04-23,MJ Sticker Medium,1,USTORE (PAID)
2026-04-23,MJ Sticker Small,3,USTORE (PAID)
2026-04-23,Pencil,1,USTORE (PAID)
2026-04-23,Tote Viva Santo Tomas,2,USTORE (PAID)
2026-04-23,Travel Mug,2,USTORE (PAID)
2026-04-23,Utensils,1,USTORE (PAID)
2026-04-23,Yellow Lanyard,1,USTORE (PAID)
2026-04-23,New GT Shirts,1,VARSITY LIFESTYLE (CONSIGNMENT)
2026-04-23,VL Lanyard,1,VARSITY LIFESTYLE (CONSIGNMENT)
2026-04-23,"Y,B VL UST",2,VARSITY LIFESTYLE (CONSIGNMENT)
2026-04-24,Polo Shirt @800,1,BLAZE (CONSIGNMENT)
2026-04-24,UST College ID Lace,3,JUC (CONSIGNMENT)
2026-04-24,"UST OAT MUG (Y,W,B)",14,JUC (CONSIGNMENT)
2026-04-24,UST OAT T-Shirt Y/B/COLLEGE,9,JUC (CONSIGNMENT)
2026-04-24,UST Sweatshirt Sporty,1,JUC (CONSIGNMENT)
2026-04-24,UST T-Shirt Santo Tomas Shirt/UST T-Shirt Tiger Pattern/HAPPY/Script,11,JUC (CONSIGNMENT)
2026-04-24,UST T-Shirt Sporty,5,JUC (CONSIGNMENT)
2026-04-24,UST T-Shirt Sporty UPSIZE (3XL-5XL),1,JUC (CONSIGNMENT)
2026-04-24,"Baseball Shirt (Y,W)",1,JYL ATHLETICA (CONSIGNMENT)
2026-04-24,Cotton Black Jacket,1,JYL ATHLETICA (CONSIGNMENT)
2026-04-24,Dri-Fit Golden Tigresses,6,JYL ATHLETICA (CONSIGNMENT)
2026-04-24,DRI-FIT NEW,1,JYL ATHLETICA (CONSIGNMENT)
2026-04-24,Jersey Short,1,JYL ATHLETICA (CONSIGNMENT)
2026-04-24,"QUIANA SUBLI SHIRT (B&Y), 2 TONED",5,JYL ATHLETICA (CONSIGNMENT)
2026-04-24,Small Mystery Car,1,MADEBYRUZ CONSUMER GOODS TRADING (CONSIGNMENT)
2026-04-24,Tiger Costume,1,MADEBYRUZ CONSUMER GOODS TRADING (CONSIGNMENT)
2026-04-24,Tiger Paw Keychain @375,8,MADEBYRUZ CONSUMER GOODS TRADING (CONSIGNMENT)
2026-04-24,Hoodies Breaker,2,NAPOLIZ ENTERPRISES (CONSIGNMENT)
2026-04-24,S88 UAAP Poloshirt,1,SHIRT HAPPENS (CONSIGNMENT)
2026-04-24,Baseball Cap METAL @380,4,STITCH CORP. (BLEEVES CONSIGNMENT)
2026-04-24,Tiger w/ Box,2,STITCH CORP. (BLEEVES CONSIGNMENT)
2026-04-24,"Ballpen 3 Designs @50 (B,Y,W)",4,STITCH CORP. (PAID)
2026-04-24,Bamboo Pen @60,3,STITCH CORP. (PAID)
2026-04-24,Corp Jacket V2,4,STITCH CORP. (PAID)
2026-04-24,Kraft Notebook @130,1,STITCH CORP. (PAID)
2026-04-24,Logo Keychain @200,2,TET AND DARS (PAID)
2026-04-24,Long Sticker @120,2,TET AND DARS (PAID)
2026-04-24,"Go USTE (W,Y,B) @450",4,THREADMARKED (CONSIGNMENT)
2026-04-24,"UST 1611 Embro Shirt (B,V)",3,THREADMARKED (CONSIGNMENT)
2026-04-24,"UST Embro OS (B,V)",2,THREADMARKED (CONSIGNMENT)
2026-04-24,UST Logo Embro Polo Shirt (XS-XL),3,THREADMARKED (CONSIGNMENT)
2026-04-24,UST Keyboard Clicker (Fidget),3,THREADMARKED (PAID)
2026-04-24,Varsity Jacket Embro,1,THREADMARKED (PAID)
2026-04-24,Black Eco Bag,2,USTORE (PAID)
2026-04-24,Button Pin (Big),2,USTORE (PAID)
2026-04-24,C. Keychain,2,USTORE (PAID)
2026-04-24,ID Case v2 @40,1,USTORE (PAID)
2026-04-24,Lanyard @180,13,USTORE (PAID)
2026-04-24,MJ Sticker Large,3,USTORE (PAID)
2026-04-24,MJ Sticker Small,2,USTORE (PAID)
2026-04-24,Thomasian Kit,8,USTORE (PAID)
2026-04-24,Tote Bag Canvas White @160,1,USTORE (PAID)
2026-04-24,Tote Viva Santo Tomas,3,USTORE (PAID)
2026-04-24,Travel Mug,2,USTORE (PAID)
2026-04-24,Yellow Lanyard,6,USTORE (PAID)
2026-04-24,Long Sticker,1,VARSITY LIFESTYLE (CONSIGNMENT)
2026-04-24,New GT Shirts,1,VARSITY LIFESTYLE (CONSIGNMENT)
2026-04-24,VL Keychain,1,VARSITY LIFESTYLE (CONSIGNMENT)
2026-04-24,VL Lanyard,2,VARSITY LIFESTYLE (CONSIGNMENT)
2026-04-24,VL Sticker Pack,2,VARSITY LIFESTYLE (CONSIGNMENT)
2026-04-24,"Y,B VL UST",2,VARSITY LIFESTYLE (CONSIGNMENT)
2026-04-25,Black w/ Yellow UST Embro,1,BLAZE (CONSIGNMENT)
2026-04-25,Sci Notebook,1,COLLEGE OF SCIENCE AT 100
2026-04-25,Shirts all @450 UPSIZE (3XL-4XL),1,JUC (CONSIGNMENT)
2026-04-25,UST College ID Lace,3,JUC (CONSIGNMENT)
2026-04-25,"UST OAT MUG (Y,W,B)",5,JUC (CONSIGNMENT)
2026-04-25,UST Sweatshirt Sporty,1,JUC (CONSIGNMENT)
2026-04-25,UST T-Shirt Santo Tomas Shirt/UST T-Shirt Tiger Pattern/HAPPY/Script,4,JUC (CONSIGNMENT)
2026-04-25,"Baseball Shirt (Y,W)",1,JYL ATHLETICA (CONSIGNMENT)
2026-04-25,Dri-Fit Golden Tigresses,2,JYL ATHLETICA (CONSIGNMENT)
2026-04-25,Poloshirt @800,2,JYL ATHLETICA (CONSIGNMENT)
2026-04-25,"QUIANA SUBLI SHIRT (B&Y), 2 TONED",1,JYL ATHLETICA (CONSIGNMENT)
2026-04-25,Tiger Paw Keychain @375,2,MADEBYRUZ CONSUMER GOODS TRADING (CONSIGNMENT)
2026-04-25,UST Arch Clicker,1,MADEBYRUZ CONSUMER GOODS TRADING (CONSIGNMENT)
2026-04-25,S88 UAAP Poloshirt,1,SHIRT HAPPENS (CONSIGNMENT)
2026-04-25,Baseball Cap METAL @380,3,STITCH CORP. (BLEEVES CONSIGNMENT)
2026-04-25,"Double Canopy (B,Y)",1,STITCH CORP. (BLEEVES CONSIGNMENT)
2026-04-25,Tiger w/ Box,6,STITCH CORP. (BLEEVES CONSIGNMENT)
2026-04-25,"Ballpen 3 Designs @50 (B,Y,W)",13,STITCH CORP. (PAID)
2026-04-25,Bamboo Pen @60,1,STITCH CORP. (PAID)
2026-04-25,Corp Jacket V2,1,STITCH CORP. (PAID)
2026-04-25,Kraft Notebook @130,5,STITCH CORP. (PAID)
2026-04-25,Arch @350,1,TET AND DARS (PAID)
2026-04-25,Logo Keychain @200,3,TET AND DARS (PAID)
2026-04-25,"Go USTE (W,Y,B) @450",3,THREADMARKED (CONSIGNMENT)
2026-04-25,"UST Embro OS (B,V)",2,THREADMARKED (CONSIGNMENT)
2026-04-25,UST Logo Embro Polo Shirt (XS-XL),3,THREADMARKED (CONSIGNMENT)
2026-04-25,"Hoodie UST embro (V,G,Y,B) @1800",2,THREADMARKED (PAID)
2026-04-25,UST Keyboard Clicker (Fidget),2,THREADMARKED (PAID)
2026-04-25,Ceramic Mug 18oz,1,TOP GUN PHILS. (PAID)
2026-04-25,5M Magnetic Pin,2,USTORE (PAID)
2026-04-25,5M Rotating Keychain,5,USTORE (PAID)
2026-04-25,Automatic Umbrella,2,USTORE (PAID)
2026-04-25,Black Eco Bag,1,USTORE (PAID)
2026-04-25,Blanca Pen,4,USTORE (PAID)
2026-04-25,C. Keychain,19,USTORE (PAID)
2026-04-25,Chibi Stickers,1,USTORE (PAID)
2026-04-25,College Sticker @120,1,USTORE (PAID)
2026-04-25,ID Case v2 @40,2,USTORE (PAID)
2026-04-25,Lanyard @180,4,USTORE (PAID)
2026-04-25,MJ Sticker Large,1,USTORE (PAID)
2026-04-25,MJ Sticker Medium,1,USTORE (PAID)
2026-04-25,MJ Sticker Small,2,USTORE (PAID)
2026-04-25,Tote Viva Santo Tomas,8,USTORE (PAID)
2026-04-25,Travel Mug,1,USTORE (PAID)
2026-04-25,Yellow Lanyard,3,USTORE (PAID)
2026-04-25,Yellow Notebook,1,USTORE (PAID)
2026-04-25,VL Lanyard,2,VARSITY LIFESTYLE (CONSIGNMENT)
2026-04-25,"Y,B VL UST",1,VARSITY LIFESTYLE (CONSIGNMENT)
2026-04-28,Polo Shirt @800,5,BLAZE (CONSIGNMENT)
2026-04-28,Shirts all @450 UPSIZE (3XL-4XL),1,JUC (CONSIGNMENT)
2026-04-28,UST College ID Lace,11,JUC (CONSIGNMENT)
2026-04-28,"UST OAT MUG (Y,W,B)",106,JUC (CONSIGNMENT)
2026-04-28,UST OAT T-Shirt Y/B/COLLEGE,3,JUC (CONSIGNMENT)
2026-04-28,UST T-Shirt Santo Tomas Shirt/UST T-Shirt Tiger Pattern/HAPPY/Script,14,JUC (CONSIGNMENT)
2026-04-28,UST T-Shirt Sporty,1,JUC (CONSIGNMENT)
2026-04-28,"Baseball Shirt (Y,W)",1,JYL ATHLETICA (CONSIGNMENT)
2026-04-28,Cotton Brush Jacket,1,JYL ATHLETICA (CONSIGNMENT)
2026-04-28,Dri-Fit Golden Tigresses,3,JYL ATHLETICA (CONSIGNMENT)
2026-04-28,"QUIANA SUBLI SHIRT (B&Y), 2 TONED",1,JYL ATHLETICA (CONSIGNMENT)
2026-04-28,Tiger Paw Keychain @375,2,MADEBYRUZ CONSUMER GOODS TRADING (CONSIGNMENT)
2026-04-28,S88 UAAP Poloshirt,1,SHIRT HAPPENS (CONSIGNMENT)
2026-04-28,Baseball Cap METAL @380,2,STITCH CORP. (BLEEVES CONSIGNMENT)
2026-04-28,Tiger w/ Box,1,STITCH CORP. (BLEEVES CONSIGNMENT)
2026-04-28,"Ballpen 3 Designs @50 (B,Y,W)",9,STITCH CORP. (PAID)
2026-04-28,Bamboo Notebook @150,1,STITCH CORP. (PAID)
2026-04-28,Corp Jacket V2,2,STITCH CORP. (PAID)
2026-04-28,Kraft Notebook @130,12,STITCH CORP. (PAID)
2026-04-28,Arch @350,6,TET AND DARS (PAID)
2026-04-28,Logo Keychain @200,1,TET AND DARS (PAID)
2026-04-28,Logo Sticker @30,3,TET AND DARS (PAID)
2026-04-28,"Go USTE (W,Y,B) @450",1,THREADMARKED (CONSIGNMENT)
2026-04-28,"UST 1611 Embro Shirt (B,V)",2,THREADMARKED (CONSIGNMENT)
2026-04-28,UST Logo Embro Polo Shirt (2XL-3XL),2,THREADMARKED (CONSIGNMENT)
2026-04-28,"UST TIGERS Oversized shirt (V,B) @650",1,THREADMARKED (CONSIGNMENT)
2026-04-28,"Hoodie UST embro (V,G,Y,B) @1800",1,THREADMARKED (PAID)
2026-04-28,Two-toned windbreaker @1700,2,THREADMARKED (PAID)
2026-04-28,UST 3D Keychain,3,THREADMARKED (PAID)
2026-04-28,UST Keyboard Clicker (Fidget),5,THREADMARKED (PAID)
2026-04-28,5M Rotating Keychain,1,USTORE (PAID)
2026-04-28,Aquaflask,4,USTORE (PAID)
2026-04-28,Black Eco Bag,18,USTORE (PAID)
2026-04-28,ID Case v2 @40,1,USTORE (PAID)
2026-04-28,Insignia Pen,2,USTORE (PAID)
2026-04-28,Lanyard @180,4,USTORE (PAID)
2026-04-28,MJ Sticker Large,2,USTORE (PAID)
2026-04-28,MJ Sticker Medium,1,USTORE (PAID)
2026-04-28,MJ Sticker Small,3,USTORE (PAID)
2026-04-28,Pencil,1,USTORE (PAID)
2026-04-28,Stainless Eco Tumbler,6,USTORE (PAID)
2026-04-28,Tiger Plushie Small,1,USTORE (PAID)
2026-04-28,Tote Viva Santo Tomas,2,USTORE (PAID)
2026-04-28,Utensils,13,USTORE (PAID)
2026-04-28,Yellow Notebook,2,USTORE (PAID)
2026-04-29,Black w/ Yellow UST Embro,2,BLAZE (CONSIGNMENT)
2026-04-29,Triple Black Embro,1,BLAZE (CONSIGNMENT)
2026-04-29,Sci Notebook,1,COLLEGE OF SCIENCE AT 100
2026-04-29,UST College ID Lace,8,JUC (CONSIGNMENT)
2026-04-29,"UST OAT MUG (Y,W,B)",4,JUC (CONSIGNMENT)
2026-04-29,UST OAT T-Shirt Y/B/COLLEGE,14,JUC (CONSIGNMENT)
2026-04-29,UST T-Shirt Santo Tomas Shirt/UST T-Shirt Tiger Pattern/HAPPY/Script,13,JUC (CONSIGNMENT)
2026-04-29,UST T-Shirt Sporty,10,JUC (CONSIGNMENT)
2026-04-29,Corp Windbreaker,1,JYL ATHLETICA (CONSIGNMENT)
2026-04-29,Cotton Black Jacket,1,JYL ATHLETICA (CONSIGNMENT)
2026-04-29,Cotton Brush Jacket,1,JYL ATHLETICA (CONSIGNMENT)
2026-04-29,Dri-Fit Golden Tigresses,11,JYL ATHLETICA (CONSIGNMENT)
2026-04-29,Jacket,1,JYL ATHLETICA (CONSIGNMENT)
2026-04-29,"QUIANA SUBLI SHIRT (B&Y), 2 TONED",7,JYL ATHLETICA (CONSIGNMENT)
2026-04-29,Tiger Costume,1,MADEBYRUZ CONSUMER GOODS TRADING (CONSIGNMENT)
2026-04-29,Tiger Paw Keychain @375,3,MADEBYRUZ CONSUMER GOODS TRADING (CONSIGNMENT)
2026-04-29,S88 UAAP Poloshirt,1,SHIRT HAPPENS (CONSIGNMENT)
2026-04-29,Tiger w/ Box,4,STITCH CORP. (BLEEVES CONSIGNMENT)
2026-04-29,"Ballpen 3 Designs @50 (B,Y,W)",5,STITCH CORP. (PAID)
2026-04-29,Bamboo Notebook @150,4,STITCH CORP. (PAID)
2026-04-29,Corp Jacket V2,2,STITCH CORP. (PAID)
2026-04-29,Kraft Notebook @130,2,STITCH CORP. (PAID)
2026-04-29,"Go USTE (W,Y,B) @450",3,THREADMARKED (CONSIGNMENT)
2026-04-29,"Keep Growling OS (B,V)",1,THREADMARKED (CONSIGNMENT)
2026-04-29,"UST 1611 Embro Shirt (B,V)",3,THREADMARKED (CONSIGNMENT)
2026-04-29,"UST Embro OS (B,V)",9,THREADMARKED (CONSIGNMENT)
2026-04-29,"UST TIGERS Oversized shirt (V,B) @650",2,THREADMARKED (CONSIGNMENT)
2026-04-29,"Hoodie UST embro (V,G,Y,B) @1800",3,THREADMARKED (PAID)
2026-04-29,Two-toned windbreaker @1700,1,THREADMARKED (PAID)
2026-04-29,UST 3D Keychain,1,THREADMARKED (PAID)
2026-04-29,UST Keyboard Clicker (Fidget),7,THREADMARKED (PAID)
2026-04-29,Varsity Jacket Embro,1,THREADMARKED (PAID)
2026-04-29,Trucker Cap,1,TOP GUN PHILS. (PAID)
2026-04-29,5M Rotating Keychain,3,USTORE (PAID)
2026-04-29,Black Eco Bag,4,USTORE (PAID)
2026-04-29,C. Keychain,3,USTORE (PAID)
2026-04-29,ID Case v2 @40,1,USTORE (PAID)
2026-04-29,Lanyard @180,9,USTORE (PAID)
2026-04-29,MJ Sticker Medium,1,USTORE (PAID)
2026-04-29,MJ Sticker Small,3,USTORE (PAID)
2026-04-29,Thomasian Kit,4,USTORE (PAID)
2026-04-29,Tiger Plushie Small,1,USTORE (PAID)
2026-04-29,Tote Viva Santo Tomas,18,USTORE (PAID)
2026-04-29,Utensils,4,USTORE (PAID)
2026-04-29,Yellow Notebook,2,USTORE (PAID)
2026-04-29,New GT Shirts,2,VARSITY LIFESTYLE (CONSIGNMENT)
2026-04-29,"Y,B VL UST",2,VARSITY LIFESTYLE (CONSIGNMENT)
2026-04-30,UST College ID Lace,2,JUC (CONSIGNMENT)
2026-04-30,UST T-Shirt Santo Tomas Shirt/UST T-Shirt Tiger Pattern/HAPPY/Script,21,JUC (CONSIGNMENT)
2026-04-30,UST T-Shirt Sporty,1,JUC (CONSIGNMENT)
2026-04-30,Corp Jacket V3,5,JYL ATHLETICA (CONSIGNMENT)
2026-04-30,Machete V2,5,JYL ATHLETICA (CONSIGNMENT)
2026-04-30,"QUIANA SUBLI SHIRT (B&Y), 2 TONED",21,JYL ATHLETICA (CONSIGNMENT)
2026-04-30,Taslan NEW,2,JYL ATHLETICA (CONSIGNMENT)
2026-04-30,Small Mystery Car,1,MADEBYRUZ CONSUMER GOODS TRADING (CONSIGNMENT)
2026-04-30,Tiger Claw,1,MADEBYRUZ CONSUMER GOODS TRADING (CONSIGNMENT)
2026-04-30,Hoodies Breaker,7,NAPOLIZ ENTERPRISES (CONSIGNMENT)
2026-04-30,Tiger w/ Box,3,STITCH CORP. (BLEEVES CONSIGNMENT)
2026-04-30,"Ballpen 3 Designs @50 (B,Y,W)",8,STITCH CORP. (PAID)
2026-04-30,Bamboo Pen @60,13,STITCH CORP. (PAID)
2026-04-30,Logo Keychain @200,5,TET AND DARS (PAID)
2026-04-30,Long Sticker @120,2,TET AND DARS (PAID)
2026-04-30,Pen @40,8,TET AND DARS (PAID)
2026-04-30,"Go USTE (W,Y,B) @450",2,THREADMARKED (CONSIGNMENT)
2026-04-30,"Keep Growling OS (B,V)",1,THREADMARKED (CONSIGNMENT)
2026-04-30,"UST 1611 Embro Shirt (B,V)",1,THREADMARKED (CONSIGNMENT)
2026-04-30,Black Eco Bag,13,USTORE (PAID)
2026-04-30,Chibi Stickers,6,USTORE (PAID)
2026-04-30,ID Case v2 @40,1,USTORE (PAID)
2026-04-30,Tiger Plushie Small,3,USTORE (PAID)
2026-04-30,Yellow Lanyard,8,USTORE (PAID)
2026-04-30,New GT Shirts,2,VARSITY LIFESTYLE (CONSIGNMENT)
2026-04-30,USTWBT Championship Shirt 2025,1,VARSITY LIFESTYLE (CONSIGNMENT)
2026-04-30,VL Lanyard,1,VARSITY LIFESTYLE (CONSIGNMENT)
2026-05-05,Shirts all @450 UPSIZE (3XL-4XL),1,JUC (CONSIGNMENT)
2026-05-05,UST College ID Lace,9,JUC (CONSIGNMENT)
2026-05-05,"UST OAT MUG (Y,W,B)",18,JUC (CONSIGNMENT)
2026-05-05,UST OAT T-Shirt Y/B/COLLEGE (XS-2XL),4,JUC (CONSIGNMENT)
2026-05-05,UST T-Shirt Santo Tomas Shirt/UST T-Shirt Tiger Pattern/HAPPY/Script,3,JUC (CONSIGNMENT)
2026-05-05,UST T-Shirt Sporty,5,JUC (CONSIGNMENT)
2026-05-05,Corp Jacket V3,1,JYL ATHLETICA (CONSIGNMENT)
2026-05-05,Dri-Fit Golden Tigresses,4,JYL ATHLETICA (CONSIGNMENT)
2026-05-05,Jersey Short,1,JYL ATHLETICA (CONSIGNMENT)
2026-05-05,Poloshirt @800,1,JYL ATHLETICA (CONSIGNMENT)
2026-05-05,"QUIANA SUBLI SHIRT (B&Y), 2 TONED",5,JYL ATHLETICA (CONSIGNMENT)
2026-05-05,Small Mystery Car,2,MADEBYRUZ CONSUMER GOODS TRADING (CONSIGNMENT)
2026-05-05,Tiger Costume,2,MADEBYRUZ CONSUMER GOODS TRADING (CONSIGNMENT)
2026-05-05,Tiger Paw Keychain @375,2,MADEBYRUZ CONSUMER GOODS TRADING (CONSIGNMENT)
2026-05-05,S88 UAAP Poloshirt,2,SHIRT HAPPENS (CONSIGNMENT)
2026-05-05,Tiger w/ Box,2,STITCH CORP. (BLEEVES CONSIGNMENT)
2026-05-05,"Ballpen 3 Designs @50 (B,Y,W)",3,STITCH CORP. (PAID)
2026-05-05,Bamboo Pen @60,1,STITCH CORP. (PAID)
2026-05-05,Corp Jacket V2,1,STITCH CORP. (PAID)
2026-05-05,Kraft Notebook @130,7,STITCH CORP. (PAID)
2026-05-05,Arch @350,1,TET AND DARS (PAID)
2026-05-05,Long Sticker @120,1,TET AND DARS (PAID)
2026-05-05,"UST 1611 Embro Shirt (B,V)",4,THREADMARKED (CONSIGNMENT)
2026-05-05,"UST Embro OS (B,V)",1,THREADMARKED (CONSIGNMENT)
2026-05-05,UST Logo Embro Polo Shirt (XS-XL),1,THREADMARKED (CONSIGNMENT)
2026-05-05,"Hoodie UST embro (V,G,Y,B) @1800",4,THREADMARKED (PAID)
2026-05-05,UST Keyboard Clicker (Fidget),11,THREADMARKED (PAID)
2026-05-05,Trucker Cap,1,TOP GUN PHILS. (PAID)
2026-05-05,Automatic Umbrella,1,USTORE (PAID)
2026-05-05,Black Eco Bag,4,USTORE (PAID)
2026-05-05,Lanyard @180,6,USTORE (PAID)
2026-05-05,MJ Sticker Large,1,USTORE (PAID)
2026-05-05,MJ Sticker Medium,2,USTORE (PAID)
2026-05-05,MJ Sticker Small,1,USTORE (PAID)
2026-05-05,Thomasian Kit,2,USTORE (PAID)
2026-05-05,Tiger Plushie Small,2,USTORE (PAID)
2026-05-05,Tote Viva Santo Tomas,5,USTORE (PAID)
2026-05-05,Travel Mug,4,USTORE (PAID)
2026-05-05,Yellow Notebook,2,USTORE (PAID)
2026-05-05,Lanyard,1,VARSITY LIFESTYLE (CONSIGNMENT)
2026-05-05,New GT Shirts,1,VARSITY LIFESTYLE (CONSIGNMENT)
2026-05-05,"Y,B VL UST",2,VARSITY LIFESTYLE (CONSIGNMENT)
2026-05-06,Polo Shirt @800,1,BLAZE (CONSIGNMENT)
2026-05-06,Triple Black Embro,6,BLAZE (CONSIGNMENT)
2026-05-06,UST College ID Lace,14,JUC (CONSIGNMENT)
2026-05-06,UST OAT Hoodie Jacket,1,JUC (CONSIGNMENT)
2026-05-06,"UST OAT MUG (Y,W,B)",5,JUC (CONSIGNMENT)
2026-05-06,UST OAT T-Shirt Y/B/COLLEGE (XS-2XL),3,JUC (CONSIGNMENT)
2026-05-06,UST T-Shirt Santo Tomas Shirt/UST T-Shirt Tiger Pattern/HAPPY/Script,11,JUC (CONSIGNMENT)
2026-05-06,UST T-Shirt Sporty,1,JUC (CONSIGNMENT)
2026-05-06,Corp Jacket V3,2,JYL ATHLETICA (CONSIGNMENT)
2026-05-06,Dri-Fit Golden Tigresses,3,JYL ATHLETICA (CONSIGNMENT)
2026-05-06,Jacket,1,JYL ATHLETICA (CONSIGNMENT)
2026-05-06,"QUIANA SUBLI SHIRT (B&Y), 2 TONED",7,JYL ATHLETICA (CONSIGNMENT)
2026-05-06,Taslan NEW,1,JYL ATHLETICA (CONSIGNMENT)
2026-05-06,UST Arch Clicker,3,MADEBYRUZ CONSUMER GOODS TRADING (CONSIGNMENT)
2026-05-06,UST Logo Clicker,4,MADEBYRUZ CONSUMER GOODS TRADING (CONSIGNMENT)
2026-05-06,S88 UAAP Poloshirt,1,SHIRT HAPPENS (CONSIGNMENT)
2026-05-06,Baseball Cap METAL @380,1,STITCH CORP. (BLEEVES CONSIGNMENT)
2026-05-06,Tiger w/ Box,6,STITCH CORP. (BLEEVES CONSIGNMENT)
2026-05-06,"Ballpen 3 Designs @50 (B,Y,W)",7,STITCH CORP. (PAID)
2026-05-06,Bamboo Pen @60,2,STITCH CORP. (PAID)
2026-05-06,Corp Jacket V2,2,STITCH CORP. (PAID)
2026-05-06,Kraft Notebook @130,1,STITCH CORP. (PAID)
2026-05-06,Arch @350,5,TET AND DARS (PAID)
2026-05-06,Logo Keychain @200,2,TET AND DARS (PAID)
2026-05-06,Logo Sticker @30,3,TET AND DARS (PAID)
2026-05-06,"Go USTE (W,Y,B) @450",5,THREADMARKED (CONSIGNMENT)
2026-05-06,"UST 1611 Embro Shirt (B,V)",1,THREADMARKED (CONSIGNMENT)
2026-05-06,UST Logo Embro Polo Shirt (XS-XL),2,THREADMARKED (CONSIGNMENT)
2026-05-06,"Hoodie UST embro (V,G,Y,B) @1800",1,THREADMARKED (PAID)
2026-05-06,Two-toned windbreaker @1700,1,THREADMARKED (PAID)
2026-05-06,UST 3D Keychain,2,THREADMARKED (PAID)
2026-05-06,UST Keyboard Clicker (Fidget),3,THREADMARKED (PAID)
2026-05-06,Varsity Jacket Embro,1,THREADMARKED (PAID)
2026-05-06,5M Magnetic Pin,4,USTORE (PAID)
2026-05-06,5M Rotating Keychain,4,USTORE (PAID)
2026-05-06,Black Eco Bag,10,USTORE (PAID)
2026-05-06,Blanca Pen,1,USTORE (PAID)
2026-05-06,Button Pin (Big),2,USTORE (PAID)
2026-05-06,Button Pin (Small),2,USTORE (PAID)
2026-05-06,C. Keychain,4,USTORE (PAID)
2026-05-06,Chibi Stickers,1,USTORE (PAID)
2026-05-06,ID Case v2 @40,1,USTORE (PAID)
2026-05-06,Lanyard @180,25,USTORE (PAID)
2026-05-06,MJ Charger,1,USTORE (PAID)
2026-05-06,MJ Sticker Medium,5,USTORE (PAID)
2026-05-06,MJ Sticker Small,7,USTORE (PAID)
2026-05-06,Notelet,1,USTORE (PAID)
2026-05-06,Pencil,2,USTORE (PAID)
2026-05-06,Thomasian Kit,1,USTORE (PAID)
2026-05-06,Travel Mug,1,USTORE (PAID)
2026-05-06,Yellow Lanyard,4,USTORE (PAID)
2026-05-06,Lanyard,4,VARSITY LIFESTYLE (CONSIGNMENT)
2026-05-06,"Y,B VL UST",1,VARSITY LIFESTYLE (CONSIGNMENT)
2026-05-07,Black w/ Yellow UST Embro,2,BLAZE (CONSIGNMENT)
2026-05-07,Triple Black Embro,1,BLAZE (CONSIGNMENT)
2026-05-07,UST College ID Lace,6,JUC (CONSIGNMENT)
2026-05-07,"UST OAT MUG (Y,W,B)",13,JUC (CONSIGNMENT)
2026-05-07,UST OAT T-Shirt Y/B/COLLEGE (XS-2XL),7,JUC (CONSIGNMENT)
2026-05-07,UST Sweatshirt Sporty,1,JUC (CONSIGNMENT)
2026-05-07,UST T-Shirt Santo Tomas Shirt/UST T-Shirt Tiger Pattern/HAPPY/Script,6,JUC (CONSIGNMENT)
2026-05-07,UST T-Shirt Sporty,2,JUC (CONSIGNMENT)
2026-05-07,Corp Jacket V3,2,JYL ATHLETICA (CONSIGNMENT)
2026-05-07,Cotton Brush Jacket,1,JYL ATHLETICA (CONSIGNMENT)
2026-05-07,Dri-Fit Golden Tigresses,6,JYL ATHLETICA (CONSIGNMENT)
2026-05-07,Jersey Short,1,JYL ATHLETICA (CONSIGNMENT)
2026-05-07,"QUIANA SUBLI SHIRT (B&Y), 2 TONED",4,JYL ATHLETICA (CONSIGNMENT)
2026-05-07,Tiger Claw,1,MADEBYRUZ CONSUMER GOODS TRADING (CONSIGNMENT)
2026-05-07,Tiger Paw Keychain @375,1,MADEBYRUZ CONSUMER GOODS TRADING (CONSIGNMENT)
2026-05-07,S88 UAAP Poloshirt,2,SHIRT HAPPENS (CONSIGNMENT)
2026-05-07,"Ballpen 3 Designs @50 (B,Y,W)",13,STITCH CORP. (PAID)
2026-05-07,Corp Jacket V2,5,STITCH CORP. (PAID)
2026-05-07,Kraft Notebook @130,13,STITCH CORP. (PAID)
2026-05-07,Arch @350,1,TET AND DARS (PAID)
2026-05-07,Logo Sticker @30,2,TET AND DARS (PAID)
2026-05-07,Long Sticker @120,1,TET AND DARS (PAID)
2026-05-07,"Keep Growling OS (B,V)",1,THREADMARKED (CONSIGNMENT)
2026-05-07,"UST 1611 Embro Shirt (B,V)",1,THREADMARKED (CONSIGNMENT)
2026-05-07,"UST Embro OS (B,V)",2,THREADMARKED (CONSIGNMENT)
2026-05-07,UST Logo Embro Polo Shirt (XS-XL),1,THREADMARKED (CONSIGNMENT)
2026-05-07,"UST TIGERS Oversized shirt (V,B) @650",2,THREADMARKED (CONSIGNMENT)
2026-05-07,"Hoodie UST embro (V,G,Y,B) @1800",4,THREADMARKED (PAID)
2026-05-07,UST Keyboard Clicker (Fidget),4,THREADMARKED (PAID)
2026-05-07,Trucker Cap,1,TOP GUN PHILS. (PAID)
2026-05-07,5M Rotating Keychain,1,USTORE (PAID)
2026-05-07,Black Eco Bag,3,USTORE (PAID)
2026-05-07,C. Keychain,2,USTORE (PAID)
2026-05-07,ID Case v2 @40,3,USTORE (PAID)
2026-05-07,Lanyard @180,11,USTORE (PAID)
2026-05-07,MJ Sticker Medium,3,USTORE (PAID)
2026-05-07,MJ Sticker Small,2,USTORE (PAID)
2026-05-07,Notelet,13,USTORE (PAID)
2026-05-07,Stainless Eco Tumbler,2,USTORE (PAID)
2026-05-07,Tiger Plushie Small,1,USTORE (PAID)
2026-05-07,Travel Mug,3,USTORE (PAID)
2026-05-07,Utensils,13,USTORE (PAID)
2026-05-07,Yellow Lanyard,4,USTORE (PAID)
2026-05-07,Yellow Notebook,1,USTORE (PAID)
2026-05-07,Lanyard,1,VARSITY LIFESTYLE (CONSIGNMENT)
2026-05-07,Sweatshirt (NEW),1,VARSITY LIFESTYLE (CONSIGNMENT)
2026-05-07,USTWBT Championship Shirt 2025,1,VARSITY LIFESTYLE (CONSIGNMENT)
2026-05-07,VL Sticker Pack,1,VARSITY LIFESTYLE (CONSIGNMENT)
2026-05-09,Polo Shirt @800,1,BLAZE (CONSIGNMENT)
2026-05-09,Triple Black Embro,1,BLAZE (CONSIGNMENT)
2026-05-09,UST College ID Lace,6,JUC (CONSIGNMENT)
2026-05-09,"UST OAT MUG (Y,W,B)",3,JUC (CONSIGNMENT)
2026-05-09,UST OAT T-Shirt Y/B/COLLEGE (XS-2XL),4,JUC (CONSIGNMENT)
2026-05-09,UST Sweatshirt Sporty,2,JUC (CONSIGNMENT)
2026-05-09,UST T-Shirt Santo Tomas Shirt/UST T-Shirt Tiger Pattern/HAPPY/Script,11,JUC (CONSIGNMENT)
2026-05-09,UST T-Shirt Sporty,4,JUC (CONSIGNMENT)
2026-05-09,"Baseball Shirt (Y,W)",1,JYL ATHLETICA (CONSIGNMENT)
2026-05-09,Corp Jacket V3,1,JYL ATHLETICA (CONSIGNMENT)
2026-05-09,Cotton Black Jacket,1,JYL ATHLETICA (CONSIGNMENT)
2026-05-09,Cotton Brush Jacket,3,JYL ATHLETICA (CONSIGNMENT)
2026-05-09,Dri-Fit Golden Tigresses,1,JYL ATHLETICA (CONSIGNMENT)
2026-05-09,DRI-FIT NEW,1,JYL ATHLETICA (CONSIGNMENT)
2026-05-09,Jersey Short,3,JYL ATHLETICA (CONSIGNMENT)
2026-05-09,Machete V2,1,JYL ATHLETICA (CONSIGNMENT)
2026-05-09,"QUIANA SUBLI SHIRT (B&Y), 2 TONED",3,JYL ATHLETICA (CONSIGNMENT)
2026-05-09,Small Mystery Car,1,MADEBYRUZ CONSUMER GOODS TRADING (CONSIGNMENT)
2026-05-09,Tiger Headband (2 Designs),1,MADEBYRUZ CONSUMER GOODS TRADING (CONSIGNMENT)
2026-05-09,Tiger Paw Keychain @375,2,MADEBYRUZ CONSUMER GOODS TRADING (CONSIGNMENT)
2026-05-09,Baseball Cap METAL @380,1,STITCH CORP. (BLEEVES CONSIGNMENT)
2026-05-09,"Double Canopy (B,Y)",1,STITCH CORP. (BLEEVES CONSIGNMENT)
2026-05-09,Tiger w/ Box,1,STITCH CORP. (BLEEVES CONSIGNMENT)
2026-05-09,"Ballpen 3 Designs @50 (B,Y,W)",6,STITCH CORP. (PAID)
2026-05-09,Corp Jacket V2,16,STITCH CORP. (PAID)
2026-05-09,Arch @350,4,TET AND DARS (PAID)
2026-05-09,Logo Keychain @200,1,TET AND DARS (PAID)
2026-05-09,Logo Sticker @30,1,TET AND DARS (PAID)
2026-05-09,"Go USTE (W,Y,B) @450",1,THREADMARKED (CONSIGNMENT)
2026-05-09,"UST 1611 Embro Shirt (B,V)",1,THREADMARKED (CONSIGNMENT)
2026-05-09,"UST Embro OS (B,V)",3,THREADMARKED (CONSIGNMENT)
2026-05-09,"UST TIGERS Oversized shirt (V,B) @650",3,THREADMARKED (CONSIGNMENT)
2026-05-09,"Hoodie UST embro (V,G,Y,B) @1800",1,THREADMARKED (PAID)
2026-05-09,Two-toned windbreaker @1700,2,THREADMARKED (PAID)
2026-05-09,UST 3D Keychain,2,THREADMARKED (PAID)
2026-05-09,UST Keyboard Clicker (Fidget),10,THREADMARKED (PAID)
2026-05-09,Varsity Jacket Embro,3,THREADMARKED (PAID)
2026-05-09,Aquaflask,1,USTORE (PAID)
2026-05-09,Automatic Umbrella,2,USTORE (PAID)
2026-05-09,Black Eco Bag,10,USTORE (PAID)
2026-05-09,C. Keychain,2,USTORE (PAID)
2026-05-09,College Sticker @120,1,USTORE (PAID)
2026-05-09,ID Case v2 @40,1,USTORE (PAID)
2026-05-09,Lanyard @180,16,USTORE (PAID)
2026-05-09,MJ Sticker Large,3,USTORE (PAID)
2026-05-09,MJ Sticker Medium,1,USTORE (PAID)
2026-05-09,MJ Sticker Small,6,USTORE (PAID)
2026-05-09,Pencil,2,USTORE (PAID)
2026-05-09,Tote Viva Santo Tomas,1,USTORE (PAID)
2026-05-09,Utensils,2,USTORE (PAID)
2026-05-09,Yellow Notebook,6,USTORE (PAID)
2026-05-09,Lanyard,7,VARSITY LIFESTYLE (CONSIGNMENT)
2026-05-09,New GT Shirts,2,VARSITY LIFESTYLE (CONSIGNMENT)
2026-05-09,USTWBT Championship Shirt 2025,3,VARSITY LIFESTYLE (CONSIGNMENT)
2026-05-09,VL Sticker Pack,1,VARSITY LIFESTYLE (CONSIGNMENT)
2026-05-09,"Y,B VL UST",2,VARSITY LIFESTYLE (CONSIGNMENT)
2026-05-12,Triple Black Embro,1,BLAZE (CONSIGNMENT)
2026-05-12,UST College ID Lace,22,JUC (CONSIGNMENT)
2026-05-12,"UST OAT MUG (Y,W,B)",10,JUC (CONSIGNMENT)
2026-05-12,UST OAT T-Shirt Y/B/COLLEGE (XS-2XL),5,JUC (CONSIGNMENT)
2026-05-12,UST Sweatshirt Sporty,1,JUC (CONSIGNMENT)
2026-05-12,UST T-Shirt Santo Tomas Shirt/UST T-Shirt Tiger Pattern/HAPPY/Script,4,JUC (CONSIGNMENT)
2026-05-12,UST T-Shirt Sporty,2,JUC (CONSIGNMENT)
2026-05-12,Corp Jacket V3,2,JYL ATHLETICA (CONSIGNMENT)
2026-05-12,Dri-Fit Golden Tigresses,4,JYL ATHLETICA (CONSIGNMENT)
2026-05-12,DRI-FIT NEW,1,JYL ATHLETICA (CONSIGNMENT)
2026-05-12,Jersey Short,1,JYL ATHLETICA (CONSIGNMENT)
2026-05-12,Poloshirt @800,1,JYL ATHLETICA (CONSIGNMENT)
2026-05-12,"QUIANA SUBLI SHIRT (B&Y), 2 TONED",5,JYL ATHLETICA (CONSIGNMENT)
2026-05-12,Tiger Headband (2 Designs),1,MADEBYRUZ CONSUMER GOODS TRADING (CONSIGNMENT)
2026-05-12,Tiger Paw Keychain @375,5,MADEBYRUZ CONSUMER GOODS TRADING (CONSIGNMENT)
2026-05-12,UST Arch Clicker,1,MADEBYRUZ CONSUMER GOODS TRADING (CONSIGNMENT)
2026-05-12,S88 UAAP Poloshirt,1,SHIRT HAPPENS (CONSIGNMENT)
2026-05-12,Baseball Cap METAL @380,2,STITCH CORP. (BLEEVES CONSIGNMENT)
2026-05-12,Clock @550,2,STITCH CORP. (BLEEVES CONSIGNMENT)
2026-05-12,"Double Canopy (B,Y)",4,STITCH CORP. (BLEEVES CONSIGNMENT)
2026-05-12,Tiger w/ Box,4,STITCH CORP. (BLEEVES CONSIGNMENT)
2026-05-12,"Ballpen 3 Designs @50 (B,Y,W)",14,STITCH CORP. (PAID)
2026-05-12,Bamboo Notebook @150,4,STITCH CORP. (PAID)
2026-05-12,Bamboo Pen @60,2,STITCH CORP. (PAID)
2026-05-12,Kraft Notebook @130,6,STITCH CORP. (PAID)
2026-05-12,Arch @350,4,TET AND DARS (PAID)
2026-05-12,Logo Sticker @30,1,TET AND DARS (PAID)
2026-05-12,Long Sticker @120,1,TET AND DARS (PAID)
2026-05-12,"Go USTE (W,Y,B) @450",1,THREADMARKED (CONSIGNMENT)
2026-05-12,"Keep Growling OS (B,V)",1,THREADMARKED (CONSIGNMENT)
2026-05-12,"UST 1611 Embro Shirt (B,V)",5,THREADMARKED (CONSIGNMENT)
2026-05-12,"UST Embro OS (B,V)",1,THREADMARKED (CONSIGNMENT)
2026-05-12,UST Logo Embro Polo Shirt (XS-XL),1,THREADMARKED (CONSIGNMENT)
2026-05-12,"Hoodie UST embro (V,G,Y,B) @1800",3,THREADMARKED (PAID)
2026-05-12,UST 3D Keychain,4,THREADMARKED (PAID)
2026-05-12,UST Keyboard Clicker (Fidget),12,THREADMARKED (PAID)
2026-05-12,Varsity Jacket Embro,1,THREADMARKED (PAID)
2026-05-12,Trucker Cap,1,TOP GUN PHILS. (PAID)
2026-05-12,5M Rotating Keychain,1,USTORE (PAID)
2026-05-12,Aquaflask,2,USTORE (PAID)
2026-05-12,Automatic Umbrella,5,USTORE (PAID)
2026-05-12,Button Pin (Big),1,USTORE (PAID)
2026-05-12,C. Keychain,1,USTORE (PAID)
2026-05-12,Chibi Stickers,1,USTORE (PAID)
2026-05-12,College Sticker @120,8,USTORE (PAID)
2026-05-12,Insignia Pen,3,USTORE (PAID)
2026-05-12,Lanyard @180,14,USTORE (PAID)
2026-05-12,MJ Charger,1,USTORE (PAID)
2026-05-12,MJ Sticker Medium,2,USTORE (PAID)
2026-05-12,MJ Sticker Small,2,USTORE (PAID)
2026-05-12,Notelet,4,USTORE (PAID)
2026-05-12,Tiger Plushie Small,2,USTORE (PAID)
2026-05-12,Tote Viva Santo Tomas,3,USTORE (PAID)
2026-05-12,Travel Mug,2,USTORE (PAID)
2026-05-12,USTORE Voucher (500),1,USTORE (PAID)
2026-05-12,Yellow Lanyard,1,USTORE (PAID)
2026-05-12,Lanyard,1,VARSITY LIFESTYLE (CONSIGNMENT)
2026-05-12,Long Sticker,2,VARSITY LIFESTYLE (CONSIGNMENT)
2026-05-12,New GT Shirts,1,VARSITY LIFESTYLE (CONSIGNMENT)
2026-05-12,USTWBT Championship Shirt 2025,1,VARSITY LIFESTYLE (CONSIGNMENT)
2026-05-12,VL Sticker Pack,16,VARSITY LIFESTYLE (CONSIGNMENT)
2026-05-12,"Y,B VL UST",1,VARSITY LIFESTYLE (CONSIGNMENT)
2026-05-13,Polo Shirt @800,1,BLAZE (CONSIGNMENT)
2026-05-13,Triple Black Embro,1,BLAZE (CONSIGNMENT)
2026-05-13,UST College ID Lace,13,JUC (CONSIGNMENT)
2026-05-13,"UST OAT MUG (Y,W,B)",12,JUC (CONSIGNMENT)
2026-05-13,UST T-Shirt Santo Tomas Shirt/UST T-Shirt Tiger Pattern/HAPPY/Script,4,JUC (CONSIGNMENT)
2026-05-13,UST T-Shirt Sporty,2,JUC (CONSIGNMENT)
2026-05-13,Cotton Black Jacket,1,JYL ATHLETICA (CONSIGNMENT)
2026-05-13,Cotton Brush Jacket,2,JYL ATHLETICA (CONSIGNMENT)
2026-05-13,Dri-Fit Golden Tigresses,5,JYL ATHLETICA (CONSIGNMENT)
2026-05-13,Poloshirt 123456 @860,1,JYL ATHLETICA (CONSIGNMENT)
2026-05-13,Poloshirt @800,7,JYL ATHLETICA (CONSIGNMENT)
2026-05-13,"QUIANA SUBLI SHIRT (B&Y), 2 TONED",2,JYL ATHLETICA (CONSIGNMENT)
2026-05-13,UST Logo Clicker,1,MADEBYRUZ CONSUMER GOODS TRADING (CONSIGNMENT)
2026-05-13,Hoodies Breaker,1,NAPOLIZ ENTERPRISES (CONSIGNMENT)
2026-05-13,S88 UAAP Poloshirt,1,SHIRT HAPPENS (CONSIGNMENT)
2026-05-13,Clock @700,1,STITCH CORP. (BLEEVES CONSIGNMENT)
2026-05-13,"Double Canopy (B,Y)",13,STITCH CORP. (BLEEVES CONSIGNMENT)
2026-05-13,Tiger w/ Box,3,STITCH CORP. (BLEEVES CONSIGNMENT)
2026-05-13,"Ballpen 3 Designs @50 (B,Y,W)",1,STITCH CORP. (PAID)
2026-05-13,Bamboo Notebook @150,3,STITCH CORP. (PAID)
2026-05-13,Bamboo Pen @60,2,STITCH CORP. (PAID)
2026-05-13,Corp Jacket V2,1,STITCH CORP. (PAID)
2026-05-13,Kraft Notebook @130,2,STITCH CORP. (PAID)
2026-05-13,Logo Keychain @200,4,TET AND DARS (PAID)
2026-05-13,Long Sticker @120,3,TET AND DARS (PAID)
2026-05-13,"Keep Growling OS (B,V)",1,THREADMARKED (CONSIGNMENT)
2026-05-13,"UST 1611 Embro Shirt (B,V)",5,THREADMARKED (CONSIGNMENT)
2026-05-13,"UST Embro OS (B,V)",1,THREADMARKED (CONSIGNMENT)
2026-05-13,UST Logo Embro Polo Shirt (XS-XL),2,THREADMARKED (CONSIGNMENT)
2026-05-13,"Hoodie UST embro (V,G,Y,B) @1800",2,THREADMARKED (PAID)
2026-05-13,UST 3D Keychain,1,THREADMARKED (PAID)
2026-05-13,UST Keyboard Clicker (Fidget),3,THREADMARKED (PAID)
2026-05-13,Ceramic Mug 18oz,2,TOP GUN PHILS. (PAID)
2026-05-13,5M Magnetic Pin,1,USTORE (PAID)
2026-05-13,5M Rotating Keychain,4,USTORE (PAID)
2026-05-13,Automatic Umbrella,14,USTORE (PAID)
2026-05-13,Black Eco Bag,9,USTORE (PAID)
2026-05-13,Button Pin (Big),3,USTORE (PAID)
2026-05-13,C. Keychain,1,USTORE (PAID)
2026-05-13,ID Case v2 @40,2,USTORE (PAID)
2026-05-13,Lanyard @180,11,USTORE (PAID)
2026-05-13,MJ Sticker Large,2,USTORE (PAID)
2026-05-13,MJ Sticker Medium,4,USTORE (PAID)
2026-05-13,MJ Sticker Small,5,USTORE (PAID)
2026-05-13,Thomasian Kit,4,USTORE (PAID)
2026-05-13,Tote Viva Santo Tomas,3,USTORE (PAID)
2026-05-13,Yellow Lanyard,4,USTORE (PAID)
2026-05-13,Lanyard,1,VARSITY LIFESTYLE (CONSIGNMENT)
2026-05-13,"Y,B VL UST",2,VARSITY LIFESTYLE (CONSIGNMENT)
2026-05-14,Woven Sling Bag (SMALL),2,"ASSOCIATION FOR THE EDUCATIONAL ASSISTANCE OF POOR SEMINARIANS, INC."
2026-05-14,Polo Shirt @800,1,BLAZE (CONSIGNMENT)
2026-05-14,Triple Black Embro,3,BLAZE (CONSIGNMENT)
2026-05-14,Shirts all @450 UPSIZE (5XL),2,JUC (CONSIGNMENT)
2026-05-14,UST College ID Lace,9,JUC (CONSIGNMENT)
2026-05-14,"UST OAT MUG (Y,W,B)",11,JUC (CONSIGNMENT)
2026-05-14,UST OAT T-Shirt Y/B/COLLEGE (XS-2XL),11,JUC (CONSIGNMENT)
2026-05-14,UST Sweatshirt Sporty,2,JUC (CONSIGNMENT)
2026-05-14,UST T-Shirt Santo Tomas Shirt/UST T-Shirt Tiger Pattern/HAPPY/Script,32,JUC (CONSIGNMENT)
2026-05-14,UST T-Shirt Sporty,9,JUC (CONSIGNMENT)
2026-05-14,"Baseball Shirt (Y,W)",1,JYL ATHLETICA (CONSIGNMENT)
2026-05-14,Corp Jacket V3,2,JYL ATHLETICA (CONSIGNMENT)
2026-05-14,Cotton Black Jacket,1,JYL ATHLETICA (CONSIGNMENT)
2026-05-14,Dri-Fit Golden Tigresses,7,JYL ATHLETICA (CONSIGNMENT)
2026-05-14,Jacket,1,JYL ATHLETICA (CONSIGNMENT)
2026-05-14,Jersey Short,1,JYL ATHLETICA (CONSIGNMENT)
2026-05-14,Poloshirt @800,3,JYL ATHLETICA (CONSIGNMENT)
2026-05-14,"QUIANA SUBLI SHIRT (B&Y), 2 TONED",6,JYL ATHLETICA (CONSIGNMENT)
2026-05-14,Tiger Paw Keychain @375,5,MADEBYRUZ CONSUMER GOODS TRADING (CONSIGNMENT)
2026-05-14,UST Logo Clicker,1,MADEBYRUZ CONSUMER GOODS TRADING (CONSIGNMENT)
2026-05-14,Baseball Cap METAL @380,2,STITCH CORP. (BLEEVES CONSIGNMENT)
2026-05-14,Tiger w/ Box,5,STITCH CORP. (BLEEVES CONSIGNMENT)
2026-05-14,"Ballpen 3 Designs @50 (B,Y,W)",11,STITCH CORP. (PAID)
2026-05-14,Bamboo Notebook @150,9,STITCH CORP. (PAID)
2026-05-14,Bamboo Pen @60,11,STITCH CORP. (PAID)
2026-05-14,Corp Jacket V2,4,STITCH CORP. (PAID)
2026-05-14,Arch @350,16,TET AND DARS (PAID)
2026-05-14,Logo Keychain @200,1,TET AND DARS (PAID)
2026-05-14,Logo Sticker @30,7,TET AND DARS (PAID)
2026-05-14,Long Sticker @120,1,TET AND DARS (PAID)
2026-05-14,"Go USTE (W,Y,B) @450",5,THREADMARKED (CONSIGNMENT)
2026-05-14,"Keep Growling OS (B,V)",1,THREADMARKED (CONSIGNMENT)
2026-05-14,"UST 1611 Embro Shirt (B,V)",1,THREADMARKED (CONSIGNMENT)
2026-05-14,"UST Embro OS (B,V)",1,THREADMARKED (CONSIGNMENT)
2026-05-14,UST Logo Embro Polo Shirt (XS-XL),1,THREADMARKED (CONSIGNMENT)
2026-05-14,"UST TIGERS Oversized shirt (V,B) @650",1,THREADMARKED (CONSIGNMENT)
2026-05-14,"Hoodie UST embro (V,G,Y,B) @1800",1,THREADMARKED (PAID)
2026-05-14,Two-toned windbreaker @1700,4,THREADMARKED (PAID)
2026-05-14,UST 3D Keychain,1,THREADMARKED (PAID)
2026-05-14,UST Keyboard Clicker (Fidget),7,THREADMARKED (PAID)
2026-05-14,Varsity Jacket Embro,2,THREADMARKED (PAID)
2026-05-14,5M Rotating Keychain,2,USTORE (PAID)
2026-05-14,Automatic Umbrella,6,USTORE (PAID)
2026-05-14,Black Eco Bag,5,USTORE (PAID)
2026-05-14,Blanca Pen,1,USTORE (PAID)
2026-05-14,C. Keychain,3,USTORE (PAID)
2026-05-14,Chibi Stickers,2,USTORE (PAID)
2026-05-14,College Sticker @120,1,USTORE (PAID)
2026-05-14,ID Case v2 @40,2,USTORE (PAID)
2026-05-14,Insignia Pen,1,USTORE (PAID)
2026-05-14,Lanyard @180,11,USTORE (PAID)
2026-05-14,MJ Sticker Large,5,USTORE (PAID)
2026-05-14,MJ Sticker Medium,2,USTORE (PAID)
2026-05-14,MJ Sticker Small,4,USTORE (PAID)
2026-05-14,Notelet,2,USTORE (PAID)
2026-05-14,Pencil,1,USTORE (PAID)
2026-05-14,Picasso Pen,1,USTORE (PAID)
2026-05-14,Powerbank,1,USTORE (PAID)
2026-05-14,Tiger Plushie Small,2,USTORE (PAID)
2026-05-14,Tote Viva Santo Tomas,3,USTORE (PAID)
2026-05-14,Travel Mug,5,USTORE (PAID)
2026-05-14,Utensils,10,USTORE (PAID)
2026-05-14,Yellow Lanyard,4,USTORE (PAID)
2026-05-14,Lanyard,2,VARSITY LIFESTYLE (CONSIGNMENT)
2026-05-14,New GT Shirts,4,VARSITY LIFESTYLE (CONSIGNMENT)
2026-05-14,VL Sticker Pack,1,VARSITY LIFESTYLE (CONSIGNMENT)
2026-05-14,"Y,B VL UST",2,VARSITY LIFESTYLE (CONSIGNMENT)
2026-05-15,"Ballpen 3 Designs @50 (B,Y,W)",11,STITCH CORP. (PAID)
2026-05-15,Corp Jacket V2,4,STITCH CORP. (PAID)
2026-05-15,Lanyard,1,VARSITY LIFESTYLE (CONSIGNMENT)
2026-05-15,"Y,B VL UST",4,VARSITY LIFESTYLE (CONSIGNMENT)
2026-05-16,Triple Black Embro,1,BLAZE (CONSIGNMENT)
2026-05-16,Shirts all @450 UPSIZE (5XL),1,JUC (CONSIGNMENT)
2026-05-16,UST College ID Lace,4,JUC (CONSIGNMENT)
2026-05-16,UST OAT T-Shirt Y/B/COLLEGE (XS-2XL),7,JUC (CONSIGNMENT)
2026-05-16,UST T-Shirt Santo Tomas Shirt/UST T-Shirt Tiger Pattern/HAPPY/Script,6,JUC (CONSIGNMENT)
2026-05-16,Dri-Fit Golden Tigresses,4,JYL ATHLETICA (CONSIGNMENT)
2026-05-16,Poloshirt @800,6,JYL ATHLETICA (CONSIGNMENT)
2026-05-16,Arch @350,4,TET AND DARS (PAID)
2026-05-16,Long Sticker @120,2,TET AND DARS (PAID)
2026-05-16,"Keep Growling OS (B,V)",1,THREADMARKED (CONSIGNMENT)
2026-05-16,"UST 1611 Embro Shirt (B,V)",4,THREADMARKED (CONSIGNMENT)
2026-05-16,"UST Embro OS (B,V)",4,THREADMARKED (CONSIGNMENT)
2026-05-16,UST Logo Embro Polo Shirt (2XL-3XL),2,THREADMARKED (CONSIGNMENT)
2026-05-16,"UST TIGERS Oversized shirt (V,B) @650",1,THREADMARKED (CONSIGNMENT)
2026-05-16,"Hoodie UST embro (V,G,Y,B) @1800",4,THREADMARKED (PAID)
2026-05-16,Two-toned windbreaker @1700,2,THREADMARKED (PAID)
2026-05-16,UST 3D Keychain,2,THREADMARKED (PAID)
2026-05-16,UST Keyboard Clicker (Fidget),2,THREADMARKED (PAID)
2026-05-16,Varsity Jacket Embro,1,THREADMARKED (PAID)
2026-05-16,5M Rotating Keychain,3,USTORE (PAID)
2026-05-16,Black Eco Bag,2,USTORE (PAID)
2026-05-16,Blanca Pen,1,USTORE (PAID)
2026-05-16,C. Keychain,2,USTORE (PAID)
2026-05-16,ID Case v2 @40,2,USTORE (PAID)
2026-05-16,Lanyard @180,7,USTORE (PAID)
2026-05-16,MJ Sticker Medium,2,USTORE (PAID)
2026-05-16,MJ Sticker Small,1,USTORE (PAID)
2026-05-16,Notelet,7,USTORE (PAID)
2026-05-16,Travel Mug,1,USTORE (PAID)
2026-05-16,Yellow Lanyard,2,USTORE (PAID)
2026-05-19,Triple Black Embro,1,BLAZE (CONSIGNMENT)
2026-05-19,UST College ID Lace,6,JUC (CONSIGNMENT)
2026-05-19,UST OAT Hoodie Jacket,2,JUC (CONSIGNMENT)
2026-05-19,"UST OAT MUG (Y,W,B)",6,JUC (CONSIGNMENT)
2026-05-19,UST OAT T-Shirt Y/B/COLLEGE (XS-2XL),1,JUC (CONSIGNMENT)
2026-05-19,UST Sweatshirt Sporty,2,JUC (CONSIGNMENT)
2026-05-19,UST T-Shirt Santo Tomas Shirt/UST T-Shirt Tiger Pattern/HAPPY/Script,7,JUC (CONSIGNMENT)
2026-05-19,UST T-Shirt Sporty,2,JUC (CONSIGNMENT)
2026-05-19,Cotton Black Jacket,1,JYL ATHLETICA (CONSIGNMENT)
2026-05-19,Dri-Fit Golden Tigresses,1,JYL ATHLETICA (CONSIGNMENT)
2026-05-19,Poloshirt @800,1,JYL ATHLETICA (CONSIGNMENT)
2026-05-19,"QUIANA SUBLI SHIRT (B&Y), 2 TONED",3,JYL ATHLETICA (CONSIGNMENT)
2026-05-19,Tiger Paw Keychain @375,1,MADEBYRUZ CONSUMER GOODS TRADING (CONSIGNMENT)
2026-05-19,S88 UAAP Poloshirt,1,SHIRT HAPPENS (CONSIGNMENT)
2026-05-19,Baseball Cap METAL @380,1,STITCH CORP. (BLEEVES CONSIGNMENT)
2026-05-19,"Double Canopy (B,Y)",1,STITCH CORP. (BLEEVES CONSIGNMENT)
2026-05-19,Tiger w/ Box,1,STITCH CORP. (BLEEVES CONSIGNMENT)
2026-05-19,"Ballpen 3 Designs @50 (B,Y,W)",47,STITCH CORP. (PAID)
2026-05-19,Bamboo Notebook @150,4,STITCH CORP. (PAID)
2026-05-19,Corp Jacket V2,4,STITCH CORP. (PAID)
2026-05-19,Kraft Notebook @130,3,STITCH CORP. (PAID)
2026-05-19,Arch @350,5,TET AND DARS (PAID)
2026-05-19,Logo Keychain @200,1,TET AND DARS (PAID)
2026-05-19,Logo Sticker @30,1,TET AND DARS (PAID)
2026-05-19,Long Sticker @120,1,TET AND DARS (PAID)
2026-05-19,"Go USTE (W,Y,B) @450",1,THREADMARKED (CONSIGNMENT)
2026-05-19,"Keep Growling OS (B,V)",3,THREADMARKED (CONSIGNMENT)
2026-05-19,"UST 1611 Embro Shirt (B,V)",4,THREADMARKED (CONSIGNMENT)
2026-05-19,"UST Embro OS (B,V)",1,THREADMARKED (CONSIGNMENT)
2026-05-19,UST Logo Embro Polo Shirt (XS-XL),1,THREADMARKED (CONSIGNMENT)
2026-05-19,"UST TIGERS Oversized shirt (V,B) @650",1,THREADMARKED (CONSIGNMENT)
2026-05-19,"Hoodie UST embro (V,G,Y,B) @1800",1,THREADMARKED (PAID)
2026-05-19,UST Keyboard Clicker (Fidget),13,THREADMARKED (PAID)
2026-05-19,Varsity Jacket Embro,1,THREADMARKED (PAID)
2026-05-19,5M Magnetic Pin,1,USTORE (PAID)
2026-05-19,Automatic Umbrella,1,USTORE (PAID)
2026-05-19,Black Eco Bag,2,USTORE (PAID)
2026-05-19,ID Case v2 @40,2,USTORE (PAID)
2026-05-19,Lanyard @180,6,USTORE (PAID)
2026-05-19,MJ Sticker Large,2,USTORE (PAID)
2026-05-19,Notelet,49,USTORE (PAID)
2026-05-19,Pencil,6,USTORE (PAID)
2026-05-19,Scarf @490,1,USTORE (PAID)
2026-05-19,Tiger Plushie Big,4,USTORE (PAID)
2026-05-19,Tiger Plushie Small,49,USTORE (PAID)
2026-05-19,Tote Viva Santo Tomas,1,USTORE (PAID)
2026-05-19,Travel Mug,3,USTORE (PAID)
2026-05-19,Yellow Lanyard,1,USTORE (PAID)
2026-05-19,Long Sticker,1,VARSITY LIFESTYLE (CONSIGNMENT)
2026-05-19,USTWBT Championship Shirt 2025,1,VARSITY LIFESTYLE (CONSIGNMENT)
2026-05-19,VL Sticker Pack,1,VARSITY LIFESTYLE (CONSIGNMENT)
2026-05-19,"Y,B VL UST",3,VARSITY LIFESTYLE (CONSIGNMENT)
2026-05-20,White Embro,1,BLAZE (CONSIGNMENT)
2026-05-20,UST College ID Lace,3,JUC (CONSIGNMENT)
2026-05-20,"UST OAT MUG (Y,W,B)",2,JUC (CONSIGNMENT)
2026-05-20,UST OAT T-Shirt Y/B/COLLEGE (XS-2XL),2,JUC (CONSIGNMENT)
2026-05-20,UST Sweatshirt Sporty,1,JUC (CONSIGNMENT)
2026-05-20,UST T-Shirt Santo Tomas Shirt/UST T-Shirt Tiger Pattern/HAPPY/Script,10,JUC (CONSIGNMENT)
2026-05-20,UST T-Shirt Sporty,4,JUC (CONSIGNMENT)
2026-05-20,"Baseball Shirt (Y,W)",1,JYL ATHLETICA (CONSIGNMENT)
2026-05-20,Dri-Fit Golden Tigresses,1,JYL ATHLETICA (CONSIGNMENT)
2026-05-20,Jacket,1,JYL ATHLETICA (CONSIGNMENT)
2026-05-20,Jersey Short,1,JYL ATHLETICA (CONSIGNMENT)
2026-05-20,Machete V2,1,JYL ATHLETICA (CONSIGNMENT)
2026-05-20,"QUIANA SUBLI SHIRT (B&Y), 2 TONED",2,JYL ATHLETICA (CONSIGNMENT)
2026-05-20,Tiger Claw,10,MADEBYRUZ CONSUMER GOODS TRADING (CONSIGNMENT)
2026-05-20,Tiger Paw Keychain @375,25,MADEBYRUZ CONSUMER GOODS TRADING (CONSIGNMENT)
2026-05-20,UST Arch Clicker,1,MADEBYRUZ CONSUMER GOODS TRADING (CONSIGNMENT)
2026-05-20,Hoodies Breaker,1,NAPOLIZ ENTERPRISES (CONSIGNMENT)
2026-05-20,"Double Canopy (B,Y)",4,STITCH CORP. (BLEEVES CONSIGNMENT)
2026-05-20,Tiger w/ Box,1,STITCH CORP. (BLEEVES CONSIGNMENT)
2026-05-20,Wearable Blanket,3,STITCH CORP. (BLEEVES CONSIGNMENT)
2026-05-20,"Ballpen 3 Designs @50 (B,Y,W)",1,STITCH CORP. (PAID)
2026-05-20,Bamboo Notebook @150,2,STITCH CORP. (PAID)
2026-05-20,Corp Jacket V2,2,STITCH CORP. (PAID)
2026-05-20,Kraft Notebook @130,110,STITCH CORP. (PAID)
2026-05-20,Arch @350,1,TET AND DARS (PAID)
2026-05-20,Logo Sticker @30,6,TET AND DARS (PAID)
2026-05-20,"UST 1611 Embro Shirt (B,V)",6,THREADMARKED (CONSIGNMENT)
2026-05-20,UST Logo Embro Polo Shirt (XS-XL),3,THREADMARKED (CONSIGNMENT)
2026-05-20,"Hoodie UST embro (V,G,Y,B) @1800",2,THREADMARKED (PAID)
2026-05-20,UST 3D Keychain,1,THREADMARKED (PAID)
2026-05-20,UST Keyboard Clicker (Fidget),4,THREADMARKED (PAID)
2026-05-20,Varsity Jacket Embro,1,THREADMARKED (PAID)
2026-05-20,5M Magnetic Pin,1,USTORE (PAID)
2026-05-20,5M Rotating Keychain,3,USTORE (PAID)
2026-05-20,Automatic Umbrella,1,USTORE (PAID)
2026-05-20,Black Eco Bag,34,USTORE (PAID)
2026-05-20,Blanca Pen,1,USTORE (PAID)
2026-05-20,Chibi Stickers,2,USTORE (PAID)
2026-05-20,College Sticker @120,2,USTORE (PAID)
2026-05-20,ID Case v2 @40,1,USTORE (PAID)
2026-05-20,Lanyard @180,6,USTORE (PAID)
2026-05-20,MJ Sticker Large,2,USTORE (PAID)
2026-05-20,MJ Sticker Medium,1,USTORE (PAID)
2026-05-20,MJ Sticker Small,8,USTORE (PAID)
2026-05-20,Notelet,1,USTORE (PAID)
2026-05-20,Tiger Plushie Small,11,USTORE (PAID)
2026-05-20,Tote Viva Santo Tomas,3,USTORE (PAID)
2026-05-20,Yellow Lanyard,2,USTORE (PAID)
2026-05-20,Lanyard,2,VARSITY LIFESTYLE (CONSIGNMENT)
2026-05-20,VL Sticker Pack,1,VARSITY LIFESTYLE (CONSIGNMENT)
2026-05-20,"Y,B VL UST",1,VARSITY LIFESTYLE (CONSIGNMENT)
2026-05-21,Polo Shirt @800,1,BLAZE (CONSIGNMENT)
2026-05-21,Triple Black Embro,4,BLAZE (CONSIGNMENT)
2026-05-21,Shirts all @450 UPSIZE (3XL-4XL),1,JUC (CONSIGNMENT)
2026-05-21,UST College ID Lace,2,JUC (CONSIGNMENT)
2026-05-21,UST OAT Hoodie Jacket,10,JUC (CONSIGNMENT)
2026-05-21,"UST OAT MUG (Y,W,B)",9,JUC (CONSIGNMENT)
2026-05-21,UST OAT T-Shirt Y/B/COLLEGE (XS-2XL),1,JUC (CONSIGNMENT)
2026-05-21,UST T-Shirt Santo Tomas Shirt/UST T-Shirt Tiger Pattern/HAPPY/Script,6,JUC (CONSIGNMENT)
2026-05-21,UST T-Shirt Sporty,1,JUC (CONSIGNMENT)
2026-05-21,Dri-Fit Golden Tigresses,1,JYL ATHLETICA (CONSIGNMENT)
2026-05-21,Jersey Short,1,JYL ATHLETICA (CONSIGNMENT)
2026-05-21,"QUIANA SUBLI SHIRT (B&Y), 2 TONED",1,JYL ATHLETICA (CONSIGNMENT)
2026-05-21,UST Arch Clicker,10,MADEBYRUZ CONSUMER GOODS TRADING (CONSIGNMENT)
2026-05-21,UST Logo Clicker,3,MADEBYRUZ CONSUMER GOODS TRADING (CONSIGNMENT)
2026-05-21,"Double Canopy (B,Y)",1,STITCH CORP. (BLEEVES CONSIGNMENT)
2026-05-21,Tiger w/ Box,2,STITCH CORP. (BLEEVES CONSIGNMENT)
2026-05-21,Bamboo Pen @60,1,STITCH CORP. (PAID)
2026-05-21,Arch @350,2,TET AND DARS (PAID)
2026-05-21,Long Sticker @120,1,TET AND DARS (PAID)
2026-05-21,"Go USTE (W,Y,B) @450",2,THREADMARKED (CONSIGNMENT)
2026-05-21,"UST 1611 Embro Shirt (B,V)",2,THREADMARKED (CONSIGNMENT)
2026-05-21,"UST Embro OS (B,V)",2,THREADMARKED (CONSIGNMENT)
2026-05-21,UST Logo Embro Polo Shirt (2XL-3XL),1,THREADMARKED (CONSIGNMENT)
2026-05-21,"Hoodie UST embro (V,G,Y,B) @1800",1,THREADMARKED (PAID)
2026-05-21,UST 3D Keychain,1,THREADMARKED (PAID)
2026-05-21,UST Keyboard Clicker (Fidget),14,THREADMARKED (PAID)
2026-05-21,Varsity Jacket Embro,1,THREADMARKED (PAID)
2026-05-21,Ceramic Mug 18oz,1,TOP GUN PHILS. (PAID)
2026-05-21,Aquaflask,1,USTORE (PAID)
2026-05-21,Automatic Umbrella,1,USTORE (PAID)
2026-05-21,Black Eco Bag,1,USTORE (PAID)
2026-05-21,C. Keychain,1,USTORE (PAID)
2026-05-21,College Sticker @120,2,USTORE (PAID)
2026-05-21,ID Case v2 @40,1,USTORE (PAID)
2026-05-21,Lanyard @180,10,USTORE (PAID)
2026-05-21,MJ Sticker Small,1,USTORE (PAID)
2026-05-21,Tote Viva Santo Tomas,1,USTORE (PAID)
2026-05-21,Yellow Lanyard,3,USTORE (PAID)
2026-05-21,Lanyard,2,VARSITY LIFESTYLE (CONSIGNMENT)
2026-05-21,Long Sticker,2,VARSITY LIFESTYLE (CONSIGNMENT)
2026-05-21,VL Keychain,3,VARSITY LIFESTYLE (CONSIGNMENT)
2026-05-23,Black w/ Yellow UST Embro,7,BLAZE (CONSIGNMENT)
2026-05-23,Triple Black Embro,3,BLAZE (CONSIGNMENT)
2026-05-23,White Embro,4,BLAZE (CONSIGNMENT)
2026-05-23,Shirts all @450 UPSIZE (3XL-4XL),1,JUC (CONSIGNMENT)
2026-05-23,Shirts all @450 UPSIZE (5XL),3,JUC (CONSIGNMENT)
2026-05-23,UST College ID Lace,38,JUC (CONSIGNMENT)
2026-05-23,UST OAT Hoodie Jacket,7,JUC (CONSIGNMENT)
2026-05-23,"UST OAT MUG (Y,W,B)",6,JUC (CONSIGNMENT)
2026-05-23,UST OAT T-Shirt Y/B/COLLEGE (XS-2XL),35,JUC (CONSIGNMENT)
2026-05-23,UST Sweatshirt Sporty,6,JUC (CONSIGNMENT)
2026-05-23,UST T-Shirt Santo Tomas Shirt/UST T-Shirt Tiger Pattern/HAPPY/Script,22,JUC (CONSIGNMENT)
2026-05-23,"Baseball Shirt (Y,W)",2,JYL ATHLETICA (CONSIGNMENT)
2026-05-23,Cotton Black Jacket,2,JYL ATHLETICA (CONSIGNMENT)
2026-05-23,Cotton Brush Jacket,4,JYL ATHLETICA (CONSIGNMENT)
2026-05-23,Dri-Fit Golden Tigresses,20,JYL ATHLETICA (CONSIGNMENT)
2026-05-23,Jersey Short,7,JYL ATHLETICA (CONSIGNMENT)
2026-05-23,Poloshirt @800,3,JYL ATHLETICA (CONSIGNMENT)
2026-05-23,"QUIANA SUBLI SHIRT (B&Y), 2 TONED",13,JYL ATHLETICA (CONSIGNMENT)
2026-05-23,Tiger Claw,1,MADEBYRUZ CONSUMER GOODS TRADING (CONSIGNMENT)
2026-05-23,Tiger Paw Keychain @375,16,MADEBYRUZ CONSUMER GOODS TRADING (CONSIGNMENT)
2026-05-23,UST Arch Clicker,4,MADEBYRUZ CONSUMER GOODS TRADING (CONSIGNMENT)
2026-05-23,Go Fight UST Shirt,3,SHIRT HAPPENS (CONSIGNMENT)
2026-05-23,S88 UAAP Poloshirt,1,SHIRT HAPPENS (CONSIGNMENT)
2026-05-23,Baseball Cap METAL @380,14,STITCH CORP. (BLEEVES CONSIGNMENT)
2026-05-23,"Double Canopy (B,Y)",1,STITCH CORP. (BLEEVES CONSIGNMENT)
2026-05-23,"Ballpen 3 Designs @50 (B,Y,W)",45,STITCH CORP. (PAID)
2026-05-23,Bamboo Notebook @150,1,STITCH CORP. (PAID)
2026-05-23,Bamboo Pen @60,10,STITCH CORP. (PAID)
2026-05-23,Corp Jacket V2,4,STITCH CORP. (PAID)
2026-05-23,Kraft Notebook @130,4,STITCH CORP. (PAID)
2026-05-23,Arch @350,2,TET AND DARS (PAID)
2026-05-23,Logo Keychain @200,1,TET AND DARS (PAID)
2026-05-23,Long Sticker @120,2,TET AND DARS (PAID)
2026-05-23,"Go USTE (W,Y,B) @450",4,THREADMARKED (CONSIGNMENT)
2026-05-23,"Keep Growling OS (B,V)",5,THREADMARKED (CONSIGNMENT)
2026-05-23,"UST 1611 Embro Shirt (B,V)",12,THREADMARKED (CONSIGNMENT)
2026-05-23,"UST Embro OS (B,V)",10,THREADMARKED (CONSIGNMENT)
2026-05-23,"UST TIGERS Oversized shirt (V,B) @650",2,THREADMARKED (CONSIGNMENT)
2026-05-23,"Hoodie UST embro (V,G,Y,B) @1800",3,THREADMARKED (PAID)
2026-05-23,Two-toned windbreaker @1700,1,THREADMARKED (PAID)
2026-05-23,UST 3D Keychain,42,THREADMARKED (PAID)
2026-05-23,UST Keyboard Clicker (Fidget),19,THREADMARKED (PAID)
2026-05-23,Varsity Jacket Embro,2,THREADMARKED (PAID)
2026-05-23,5M Magnetic Pin,1,USTORE (PAID)
2026-05-23,5M Rotating Keychain,25,USTORE (PAID)
2026-05-23,Aquaflask,2,USTORE (PAID)
2026-05-23,Automatic Umbrella,2,USTORE (PAID)
2026-05-23,Black Eco Bag,5,USTORE (PAID)
2026-05-23,Blanca Pen,2,USTORE (PAID)
2026-05-23,Button Pin (Big),30,USTORE (PAID)
2026-05-23,C. Keychain,11,USTORE (PAID)
2026-05-23,Chibi Stickers,3,USTORE (PAID)
2026-05-23,Clappers,4,USTORE (PAID)
2026-05-23,ID Case v2 @40,13,USTORE (PAID)
2026-05-23,Insignia Pen,2,USTORE (PAID)
2026-05-23,Lanyard @180,31,USTORE (PAID)
2026-05-23,MJ Sticker Large,14,USTORE (PAID)
2026-05-23,MJ Sticker Medium,21,USTORE (PAID)
2026-05-23,MJ Sticker Small,34,USTORE (PAID)
2026-05-23,Notelet,1,USTORE (PAID)
2026-05-23,Pencil,3,USTORE (PAID)
2026-05-23,Powerbank,1,USTORE (PAID)
2026-05-23,Scarf @490,2,USTORE (PAID)
2026-05-23,Tiger Plushie Small,2,USTORE (PAID)
2026-05-23,Tote Bag Canvas White @160,1,USTORE (PAID)
2026-05-23,Tote ONE FOR UST,3,USTORE (PAID)
2026-05-23,Tote Viva Santo Tomas,5,USTORE (PAID)
2026-05-23,Travel Mug,1,USTORE (PAID)
2026-05-23,Yellow Lanyard,57,USTORE (PAID)
2026-05-23,Yellow Notebook,11,USTORE (PAID)
2026-05-23,Lanyard,11,VARSITY LIFESTYLE (CONSIGNMENT)
2026-05-23,New GT Shirts,1,VARSITY LIFESTYLE (CONSIGNMENT)
2026-05-23,Sweatshirt (NEW),1,VARSITY LIFESTYLE (CONSIGNMENT)
2026-05-23,USTWBT Championship Shirt 2025,1,VARSITY LIFESTYLE (CONSIGNMENT)
2026-05-23,VL Keychain,6,VARSITY LIFESTYLE (CONSIGNMENT)
2026-05-23,"Y,B VL UST",16,VARSITY LIFESTYLE (CONSIGNMENT)
2026-05-28,Black w/ Yellow UST Embro,4,BLAZE (CONSIGNMENT)
2026-05-28,Polo Shirt @800,1,BLAZE (CONSIGNMENT)
2026-05-28,Triple Black Embro,1,BLAZE (CONSIGNMENT)
2026-05-28,White Embro,5,BLAZE (CONSIGNMENT)
2026-05-28,UST College ID Lace,24,JUC (CONSIGNMENT)
2026-05-28,UST OAT Hoodie Jacket,2,JUC (CONSIGNMENT)
2026-05-28,"UST OAT MUG (Y,W,B)",1,JUC (CONSIGNMENT)
2026-05-28,UST OAT T-Shirt Y/B/COLLEGE (XS-2XL),93,JUC (CONSIGNMENT)
2026-05-28,UST Sweatshirt Sporty,2,JUC (CONSIGNMENT)
2026-05-28,UST T-Shirt Santo Tomas Shirt/UST T-Shirt Tiger Pattern/HAPPY/Script,15,JUC (CONSIGNMENT)
2026-05-28,UST T-Shirt Sporty,3,JUC (CONSIGNMENT)
2026-05-28,"Baseball Shirt (Y,W)",2,JYL ATHLETICA (CONSIGNMENT)
2026-05-28,Cotton Black Jacket,4,JYL ATHLETICA (CONSIGNMENT)
2026-05-28,Cotton Gray Jacket,1,JYL ATHLETICA (CONSIGNMENT)
2026-05-28,Dri-Fit Golden Tigresses,2,JYL ATHLETICA (CONSIGNMENT)
2026-05-28,DRI-FIT NEW,3,JYL ATHLETICA (CONSIGNMENT)
2026-05-28,Jersey Short,1,JYL ATHLETICA (CONSIGNMENT)
2026-05-28,Machete V2,1,JYL ATHLETICA (CONSIGNMENT)
2026-05-28,"QUIANA SUBLI SHIRT (B&Y), 2 TONED",15,JYL ATHLETICA (CONSIGNMENT)
2026-05-28,Taslan NEW,1,JYL ATHLETICA (CONSIGNMENT)
2026-05-28,Hoodies Breaker,2,NAPOLIZ ENTERPRISES (CONSIGNMENT)
2026-05-28,S88 UAAP Poloshirt,1,SHIRT HAPPENS (CONSIGNMENT)
2026-05-28,Baseball Cap METAL @380,12,STITCH CORP. (BLEEVES CONSIGNMENT)
2026-05-28,"Double Canopy (B,Y)",1,STITCH CORP. (BLEEVES CONSIGNMENT)
2026-05-28,Tiger w/ Box,3,STITCH CORP. (BLEEVES CONSIGNMENT)
2026-05-28,Wearable Blanket,1,STITCH CORP. (BLEEVES CONSIGNMENT)
2026-05-28,"Ballpen 3 Designs @50 (B,Y,W)",24,STITCH CORP. (PAID)
2026-05-28,Bamboo Notebook @150,56,STITCH CORP. (PAID)
2026-05-28,Corp Jacket V2,4,STITCH CORP. (PAID)
2026-05-28,Kraft Notebook @130,34,STITCH CORP. (PAID)
2026-05-28,Arch @350,1,TET AND DARS (PAID)
2026-05-28,Long Sticker @120,1,TET AND DARS (PAID)
2026-05-28,"Go USTE (W,Y,B) @450",3,THREADMARKED (CONSIGNMENT)
2026-05-28,"UST 1611 Embro Shirt (B,V)",4,THREADMARKED (CONSIGNMENT)
2026-05-28,"UST Embro OS (B,V)",4,THREADMARKED (CONSIGNMENT)
2026-05-28,UST Logo Embro Polo Shirt (XS-XL),2,THREADMARKED (CONSIGNMENT)
2026-05-28,"UST TIGERS Oversized shirt (V,B) @650",1,THREADMARKED (CONSIGNMENT)
2026-05-28,"Hoodie UST embro (V,G,Y,B) @1800",6,THREADMARKED (PAID)
2026-05-28,Two-toned windbreaker @1700,3,THREADMARKED (PAID)
2026-05-28,UST 3D Keychain,8,THREADMARKED (PAID)
2026-05-28,UST Keyboard Clicker (Fidget),10,THREADMARKED (PAID)
2026-05-28,5M Magnetic Pin,3,USTORE (PAID)
2026-05-28,5M Rotating Keychain,8,USTORE (PAID)
2026-05-28,Aquaflask,1,USTORE (PAID)
2026-05-28,Automatic Umbrella,5,USTORE (PAID)
2026-05-28,Black Eco Bag,5,USTORE (PAID)
2026-05-28,Blanca Pen,5,USTORE (PAID)
2026-05-28,Button Pin (Big),1,USTORE (PAID)
2026-05-28,C. Keychain,8,USTORE (PAID)
2026-05-28,ID Case v2 @40,4,USTORE (PAID)
2026-05-28,Insignia Pen,1,USTORE (PAID)
2026-05-28,Lanyard @180,22,USTORE (PAID)
2026-05-28,MJ Sticker Large,4,USTORE (PAID)
2026-05-28,MJ Sticker Medium,5,USTORE (PAID)
2026-05-28,MJ Sticker Small,7,USTORE (PAID)
2026-05-28,Tiger Plushie Small,5,USTORE (PAID)
2026-05-28,Tote Bag Canvas White @160,94,USTORE (PAID)
2026-05-28,Tote Viva Santo Tomas,6,USTORE (PAID)
2026-05-28,Yellow Notebook,4,USTORE (PAID)
2026-05-28,Lanyard,2,VARSITY LIFESTYLE (CONSIGNMENT)
2026-05-28,New GT Shirts,2,VARSITY LIFESTYLE (CONSIGNMENT)
2026-05-28,VL Keychain,5,VARSITY LIFESTYLE (CONSIGNMENT)
2026-05-28,"Y,B VL UST",1,VARSITY LIFESTYLE (CONSIGNMENT)
2026-05-29,Black w/ Yellow UST Embro,1,BLAZE (CONSIGNMENT)
2026-05-29,Polo Shirt @800,1,BLAZE (CONSIGNMENT)
2026-05-29,Triple Black Embro,2,BLAZE (CONSIGNMENT)
2026-05-29,Shirts all @450 UPSIZE (3XL-4XL),2,JUC (CONSIGNMENT)
2026-05-29,Shirts all @450 UPSIZE (5XL),1,JUC (CONSIGNMENT)
2026-05-29,UST College ID Lace,9,JUC (CONSIGNMENT)
2026-05-29,UST OAT Hoodie Jacket,2,JUC (CONSIGNMENT)
2026-05-29,"UST OAT MUG (Y,W,B)",17,JUC (CONSIGNMENT)
2026-05-29,UST OAT T-Shirt Y/B/COLLEGE (XS-2XL),5,JUC (CONSIGNMENT)
2026-05-29,UST T-Shirt Santo Tomas Shirt/UST T-Shirt Tiger Pattern/HAPPY/Script,14,JUC (CONSIGNMENT)
2026-05-29,UST T-Shirt Sporty,4,JUC (CONSIGNMENT)
2026-05-29,Corp Jacket V3,2,JYL ATHLETICA (CONSIGNMENT)
2026-05-29,Dri-Fit Golden Tigresses,3,JYL ATHLETICA (CONSIGNMENT)
2026-05-29,Poloshirt 123456 @860,2,JYL ATHLETICA (CONSIGNMENT)
2026-05-29,Poloshirt @800,1,JYL ATHLETICA (CONSIGNMENT)
2026-05-29,"QUIANA SUBLI SHIRT (B&Y), 2 TONED",3,JYL ATHLETICA (CONSIGNMENT)
2026-05-29,Taslan NEW,1,JYL ATHLETICA (CONSIGNMENT)
2026-05-29,Tiger Paw Keychain @375,1,MADEBYRUZ CONSUMER GOODS TRADING (CONSIGNMENT)
2026-05-29,Go Fight UST Shirt,1,SHIRT HAPPENS (CONSIGNMENT)
2026-05-29,Baseball Cap METAL @380,2,STITCH CORP. (BLEEVES CONSIGNMENT)
2026-05-29,Clock @550,1,STITCH CORP. (BLEEVES CONSIGNMENT)
2026-05-29,"Double Canopy (B,Y)",10,STITCH CORP. (BLEEVES CONSIGNMENT)
2026-05-29,Tiger w/ Box,6,STITCH CORP. (BLEEVES CONSIGNMENT)
2026-05-29,"Ballpen 3 Designs @50 (B,Y,W)",18,STITCH CORP. (PAID)
2026-05-29,Bamboo Pen @60,2,STITCH CORP. (PAID)
2026-05-29,Corp Jacket V2,3,STITCH CORP. (PAID)
2026-05-29,Kraft Notebook @130,1,STITCH CORP. (PAID)
2026-05-29,Arch @350,1,TET AND DARS (PAID)
2026-05-29,Long Sticker @120,2,TET AND DARS (PAID)
2026-05-29,"Go USTE (W,Y,B) @450",3,THREADMARKED (CONSIGNMENT)
2026-05-29,"Keep Growling OS (B,V)",1,THREADMARKED (CONSIGNMENT)
2026-05-29,"UST 1611 Embro Shirt (B,V)",2,THREADMARKED (CONSIGNMENT)
2026-05-29,"UST Embro OS (B,V)",4,THREADMARKED (CONSIGNMENT)
2026-05-29,UST Logo Embro Polo Shirt (XS-XL),3,THREADMARKED (CONSIGNMENT)
2026-05-29,"UST TIGERS Oversized shirt (V,B) @650",2,THREADMARKED (CONSIGNMENT)
2026-05-29,"Hoodie UST embro (V,G,Y,B) @1800",3,THREADMARKED (PAID)
2026-05-29,Two-toned windbreaker @1700,1,THREADMARKED (PAID)
2026-05-29,UST 3D Keychain,1,THREADMARKED (PAID)
2026-05-29,UST Keyboard Clicker (Fidget),9,THREADMARKED (PAID)
2026-05-29,5M Magnetic Pin,1,USTORE (PAID)
2026-05-29,5M Rotating Keychain,6,USTORE (PAID)
2026-05-29,Automatic Umbrella,2,USTORE (PAID)
2026-05-29,Blanca Pen,1,USTORE (PAID)
2026-05-29,Button Pin (Big),1,USTORE (PAID)
2026-05-29,C. Keychain,11,USTORE (PAID)
2026-05-29,Chibi Stickers,1,USTORE (PAID)
2026-05-29,ID Case v2 @40,2,USTORE (PAID)
2026-05-29,Lanyard @180,13,USTORE (PAID)
2026-05-29,MJ Sticker Medium,4,USTORE (PAID)
2026-05-29,MJ Sticker Small,1,USTORE (PAID)
2026-05-29,Scarf @490,3,USTORE (PAID)
2026-05-29,Tiger Plushie Big,3,USTORE (PAID)
2026-05-29,Tiger Plushie Small,3,USTORE (PAID)
2026-05-29,Travel Mug,2,USTORE (PAID)
2026-05-29,Yellow Lanyard,8,USTORE (PAID)
2026-05-29,Yellow Notebook,14,USTORE (PAID)
2026-05-29,Lanyard,3,VARSITY LIFESTYLE (CONSIGNMENT)
2026-05-29,"Y,B VL UST",1,VARSITY LIFESTYLE (CONSIGNMENT)
2026-05-30,Black w/ Yellow UST Embro,1,BLAZE (CONSIGNMENT)
2026-05-30,Polo Shirt @800,2,BLAZE (CONSIGNMENT)
2026-05-30,Triple Black Embro,1,BLAZE (CONSIGNMENT)
2026-05-30,UST College ID Lace,9,JUC (CONSIGNMENT)
2026-05-30,UST OAT T-Shirt Y/B/COLLEGE (XS-2XL),16,JUC (CONSIGNMENT)
2026-05-30,UST Sweatshirt Sporty,1,JUC (CONSIGNMENT)
2026-05-30,UST T-Shirt Santo Tomas Shirt/UST T-Shirt Tiger Pattern/HAPPY/Script,25,JUC (CONSIGNMENT)
2026-05-30,UST T-Shirt Sporty,3,JUC (CONSIGNMENT)
2026-05-30,UST T-Shirt Sporty UPSIZE (3XL-5XL),1,JUC (CONSIGNMENT)
2026-05-30,"Baseball Shirt (Y,W)",1,JYL ATHLETICA (CONSIGNMENT)
2026-05-30,Corp Jacket,3,JYL ATHLETICA (CONSIGNMENT)
2026-05-30,Corp Jacket V3,1,JYL ATHLETICA (CONSIGNMENT)
2026-05-30,Cotton Black Jacket,7,JYL ATHLETICA (CONSIGNMENT)
2026-05-30,Cotton Brush Jacket,8,JYL ATHLETICA (CONSIGNMENT)
2026-05-30,Dri-Fit Golden Tigresses,28,JYL ATHLETICA (CONSIGNMENT)
2026-05-30,Jacket,11,JYL ATHLETICA (CONSIGNMENT)
2026-05-30,Jersey Short,3,JYL ATHLETICA (CONSIGNMENT)
2026-05-30,Poloshirt @800,2,JYL ATHLETICA (CONSIGNMENT)
2026-05-30,"QUIANA SUBLI SHIRT (B&Y), 2 TONED",5,JYL ATHLETICA (CONSIGNMENT)
2026-05-30,Taslan NEW,2,JYL ATHLETICA (CONSIGNMENT)
2026-05-30,Tiger Costume,2,MADEBYRUZ CONSUMER GOODS TRADING (CONSIGNMENT)
2026-05-30,Tiger Paw Keychain @375,1,MADEBYRUZ CONSUMER GOODS TRADING (CONSIGNMENT)
2026-05-30,Hoodies Breaker,1,NAPOLIZ ENTERPRISES (CONSIGNMENT)
2026-05-30,S88 UAAP Poloshirt,3,SHIRT HAPPENS (CONSIGNMENT)
2026-05-30,Baseball Cap METAL @380,1,STITCH CORP. (BLEEVES CONSIGNMENT)
2026-05-30,"Double Canopy (B,Y)",2,STITCH CORP. (BLEEVES CONSIGNMENT)
2026-05-30,Tiger w/ Box,3,STITCH CORP. (BLEEVES CONSIGNMENT)
2026-05-30,"Ballpen 3 Designs @50 (B,Y,W)",9,STITCH CORP. (PAID)
2026-05-30,Corp Jacket V2,17,STITCH CORP. (PAID)
2026-05-30,Arch @350,8,TET AND DARS (PAID)
2026-05-30,Logo Keychain @200,1,TET AND DARS (PAID)
2026-05-30,"Go USTE (W,Y,B) @450",5,THREADMARKED (CONSIGNMENT)
2026-05-30,"Keep Growling OS (B,V)",2,THREADMARKED (CONSIGNMENT)
2026-05-30,"UST 1611 Embro Shirt (B,V)",1,THREADMARKED (CONSIGNMENT)
2026-05-30,"UST Embro OS (B,V)",12,THREADMARKED (CONSIGNMENT)
2026-05-30,UST Logo Embro Polo Shirt (XS-XL),3,THREADMARKED (CONSIGNMENT)
2026-05-30,"UST TIGERS Oversized shirt (V,B) @650",7,THREADMARKED (CONSIGNMENT)
2026-05-30,"Hoodie UST embro (V,G,Y,B) @1800",4,THREADMARKED (PAID)
2026-05-30,Two-toned windbreaker @1700,1,THREADMARKED (PAID)
2026-05-30,UST 3D Keychain,1,THREADMARKED (PAID)
2026-05-30,UST Keyboard Clicker (Fidget),1,THREADMARKED (PAID)
2026-05-30,Varsity Jacket Embro,3,THREADMARKED (PAID)
2026-05-30,5M Magnetic Pin,4,USTORE (PAID)
2026-05-30,5M Rotating Keychain,3,USTORE (PAID)
2026-05-30,Blanca Pen,4,USTORE (PAID)
2026-05-30,C. Keychain,2,USTORE (PAID)
2026-05-30,College Sticker @120,1,USTORE (PAID)
2026-05-30,Lanyard @180,6,USTORE (PAID)
2026-05-30,MJ Sticker Large,1,USTORE (PAID)
2026-05-30,MJ Sticker Medium,2,USTORE (PAID)
2026-05-30,MJ Sticker Small,1,USTORE (PAID)
2026-05-30,Scarf @490,8,USTORE (PAID)
2026-05-30,Tiger Plushie Small,2,USTORE (PAID)
2026-05-30,Yellow Notebook,1,USTORE (PAID)
2026-05-30,Long Sticker,1,VARSITY LIFESTYLE (CONSIGNMENT)
2026-05-30,New GT Shirts,10,VARSITY LIFESTYLE (CONSIGNMENT)
2026-05-30,VL Keychain,39,VARSITY LIFESTYLE (CONSIGNMENT)
2026-05-30,VL Sticker Pack,1,VARSITY LIFESTYLE (CONSIGNMENT)
2026-05-30,"Y,B VL UST",5,VARSITY LIFESTYLE (CONSIGNMENT)
2026-06-01,Shirts all @450 UPSIZE (3XL-4XL),1,JUC (CONSIGNMENT)
2026-06-01,UST College ID Lace,19,JUC (CONSIGNMENT)
2026-06-01,UST OAT Hoodie Jacket,2,JUC (CONSIGNMENT)
2026-06-01,"UST OAT MUG (Y,W,B)",5,JUC (CONSIGNMENT)
2026-06-01,UST OAT T-Shirt Y/B/COLLEGE (XS-2XL),11,JUC (CONSIGNMENT)
2026-06-01,UST Sweatshirt Sporty,1,JUC (CONSIGNMENT)
2026-06-01,UST T-Shirt Santo Tomas Shirt/UST T-Shirt Tiger Pattern/HAPPY/Script,9,JUC (CONSIGNMENT)
2026-06-01,UST T-Shirt Sporty,3,JUC (CONSIGNMENT)
2026-06-01,Cotton Black Jacket,1,JYL ATHLETICA (CONSIGNMENT)
2026-06-01,Cotton Brush Jacket,4,JYL ATHLETICA (CONSIGNMENT)
2026-06-01,Dri-Fit Golden Tigresses,5,JYL ATHLETICA (CONSIGNMENT)
2026-06-01,DRI-FIT NEW,3,JYL ATHLETICA (CONSIGNMENT)
2026-06-01,Jacket,1,JYL ATHLETICA (CONSIGNMENT)
2026-06-01,Jersey Short,3,JYL ATHLETICA (CONSIGNMENT)
2026-06-01,"QUIANA SUBLI SHIRT (B&Y), 2 TONED",7,JYL ATHLETICA (CONSIGNMENT)
2026-06-01,Tiger Claw,1,MADEBYRUZ CONSUMER GOODS TRADING (CONSIGNMENT)
2026-06-01,Tiger Headband (2 Designs),1,MADEBYRUZ CONSUMER GOODS TRADING (CONSIGNMENT)
2026-06-01,Tiger Paw Keychain @375,18,MADEBYRUZ CONSUMER GOODS TRADING (CONSIGNMENT)
2026-06-01,UST Arch Clicker,2,MADEBYRUZ CONSUMER GOODS TRADING (CONSIGNMENT)
2026-06-01,Hoodies Breaker,1,NAPOLIZ ENTERPRISES (CONSIGNMENT)
2026-06-01,Go Fight UST Shirt,1,SHIRT HAPPENS (CONSIGNMENT)
2026-06-01,S88 UAAP Poloshirt,1,SHIRT HAPPENS (CONSIGNMENT)
2026-06-01,Baseball Cap METAL @380,2,STITCH CORP. (BLEEVES CONSIGNMENT)
2026-06-01,"Double Canopy (B,Y)",12,STITCH CORP. (BLEEVES CONSIGNMENT)
2026-06-01,Tiger w/ Box,26,STITCH CORP. (BLEEVES CONSIGNMENT)
2026-06-01,Wearable Blanket,2,STITCH CORP. (BLEEVES CONSIGNMENT)
2026-06-01,"Ballpen 3 Designs @50 (B,Y,W)",18,STITCH CORP. (PAID)
2026-06-01,Bamboo Notebook @150,1,STITCH CORP. (PAID)
2026-06-01,Corp Jacket V2,20,STITCH CORP. (PAID)
2026-06-01,Arch @350,10,TET AND DARS (PAID)
2026-06-01,Long Sticker @120,3,TET AND DARS (PAID)
2026-06-01,"Go USTE (W,Y,B) @450",2,THREADMARKED (CONSIGNMENT)
2026-06-01,"Keep Growling OS (B,V)",1,THREADMARKED (CONSIGNMENT)
2026-06-01,"UST 1611 Embro Shirt (B,V)",1,THREADMARKED (CONSIGNMENT)
2026-06-01,"UST Embro OS (B,V)",2,THREADMARKED (CONSIGNMENT)
2026-06-01,"Hoodie UST embro (V,G,Y,B) @1800",2,THREADMARKED (PAID)
2026-06-01,Two-toned windbreaker @1700,1,THREADMARKED (PAID)
2026-06-01,UST 3D Keychain,6,THREADMARKED (PAID)
2026-06-01,UST Keyboard Clicker (Fidget),19,THREADMARKED (PAID)
2026-06-01,Ceramic Mug 18oz,5,TOP GUN PHILS. (PAID)
2026-06-01,Trucker Cap,1,TOP GUN PHILS. (PAID)
2026-06-01,5M Magnetic Pin,2,USTORE (PAID)
2026-06-01,5M Rotating Keychain,7,USTORE (PAID)
2026-06-01,Aquaflask,3,USTORE (PAID)
2026-06-01,Automatic Umbrella,16,USTORE (PAID)
2026-06-01,B. Lanyard @180,33,USTORE (PAID)
2026-06-01,Black Eco Bag,30,USTORE (PAID)
2026-06-01,C. Keychain,4,USTORE (PAID)
2026-06-01,Chibi Stickers,4,USTORE (PAID)
2026-06-01,College Sticker @120,2,USTORE (PAID)
2026-06-01,ID Case v2 @40,7,USTORE (PAID)
2026-06-01,Insignia Pen,1,USTORE (PAID)
2026-06-01,MJ Sticker Large,6,USTORE (PAID)
2026-06-01,MJ Sticker Medium,5,USTORE (PAID)
2026-06-01,MJ Sticker Small,8,USTORE (PAID)
2026-06-01,Tiger Plushie Big V1,17,USTORE (PAID)
2026-06-01,Tiger Plushie Small V1,13,USTORE (PAID)
2026-06-01,Tote Viva Santo Tomas,4,USTORE (PAID)
2026-06-01,Travel Mug,1,USTORE (PAID)
2026-06-01,Utensils,3,USTORE (PAID)
2026-06-01,Yellow Lanyard,2,USTORE (PAID)
2026-06-01,Yellow Notebook,3,USTORE (PAID)
2026-06-01,Baller,2,VARSITY LIFESTYLE (CONSIGNMENT)
2026-06-01,Lanyard,2,VARSITY LIFESTYLE (CONSIGNMENT)
2026-06-01,New GT Shirts,2,VARSITY LIFESTYLE (CONSIGNMENT)
2026-06-01,VL Keychain,2,VARSITY LIFESTYLE (CONSIGNMENT)
2026-06-01,"Y,B VL UST",3,VARSITY LIFESTYLE (CONSIGNMENT)
2026-06-02,Black w/ Yellow UST Embro,26,BLAZE (CONSIGNMENT)
2026-06-02,Polo Shirt @800,1,BLAZE (CONSIGNMENT)
2026-06-02,Triple Black Embro,31,BLAZE (CONSIGNMENT)
2026-06-02,UST College ID Lace,6,JUC (CONSIGNMENT)
2026-06-02,UST OAT Hoodie Jacket,1,JUC (CONSIGNMENT)
2026-06-02,"UST OAT MUG (Y,W,B)",7,JUC (CONSIGNMENT)
2026-06-02,UST Sweatshirt Sporty,5,JUC (CONSIGNMENT)
2026-06-02,UST T-Shirt Santo Tomas Shirt/UST T-Shirt Tiger Pattern/HAPPY/Script,35,JUC (CONSIGNMENT)
2026-06-02,UST T-Shirt Sporty,4,JUC (CONSIGNMENT)
2026-06-02,Cotton Black Jacket,1,JYL ATHLETICA (CONSIGNMENT)
2026-06-02,Cotton Gray Jacket,1,JYL ATHLETICA (CONSIGNMENT)
2026-06-02,Dri-Fit Golden Tigresses,3,JYL ATHLETICA (CONSIGNMENT)
2026-06-02,Jersey Short,1,JYL ATHLETICA (CONSIGNMENT)
2026-06-02,Poloshirt @800,3,JYL ATHLETICA (CONSIGNMENT)
2026-06-02,"QUIANA SUBLI SHIRT (B&Y), 2 TONED",1,JYL ATHLETICA (CONSIGNMENT)
2026-06-02,Tiger Paw Keychain @375,6,MADEBYRUZ CONSUMER GOODS TRADING (CONSIGNMENT)
2026-06-02,Hoodies Breaker,3,NAPOLIZ ENTERPRISES (CONSIGNMENT)
2026-06-02,Baseball Cap METAL @380,1,STITCH CORP. (BLEEVES CONSIGNMENT)
2026-06-02,"Double Canopy (B,Y)",3,STITCH CORP. (BLEEVES CONSIGNMENT)
2026-06-02,"Ballpen 3 Designs @50 (B,Y,W)",8,STITCH CORP. (PAID)
2026-06-02,Bamboo Notebook @150,2,STITCH CORP. (PAID)
2026-06-02,Corp Jacket V2,4,STITCH CORP. (PAID)
2026-06-02,Kraft Notebook @130,2,STITCH CORP. (PAID)
2026-06-02,Arch @350,2,TET AND DARS (PAID)
2026-06-02,Long Sticker @120,1,TET AND DARS (PAID)
2026-06-02,"Keep Growling OS (B,V)",1,THREADMARKED (CONSIGNMENT)
2026-06-02,"UST 1611 Embro Shirt (B,V)",2,THREADMARKED (CONSIGNMENT)
2026-06-02,"Hoodie UST embro (V,G,Y,B) @1800",3,THREADMARKED (PAID)
2026-06-02,Two-toned windbreaker @1700,1,THREADMARKED (PAID)
2026-06-02,UST 3D Keychain,2,THREADMARKED (PAID)
2026-06-02,UST Keyboard Clicker (Fidget),7,THREADMARKED (PAID)
2026-06-02,Ceramic Mug 18oz,1,TOP GUN PHILS. (PAID)
2026-06-02,Trucker Cap,1,TOP GUN PHILS. (PAID)
2026-06-02,5M Rotating Keychain,3,USTORE (PAID)
2026-06-02,Automatic Umbrella,2,USTORE (PAID)
2026-06-02,B. Lanyard @180,3,USTORE (PAID)
2026-06-02,Black Eco Bag,11,USTORE (PAID)
2026-06-02,C. Keychain,8,USTORE (PAID)
2026-06-02,Chibi Stickers,1,USTORE (PAID)
2026-06-02,College Sticker @120,1,USTORE (PAID)
2026-06-02,Pencil,1,USTORE (PAID)
2026-06-02,Scarf @490,3,USTORE (PAID)
2026-06-02,Tiger Plushie Big V1,10,USTORE (PAID)
2026-06-02,Tiger Plushie Small V1,4,USTORE (PAID)
2026-06-02,Tote Bag Canvas White @160,1,USTORE (PAID)
2026-06-02,Travel Mug,3,USTORE (PAID)
2026-06-02,Yellow Lanyard,1,USTORE (PAID)
2026-06-02,Lanyard,1,VARSITY LIFESTYLE (CONSIGNMENT)
2026-06-02,New GT Shirts,1,VARSITY LIFESTYLE (CONSIGNMENT)
2026-06-02,VL Sticker Pack,3,VARSITY LIFESTYLE (CONSIGNMENT)
2026-06-02,"Y,B VL UST",2,VARSITY LIFESTYLE (CONSIGNMENT)
2026-06-03,Polo Shirt @800,1,BLAZE (CONSIGNMENT)
2026-06-03,Triple Black Embro,1,BLAZE (CONSIGNMENT)
2026-06-03,Triple White Embro,1,BLAZE (CONSIGNMENT)
2026-06-03,Shirts all @450 UPSIZE (3XL-4XL),2,JUC (CONSIGNMENT)
2026-06-03,UST College ID Lace,3,JUC (CONSIGNMENT)
2026-06-03,UST OAT Hoodie Jacket,6,JUC (CONSIGNMENT)
2026-06-03,"UST OAT MUG (Y,W,B)",13,JUC (CONSIGNMENT)
2026-06-03,UST OAT T-Shirt Y/B/COLLEGE (XS-2XL),4,JUC (CONSIGNMENT)
2026-06-03,UST Sweatshirt Sporty,1,JUC (CONSIGNMENT)
2026-06-03,UST T-Shirt Santo Tomas Shirt/UST T-Shirt Tiger Pattern/HAPPY/Script,13,JUC (CONSIGNMENT)
2026-06-03,Cotton Black Jacket,1,JYL ATHLETICA (CONSIGNMENT)
2026-06-03,Cotton Brush Jacket,1,JYL ATHLETICA (CONSIGNMENT)
2026-06-03,Machete V2,3,JYL ATHLETICA (CONSIGNMENT)
2026-06-03,Small Mystery Car,1,MADEBYRUZ CONSUMER GOODS TRADING (CONSIGNMENT)
2026-06-03,Tiger Paw Keychain @375,95,MADEBYRUZ CONSUMER GOODS TRADING (CONSIGNMENT)
2026-06-03,Hoodies Breaker,2,NAPOLIZ ENTERPRISES (CONSIGNMENT)
2026-06-03,Go Fight UST Shirt,1,SHIRT HAPPENS (CONSIGNMENT)
2026-06-03,S88 UAAP Poloshirt,1,SHIRT HAPPENS (CONSIGNMENT)
2026-06-03,"Double Canopy (B,Y)",4,STITCH CORP. (BLEEVES CONSIGNMENT)
2026-06-03,Tiger w/ Box,28,STITCH CORP. (BLEEVES CONSIGNMENT)
2026-06-03,"Ballpen 3 Designs @50 (B,Y,W)",3,STITCH CORP. (PAID)
2026-06-03,Bamboo Pen @60,1,STITCH CORP. (PAID)
2026-06-03,Corp Jacket V2,5,STITCH CORP. (PAID)
2026-06-03,Arch @350,20,TET AND DARS (PAID)
2026-06-03,Long Sticker @120,14,TET AND DARS (PAID)
2026-06-03,"Go USTE (W,Y,B) @450",2,THREADMARKED (CONSIGNMENT)
2026-06-03,"UST 1611 Embro Shirt (B,V)",6,THREADMARKED (CONSIGNMENT)
2026-06-03,"UST Embro OS (B,V)",8,THREADMARKED (CONSIGNMENT)
2026-06-03,UST Logo Embro Polo Shirt (XS-XL),2,THREADMARKED (CONSIGNMENT)
2026-06-03,"Hoodie UST embro (V,G,Y,B) @1800",4,THREADMARKED (PAID)
2026-06-03,Two-toned windbreaker @1700,1,THREADMARKED (PAID)
2026-06-03,UST 3D Keychain,2,THREADMARKED (PAID)
2026-06-03,UST Keyboard Clicker (Fidget),12,THREADMARKED (PAID)
2026-06-03,Varsity Jacket Embro,2,THREADMARKED (PAID)
2026-06-03,800ML Tumbler (MTA-T080) for Carbonated Drinks,1,TIGER FLASK
2026-06-03,Ceramic Mug 18oz,1,TOP GUN PHILS. (PAID)
2026-06-03,Trucker Cap,2,TOP GUN PHILS. (PAID)
2026-06-03,5M Rotating Keychain,8,USTORE (PAID)
2026-06-03,Automatic Umbrella,6,USTORE (PAID)
2026-06-03,B. Lanyard @180,14,USTORE (PAID)
2026-06-03,Black Eco Bag,30,USTORE (PAID)
2026-06-03,Blanca Pen,1,USTORE (PAID)
2026-06-03,C. Keychain,16,USTORE (PAID)
2026-06-03,Chibi Stickers,1,USTORE (PAID)
2026-06-03,ID Case v2 @40,3,USTORE (PAID)
2026-06-03,Insignia Pen,1,USTORE (PAID)
2026-06-03,MJ Sticker Large,5,USTORE (PAID)
2026-06-03,MJ Sticker Medium,2,USTORE (PAID)
2026-06-03,MJ Sticker Small,3,USTORE (PAID)
2026-06-03,Scarf @490,2,USTORE (PAID)
2026-06-03,Tiger Plushie Big V1,22,USTORE (PAID)
2026-06-03,Tiger Plushie Small V1,7,USTORE (PAID)
2026-06-03,Tote Viva Santo Tomas,2,USTORE (PAID)
2026-06-03,Travel Mug,2,USTORE (PAID)
2026-06-03,Yellow Lanyard,2,USTORE (PAID)
2026-06-03,Lanyard,1,VARSITY LIFESTYLE (CONSIGNMENT)
2026-06-03,Long Sticker,1,VARSITY LIFESTYLE (CONSIGNMENT)
2026-06-03,New GT Shirts,1,VARSITY LIFESTYLE (CONSIGNMENT)
2026-06-03,VL Sticker Pack,1,VARSITY LIFESTYLE (CONSIGNMENT)
2026-06-03,"Y,B VL UST",2,VARSITY LIFESTYLE (CONSIGNMENT)
2026-06-04,Woven Sling Bag (SMALL),1,"ASSOCIATION FOR THE EDUCATIONAL ASSISTANCE OF POOR SEMINARIANS, INC."
2026-06-04,Polo Shirt @800,3,BLAZE (CONSIGNMENT)
2026-06-04,Sci Totebag,171,COLLEGE OF SCIENCE AT 100
2026-06-04,UST College ID Lace,12,JUC (CONSIGNMENT)
2026-06-04,UST OAT Hoodie Jacket,1,JUC (CONSIGNMENT)
2026-06-04,"UST OAT MUG (Y,W,B)",7,JUC (CONSIGNMENT)
2026-06-04,UST OAT T-Shirt Y/B/COLLEGE (XS-2XL),3,JUC (CONSIGNMENT)
2026-06-04,UST T-Shirt Santo Tomas Shirt/UST T-Shirt Tiger Pattern/HAPPY/Script,5,JUC (CONSIGNMENT)
2026-06-04,UST T-Shirt Sporty,2,JUC (CONSIGNMENT)
2026-06-04,"Baseball Shirt (Y,W)",1,JYL ATHLETICA (CONSIGNMENT)
2026-06-04,Corp Jacket V3,1,JYL ATHLETICA (CONSIGNMENT)
2026-06-04,Cotton Brush Jacket,1,JYL ATHLETICA (CONSIGNMENT)
2026-06-04,Dri-Fit Golden Tigresses,3,JYL ATHLETICA (CONSIGNMENT)
2026-06-04,DRI-FIT NEW,2,JYL ATHLETICA (CONSIGNMENT)
2026-06-04,Jacket,1,JYL ATHLETICA (CONSIGNMENT)
2026-06-04,Jersey Short,2,JYL ATHLETICA (CONSIGNMENT)
2026-06-04,Poloshirt @800,2,JYL ATHLETICA (CONSIGNMENT)
2026-06-04,Tiger Costume,1,MADEBYRUZ CONSUMER GOODS TRADING (CONSIGNMENT)
2026-06-04,Tiger Paw Keychain @375,5,MADEBYRUZ CONSUMER GOODS TRADING (CONSIGNMENT)
2026-06-04,UST Arch Clicker,1,MADEBYRUZ CONSUMER GOODS TRADING (CONSIGNMENT)
2026-06-04,Hoodies Breaker,2,NAPOLIZ ENTERPRISES (CONSIGNMENT)
2026-06-04,S88 UAAP Poloshirt,1,SHIRT HAPPENS (CONSIGNMENT)
2026-06-04,Baseball Cap METAL @380,2,STITCH CORP. (BLEEVES CONSIGNMENT)
2026-06-04,"Double Canopy (B,Y)",2,STITCH CORP. (BLEEVES CONSIGNMENT)
2026-06-04,Tiger w/ Box,23,STITCH CORP. (BLEEVES CONSIGNMENT)
2026-06-04,"Ballpen 3 Designs @50 (B,Y,W)",5,STITCH CORP. (PAID)
2026-06-04,Corp Jacket V2,3,STITCH CORP. (PAID)
2026-06-04,Kraft Notebook @130,1,STITCH CORP. (PAID)
2026-06-04,Arch @350,4,TET AND DARS (PAID)
2026-06-04,Long Sticker @120,5,TET AND DARS (PAID)
2026-06-04,"Go USTE (W,Y,B) @450",6,THREADMARKED (CONSIGNMENT)
2026-06-04,"UST 1611 Embro Shirt (B,V)",3,THREADMARKED (CONSIGNMENT)
2026-06-04,"UST Embro OS (B,V)",4,THREADMARKED (CONSIGNMENT)
2026-06-04,Two-toned windbreaker @1700,1,THREADMARKED (PAID)
2026-06-04,UST 3D Keychain,1,THREADMARKED (PAID)
2026-06-04,UST Keyboard Clicker (Fidget),12,THREADMARKED (PAID)
2026-06-04,Trucker Cap,1,TOP GUN PHILS. (PAID)
2026-06-04,5M Magnetic Pin,1,USTORE (PAID)
2026-06-04,5M Rotating Keychain,4,USTORE (PAID)
2026-06-04,Aquaflask,1,USTORE (PAID)
2026-06-04,Automatic Umbrella,6,USTORE (PAID)
2026-06-04,B. Lanyard @180,7,USTORE (PAID)
2026-06-04,Black Eco Bag,14,USTORE (PAID)
2026-06-04,C. Keychain,11,USTORE (PAID)
2026-06-04,College Sticker @120,2,USTORE (PAID)
2026-06-04,ID Case v2 @40,2,USTORE (PAID)
2026-06-04,MJ Sticker Large,3,USTORE (PAID)
2026-06-04,Picasso Pen,2,USTORE (PAID)
2026-06-04,Scarf @490,1,USTORE (PAID)
2026-06-04,Tiger Plushie Big V1,13,USTORE (PAID)
2026-06-04,Tote Bag Canvas White @160,3,USTORE (PAID)
2026-06-04,Tote Viva Santo Tomas,2,USTORE (PAID)
2026-06-04,Yellow Notebook,2,USTORE (PAID)
2026-06-04,Lanyard,2,VARSITY LIFESTYLE (CONSIGNMENT)
2026-06-04,New GT Shirts,2,VARSITY LIFESTYLE (CONSIGNMENT)
2026-06-04,VL Sticker Pack,2,VARSITY LIFESTYLE (CONSIGNMENT)
2026-06-05,Black w/ Yellow UST Embro,1,BLAZE (CONSIGNMENT)
2026-06-05,Polo Shirt @800,3,BLAZE (CONSIGNMENT)
2026-06-05,Triple Black Embro,1,BLAZE (CONSIGNMENT)
2026-06-05,Sci Ballpen,2,COLLEGE OF SCIENCE AT 100
2026-06-05,Bomber Jacket,1,JUC (CONSIGNMENT)
2026-06-05,Shirts all @450 UPSIZE (3XL-4XL),1,JUC (CONSIGNMENT)
2026-06-05,UST College ID Lace,9,JUC (CONSIGNMENT)
2026-06-05,UST OAT Hoodie Jacket,5,JUC (CONSIGNMENT)
2026-06-05,"UST OAT MUG (Y,W,B)",24,JUC (CONSIGNMENT)
2026-06-05,UST OAT T-Shirt Y/B/COLLEGE (XS-2XL),13,JUC (CONSIGNMENT)
2026-06-05,UST Sweatshirt Sporty,6,JUC (CONSIGNMENT)
2026-06-05,UST T-Shirt Santo Tomas Shirt/UST T-Shirt Tiger Pattern/HAPPY/Script,22,JUC (CONSIGNMENT)
2026-06-05,UST T-Shirt Sporty,4,JUC (CONSIGNMENT)
2026-06-05,UST T-Shirt Sporty UPSIZE (3XL-5XL),2,JUC (CONSIGNMENT)
2026-06-05,Corp Jacket V3,3,JYL ATHLETICA (CONSIGNMENT)
2026-06-05,Cotton Black Jacket,2,JYL ATHLETICA (CONSIGNMENT)
2026-06-05,Cotton Brush Jacket,3,JYL ATHLETICA (CONSIGNMENT)
2026-06-05,Dri-Fit Golden Tigresses,8,JYL ATHLETICA (CONSIGNMENT)
2026-06-05,DRI-FIT NEW,1,JYL ATHLETICA (CONSIGNMENT)
2026-06-05,Jacket,1,JYL ATHLETICA (CONSIGNMENT)
2026-06-05,Machete V2,1,JYL ATHLETICA (CONSIGNMENT)
2026-06-05,Poloshirt @800,1,JYL ATHLETICA (CONSIGNMENT)
2026-06-05,"QUIANA SUBLI SHIRT (B&Y), 2 TONED",17,JYL ATHLETICA (CONSIGNMENT)
2026-06-05,Taslan NEW,1,JYL ATHLETICA (CONSIGNMENT)
2026-06-05,Tiger Claw,1,MADEBYRUZ CONSUMER GOODS TRADING (CONSIGNMENT)
2026-06-05,Tiger Headband (2 Designs),1,MADEBYRUZ CONSUMER GOODS TRADING (CONSIGNMENT)
2026-06-05,Tiger Paw Keychain @375,18,MADEBYRUZ CONSUMER GOODS TRADING (CONSIGNMENT)
2026-06-05,UST Arch Clicker,2,MADEBYRUZ CONSUMER GOODS TRADING (CONSIGNMENT)
2026-06-05,Hoodies Breaker,3,NAPOLIZ ENTERPRISES (CONSIGNMENT)
2026-06-05,Go Fight UST Shirt,2,SHIRT HAPPENS (CONSIGNMENT)
2026-06-05,S88 UAAP Poloshirt,1,SHIRT HAPPENS (CONSIGNMENT)
2026-06-05,Baseball Cap METAL @380,4,STITCH CORP. (BLEEVES CONSIGNMENT)
2026-06-05,Clock @700,1,STITCH CORP. (BLEEVES CONSIGNMENT)
2026-06-05,"Double Canopy (B,Y)",22,STITCH CORP. (BLEEVES CONSIGNMENT)
2026-06-05,Tiger w/ Box,76,STITCH CORP. (BLEEVES CONSIGNMENT)
2026-06-05,Wearable Blanket,1,STITCH CORP. (BLEEVES CONSIGNMENT)
2026-06-05,"Ballpen 3 Designs @50 (B,Y,W)",23,STITCH CORP. (PAID)
2026-06-05,Corp Jacket V2,10,STITCH CORP. (PAID)
2026-06-05,Arch @350,17,TET AND DARS (PAID)
2026-06-05,Long Sticker @120,12,TET AND DARS (PAID)
2026-06-05,"Go USTE (W,Y,B) @450",4,THREADMARKED (CONSIGNMENT)
2026-06-05,"UST 1611 Embro Shirt (B,V)",2,THREADMARKED (CONSIGNMENT)
2026-06-05,"UST Embro OS (B,V)",4,THREADMARKED (CONSIGNMENT)
2026-06-05,UST Logo Embro Polo Shirt (XS-XL),1,THREADMARKED (CONSIGNMENT)
2026-06-05,"Hoodie UST embro (V,G,Y,B) @1800",6,THREADMARKED (PAID)
2026-06-05,Two-toned windbreaker @1700,2,THREADMARKED (PAID)
2026-06-05,UST 3D Keychain,3,THREADMARKED (PAID)
2026-06-05,UST Keyboard Clicker (Fidget),15,THREADMARKED (PAID)
2026-06-05,Varsity Jacket Embro,1,THREADMARKED (PAID)
2026-06-05,Ceramic Mug 18oz,10,TOP GUN PHILS. (PAID)
2026-06-05,Trucker Cap,1,TOP GUN PHILS. (PAID)
2026-06-05,5M Magnetic Pin,1,USTORE (PAID)
2026-06-05,5M Rotating Keychain,17,USTORE (PAID)
2026-06-05,Aquaflask,6,USTORE (PAID)
2026-06-05,Automatic Umbrella,18,USTORE (PAID)
2026-06-05,B. Lanyard @180,9,USTORE (PAID)
2026-06-05,Black Eco Bag,66,USTORE (PAID)
2026-06-05,Button Pin (Big),3,USTORE (PAID)
2026-06-05,C. Keychain,9,USTORE (PAID)
2026-06-05,Chibi Stickers,3,USTORE (PAID)
2026-06-05,College Sticker @120,1,USTORE (PAID)
2026-06-05,Gemini Paper Bag Large,6,USTORE (PAID)
2026-06-05,Gemini Paper Bag Medium,1,USTORE (PAID)
2026-06-05,Gemini Paper Bag Small,3,USTORE (PAID)
2026-06-05,ID Case v2 @40,5,USTORE (PAID)
2026-06-05,Insignia Pen,3,USTORE (PAID)
2026-06-05,MJ Sticker Large,3,USTORE (PAID)
2026-06-05,MJ Sticker Medium,13,USTORE (PAID)
2026-06-05,MJ Sticker Small,16,USTORE (PAID)
2026-06-05,Scarf @490,4,USTORE (PAID)
2026-06-05,Tiger Plushie Big V1,28,USTORE (PAID)
2026-06-05,Tiger Plushie Small V1,9,USTORE (PAID)
2026-06-05,Tote Viva Santo Tomas,9,USTORE (PAID)
2026-06-05,Travel Mug,3,USTORE (PAID)
2026-06-05,Yellow Lanyard,4,USTORE (PAID)
2026-06-05,Lanyard,2,VARSITY LIFESTYLE (CONSIGNMENT)
2026-06-05,New GT Shirts,4,VARSITY LIFESTYLE (CONSIGNMENT)
2026-06-05,"Y,B VL UST",9,VARSITY LIFESTYLE (CONSIGNMENT)
2026-06-06,Triple Black Embro,1,BLAZE (CONSIGNMENT)
2026-06-06,UST College ID Lace,3,JUC (CONSIGNMENT)
2026-06-06,UST OAT Hoodie Jacket,1,JUC (CONSIGNMENT)
2026-06-06,"UST OAT MUG (Y,W,B)",18,JUC (CONSIGNMENT)
2026-06-06,UST OAT T-Shirt Y/B/COLLEGE (XS-2XL),13,JUC (CONSIGNMENT)
2026-06-06,UST Sweatshirt Sporty,2,JUC (CONSIGNMENT)
2026-06-06,UST T-Shirt Santo Tomas Shirt/UST T-Shirt Tiger Pattern/HAPPY/Script,17,JUC (CONSIGNMENT)
2026-06-06,UST T-Shirt Sporty,2,JUC (CONSIGNMENT)
2026-06-06,Corp Jacket V3,1,JYL ATHLETICA (CONSIGNMENT)
2026-06-06,Cotton Brush Jacket,1,JYL ATHLETICA (CONSIGNMENT)
2026-06-06,Cotton Gray Jacket,1,JYL ATHLETICA (CONSIGNMENT)
2026-06-06,DRI-FIT NEW,5,JYL ATHLETICA (CONSIGNMENT)
2026-06-06,Jacket,1,JYL ATHLETICA (CONSIGNMENT)
2026-06-06,Jersey Short,2,JYL ATHLETICA (CONSIGNMENT)
2026-06-06,"QUIANA SUBLI SHIRT (B&Y), 2 TONED",10,JYL ATHLETICA (CONSIGNMENT)
2026-06-06,Tiger Claw,1,MADEBYRUZ CONSUMER GOODS TRADING (CONSIGNMENT)
2026-06-06,Tiger Paw Keychain @375,9,MADEBYRUZ CONSUMER GOODS TRADING (CONSIGNMENT)
2026-06-06,UST Arch Clicker,1,MADEBYRUZ CONSUMER GOODS TRADING (CONSIGNMENT)
2026-06-06,Hoodies Breaker,1,NAPOLIZ ENTERPRISES (CONSIGNMENT)
2026-06-06,Baseball Cap METAL @380,1,STITCH CORP. (BLEEVES CONSIGNMENT)
2026-06-06,"Double Canopy (B,Y)",4,STITCH CORP. (BLEEVES CONSIGNMENT)
2026-06-06,Tiger w/ Box,25,STITCH CORP. (BLEEVES CONSIGNMENT)
2026-06-06,Wearable Blanket,1,STITCH CORP. (BLEEVES CONSIGNMENT)
2026-06-06,"Ballpen 3 Designs @50 (B,Y,W)",2,STITCH CORP. (PAID)
2026-06-06,Corp Jacket V2,3,STITCH CORP. (PAID)
2026-06-06,Arch @350,11,TET AND DARS (PAID)
2026-06-06,Long Sticker @120,4,TET AND DARS (PAID)
2026-06-06,"Go USTE (W,Y,B) @450",3,THREADMARKED (CONSIGNMENT)
2026-06-06,"UST Embro OS (B,V)",4,THREADMARKED (CONSIGNMENT)
2026-06-06,"UST TIGERS Oversized shirt (V,B) @650",3,THREADMARKED (CONSIGNMENT)
2026-06-06,"Hoodie UST embro (V,G,Y,B) @1800",5,THREADMARKED (PAID)
2026-06-06,Two-toned windbreaker @1700,1,THREADMARKED (PAID)
2026-06-06,UST 3D Keychain,3,THREADMARKED (PAID)
2026-06-06,UST Keyboard Clicker (Fidget),16,THREADMARKED (PAID)
2026-06-06,Ceramic Mug 18oz,3,TOP GUN PHILS. (PAID)
2026-06-06,Trucker Cap,1,TOP GUN PHILS. (PAID)
2026-06-06,5M Magnetic Pin,1,USTORE (PAID)
2026-06-06,5M Rotating Keychain,12,USTORE (PAID)
2026-06-06,Aquaflask,3,USTORE (PAID)
2026-06-06,Automatic Umbrella,3,USTORE (PAID)
2026-06-06,B. Lanyard @180,11,USTORE (PAID)
2026-06-06,Black Eco Bag,27,USTORE (PAID)
2026-06-06,C. Keychain,11,USTORE (PAID)
2026-06-06,Chibi Stickers,4,USTORE (PAID)
2026-06-06,Gemini Paper Bag Large,2,USTORE (PAID)
2026-06-06,MJ Sticker Large,3,USTORE (PAID)
2026-06-06,MJ Sticker Medium,3,USTORE (PAID)
2026-06-06,MJ Sticker Small,6,USTORE (PAID)
2026-06-06,Pencil,1,USTORE (PAID)
2026-06-06,Scarf @490,10,USTORE (PAID)
2026-06-06,Tiger Plushie Big V1,15,USTORE (PAID)
2026-06-06,Tiger Plushie Small V1,11,USTORE (PAID)
2026-06-06,Tote Bag Canvas White @160,2,USTORE (PAID)
2026-06-06,Tote Viva Santo Tomas,1,USTORE (PAID)
2026-06-06,Travel Mug,1,USTORE (PAID)
2026-06-06,Yellow Lanyard,3,USTORE (PAID)
2026-06-06,Long Sticker,2,VARSITY LIFESTYLE (CONSIGNMENT)
2026-06-06,New GT Shirts,1,VARSITY LIFESTYLE (CONSIGNMENT)
2026-06-06,VL Sticker Pack,1,VARSITY LIFESTYLE (CONSIGNMENT)
2026-06-06,"Y,B VL UST",1,VARSITY LIFESTYLE (CONSIGNMENT)
2026-06-08,Triple White Embro,2,BLAZE (CONSIGNMENT)
2026-06-08,Sci Ballpen,1,COLLEGE OF SCIENCE AT 100
2026-06-08,Sci Notebook,1,COLLEGE OF SCIENCE AT 100
2026-06-08,UST College ID Lace,10,JUC (CONSIGNMENT)
2026-06-08,UST OAT Hoodie Jacket,6,JUC (CONSIGNMENT)
2026-06-08,"UST OAT MUG (Y,W,B)",12,JUC (CONSIGNMENT)
2026-06-08,UST OAT T-Shirt Y/B/COLLEGE (XS-2XL),10,JUC (CONSIGNMENT)
2026-06-08,UST Sweatshirt Sporty,1,JUC (CONSIGNMENT)
2026-06-08,UST T-Shirt Santo Tomas Shirt/UST T-Shirt Tiger Pattern/HAPPY/Script,19,JUC (CONSIGNMENT)
2026-06-08,UST T-Shirt Sporty,3,JUC (CONSIGNMENT)
2026-06-08,"Baseball Shirt (Y,W)",1,JYL ATHLETICA (CONSIGNMENT)
2026-06-08,Corp Jacket,1,JYL ATHLETICA (CONSIGNMENT)
2026-06-08,Corp Jacket V3,2,JYL ATHLETICA (CONSIGNMENT)
2026-06-08,Cotton Black Jacket,2,JYL ATHLETICA (CONSIGNMENT)
2026-06-08,Cotton Brush Jacket,10,JYL ATHLETICA (CONSIGNMENT)
2026-06-08,Dri-Fit Golden Tigresses,5,JYL ATHLETICA (CONSIGNMENT)
2026-06-08,DRI-FIT NEW,1,JYL ATHLETICA (CONSIGNMENT)
2026-06-08,Poloshirt 123456 @860,1,JYL ATHLETICA (CONSIGNMENT)
2026-06-08,Poloshirt @800,1,JYL ATHLETICA (CONSIGNMENT)
2026-06-08,"QUIANA SUBLI SHIRT (B&Y), 2 TONED",6,JYL ATHLETICA (CONSIGNMENT)
2026-06-08,Tiger Headband (2 Designs),1,MADEBYRUZ CONSUMER GOODS TRADING (CONSIGNMENT)
2026-06-08,Tiger Paw Keychain @375,13,MADEBYRUZ CONSUMER GOODS TRADING (CONSIGNMENT)
2026-06-08,UST Arch Clicker,1,MADEBYRUZ CONSUMER GOODS TRADING (CONSIGNMENT)
2026-06-08,Hoodies Breaker,2,NAPOLIZ ENTERPRISES (CONSIGNMENT)
2026-06-08,S88 UAAP Poloshirt,1,SHIRT HAPPENS (CONSIGNMENT)
2026-06-08,Clock @550,1,STITCH CORP. (BLEEVES CONSIGNMENT)
2026-06-08,Clock @700,1,STITCH CORP. (BLEEVES CONSIGNMENT)
2026-06-08,"Double Canopy (B,Y)",11,STITCH CORP. (BLEEVES CONSIGNMENT)
2026-06-08,Tiger w/ Box,37,STITCH CORP. (BLEEVES CONSIGNMENT)
2026-06-08,Wearable Blanket,1,STITCH CORP. (BLEEVES CONSIGNMENT)
2026-06-08,"Ballpen 3 Designs @50 (B,Y,W)",12,STITCH CORP. (PAID)
2026-06-08,Corp Jacket V2,4,STITCH CORP. (PAID)
2026-06-08,Arch @350,21,TET AND DARS (PAID)
2026-06-08,Long Sticker @120,5,TET AND DARS (PAID)
2026-06-08,"Go USTE (W,Y,B) @450",5,THREADMARKED (CONSIGNMENT)
2026-06-08,"UST 1611 Embro Shirt (B,V)",1,THREADMARKED (CONSIGNMENT)
2026-06-08,"UST Embro OS (B,V)",9,THREADMARKED (CONSIGNMENT)
2026-06-08,UST Logo Embro Polo Shirt (2XL-3XL),1,THREADMARKED (CONSIGNMENT)
2026-06-08,UST Logo Embro Polo Shirt (XS-XL),1,THREADMARKED (CONSIGNMENT)
2026-06-08,"UST TIGERS Oversized shirt (V,B) @650",2,THREADMARKED (CONSIGNMENT)
2026-06-08,UST 3D Keychain,3,THREADMARKED (PAID)
2026-06-08,UST Keyboard Clicker (Fidget),18,THREADMARKED (PAID)
2026-06-08,Ceramic Mug 18oz,6,TOP GUN PHILS. (PAID)
2026-06-08,Trucker Cap,1,TOP GUN PHILS. (PAID)
2026-06-08,5M Magnetic Pin,3,USTORE (PAID)
2026-06-08,5M Rotating Keychain,12,USTORE (PAID)
2026-06-08,Aquaflask,4,USTORE (PAID)
2026-06-08,Automatic Umbrella,5,USTORE (PAID)
2026-06-08,B. Lanyard @180,29,USTORE (PAID)
2026-06-08,Black Eco Bag,33,USTORE (PAID)
2026-06-08,C. Keychain,20,USTORE (PAID)
2026-06-08,Chibi Stickers,1,USTORE (PAID)
2026-06-08,Clappers,1,USTORE (PAID)
2026-06-08,College Sticker @120,1,USTORE (PAID)
2026-06-08,Gemini Paper Bag Small,1,USTORE (PAID)
2026-06-08,ID Case v2 @40,4,USTORE (PAID)
2026-06-08,Insignia Pen,2,USTORE (PAID)
2026-06-08,MJ Sticker Large,6,USTORE (PAID)
2026-06-08,MJ Sticker Medium,4,USTORE (PAID)
2026-06-08,MJ Sticker Small,6,USTORE (PAID)
2026-06-08,Scarf @490,3,USTORE (PAID)
2026-06-08,Tiger Plushie Big V1,18,USTORE (PAID)
2026-06-08,Tiger Plushie Small V1,13,USTORE (PAID)
2026-06-08,Tote Bag Canvas White @160,1,USTORE (PAID)
2026-06-08,Tote Viva Santo Tomas,2,USTORE (PAID)
2026-06-08,Travel Mug,3,USTORE (PAID)
2026-06-08,Yellow Lanyard,2,USTORE (PAID)
2026-06-08,Lanyard,1,VARSITY LIFESTYLE (CONSIGNMENT)
2026-06-08,VL Keychain,1,VARSITY LIFESTYLE (CONSIGNMENT)
2026-06-08,VL Sticker Pack,5,VARSITY LIFESTYLE (CONSIGNMENT)
2026-06-08,"Y,B VL UST",2,VARSITY LIFESTYLE (CONSIGNMENT)
2026-06-09,Black w/ Yellow UST Embro,1,BLAZE (CONSIGNMENT)
2026-06-09,Polo Shirt @800,1,BLAZE (CONSIGNMENT)
2026-06-09,Sci Notebook,1,COLLEGE OF SCIENCE AT 100
2026-06-09,UST College ID Lace,9,JUC (CONSIGNMENT)
2026-06-09,UST OAT Hoodie Jacket,1,JUC (CONSIGNMENT)
2026-06-09,"UST OAT MUG (Y,W,B)",11,JUC (CONSIGNMENT)
2026-06-09,UST OAT T-Shirt Y/B/COLLEGE (XS-2XL),3,JUC (CONSIGNMENT)
2026-06-09,UST Sweatshirt Sporty,1,JUC (CONSIGNMENT)
2026-06-09,UST T-Shirt Santo Tomas Shirt/UST T-Shirt Tiger Pattern/HAPPY/Script,12,JUC (CONSIGNMENT)
2026-06-09,UST T-Shirt Sporty,6,JUC (CONSIGNMENT)
2026-06-09,Cotton Brush Jacket,2,JYL ATHLETICA (CONSIGNMENT)
2026-06-09,Dri-Fit Golden Tigresses,1,JYL ATHLETICA (CONSIGNMENT)
2026-06-09,Jacket,1,JYL ATHLETICA (CONSIGNMENT)
2026-06-09,"QUIANA SUBLI SHIRT (B&Y), 2 TONED",9,JYL ATHLETICA (CONSIGNMENT)
2026-06-09,Tiger Paw Keychain @375,3,MADEBYRUZ CONSUMER GOODS TRADING (CONSIGNMENT)
2026-06-09,S88 UAAP Poloshirt,1,SHIRT HAPPENS (CONSIGNMENT)
2026-06-09,Baseball Cap METAL @380,1,STITCH CORP. (BLEEVES CONSIGNMENT)
2026-06-09,"Double Canopy (B,Y)",1,STITCH CORP. (BLEEVES CONSIGNMENT)
2026-06-09,"Ballpen 3 Designs @50 (B,Y,W)",6,STITCH CORP. (PAID)
2026-06-09,Corp Jacket V2,5,STITCH CORP. (PAID)
2026-06-09,Kraft Notebook @130,1,STITCH CORP. (PAID)
2026-06-09,Arch @350,4,TET AND DARS (PAID)
2026-06-09,Long Sticker @120,4,TET AND DARS (PAID)
2026-06-09,"Go USTE (W,Y,B) @450",1,THREADMARKED (CONSIGNMENT)
2026-06-09,"UST 1611 Embro Shirt (B,V)",1,THREADMARKED (CONSIGNMENT)
2026-06-09,"UST Embro OS (B,V)",1,THREADMARKED (CONSIGNMENT)
2026-06-09,"Hoodie UST embro (V,G,Y,B) @1800",1,THREADMARKED (PAID)
2026-06-09,UST 3D Keychain,12,THREADMARKED (PAID)
2026-06-09,UST Keyboard Clicker (Fidget),6,THREADMARKED (PAID)
2026-06-09,Ceramic Mug 18oz,1,TOP GUN PHILS. (PAID)
2026-06-09,5M Magnetic Pin,3,USTORE (PAID)
2026-06-09,5M Rotating Keychain,7,USTORE (PAID)
2026-06-09,Automatic Umbrella,2,USTORE (PAID)
2026-06-09,B. Lanyard @180,16,USTORE (PAID)
2026-06-09,Black Eco Bag,4,USTORE (PAID)
2026-06-09,C. Keychain,7,USTORE (PAID)
2026-06-09,Chibi Stickers,1,USTORE (PAID)
2026-06-09,College Sticker @120,2,USTORE (PAID)
2026-06-09,Gemini Paper Bag Small,1,USTORE (PAID)
2026-06-09,ID Case v2 @40,4,USTORE (PAID)
2026-06-09,MJ Sticker Large,1,USTORE (PAID)
2026-06-09,MJ Sticker Medium,3,USTORE (PAID)
2026-06-09,MJ Sticker Small,2,USTORE (PAID)
2026-06-09,Tiger Plushie Big V1,1,USTORE (PAID)
2026-06-09,Tote Bag Canvas White @160,1,USTORE (PAID)
2026-06-09,Tote Viva Santo Tomas,2,USTORE (PAID)
2026-06-09,Travel Mug,2,USTORE (PAID)
2026-06-09,Yellow Lanyard,4,USTORE (PAID)
2026-06-09,Lanyard,2,VARSITY LIFESTYLE (CONSIGNMENT)
2026-06-09,Long Sticker,9,VARSITY LIFESTYLE (CONSIGNMENT)
2026-06-09,VL Keychain,15,VARSITY LIFESTYLE (CONSIGNMENT)
2026-06-09,VL Sticker Pack,1,VARSITY LIFESTYLE (CONSIGNMENT)
2026-06-09,"Y,B VL UST",2,VARSITY LIFESTYLE (CONSIGNMENT)
2026-06-10,Triple Black Embro,1,BLAZE (CONSIGNMENT)
2026-06-10,Triple White Embro,4,BLAZE (CONSIGNMENT)
2026-06-10,UST College ID Lace,9,JUC (CONSIGNMENT)
2026-06-10,UST OAT Hoodie Jacket,1,JUC (CONSIGNMENT)
2026-06-10,"UST OAT MUG (Y,W,B)",4,JUC (CONSIGNMENT)
2026-06-10,UST OAT T-Shirt Y/B/COLLEGE (XS-2XL),4,JUC (CONSIGNMENT)
2026-06-10,UST Sweatshirt Sporty,1,JUC (CONSIGNMENT)
2026-06-10,UST T-Shirt Santo Tomas Shirt/UST T-Shirt Tiger Pattern/HAPPY/Script,12,JUC (CONSIGNMENT)
2026-06-10,UST T-Shirt Sporty,1,JUC (CONSIGNMENT)
2026-06-10,Corp Jacket V3,1,JYL ATHLETICA (CONSIGNMENT)
2026-06-10,DRI-FIT NEW,4,JYL ATHLETICA (CONSIGNMENT)
2026-06-10,"QUIANA SUBLI SHIRT (B&Y), 2 TONED",5,JYL ATHLETICA (CONSIGNMENT)
2026-06-10,Tiger Claw,2,MADEBYRUZ CONSUMER GOODS TRADING (CONSIGNMENT)
2026-06-10,Tiger Headband (2 Designs),1,MADEBYRUZ CONSUMER GOODS TRADING (CONSIGNMENT)
2026-06-10,Tiger Paw Keychain @375,4,MADEBYRUZ CONSUMER GOODS TRADING (CONSIGNMENT)
2026-06-10,Clock @700,50,STITCH CORP. (BLEEVES CONSIGNMENT)
2026-06-10,"Double Canopy (B,Y)",6,STITCH CORP. (BLEEVES CONSIGNMENT)
2026-06-10,Tiger w/ Box,1,STITCH CORP. (BLEEVES CONSIGNMENT)
2026-06-10,Wearable Blanket,3,STITCH CORP. (BLEEVES CONSIGNMENT)
2026-06-10,Corp Jacket V2,7,STITCH CORP. (PAID)
2026-06-10,Arch @350,8,TET AND DARS (PAID)
2026-06-10,"Go USTE (W,Y,B) @450",1,THREADMARKED (CONSIGNMENT)
2026-06-10,"UST 1611 Embro Shirt (B,V)",4,THREADMARKED (CONSIGNMENT)
2026-06-10,"UST Embro OS (B,V)",1,THREADMARKED (CONSIGNMENT)
2026-06-10,"UST TIGERS Oversized shirt (V,B) @650",1,THREADMARKED (CONSIGNMENT)
2026-06-10,"Hoodie UST embro (V,G,Y,B) @1800",3,THREADMARKED (PAID)
2026-06-10,Two-toned windbreaker @1700,1,THREADMARKED (PAID)
2026-06-10,UST 3D Keychain,1,THREADMARKED (PAID)
2026-06-10,UST Keyboard Clicker (Fidget),5,THREADMARKED (PAID)
2026-06-10,Ceramic Mug 18oz,2,TOP GUN PHILS. (PAID)
2026-06-10,Trucker Cap,1,TOP GUN PHILS. (PAID)
2026-06-10,5M Rotating Keychain,5,USTORE (PAID)
2026-06-10,Aquaflask,1,USTORE (PAID)
2026-06-10,Automatic Umbrella,1,USTORE (PAID)
2026-06-10,B. Lanyard @180,9,USTORE (PAID)
2026-06-10,Black Eco Bag,16,USTORE (PAID)
2026-06-10,C. Keychain,3,USTORE (PAID)
2026-06-10,Gemini Paper Bag Large,1,USTORE (PAID)
2026-06-10,Gemini Paper Bag Medium,1,USTORE (PAID)
2026-06-10,Gemini Paper Bag Small,1,USTORE (PAID)
2026-06-10,ID Case v2 @40,3,USTORE (PAID)
2026-06-10,MJ Sticker Large,2,USTORE (PAID)
2026-06-10,MJ Sticker Medium,2,USTORE (PAID)
2026-06-10,MJ Sticker Small,1,USTORE (PAID)
2026-06-10,Pencil,1,USTORE (PAID)
2026-06-10,Stainless Eco Tumbler,1,USTORE (PAID)
2026-06-10,Tiger Plushie Big V1,35,USTORE (PAID)
2026-06-10,Tiger Plushie Small V1,12,USTORE (PAID)
2026-06-10,Tote Viva Santo Tomas,3,USTORE (PAID)
2026-06-10,Travel Mug,1,USTORE (PAID)
2026-06-10,Yellow Notebook,60,USTORE (PAID)
2026-06-10,Scarves,1,VARSITY LIFESTYLE (CONSIGNMENT)
2026-06-10,USTWBT Championship Shirt 2025,1,VARSITY LIFESTYLE (CONSIGNMENT)
2026-06-10,VL Sticker Pack,1,VARSITY LIFESTYLE (CONSIGNMENT)
2026-06-10,"Y,B VL UST",7,VARSITY LIFESTYLE (CONSIGNMENT)
2026-06-11,Black w/ Yellow UST Embro,1,BLAZE (CONSIGNMENT)
2026-06-11,Triple White Embro,5,BLAZE (CONSIGNMENT)
2026-06-11,Shirts all @450 UPSIZE (3XL-4XL),2,JUC (CONSIGNMENT)
2026-06-11,Shirts all @450 UPSIZE (5XL),1,JUC (CONSIGNMENT)
2026-06-11,UST College ID Lace,7,JUC (CONSIGNMENT)
2026-06-11,UST OAT Hoodie Jacket,1,JUC (CONSIGNMENT)
2026-06-11,"UST OAT MUG (Y,W,B)",15,JUC (CONSIGNMENT)
2026-06-11,UST OAT T-Shirt Y/B/COLLEGE (XS-2XL),3,JUC (CONSIGNMENT)
2026-06-11,UST Sweatshirt Sporty,2,JUC (CONSIGNMENT)
2026-06-11,UST T-Shirt Santo Tomas Shirt/UST T-Shirt Tiger Pattern/HAPPY/Script,12,JUC (CONSIGNMENT)
2026-06-11,UST T-Shirt Sporty UPSIZE (3XL-5XL),3,JUC (CONSIGNMENT)
2026-06-11,Corp Jacket V3,1,JYL ATHLETICA (CONSIGNMENT)
2026-06-11,Cotton Brush Jacket,4,JYL ATHLETICA (CONSIGNMENT)
2026-06-11,DRI-FIT NEW,1,JYL ATHLETICA (CONSIGNMENT)
2026-06-11,Jacket,1,JYL ATHLETICA (CONSIGNMENT)
2026-06-11,Poloshirt @800,2,JYL ATHLETICA (CONSIGNMENT)
2026-06-11,"QUIANA SUBLI SHIRT (B&Y), 2 TONED",5,JYL ATHLETICA (CONSIGNMENT)
2026-06-11,Taslan NEW,1,JYL ATHLETICA (CONSIGNMENT)
2026-06-11,Small Mystery Car,1,MADEBYRUZ CONSUMER GOODS TRADING (CONSIGNMENT)
2026-06-11,Tiger Headband (2 Designs),1,MADEBYRUZ CONSUMER GOODS TRADING (CONSIGNMENT)
2026-06-11,Tiger Paw Keychain @375,13,MADEBYRUZ CONSUMER GOODS TRADING (CONSIGNMENT)
2026-06-11,Clock @700,1,STITCH CORP. (BLEEVES CONSIGNMENT)
2026-06-11,"Double Canopy (B,Y)",7,STITCH CORP. (BLEEVES CONSIGNMENT)
2026-06-11,"Ballpen 3 Designs @50 (B,Y,W)",15,STITCH CORP. (PAID)
2026-06-11,Corp Jacket V2,4,STITCH CORP. (PAID)
2026-06-11,Kraft Notebook @130,3,STITCH CORP. (PAID)
2026-06-11,Arch @350,11,TET AND DARS (PAID)
2026-06-11,Long Sticker @120,1,TET AND DARS (PAID)
2026-06-11,"Go USTE (W,Y,B) @450",2,THREADMARKED (CONSIGNMENT)
2026-06-11,"UST 1611 Embro Shirt (B,V)",1,THREADMARKED (CONSIGNMENT)
2026-06-11,"UST Embro OS (B,V)",3,THREADMARKED (CONSIGNMENT)
2026-06-11,"UST TIGERS Oversized shirt (V,B) @650",1,THREADMARKED (CONSIGNMENT)
2026-06-11,"Hoodie UST embro (V,G,Y,B) @1800",3,THREADMARKED (PAID)
2026-06-11,UST 3D Keychain,2,THREADMARKED (PAID)
2026-06-11,UST Keyboard Clicker (Fidget),11,THREADMARKED (PAID)
2026-06-11,Trucker Cap,1,TOP GUN PHILS. (PAID)
2026-06-11,5M Magnetic Pin,4,USTORE (PAID)
2026-06-11,5M Rotating Keychain,3,USTORE (PAID)
2026-06-11,Automatic Umbrella,2,USTORE (PAID)
2026-06-11,B. Lanyard @180,14,USTORE (PAID)
2026-06-11,Black Eco Bag,30,USTORE (PAID)
2026-06-11,C. Keychain,4,USTORE (PAID)
2026-06-11,Chibi Stickers,1,USTORE (PAID)
2026-06-11,College Sticker @120,1,USTORE (PAID)
2026-06-11,Gemini Paper Bag Large,1,USTORE (PAID)
2026-06-11,Gemini Paper Bag Medium,1,USTORE (PAID)
2026-06-11,Gemini Paper Bag Small,4,USTORE (PAID)
2026-06-11,ID Case v2 @40,4,USTORE (PAID)
2026-06-11,Insignia Pen,1,USTORE (PAID)
2026-06-11,MJ Sticker Large,3,USTORE (PAID)
2026-06-11,MJ Sticker Medium,4,USTORE (PAID)
2026-06-11,MJ Sticker Small,1,USTORE (PAID)
2026-06-11,Pencil,1,USTORE (PAID)
2026-06-11,Scarf @490,1,USTORE (PAID)
2026-06-11,Tiger Plushie Big V1,26,USTORE (PAID)
2026-06-11,Tiger Plushie Small V1,9,USTORE (PAID)
2026-06-11,Tote Bag Canvas White @160,1,USTORE (PAID)
2026-06-11,Tote Viva Santo Tomas,17,USTORE (PAID)
2026-06-11,Travel Mug,1,USTORE (PAID)
2026-06-11,Yellow Lanyard,1,USTORE (PAID)
2026-06-11,Yellow Notebook,1,USTORE (PAID)
2026-06-11,Lanyard,1,VARSITY LIFESTYLE (CONSIGNMENT)
2026-06-11,Long Sticker,1,VARSITY LIFESTYLE (CONSIGNMENT)
2026-06-11,VL Sticker Pack,1,VARSITY LIFESTYLE (CONSIGNMENT)
2026-06-11,"Y,B VL UST",6,VARSITY LIFESTYLE (CONSIGNMENT)
2026-06-13,Polo Shirt @800,2,BLAZE (CONSIGNMENT)
2026-06-13,UST College ID Lace,8,JUC (CONSIGNMENT)
2026-06-13,UST OAT Hoodie Jacket,6,JUC (CONSIGNMENT)
2026-06-13,"UST OAT MUG (Y,W,B)",4,JUC (CONSIGNMENT)
2026-06-13,UST OAT T-Shirt Y/B/COLLEGE (XS-2XL),6,JUC (CONSIGNMENT)
2026-06-13,UST Sweatshirt Sporty,3,JUC (CONSIGNMENT)
2026-06-13,UST T-Shirt Santo Tomas Shirt/UST T-Shirt Tiger Pattern/HAPPY/Script,17,JUC (CONSIGNMENT)
2026-06-13,"Baseball Shirt (Y,W)",1,JYL ATHLETICA (CONSIGNMENT)
2026-06-13,Corp Jacket,1,JYL ATHLETICA (CONSIGNMENT)
2026-06-13,Corp Jacket V3,1,JYL ATHLETICA (CONSIGNMENT)
2026-06-13,Corp Windbreaker,1,JYL ATHLETICA (CONSIGNMENT)
2026-06-13,Cotton Black Jacket,1,JYL ATHLETICA (CONSIGNMENT)
2026-06-13,Dri-Fit Golden Tigresses,1,JYL ATHLETICA (CONSIGNMENT)
2026-06-13,DRI-FIT NEW,2,JYL ATHLETICA (CONSIGNMENT)
2026-06-13,Jersey Short,1,JYL ATHLETICA (CONSIGNMENT)
2026-06-13,"QUIANA SUBLI SHIRT (B&Y), 2 TONED",13,JYL ATHLETICA (CONSIGNMENT)
2026-06-13,Small Mystery Car,1,MADEBYRUZ CONSUMER GOODS TRADING (CONSIGNMENT)
2026-06-13,Tiger Claw,1,MADEBYRUZ CONSUMER GOODS TRADING (CONSIGNMENT)
2026-06-13,Tiger Paw Keychain @375,16,MADEBYRUZ CONSUMER GOODS TRADING (CONSIGNMENT)
2026-06-13,Back Pack,1,NAPOLIZ ENTERPRISES (CONSIGNMENT)
2026-06-13,Hoodies Breaker,1,NAPOLIZ ENTERPRISES (CONSIGNMENT)
2026-06-13,Baseball Cap METAL @380,2,STITCH CORP. (BLEEVES CONSIGNMENT)
2026-06-13,"Double Canopy (B,Y)",5,STITCH CORP. (BLEEVES CONSIGNMENT)
2026-06-13,Wearable Blanket,1,STITCH CORP. (BLEEVES CONSIGNMENT)
2026-06-13,"Ballpen 3 Designs @50 (B,Y,W)",15,STITCH CORP. (PAID)
2026-06-13,Corp Jacket V2,4,STITCH CORP. (PAID)
2026-06-13,Arch @350,6,TET AND DARS (PAID)
2026-06-13,"Go USTE (W,Y,B) @450",2,THREADMARKED (CONSIGNMENT)
2026-06-13,"Keep Growling OS (B,V)",1,THREADMARKED (CONSIGNMENT)
2026-06-13,"UST 1611 Embro Shirt (B,V)",4,THREADMARKED (CONSIGNMENT)
2026-06-13,"UST Embro OS (B,V)",1,THREADMARKED (CONSIGNMENT)
2026-06-13,"UST TIGERS Oversized shirt (V,B) @650",1,THREADMARKED (CONSIGNMENT)
2026-06-13,"Hoodie UST embro (V,G,Y,B) @1800",6,THREADMARKED (PAID)
2026-06-13,Two-toned windbreaker @1700,2,THREADMARKED (PAID)
2026-06-13,UST 3D Keychain,1,THREADMARKED (PAID)
2026-06-13,UST Keyboard Clicker (Fidget),11,THREADMARKED (PAID)
2026-06-13,Ceramic Mug 18oz,4,TOP GUN PHILS. (PAID)
2026-06-13,5M Magnetic Pin,1,USTORE (PAID)
2026-06-13,5M Rotating Keychain,5,USTORE (PAID)
2026-06-13,Aquaflask,6,USTORE (PAID)
2026-06-13,Automatic Umbrella,12,USTORE (PAID)
2026-06-13,B. Lanyard @180,7,USTORE (PAID)
2026-06-13,Black Eco Bag,44,USTORE (PAID)
2026-06-13,C. Keychain,13,USTORE (PAID)
2026-06-13,College Sticker @120,1,USTORE (PAID)
2026-06-13,Gemini Paper Bag Large,1,USTORE (PAID)
2026-06-13,MJ Sticker Medium,1,USTORE (PAID)
2026-06-13,MJ Sticker Small,1,USTORE (PAID)
2026-06-13,Pencil,2,USTORE (PAID)
2026-06-13,Scarf @490,2,USTORE (PAID)
2026-06-13,Tiger Plushie Big V1,58,USTORE (PAID)
2026-06-13,Tiger Plushie Small V1,20,USTORE (PAID)
2026-06-13,Tote Viva Santo Tomas,3,USTORE (PAID)
2026-06-13,Travel Mug,2,USTORE (PAID)
2026-06-13,Utensils,1,USTORE (PAID)
2026-06-13,Yellow Lanyard,1,USTORE (PAID)
2026-06-13,Lanyard,1,VARSITY LIFESTYLE (CONSIGNMENT)
2026-06-13,Long Sticker,5,VARSITY LIFESTYLE (CONSIGNMENT)
2026-06-13,VL Sticker Pack,3,VARSITY LIFESTYLE (CONSIGNMENT)
2026-06-13,"Y,B VL UST",4,VARSITY LIFESTYLE (CONSIGNMENT)
2026-06-15,Triple Black Embro,2,BLAZE (CONSIGNMENT)
2026-06-15,Triple White Embro,2,BLAZE (CONSIGNMENT)
2026-06-15,UST College ID Lace,27,JUC (CONSIGNMENT)
2026-06-15,UST OAT Hoodie Jacket,3,JUC (CONSIGNMENT)
2026-06-15,"UST OAT MUG (Y,W,B)",7,JUC (CONSIGNMENT)
2026-06-15,UST OAT T-Shirt Y/B/COLLEGE (XS-2XL),6,JUC (CONSIGNMENT)
2026-06-15,UST Sweatshirt Sporty,2,JUC (CONSIGNMENT)
2026-06-15,UST T-Shirt Santo Tomas Shirt/UST T-Shirt Tiger Pattern/HAPPY/Script,6,JUC (CONSIGNMENT)
2026-06-15,UST T-Shirt Sporty,1,JUC (CONSIGNMENT)
2026-06-15,Cotton Black Jacket,1,JYL ATHLETICA (CONSIGNMENT)
2026-06-15,"QUIANA SUBLI SHIRT (B&Y), 2 TONED",2,JYL ATHLETICA (CONSIGNMENT)
2026-06-15,Tiger Claw,2,MADEBYRUZ CONSUMER GOODS TRADING (CONSIGNMENT)
2026-06-15,Tiger Paw Keychain @375,7,MADEBYRUZ CONSUMER GOODS TRADING (CONSIGNMENT)
2026-06-15,UST Arch Clicker,1,MADEBYRUZ CONSUMER GOODS TRADING (CONSIGNMENT)
2026-06-15,Hoodies Breaker,2,NAPOLIZ ENTERPRISES (CONSIGNMENT)
2026-06-15,Laptop Bag,2,NAPOLIZ ENTERPRISES (CONSIGNMENT)
2026-06-15,Baseball Cap METAL @380,1,STITCH CORP. (BLEEVES CONSIGNMENT)
2026-06-15,Clock @700,1,STITCH CORP. (BLEEVES CONSIGNMENT)
2026-06-15,"Double Canopy (B,Y)",5,STITCH CORP. (BLEEVES CONSIGNMENT)
2026-06-15,"Ballpen 3 Designs @50 (B,Y,W)",8,STITCH CORP. (PAID)
2026-06-15,Corp Jacket V2,6,STITCH CORP. (PAID)
2026-06-15,Kraft Notebook @130,1,STITCH CORP. (PAID)
2026-06-15,Arch @350,3,TET AND DARS (PAID)
2026-06-15,"Go USTE (W,Y,B) @450",1,THREADMARKED (CONSIGNMENT)
2026-06-15,"UST 1611 Embro Shirt (B,V)",1,THREADMARKED (CONSIGNMENT)
2026-06-15,"UST Embro OS (B,V)",3,THREADMARKED (CONSIGNMENT)
2026-06-15,UST Logo Embro Polo Shirt (XS-XL),1,THREADMARKED (CONSIGNMENT)
2026-06-15,"UST TIGERS Oversized shirt (V,B) @650",3,THREADMARKED (CONSIGNMENT)
2026-06-15,"Hoodie UST embro (V,G,Y,B) @1800",4,THREADMARKED (PAID)
2026-06-15,Two-toned windbreaker @1700,1,THREADMARKED (PAID)
2026-06-15,UST 3D Keychain,3,THREADMARKED (PAID)
2026-06-15,UST Keyboard Clicker (Fidget),7,THREADMARKED (PAID)
2026-06-15,5M Rotating Keychain,3,USTORE (PAID)
2026-06-15,Automatic Umbrella,8,USTORE (PAID)
2026-06-15,B. Lanyard @180,20,USTORE (PAID)
2026-06-15,Black Eco Bag,14,USTORE (PAID)
2026-06-15,Blanca Pen,1,USTORE (PAID)
2026-06-15,Button Pin (Big),1,USTORE (PAID)
2026-06-15,C. Keychain,5,USTORE (PAID)
2026-06-15,Chibi Stickers,5,USTORE (PAID)
2026-06-15,Gemini Paper Bag Medium,1,USTORE (PAID)
2026-06-15,ID Case v2 @40,1,USTORE (PAID)
2026-06-15,Insignia Pen,2,USTORE (PAID)
2026-06-15,MJ Sticker Large,1,USTORE (PAID)
2026-06-15,MJ Sticker Medium,3,USTORE (PAID)
2026-06-15,MJ Sticker Small,1,USTORE (PAID)
2026-06-15,Tiger Plushie Big V1,23,USTORE (PAID)
2026-06-15,Tiger Plushie Small V1,10,USTORE (PAID)
2026-06-15,Tote Bag Canvas White @160,1,USTORE (PAID)
2026-06-15,Tote Viva Santo Tomas,4,USTORE (PAID)
2026-06-15,Utensils,1,USTORE (PAID)
2026-06-15,Yellow Lanyard,18,USTORE (PAID)
2026-06-15,Lanyard,26,VARSITY LIFESTYLE (CONSIGNMENT)
2026-06-15,Long Sticker,3,VARSITY LIFESTYLE (CONSIGNMENT)
2026-06-15,VL Sticker Pack,1,VARSITY LIFESTYLE (CONSIGNMENT)
2026-06-15,"Y,B VL UST",1,VARSITY LIFESTYLE (CONSIGNMENT)
2026-06-16,Polo Shirt @800,3,BLAZE (CONSIGNMENT)
2026-06-16,Triple Black Embro,2,BLAZE (CONSIGNMENT)
2026-06-16,Shirts all @450 UPSIZE (5XL),1,JUC (CONSIGNMENT)
2026-06-16,UST College ID Lace,20,JUC (CONSIGNMENT)
2026-06-16,UST OAT Hoodie Jacket,1,JUC (CONSIGNMENT)
2026-06-16,"UST OAT MUG (Y,W,B)",4,JUC (CONSIGNMENT)
2026-06-16,UST OAT T-Shirt Y/B/COLLEGE (XS-2XL),10,JUC (CONSIGNMENT)
2026-06-16,UST T-Shirt Santo Tomas Shirt/UST T-Shirt Tiger Pattern/HAPPY/Script,38,JUC (CONSIGNMENT)
2026-06-16,"Baseball Shirt (Y,W)",1,JYL ATHLETICA (CONSIGNMENT)
2026-06-16,Corp Jacket V3,1,JYL ATHLETICA (CONSIGNMENT)
2026-06-16,Cotton Brush Jacket,2,JYL ATHLETICA (CONSIGNMENT)
2026-06-16,Dri-Fit Golden Tigresses,2,JYL ATHLETICA (CONSIGNMENT)
2026-06-16,"QUIANA SUBLI SHIRT (B&Y), 2 TONED",3,JYL ATHLETICA (CONSIGNMENT)
2026-06-16,Tiger Paw Keychain @375,2,MADEBYRUZ CONSUMER GOODS TRADING (CONSIGNMENT)
2026-06-16,UST Logo Clicker,1,MADEBYRUZ CONSUMER GOODS TRADING (CONSIGNMENT)
2026-06-16,Hoodies Breaker,2,NAPOLIZ ENTERPRISES (CONSIGNMENT)
2026-06-16,Baseball Cap METAL @380,2,STITCH CORP. (BLEEVES CONSIGNMENT)
2026-06-16,"Ballpen 3 Designs @50 (B,Y,W)",3,STITCH CORP. (PAID)
2026-06-16,Bamboo Notebook @150,6,STITCH CORP. (PAID)
2026-06-16,Corp Jacket V2,1,STITCH CORP. (PAID)
2026-06-16,"Go USTE (W,Y,B) @450",1,THREADMARKED (CONSIGNMENT)
2026-06-16,"UST TIGERS Oversized shirt (V,B) @650",1,THREADMARKED (CONSIGNMENT)
2026-06-16,UST 3D Keychain,2,THREADMARKED (PAID)
2026-06-16,UST Keyboard Clicker (Fidget),9,THREADMARKED (PAID)
2026-06-16,5M Magnetic Pin,1,USTORE (PAID)
2026-06-16,Aquaflask,1,USTORE (PAID)
2026-06-16,B. Lanyard @180,21,USTORE (PAID)
2026-06-16,Black Eco Bag,21,USTORE (PAID)
2026-06-16,Button Pin (Big),1,USTORE (PAID)
2026-06-16,C. Keychain,4,USTORE (PAID)
2026-06-16,Chibi Stickers,3,USTORE (PAID)
2026-06-16,College Sticker @120,1,USTORE (PAID)
2026-06-16,ID Case v2 @40,1,USTORE (PAID)
2026-06-16,MJ Sticker Large,1,USTORE (PAID)
2026-06-16,MJ Sticker Medium,3,USTORE (PAID)
2026-06-16,MJ Sticker Small,3,USTORE (PAID)
2026-06-16,Tiger Plushie Big V1,2,USTORE (PAID)
2026-06-16,Yellow Lanyard,15,USTORE (PAID)
2026-06-16,Long Sticker,1,VARSITY LIFESTYLE (CONSIGNMENT)
2026-06-16,VL Sticker Pack,4,VARSITY LIFESTYLE (CONSIGNMENT)
2026-06-16,"Y,B VL UST",4,VARSITY LIFESTYLE (CONSIGNMENT)
2026-06-17,Triple White Embro,1,BLAZE (CONSIGNMENT)
2026-06-17,UST College ID Lace,24,JUC (CONSIGNMENT)
2026-06-17,UST OAT MUG (Pure Black),11,JUC (CONSIGNMENT)
2026-06-17,"UST OAT MUG (Y,W,B)",6,JUC (CONSIGNMENT)
2026-06-17,UST Sweatshirt Sporty,2,JUC (CONSIGNMENT)
2026-06-17,UST T-Shirt Santo Tomas Shirt/UST T-Shirt Tiger Pattern/HAPPY/Script,13,JUC (CONSIGNMENT)
2026-06-17,UST T-Shirt Sporty,2,JUC (CONSIGNMENT)
2026-06-17,"Baseball Shirt (Y,W)",1,JYL ATHLETICA (CONSIGNMENT)
2026-06-17,Corp Jacket V3,3,JYL ATHLETICA (CONSIGNMENT)
2026-06-17,DRI-FIT NEW,1,JYL ATHLETICA (CONSIGNMENT)
2026-06-17,Poloshirt @800,1,JYL ATHLETICA (CONSIGNMENT)
2026-06-17,"QUIANA SUBLI SHIRT (B&Y), 2 TONED",2,JYL ATHLETICA (CONSIGNMENT)
2026-06-17,Tiger Headband (2 Designs),1,MADEBYRUZ CONSUMER GOODS TRADING (CONSIGNMENT)
2026-06-17,Baseball Cap METAL @380,1,STITCH CORP. (BLEEVES CONSIGNMENT)
2026-06-17,"Double Canopy (B,Y)",1,STITCH CORP. (BLEEVES CONSIGNMENT)
2026-06-17,"Ballpen 3 Designs @50 (B,Y,W)",10,STITCH CORP. (PAID)
2026-06-17,Corp Jacket V2,2,STITCH CORP. (PAID)
2026-06-17,"UST 1611 Embro Shirt (B,V)",2,THREADMARKED (CONSIGNMENT)
2026-06-17,"UST Embro OS (B,V)",9,THREADMARKED (CONSIGNMENT)
2026-06-17,UST Logo Embro Polo Shirt (XS-XL),1,THREADMARKED (CONSIGNMENT)
2026-06-17,"UST TIGERS Oversized shirt (V,B) @650",1,THREADMARKED (CONSIGNMENT)
2026-06-17,UST 3D Keychain,3,THREADMARKED (PAID)
2026-06-17,UST Keyboard Clicker (Fidget),7,THREADMARKED (PAID)
2026-06-17,Varsity Jacket Embro,5,THREADMARKED (PAID)
2026-06-17,Trucker Cap,2,TOP GUN PHILS. (PAID)
2026-06-17,5M Magnetic Pin,3,USTORE (PAID)
2026-06-17,5M Rotating Keychain,4,USTORE (PAID)
2026-06-17,B. Lanyard @180,28,USTORE (PAID)
2026-06-17,Black Eco Bag,2,USTORE (PAID)
2026-06-17,Button Pin (Big),1,USTORE (PAID)
2026-06-17,C. Keychain,4,USTORE (PAID)
2026-06-17,Chibi Stickers,4,USTORE (PAID)
2026-06-17,Gemini Paper Bag Small,6,USTORE (PAID)
2026-06-17,ID Case v2 @40,6,USTORE (PAID)
2026-06-17,Insignia Pen,2,USTORE (PAID)
2026-06-17,MJ Sticker Medium,6,USTORE (PAID)
2026-06-17,MJ Sticker Small,2,USTORE (PAID)
2026-06-17,Pencil,2,USTORE (PAID)
2026-06-17,Tiger Plushie Big V1,1,USTORE (PAID)
2026-06-17,Tiger Plushie Small V1,1,USTORE (PAID)
2026-06-17,Yellow Lanyard,10,USTORE (PAID)
2026-06-17,Lanyard,6,VARSITY LIFESTYLE (CONSIGNMENT)
2026-06-17,Long Sticker,1,VARSITY LIFESTYLE (CONSIGNMENT)
2026-06-17,New GT Shirts,4,VARSITY LIFESTYLE (CONSIGNMENT)
2026-06-17,VL Keychain,1,VARSITY LIFESTYLE (CONSIGNMENT)
2026-06-17,VL Sticker Pack,1,VARSITY LIFESTYLE (CONSIGNMENT)
2026-06-17,"Y,B VL UST",1,VARSITY LIFESTYLE (CONSIGNMENT)
2026-06-18,Triple Black Embro,1,BLAZE (CONSIGNMENT)
2026-06-18,UST College ID Lace,14,JUC (CONSIGNMENT)
2026-06-18,UST OAT Hoodie Jacket,2,JUC (CONSIGNMENT)
2026-06-18,UST OAT T-Shirt Y/B/COLLEGE (XS-2XL),8,JUC (CONSIGNMENT)
2026-06-18,UST T-Shirt Santo Tomas Shirt/UST T-Shirt Tiger Pattern/HAPPY/Script,7,JUC (CONSIGNMENT)
2026-06-18,UST T-Shirt Sporty,1,JUC (CONSIGNMENT)
2026-06-18,Corp Jacket V3,1,JYL ATHLETICA (CONSIGNMENT)
2026-06-18,Cotton Black Jacket,1,JYL ATHLETICA (CONSIGNMENT)
2026-06-18,Jersey Short,1,JYL ATHLETICA (CONSIGNMENT)
2026-06-18,Poloshirt @800,1,JYL ATHLETICA (CONSIGNMENT)
2026-06-18,"QUIANA SUBLI SHIRT (B&Y), 2 TONED",3,JYL ATHLETICA (CONSIGNMENT)
2026-06-18,Taslan NEW,1,JYL ATHLETICA (CONSIGNMENT)
2026-06-18,Tiger Headband (2 Designs),1,MADEBYRUZ CONSUMER GOODS TRADING (CONSIGNMENT)
2026-06-18,Tiger Paw Keychain @375,2,MADEBYRUZ CONSUMER GOODS TRADING (CONSIGNMENT)
2026-06-18,UST Arch Clicker,1,MADEBYRUZ CONSUMER GOODS TRADING (CONSIGNMENT)
2026-06-18,Hoodies Breaker,2,NAPOLIZ ENTERPRISES (CONSIGNMENT)
2026-06-18,Baseball Cap METAL @380,1,STITCH CORP. (BLEEVES CONSIGNMENT)
2026-06-18,"Double Canopy (B,Y)",1,STITCH CORP. (BLEEVES CONSIGNMENT)
2026-06-18,Wearable Blanket,1,STITCH CORP. (BLEEVES CONSIGNMENT)
2026-06-18,"Ballpen 3 Designs @50 (B,Y,W)",4,STITCH CORP. (PAID)
2026-06-18,Corp Jacket V2,2,STITCH CORP. (PAID)
2026-06-18,Arch @350,1,TET AND DARS (PAID)
2026-06-18,"Go USTE (W,Y,B) @450",1,THREADMARKED (CONSIGNMENT)
2026-06-18,"UST 1611 Embro Shirt (B,V)",4,THREADMARKED (CONSIGNMENT)
2026-06-18,"UST Embro OS (B,V)",3,THREADMARKED (CONSIGNMENT)
2026-06-18,UST 3D Keychain,2,THREADMARKED (PAID)
2026-06-18,UST Keyboard Clicker (Fidget),5,THREADMARKED (PAID)
2026-06-18,Varsity Jacket Embro,4,THREADMARKED (PAID)
2026-06-18,5M Magnetic Pin,2,USTORE (PAID)
2026-06-18,5M Rotating Keychain,3,USTORE (PAID)
2026-06-18,Automatic Umbrella,1,USTORE (PAID)
2026-06-18,B. Lanyard @180,22,USTORE (PAID)
2026-06-18,Black Eco Bag,1,USTORE (PAID)
2026-06-18,Blanca Pen,2,USTORE (PAID)
2026-06-18,C. Keychain,6,USTORE (PAID)
2026-06-18,Chibi Stickers,3,USTORE (PAID)
2026-06-18,College Sticker @120,2,USTORE (PAID)
2026-06-18,ID Case v2 @40,4,USTORE (PAID)
2026-06-18,MJ Sticker Large,5,USTORE (PAID)
2026-06-18,MJ Sticker Medium,10,USTORE (PAID)
2026-06-18,MJ Sticker Small,8,USTORE (PAID)
2026-06-18,Powerbank,50,USTORE (PAID)
2026-06-18,Stainless Eco Tumbler,10,USTORE (PAID)
2026-06-18,Tiger Plushie Big V1,7,USTORE (PAID)
2026-06-18,Tiger Plushie Small V1,5,USTORE (PAID)
2026-06-18,Tote Viva Santo Tomas,62,USTORE (PAID)
2026-06-18,Travel Mug,2,USTORE (PAID)
2026-06-18,Yellow Lanyard,3,USTORE (PAID)
2026-06-18,Yellow Notebook,1,USTORE (PAID)
2026-06-18,Lanyard,4,VARSITY LIFESTYLE (CONSIGNMENT)
2026-06-18,VL Keychain,3,VARSITY LIFESTYLE (CONSIGNMENT)
2026-06-18,VL Sticker Pack,1,VARSITY LIFESTYLE (CONSIGNMENT)
2026-06-18,"Y,B VL UST",1,VARSITY LIFESTYLE (CONSIGNMENT)
2026-06-19,Triple White Embro,1,BLAZE (CONSIGNMENT)
2026-06-19,Shirts all @450 UPSIZE (5XL),1,JUC (CONSIGNMENT)
2026-06-19,UST College ID Lace,17,JUC (CONSIGNMENT)
2026-06-19,"UST OAT MUG (Y,W,B)",3,JUC (CONSIGNMENT)
2026-06-19,UST OAT T-Shirt Y/B/COLLEGE (XS-2XL),18,JUC (CONSIGNMENT)
2026-06-19,UST Sweatshirt Sporty,1,JUC (CONSIGNMENT)
2026-06-19,UST T-Shirt Santo Tomas Shirt/UST T-Shirt Tiger Pattern/HAPPY/Script,14,JUC (CONSIGNMENT)
2026-06-19,UST T-Shirt Sporty,2,JUC (CONSIGNMENT)
2026-06-19,Corp Jacket V3,2,JYL ATHLETICA (CONSIGNMENT)
2026-06-19,Jersey Short,1,JYL ATHLETICA (CONSIGNMENT)
2026-06-19,Poloshirt @800,2,JYL ATHLETICA (CONSIGNMENT)
2026-06-19,"QUIANA SUBLI SHIRT (B&Y), 2 TONED",4,JYL ATHLETICA (CONSIGNMENT)
2026-06-19,Tiger Claw,1,MADEBYRUZ CONSUMER GOODS TRADING (CONSIGNMENT)
2026-06-19,Tiger Headband (2 Designs),2,MADEBYRUZ CONSUMER GOODS TRADING (CONSIGNMENT)
2026-06-19,Tiger Paw Keychain @375,2,MADEBYRUZ CONSUMER GOODS TRADING (CONSIGNMENT)
2026-06-19,UST Arch Clicker,1,MADEBYRUZ CONSUMER GOODS TRADING (CONSIGNMENT)
2026-06-19,UST Logo Clicker,2,MADEBYRUZ CONSUMER GOODS TRADING (CONSIGNMENT)
2026-06-19,Hoodies Breaker,1,NAPOLIZ ENTERPRISES (CONSIGNMENT)
2026-06-19,Laptop Bag,1,NAPOLIZ ENTERPRISES (CONSIGNMENT)
2026-06-19,S88 UAAP Poloshirt,1,SHIRT HAPPENS (CONSIGNMENT)
2026-06-19,Baseball Cap METAL @380,1,STITCH CORP. (BLEEVES CONSIGNMENT)
2026-06-19,"Double Canopy (B,Y)",1,STITCH CORP. (BLEEVES CONSIGNMENT)
2026-06-19,Wearable Blanket,1,STITCH CORP. (BLEEVES CONSIGNMENT)
2026-06-19,"Ballpen 3 Designs @50 (B,Y,W)",9,STITCH CORP. (PAID)
2026-06-19,Bamboo Notebook @150,1,STITCH CORP. (PAID)
2026-06-19,Corp Jacket V2,3,STITCH CORP. (PAID)
2026-06-19,"Go USTE (W,Y,B) @450",1,THREADMARKED (CONSIGNMENT)
2026-06-19,"UST 1611 Embro Shirt (B,V)",3,THREADMARKED (CONSIGNMENT)
2026-06-19,"UST Embro OS (B,V)",3,THREADMARKED (CONSIGNMENT)
2026-06-19,"Hoodie UST embro (V,G,Y,B) @1800",4,THREADMARKED (PAID)
2026-06-19,UST 3D Keychain,5,THREADMARKED (PAID)
2026-06-19,UST Keyboard Clicker (Fidget),11,THREADMARKED (PAID)
2026-06-19,Varsity Jacket Embro,1,THREADMARKED (PAID)
2026-06-19,5M Rotating Keychain,3,USTORE (PAID)
2026-06-19,Aquaflask,1,USTORE (PAID)
2026-06-19,Automatic Umbrella,8,USTORE (PAID)
2026-06-19,B. Lanyard @180,26,USTORE (PAID)
2026-06-19,Black Eco Bag,8,USTORE (PAID)
2026-06-19,C. Keychain,15,USTORE (PAID)
2026-06-19,College Sticker @120,1,USTORE (PAID)
2026-06-19,Gemini Paper Bag Medium,2,USTORE (PAID)
2026-06-19,ID Case v2 @40,7,USTORE (PAID)
2026-06-19,Insignia Pen,1,USTORE (PAID)
2026-06-19,MJ Sticker Medium,2,USTORE (PAID)
2026-06-19,MJ Sticker Small,4,USTORE (PAID)
2026-06-19,Picasso Pen,1,USTORE (PAID)
2026-06-19,Thomasian Kit,1,USTORE (PAID)
2026-06-19,Tiger Plushie Big V1,8,USTORE (PAID)
2026-06-19,Tiger Plushie Small V1,2,USTORE (PAID)
2026-06-19,Tote Viva Santo Tomas,4,USTORE (PAID)
2026-06-19,Travel Mug,3,USTORE (PAID)
2026-06-19,Utensils,1,USTORE (PAID)
2026-06-19,Yellow Lanyard,5,USTORE (PAID)
2026-06-19,Yellow Notebook,1,USTORE (PAID)
2026-06-19,Lanyard,4,VARSITY LIFESTYLE (CONSIGNMENT)
2026-06-19,Long Sticker,4,VARSITY LIFESTYLE (CONSIGNMENT)
2026-06-19,VL Sticker Pack,4,VARSITY LIFESTYLE (CONSIGNMENT)
2026-06-19,"Y,B VL UST",8,VARSITY LIFESTYLE (CONSIGNMENT)
2026-06-20,Shirts all @450 UPSIZE (3XL-4XL),1,JUC (CONSIGNMENT)
2026-06-20,UST College ID Lace,2,JUC (CONSIGNMENT)
2026-06-20,UST OAT T-Shirt Y/B/COLLEGE (XS-2XL),3,JUC (CONSIGNMENT)
2026-06-20,UST Sweatshirt Sporty,2,JUC (CONSIGNMENT)
2026-06-20,UST T-Shirt Santo Tomas Shirt/UST T-Shirt Tiger Pattern/HAPPY/Script,1,JUC (CONSIGNMENT)
2026-06-20,Poloshirt @800,1,JYL ATHLETICA (CONSIGNMENT)
2026-06-20,"QUIANA SUBLI SHIRT (B&Y), 2 TONED",1,JYL ATHLETICA (CONSIGNMENT)
2026-06-20,Tiger Paw Keychain @375,1,MADEBYRUZ CONSUMER GOODS TRADING (CONSIGNMENT)
2026-06-20,UST Logo Clicker,1,MADEBYRUZ CONSUMER GOODS TRADING (CONSIGNMENT)
2026-06-20,"Double Canopy (B,Y)",2,STITCH CORP. (BLEEVES CONSIGNMENT)
2026-06-20,"Ballpen 3 Designs @50 (B,Y,W)",4,STITCH CORP. (PAID)
2026-06-20,Corp Jacket V2,1,STITCH CORP. (PAID)
2026-06-20,Arch @350,1,TET AND DARS (PAID)
2026-06-20,UST Keyboard Clicker (Fidget),2,THREADMARKED (PAID)
2026-06-20,5M Rotating Keychain,5,USTORE (PAID)
2026-06-20,Automatic Umbrella,2,USTORE (PAID)
2026-06-20,B. Lanyard @180,2,USTORE (PAID)
2026-06-20,C. Keychain,1,USTORE (PAID)
2026-06-20,Gemini Paper Bag Medium,3,USTORE (PAID)
2026-06-20,Gemini Paper Bag Small,10,USTORE (PAID)
2026-06-20,ID Case v2 @40,1,USTORE (PAID)
2026-06-20,Thomasian Kit,1,USTORE (PAID)
2026-06-20,Tote Viva Santo Tomas,6,USTORE (PAID)
2026-06-20,Travel Mug,1,USTORE (PAID)
2026-06-20,Scarves,1,VARSITY LIFESTYLE (CONSIGNMENT)
2026-06-20,"Y,B VL UST",1,VARSITY LIFESTYLE (CONSIGNMENT)
2026-06-23,Polo Shirt @800,2,BLAZE (CONSIGNMENT)
2026-06-23,Triple White Embro,2,BLAZE (CONSIGNMENT)
2026-06-23,Sci Ballpen,1,COLLEGE OF SCIENCE AT 100
2026-06-23,UST College ID Lace,28,JUC (CONSIGNMENT)
2026-06-23,UST OAT Hoodie Jacket,2,JUC (CONSIGNMENT)
2026-06-23,"UST OAT MUG (Y,W,B)",9,JUC (CONSIGNMENT)
2026-06-23,UST OAT T-Shirt Y/B/COLLEGE (XS-2XL),13,JUC (CONSIGNMENT)
2026-06-23,UST Sweatshirt Sporty,1,JUC (CONSIGNMENT)
2026-06-23,UST T-Shirt Santo Tomas Shirt/UST T-Shirt Tiger Pattern/HAPPY/Script,16,JUC (CONSIGNMENT)
2026-06-23,UST T-Shirt Sporty,3,JUC (CONSIGNMENT)
2026-06-23,"Baseball Shirt (Y,W)",3,JYL ATHLETICA (CONSIGNMENT)
2026-06-23,Corp Jacket V3,2,JYL ATHLETICA (CONSIGNMENT)
2026-06-23,Cotton Black Jacket,1,JYL ATHLETICA (CONSIGNMENT)
2026-06-23,Dri-Fit Golden Tigresses,1,JYL ATHLETICA (CONSIGNMENT)
2026-06-23,DRI-FIT NEW,2,JYL ATHLETICA (CONSIGNMENT)
2026-06-23,Jacket,1,JYL ATHLETICA (CONSIGNMENT)
2026-06-23,Machete V2,2,JYL ATHLETICA (CONSIGNMENT)
2026-06-23,Poloshirt 123456 @860,2,JYL ATHLETICA (CONSIGNMENT)
2026-06-23,"QUIANA SUBLI SHIRT (B&Y), 2 TONED",6,JYL ATHLETICA (CONSIGNMENT)
2026-06-23,Tiger Headband (2 Designs),1,MADEBYRUZ CONSUMER GOODS TRADING (CONSIGNMENT)
2026-06-23,Tiger Paw Keychain @375,4,MADEBYRUZ CONSUMER GOODS TRADING (CONSIGNMENT)
2026-06-23,UST Arch Clicker,1,MADEBYRUZ CONSUMER GOODS TRADING (CONSIGNMENT)
2026-06-23,UST Logo Clicker,1,MADEBYRUZ CONSUMER GOODS TRADING (CONSIGNMENT)
2026-06-23,Hoodies Breaker,1,NAPOLIZ ENTERPRISES (CONSIGNMENT)
2026-06-23,Laptop Bag,1,NAPOLIZ ENTERPRISES (CONSIGNMENT)
2026-06-23,S88 UAAP Poloshirt,1,SHIRT HAPPENS (CONSIGNMENT)
2026-06-23,Baseball Cap METAL @380,1,STITCH CORP. (BLEEVES CONSIGNMENT)
2026-06-23,"Double Canopy (B,Y)",2,STITCH CORP. (BLEEVES CONSIGNMENT)
2026-06-23,Wearable Blanket,3,STITCH CORP. (BLEEVES CONSIGNMENT)
2026-06-23,"Ballpen 3 Designs @50 (B,Y,W)",32,STITCH CORP. (PAID)
2026-06-23,Corp Jacket V2,5,STITCH CORP. (PAID)
2026-06-23,Kraft Notebook @130,2,STITCH CORP. (PAID)
2026-06-23,"Go USTE (W,Y,B) @450",8,THREADMARKED (CONSIGNMENT)
2026-06-23,"Keep Growling OS (B,V)",1,THREADMARKED (CONSIGNMENT)
2026-06-23,"UST 1611 Embro Shirt (B,V)",2,THREADMARKED (CONSIGNMENT)
2026-06-23,"UST Embro OS (B,V)",3,THREADMARKED (CONSIGNMENT)
2026-06-23,UST Logo Embro Polo Shirt (XS-XL),2,THREADMARKED (CONSIGNMENT)
2026-06-23,"Hoodie UST embro (V,G,Y,B) @1800",6,THREADMARKED (PAID)
2026-06-23,UST 3D Keychain,3,THREADMARKED (PAID)
2026-06-23,UST Keyboard Clicker (Fidget),4,THREADMARKED (PAID)
2026-06-23,Varsity Jacket Embro,5,THREADMARKED (PAID)
2026-06-23,Ceramic Mug 18oz,3,TOP GUN PHILS. (PAID)
2026-06-23,5M Magnetic Pin,3,USTORE (PAID)
2026-06-23,5M Rotating Keychain,11,USTORE (PAID)
2026-06-23,Aquaflask,1,USTORE (PAID)
2026-06-23,Automatic Umbrella,6,USTORE (PAID)
2026-06-23,B. Lanyard @180,24,USTORE (PAID)
2026-06-23,C. Keychain,21,USTORE (PAID)
2026-06-23,Chibi Stickers,2,USTORE (PAID)
2026-06-23,Gemini Paper Bag Medium,5,USTORE (PAID)
2026-06-23,ID Case v2 @40,8,USTORE (PAID)
2026-06-23,MJ Sticker Medium,5,USTORE (PAID)
2026-06-23,MJ Sticker Small,9,USTORE (PAID)
2026-06-23,Scarf @490,3,USTORE (PAID)
2026-06-23,Thomasian Kit,2,USTORE (PAID)
2026-06-23,Tiger Plushie Small V1,8,USTORE (PAID)
2026-06-23,Tote Bag Canvas White @160,1,USTORE (PAID)
2026-06-23,Tote Viva Santo Tomas,2,USTORE (PAID)
2026-06-23,Travel Mug,4,USTORE (PAID)
2026-06-23,Yellow Lanyard,2,USTORE (PAID)
2026-06-23,Yellow Notebook,1,USTORE (PAID)
2026-06-23,Lanyard,3,VARSITY LIFESTYLE (CONSIGNMENT)
2026-06-23,Long Sticker,3,VARSITY LIFESTYLE (CONSIGNMENT)
2026-06-23,VL Sticker Pack,6,VARSITY LIFESTYLE (CONSIGNMENT)
2026-06-23,"Y,B VL UST",4,VARSITY LIFESTYLE (CONSIGNMENT)
2026-06-25,Polo Shirt @800,1,BLAZE (CONSIGNMENT)
2026-06-25,Triple White Embro,1,BLAZE (CONSIGNMENT)
2026-06-25,Sci Ballpen,3,COLLEGE OF SCIENCE AT 100
2026-06-25,UST College ID Lace,85,JUC (CONSIGNMENT)
2026-06-25,"UST OAT MUG (Y,W,B)",5,JUC (CONSIGNMENT)
2026-06-25,UST OAT T-Shirt Y/B/COLLEGE (XS-2XL),22,JUC (CONSIGNMENT)
2026-06-25,UST Sweatshirt Sporty,1,JUC (CONSIGNMENT)
2026-06-25,UST T-Shirt Santo Tomas Shirt/UST T-Shirt Tiger Pattern/HAPPY/Script,22,JUC (CONSIGNMENT)
2026-06-25,UST T-Shirt Sporty,4,JUC (CONSIGNMENT)
2026-06-25,"Baseball Shirt (Y,W)",1,JYL ATHLETICA (CONSIGNMENT)
2026-06-25,Corp Jacket,4,JYL ATHLETICA (CONSIGNMENT)
2026-06-25,Cotton Brush Jacket,1,JYL ATHLETICA (CONSIGNMENT)
2026-06-25,DRI-FIT NEW,2,JYL ATHLETICA (CONSIGNMENT)
2026-06-25,Jersey Short,2,JYL ATHLETICA (CONSIGNMENT)
2026-06-25,"QUIANA SUBLI SHIRT (B&Y), 2 TONED",16,JYL ATHLETICA (CONSIGNMENT)
2026-06-25,Tiger Paw Keychain @375,7,MADEBYRUZ CONSUMER GOODS TRADING (CONSIGNMENT)
2026-06-25,Baseball Cap METAL @380,2,STITCH CORP. (BLEEVES CONSIGNMENT)
2026-06-25,Wearable Blanket,1,STITCH CORP. (BLEEVES CONSIGNMENT)
2026-06-25,"Ballpen 3 Designs @50 (B,Y,W)",19,STITCH CORP. (PAID)
2026-06-25,Bamboo Notebook @150,4,STITCH CORP. (PAID)
2026-06-25,Corp Jacket V2,3,STITCH CORP. (PAID)
2026-06-25,Kraft Notebook @130,2,STITCH CORP. (PAID)
2026-06-25,Arch @350,5,TET AND DARS (PAID)
2026-06-25,"Go USTE (W,Y,B) @450",9,THREADMARKED (CONSIGNMENT)
2026-06-25,"UST 1611 Embro Shirt (B,V)",1,THREADMARKED (CONSIGNMENT)
2026-06-25,"UST Embro OS (B,V)",5,THREADMARKED (CONSIGNMENT)
2026-06-25,"Hoodie UST embro (V,G,Y,B) @1800",2,THREADMARKED (PAID)
2026-06-25,UST 3D Keychain,5,THREADMARKED (PAID)
2026-06-25,UST Keyboard Clicker (Fidget),13,THREADMARKED (PAID)
2026-06-25,Varsity Jacket Embro,8,THREADMARKED (PAID)
2026-06-25,5M Magnetic Pin,2,USTORE (PAID)
2026-06-25,5M Rotating Keychain,14,USTORE (PAID)
2026-06-25,Automatic Umbrella,2,USTORE (PAID)
2026-06-25,B. Lanyard @180,50,USTORE (PAID)
2026-06-25,Black Eco Bag,57,USTORE (PAID)
2026-06-25,Blanca Pen,1,USTORE (PAID)
2026-06-25,Button Pin (Big),2,USTORE (PAID)
2026-06-25,C. Keychain,1,USTORE (PAID)
2026-06-25,Chibi Stickers,1,USTORE (PAID)
2026-06-25,College Sticker @120,1,USTORE (PAID)
2026-06-25,Gemini Paper Bag Medium,2,USTORE (PAID)
2026-06-25,ID Case v2 @40,60,USTORE (PAID)
2026-06-25,Insignia Pen,1,USTORE (PAID)
2026-06-25,MJ Sticker Large,6,USTORE (PAID)
2026-06-25,MJ Sticker Medium,10,USTORE (PAID)
2026-06-25,MJ Sticker Small,14,USTORE (PAID)
2026-06-25,Powerbank,1,USTORE (PAID)
2026-06-25,Tiger Plushie Small V1,1,USTORE (PAID)
2026-06-25,Tote Bag Canvas White @160,1,USTORE (PAID)
2026-06-25,Tote Viva Santo Tomas,5,USTORE (PAID)
2026-06-25,Travel Mug,1,USTORE (PAID)
2026-06-25,Yellow Lanyard,30,USTORE (PAID)
2026-06-25,Lanyard,18,VARSITY LIFESTYLE (CONSIGNMENT)
2026-06-25,New GT Shirts,2,VARSITY LIFESTYLE (CONSIGNMENT)
2026-06-25,VL Sticker Pack,5,VARSITY LIFESTYLE (CONSIGNMENT)
2026-06-25,"Y,B VL UST",7,VARSITY LIFESTYLE (CONSIGNMENT)
2026-06-26,Black w/ Yellow UST Embro,1,BLAZE (CONSIGNMENT)
2026-06-26,Triple Black Embro,1,BLAZE (CONSIGNMENT)
2026-06-26,Triple White Embro,2,BLAZE (CONSIGNMENT)
2026-06-26,Shirts all @450 UPSIZE (3XL-4XL),1,JUC (CONSIGNMENT)
2026-06-26,UST College ID Lace,48,JUC (CONSIGNMENT)
2026-06-26,UST OAT Hoodie Jacket,1,JUC (CONSIGNMENT)
2026-06-26,"UST OAT MUG (Y,W,B)",7,JUC (CONSIGNMENT)
2026-06-26,UST OAT T-Shirt Y/B/COLLEGE (3XL),2,JUC (CONSIGNMENT)
2026-06-26,UST OAT T-Shirt Y/B/COLLEGE (XS-2XL),9,JUC (CONSIGNMENT)
2026-06-26,UST T-Shirt Santo Tomas Shirt/UST T-Shirt Tiger Pattern/HAPPY/Script,9,JUC (CONSIGNMENT)
2026-06-26,UST T-Shirt Sporty,5,JUC (CONSIGNMENT)
2026-06-26,"Baseball Shirt (Y,W)",1,JYL ATHLETICA (CONSIGNMENT)
2026-06-26,Cotton Black Jacket,1,JYL ATHLETICA (CONSIGNMENT)
2026-06-26,Cotton Brush Jacket,1,JYL ATHLETICA (CONSIGNMENT)
2026-06-26,Dri-Fit Golden Tigresses,2,JYL ATHLETICA (CONSIGNMENT)
2026-06-26,Jersey Short,2,JYL ATHLETICA (CONSIGNMENT)
2026-06-26,Machete V2,5,JYL ATHLETICA (CONSIGNMENT)
2026-06-26,Poloshirt 123456 @860,1,JYL ATHLETICA (CONSIGNMENT)
2026-06-26,"QUIANA SUBLI SHIRT (B&Y), 2 TONED",7,JYL ATHLETICA (CONSIGNMENT)
2026-06-26,Small Mystery Car,3,MADEBYRUZ CONSUMER GOODS TRADING (CONSIGNMENT)
2026-06-26,Tiger Claw,1,MADEBYRUZ CONSUMER GOODS TRADING (CONSIGNMENT)
2026-06-26,Tiger Costume,1,MADEBYRUZ CONSUMER GOODS TRADING (CONSIGNMENT)
2026-06-26,Tiger Paw Keychain @375,2,MADEBYRUZ CONSUMER GOODS TRADING (CONSIGNMENT)
2026-06-26,UST Arch Clicker,2,MADEBYRUZ CONSUMER GOODS TRADING (CONSIGNMENT)
2026-06-26,UST Logo Clicker,1,MADEBYRUZ CONSUMER GOODS TRADING (CONSIGNMENT)
2026-06-26,Hoodies Breaker,1,NAPOLIZ ENTERPRISES (CONSIGNMENT)
2026-06-26,Baseball Cap METAL @380,1,STITCH CORP. (BLEEVES CONSIGNMENT)
2026-06-26,"Double Canopy (B,Y)",3,STITCH CORP. (BLEEVES CONSIGNMENT)
2026-06-26,"Ballpen 3 Designs @50 (B,Y,W)",6,STITCH CORP. (PAID)
2026-06-26,Bamboo Notebook @150,2,STITCH CORP. (PAID)
2026-06-26,Corp Jacket V2,2,STITCH CORP. (PAID)
2026-06-26,Arch @350,3,TET AND DARS (PAID)
2026-06-26,"Go USTE (W,Y,B) @450",2,THREADMARKED (CONSIGNMENT)
2026-06-26,"UST 1611 Embro Shirt (B,V)",8,THREADMARKED (CONSIGNMENT)
2026-06-26,"UST Embro OS (B,V)",2,THREADMARKED (CONSIGNMENT)
2026-06-26,UST Logo Embro Polo Shirt (XS-XL),1,THREADMARKED (CONSIGNMENT)
2026-06-26,"Hoodie UST embro (V,G,Y,B) @1800",5,THREADMARKED (PAID)
2026-06-26,UST 3D Keychain,3,THREADMARKED (PAID)
2026-06-26,UST Keyboard Clicker (Fidget),10,THREADMARKED (PAID)
2026-06-26,Varsity Jacket Embro,1,THREADMARKED (PAID)
2026-06-26,5M Magnetic Pin,2,USTORE (PAID)
2026-06-26,5M Rotating Keychain,8,USTORE (PAID)
2026-06-26,Aquaflask,1,USTORE (PAID)
2026-06-26,Automatic Umbrella,6,USTORE (PAID)
2026-06-26,B. Lanyard @180,29,USTORE (PAID)
2026-06-26,Black Eco Bag,12,USTORE (PAID)
2026-06-26,Button Pin (Big),4,USTORE (PAID)
2026-06-26,C. Keychain,1,USTORE (PAID)
2026-06-26,Chibi Stickers,8,USTORE (PAID)
2026-06-26,College Sticker @120,2,USTORE (PAID)
2026-06-26,ID Case v2 @40,9,USTORE (PAID)
2026-06-26,MJ Sticker Medium,12,USTORE (PAID)
2026-06-26,MJ Sticker Small,37,USTORE (PAID)
2026-06-26,Thomasian Kit,1,USTORE (PAID)
2026-06-26,Tiger Plushie Small V1,2,USTORE (PAID)
2026-06-26,Tote Viva Santo Tomas,7,USTORE (PAID)
2026-06-26,Travel Mug,2,USTORE (PAID)
2026-06-26,Yellow Lanyard,15,USTORE (PAID)
2026-06-26,Yellow Notebook,1,USTORE (PAID)
2026-06-26,Lanyard,3,VARSITY LIFESTYLE (CONSIGNMENT)
2026-06-26,New GT Shirts,1,VARSITY LIFESTYLE (CONSIGNMENT)
2026-06-26,VL Sticker Pack,2,VARSITY LIFESTYLE (CONSIGNMENT)
2026-06-26,"Y,B VL UST",4,VARSITY LIFESTYLE (CONSIGNMENT)
2026-06-29,Polo Shirt @800,1,BLAZE (CONSIGNMENT)
2026-06-29,Triple White Embro,3,BLAZE (CONSIGNMENT)
2026-06-29,UST College ID Lace,10,JUC (CONSIGNMENT)
2026-06-29,"UST OAT MUG (Y,W,B)",1,JUC (CONSIGNMENT)
2026-06-29,UST OAT T-Shirt Y/B/COLLEGE (XS-2XL),8,JUC (CONSIGNMENT)
2026-06-29,UST Sweatshirt Sporty,4,JUC (CONSIGNMENT)
2026-06-29,UST T-Shirt Santo Tomas Shirt/UST T-Shirt Tiger Pattern/HAPPY/Script,11,JUC (CONSIGNMENT)
2026-06-29,UST T-Shirt Sporty,1,JUC (CONSIGNMENT)
2026-06-29,Cotton Black Jacket,1,JYL ATHLETICA (CONSIGNMENT)
2026-06-29,Dri-Fit Golden Tigresses,6,JYL ATHLETICA (CONSIGNMENT)
2026-06-29,DRI-FIT NEW,1,JYL ATHLETICA (CONSIGNMENT)
2026-06-29,Jacket,1,JYL ATHLETICA (CONSIGNMENT)
2026-06-29,Jersey Short,2,JYL ATHLETICA (CONSIGNMENT)
2026-06-29,Poloshirt @800,2,JYL ATHLETICA (CONSIGNMENT)
2026-06-29,"QUIANA SUBLI SHIRT (B&Y), 2 TONED",12,JYL ATHLETICA (CONSIGNMENT)
2026-06-29,Tiger Paw Keychain @375,1,MADEBYRUZ CONSUMER GOODS TRADING (CONSIGNMENT)
2026-06-29,UST Arch Clicker,1,MADEBYRUZ CONSUMER GOODS TRADING (CONSIGNMENT)
2026-06-29,Hoodies Breaker,1,NAPOLIZ ENTERPRISES (CONSIGNMENT)
2026-06-29,"Double Canopy (B,Y)",4,STITCH CORP. (BLEEVES CONSIGNMENT)
2026-06-29,Wearable Blanket,1,STITCH CORP. (BLEEVES CONSIGNMENT)
2026-06-29,"Ballpen 3 Designs @50 (B,Y,W)",4,STITCH CORP. (PAID)
2026-06-29,Bamboo Notebook @150,2,STITCH CORP. (PAID)
2026-06-29,Kraft Notebook @130,1,STITCH CORP. (PAID)
2026-06-29,Arch @350,2,TET AND DARS (PAID)
2026-06-29,"Go USTE (W,Y,B) @450",2,THREADMARKED (CONSIGNMENT)
2026-06-29,"Keep Growling OS (B,V)",4,THREADMARKED (CONSIGNMENT)
2026-06-29,"UST 1611 Embro Shirt (B,V)",1,THREADMARKED (CONSIGNMENT)
2026-06-29,"UST Embro OS (B,V)",10,THREADMARKED (CONSIGNMENT)
2026-06-29,"UST TIGERS Oversized shirt (V,B) @650",1,THREADMARKED (CONSIGNMENT)
2026-06-29,"Hoodie UST embro (V,G,Y,B) @1800",5,THREADMARKED (PAID)
2026-06-29,Two-toned windbreaker @1700,1,THREADMARKED (PAID)
2026-06-29,UST 3D Keychain,2,THREADMARKED (PAID)
2026-06-29,UST Keyboard Clicker (Fidget),5,THREADMARKED (PAID)
2026-06-29,Varsity Jacket Embro,6,THREADMARKED (PAID)
2026-06-29,Ceramic Mug 18oz,1,TOP GUN PHILS. (PAID)
2026-06-29,5M Magnetic Pin,2,USTORE (PAID)
2026-06-29,5M Rotating Keychain,7,USTORE (PAID)
2026-06-29,Automatic Umbrella,4,USTORE (PAID)
2026-06-29,B. Lanyard @180,19,USTORE (PAID)
2026-06-29,Black Eco Bag,1,USTORE (PAID)
2026-06-29,C. Keychain,12,USTORE (PAID)
2026-06-29,Chibi Stickers,1,USTORE (PAID)
2026-06-29,ID Case v2 @40,3,USTORE (PAID)
2026-06-29,Insignia Pen,2,USTORE (PAID)
2026-06-29,MJ Sticker Large,10,USTORE (PAID)
2026-06-29,Scarf @490,1,USTORE (PAID)
2026-06-29,SM Tiger Plushie V2,6,USTORE (PAID)
2026-06-29,Tiger Plushie Small V1,2,USTORE (PAID)
2026-06-29,Tote Viva Santo Tomas,1,USTORE (PAID)
2026-06-29,Yellow Lanyard,1,USTORE (PAID)
2026-06-29,Lanyard,1,VARSITY LIFESTYLE (CONSIGNMENT)
2026-06-29,New GT Shirts,1,VARSITY LIFESTYLE (CONSIGNMENT)
2026-06-29,VL Sticker Pack,1,VARSITY LIFESTYLE (CONSIGNMENT)
2026-06-29,"Y,B VL UST",2,VARSITY LIFESTYLE (CONSIGNMENT)
2026-06-30,Triple Black Embro,2,BLAZE (CONSIGNMENT)
2026-06-30,UST College ID Lace,7,JUC (CONSIGNMENT)
2026-06-30,UST OAT Hoodie Jacket,2,JUC (CONSIGNMENT)
2026-06-30,UST OAT T-Shirt Y/B/COLLEGE (3XL),7,JUC (CONSIGNMENT)
2026-06-30,UST OAT T-Shirt Y/B/COLLEGE (XS-2XL),3,JUC (CONSIGNMENT)
2026-06-30,UST T-Shirt Sporty,4,JUC (CONSIGNMENT)
2026-06-30,Corp Jacket V3,1,JYL ATHLETICA (CONSIGNMENT)
2026-06-30,Cotton Black Jacket,1,JYL ATHLETICA (CONSIGNMENT)
2026-06-30,Cotton Brush Jacket,1,JYL ATHLETICA (CONSIGNMENT)
2026-06-30,Dri-Fit Golden Tigresses,2,JYL ATHLETICA (CONSIGNMENT)
2026-06-30,Jersey Short,4,JYL ATHLETICA (CONSIGNMENT)
2026-06-30,Machete V2,1,JYL ATHLETICA (CONSIGNMENT)
2026-06-30,Poloshirt @800,28,JYL ATHLETICA (CONSIGNMENT)
2026-06-30,"QUIANA SUBLI SHIRT (B&Y), 2 TONED",4,JYL ATHLETICA (CONSIGNMENT)
2026-06-30,Taslan NEW,1,JYL ATHLETICA (CONSIGNMENT)
2026-06-30,Tiger Paw Keychain @375,1,MADEBYRUZ CONSUMER GOODS TRADING (CONSIGNMENT)
2026-06-30,UST Arch Clicker,1,MADEBYRUZ CONSUMER GOODS TRADING (CONSIGNMENT)
2026-06-30,S88 UAAP Poloshirt,1,SHIRT HAPPENS (CONSIGNMENT)
2026-06-30,Baseball Cap METAL @380,2,STITCH CORP. (BLEEVES CONSIGNMENT)
2026-06-30,"Double Canopy (B,Y)",1,STITCH CORP. (BLEEVES CONSIGNMENT)
2026-06-30,"Ballpen 3 Designs @50 (B,Y,W)",6,STITCH CORP. (PAID)
2026-06-30,Corp Jacket V2,3,STITCH CORP. (PAID)
2026-06-30,Kraft Notebook @130,1,STITCH CORP. (PAID)
2026-06-30,Arch @350,1,TET AND DARS (PAID)
2026-06-30,"Go USTE (W,Y,B) @450",2,THREADMARKED (CONSIGNMENT)
2026-06-30,"Keep Growling OS (B,V)",2,THREADMARKED (CONSIGNMENT)
2026-06-30,"UST 1611 Embro Shirt (B,V)",3,THREADMARKED (CONSIGNMENT)
2026-06-30,"UST Embro OS (B,V)",3,THREADMARKED (CONSIGNMENT)
2026-06-30,UST Logo Embro Polo Shirt (XS-XL),2,THREADMARKED (CONSIGNMENT)
2026-06-30,"Hoodie UST embro (V,G,Y,B) @1800",3,THREADMARKED (PAID)
2026-06-30,Two-toned windbreaker @1700,1,THREADMARKED (PAID)
2026-06-30,UST 3D Keychain,1,THREADMARKED (PAID)
2026-06-30,UST Keyboard Clicker (Fidget),4,THREADMARKED (PAID)
2026-06-30,Varsity Jacket Embro,2,THREADMARKED (PAID)
2026-06-30,5M Magnetic Pin,2,USTORE (PAID)
2026-06-30,5M Rotating Keychain,5,USTORE (PAID)
2026-06-30,Automatic Umbrella,2,USTORE (PAID)
2026-06-30,B. Lanyard @180,20,USTORE (PAID)
2026-06-30,Black Eco Bag,3,USTORE (PAID)
2026-06-30,C. Keychain,14,USTORE (PAID)
2026-06-30,College Sticker @120,2,USTORE (PAID)
2026-06-30,Gemini Paper Bag Medium,1,USTORE (PAID)
2026-06-30,ID Case v2 @40,1,USTORE (PAID)
2026-06-30,Insignia Pen,1,USTORE (PAID)
2026-06-30,MJ Sticker Large,1,USTORE (PAID)
2026-06-30,MJ Sticker Medium,3,USTORE (PAID)
2026-06-30,MJ Sticker Small,4,USTORE (PAID)
2026-06-30,SM Tiger Plushie V2,7,USTORE (PAID)
2026-06-30,Travel Mug,1,USTORE (PAID)
2026-06-30,Yellow Lanyard,3,USTORE (PAID)
2026-06-30,Yellow Notebook,1,USTORE (PAID)
2026-06-30,Lanyard,1,VARSITY LIFESTYLE (CONSIGNMENT)
2026-06-30,VL Sticker Pack,2,VARSITY LIFESTYLE (CONSIGNMENT)
2026-06-30,"Y,B VL UST",2,VARSITY LIFESTYLE (CONSIGNMENT)
