forecast_id,product_id,forecast_date,yhat,yhat_lower,yhat_upper,model_type,is_heuristic,snapshot_date
1,29,2026-08-01,0.267,0.0,12.049,rolling_mean_30,0,2026-07-31
2,29,2026-08-02,0.267,0.0,12.049,rolling_mean_30,0,2026-07-31
3,29,2026-08-03,0.267,0.0,12.049,rolling_mean_30,0,2026-07-31
4,29,2026-08-04,0.267,0.0,12.049,rolling_mean_30,0,2026-07-31
5,29,2026-08-05,0.267,0.0,12.049,rolling_mean_30,0,2026-07-31
6,29,2026-08-06,0.267,0.0,12.049,rolling_mean_30,0,2026-07-31
7,29,2026-08-07,0.267,0.0,12.049,rolling_mean_30,0,2026-07-31
8,29,2026-08-08,0.267,0.0,12.049,rolling_mean_30,0,2026-07-31
9,29,2026-08-09,0.267,0.0,12.049,rolling_mean_30,0,2026-07-31
10,29,2026-08-10,0.267,0.0,12.049,rolling_mean_30,0,2026-07-31
11,29,2026-08-11,0.267,0.0,12.049,rolling_mean_30,0,2026-07-31
12,29,2026-08-12,0.267,0.0,12.049,rolling_mean_30,0,2026-07-31
13,29,2026-08-13,0.267,0.0,12.049,rolling_mean_30,0,2026-07-31
14,29,2026-08-14,0.267,0.0,12.049,rolling_mean_30,0,2026-07-31
15,29,2026-08-15,0.267,0.0,12.049,rolling_mean_30,0,2026-07-31
16,29,2026-08-16,0.267,0.0,12.049,rolling_mean_30,0,2026-07-31
17,29,2026-08-17,0.267,0.0,12.049,rolling_mean_30,0,2026-07-31
18,29,2026-08-18,0.267,0.0,12.049,rolling_mean_30,0,2026-07-31
19,29,2026-08-19,0.267,0.0,12.049,rolling_mean_30,0,2026-07-31
20,29,2026-08-20,0.267,0.0,12.049,rolling_mean_30,0,2026-07-31
21,29,2026-08-21,0.267,0.0,12.049,rolling_mean_30,0,2026-07-31
22,29,2026-08-22,0.267,0.0,12.049,rolling_mean_30,0,2026-07-31
23,29,2026-08-23,0.267,0.0,12.049,rolling_mean_30,0,2026-07-31
24,29,2026-08-24,0.267,0.0,12.049,rolling_mean_30,0,2026-07-31
25,29,2026-08-25,0.267,0.0,12.049,rolling_mean_30,0,2026-07-31
26,29,2026-08-26,0.267,0.0,12.049,rolling_mean_30,0,2026-07-31
27,29,2026-08-27,0.267,0.0,12.049,rolling_mean_30,0,2026-07-31
28,29,2026-08-28,0.267,0.0,12.049,rolling_mean_30,0,2026-07-31
29,29,2026-08-29,0.267,0.0,12.049,rolling_mean_30,0,2026-07-31
30,29,2026-08-30,0.267,0.0,12.049,rolling_mean_30,0,2026-07-31
31,39,2026-08-01,0.133,0.0,2.237,rolling_mean_30,0,2026-07-31
32,39,2026-08-02,0.133,0.0,2.237,rolling_mean_30,0,2026-07-31
33,39,2026-08-03,0.133,0.0,2.237,rolling_mean_30,0,2026-07-31
34,39,2026-08-04,0.133,0.0,2.237,rolling_mean_30,0,2026-07-31
35,39,2026-08-05,0.133,0.0,2.237,rolling_mean_30,0,2026-07-31
36,39,2026-08-06,0.133,0.0,2.237,rolling_mean_30,0,2026-07-31
37,39,2026-08-07,0.133,0.0,2.237,rolling_mean_30,0,2026-07-31
38,39,2026-08-08,0.133,0.0,2.237,rolling_mean_30,0,2026-07-31
39,39,2026-08-09,0.133,0.0,2.237,rolling_mean_30,0,2026-07-31
40,39,2026-08-10,0.133,0.0,2.237,rolling_mean_30,0,2026-07-31
41,39,2026-08-11,0.133,0.0,2.237,rolling_mean_30,0,2026-07-31
42,39,2026-08-12,0.133,0.0,2.237,rolling_mean_30,0,2026-07-31
43,39,2026-08-13,0.133,0.0,2.237,rolling_mean_30,0,2026-07-31
44,39,2026-08-14,0.133,0.0,2.237,rolling_mean_30,0,2026-07-31
45,39,2026-08-15,0.133,0.0,2.237,rolling_mean_30,0,2026-07-31
46,39,2026-08-16,0.133,0.0,2.237,rolling_mean_30,0,2026-07-31
47,39,2026-08-17,0.133,0.0,2.237,rolling_mean_30,0,2026-07-31
48,39,2026-08-18,0.133,0.0,2.237,rolling_mean_30,0,2026-07-31
49,39,2026-08-19,0.133,0.0,2.237,rolling_mean_30,0,2026-07-31
50,39,2026-08-20,0.133,0.0,2.237,rolling_mean_30,0,2026-07-31
51,39,2026-08-21,0.133,0.0,2.237,rolling_mean_30,0,2026-07-31
52,39,2026-08-22,0.133,0.0,2.237,rolling_mean_30,0,2026-07-31
53,39,2026-08-23,0.133,0.0,2.237,rolling_mean_30,0,2026-07-31
54,39,2026-08-24,0.133,0.0,2.237,rolling_mean_30,0,2026-07-31
55,39,2026-08-25,0.133,0.0,2.237,rolling_mean_30,0,2026-07-31
56,39,2026-08-26,0.133,0.0,2.237,rolling_mean_30,0,2026-07-31
57,39,2026-08-27,0.133,0.0,2.237,rolling_mean_30,0,2026-07-31
58,39,2026-08-28,0.133,0.0,2.237,rolling_mean_30,0,2026-07-31
59,39,2026-08-29,0.133,0.0,2.237,rolling_mean_30,0,2026-07-31
60,39,2026-08-30,0.133,0.0,2.237,rolling_mean_30,0,2026-07-31
61,48,2026-08-01,0.3,0.0,2.252,rolling_mean_30,0,2026-07-31
62,48,2026-08-02,0.3,0.0,2.252,rolling_mean_30,0,2026-07-31
63,48,2026-08-03,0.3,0.0,2.252,rolling_mean_30,0,2026-07-31
64,48,2026-08-04,0.3,0.0,2.252,rolling_mean_30,0,2026-07-31
65,48,2026-08-05,0.3,0.0,2.252,rolling_mean_30,0,2026-07-31
66,48,2026-08-06,0.3,0.0,2.252,rolling_mean_30,0,2026-07-31
67,48,2026-08-07,0.3,0.0,2.252,rolling_mean_30,0,2026-07-31
68,48,2026-08-08,0.3,0.0,2.252,rolling_mean_30,0,2026-07-31
69,48,2026-08-09,0.3,0.0,2.252,rolling_mean_30,0,2026-07-31
70,48,2026-08-10,0.3,0.0,2.252,rolling_mean_30,0,2026-07-31
71,48,2026-08-11,0.3,0.0,2.252,rolling_mean_30,0,2026-07-31
72,48,2026-08-12,0.3,0.0,2.252,rolling_mean_30,0,2026-07-31
73,48,2026-08-13,0.3,0.0,2.252,rolling_mean_30,0,2026-07-31
74,48,2026-08-14,0.3,0.0,2.252,rolling_mean_30,0,2026-07-31
75,48,2026-08-15,0.3,0.0,2.252,rolling_mean_30,0,2026-07-31
76,48,2026-08-16,0.3,0.0,2.252,rolling_mean_30,0,2026-07-31
77,48,2026-08-17,0.3,0.0,2.252,rolling_mean_30,0,2026-07-31
78,48,2026-08-18,0.3,0.0,2.252,rolling_mean_30,0,2026-07-31
79,48,2026-08-19,0.3,0.0,2.252,rolling_mean_30,0,2026-07-31
80,48,2026-08-20,0.3,0.0,2.252,rolling_mean_30,0,2026-07-31
81,48,2026-08-21,0.3,0.0,2.252,rolling_mean_30,0,2026-07-31
82,48,2026-08-22,0.3,0.0,2.252,rolling_mean_30,0,2026-07-31
83,48,2026-08-23,0.3,0.0,2.252,rolling_mean_30,0,2026-07-31
84,48,2026-08-24,0.3,0.0,2.252,rolling_mean_30,0,2026-07-31
85,48,2026-08-25,0.3,0.0,2.252,rolling_mean_30,0,2026-07-31
86,48,2026-08-26,0.3,0.0,2.252,rolling_mean_30,0,2026-07-31
87,48,2026-08-27,0.3,0.0,2.252,rolling_mean_30,0,2026-07-31
88,48,2026-08-28,0.3,0.0,2.252,rolling_mean_30,0,2026-07-31
89,48,2026-08-29,0.3,0.0,2.252,rolling_mean_30,0,2026-07-31
90,48,2026-08-30,0.3,0.0,2.252,rolling_mean_30,0,2026-07-31
91,54,2026-08-01,0.0,0.0,10.358,rolling_mean_30,0,2026-07-31
92,54,2026-08-02,0.0,0.0,10.358,rolling_mean_30,0,2026-07-31
93,54,2026-08-03,0.0,0.0,10.358,rolling_mean_30,0,2026-07-31
94,54,2026-08-04,0.0,0.0,10.358,rolling_mean_30,0,2026-07-31
95,54,2026-08-05,0.0,0.0,10.358,rolling_mean_30,0,2026-07-31
96,54,2026-08-06,0.0,0.0,10.358,rolling_mean_30,0,2026-07-31
97,54,2026-08-07,0.0,0.0,10.358,rolling_mean_30,0,2026-07-31
98,54,2026-08-08,0.0,0.0,10.358,rolling_mean_30,0,2026-07-31
99,54,2026-08-09,0.0,0.0,10.358,rolling_mean_30,0,2026-07-31
100,54,2026-08-10,0.0,0.0,10.358,rolling_mean_30,0,2026-07-31
101,54,2026-08-11,0.0,0.0,10.358,rolling_mean_30,0,2026-07-31
102,54,2026-08-12,0.0,0.0,10.358,rolling_mean_30,0,2026-07-31
103,54,2026-08-13,0.0,0.0,10.358,rolling_mean_30,0,2026-07-31
104,54,2026-08-14,0.0,0.0,10.358,rolling_mean_30,0,2026-07-31
105,54,2026-08-15,0.0,0.0,10.358,rolling_mean_30,0,2026-07-31
106,54,2026-08-16,0.0,0.0,10.358,rolling_mean_30,0,2026-07-31
107,54,2026-08-17,0.0,0.0,10.358,rolling_mean_30,0,2026-07-31
108,54,2026-08-18,0.0,0.0,10.358,rolling_mean_30,0,2026-07-31
109,54,2026-08-19,0.0,0.0,10.358,rolling_mean_30,0,2026-07-31
110,54,2026-08-20,0.0,0.0,10.358,rolling_mean_30,0,2026-07-31
111,54,2026-08-21,0.0,0.0,10.358,rolling_mean_30,0,2026-07-31
112,54,2026-08-22,0.0,0.0,10.358,rolling_mean_30,0,2026-07-31
113,54,2026-08-23,0.0,0.0,10.358,rolling_mean_30,0,2026-07-31
114,54,2026-08-24,0.0,0.0,10.358,rolling_mean_30,0,2026-07-31
115,54,2026-08-25,0.0,0.0,10.358,rolling_mean_30,0,2026-07-31
116,54,2026-08-26,0.0,0.0,10.358,rolling_mean_30,0,2026-07-31
117,54,2026-08-27,0.0,0.0,10.358,rolling_mean_30,0,2026-07-31
118,54,2026-08-28,0.0,0.0,10.358,rolling_mean_30,0,2026-07-31
119,54,2026-08-29,0.0,0.0,10.358,rolling_mean_30,0,2026-07-31
120,54,2026-08-30,0.0,0.0,10.358,rolling_mean_30,0,2026-07-31
121,55,2026-08-01,3.0,0.0,12.278,rolling_mean_30,0,2026-07-31
122,55,2026-08-02,3.0,0.0,12.278,rolling_mean_30,0,2026-07-31
123,55,2026-08-03,3.0,0.0,12.278,rolling_mean_30,0,2026-07-31
124,55,2026-08-04,3.0,0.0,12.278,rolling_mean_30,0,2026-07-31
125,55,2026-08-05,3.0,0.0,12.278,rolling_mean_30,0,2026-07-31
126,55,2026-08-06,3.0,0.0,12.278,rolling_mean_30,0,2026-07-31
127,55,2026-08-07,3.0,0.0,12.278,rolling_mean_30,0,2026-07-31
128,55,2026-08-08,3.0,0.0,12.278,rolling_mean_30,0,2026-07-31
129,55,2026-08-09,3.0,0.0,12.278,rolling_mean_30,0,2026-07-31
130,55,2026-08-10,3.0,0.0,12.278,rolling_mean_30,0,2026-07-31
131,55,2026-08-11,3.0,0.0,12.278,rolling_mean_30,0,2026-07-31
132,55,2026-08-12,3.0,0.0,12.278,rolling_mean_30,0,2026-07-31
133,55,2026-08-13,3.0,0.0,12.278,rolling_mean_30,0,2026-07-31
134,55,2026-08-14,3.0,0.0,12.278,rolling_mean_30,0,2026-07-31
135,55,2026-08-15,3.0,0.0,12.278,rolling_mean_30,0,2026-07-31
136,55,2026-08-16,3.0,0.0,12.278,rolling_mean_30,0,2026-07-31
137,55,2026-08-17,3.0,0.0,12.278,rolling_mean_30,0,2026-07-31
138,55,2026-08-18,3.0,0.0,12.278,rolling_mean_30,0,2026-07-31
139,55,2026-08-19,3.0,0.0,12.278,rolling_mean_30,0,2026-07-31
140,55,2026-08-20,3.0,0.0,12.278,rolling_mean_30,0,2026-07-31
141,55,2026-08-21,3.0,0.0,12.278,rolling_mean_30,0,2026-07-31
142,55,2026-08-22,3.0,0.0,12.278,rolling_mean_30,0,2026-07-31
143,55,2026-08-23,3.0,0.0,12.278,rolling_mean_30,0,2026-07-31
144,55,2026-08-24,3.0,0.0,12.278,rolling_mean_30,0,2026-07-31
145,55,2026-08-25,3.0,0.0,12.278,rolling_mean_30,0,2026-07-31
146,55,2026-08-26,3.0,0.0,12.278,rolling_mean_30,0,2026-07-31
147,55,2026-08-27,3.0,0.0,12.278,rolling_mean_30,0,2026-07-31
148,55,2026-08-28,3.0,0.0,12.278,rolling_mean_30,0,2026-07-31
149,55,2026-08-29,3.0,0.0,12.278,rolling_mean_30,0,2026-07-31
150,55,2026-08-30,3.0,0.0,12.278,rolling_mean_30,0,2026-07-31
151,74,2026-08-01,2.0,0.0,10.818,rolling_mean_30,0,2026-07-31
152,74,2026-08-02,2.0,0.0,10.818,rolling_mean_30,0,2026-07-31
153,74,2026-08-03,2.0,0.0,10.818,rolling_mean_30,0,2026-07-31
154,74,2026-08-04,2.0,0.0,10.818,rolling_mean_30,0,2026-07-31
155,74,2026-08-05,2.0,0.0,10.818,rolling_mean_30,0,2026-07-31
156,74,2026-08-06,2.0,0.0,10.818,rolling_mean_30,0,2026-07-31
157,74,2026-08-07,2.0,0.0,10.818,rolling_mean_30,0,2026-07-31
158,74,2026-08-08,2.0,0.0,10.818,rolling_mean_30,0,2026-07-31
159,74,2026-08-09,2.0,0.0,10.818,rolling_mean_30,0,2026-07-31
160,74,2026-08-10,2.0,0.0,10.818,rolling_mean_30,0,2026-07-31
161,74,2026-08-11,2.0,0.0,10.818,rolling_mean_30,0,2026-07-31
162,74,2026-08-12,2.0,0.0,10.818,rolling_mean_30,0,2026-07-31
163,74,2026-08-13,2.0,0.0,10.818,rolling_mean_30,0,2026-07-31
164,74,2026-08-14,2.0,0.0,10.818,rolling_mean_30,0,2026-07-31
165,74,2026-08-15,2.0,0.0,10.818,rolling_mean_30,0,2026-07-31
166,74,2026-08-16,2.0,0.0,10.818,rolling_mean_30,0,2026-07-31
167,74,2026-08-17,2.0,0.0,10.818,rolling_mean_30,0,2026-07-31
168,74,2026-08-18,2.0,0.0,10.818,rolling_mean_30,0,2026-07-31
169,74,2026-08-19,2.0,0.0,10.818,rolling_mean_30,0,2026-07-31
170,74,2026-08-20,2.0,0.0,10.818,rolling_mean_30,0,2026-07-31
171,74,2026-08-21,2.0,0.0,10.818,rolling_mean_30,0,2026-07-31
172,74,2026-08-22,2.0,0.0,10.818,rolling_mean_30,0,2026-07-31
173,74,2026-08-23,2.0,0.0,10.818,rolling_mean_30,0,2026-07-31
174,74,2026-08-24,2.0,0.0,10.818,rolling_mean_30,0,2026-07-31
175,74,2026-08-25,2.0,0.0,10.818,rolling_mean_30,0,2026-07-31
176,74,2026-08-26,2.0,0.0,10.818,rolling_mean_30,0,2026-07-31
177,74,2026-08-27,2.0,0.0,10.818,rolling_mean_30,0,2026-07-31
178,74,2026-08-28,2.0,0.0,10.818,rolling_mean_30,0,2026-07-31
179,74,2026-08-29,2.0,0.0,10.818,rolling_mean_30,0,2026-07-31
180,74,2026-08-30,2.0,0.0,10.818,rolling_mean_30,0,2026-07-31
181,112,2026-08-01,0.267,0.0,5.437,rolling_mean_30,0,2026-07-31
182,112,2026-08-02,0.267,0.0,5.437,rolling_mean_30,0,2026-07-31
183,112,2026-08-03,0.267,0.0,5.437,rolling_mean_30,0,2026-07-31
184,112,2026-08-04,0.267,0.0,5.437,rolling_mean_30,0,2026-07-31
185,112,2026-08-05,0.267,0.0,5.437,rolling_mean_30,0,2026-07-31
186,112,2026-08-06,0.267,0.0,5.437,rolling_mean_30,0,2026-07-31
187,112,2026-08-07,0.267,0.0,5.437,rolling_mean_30,0,2026-07-31
188,112,2026-08-08,0.267,0.0,5.437,rolling_mean_30,0,2026-07-31
189,112,2026-08-09,0.267,0.0,5.437,rolling_mean_30,0,2026-07-31
190,112,2026-08-10,0.267,0.0,5.437,rolling_mean_30,0,2026-07-31
191,112,2026-08-11,0.267,0.0,5.437,rolling_mean_30,0,2026-07-31
192,112,2026-08-12,0.267,0.0,5.437,rolling_mean_30,0,2026-07-31
193,112,2026-08-13,0.267,0.0,5.437,rolling_mean_30,0,2026-07-31
194,112,2026-08-14,0.267,0.0,5.437,rolling_mean_30,0,2026-07-31
195,112,2026-08-15,0.267,0.0,5.437,rolling_mean_30,0,2026-07-31
196,112,2026-08-16,0.267,0.0,5.437,rolling_mean_30,0,2026-07-31
197,112,2026-08-17,0.267,0.0,5.437,rolling_mean_30,0,2026-07-31
198,112,2026-08-18,0.267,0.0,5.437,rolling_mean_30,0,2026-07-31
199,112,2026-08-19,0.267,0.0,5.437,rolling_mean_30,0,2026-07-31
200,112,2026-08-20,0.267,0.0,5.437,rolling_mean_30,0,2026-07-31
201,112,2026-08-21,0.267,0.0,5.437,rolling_mean_30,0,2026-07-31
202,112,2026-08-22,0.267,0.0,5.437,rolling_mean_30,0,2026-07-31
203,112,2026-08-23,0.267,0.0,5.437,rolling_mean_30,0,2026-07-31
204,112,2026-08-24,0.267,0.0,5.437,rolling_mean_30,0,2026-07-31
205,112,2026-08-25,0.267,0.0,5.437,rolling_mean_30,0,2026-07-31
206,112,2026-08-26,0.267,0.0,5.437,rolling_mean_30,0,2026-07-31
207,112,2026-08-27,0.267,0.0,5.437,rolling_mean_30,0,2026-07-31
208,112,2026-08-28,0.267,0.0,5.437,rolling_mean_30,0,2026-07-31
209,112,2026-08-29,0.267,0.0,5.437,rolling_mean_30,0,2026-07-31
210,112,2026-08-30,0.267,0.0,5.437,rolling_mean_30,0,2026-07-31
211,148,2026-08-01,0.0,0.0,1.732,rolling_mean_30,0,2026-07-31
212,148,2026-08-02,0.0,0.0,1.732,rolling_mean_30,0,2026-07-31
213,148,2026-08-03,0.0,0.0,1.732,rolling_mean_30,0,2026-07-31
214,148,2026-08-04,0.0,0.0,1.732,rolling_mean_30,0,2026-07-31
215,148,2026-08-05,0.0,0.0,1.732,rolling_mean_30,0,2026-07-31
216,148,2026-08-06,0.0,0.0,1.732,rolling_mean_30,0,2026-07-31
217,148,2026-08-07,0.0,0.0,1.732,rolling_mean_30,0,2026-07-31
218,148,2026-08-08,0.0,0.0,1.732,rolling_mean_30,0,2026-07-31
219,148,2026-08-09,0.0,0.0,1.732,rolling_mean_30,0,2026-07-31
220,148,2026-08-10,0.0,0.0,1.732,rolling_mean_30,0,2026-07-31
221,148,2026-08-11,0.0,0.0,1.732,rolling_mean_30,0,2026-07-31
222,148,2026-08-12,0.0,0.0,1.732,rolling_mean_30,0,2026-07-31
223,148,2026-08-13,0.0,0.0,1.732,rolling_mean_30,0,2026-07-31
224,148,2026-08-14,0.0,0.0,1.732,rolling_mean_30,0,2026-07-31
225,148,2026-08-15,0.0,0.0,1.732,rolling_mean_30,0,2026-07-31
226,148,2026-08-16,0.0,0.0,1.732,rolling_mean_30,0,2026-07-31
227,148,2026-08-17,0.0,0.0,1.732,rolling_mean_30,0,2026-07-31
228,148,2026-08-18,0.0,0.0,1.732,rolling_mean_30,0,2026-07-31
229,148,2026-08-19,0.0,0.0,1.732,rolling_mean_30,0,2026-07-31
230,148,2026-08-20,0.0,0.0,1.732,rolling_mean_30,0,2026-07-31
231,148,2026-08-21,0.0,0.0,1.732,rolling_mean_30,0,2026-07-31
232,148,2026-08-22,0.0,0.0,1.732,rolling_mean_30,0,2026-07-31
233,148,2026-08-23,0.0,0.0,1.732,rolling_mean_30,0,2026-07-31
234,148,2026-08-24,0.0,0.0,1.732,rolling_mean_30,0,2026-07-31
235,148,2026-08-25,0.0,0.0,1.732,rolling_mean_30,0,2026-07-31
236,148,2026-08-26,0.0,0.0,1.732,rolling_mean_30,0,2026-07-31
237,148,2026-08-27,0.0,0.0,1.732,rolling_mean_30,0,2026-07-31
238,148,2026-08-28,0.0,0.0,1.732,rolling_mean_30,0,2026-07-31
239,148,2026-08-29,0.0,0.0,1.732,rolling_mean_30,0,2026-07-31
240,148,2026-08-30,0.0,0.0,1.732,rolling_mean_30,0,2026-07-31
241,156,2026-08-01,0.0,0.0,2.987,rolling_mean_30,0,2026-07-31
242,156,2026-08-02,0.0,0.0,2.987,rolling_mean_30,0,2026-07-31
243,156,2026-08-03,0.0,0.0,2.987,rolling_mean_30,0,2026-07-31
244,156,2026-08-04,0.0,0.0,2.987,rolling_mean_30,0,2026-07-31
245,156,2026-08-05,0.0,0.0,2.987,rolling_mean_30,0,2026-07-31
246,156,2026-08-06,0.0,0.0,2.987,rolling_mean_30,0,2026-07-31
247,156,2026-08-07,0.0,0.0,2.987,rolling_mean_30,0,2026-07-31
248,156,2026-08-08,0.0,0.0,2.987,rolling_mean_30,0,2026-07-31
249,156,2026-08-09,0.0,0.0,2.987,rolling_mean_30,0,2026-07-31
250,156,2026-08-10,0.0,0.0,2.987,rolling_mean_30,0,2026-07-31
251,156,2026-08-11,0.0,0.0,2.987,rolling_mean_30,0,2026-07-31
252,156,2026-08-12,0.0,0.0,2.987,rolling_mean_30,0,2026-07-31
253,156,2026-08-13,0.0,0.0,2.987,rolling_mean_30,0,2026-07-31
254,156,2026-08-14,0.0,0.0,2.987,rolling_mean_30,0,2026-07-31
255,156,2026-08-15,0.0,0.0,2.987,rolling_mean_30,0,2026-07-31
256,156,2026-08-16,0.0,0.0,2.987,rolling_mean_30,0,2026-07-31
257,156,2026-08-17,0.0,0.0,2.987,rolling_mean_30,0,2026-07-31
258,156,2026-08-18,0.0,0.0,2.987,rolling_mean_30,0,2026-07-31
259,156,2026-08-19,0.0,0.0,2.987,rolling_mean_30,0,2026-07-31
260,156,2026-08-20,0.0,0.0,2.987,rolling_mean_30,0,2026-07-31
261,156,2026-08-21,0.0,0.0,2.987,rolling_mean_30,0,2026-07-31
262,156,2026-08-22,0.0,0.0,2.987,rolling_mean_30,0,2026-07-31
263,156,2026-08-23,0.0,0.0,2.987,rolling_mean_30,0,2026-07-31
264,156,2026-08-24,0.0,0.0,2.987,rolling_mean_30,0,2026-07-31
265,156,2026-08-25,0.0,0.0,2.987,rolling_mean_30,0,2026-07-31
266,156,2026-08-26,0.0,0.0,2.987,rolling_mean_30,0,2026-07-31
267,156,2026-08-27,0.0,0.0,2.987,rolling_mean_30,0,2026-07-31
268,156,2026-08-28,0.0,0.0,2.987,rolling_mean_30,0,2026-07-31
269,156,2026-08-29,0.0,0.0,2.987,rolling_mean_30,0,2026-07-31
270,156,2026-08-30,0.0,0.0,2.987,rolling_mean_30,0,2026-07-31
271,174,2026-08-01,0.467,0.0,2.927,rolling_mean_30,0,2026-07-31
272,174,2026-08-02,0.467,0.0,2.927,rolling_mean_30,0,2026-07-31
273,174,2026-08-03,0.467,0.0,2.927,rolling_mean_30,0,2026-07-31
274,174,2026-08-04,0.467,0.0,2.927,rolling_mean_30,0,2026-07-31
275,174,2026-08-05,0.467,0.0,2.927,rolling_mean_30,0,2026-07-31
276,174,2026-08-06,0.467,0.0,2.927,rolling_mean_30,0,2026-07-31
277,174,2026-08-07,0.467,0.0,2.927,rolling_mean_30,0,2026-07-31
278,174,2026-08-08,0.467,0.0,2.927,rolling_mean_30,0,2026-07-31
279,174,2026-08-09,0.467,0.0,2.927,rolling_mean_30,0,2026-07-31
280,174,2026-08-10,0.467,0.0,2.927,rolling_mean_30,0,2026-07-31
281,174,2026-08-11,0.467,0.0,2.927,rolling_mean_30,0,2026-07-31
282,174,2026-08-12,0.467,0.0,2.927,rolling_mean_30,0,2026-07-31
283,174,2026-08-13,0.467,0.0,2.927,rolling_mean_30,0,2026-07-31
284,174,2026-08-14,0.467,0.0,2.927,rolling_mean_30,0,2026-07-31
285,174,2026-08-15,0.467,0.0,2.927,rolling_mean_30,0,2026-07-31
286,174,2026-08-16,0.467,0.0,2.927,rolling_mean_30,0,2026-07-31
287,174,2026-08-17,0.467,0.0,2.927,rolling_mean_30,0,2026-07-31
288,174,2026-08-18,0.467,0.0,2.927,rolling_mean_30,0,2026-07-31
289,174,2026-08-19,0.467,0.0,2.927,rolling_mean_30,0,2026-07-31
290,174,2026-08-20,0.467,0.0,2.927,rolling_mean_30,0,2026-07-31
291,174,2026-08-21,0.467,0.0,2.927,rolling_mean_30,0,2026-07-31
292,174,2026-08-22,0.467,0.0,2.927,rolling_mean_30,0,2026-07-31
293,174,2026-08-23,0.467,0.0,2.927,rolling_mean_30,0,2026-07-31
294,174,2026-08-24,0.467,0.0,2.927,rolling_mean_30,0,2026-07-31
295,174,2026-08-25,0.467,0.0,2.927,rolling_mean_30,0,2026-07-31
296,174,2026-08-26,0.467,0.0,2.927,rolling_mean_30,0,2026-07-31
297,174,2026-08-27,0.467,0.0,2.927,rolling_mean_30,0,2026-07-31
298,174,2026-08-28,0.467,0.0,2.927,rolling_mean_30,0,2026-07-31
299,174,2026-08-29,0.467,0.0,2.927,rolling_mean_30,0,2026-07-31
300,174,2026-08-30,0.467,0.0,2.927,rolling_mean_30,0,2026-07-31
301,187,2026-08-01,0.533,0.0,2.998,rolling_mean_30,0,2026-07-31
302,187,2026-08-02,0.533,0.0,2.998,rolling_mean_30,0,2026-07-31
303,187,2026-08-03,0.533,0.0,2.998,rolling_mean_30,0,2026-07-31
304,187,2026-08-04,0.533,0.0,2.998,rolling_mean_30,0,2026-07-31
305,187,2026-08-05,0.533,0.0,2.998,rolling_mean_30,0,2026-07-31
306,187,2026-08-06,0.533,0.0,2.998,rolling_mean_30,0,2026-07-31
307,187,2026-08-07,0.533,0.0,2.998,rolling_mean_30,0,2026-07-31
308,187,2026-08-08,0.533,0.0,2.998,rolling_mean_30,0,2026-07-31
309,187,2026-08-09,0.533,0.0,2.998,rolling_mean_30,0,2026-07-31
310,187,2026-08-10,0.533,0.0,2.998,rolling_mean_30,0,2026-07-31
311,187,2026-08-11,0.533,0.0,2.998,rolling_mean_30,0,2026-07-31
312,187,2026-08-12,0.533,0.0,2.998,rolling_mean_30,0,2026-07-31
313,187,2026-08-13,0.533,0.0,2.998,rolling_mean_30,0,2026-07-31
314,187,2026-08-14,0.533,0.0,2.998,rolling_mean_30,0,2026-07-31
315,187,2026-08-15,0.533,0.0,2.998,rolling_mean_30,0,2026-07-31
316,187,2026-08-16,0.533,0.0,2.998,rolling_mean_30,0,2026-07-31
317,187,2026-08-17,0.533,0.0,2.998,rolling_mean_30,0,2026-07-31
318,187,2026-08-18,0.533,0.0,2.998,rolling_mean_30,0,2026-07-31
319,187,2026-08-19,0.533,0.0,2.998,rolling_mean_30,0,2026-07-31
320,187,2026-08-20,0.533,0.0,2.998,rolling_mean_30,0,2026-07-31
321,187,2026-08-21,0.533,0.0,2.998,rolling_mean_30,0,2026-07-31
322,187,2026-08-22,0.533,0.0,2.998,rolling_mean_30,0,2026-07-31
323,187,2026-08-23,0.533,0.0,2.998,rolling_mean_30,0,2026-07-31
324,187,2026-08-24,0.533,0.0,2.998,rolling_mean_30,0,2026-07-31
325,187,2026-08-25,0.533,0.0,2.998,rolling_mean_30,0,2026-07-31
326,187,2026-08-26,0.533,0.0,2.998,rolling_mean_30,0,2026-07-31
327,187,2026-08-27,0.533,0.0,2.998,rolling_mean_30,0,2026-07-31
328,187,2026-08-28,0.533,0.0,2.998,rolling_mean_30,0,2026-07-31
329,187,2026-08-29,0.533,0.0,2.998,rolling_mean_30,0,2026-07-31
330,187,2026-08-30,0.533,0.0,2.998,rolling_mean_30,0,2026-07-31
331,190,2026-08-01,0.0,0.0,2.61,rolling_mean_30,0,2026-07-31
332,190,2026-08-02,0.0,0.0,2.61,rolling_mean_30,0,2026-07-31
333,190,2026-08-03,0.0,0.0,2.61,rolling_mean_30,0,2026-07-31
334,190,2026-08-04,0.0,0.0,2.61,rolling_mean_30,0,2026-07-31
335,190,2026-08-05,0.0,0.0,2.61,rolling_mean_30,0,2026-07-31
336,190,2026-08-06,0.0,0.0,2.61,rolling_mean_30,0,2026-07-31
337,190,2026-08-07,0.0,0.0,2.61,rolling_mean_30,0,2026-07-31
338,190,2026-08-08,0.0,0.0,2.61,rolling_mean_30,0,2026-07-31
339,190,2026-08-09,0.0,0.0,2.61,rolling_mean_30,0,2026-07-31
340,190,2026-08-10,0.0,0.0,2.61,rolling_mean_30,0,2026-07-31
341,190,2026-08-11,0.0,0.0,2.61,rolling_mean_30,0,2026-07-31
342,190,2026-08-12,0.0,0.0,2.61,rolling_mean_30,0,2026-07-31
343,190,2026-08-13,0.0,0.0,2.61,rolling_mean_30,0,2026-07-31
344,190,2026-08-14,0.0,0.0,2.61,rolling_mean_30,0,2026-07-31
345,190,2026-08-15,0.0,0.0,2.61,rolling_mean_30,0,2026-07-31
346,190,2026-08-16,0.0,0.0,2.61,rolling_mean_30,0,2026-07-31
347,190,2026-08-17,0.0,0.0,2.61,rolling_mean_30,0,2026-07-31
348,190,2026-08-18,0.0,0.0,2.61,rolling_mean_30,0,2026-07-31
349,190,2026-08-19,0.0,0.0,2.61,rolling_mean_30,0,2026-07-31
350,190,2026-08-20,0.0,0.0,2.61,rolling_mean_30,0,2026-07-31
351,190,2026-08-21,0.0,0.0,2.61,rolling_mean_30,0,2026-07-31
352,190,2026-08-22,0.0,0.0,2.61,rolling_mean_30,0,2026-07-31
353,190,2026-08-23,0.0,0.0,2.61,rolling_mean_30,0,2026-07-31
354,190,2026-08-24,0.0,0.0,2.61,rolling_mean_30,0,2026-07-31
355,190,2026-08-25,0.0,0.0,2.61,rolling_mean_30,0,2026-07-31
356,190,2026-08-26,0.0,0.0,2.61,rolling_mean_30,0,2026-07-31
357,190,2026-08-27,0.0,0.0,2.61,rolling_mean_30,0,2026-07-31
358,190,2026-08-28,0.0,0.0,2.61,rolling_mean_30,0,2026-07-31
359,190,2026-08-29,0.0,0.0,2.61,rolling_mean_30,0,2026-07-31
360,190,2026-08-30,0.0,0.0,2.61,rolling_mean_30,0,2026-07-31
361,192,2026-08-01,0.5,0.0,3.598,rolling_mean_30,0,2026-07-31
362,192,2026-08-02,0.5,0.0,3.598,rolling_mean_30,0,2026-07-31
363,192,2026-08-03,0.5,0.0,3.598,rolling_mean_30,0,2026-07-31
364,192,2026-08-04,0.5,0.0,3.598,rolling_mean_30,0,2026-07-31
365,192,2026-08-05,0.5,0.0,3.598,rolling_mean_30,0,2026-07-31
366,192,2026-08-06,0.5,0.0,3.598,rolling_mean_30,0,2026-07-31
367,192,2026-08-07,0.5,0.0,3.598,rolling_mean_30,0,2026-07-31
368,192,2026-08-08,0.5,0.0,3.598,rolling_mean_30,0,2026-07-31
369,192,2026-08-09,0.5,0.0,3.598,rolling_mean_30,0,2026-07-31
370,192,2026-08-10,0.5,0.0,3.598,rolling_mean_30,0,2026-07-31
371,192,2026-08-11,0.5,0.0,3.598,rolling_mean_30,0,2026-07-31
372,192,2026-08-12,0.5,0.0,3.598,rolling_mean_30,0,2026-07-31
373,192,2026-08-13,0.5,0.0,3.598,rolling_mean_30,0,2026-07-31
374,192,2026-08-14,0.5,0.0,3.598,rolling_mean_30,0,2026-07-31
375,192,2026-08-15,0.5,0.0,3.598,rolling_mean_30,0,2026-07-31
376,192,2026-08-16,0.5,0.0,3.598,rolling_mean_30,0,2026-07-31
377,192,2026-08-17,0.5,0.0,3.598,rolling_mean_30,0,2026-07-31
378,192,2026-08-18,0.5,0.0,3.598,rolling_mean_30,0,2026-07-31
379,192,2026-08-19,0.5,0.0,3.598,rolling_mean_30,0,2026-07-31
380,192,2026-08-20,0.5,0.0,3.598,rolling_mean_30,0,2026-07-31
381,192,2026-08-21,0.5,0.0,3.598,rolling_mean_30,0,2026-07-31
382,192,2026-08-22,0.5,0.0,3.598,rolling_mean_30,0,2026-07-31
383,192,2026-08-23,0.5,0.0,3.598,rolling_mean_30,0,2026-07-31
384,192,2026-08-24,0.5,0.0,3.598,rolling_mean_30,0,2026-07-31
385,192,2026-08-25,0.5,0.0,3.598,rolling_mean_30,0,2026-07-31
386,192,2026-08-26,0.5,0.0,3.598,rolling_mean_30,0,2026-07-31
387,192,2026-08-27,0.5,0.0,3.598,rolling_mean_30,0,2026-07-31
388,192,2026-08-28,0.5,0.0,3.598,rolling_mean_30,0,2026-07-31
389,192,2026-08-29,0.5,0.0,3.598,rolling_mean_30,0,2026-07-31
390,192,2026-08-30,0.5,0.0,3.598,rolling_mean_30,0,2026-07-31
391,209,2026-08-01,0.0,0.0,4.032,rolling_mean_30,0,2026-07-31
392,209,2026-08-02,0.0,0.0,4.032,rolling_mean_30,0,2026-07-31
393,209,2026-08-03,0.0,0.0,4.032,rolling_mean_30,0,2026-07-31
394,209,2026-08-04,0.0,0.0,4.032,rolling_mean_30,0,2026-07-31
395,209,2026-08-05,0.0,0.0,4.032,rolling_mean_30,0,2026-07-31
396,209,2026-08-06,0.0,0.0,4.032,rolling_mean_30,0,2026-07-31
397,209,2026-08-07,0.0,0.0,4.032,rolling_mean_30,0,2026-07-31
398,209,2026-08-08,0.0,0.0,4.032,rolling_mean_30,0,2026-07-31
399,209,2026-08-09,0.0,0.0,4.032,rolling_mean_30,0,2026-07-31
400,209,2026-08-10,0.0,0.0,4.032,rolling_mean_30,0,2026-07-31
401,209,2026-08-11,0.0,0.0,4.032,rolling_mean_30,0,2026-07-31
402,209,2026-08-12,0.0,0.0,4.032,rolling_mean_30,0,2026-07-31
403,209,2026-08-13,0.0,0.0,4.032,rolling_mean_30,0,2026-07-31
404,209,2026-08-14,0.0,0.0,4.032,rolling_mean_30,0,2026-07-31
405,209,2026-08-15,0.0,0.0,4.032,rolling_mean_30,0,2026-07-31
406,209,2026-08-16,0.0,0.0,4.032,rolling_mean_30,0,2026-07-31
407,209,2026-08-17,0.0,0.0,4.032,rolling_mean_30,0,2026-07-31
408,209,2026-08-18,0.0,0.0,4.032,rolling_mean_30,0,2026-07-31
409,209,2026-08-19,0.0,0.0,4.032,rolling_mean_30,0,2026-07-31
410,209,2026-08-20,0.0,0.0,4.032,rolling_mean_30,0,2026-07-31
411,209,2026-08-21,0.0,0.0,4.032,rolling_mean_30,0,2026-07-31
412,209,2026-08-22,0.0,0.0,4.032,rolling_mean_30,0,2026-07-31
413,209,2026-08-23,0.0,0.0,4.032,rolling_mean_30,0,2026-07-31
414,209,2026-08-24,0.0,0.0,4.032,rolling_mean_30,0,2026-07-31
415,209,2026-08-25,0.0,0.0,4.032,rolling_mean_30,0,2026-07-31
416,209,2026-08-26,0.0,0.0,4.032,rolling_mean_30,0,2026-07-31
417,209,2026-08-27,0.0,0.0,4.032,rolling_mean_30,0,2026-07-31
418,209,2026-08-28,0.0,0.0,4.032,rolling_mean_30,0,2026-07-31
419,209,2026-08-29,0.0,0.0,4.032,rolling_mean_30,0,2026-07-31
420,209,2026-08-30,0.0,0.0,4.032,rolling_mean_30,0,2026-07-31
421,212,2026-08-01,0.033,0.0,6.218,rolling_mean_30,0,2026-07-31
422,212,2026-08-02,0.033,0.0,6.218,rolling_mean_30,0,2026-07-31
423,212,2026-08-03,0.033,0.0,6.218,rolling_mean_30,0,2026-07-31
424,212,2026-08-04,0.033,0.0,6.218,rolling_mean_30,0,2026-07-31
425,212,2026-08-05,0.033,0.0,6.218,rolling_mean_30,0,2026-07-31
426,212,2026-08-06,0.033,0.0,6.218,rolling_mean_30,0,2026-07-31
427,212,2026-08-07,0.033,0.0,6.218,rolling_mean_30,0,2026-07-31
428,212,2026-08-08,0.033,0.0,6.218,rolling_mean_30,0,2026-07-31
429,212,2026-08-09,0.033,0.0,6.218,rolling_mean_30,0,2026-07-31
430,212,2026-08-10,0.033,0.0,6.218,rolling_mean_30,0,2026-07-31
431,212,2026-08-11,0.033,0.0,6.218,rolling_mean_30,0,2026-07-31
432,212,2026-08-12,0.033,0.0,6.218,rolling_mean_30,0,2026-07-31
433,212,2026-08-13,0.033,0.0,6.218,rolling_mean_30,0,2026-07-31
434,212,2026-08-14,0.033,0.0,6.218,rolling_mean_30,0,2026-07-31
435,212,2026-08-15,0.033,0.0,6.218,rolling_mean_30,0,2026-07-31
436,212,2026-08-16,0.033,0.0,6.218,rolling_mean_30,0,2026-07-31
437,212,2026-08-17,0.033,0.0,6.218,rolling_mean_30,0,2026-07-31
438,212,2026-08-18,0.033,0.0,6.218,rolling_mean_30,0,2026-07-31
439,212,2026-08-19,0.033,0.0,6.218,rolling_mean_30,0,2026-07-31
440,212,2026-08-20,0.033,0.0,6.218,rolling_mean_30,0,2026-07-31
441,212,2026-08-21,0.033,0.0,6.218,rolling_mean_30,0,2026-07-31
442,212,2026-08-22,0.033,0.0,6.218,rolling_mean_30,0,2026-07-31
443,212,2026-08-23,0.033,0.0,6.218,rolling_mean_30,0,2026-07-31
444,212,2026-08-24,0.033,0.0,6.218,rolling_mean_30,0,2026-07-31
445,212,2026-08-25,0.033,0.0,6.218,rolling_mean_30,0,2026-07-31
446,212,2026-08-26,0.033,0.0,6.218,rolling_mean_30,0,2026-07-31
447,212,2026-08-27,0.033,0.0,6.218,rolling_mean_30,0,2026-07-31
448,212,2026-08-28,0.033,0.0,6.218,rolling_mean_30,0,2026-07-31
449,212,2026-08-29,0.033,0.0,6.218,rolling_mean_30,0,2026-07-31
450,212,2026-08-30,0.033,0.0,6.218,rolling_mean_30,0,2026-07-31
451,213,2026-08-01,0.0,0.0,1.561,rolling_mean_30,0,2026-07-31
452,213,2026-08-02,0.0,0.0,1.561,rolling_mean_30,0,2026-07-31
453,213,2026-08-03,0.0,0.0,1.561,rolling_mean_30,0,2026-07-31
454,213,2026-08-04,0.0,0.0,1.561,rolling_mean_30,0,2026-07-31
455,213,2026-08-05,0.0,0.0,1.561,rolling_mean_30,0,2026-07-31
456,213,2026-08-06,0.0,0.0,1.561,rolling_mean_30,0,2026-07-31
457,213,2026-08-07,0.0,0.0,1.561,rolling_mean_30,0,2026-07-31
458,213,2026-08-08,0.0,0.0,1.561,rolling_mean_30,0,2026-07-31
459,213,2026-08-09,0.0,0.0,1.561,rolling_mean_30,0,2026-07-31
460,213,2026-08-10,0.0,0.0,1.561,rolling_mean_30,0,2026-07-31
461,213,2026-08-11,0.0,0.0,1.561,rolling_mean_30,0,2026-07-31
462,213,2026-08-12,0.0,0.0,1.561,rolling_mean_30,0,2026-07-31
463,213,2026-08-13,0.0,0.0,1.561,rolling_mean_30,0,2026-07-31
464,213,2026-08-14,0.0,0.0,1.561,rolling_mean_30,0,2026-07-31
465,213,2026-08-15,0.0,0.0,1.561,rolling_mean_30,0,2026-07-31
466,213,2026-08-16,0.0,0.0,1.561,rolling_mean_30,0,2026-07-31
467,213,2026-08-17,0.0,0.0,1.561,rolling_mean_30,0,2026-07-31
468,213,2026-08-18,0.0,0.0,1.561,rolling_mean_30,0,2026-07-31
469,213,2026-08-19,0.0,0.0,1.561,rolling_mean_30,0,2026-07-31
470,213,2026-08-20,0.0,0.0,1.561,rolling_mean_30,0,2026-07-31
471,213,2026-08-21,0.0,0.0,1.561,rolling_mean_30,0,2026-07-31
472,213,2026-08-22,0.0,0.0,1.561,rolling_mean_30,0,2026-07-31
473,213,2026-08-23,0.0,0.0,1.561,rolling_mean_30,0,2026-07-31
474,213,2026-08-24,0.0,0.0,1.561,rolling_mean_30,0,2026-07-31
475,213,2026-08-25,0.0,0.0,1.561,rolling_mean_30,0,2026-07-31
476,213,2026-08-26,0.0,0.0,1.561,rolling_mean_30,0,2026-07-31
477,213,2026-08-27,0.0,0.0,1.561,rolling_mean_30,0,2026-07-31
478,213,2026-08-28,0.0,0.0,1.561,rolling_mean_30,0,2026-07-31
479,213,2026-08-29,0.0,0.0,1.561,rolling_mean_30,0,2026-07-31
480,213,2026-08-30,0.0,0.0,1.561,rolling_mean_30,0,2026-07-31
481,215,2026-08-01,0.033,0.0,24.911,rolling_mean_30,0,2026-07-31
482,215,2026-08-02,0.033,0.0,24.911,rolling_mean_30,0,2026-07-31
483,215,2026-08-03,0.033,0.0,24.911,rolling_mean_30,0,2026-07-31
484,215,2026-08-04,0.033,0.0,24.911,rolling_mean_30,0,2026-07-31
485,215,2026-08-05,0.033,0.0,24.911,rolling_mean_30,0,2026-07-31
486,215,2026-08-06,0.033,0.0,24.911,rolling_mean_30,0,2026-07-31
487,215,2026-08-07,0.033,0.0,24.911,rolling_mean_30,0,2026-07-31
488,215,2026-08-08,0.033,0.0,24.911,rolling_mean_30,0,2026-07-31
489,215,2026-08-09,0.033,0.0,24.911,rolling_mean_30,0,2026-07-31
490,215,2026-08-10,0.033,0.0,24.911,rolling_mean_30,0,2026-07-31
491,215,2026-08-11,0.033,0.0,24.911,rolling_mean_30,0,2026-07-31
492,215,2026-08-12,0.033,0.0,24.911,rolling_mean_30,0,2026-07-31
493,215,2026-08-13,0.033,0.0,24.911,rolling_mean_30,0,2026-07-31
494,215,2026-08-14,0.033,0.0,24.911,rolling_mean_30,0,2026-07-31
495,215,2026-08-15,0.033,0.0,24.911,rolling_mean_30,0,2026-07-31
496,215,2026-08-16,0.033,0.0,24.911,rolling_mean_30,0,2026-07-31
497,215,2026-08-17,0.033,0.0,24.911,rolling_mean_30,0,2026-07-31
498,215,2026-08-18,0.033,0.0,24.911,rolling_mean_30,0,2026-07-31
499,215,2026-08-19,0.033,0.0,24.911,rolling_mean_30,0,2026-07-31
500,215,2026-08-20,0.033,0.0,24.911,rolling_mean_30,0,2026-07-31
501,215,2026-08-21,0.033,0.0,24.911,rolling_mean_30,0,2026-07-31
502,215,2026-08-22,0.033,0.0,24.911,rolling_mean_30,0,2026-07-31
503,215,2026-08-23,0.033,0.0,24.911,rolling_mean_30,0,2026-07-31
504,215,2026-08-24,0.033,0.0,24.911,rolling_mean_30,0,2026-07-31
505,215,2026-08-25,0.033,0.0,24.911,rolling_mean_30,0,2026-07-31
506,215,2026-08-26,0.033,0.0,24.911,rolling_mean_30,0,2026-07-31
507,215,2026-08-27,0.033,0.0,24.911,rolling_mean_30,0,2026-07-31
508,215,2026-08-28,0.033,0.0,24.911,rolling_mean_30,0,2026-07-31
509,215,2026-08-29,0.033,0.0,24.911,rolling_mean_30,0,2026-07-31
510,215,2026-08-30,0.033,0.0,24.911,rolling_mean_30,0,2026-07-31
511,216,2026-08-01,0.0,0.0,3.857,rolling_mean_30,0,2026-07-31
512,216,2026-08-02,0.0,0.0,3.857,rolling_mean_30,0,2026-07-31
513,216,2026-08-03,0.0,0.0,3.857,rolling_mean_30,0,2026-07-31
514,216,2026-08-04,0.0,0.0,3.857,rolling_mean_30,0,2026-07-31
515,216,2026-08-05,0.0,0.0,3.857,rolling_mean_30,0,2026-07-31
516,216,2026-08-06,0.0,0.0,3.857,rolling_mean_30,0,2026-07-31
517,216,2026-08-07,0.0,0.0,3.857,rolling_mean_30,0,2026-07-31
518,216,2026-08-08,0.0,0.0,3.857,rolling_mean_30,0,2026-07-31
519,216,2026-08-09,0.0,0.0,3.857,rolling_mean_30,0,2026-07-31
520,216,2026-08-10,0.0,0.0,3.857,rolling_mean_30,0,2026-07-31
521,216,2026-08-11,0.0,0.0,3.857,rolling_mean_30,0,2026-07-31
522,216,2026-08-12,0.0,0.0,3.857,rolling_mean_30,0,2026-07-31
523,216,2026-08-13,0.0,0.0,3.857,rolling_mean_30,0,2026-07-31
524,216,2026-08-14,0.0,0.0,3.857,rolling_mean_30,0,2026-07-31
525,216,2026-08-15,0.0,0.0,3.857,rolling_mean_30,0,2026-07-31
526,216,2026-08-16,0.0,0.0,3.857,rolling_mean_30,0,2026-07-31
527,216,2026-08-17,0.0,0.0,3.857,rolling_mean_30,0,2026-07-31
528,216,2026-08-18,0.0,0.0,3.857,rolling_mean_30,0,2026-07-31
529,216,2026-08-19,0.0,0.0,3.857,rolling_mean_30,0,2026-07-31
530,216,2026-08-20,0.0,0.0,3.857,rolling_mean_30,0,2026-07-31
531,216,2026-08-21,0.0,0.0,3.857,rolling_mean_30,0,2026-07-31
532,216,2026-08-22,0.0,0.0,3.857,rolling_mean_30,0,2026-07-31
533,216,2026-08-23,0.0,0.0,3.857,rolling_mean_30,0,2026-07-31
534,216,2026-08-24,0.0,0.0,3.857,rolling_mean_30,0,2026-07-31
535,216,2026-08-25,0.0,0.0,3.857,rolling_mean_30,0,2026-07-31
536,216,2026-08-26,0.0,0.0,3.857,rolling_mean_30,0,2026-07-31
537,216,2026-08-27,0.0,0.0,3.857,rolling_mean_30,0,2026-07-31
538,216,2026-08-28,0.0,0.0,3.857,rolling_mean_30,0,2026-07-31
539,216,2026-08-29,0.0,0.0,3.857,rolling_mean_30,0,2026-07-31
540,216,2026-08-30,0.0,0.0,3.857,rolling_mean_30,0,2026-07-31
541,221,2026-08-01,0.0,0.0,1.962,rolling_mean_30,0,2026-07-31
542,221,2026-08-02,0.0,0.0,1.962,rolling_mean_30,0,2026-07-31
543,221,2026-08-03,0.0,0.0,1.962,rolling_mean_30,0,2026-07-31
544,221,2026-08-04,0.0,0.0,1.962,rolling_mean_30,0,2026-07-31
545,221,2026-08-05,0.0,0.0,1.962,rolling_mean_30,0,2026-07-31
546,221,2026-08-06,0.0,0.0,1.962,rolling_mean_30,0,2026-07-31
547,221,2026-08-07,0.0,0.0,1.962,rolling_mean_30,0,2026-07-31
548,221,2026-08-08,0.0,0.0,1.962,rolling_mean_30,0,2026-07-31
549,221,2026-08-09,0.0,0.0,1.962,rolling_mean_30,0,2026-07-31
550,221,2026-08-10,0.0,0.0,1.962,rolling_mean_30,0,2026-07-31
551,221,2026-08-11,0.0,0.0,1.962,rolling_mean_30,0,2026-07-31
552,221,2026-08-12,0.0,0.0,1.962,rolling_mean_30,0,2026-07-31
553,221,2026-08-13,0.0,0.0,1.962,rolling_mean_30,0,2026-07-31
554,221,2026-08-14,0.0,0.0,1.962,rolling_mean_30,0,2026-07-31
555,221,2026-08-15,0.0,0.0,1.962,rolling_mean_30,0,2026-07-31
556,221,2026-08-16,0.0,0.0,1.962,rolling_mean_30,0,2026-07-31
557,221,2026-08-17,0.0,0.0,1.962,rolling_mean_30,0,2026-07-31
558,221,2026-08-18,0.0,0.0,1.962,rolling_mean_30,0,2026-07-31
559,221,2026-08-19,0.0,0.0,1.962,rolling_mean_30,0,2026-07-31
560,221,2026-08-20,0.0,0.0,1.962,rolling_mean_30,0,2026-07-31
561,221,2026-08-21,0.0,0.0,1.962,rolling_mean_30,0,2026-07-31
562,221,2026-08-22,0.0,0.0,1.962,rolling_mean_30,0,2026-07-31
563,221,2026-08-23,0.0,0.0,1.962,rolling_mean_30,0,2026-07-31
564,221,2026-08-24,0.0,0.0,1.962,rolling_mean_30,0,2026-07-31
565,221,2026-08-25,0.0,0.0,1.962,rolling_mean_30,0,2026-07-31
566,221,2026-08-26,0.0,0.0,1.962,rolling_mean_30,0,2026-07-31
567,221,2026-08-27,0.0,0.0,1.962,rolling_mean_30,0,2026-07-31
568,221,2026-08-28,0.0,0.0,1.962,rolling_mean_30,0,2026-07-31
569,221,2026-08-29,0.0,0.0,1.962,rolling_mean_30,0,2026-07-31
570,221,2026-08-30,0.0,0.0,1.962,rolling_mean_30,0,2026-07-31
571,227,2026-08-01,0.633,0.0,3.811,rolling_mean_30,0,2026-07-31
572,227,2026-08-02,0.633,0.0,3.811,rolling_mean_30,0,2026-07-31
573,227,2026-08-03,0.633,0.0,3.811,rolling_mean_30,0,2026-07-31
574,227,2026-08-04,0.633,0.0,3.811,rolling_mean_30,0,2026-07-31
575,227,2026-08-05,0.633,0.0,3.811,rolling_mean_30,0,2026-07-31
576,227,2026-08-06,0.633,0.0,3.811,rolling_mean_30,0,2026-07-31
577,227,2026-08-07,0.633,0.0,3.811,rolling_mean_30,0,2026-07-31
578,227,2026-08-08,0.633,0.0,3.811,rolling_mean_30,0,2026-07-31
579,227,2026-08-09,0.633,0.0,3.811,rolling_mean_30,0,2026-07-31
580,227,2026-08-10,0.633,0.0,3.811,rolling_mean_30,0,2026-07-31
581,227,2026-08-11,0.633,0.0,3.811,rolling_mean_30,0,2026-07-31
582,227,2026-08-12,0.633,0.0,3.811,rolling_mean_30,0,2026-07-31
583,227,2026-08-13,0.633,0.0,3.811,rolling_mean_30,0,2026-07-31
584,227,2026-08-14,0.633,0.0,3.811,rolling_mean_30,0,2026-07-31
585,227,2026-08-15,0.633,0.0,3.811,rolling_mean_30,0,2026-07-31
586,227,2026-08-16,0.633,0.0,3.811,rolling_mean_30,0,2026-07-31
587,227,2026-08-17,0.633,0.0,3.811,rolling_mean_30,0,2026-07-31
588,227,2026-08-18,0.633,0.0,3.811,rolling_mean_30,0,2026-07-31
589,227,2026-08-19,0.633,0.0,3.811,rolling_mean_30,0,2026-07-31
590,227,2026-08-20,0.633,0.0,3.811,rolling_mean_30,0,2026-07-31
591,227,2026-08-21,0.633,0.0,3.811,rolling_mean_30,0,2026-07-31
592,227,2026-08-22,0.633,0.0,3.811,rolling_mean_30,0,2026-07-31
593,227,2026-08-23,0.633,0.0,3.811,rolling_mean_30,0,2026-07-31
594,227,2026-08-24,0.633,0.0,3.811,rolling_mean_30,0,2026-07-31
595,227,2026-08-25,0.633,0.0,3.811,rolling_mean_30,0,2026-07-31
596,227,2026-08-26,0.633,0.0,3.811,rolling_mean_30,0,2026-07-31
597,227,2026-08-27,0.633,0.0,3.811,rolling_mean_30,0,2026-07-31
598,227,2026-08-28,0.633,0.0,3.811,rolling_mean_30,0,2026-07-31
599,227,2026-08-29,0.633,0.0,3.811,rolling_mean_30,0,2026-07-31
600,227,2026-08-30,0.633,0.0,3.811,rolling_mean_30,0,2026-07-31
601,228,2026-08-01,1.1,0.0,6.312,rolling_mean_30,0,2026-07-31
602,228,2026-08-02,1.1,0.0,6.312,rolling_mean_30,0,2026-07-31
603,228,2026-08-03,1.1,0.0,6.312,rolling_mean_30,0,2026-07-31
604,228,2026-08-04,1.1,0.0,6.312,rolling_mean_30,0,2026-07-31
605,228,2026-08-05,1.1,0.0,6.312,rolling_mean_30,0,2026-07-31
606,228,2026-08-06,1.1,0.0,6.312,rolling_mean_30,0,2026-07-31
607,228,2026-08-07,1.1,0.0,6.312,rolling_mean_30,0,2026-07-31
608,228,2026-08-08,1.1,0.0,6.312,rolling_mean_30,0,2026-07-31
609,228,2026-08-09,1.1,0.0,6.312,rolling_mean_30,0,2026-07-31
610,228,2026-08-10,1.1,0.0,6.312,rolling_mean_30,0,2026-07-31
611,228,2026-08-11,1.1,0.0,6.312,rolling_mean_30,0,2026-07-31
612,228,2026-08-12,1.1,0.0,6.312,rolling_mean_30,0,2026-07-31
613,228,2026-08-13,1.1,0.0,6.312,rolling_mean_30,0,2026-07-31
614,228,2026-08-14,1.1,0.0,6.312,rolling_mean_30,0,2026-07-31
615,228,2026-08-15,1.1,0.0,6.312,rolling_mean_30,0,2026-07-31
616,228,2026-08-16,1.1,0.0,6.312,rolling_mean_30,0,2026-07-31
617,228,2026-08-17,1.1,0.0,6.312,rolling_mean_30,0,2026-07-31
618,228,2026-08-18,1.1,0.0,6.312,rolling_mean_30,0,2026-07-31
619,228,2026-08-19,1.1,0.0,6.312,rolling_mean_30,0,2026-07-31
620,228,2026-08-20,1.1,0.0,6.312,rolling_mean_30,0,2026-07-31
621,228,2026-08-21,1.1,0.0,6.312,rolling_mean_30,0,2026-07-31
622,228,2026-08-22,1.1,0.0,6.312,rolling_mean_30,0,2026-07-31
623,228,2026-08-23,1.1,0.0,6.312,rolling_mean_30,0,2026-07-31
624,228,2026-08-24,1.1,0.0,6.312,rolling_mean_30,0,2026-07-31
625,228,2026-08-25,1.1,0.0,6.312,rolling_mean_30,0,2026-07-31
626,228,2026-08-26,1.1,0.0,6.312,rolling_mean_30,0,2026-07-31
627,228,2026-08-27,1.1,0.0,6.312,rolling_mean_30,0,2026-07-31
628,228,2026-08-28,1.1,0.0,6.312,rolling_mean_30,0,2026-07-31
629,228,2026-08-29,1.1,0.0,6.312,rolling_mean_30,0,2026-07-31
630,228,2026-08-30,1.1,0.0,6.312,rolling_mean_30,0,2026-07-31
631,229,2026-08-01,0.533,0.0,9.115,rolling_mean_30,0,2026-07-31
632,229,2026-08-02,0.533,0.0,9.115,rolling_mean_30,0,2026-07-31
633,229,2026-08-03,0.533,0.0,9.115,rolling_mean_30,0,2026-07-31
634,229,2026-08-04,0.533,0.0,9.115,rolling_mean_30,0,2026-07-31
635,229,2026-08-05,0.533,0.0,9.115,rolling_mean_30,0,2026-07-31
636,229,2026-08-06,0.533,0.0,9.115,rolling_mean_30,0,2026-07-31
637,229,2026-08-07,0.533,0.0,9.115,rolling_mean_30,0,2026-07-31
638,229,2026-08-08,0.533,0.0,9.115,rolling_mean_30,0,2026-07-31
639,229,2026-08-09,0.533,0.0,9.115,rolling_mean_30,0,2026-07-31
640,229,2026-08-10,0.533,0.0,9.115,rolling_mean_30,0,2026-07-31
641,229,2026-08-11,0.533,0.0,9.115,rolling_mean_30,0,2026-07-31
642,229,2026-08-12,0.533,0.0,9.115,rolling_mean_30,0,2026-07-31
643,229,2026-08-13,0.533,0.0,9.115,rolling_mean_30,0,2026-07-31
644,229,2026-08-14,0.533,0.0,9.115,rolling_mean_30,0,2026-07-31
645,229,2026-08-15,0.533,0.0,9.115,rolling_mean_30,0,2026-07-31
646,229,2026-08-16,0.533,0.0,9.115,rolling_mean_30,0,2026-07-31
647,229,2026-08-17,0.533,0.0,9.115,rolling_mean_30,0,2026-07-31
648,229,2026-08-18,0.533,0.0,9.115,rolling_mean_30,0,2026-07-31
649,229,2026-08-19,0.533,0.0,9.115,rolling_mean_30,0,2026-07-31
650,229,2026-08-20,0.533,0.0,9.115,rolling_mean_30,0,2026-07-31
651,229,2026-08-21,0.533,0.0,9.115,rolling_mean_30,0,2026-07-31
652,229,2026-08-22,0.533,0.0,9.115,rolling_mean_30,0,2026-07-31
653,229,2026-08-23,0.533,0.0,9.115,rolling_mean_30,0,2026-07-31
654,229,2026-08-24,0.533,0.0,9.115,rolling_mean_30,0,2026-07-31
655,229,2026-08-25,0.533,0.0,9.115,rolling_mean_30,0,2026-07-31
656,229,2026-08-26,0.533,0.0,9.115,rolling_mean_30,0,2026-07-31
657,229,2026-08-27,0.533,0.0,9.115,rolling_mean_30,0,2026-07-31
658,229,2026-08-28,0.533,0.0,9.115,rolling_mean_30,0,2026-07-31
659,229,2026-08-29,0.533,0.0,9.115,rolling_mean_30,0,2026-07-31
660,229,2026-08-30,0.533,0.0,9.115,rolling_mean_30,0,2026-07-31
661,242,2026-08-01,0.0,0.0,25.13,rolling_mean_30,0,2026-07-31
662,242,2026-08-02,0.0,0.0,25.13,rolling_mean_30,0,2026-07-31
663,242,2026-08-03,0.0,0.0,25.13,rolling_mean_30,0,2026-07-31
664,242,2026-08-04,0.0,0.0,25.13,rolling_mean_30,0,2026-07-31
665,242,2026-08-05,0.0,0.0,25.13,rolling_mean_30,0,2026-07-31
666,242,2026-08-06,0.0,0.0,25.13,rolling_mean_30,0,2026-07-31
667,242,2026-08-07,0.0,0.0,25.13,rolling_mean_30,0,2026-07-31
668,242,2026-08-08,0.0,0.0,25.13,rolling_mean_30,0,2026-07-31
669,242,2026-08-09,0.0,0.0,25.13,rolling_mean_30,0,2026-07-31
670,242,2026-08-10,0.0,0.0,25.13,rolling_mean_30,0,2026-07-31
671,242,2026-08-11,0.0,0.0,25.13,rolling_mean_30,0,2026-07-31
672,242,2026-08-12,0.0,0.0,25.13,rolling_mean_30,0,2026-07-31
673,242,2026-08-13,0.0,0.0,25.13,rolling_mean_30,0,2026-07-31
674,242,2026-08-14,0.0,0.0,25.13,rolling_mean_30,0,2026-07-31
675,242,2026-08-15,0.0,0.0,25.13,rolling_mean_30,0,2026-07-31
676,242,2026-08-16,0.0,0.0,25.13,rolling_mean_30,0,2026-07-31
677,242,2026-08-17,0.0,0.0,25.13,rolling_mean_30,0,2026-07-31
678,242,2026-08-18,0.0,0.0,25.13,rolling_mean_30,0,2026-07-31
679,242,2026-08-19,0.0,0.0,25.13,rolling_mean_30,0,2026-07-31
680,242,2026-08-20,0.0,0.0,25.13,rolling_mean_30,0,2026-07-31
681,242,2026-08-21,0.0,0.0,25.13,rolling_mean_30,0,2026-07-31
682,242,2026-08-22,0.0,0.0,25.13,rolling_mean_30,0,2026-07-31
683,242,2026-08-23,0.0,0.0,25.13,rolling_mean_30,0,2026-07-31
684,242,2026-08-24,0.0,0.0,25.13,rolling_mean_30,0,2026-07-31
685,242,2026-08-25,0.0,0.0,25.13,rolling_mean_30,0,2026-07-31
686,242,2026-08-26,0.0,0.0,25.13,rolling_mean_30,0,2026-07-31
687,242,2026-08-27,0.0,0.0,25.13,rolling_mean_30,0,2026-07-31
688,242,2026-08-28,0.0,0.0,25.13,rolling_mean_30,0,2026-07-31
689,242,2026-08-29,0.0,0.0,25.13,rolling_mean_30,0,2026-07-31
690,242,2026-08-30,0.0,0.0,25.13,rolling_mean_30,0,2026-07-31
691,250,2026-08-01,0.0,0.0,1.019,rolling_mean_30,0,2026-07-31
692,250,2026-08-02,0.0,0.0,1.019,rolling_mean_30,0,2026-07-31
693,250,2026-08-03,0.0,0.0,1.019,rolling_mean_30,0,2026-07-31
694,250,2026-08-04,0.0,0.0,1.019,rolling_mean_30,0,2026-07-31
695,250,2026-08-05,0.0,0.0,1.019,rolling_mean_30,0,2026-07-31
696,250,2026-08-06,0.0,0.0,1.019,rolling_mean_30,0,2026-07-31
697,250,2026-08-07,0.0,0.0,1.019,rolling_mean_30,0,2026-07-31
698,250,2026-08-08,0.0,0.0,1.019,rolling_mean_30,0,2026-07-31
699,250,2026-08-09,0.0,0.0,1.019,rolling_mean_30,0,2026-07-31
700,250,2026-08-10,0.0,0.0,1.019,rolling_mean_30,0,2026-07-31
701,250,2026-08-11,0.0,0.0,1.019,rolling_mean_30,0,2026-07-31
702,250,2026-08-12,0.0,0.0,1.019,rolling_mean_30,0,2026-07-31
703,250,2026-08-13,0.0,0.0,1.019,rolling_mean_30,0,2026-07-31
704,250,2026-08-14,0.0,0.0,1.019,rolling_mean_30,0,2026-07-31
705,250,2026-08-15,0.0,0.0,1.019,rolling_mean_30,0,2026-07-31
706,250,2026-08-16,0.0,0.0,1.019,rolling_mean_30,0,2026-07-31
707,250,2026-08-17,0.0,0.0,1.019,rolling_mean_30,0,2026-07-31
708,250,2026-08-18,0.0,0.0,1.019,rolling_mean_30,0,2026-07-31
709,250,2026-08-19,0.0,0.0,1.019,rolling_mean_30,0,2026-07-31
710,250,2026-08-20,0.0,0.0,1.019,rolling_mean_30,0,2026-07-31
711,250,2026-08-21,0.0,0.0,1.019,rolling_mean_30,0,2026-07-31
712,250,2026-08-22,0.0,0.0,1.019,rolling_mean_30,0,2026-07-31
713,250,2026-08-23,0.0,0.0,1.019,rolling_mean_30,0,2026-07-31
714,250,2026-08-24,0.0,0.0,1.019,rolling_mean_30,0,2026-07-31
715,250,2026-08-25,0.0,0.0,1.019,rolling_mean_30,0,2026-07-31
716,250,2026-08-26,0.0,0.0,1.019,rolling_mean_30,0,2026-07-31
717,250,2026-08-27,0.0,0.0,1.019,rolling_mean_30,0,2026-07-31
718,250,2026-08-28,0.0,0.0,1.019,rolling_mean_30,0,2026-07-31
719,250,2026-08-29,0.0,0.0,1.019,rolling_mean_30,0,2026-07-31
720,250,2026-08-30,0.0,0.0,1.019,rolling_mean_30,0,2026-07-31
721,251,2026-08-01,0.0,0.0,4.203,rolling_mean_30,0,2026-07-31
722,251,2026-08-02,0.0,0.0,4.203,rolling_mean_30,0,2026-07-31
723,251,2026-08-03,0.0,0.0,4.203,rolling_mean_30,0,2026-07-31
724,251,2026-08-04,0.0,0.0,4.203,rolling_mean_30,0,2026-07-31
725,251,2026-08-05,0.0,0.0,4.203,rolling_mean_30,0,2026-07-31
726,251,2026-08-06,0.0,0.0,4.203,rolling_mean_30,0,2026-07-31
727,251,2026-08-07,0.0,0.0,4.203,rolling_mean_30,0,2026-07-31
728,251,2026-08-08,0.0,0.0,4.203,rolling_mean_30,0,2026-07-31
729,251,2026-08-09,0.0,0.0,4.203,rolling_mean_30,0,2026-07-31
730,251,2026-08-10,0.0,0.0,4.203,rolling_mean_30,0,2026-07-31
731,251,2026-08-11,0.0,0.0,4.203,rolling_mean_30,0,2026-07-31
732,251,2026-08-12,0.0,0.0,4.203,rolling_mean_30,0,2026-07-31
733,251,2026-08-13,0.0,0.0,4.203,rolling_mean_30,0,2026-07-31
734,251,2026-08-14,0.0,0.0,4.203,rolling_mean_30,0,2026-07-31
735,251,2026-08-15,0.0,0.0,4.203,rolling_mean_30,0,2026-07-31
736,251,2026-08-16,0.0,0.0,4.203,rolling_mean_30,0,2026-07-31
737,251,2026-08-17,0.0,0.0,4.203,rolling_mean_30,0,2026-07-31
738,251,2026-08-18,0.0,0.0,4.203,rolling_mean_30,0,2026-07-31
739,251,2026-08-19,0.0,0.0,4.203,rolling_mean_30,0,2026-07-31
740,251,2026-08-20,0.0,0.0,4.203,rolling_mean_30,0,2026-07-31
741,251,2026-08-21,0.0,0.0,4.203,rolling_mean_30,0,2026-07-31
742,251,2026-08-22,0.0,0.0,4.203,rolling_mean_30,0,2026-07-31
743,251,2026-08-23,0.0,0.0,4.203,rolling_mean_30,0,2026-07-31
744,251,2026-08-24,0.0,0.0,4.203,rolling_mean_30,0,2026-07-31
745,251,2026-08-25,0.0,0.0,4.203,rolling_mean_30,0,2026-07-31
746,251,2026-08-26,0.0,0.0,4.203,rolling_mean_30,0,2026-07-31
747,251,2026-08-27,0.0,0.0,4.203,rolling_mean_30,0,2026-07-31
748,251,2026-08-28,0.0,0.0,4.203,rolling_mean_30,0,2026-07-31
749,251,2026-08-29,0.0,0.0,4.203,rolling_mean_30,0,2026-07-31
750,251,2026-08-30,0.0,0.0,4.203,rolling_mean_30,0,2026-07-31
751,252,2026-08-01,0.0,0.0,1.384,rolling_mean_30,0,2026-07-31
752,252,2026-08-02,0.0,0.0,1.384,rolling_mean_30,0,2026-07-31
753,252,2026-08-03,0.0,0.0,1.384,rolling_mean_30,0,2026-07-31
754,252,2026-08-04,0.0,0.0,1.384,rolling_mean_30,0,2026-07-31
755,252,2026-08-05,0.0,0.0,1.384,rolling_mean_30,0,2026-07-31
756,252,2026-08-06,0.0,0.0,1.384,rolling_mean_30,0,2026-07-31
757,252,2026-08-07,0.0,0.0,1.384,rolling_mean_30,0,2026-07-31
758,252,2026-08-08,0.0,0.0,1.384,rolling_mean_30,0,2026-07-31
759,252,2026-08-09,0.0,0.0,1.384,rolling_mean_30,0,2026-07-31
760,252,2026-08-10,0.0,0.0,1.384,rolling_mean_30,0,2026-07-31
761,252,2026-08-11,0.0,0.0,1.384,rolling_mean_30,0,2026-07-31
762,252,2026-08-12,0.0,0.0,1.384,rolling_mean_30,0,2026-07-31
763,252,2026-08-13,0.0,0.0,1.384,rolling_mean_30,0,2026-07-31
764,252,2026-08-14,0.0,0.0,1.384,rolling_mean_30,0,2026-07-31
765,252,2026-08-15,0.0,0.0,1.384,rolling_mean_30,0,2026-07-31
766,252,2026-08-16,0.0,0.0,1.384,rolling_mean_30,0,2026-07-31
767,252,2026-08-17,0.0,0.0,1.384,rolling_mean_30,0,2026-07-31
768,252,2026-08-18,0.0,0.0,1.384,rolling_mean_30,0,2026-07-31
769,252,2026-08-19,0.0,0.0,1.384,rolling_mean_30,0,2026-07-31
770,252,2026-08-20,0.0,0.0,1.384,rolling_mean_30,0,2026-07-31
771,252,2026-08-21,0.0,0.0,1.384,rolling_mean_30,0,2026-07-31
772,252,2026-08-22,0.0,0.0,1.384,rolling_mean_30,0,2026-07-31
773,252,2026-08-23,0.0,0.0,1.384,rolling_mean_30,0,2026-07-31
774,252,2026-08-24,0.0,0.0,1.384,rolling_mean_30,0,2026-07-31
775,252,2026-08-25,0.0,0.0,1.384,rolling_mean_30,0,2026-07-31
776,252,2026-08-26,0.0,0.0,1.384,rolling_mean_30,0,2026-07-31
777,252,2026-08-27,0.0,0.0,1.384,rolling_mean_30,0,2026-07-31
778,252,2026-08-28,0.0,0.0,1.384,rolling_mean_30,0,2026-07-31
779,252,2026-08-29,0.0,0.0,1.384,rolling_mean_30,0,2026-07-31
780,252,2026-08-30,0.0,0.0,1.384,rolling_mean_30,0,2026-07-31
781,261,2026-08-01,0.0,0.0,10.158,rolling_mean_30,0,2026-07-31
782,261,2026-08-02,0.0,0.0,10.158,rolling_mean_30,0,2026-07-31
783,261,2026-08-03,0.0,0.0,10.158,rolling_mean_30,0,2026-07-31
784,261,2026-08-04,0.0,0.0,10.158,rolling_mean_30,0,2026-07-31
785,261,2026-08-05,0.0,0.0,10.158,rolling_mean_30,0,2026-07-31
786,261,2026-08-06,0.0,0.0,10.158,rolling_mean_30,0,2026-07-31
787,261,2026-08-07,0.0,0.0,10.158,rolling_mean_30,0,2026-07-31
788,261,2026-08-08,0.0,0.0,10.158,rolling_mean_30,0,2026-07-31
789,261,2026-08-09,0.0,0.0,10.158,rolling_mean_30,0,2026-07-31
790,261,2026-08-10,0.0,0.0,10.158,rolling_mean_30,0,2026-07-31
791,261,2026-08-11,0.0,0.0,10.158,rolling_mean_30,0,2026-07-31
792,261,2026-08-12,0.0,0.0,10.158,rolling_mean_30,0,2026-07-31
793,261,2026-08-13,0.0,0.0,10.158,rolling_mean_30,0,2026-07-31
794,261,2026-08-14,0.0,0.0,10.158,rolling_mean_30,0,2026-07-31
795,261,2026-08-15,0.0,0.0,10.158,rolling_mean_30,0,2026-07-31
796,261,2026-08-16,0.0,0.0,10.158,rolling_mean_30,0,2026-07-31
797,261,2026-08-17,0.0,0.0,10.158,rolling_mean_30,0,2026-07-31
798,261,2026-08-18,0.0,0.0,10.158,rolling_mean_30,0,2026-07-31
799,261,2026-08-19,0.0,0.0,10.158,rolling_mean_30,0,2026-07-31
800,261,2026-08-20,0.0,0.0,10.158,rolling_mean_30,0,2026-07-31
801,261,2026-08-21,0.0,0.0,10.158,rolling_mean_30,0,2026-07-31
802,261,2026-08-22,0.0,0.0,10.158,rolling_mean_30,0,2026-07-31
803,261,2026-08-23,0.0,0.0,10.158,rolling_mean_30,0,2026-07-31
804,261,2026-08-24,0.0,0.0,10.158,rolling_mean_30,0,2026-07-31
805,261,2026-08-25,0.0,0.0,10.158,rolling_mean_30,0,2026-07-31
806,261,2026-08-26,0.0,0.0,10.158,rolling_mean_30,0,2026-07-31
807,261,2026-08-27,0.0,0.0,10.158,rolling_mean_30,0,2026-07-31
808,261,2026-08-28,0.0,0.0,10.158,rolling_mean_30,0,2026-07-31
809,261,2026-08-29,0.0,0.0,10.158,rolling_mean_30,0,2026-07-31
810,261,2026-08-30,0.0,0.0,10.158,rolling_mean_30,0,2026-07-31
811,267,2026-08-01,0.0,0.0,1.98,rolling_mean_30,0,2026-07-31
812,267,2026-08-02,0.0,0.0,1.98,rolling_mean_30,0,2026-07-31
813,267,2026-08-03,0.0,0.0,1.98,rolling_mean_30,0,2026-07-31
814,267,2026-08-04,0.0,0.0,1.98,rolling_mean_30,0,2026-07-31
815,267,2026-08-05,0.0,0.0,1.98,rolling_mean_30,0,2026-07-31
816,267,2026-08-06,0.0,0.0,1.98,rolling_mean_30,0,2026-07-31
817,267,2026-08-07,0.0,0.0,1.98,rolling_mean_30,0,2026-07-31
818,267,2026-08-08,0.0,0.0,1.98,rolling_mean_30,0,2026-07-31
819,267,2026-08-09,0.0,0.0,1.98,rolling_mean_30,0,2026-07-31
820,267,2026-08-10,0.0,0.0,1.98,rolling_mean_30,0,2026-07-31
821,267,2026-08-11,0.0,0.0,1.98,rolling_mean_30,0,2026-07-31
822,267,2026-08-12,0.0,0.0,1.98,rolling_mean_30,0,2026-07-31
823,267,2026-08-13,0.0,0.0,1.98,rolling_mean_30,0,2026-07-31
824,267,2026-08-14,0.0,0.0,1.98,rolling_mean_30,0,2026-07-31
825,267,2026-08-15,0.0,0.0,1.98,rolling_mean_30,0,2026-07-31
826,267,2026-08-16,0.0,0.0,1.98,rolling_mean_30,0,2026-07-31
827,267,2026-08-17,0.0,0.0,1.98,rolling_mean_30,0,2026-07-31
828,267,2026-08-18,0.0,0.0,1.98,rolling_mean_30,0,2026-07-31
829,267,2026-08-19,0.0,0.0,1.98,rolling_mean_30,0,2026-07-31
830,267,2026-08-20,0.0,0.0,1.98,rolling_mean_30,0,2026-07-31
831,267,2026-08-21,0.0,0.0,1.98,rolling_mean_30,0,2026-07-31
832,267,2026-08-22,0.0,0.0,1.98,rolling_mean_30,0,2026-07-31
833,267,2026-08-23,0.0,0.0,1.98,rolling_mean_30,0,2026-07-31
834,267,2026-08-24,0.0,0.0,1.98,rolling_mean_30,0,2026-07-31
835,267,2026-08-25,0.0,0.0,1.98,rolling_mean_30,0,2026-07-31
836,267,2026-08-26,0.0,0.0,1.98,rolling_mean_30,0,2026-07-31
837,267,2026-08-27,0.0,0.0,1.98,rolling_mean_30,0,2026-07-31
838,267,2026-08-28,0.0,0.0,1.98,rolling_mean_30,0,2026-07-31
839,267,2026-08-29,0.0,0.0,1.98,rolling_mean_30,0,2026-07-31
840,267,2026-08-30,0.0,0.0,1.98,rolling_mean_30,0,2026-07-31
841,276,2026-08-01,0.0,0.0,4.509,rolling_mean_30,0,2026-07-31
842,276,2026-08-02,0.0,0.0,4.509,rolling_mean_30,0,2026-07-31
843,276,2026-08-03,0.0,0.0,4.509,rolling_mean_30,0,2026-07-31
844,276,2026-08-04,0.0,0.0,4.509,rolling_mean_30,0,2026-07-31
845,276,2026-08-05,0.0,0.0,4.509,rolling_mean_30,0,2026-07-31
846,276,2026-08-06,0.0,0.0,4.509,rolling_mean_30,0,2026-07-31
847,276,2026-08-07,0.0,0.0,4.509,rolling_mean_30,0,2026-07-31
848,276,2026-08-08,0.0,0.0,4.509,rolling_mean_30,0,2026-07-31
849,276,2026-08-09,0.0,0.0,4.509,rolling_mean_30,0,2026-07-31
850,276,2026-08-10,0.0,0.0,4.509,rolling_mean_30,0,2026-07-31
851,276,2026-08-11,0.0,0.0,4.509,rolling_mean_30,0,2026-07-31
852,276,2026-08-12,0.0,0.0,4.509,rolling_mean_30,0,2026-07-31
853,276,2026-08-13,0.0,0.0,4.509,rolling_mean_30,0,2026-07-31
854,276,2026-08-14,0.0,0.0,4.509,rolling_mean_30,0,2026-07-31
855,276,2026-08-15,0.0,0.0,4.509,rolling_mean_30,0,2026-07-31
856,276,2026-08-16,0.0,0.0,4.509,rolling_mean_30,0,2026-07-31
857,276,2026-08-17,0.0,0.0,4.509,rolling_mean_30,0,2026-07-31
858,276,2026-08-18,0.0,0.0,4.509,rolling_mean_30,0,2026-07-31
859,276,2026-08-19,0.0,0.0,4.509,rolling_mean_30,0,2026-07-31
860,276,2026-08-20,0.0,0.0,4.509,rolling_mean_30,0,2026-07-31
861,276,2026-08-21,0.0,0.0,4.509,rolling_mean_30,0,2026-07-31
862,276,2026-08-22,0.0,0.0,4.509,rolling_mean_30,0,2026-07-31
863,276,2026-08-23,0.0,0.0,4.509,rolling_mean_30,0,2026-07-31
864,276,2026-08-24,0.0,0.0,4.509,rolling_mean_30,0,2026-07-31
865,276,2026-08-25,0.0,0.0,4.509,rolling_mean_30,0,2026-07-31
866,276,2026-08-26,0.0,0.0,4.509,rolling_mean_30,0,2026-07-31
867,276,2026-08-27,0.0,0.0,4.509,rolling_mean_30,0,2026-07-31
868,276,2026-08-28,0.0,0.0,4.509,rolling_mean_30,0,2026-07-31
869,276,2026-08-29,0.0,0.0,4.509,rolling_mean_30,0,2026-07-31
870,276,2026-08-30,0.0,0.0,4.509,rolling_mean_30,0,2026-07-31
871,277,2026-08-01,0.0,0.0,14.822,rolling_mean_30,0,2026-07-31
872,277,2026-08-02,0.0,0.0,14.822,rolling_mean_30,0,2026-07-31
873,277,2026-08-03,0.0,0.0,14.822,rolling_mean_30,0,2026-07-31
874,277,2026-08-04,0.0,0.0,14.822,rolling_mean_30,0,2026-07-31
875,277,2026-08-05,0.0,0.0,14.822,rolling_mean_30,0,2026-07-31
876,277,2026-08-06,0.0,0.0,14.822,rolling_mean_30,0,2026-07-31
877,277,2026-08-07,0.0,0.0,14.822,rolling_mean_30,0,2026-07-31
878,277,2026-08-08,0.0,0.0,14.822,rolling_mean_30,0,2026-07-31
879,277,2026-08-09,0.0,0.0,14.822,rolling_mean_30,0,2026-07-31
880,277,2026-08-10,0.0,0.0,14.822,rolling_mean_30,0,2026-07-31
881,277,2026-08-11,0.0,0.0,14.822,rolling_mean_30,0,2026-07-31
882,277,2026-08-12,0.0,0.0,14.822,rolling_mean_30,0,2026-07-31
883,277,2026-08-13,0.0,0.0,14.822,rolling_mean_30,0,2026-07-31
884,277,2026-08-14,0.0,0.0,14.822,rolling_mean_30,0,2026-07-31
885,277,2026-08-15,0.0,0.0,14.822,rolling_mean_30,0,2026-07-31
886,277,2026-08-16,0.0,0.0,14.822,rolling_mean_30,0,2026-07-31
887,277,2026-08-17,0.0,0.0,14.822,rolling_mean_30,0,2026-07-31
888,277,2026-08-18,0.0,0.0,14.822,rolling_mean_30,0,2026-07-31
889,277,2026-08-19,0.0,0.0,14.822,rolling_mean_30,0,2026-07-31
890,277,2026-08-20,0.0,0.0,14.822,rolling_mean_30,0,2026-07-31
891,277,2026-08-21,0.0,0.0,14.822,rolling_mean_30,0,2026-07-31
892,277,2026-08-22,0.0,0.0,14.822,rolling_mean_30,0,2026-07-31
893,277,2026-08-23,0.0,0.0,14.822,rolling_mean_30,0,2026-07-31
894,277,2026-08-24,0.0,0.0,14.822,rolling_mean_30,0,2026-07-31
895,277,2026-08-25,0.0,0.0,14.822,rolling_mean_30,0,2026-07-31
896,277,2026-08-26,0.0,0.0,14.822,rolling_mean_30,0,2026-07-31
897,277,2026-08-27,0.0,0.0,14.822,rolling_mean_30,0,2026-07-31
898,277,2026-08-28,0.0,0.0,14.822,rolling_mean_30,0,2026-07-31
899,277,2026-08-29,0.0,0.0,14.822,rolling_mean_30,0,2026-07-31
900,277,2026-08-30,0.0,0.0,14.822,rolling_mean_30,0,2026-07-31
901,291,2026-08-01,0.733,0.0,4.725,rolling_mean_30,0,2026-07-31
902,291,2026-08-02,0.733,0.0,4.725,rolling_mean_30,0,2026-07-31
903,291,2026-08-03,0.733,0.0,4.725,rolling_mean_30,0,2026-07-31
904,291,2026-08-04,0.733,0.0,4.725,rolling_mean_30,0,2026-07-31
905,291,2026-08-05,0.733,0.0,4.725,rolling_mean_30,0,2026-07-31
906,291,2026-08-06,0.733,0.0,4.725,rolling_mean_30,0,2026-07-31
907,291,2026-08-07,0.733,0.0,4.725,rolling_mean_30,0,2026-07-31
908,291,2026-08-08,0.733,0.0,4.725,rolling_mean_30,0,2026-07-31
909,291,2026-08-09,0.733,0.0,4.725,rolling_mean_30,0,2026-07-31
910,291,2026-08-10,0.733,0.0,4.725,rolling_mean_30,0,2026-07-31
911,291,2026-08-11,0.733,0.0,4.725,rolling_mean_30,0,2026-07-31
912,291,2026-08-12,0.733,0.0,4.725,rolling_mean_30,0,2026-07-31
913,291,2026-08-13,0.733,0.0,4.725,rolling_mean_30,0,2026-07-31
914,291,2026-08-14,0.733,0.0,4.725,rolling_mean_30,0,2026-07-31
915,291,2026-08-15,0.733,0.0,4.725,rolling_mean_30,0,2026-07-31
916,291,2026-08-16,0.733,0.0,4.725,rolling_mean_30,0,2026-07-31
917,291,2026-08-17,0.733,0.0,4.725,rolling_mean_30,0,2026-07-31
918,291,2026-08-18,0.733,0.0,4.725,rolling_mean_30,0,2026-07-31
919,291,2026-08-19,0.733,0.0,4.725,rolling_mean_30,0,2026-07-31
920,291,2026-08-20,0.733,0.0,4.725,rolling_mean_30,0,2026-07-31
921,291,2026-08-21,0.733,0.0,4.725,rolling_mean_30,0,2026-07-31
922,291,2026-08-22,0.733,0.0,4.725,rolling_mean_30,0,2026-07-31
923,291,2026-08-23,0.733,0.0,4.725,rolling_mean_30,0,2026-07-31
924,291,2026-08-24,0.733,0.0,4.725,rolling_mean_30,0,2026-07-31
925,291,2026-08-25,0.733,0.0,4.725,rolling_mean_30,0,2026-07-31
926,291,2026-08-26,0.733,0.0,4.725,rolling_mean_30,0,2026-07-31
927,291,2026-08-27,0.733,0.0,4.725,rolling_mean_30,0,2026-07-31
928,291,2026-08-28,0.733,0.0,4.725,rolling_mean_30,0,2026-07-31
929,291,2026-08-29,0.733,0.0,4.725,rolling_mean_30,0,2026-07-31
930,291,2026-08-30,0.733,0.0,4.725,rolling_mean_30,0,2026-07-31
931,326,2026-08-01,0.0,0.0,0.674,rolling_mean_30,0,2026-07-31
932,326,2026-08-02,0.0,0.0,0.674,rolling_mean_30,0,2026-07-31
933,326,2026-08-03,0.0,0.0,0.674,rolling_mean_30,0,2026-07-31
934,326,2026-08-04,0.0,0.0,0.674,rolling_mean_30,0,2026-07-31
935,326,2026-08-05,0.0,0.0,0.674,rolling_mean_30,0,2026-07-31
936,326,2026-08-06,0.0,0.0,0.674,rolling_mean_30,0,2026-07-31
937,326,2026-08-07,0.0,0.0,0.674,rolling_mean_30,0,2026-07-31
938,326,2026-08-08,0.0,0.0,0.674,rolling_mean_30,0,2026-07-31
939,326,2026-08-09,0.0,0.0,0.674,rolling_mean_30,0,2026-07-31
940,326,2026-08-10,0.0,0.0,0.674,rolling_mean_30,0,2026-07-31
941,326,2026-08-11,0.0,0.0,0.674,rolling_mean_30,0,2026-07-31
942,326,2026-08-12,0.0,0.0,0.674,rolling_mean_30,0,2026-07-31
943,326,2026-08-13,0.0,0.0,0.674,rolling_mean_30,0,2026-07-31
944,326,2026-08-14,0.0,0.0,0.674,rolling_mean_30,0,2026-07-31
945,326,2026-08-15,0.0,0.0,0.674,rolling_mean_30,0,2026-07-31
946,326,2026-08-16,0.0,0.0,0.674,rolling_mean_30,0,2026-07-31
947,326,2026-08-17,0.0,0.0,0.674,rolling_mean_30,0,2026-07-31
948,326,2026-08-18,0.0,0.0,0.674,rolling_mean_30,0,2026-07-31
949,326,2026-08-19,0.0,0.0,0.674,rolling_mean_30,0,2026-07-31
950,326,2026-08-20,0.0,0.0,0.674,rolling_mean_30,0,2026-07-31
951,326,2026-08-21,0.0,0.0,0.674,rolling_mean_30,0,2026-07-31
952,326,2026-08-22,0.0,0.0,0.674,rolling_mean_30,0,2026-07-31
953,326,2026-08-23,0.0,0.0,0.674,rolling_mean_30,0,2026-07-31
954,326,2026-08-24,0.0,0.0,0.674,rolling_mean_30,0,2026-07-31
955,326,2026-08-25,0.0,0.0,0.674,rolling_mean_30,0,2026-07-31
956,326,2026-08-26,0.0,0.0,0.674,rolling_mean_30,0,2026-07-31
957,326,2026-08-27,0.0,0.0,0.674,rolling_mean_30,0,2026-07-31
958,326,2026-08-28,0.0,0.0,0.674,rolling_mean_30,0,2026-07-31
959,326,2026-08-29,0.0,0.0,0.674,rolling_mean_30,0,2026-07-31
960,326,2026-08-30,0.0,0.0,0.674,rolling_mean_30,0,2026-07-31
961,340,2026-08-01,0.0,0.0,3.127,rolling_mean_30,0,2026-07-31
962,340,2026-08-02,0.0,0.0,3.127,rolling_mean_30,0,2026-07-31
963,340,2026-08-03,0.0,0.0,3.127,rolling_mean_30,0,2026-07-31
964,340,2026-08-04,0.0,0.0,3.127,rolling_mean_30,0,2026-07-31
965,340,2026-08-05,0.0,0.0,3.127,rolling_mean_30,0,2026-07-31
966,340,2026-08-06,0.0,0.0,3.127,rolling_mean_30,0,2026-07-31
967,340,2026-08-07,0.0,0.0,3.127,rolling_mean_30,0,2026-07-31
968,340,2026-08-08,0.0,0.0,3.127,rolling_mean_30,0,2026-07-31
969,340,2026-08-09,0.0,0.0,3.127,rolling_mean_30,0,2026-07-31
970,340,2026-08-10,0.0,0.0,3.127,rolling_mean_30,0,2026-07-31
971,340,2026-08-11,0.0,0.0,3.127,rolling_mean_30,0,2026-07-31
972,340,2026-08-12,0.0,0.0,3.127,rolling_mean_30,0,2026-07-31
973,340,2026-08-13,0.0,0.0,3.127,rolling_mean_30,0,2026-07-31
974,340,2026-08-14,0.0,0.0,3.127,rolling_mean_30,0,2026-07-31
975,340,2026-08-15,0.0,0.0,3.127,rolling_mean_30,0,2026-07-31
976,340,2026-08-16,0.0,0.0,3.127,rolling_mean_30,0,2026-07-31
977,340,2026-08-17,0.0,0.0,3.127,rolling_mean_30,0,2026-07-31
978,340,2026-08-18,0.0,0.0,3.127,rolling_mean_30,0,2026-07-31
979,340,2026-08-19,0.0,0.0,3.127,rolling_mean_30,0,2026-07-31
980,340,2026-08-20,0.0,0.0,3.127,rolling_mean_30,0,2026-07-31
981,340,2026-08-21,0.0,0.0,3.127,rolling_mean_30,0,2026-07-31
982,340,2026-08-22,0.0,0.0,3.127,rolling_mean_30,0,2026-07-31
983,340,2026-08-23,0.0,0.0,3.127,rolling_mean_30,0,2026-07-31
984,340,2026-08-24,0.0,0.0,3.127,rolling_mean_30,0,2026-07-31
985,340,2026-08-25,0.0,0.0,3.127,rolling_mean_30,0,2026-07-31
986,340,2026-08-26,0.0,0.0,3.127,rolling_mean_30,0,2026-07-31
987,340,2026-08-27,0.0,0.0,3.127,rolling_mean_30,0,2026-07-31
988,340,2026-08-28,0.0,0.0,3.127,rolling_mean_30,0,2026-07-31
989,340,2026-08-29,0.0,0.0,3.127,rolling_mean_30,0,2026-07-31
990,340,2026-08-30,0.0,0.0,3.127,rolling_mean_30,0,2026-07-31
991,346,2026-08-01,0.0,0.0,2.105,rolling_mean_30,0,2026-07-31
992,346,2026-08-02,0.0,0.0,2.105,rolling_mean_30,0,2026-07-31
993,346,2026-08-03,0.0,0.0,2.105,rolling_mean_30,0,2026-07-31
994,346,2026-08-04,0.0,0.0,2.105,rolling_mean_30,0,2026-07-31
995,346,2026-08-05,0.0,0.0,2.105,rolling_mean_30,0,2026-07-31
996,346,2026-08-06,0.0,0.0,2.105,rolling_mean_30,0,2026-07-31
997,346,2026-08-07,0.0,0.0,2.105,rolling_mean_30,0,2026-07-31
998,346,2026-08-08,0.0,0.0,2.105,rolling_mean_30,0,2026-07-31
999,346,2026-08-09,0.0,0.0,2.105,rolling_mean_30,0,2026-07-31
1000,346,2026-08-10,0.0,0.0,2.105,rolling_mean_30,0,2026-07-31
1001,346,2026-08-11,0.0,0.0,2.105,rolling_mean_30,0,2026-07-31
1002,346,2026-08-12,0.0,0.0,2.105,rolling_mean_30,0,2026-07-31
1003,346,2026-08-13,0.0,0.0,2.105,rolling_mean_30,0,2026-07-31
1004,346,2026-08-14,0.0,0.0,2.105,rolling_mean_30,0,2026-07-31
1005,346,2026-08-15,0.0,0.0,2.105,rolling_mean_30,0,2026-07-31
1006,346,2026-08-16,0.0,0.0,2.105,rolling_mean_30,0,2026-07-31
1007,346,2026-08-17,0.0,0.0,2.105,rolling_mean_30,0,2026-07-31
1008,346,2026-08-18,0.0,0.0,2.105,rolling_mean_30,0,2026-07-31
1009,346,2026-08-19,0.0,0.0,2.105,rolling_mean_30,0,2026-07-31
1010,346,2026-08-20,0.0,0.0,2.105,rolling_mean_30,0,2026-07-31
1011,346,2026-08-21,0.0,0.0,2.105,rolling_mean_30,0,2026-07-31
1012,346,2026-08-22,0.0,0.0,2.105,rolling_mean_30,0,2026-07-31
1013,346,2026-08-23,0.0,0.0,2.105,rolling_mean_30,0,2026-07-31
1014,346,2026-08-24,0.0,0.0,2.105,rolling_mean_30,0,2026-07-31
1015,346,2026-08-25,0.0,0.0,2.105,rolling_mean_30,0,2026-07-31
1016,346,2026-08-26,0.0,0.0,2.105,rolling_mean_30,0,2026-07-31
1017,346,2026-08-27,0.0,0.0,2.105,rolling_mean_30,0,2026-07-31
1018,346,2026-08-28,0.0,0.0,2.105,rolling_mean_30,0,2026-07-31
1019,346,2026-08-29,0.0,0.0,2.105,rolling_mean_30,0,2026-07-31
1020,346,2026-08-30,0.0,0.0,2.105,rolling_mean_30,0,2026-07-31
1021,350,2026-08-01,0.333,0.0,8.83,rolling_mean_30,0,2026-07-31
1022,350,2026-08-02,0.333,0.0,8.83,rolling_mean_30,0,2026-07-31
1023,350,2026-08-03,0.333,0.0,8.83,rolling_mean_30,0,2026-07-31
1024,350,2026-08-04,0.333,0.0,8.83,rolling_mean_30,0,2026-07-31
1025,350,2026-08-05,0.333,0.0,8.83,rolling_mean_30,0,2026-07-31
1026,350,2026-08-06,0.333,0.0,8.83,rolling_mean_30,0,2026-07-31
1027,350,2026-08-07,0.333,0.0,8.83,rolling_mean_30,0,2026-07-31
1028,350,2026-08-08,0.333,0.0,8.83,rolling_mean_30,0,2026-07-31
1029,350,2026-08-09,0.333,0.0,8.83,rolling_mean_30,0,2026-07-31
1030,350,2026-08-10,0.333,0.0,8.83,rolling_mean_30,0,2026-07-31
1031,350,2026-08-11,0.333,0.0,8.83,rolling_mean_30,0,2026-07-31
1032,350,2026-08-12,0.333,0.0,8.83,rolling_mean_30,0,2026-07-31
1033,350,2026-08-13,0.333,0.0,8.83,rolling_mean_30,0,2026-07-31
1034,350,2026-08-14,0.333,0.0,8.83,rolling_mean_30,0,2026-07-31
1035,350,2026-08-15,0.333,0.0,8.83,rolling_mean_30,0,2026-07-31
1036,350,2026-08-16,0.333,0.0,8.83,rolling_mean_30,0,2026-07-31
1037,350,2026-08-17,0.333,0.0,8.83,rolling_mean_30,0,2026-07-31
1038,350,2026-08-18,0.333,0.0,8.83,rolling_mean_30,0,2026-07-31
1039,350,2026-08-19,0.333,0.0,8.83,rolling_mean_30,0,2026-07-31
1040,350,2026-08-20,0.333,0.0,8.83,rolling_mean_30,0,2026-07-31
1041,350,2026-08-21,0.333,0.0,8.83,rolling_mean_30,0,2026-07-31
1042,350,2026-08-22,0.333,0.0,8.83,rolling_mean_30,0,2026-07-31
1043,350,2026-08-23,0.333,0.0,8.83,rolling_mean_30,0,2026-07-31
1044,350,2026-08-24,0.333,0.0,8.83,rolling_mean_30,0,2026-07-31
1045,350,2026-08-25,0.333,0.0,8.83,rolling_mean_30,0,2026-07-31
1046,350,2026-08-26,0.333,0.0,8.83,rolling_mean_30,0,2026-07-31
1047,350,2026-08-27,0.333,0.0,8.83,rolling_mean_30,0,2026-07-31
1048,350,2026-08-28,0.333,0.0,8.83,rolling_mean_30,0,2026-07-31
1049,350,2026-08-29,0.333,0.0,8.83,rolling_mean_30,0,2026-07-31
1050,350,2026-08-30,0.333,0.0,8.83,rolling_mean_30,0,2026-07-31
1051,352,2026-08-01,0.2,0.0,3.012,rolling_mean_30,0,2026-07-31
1052,352,2026-08-02,0.2,0.0,3.012,rolling_mean_30,0,2026-07-31
1053,352,2026-08-03,0.2,0.0,3.012,rolling_mean_30,0,2026-07-31
1054,352,2026-08-04,0.2,0.0,3.012,rolling_mean_30,0,2026-07-31
1055,352,2026-08-05,0.2,0.0,3.012,rolling_mean_30,0,2026-07-31
1056,352,2026-08-06,0.2,0.0,3.012,rolling_mean_30,0,2026-07-31
1057,352,2026-08-07,0.2,0.0,3.012,rolling_mean_30,0,2026-07-31
1058,352,2026-08-08,0.2,0.0,3.012,rolling_mean_30,0,2026-07-31
1059,352,2026-08-09,0.2,0.0,3.012,rolling_mean_30,0,2026-07-31
1060,352,2026-08-10,0.2,0.0,3.012,rolling_mean_30,0,2026-07-31
1061,352,2026-08-11,0.2,0.0,3.012,rolling_mean_30,0,2026-07-31
1062,352,2026-08-12,0.2,0.0,3.012,rolling_mean_30,0,2026-07-31
1063,352,2026-08-13,0.2,0.0,3.012,rolling_mean_30,0,2026-07-31
1064,352,2026-08-14,0.2,0.0,3.012,rolling_mean_30,0,2026-07-31
1065,352,2026-08-15,0.2,0.0,3.012,rolling_mean_30,0,2026-07-31
1066,352,2026-08-16,0.2,0.0,3.012,rolling_mean_30,0,2026-07-31
1067,352,2026-08-17,0.2,0.0,3.012,rolling_mean_30,0,2026-07-31
1068,352,2026-08-18,0.2,0.0,3.012,rolling_mean_30,0,2026-07-31
1069,352,2026-08-19,0.2,0.0,3.012,rolling_mean_30,0,2026-07-31
1070,352,2026-08-20,0.2,0.0,3.012,rolling_mean_30,0,2026-07-31
1071,352,2026-08-21,0.2,0.0,3.012,rolling_mean_30,0,2026-07-31
1072,352,2026-08-22,0.2,0.0,3.012,rolling_mean_30,0,2026-07-31
1073,352,2026-08-23,0.2,0.0,3.012,rolling_mean_30,0,2026-07-31
1074,352,2026-08-24,0.2,0.0,3.012,rolling_mean_30,0,2026-07-31
1075,352,2026-08-25,0.2,0.0,3.012,rolling_mean_30,0,2026-07-31
1076,352,2026-08-26,0.2,0.0,3.012,rolling_mean_30,0,2026-07-31
1077,352,2026-08-27,0.2,0.0,3.012,rolling_mean_30,0,2026-07-31
1078,352,2026-08-28,0.2,0.0,3.012,rolling_mean_30,0,2026-07-31
1079,352,2026-08-29,0.2,0.0,3.012,rolling_mean_30,0,2026-07-31
1080,352,2026-08-30,0.2,0.0,3.012,rolling_mean_30,0,2026-07-31
1081,354,2026-08-01,0.0,0.0,3.674,rolling_mean_30,0,2026-07-31
1082,354,2026-08-02,0.0,0.0,3.674,rolling_mean_30,0,2026-07-31
1083,354,2026-08-03,0.0,0.0,3.674,rolling_mean_30,0,2026-07-31
1084,354,2026-08-04,0.0,0.0,3.674,rolling_mean_30,0,2026-07-31
1085,354,2026-08-05,0.0,0.0,3.674,rolling_mean_30,0,2026-07-31
1086,354,2026-08-06,0.0,0.0,3.674,rolling_mean_30,0,2026-07-31
1087,354,2026-08-07,0.0,0.0,3.674,rolling_mean_30,0,2026-07-31
1088,354,2026-08-08,0.0,0.0,3.674,rolling_mean_30,0,2026-07-31
1089,354,2026-08-09,0.0,0.0,3.674,rolling_mean_30,0,2026-07-31
1090,354,2026-08-10,0.0,0.0,3.674,rolling_mean_30,0,2026-07-31
1091,354,2026-08-11,0.0,0.0,3.674,rolling_mean_30,0,2026-07-31
1092,354,2026-08-12,0.0,0.0,3.674,rolling_mean_30,0,2026-07-31
1093,354,2026-08-13,0.0,0.0,3.674,rolling_mean_30,0,2026-07-31
1094,354,2026-08-14,0.0,0.0,3.674,rolling_mean_30,0,2026-07-31
1095,354,2026-08-15,0.0,0.0,3.674,rolling_mean_30,0,2026-07-31
1096,354,2026-08-16,0.0,0.0,3.674,rolling_mean_30,0,2026-07-31
1097,354,2026-08-17,0.0,0.0,3.674,rolling_mean_30,0,2026-07-31
1098,354,2026-08-18,0.0,0.0,3.674,rolling_mean_30,0,2026-07-31
1099,354,2026-08-19,0.0,0.0,3.674,rolling_mean_30,0,2026-07-31
1100,354,2026-08-20,0.0,0.0,3.674,rolling_mean_30,0,2026-07-31
1101,354,2026-08-21,0.0,0.0,3.674,rolling_mean_30,0,2026-07-31
1102,354,2026-08-22,0.0,0.0,3.674,rolling_mean_30,0,2026-07-31
1103,354,2026-08-23,0.0,0.0,3.674,rolling_mean_30,0,2026-07-31
1104,354,2026-08-24,0.0,0.0,3.674,rolling_mean_30,0,2026-07-31
1105,354,2026-08-25,0.0,0.0,3.674,rolling_mean_30,0,2026-07-31
1106,354,2026-08-26,0.0,0.0,3.674,rolling_mean_30,0,2026-07-31
1107,354,2026-08-27,0.0,0.0,3.674,rolling_mean_30,0,2026-07-31
1108,354,2026-08-28,0.0,0.0,3.674,rolling_mean_30,0,2026-07-31
1109,354,2026-08-29,0.0,0.0,3.674,rolling_mean_30,0,2026-07-31
1110,354,2026-08-30,0.0,0.0,3.674,rolling_mean_30,0,2026-07-31
1111,356,2026-08-01,0.0,0.0,5.921,rolling_mean_30,0,2026-07-31
1112,356,2026-08-02,0.0,0.0,5.921,rolling_mean_30,0,2026-07-31
1113,356,2026-08-03,0.0,0.0,5.921,rolling_mean_30,0,2026-07-31
1114,356,2026-08-04,0.0,0.0,5.921,rolling_mean_30,0,2026-07-31
1115,356,2026-08-05,0.0,0.0,5.921,rolling_mean_30,0,2026-07-31
1116,356,2026-08-06,0.0,0.0,5.921,rolling_mean_30,0,2026-07-31
1117,356,2026-08-07,0.0,0.0,5.921,rolling_mean_30,0,2026-07-31
1118,356,2026-08-08,0.0,0.0,5.921,rolling_mean_30,0,2026-07-31
1119,356,2026-08-09,0.0,0.0,5.921,rolling_mean_30,0,2026-07-31
1120,356,2026-08-10,0.0,0.0,5.921,rolling_mean_30,0,2026-07-31
1121,356,2026-08-11,0.0,0.0,5.921,rolling_mean_30,0,2026-07-31
1122,356,2026-08-12,0.0,0.0,5.921,rolling_mean_30,0,2026-07-31
1123,356,2026-08-13,0.0,0.0,5.921,rolling_mean_30,0,2026-07-31
1124,356,2026-08-14,0.0,0.0,5.921,rolling_mean_30,0,2026-07-31
1125,356,2026-08-15,0.0,0.0,5.921,rolling_mean_30,0,2026-07-31
1126,356,2026-08-16,0.0,0.0,5.921,rolling_mean_30,0,2026-07-31
1127,356,2026-08-17,0.0,0.0,5.921,rolling_mean_30,0,2026-07-31
1128,356,2026-08-18,0.0,0.0,5.921,rolling_mean_30,0,2026-07-31
1129,356,2026-08-19,0.0,0.0,5.921,rolling_mean_30,0,2026-07-31
1130,356,2026-08-20,0.0,0.0,5.921,rolling_mean_30,0,2026-07-31
1131,356,2026-08-21,0.0,0.0,5.921,rolling_mean_30,0,2026-07-31
1132,356,2026-08-22,0.0,0.0,5.921,rolling_mean_30,0,2026-07-31
1133,356,2026-08-23,0.0,0.0,5.921,rolling_mean_30,0,2026-07-31
1134,356,2026-08-24,0.0,0.0,5.921,rolling_mean_30,0,2026-07-31
1135,356,2026-08-25,0.0,0.0,5.921,rolling_mean_30,0,2026-07-31
1136,356,2026-08-26,0.0,0.0,5.921,rolling_mean_30,0,2026-07-31
1137,356,2026-08-27,0.0,0.0,5.921,rolling_mean_30,0,2026-07-31
1138,356,2026-08-28,0.0,0.0,5.921,rolling_mean_30,0,2026-07-31
1139,356,2026-08-29,0.0,0.0,5.921,rolling_mean_30,0,2026-07-31
1140,356,2026-08-30,0.0,0.0,5.921,rolling_mean_30,0,2026-07-31
1141,358,2026-08-01,2.0,0.0,30.95,rolling_mean_30,0,2026-07-31
1142,358,2026-08-02,2.0,0.0,30.95,rolling_mean_30,0,2026-07-31
1143,358,2026-08-03,2.0,0.0,30.95,rolling_mean_30,0,2026-07-31
1144,358,2026-08-04,2.0,0.0,30.95,rolling_mean_30,0,2026-07-31
1145,358,2026-08-05,2.0,0.0,30.95,rolling_mean_30,0,2026-07-31
1146,358,2026-08-06,2.0,0.0,30.95,rolling_mean_30,0,2026-07-31
1147,358,2026-08-07,2.0,0.0,30.95,rolling_mean_30,0,2026-07-31
1148,358,2026-08-08,2.0,0.0,30.95,rolling_mean_30,0,2026-07-31
1149,358,2026-08-09,2.0,0.0,30.95,rolling_mean_30,0,2026-07-31
1150,358,2026-08-10,2.0,0.0,30.95,rolling_mean_30,0,2026-07-31
1151,358,2026-08-11,2.0,0.0,30.95,rolling_mean_30,0,2026-07-31
1152,358,2026-08-12,2.0,0.0,30.95,rolling_mean_30,0,2026-07-31
1153,358,2026-08-13,2.0,0.0,30.95,rolling_mean_30,0,2026-07-31
1154,358,2026-08-14,2.0,0.0,30.95,rolling_mean_30,0,2026-07-31
1155,358,2026-08-15,2.0,0.0,30.95,rolling_mean_30,0,2026-07-31
1156,358,2026-08-16,2.0,0.0,30.95,rolling_mean_30,0,2026-07-31
1157,358,2026-08-17,2.0,0.0,30.95,rolling_mean_30,0,2026-07-31
1158,358,2026-08-18,2.0,0.0,30.95,rolling_mean_30,0,2026-07-31
1159,358,2026-08-19,2.0,0.0,30.95,rolling_mean_30,0,2026-07-31
1160,358,2026-08-20,2.0,0.0,30.95,rolling_mean_30,0,2026-07-31
1161,358,2026-08-21,2.0,0.0,30.95,rolling_mean_30,0,2026-07-31
1162,358,2026-08-22,2.0,0.0,30.95,rolling_mean_30,0,2026-07-31
1163,358,2026-08-23,2.0,0.0,30.95,rolling_mean_30,0,2026-07-31
1164,358,2026-08-24,2.0,0.0,30.95,rolling_mean_30,0,2026-07-31
1165,358,2026-08-25,2.0,0.0,30.95,rolling_mean_30,0,2026-07-31
1166,358,2026-08-26,2.0,0.0,30.95,rolling_mean_30,0,2026-07-31
1167,358,2026-08-27,2.0,0.0,30.95,rolling_mean_30,0,2026-07-31
1168,358,2026-08-28,2.0,0.0,30.95,rolling_mean_30,0,2026-07-31
1169,358,2026-08-29,2.0,0.0,30.95,rolling_mean_30,0,2026-07-31
1170,358,2026-08-30,2.0,0.0,30.95,rolling_mean_30,0,2026-07-31
1171,359,2026-08-01,0.3,0.0,5.083,rolling_mean_30,0,2026-07-31
1172,359,2026-08-02,0.3,0.0,5.083,rolling_mean_30,0,2026-07-31
1173,359,2026-08-03,0.3,0.0,5.083,rolling_mean_30,0,2026-07-31
1174,359,2026-08-04,0.3,0.0,5.083,rolling_mean_30,0,2026-07-31
1175,359,2026-08-05,0.3,0.0,5.083,rolling_mean_30,0,2026-07-31
1176,359,2026-08-06,0.3,0.0,5.083,rolling_mean_30,0,2026-07-31
1177,359,2026-08-07,0.3,0.0,5.083,rolling_mean_30,0,2026-07-31
1178,359,2026-08-08,0.3,0.0,5.083,rolling_mean_30,0,2026-07-31
1179,359,2026-08-09,0.3,0.0,5.083,rolling_mean_30,0,2026-07-31
1180,359,2026-08-10,0.3,0.0,5.083,rolling_mean_30,0,2026-07-31
1181,359,2026-08-11,0.3,0.0,5.083,rolling_mean_30,0,2026-07-31
1182,359,2026-08-12,0.3,0.0,5.083,rolling_mean_30,0,2026-07-31
1183,359,2026-08-13,0.3,0.0,5.083,rolling_mean_30,0,2026-07-31
1184,359,2026-08-14,0.3,0.0,5.083,rolling_mean_30,0,2026-07-31
1185,359,2026-08-15,0.3,0.0,5.083,rolling_mean_30,0,2026-07-31
1186,359,2026-08-16,0.3,0.0,5.083,rolling_mean_30,0,2026-07-31
1187,359,2026-08-17,0.3,0.0,5.083,rolling_mean_30,0,2026-07-31
1188,359,2026-08-18,0.3,0.0,5.083,rolling_mean_30,0,2026-07-31
1189,359,2026-08-19,0.3,0.0,5.083,rolling_mean_30,0,2026-07-31
1190,359,2026-08-20,0.3,0.0,5.083,rolling_mean_30,0,2026-07-31
1191,359,2026-08-21,0.3,0.0,5.083,rolling_mean_30,0,2026-07-31
1192,359,2026-08-22,0.3,0.0,5.083,rolling_mean_30,0,2026-07-31
1193,359,2026-08-23,0.3,0.0,5.083,rolling_mean_30,0,2026-07-31
1194,359,2026-08-24,0.3,0.0,5.083,rolling_mean_30,0,2026-07-31
1195,359,2026-08-25,0.3,0.0,5.083,rolling_mean_30,0,2026-07-31
1196,359,2026-08-26,0.3,0.0,5.083,rolling_mean_30,0,2026-07-31
1197,359,2026-08-27,0.3,0.0,5.083,rolling_mean_30,0,2026-07-31
1198,359,2026-08-28,0.3,0.0,5.083,rolling_mean_30,0,2026-07-31
1199,359,2026-08-29,0.3,0.0,5.083,rolling_mean_30,0,2026-07-31
1200,359,2026-08-30,0.3,0.0,5.083,rolling_mean_30,0,2026-07-31
1201,377,2026-08-01,2.0,0.0,11.687,rolling_mean_30,0,2026-07-31
1202,377,2026-08-02,2.0,0.0,11.687,rolling_mean_30,0,2026-07-31
1203,377,2026-08-03,2.0,0.0,11.687,rolling_mean_30,0,2026-07-31
1204,377,2026-08-04,2.0,0.0,11.687,rolling_mean_30,0,2026-07-31
1205,377,2026-08-05,2.0,0.0,11.687,rolling_mean_30,0,2026-07-31
1206,377,2026-08-06,2.0,0.0,11.687,rolling_mean_30,0,2026-07-31
1207,377,2026-08-07,2.0,0.0,11.687,rolling_mean_30,0,2026-07-31
1208,377,2026-08-08,2.0,0.0,11.687,rolling_mean_30,0,2026-07-31
1209,377,2026-08-09,2.0,0.0,11.687,rolling_mean_30,0,2026-07-31
1210,377,2026-08-10,2.0,0.0,11.687,rolling_mean_30,0,2026-07-31
1211,377,2026-08-11,2.0,0.0,11.687,rolling_mean_30,0,2026-07-31
1212,377,2026-08-12,2.0,0.0,11.687,rolling_mean_30,0,2026-07-31
1213,377,2026-08-13,2.0,0.0,11.687,rolling_mean_30,0,2026-07-31
1214,377,2026-08-14,2.0,0.0,11.687,rolling_mean_30,0,2026-07-31
1215,377,2026-08-15,2.0,0.0,11.687,rolling_mean_30,0,2026-07-31
1216,377,2026-08-16,2.0,0.0,11.687,rolling_mean_30,0,2026-07-31
1217,377,2026-08-17,2.0,0.0,11.687,rolling_mean_30,0,2026-07-31
1218,377,2026-08-18,2.0,0.0,11.687,rolling_mean_30,0,2026-07-31
1219,377,2026-08-19,2.0,0.0,11.687,rolling_mean_30,0,2026-07-31
1220,377,2026-08-20,2.0,0.0,11.687,rolling_mean_30,0,2026-07-31
1221,377,2026-08-21,2.0,0.0,11.687,rolling_mean_30,0,2026-07-31
1222,377,2026-08-22,2.0,0.0,11.687,rolling_mean_30,0,2026-07-31
1223,377,2026-08-23,2.0,0.0,11.687,rolling_mean_30,0,2026-07-31
1224,377,2026-08-24,2.0,0.0,11.687,rolling_mean_30,0,2026-07-31
1225,377,2026-08-25,2.0,0.0,11.687,rolling_mean_30,0,2026-07-31
1226,377,2026-08-26,2.0,0.0,11.687,rolling_mean_30,0,2026-07-31
1227,377,2026-08-27,2.0,0.0,11.687,rolling_mean_30,0,2026-07-31
1228,377,2026-08-28,2.0,0.0,11.687,rolling_mean_30,0,2026-07-31
1229,377,2026-08-29,2.0,0.0,11.687,rolling_mean_30,0,2026-07-31
1230,377,2026-08-30,2.0,0.0,11.687,rolling_mean_30,0,2026-07-31
1231,378,2026-08-01,0.0,0.0,0.728,rolling_mean_30,0,2026-07-31
1232,378,2026-08-02,0.0,0.0,0.728,rolling_mean_30,0,2026-07-31
1233,378,2026-08-03,0.0,0.0,0.728,rolling_mean_30,0,2026-07-31
1234,378,2026-08-04,0.0,0.0,0.728,rolling_mean_30,0,2026-07-31
1235,378,2026-08-05,0.0,0.0,0.728,rolling_mean_30,0,2026-07-31
1236,378,2026-08-06,0.0,0.0,0.728,rolling_mean_30,0,2026-07-31
1237,378,2026-08-07,0.0,0.0,0.728,rolling_mean_30,0,2026-07-31
1238,378,2026-08-08,0.0,0.0,0.728,rolling_mean_30,0,2026-07-31
1239,378,2026-08-09,0.0,0.0,0.728,rolling_mean_30,0,2026-07-31
1240,378,2026-08-10,0.0,0.0,0.728,rolling_mean_30,0,2026-07-31
1241,378,2026-08-11,0.0,0.0,0.728,rolling_mean_30,0,2026-07-31
1242,378,2026-08-12,0.0,0.0,0.728,rolling_mean_30,0,2026-07-31
1243,378,2026-08-13,0.0,0.0,0.728,rolling_mean_30,0,2026-07-31
1244,378,2026-08-14,0.0,0.0,0.728,rolling_mean_30,0,2026-07-31
1245,378,2026-08-15,0.0,0.0,0.728,rolling_mean_30,0,2026-07-31
1246,378,2026-08-16,0.0,0.0,0.728,rolling_mean_30,0,2026-07-31
1247,378,2026-08-17,0.0,0.0,0.728,rolling_mean_30,0,2026-07-31
1248,378,2026-08-18,0.0,0.0,0.728,rolling_mean_30,0,2026-07-31
1249,378,2026-08-19,0.0,0.0,0.728,rolling_mean_30,0,2026-07-31
1250,378,2026-08-20,0.0,0.0,0.728,rolling_mean_30,0,2026-07-31
1251,378,2026-08-21,0.0,0.0,0.728,rolling_mean_30,0,2026-07-31
1252,378,2026-08-22,0.0,0.0,0.728,rolling_mean_30,0,2026-07-31
1253,378,2026-08-23,0.0,0.0,0.728,rolling_mean_30,0,2026-07-31
1254,378,2026-08-24,0.0,0.0,0.728,rolling_mean_30,0,2026-07-31
1255,378,2026-08-25,0.0,0.0,0.728,rolling_mean_30,0,2026-07-31
1256,378,2026-08-26,0.0,0.0,0.728,rolling_mean_30,0,2026-07-31
1257,378,2026-08-27,0.0,0.0,0.728,rolling_mean_30,0,2026-07-31
1258,378,2026-08-28,0.0,0.0,0.728,rolling_mean_30,0,2026-07-31
1259,378,2026-08-29,0.0,0.0,0.728,rolling_mean_30,0,2026-07-31
1260,378,2026-08-30,0.0,0.0,0.728,rolling_mean_30,0,2026-07-31
1261,380,2026-08-01,0.3,0.0,2.246,rolling_mean_30,0,2026-07-31
1262,380,2026-08-02,0.3,0.0,2.246,rolling_mean_30,0,2026-07-31
1263,380,2026-08-03,0.3,0.0,2.246,rolling_mean_30,0,2026-07-31
1264,380,2026-08-04,0.3,0.0,2.246,rolling_mean_30,0,2026-07-31
1265,380,2026-08-05,0.3,0.0,2.246,rolling_mean_30,0,2026-07-31
1266,380,2026-08-06,0.3,0.0,2.246,rolling_mean_30,0,2026-07-31
1267,380,2026-08-07,0.3,0.0,2.246,rolling_mean_30,0,2026-07-31
1268,380,2026-08-08,0.3,0.0,2.246,rolling_mean_30,0,2026-07-31
1269,380,2026-08-09,0.3,0.0,2.246,rolling_mean_30,0,2026-07-31
1270,380,2026-08-10,0.3,0.0,2.246,rolling_mean_30,0,2026-07-31
1271,380,2026-08-11,0.3,0.0,2.246,rolling_mean_30,0,2026-07-31
1272,380,2026-08-12,0.3,0.0,2.246,rolling_mean_30,0,2026-07-31
1273,380,2026-08-13,0.3,0.0,2.246,rolling_mean_30,0,2026-07-31
1274,380,2026-08-14,0.3,0.0,2.246,rolling_mean_30,0,2026-07-31
1275,380,2026-08-15,0.3,0.0,2.246,rolling_mean_30,0,2026-07-31
1276,380,2026-08-16,0.3,0.0,2.246,rolling_mean_30,0,2026-07-31
1277,380,2026-08-17,0.3,0.0,2.246,rolling_mean_30,0,2026-07-31
1278,380,2026-08-18,0.3,0.0,2.246,rolling_mean_30,0,2026-07-31
1279,380,2026-08-19,0.3,0.0,2.246,rolling_mean_30,0,2026-07-31
1280,380,2026-08-20,0.3,0.0,2.246,rolling_mean_30,0,2026-07-31
1281,380,2026-08-21,0.3,0.0,2.246,rolling_mean_30,0,2026-07-31
1282,380,2026-08-22,0.3,0.0,2.246,rolling_mean_30,0,2026-07-31
1283,380,2026-08-23,0.3,0.0,2.246,rolling_mean_30,0,2026-07-31
1284,380,2026-08-24,0.3,0.0,2.246,rolling_mean_30,0,2026-07-31
1285,380,2026-08-25,0.3,0.0,2.246,rolling_mean_30,0,2026-07-31
1286,380,2026-08-26,0.3,0.0,2.246,rolling_mean_30,0,2026-07-31
1287,380,2026-08-27,0.3,0.0,2.246,rolling_mean_30,0,2026-07-31
1288,380,2026-08-28,0.3,0.0,2.246,rolling_mean_30,0,2026-07-31
1289,380,2026-08-29,0.3,0.0,2.246,rolling_mean_30,0,2026-07-31
1290,380,2026-08-30,0.3,0.0,2.246,rolling_mean_30,0,2026-07-31
1291,381,2026-08-01,1.1,0.0,3.384,rolling_mean_30,0,2026-07-31
1292,381,2026-08-02,1.1,0.0,3.384,rolling_mean_30,0,2026-07-31
1293,381,2026-08-03,1.1,0.0,3.384,rolling_mean_30,0,2026-07-31
1294,381,2026-08-04,1.1,0.0,3.384,rolling_mean_30,0,2026-07-31
1295,381,2026-08-05,1.1,0.0,3.384,rolling_mean_30,0,2026-07-31
1296,381,2026-08-06,1.1,0.0,3.384,rolling_mean_30,0,2026-07-31
1297,381,2026-08-07,1.1,0.0,3.384,rolling_mean_30,0,2026-07-31
1298,381,2026-08-08,1.1,0.0,3.384,rolling_mean_30,0,2026-07-31
1299,381,2026-08-09,1.1,0.0,3.384,rolling_mean_30,0,2026-07-31
1300,381,2026-08-10,1.1,0.0,3.384,rolling_mean_30,0,2026-07-31
1301,381,2026-08-11,1.1,0.0,3.384,rolling_mean_30,0,2026-07-31
1302,381,2026-08-12,1.1,0.0,3.384,rolling_mean_30,0,2026-07-31
1303,381,2026-08-13,1.1,0.0,3.384,rolling_mean_30,0,2026-07-31
1304,381,2026-08-14,1.1,0.0,3.384,rolling_mean_30,0,2026-07-31
1305,381,2026-08-15,1.1,0.0,3.384,rolling_mean_30,0,2026-07-31
1306,381,2026-08-16,1.1,0.0,3.384,rolling_mean_30,0,2026-07-31
1307,381,2026-08-17,1.1,0.0,3.384,rolling_mean_30,0,2026-07-31
1308,381,2026-08-18,1.1,0.0,3.384,rolling_mean_30,0,2026-07-31
1309,381,2026-08-19,1.1,0.0,3.384,rolling_mean_30,0,2026-07-31
1310,381,2026-08-20,1.1,0.0,3.384,rolling_mean_30,0,2026-07-31
1311,381,2026-08-21,1.1,0.0,3.384,rolling_mean_30,0,2026-07-31
1312,381,2026-08-22,1.1,0.0,3.384,rolling_mean_30,0,2026-07-31
1313,381,2026-08-23,1.1,0.0,3.384,rolling_mean_30,0,2026-07-31
1314,381,2026-08-24,1.1,0.0,3.384,rolling_mean_30,0,2026-07-31
1315,381,2026-08-25,1.1,0.0,3.384,rolling_mean_30,0,2026-07-31
1316,381,2026-08-26,1.1,0.0,3.384,rolling_mean_30,0,2026-07-31
1317,381,2026-08-27,1.1,0.0,3.384,rolling_mean_30,0,2026-07-31
1318,381,2026-08-28,1.1,0.0,3.384,rolling_mean_30,0,2026-07-31
1319,381,2026-08-29,1.1,0.0,3.384,rolling_mean_30,0,2026-07-31
1320,381,2026-08-30,1.1,0.0,3.384,rolling_mean_30,0,2026-07-31
1321,389,2026-08-01,0.0,0.0,3.76,rolling_mean_30,0,2026-07-31
1322,389,2026-08-02,0.0,0.0,3.76,rolling_mean_30,0,2026-07-31
1323,389,2026-08-03,0.0,0.0,3.76,rolling_mean_30,0,2026-07-31
1324,389,2026-08-04,0.0,0.0,3.76,rolling_mean_30,0,2026-07-31
1325,389,2026-08-05,0.0,0.0,3.76,rolling_mean_30,0,2026-07-31
1326,389,2026-08-06,0.0,0.0,3.76,rolling_mean_30,0,2026-07-31
1327,389,2026-08-07,0.0,0.0,3.76,rolling_mean_30,0,2026-07-31
1328,389,2026-08-08,0.0,0.0,3.76,rolling_mean_30,0,2026-07-31
1329,389,2026-08-09,0.0,0.0,3.76,rolling_mean_30,0,2026-07-31
1330,389,2026-08-10,0.0,0.0,3.76,rolling_mean_30,0,2026-07-31
1331,389,2026-08-11,0.0,0.0,3.76,rolling_mean_30,0,2026-07-31
1332,389,2026-08-12,0.0,0.0,3.76,rolling_mean_30,0,2026-07-31
1333,389,2026-08-13,0.0,0.0,3.76,rolling_mean_30,0,2026-07-31
1334,389,2026-08-14,0.0,0.0,3.76,rolling_mean_30,0,2026-07-31
1335,389,2026-08-15,0.0,0.0,3.76,rolling_mean_30,0,2026-07-31
1336,389,2026-08-16,0.0,0.0,3.76,rolling_mean_30,0,2026-07-31
1337,389,2026-08-17,0.0,0.0,3.76,rolling_mean_30,0,2026-07-31
1338,389,2026-08-18,0.0,0.0,3.76,rolling_mean_30,0,2026-07-31
1339,389,2026-08-19,0.0,0.0,3.76,rolling_mean_30,0,2026-07-31
1340,389,2026-08-20,0.0,0.0,3.76,rolling_mean_30,0,2026-07-31
1341,389,2026-08-21,0.0,0.0,3.76,rolling_mean_30,0,2026-07-31
1342,389,2026-08-22,0.0,0.0,3.76,rolling_mean_30,0,2026-07-31
1343,389,2026-08-23,0.0,0.0,3.76,rolling_mean_30,0,2026-07-31
1344,389,2026-08-24,0.0,0.0,3.76,rolling_mean_30,0,2026-07-31
1345,389,2026-08-25,0.0,0.0,3.76,rolling_mean_30,0,2026-07-31
1346,389,2026-08-26,0.0,0.0,3.76,rolling_mean_30,0,2026-07-31
1347,389,2026-08-27,0.0,0.0,3.76,rolling_mean_30,0,2026-07-31
1348,389,2026-08-28,0.0,0.0,3.76,rolling_mean_30,0,2026-07-31
1349,389,2026-08-29,0.0,0.0,3.76,rolling_mean_30,0,2026-07-31
1350,389,2026-08-30,0.0,0.0,3.76,rolling_mean_30,0,2026-07-31
1351,392,2026-08-01,0.0,0.0,2.73,rolling_mean_30,0,2026-07-31
1352,392,2026-08-02,0.0,0.0,2.73,rolling_mean_30,0,2026-07-31
1353,392,2026-08-03,0.0,0.0,2.73,rolling_mean_30,0,2026-07-31
1354,392,2026-08-04,0.0,0.0,2.73,rolling_mean_30,0,2026-07-31
1355,392,2026-08-05,0.0,0.0,2.73,rolling_mean_30,0,2026-07-31
1356,392,2026-08-06,0.0,0.0,2.73,rolling_mean_30,0,2026-07-31
1357,392,2026-08-07,0.0,0.0,2.73,rolling_mean_30,0,2026-07-31
1358,392,2026-08-08,0.0,0.0,2.73,rolling_mean_30,0,2026-07-31
1359,392,2026-08-09,0.0,0.0,2.73,rolling_mean_30,0,2026-07-31
1360,392,2026-08-10,0.0,0.0,2.73,rolling_mean_30,0,2026-07-31
1361,392,2026-08-11,0.0,0.0,2.73,rolling_mean_30,0,2026-07-31
1362,392,2026-08-12,0.0,0.0,2.73,rolling_mean_30,0,2026-07-31
1363,392,2026-08-13,0.0,0.0,2.73,rolling_mean_30,0,2026-07-31
1364,392,2026-08-14,0.0,0.0,2.73,rolling_mean_30,0,2026-07-31
1365,392,2026-08-15,0.0,0.0,2.73,rolling_mean_30,0,2026-07-31
1366,392,2026-08-16,0.0,0.0,2.73,rolling_mean_30,0,2026-07-31
1367,392,2026-08-17,0.0,0.0,2.73,rolling_mean_30,0,2026-07-31
1368,392,2026-08-18,0.0,0.0,2.73,rolling_mean_30,0,2026-07-31
1369,392,2026-08-19,0.0,0.0,2.73,rolling_mean_30,0,2026-07-31
1370,392,2026-08-20,0.0,0.0,2.73,rolling_mean_30,0,2026-07-31
1371,392,2026-08-21,0.0,0.0,2.73,rolling_mean_30,0,2026-07-31
1372,392,2026-08-22,0.0,0.0,2.73,rolling_mean_30,0,2026-07-31
1373,392,2026-08-23,0.0,0.0,2.73,rolling_mean_30,0,2026-07-31
1374,392,2026-08-24,0.0,0.0,2.73,rolling_mean_30,0,2026-07-31
1375,392,2026-08-25,0.0,0.0,2.73,rolling_mean_30,0,2026-07-31
1376,392,2026-08-26,0.0,0.0,2.73,rolling_mean_30,0,2026-07-31
1377,392,2026-08-27,0.0,0.0,2.73,rolling_mean_30,0,2026-07-31
1378,392,2026-08-28,0.0,0.0,2.73,rolling_mean_30,0,2026-07-31
1379,392,2026-08-29,0.0,0.0,2.73,rolling_mean_30,0,2026-07-31
1380,392,2026-08-30,0.0,0.0,2.73,rolling_mean_30,0,2026-07-31
1381,393,2026-08-01,0.033,0.0,4.903,rolling_mean_30,0,2026-07-31
1382,393,2026-08-02,0.033,0.0,4.903,rolling_mean_30,0,2026-07-31
1383,393,2026-08-03,0.033,0.0,4.903,rolling_mean_30,0,2026-07-31
1384,393,2026-08-04,0.033,0.0,4.903,rolling_mean_30,0,2026-07-31
1385,393,2026-08-05,0.033,0.0,4.903,rolling_mean_30,0,2026-07-31
1386,393,2026-08-06,0.033,0.0,4.903,rolling_mean_30,0,2026-07-31
1387,393,2026-08-07,0.033,0.0,4.903,rolling_mean_30,0,2026-07-31
1388,393,2026-08-08,0.033,0.0,4.903,rolling_mean_30,0,2026-07-31
1389,393,2026-08-09,0.033,0.0,4.903,rolling_mean_30,0,2026-07-31
1390,393,2026-08-10,0.033,0.0,4.903,rolling_mean_30,0,2026-07-31
1391,393,2026-08-11,0.033,0.0,4.903,rolling_mean_30,0,2026-07-31
1392,393,2026-08-12,0.033,0.0,4.903,rolling_mean_30,0,2026-07-31
1393,393,2026-08-13,0.033,0.0,4.903,rolling_mean_30,0,2026-07-31
1394,393,2026-08-14,0.033,0.0,4.903,rolling_mean_30,0,2026-07-31
1395,393,2026-08-15,0.033,0.0,4.903,rolling_mean_30,0,2026-07-31
1396,393,2026-08-16,0.033,0.0,4.903,rolling_mean_30,0,2026-07-31
1397,393,2026-08-17,0.033,0.0,4.903,rolling_mean_30,0,2026-07-31
1398,393,2026-08-18,0.033,0.0,4.903,rolling_mean_30,0,2026-07-31
1399,393,2026-08-19,0.033,0.0,4.903,rolling_mean_30,0,2026-07-31
1400,393,2026-08-20,0.033,0.0,4.903,rolling_mean_30,0,2026-07-31
1401,393,2026-08-21,0.033,0.0,4.903,rolling_mean_30,0,2026-07-31
1402,393,2026-08-22,0.033,0.0,4.903,rolling_mean_30,0,2026-07-31
1403,393,2026-08-23,0.033,0.0,4.903,rolling_mean_30,0,2026-07-31
1404,393,2026-08-24,0.033,0.0,4.903,rolling_mean_30,0,2026-07-31
1405,393,2026-08-25,0.033,0.0,4.903,rolling_mean_30,0,2026-07-31
1406,393,2026-08-26,0.033,0.0,4.903,rolling_mean_30,0,2026-07-31
1407,393,2026-08-27,0.033,0.0,4.903,rolling_mean_30,0,2026-07-31
1408,393,2026-08-28,0.033,0.0,4.903,rolling_mean_30,0,2026-07-31
1409,393,2026-08-29,0.033,0.0,4.903,rolling_mean_30,0,2026-07-31
1410,393,2026-08-30,0.033,0.0,4.903,rolling_mean_30,0,2026-07-31
1411,394,2026-08-01,0.0,0.0,3.757,rolling_mean_30,0,2026-07-31
1412,394,2026-08-02,0.0,0.0,3.757,rolling_mean_30,0,2026-07-31
1413,394,2026-08-03,0.0,0.0,3.757,rolling_mean_30,0,2026-07-31
1414,394,2026-08-04,0.0,0.0,3.757,rolling_mean_30,0,2026-07-31
1415,394,2026-08-05,0.0,0.0,3.757,rolling_mean_30,0,2026-07-31
1416,394,2026-08-06,0.0,0.0,3.757,rolling_mean_30,0,2026-07-31
1417,394,2026-08-07,0.0,0.0,3.757,rolling_mean_30,0,2026-07-31
1418,394,2026-08-08,0.0,0.0,3.757,rolling_mean_30,0,2026-07-31
1419,394,2026-08-09,0.0,0.0,3.757,rolling_mean_30,0,2026-07-31
1420,394,2026-08-10,0.0,0.0,3.757,rolling_mean_30,0,2026-07-31
1421,394,2026-08-11,0.0,0.0,3.757,rolling_mean_30,0,2026-07-31
1422,394,2026-08-12,0.0,0.0,3.757,rolling_mean_30,0,2026-07-31
1423,394,2026-08-13,0.0,0.0,3.757,rolling_mean_30,0,2026-07-31
1424,394,2026-08-14,0.0,0.0,3.757,rolling_mean_30,0,2026-07-31
1425,394,2026-08-15,0.0,0.0,3.757,rolling_mean_30,0,2026-07-31
1426,394,2026-08-16,0.0,0.0,3.757,rolling_mean_30,0,2026-07-31
1427,394,2026-08-17,0.0,0.0,3.757,rolling_mean_30,0,2026-07-31
1428,394,2026-08-18,0.0,0.0,3.757,rolling_mean_30,0,2026-07-31
1429,394,2026-08-19,0.0,0.0,3.757,rolling_mean_30,0,2026-07-31
1430,394,2026-08-20,0.0,0.0,3.757,rolling_mean_30,0,2026-07-31
1431,394,2026-08-21,0.0,0.0,3.757,rolling_mean_30,0,2026-07-31
1432,394,2026-08-22,0.0,0.0,3.757,rolling_mean_30,0,2026-07-31
1433,394,2026-08-23,0.0,0.0,3.757,rolling_mean_30,0,2026-07-31
1434,394,2026-08-24,0.0,0.0,3.757,rolling_mean_30,0,2026-07-31
1435,394,2026-08-25,0.0,0.0,3.757,rolling_mean_30,0,2026-07-31
1436,394,2026-08-26,0.0,0.0,3.757,rolling_mean_30,0,2026-07-31
1437,394,2026-08-27,0.0,0.0,3.757,rolling_mean_30,0,2026-07-31
1438,394,2026-08-28,0.0,0.0,3.757,rolling_mean_30,0,2026-07-31
1439,394,2026-08-29,0.0,0.0,3.757,rolling_mean_30,0,2026-07-31
1440,394,2026-08-30,0.0,0.0,3.757,rolling_mean_30,0,2026-07-31
1441,395,2026-08-01,0.0,0.0,11.205,rolling_mean_30,0,2026-07-31
1442,395,2026-08-02,0.0,0.0,11.205,rolling_mean_30,0,2026-07-31
1443,395,2026-08-03,0.0,0.0,11.205,rolling_mean_30,0,2026-07-31
1444,395,2026-08-04,0.0,0.0,11.205,rolling_mean_30,0,2026-07-31
1445,395,2026-08-05,0.0,0.0,11.205,rolling_mean_30,0,2026-07-31
1446,395,2026-08-06,0.0,0.0,11.205,rolling_mean_30,0,2026-07-31
1447,395,2026-08-07,0.0,0.0,11.205,rolling_mean_30,0,2026-07-31
1448,395,2026-08-08,0.0,0.0,11.205,rolling_mean_30,0,2026-07-31
1449,395,2026-08-09,0.0,0.0,11.205,rolling_mean_30,0,2026-07-31
1450,395,2026-08-10,0.0,0.0,11.205,rolling_mean_30,0,2026-07-31
1451,395,2026-08-11,0.0,0.0,11.205,rolling_mean_30,0,2026-07-31
1452,395,2026-08-12,0.0,0.0,11.205,rolling_mean_30,0,2026-07-31
1453,395,2026-08-13,0.0,0.0,11.205,rolling_mean_30,0,2026-07-31
1454,395,2026-08-14,0.0,0.0,11.205,rolling_mean_30,0,2026-07-31
1455,395,2026-08-15,0.0,0.0,11.205,rolling_mean_30,0,2026-07-31
1456,395,2026-08-16,0.0,0.0,11.205,rolling_mean_30,0,2026-07-31
1457,395,2026-08-17,0.0,0.0,11.205,rolling_mean_30,0,2026-07-31
1458,395,2026-08-18,0.0,0.0,11.205,rolling_mean_30,0,2026-07-31
1459,395,2026-08-19,0.0,0.0,11.205,rolling_mean_30,0,2026-07-31
1460,395,2026-08-20,0.0,0.0,11.205,rolling_mean_30,0,2026-07-31
1461,395,2026-08-21,0.0,0.0,11.205,rolling_mean_30,0,2026-07-31
1462,395,2026-08-22,0.0,0.0,11.205,rolling_mean_30,0,2026-07-31
1463,395,2026-08-23,0.0,0.0,11.205,rolling_mean_30,0,2026-07-31
1464,395,2026-08-24,0.0,0.0,11.205,rolling_mean_30,0,2026-07-31
1465,395,2026-08-25,0.0,0.0,11.205,rolling_mean_30,0,2026-07-31
1466,395,2026-08-26,0.0,0.0,11.205,rolling_mean_30,0,2026-07-31
1467,395,2026-08-27,0.0,0.0,11.205,rolling_mean_30,0,2026-07-31
1468,395,2026-08-28,0.0,0.0,11.205,rolling_mean_30,0,2026-07-31
1469,395,2026-08-29,0.0,0.0,11.205,rolling_mean_30,0,2026-07-31
1470,395,2026-08-30,0.0,0.0,11.205,rolling_mean_30,0,2026-07-31
1471,397,2026-08-01,1.367,0.0,5.582,rolling_mean_30,0,2026-07-31
1472,397,2026-08-02,1.367,0.0,5.582,rolling_mean_30,0,2026-07-31
1473,397,2026-08-03,1.367,0.0,5.582,rolling_mean_30,0,2026-07-31
1474,397,2026-08-04,1.367,0.0,5.582,rolling_mean_30,0,2026-07-31
1475,397,2026-08-05,1.367,0.0,5.582,rolling_mean_30,0,2026-07-31
1476,397,2026-08-06,1.367,0.0,5.582,rolling_mean_30,0,2026-07-31
1477,397,2026-08-07,1.367,0.0,5.582,rolling_mean_30,0,2026-07-31
1478,397,2026-08-08,1.367,0.0,5.582,rolling_mean_30,0,2026-07-31
1479,397,2026-08-09,1.367,0.0,5.582,rolling_mean_30,0,2026-07-31
1480,397,2026-08-10,1.367,0.0,5.582,rolling_mean_30,0,2026-07-31
1481,397,2026-08-11,1.367,0.0,5.582,rolling_mean_30,0,2026-07-31
1482,397,2026-08-12,1.367,0.0,5.582,rolling_mean_30,0,2026-07-31
1483,397,2026-08-13,1.367,0.0,5.582,rolling_mean_30,0,2026-07-31
1484,397,2026-08-14,1.367,0.0,5.582,rolling_mean_30,0,2026-07-31
1485,397,2026-08-15,1.367,0.0,5.582,rolling_mean_30,0,2026-07-31
1486,397,2026-08-16,1.367,0.0,5.582,rolling_mean_30,0,2026-07-31
1487,397,2026-08-17,1.367,0.0,5.582,rolling_mean_30,0,2026-07-31
1488,397,2026-08-18,1.367,0.0,5.582,rolling_mean_30,0,2026-07-31
1489,397,2026-08-19,1.367,0.0,5.582,rolling_mean_30,0,2026-07-31
1490,397,2026-08-20,1.367,0.0,5.582,rolling_mean_30,0,2026-07-31
1491,397,2026-08-21,1.367,0.0,5.582,rolling_mean_30,0,2026-07-31
1492,397,2026-08-22,1.367,0.0,5.582,rolling_mean_30,0,2026-07-31
1493,397,2026-08-23,1.367,0.0,5.582,rolling_mean_30,0,2026-07-31
1494,397,2026-08-24,1.367,0.0,5.582,rolling_mean_30,0,2026-07-31
1495,397,2026-08-25,1.367,0.0,5.582,rolling_mean_30,0,2026-07-31
1496,397,2026-08-26,1.367,0.0,5.582,rolling_mean_30,0,2026-07-31
1497,397,2026-08-27,1.367,0.0,5.582,rolling_mean_30,0,2026-07-31
1498,397,2026-08-28,1.367,0.0,5.582,rolling_mean_30,0,2026-07-31
1499,397,2026-08-29,1.367,0.0,5.582,rolling_mean_30,0,2026-07-31
1500,397,2026-08-30,1.367,0.0,5.582,rolling_mean_30,0,2026-07-31
1501,400,2026-08-01,0.0,0.0,0.749,rolling_mean_30,0,2026-07-31
1502,400,2026-08-02,0.0,0.0,0.749,rolling_mean_30,0,2026-07-31
1503,400,2026-08-03,0.0,0.0,0.749,rolling_mean_30,0,2026-07-31
1504,400,2026-08-04,0.0,0.0,0.749,rolling_mean_30,0,2026-07-31
1505,400,2026-08-05,0.0,0.0,0.749,rolling_mean_30,0,2026-07-31
1506,400,2026-08-06,0.0,0.0,0.749,rolling_mean_30,0,2026-07-31
1507,400,2026-08-07,0.0,0.0,0.749,rolling_mean_30,0,2026-07-31
1508,400,2026-08-08,0.0,0.0,0.749,rolling_mean_30,0,2026-07-31
1509,400,2026-08-09,0.0,0.0,0.749,rolling_mean_30,0,2026-07-31
1510,400,2026-08-10,0.0,0.0,0.749,rolling_mean_30,0,2026-07-31
1511,400,2026-08-11,0.0,0.0,0.749,rolling_mean_30,0,2026-07-31
1512,400,2026-08-12,0.0,0.0,0.749,rolling_mean_30,0,2026-07-31
1513,400,2026-08-13,0.0,0.0,0.749,rolling_mean_30,0,2026-07-31
1514,400,2026-08-14,0.0,0.0,0.749,rolling_mean_30,0,2026-07-31
1515,400,2026-08-15,0.0,0.0,0.749,rolling_mean_30,0,2026-07-31
1516,400,2026-08-16,0.0,0.0,0.749,rolling_mean_30,0,2026-07-31
1517,400,2026-08-17,0.0,0.0,0.749,rolling_mean_30,0,2026-07-31
1518,400,2026-08-18,0.0,0.0,0.749,rolling_mean_30,0,2026-07-31
1519,400,2026-08-19,0.0,0.0,0.749,rolling_mean_30,0,2026-07-31
1520,400,2026-08-20,0.0,0.0,0.749,rolling_mean_30,0,2026-07-31
1521,400,2026-08-21,0.0,0.0,0.749,rolling_mean_30,0,2026-07-31
1522,400,2026-08-22,0.0,0.0,0.749,rolling_mean_30,0,2026-07-31
1523,400,2026-08-23,0.0,0.0,0.749,rolling_mean_30,0,2026-07-31
1524,400,2026-08-24,0.0,0.0,0.749,rolling_mean_30,0,2026-07-31
1525,400,2026-08-25,0.0,0.0,0.749,rolling_mean_30,0,2026-07-31
1526,400,2026-08-26,0.0,0.0,0.749,rolling_mean_30,0,2026-07-31
1527,400,2026-08-27,0.0,0.0,0.749,rolling_mean_30,0,2026-07-31
1528,400,2026-08-28,0.0,0.0,0.749,rolling_mean_30,0,2026-07-31
1529,400,2026-08-29,0.0,0.0,0.749,rolling_mean_30,0,2026-07-31
1530,400,2026-08-30,0.0,0.0,0.749,rolling_mean_30,0,2026-07-31
1531,401,2026-08-01,0.0,0.0,1.472,rolling_mean_30,0,2026-07-31
1532,401,2026-08-02,0.0,0.0,1.472,rolling_mean_30,0,2026-07-31
1533,401,2026-08-03,0.0,0.0,1.472,rolling_mean_30,0,2026-07-31
1534,401,2026-08-04,0.0,0.0,1.472,rolling_mean_30,0,2026-07-31
1535,401,2026-08-05,0.0,0.0,1.472,rolling_mean_30,0,2026-07-31
1536,401,2026-08-06,0.0,0.0,1.472,rolling_mean_30,0,2026-07-31
1537,401,2026-08-07,0.0,0.0,1.472,rolling_mean_30,0,2026-07-31
1538,401,2026-08-08,0.0,0.0,1.472,rolling_mean_30,0,2026-07-31
1539,401,2026-08-09,0.0,0.0,1.472,rolling_mean_30,0,2026-07-31
1540,401,2026-08-10,0.0,0.0,1.472,rolling_mean_30,0,2026-07-31
1541,401,2026-08-11,0.0,0.0,1.472,rolling_mean_30,0,2026-07-31
1542,401,2026-08-12,0.0,0.0,1.472,rolling_mean_30,0,2026-07-31
1543,401,2026-08-13,0.0,0.0,1.472,rolling_mean_30,0,2026-07-31
1544,401,2026-08-14,0.0,0.0,1.472,rolling_mean_30,0,2026-07-31
1545,401,2026-08-15,0.0,0.0,1.472,rolling_mean_30,0,2026-07-31
1546,401,2026-08-16,0.0,0.0,1.472,rolling_mean_30,0,2026-07-31
1547,401,2026-08-17,0.0,0.0,1.472,rolling_mean_30,0,2026-07-31
1548,401,2026-08-18,0.0,0.0,1.472,rolling_mean_30,0,2026-07-31
1549,401,2026-08-19,0.0,0.0,1.472,rolling_mean_30,0,2026-07-31
1550,401,2026-08-20,0.0,0.0,1.472,rolling_mean_30,0,2026-07-31
1551,401,2026-08-21,0.0,0.0,1.472,rolling_mean_30,0,2026-07-31
1552,401,2026-08-22,0.0,0.0,1.472,rolling_mean_30,0,2026-07-31
1553,401,2026-08-23,0.0,0.0,1.472,rolling_mean_30,0,2026-07-31
1554,401,2026-08-24,0.0,0.0,1.472,rolling_mean_30,0,2026-07-31
1555,401,2026-08-25,0.0,0.0,1.472,rolling_mean_30,0,2026-07-31
1556,401,2026-08-26,0.0,0.0,1.472,rolling_mean_30,0,2026-07-31
1557,401,2026-08-27,0.0,0.0,1.472,rolling_mean_30,0,2026-07-31
1558,401,2026-08-28,0.0,0.0,1.472,rolling_mean_30,0,2026-07-31
1559,401,2026-08-29,0.0,0.0,1.472,rolling_mean_30,0,2026-07-31
1560,401,2026-08-30,0.0,0.0,1.472,rolling_mean_30,0,2026-07-31
1561,402,2026-08-01,0.0,0.0,20.391,rolling_mean_30,0,2026-07-31
1562,402,2026-08-02,0.0,0.0,20.391,rolling_mean_30,0,2026-07-31
1563,402,2026-08-03,0.0,0.0,20.391,rolling_mean_30,0,2026-07-31
1564,402,2026-08-04,0.0,0.0,20.391,rolling_mean_30,0,2026-07-31
1565,402,2026-08-05,0.0,0.0,20.391,rolling_mean_30,0,2026-07-31
1566,402,2026-08-06,0.0,0.0,20.391,rolling_mean_30,0,2026-07-31
1567,402,2026-08-07,0.0,0.0,20.391,rolling_mean_30,0,2026-07-31
1568,402,2026-08-08,0.0,0.0,20.391,rolling_mean_30,0,2026-07-31
1569,402,2026-08-09,0.0,0.0,20.391,rolling_mean_30,0,2026-07-31
1570,402,2026-08-10,0.0,0.0,20.391,rolling_mean_30,0,2026-07-31
1571,402,2026-08-11,0.0,0.0,20.391,rolling_mean_30,0,2026-07-31
1572,402,2026-08-12,0.0,0.0,20.391,rolling_mean_30,0,2026-07-31
1573,402,2026-08-13,0.0,0.0,20.391,rolling_mean_30,0,2026-07-31
1574,402,2026-08-14,0.0,0.0,20.391,rolling_mean_30,0,2026-07-31
1575,402,2026-08-15,0.0,0.0,20.391,rolling_mean_30,0,2026-07-31
1576,402,2026-08-16,0.0,0.0,20.391,rolling_mean_30,0,2026-07-31
1577,402,2026-08-17,0.0,0.0,20.391,rolling_mean_30,0,2026-07-31
1578,402,2026-08-18,0.0,0.0,20.391,rolling_mean_30,0,2026-07-31
1579,402,2026-08-19,0.0,0.0,20.391,rolling_mean_30,0,2026-07-31
1580,402,2026-08-20,0.0,0.0,20.391,rolling_mean_30,0,2026-07-31
1581,402,2026-08-21,0.0,0.0,20.391,rolling_mean_30,0,2026-07-31
1582,402,2026-08-22,0.0,0.0,20.391,rolling_mean_30,0,2026-07-31
1583,402,2026-08-23,0.0,0.0,20.391,rolling_mean_30,0,2026-07-31
1584,402,2026-08-24,0.0,0.0,20.391,rolling_mean_30,0,2026-07-31
1585,402,2026-08-25,0.0,0.0,20.391,rolling_mean_30,0,2026-07-31
1586,402,2026-08-26,0.0,0.0,20.391,rolling_mean_30,0,2026-07-31
1587,402,2026-08-27,0.0,0.0,20.391,rolling_mean_30,0,2026-07-31
1588,402,2026-08-28,0.0,0.0,20.391,rolling_mean_30,0,2026-07-31
1589,402,2026-08-29,0.0,0.0,20.391,rolling_mean_30,0,2026-07-31
1590,402,2026-08-30,0.0,0.0,20.391,rolling_mean_30,0,2026-07-31
1591,403,2026-08-01,2.833,0.0,6.99,rolling_mean_30,0,2026-07-31
1592,403,2026-08-02,2.833,0.0,6.99,rolling_mean_30,0,2026-07-31
1593,403,2026-08-03,2.833,0.0,6.99,rolling_mean_30,0,2026-07-31
1594,403,2026-08-04,2.833,0.0,6.99,rolling_mean_30,0,2026-07-31
1595,403,2026-08-05,2.833,0.0,6.99,rolling_mean_30,0,2026-07-31
1596,403,2026-08-06,2.833,0.0,6.99,rolling_mean_30,0,2026-07-31
1597,403,2026-08-07,2.833,0.0,6.99,rolling_mean_30,0,2026-07-31
1598,403,2026-08-08,2.833,0.0,6.99,rolling_mean_30,0,2026-07-31
1599,403,2026-08-09,2.833,0.0,6.99,rolling_mean_30,0,2026-07-31
1600,403,2026-08-10,2.833,0.0,6.99,rolling_mean_30,0,2026-07-31
1601,403,2026-08-11,2.833,0.0,6.99,rolling_mean_30,0,2026-07-31
1602,403,2026-08-12,2.833,0.0,6.99,rolling_mean_30,0,2026-07-31
1603,403,2026-08-13,2.833,0.0,6.99,rolling_mean_30,0,2026-07-31
1604,403,2026-08-14,2.833,0.0,6.99,rolling_mean_30,0,2026-07-31
1605,403,2026-08-15,2.833,0.0,6.99,rolling_mean_30,0,2026-07-31
1606,403,2026-08-16,2.833,0.0,6.99,rolling_mean_30,0,2026-07-31
1607,403,2026-08-17,2.833,0.0,6.99,rolling_mean_30,0,2026-07-31
1608,403,2026-08-18,2.833,0.0,6.99,rolling_mean_30,0,2026-07-31
1609,403,2026-08-19,2.833,0.0,6.99,rolling_mean_30,0,2026-07-31
1610,403,2026-08-20,2.833,0.0,6.99,rolling_mean_30,0,2026-07-31
1611,403,2026-08-21,2.833,0.0,6.99,rolling_mean_30,0,2026-07-31
1612,403,2026-08-22,2.833,0.0,6.99,rolling_mean_30,0,2026-07-31
1613,403,2026-08-23,2.833,0.0,6.99,rolling_mean_30,0,2026-07-31
1614,403,2026-08-24,2.833,0.0,6.99,rolling_mean_30,0,2026-07-31
1615,403,2026-08-25,2.833,0.0,6.99,rolling_mean_30,0,2026-07-31
1616,403,2026-08-26,2.833,0.0,6.99,rolling_mean_30,0,2026-07-31
1617,403,2026-08-27,2.833,0.0,6.99,rolling_mean_30,0,2026-07-31
1618,403,2026-08-28,2.833,0.0,6.99,rolling_mean_30,0,2026-07-31
1619,403,2026-08-29,2.833,0.0,6.99,rolling_mean_30,0,2026-07-31
1620,403,2026-08-30,2.833,0.0,6.99,rolling_mean_30,0,2026-07-31
1621,404,2026-08-01,0.567,0.0,8.513,rolling_mean_30,0,2026-07-31
1622,404,2026-08-02,0.567,0.0,8.513,rolling_mean_30,0,2026-07-31
1623,404,2026-08-03,0.567,0.0,8.513,rolling_mean_30,0,2026-07-31
1624,404,2026-08-04,0.567,0.0,8.513,rolling_mean_30,0,2026-07-31
1625,404,2026-08-05,0.567,0.0,8.513,rolling_mean_30,0,2026-07-31
1626,404,2026-08-06,0.567,0.0,8.513,rolling_mean_30,0,2026-07-31
1627,404,2026-08-07,0.567,0.0,8.513,rolling_mean_30,0,2026-07-31
1628,404,2026-08-08,0.567,0.0,8.513,rolling_mean_30,0,2026-07-31
1629,404,2026-08-09,0.567,0.0,8.513,rolling_mean_30,0,2026-07-31
1630,404,2026-08-10,0.567,0.0,8.513,rolling_mean_30,0,2026-07-31
1631,404,2026-08-11,0.567,0.0,8.513,rolling_mean_30,0,2026-07-31
1632,404,2026-08-12,0.567,0.0,8.513,rolling_mean_30,0,2026-07-31
1633,404,2026-08-13,0.567,0.0,8.513,rolling_mean_30,0,2026-07-31
1634,404,2026-08-14,0.567,0.0,8.513,rolling_mean_30,0,2026-07-31
1635,404,2026-08-15,0.567,0.0,8.513,rolling_mean_30,0,2026-07-31
1636,404,2026-08-16,0.567,0.0,8.513,rolling_mean_30,0,2026-07-31
1637,404,2026-08-17,0.567,0.0,8.513,rolling_mean_30,0,2026-07-31
1638,404,2026-08-18,0.567,0.0,8.513,rolling_mean_30,0,2026-07-31
1639,404,2026-08-19,0.567,0.0,8.513,rolling_mean_30,0,2026-07-31
1640,404,2026-08-20,0.567,0.0,8.513,rolling_mean_30,0,2026-07-31
1641,404,2026-08-21,0.567,0.0,8.513,rolling_mean_30,0,2026-07-31
1642,404,2026-08-22,0.567,0.0,8.513,rolling_mean_30,0,2026-07-31
1643,404,2026-08-23,0.567,0.0,8.513,rolling_mean_30,0,2026-07-31
1644,404,2026-08-24,0.567,0.0,8.513,rolling_mean_30,0,2026-07-31
1645,404,2026-08-25,0.567,0.0,8.513,rolling_mean_30,0,2026-07-31
1646,404,2026-08-26,0.567,0.0,8.513,rolling_mean_30,0,2026-07-31
1647,404,2026-08-27,0.567,0.0,8.513,rolling_mean_30,0,2026-07-31
1648,404,2026-08-28,0.567,0.0,8.513,rolling_mean_30,0,2026-07-31
1649,404,2026-08-29,0.567,0.0,8.513,rolling_mean_30,0,2026-07-31
1650,404,2026-08-30,0.567,0.0,8.513,rolling_mean_30,0,2026-07-31
1651,406,2026-08-01,0.0,0.0,1.117,rolling_mean_30,0,2026-07-31
1652,406,2026-08-02,0.0,0.0,1.117,rolling_mean_30,0,2026-07-31
1653,406,2026-08-03,0.0,0.0,1.117,rolling_mean_30,0,2026-07-31
1654,406,2026-08-04,0.0,0.0,1.117,rolling_mean_30,0,2026-07-31
1655,406,2026-08-05,0.0,0.0,1.117,rolling_mean_30,0,2026-07-31
1656,406,2026-08-06,0.0,0.0,1.117,rolling_mean_30,0,2026-07-31
1657,406,2026-08-07,0.0,0.0,1.117,rolling_mean_30,0,2026-07-31
1658,406,2026-08-08,0.0,0.0,1.117,rolling_mean_30,0,2026-07-31
1659,406,2026-08-09,0.0,0.0,1.117,rolling_mean_30,0,2026-07-31
1660,406,2026-08-10,0.0,0.0,1.117,rolling_mean_30,0,2026-07-31
1661,406,2026-08-11,0.0,0.0,1.117,rolling_mean_30,0,2026-07-31
1662,406,2026-08-12,0.0,0.0,1.117,rolling_mean_30,0,2026-07-31
1663,406,2026-08-13,0.0,0.0,1.117,rolling_mean_30,0,2026-07-31
1664,406,2026-08-14,0.0,0.0,1.117,rolling_mean_30,0,2026-07-31
1665,406,2026-08-15,0.0,0.0,1.117,rolling_mean_30,0,2026-07-31
1666,406,2026-08-16,0.0,0.0,1.117,rolling_mean_30,0,2026-07-31
1667,406,2026-08-17,0.0,0.0,1.117,rolling_mean_30,0,2026-07-31
1668,406,2026-08-18,0.0,0.0,1.117,rolling_mean_30,0,2026-07-31
1669,406,2026-08-19,0.0,0.0,1.117,rolling_mean_30,0,2026-07-31
1670,406,2026-08-20,0.0,0.0,1.117,rolling_mean_30,0,2026-07-31
1671,406,2026-08-21,0.0,0.0,1.117,rolling_mean_30,0,2026-07-31
1672,406,2026-08-22,0.0,0.0,1.117,rolling_mean_30,0,2026-07-31
1673,406,2026-08-23,0.0,0.0,1.117,rolling_mean_30,0,2026-07-31
1674,406,2026-08-24,0.0,0.0,1.117,rolling_mean_30,0,2026-07-31
1675,406,2026-08-25,0.0,0.0,1.117,rolling_mean_30,0,2026-07-31
1676,406,2026-08-26,0.0,0.0,1.117,rolling_mean_30,0,2026-07-31
1677,406,2026-08-27,0.0,0.0,1.117,rolling_mean_30,0,2026-07-31
1678,406,2026-08-28,0.0,0.0,1.117,rolling_mean_30,0,2026-07-31
1679,406,2026-08-29,0.0,0.0,1.117,rolling_mean_30,0,2026-07-31
1680,406,2026-08-30,0.0,0.0,1.117,rolling_mean_30,0,2026-07-31
1681,419,2026-08-01,0.0,0.0,8.402,rolling_mean_30,0,2026-07-31
1682,419,2026-08-02,0.0,0.0,8.402,rolling_mean_30,0,2026-07-31
1683,419,2026-08-03,0.0,0.0,8.402,rolling_mean_30,0,2026-07-31
1684,419,2026-08-04,0.0,0.0,8.402,rolling_mean_30,0,2026-07-31
1685,419,2026-08-05,0.0,0.0,8.402,rolling_mean_30,0,2026-07-31
1686,419,2026-08-06,0.0,0.0,8.402,rolling_mean_30,0,2026-07-31
1687,419,2026-08-07,0.0,0.0,8.402,rolling_mean_30,0,2026-07-31
1688,419,2026-08-08,0.0,0.0,8.402,rolling_mean_30,0,2026-07-31
1689,419,2026-08-09,0.0,0.0,8.402,rolling_mean_30,0,2026-07-31
1690,419,2026-08-10,0.0,0.0,8.402,rolling_mean_30,0,2026-07-31
1691,419,2026-08-11,0.0,0.0,8.402,rolling_mean_30,0,2026-07-31
1692,419,2026-08-12,0.0,0.0,8.402,rolling_mean_30,0,2026-07-31
1693,419,2026-08-13,0.0,0.0,8.402,rolling_mean_30,0,2026-07-31
1694,419,2026-08-14,0.0,0.0,8.402,rolling_mean_30,0,2026-07-31
1695,419,2026-08-15,0.0,0.0,8.402,rolling_mean_30,0,2026-07-31
1696,419,2026-08-16,0.0,0.0,8.402,rolling_mean_30,0,2026-07-31
1697,419,2026-08-17,0.0,0.0,8.402,rolling_mean_30,0,2026-07-31
1698,419,2026-08-18,0.0,0.0,8.402,rolling_mean_30,0,2026-07-31
1699,419,2026-08-19,0.0,0.0,8.402,rolling_mean_30,0,2026-07-31
1700,419,2026-08-20,0.0,0.0,8.402,rolling_mean_30,0,2026-07-31
1701,419,2026-08-21,0.0,0.0,8.402,rolling_mean_30,0,2026-07-31
1702,419,2026-08-22,0.0,0.0,8.402,rolling_mean_30,0,2026-07-31
1703,419,2026-08-23,0.0,0.0,8.402,rolling_mean_30,0,2026-07-31
1704,419,2026-08-24,0.0,0.0,8.402,rolling_mean_30,0,2026-07-31
1705,419,2026-08-25,0.0,0.0,8.402,rolling_mean_30,0,2026-07-31
1706,419,2026-08-26,0.0,0.0,8.402,rolling_mean_30,0,2026-07-31
1707,419,2026-08-27,0.0,0.0,8.402,rolling_mean_30,0,2026-07-31
1708,419,2026-08-28,0.0,0.0,8.402,rolling_mean_30,0,2026-07-31
1709,419,2026-08-29,0.0,0.0,8.402,rolling_mean_30,0,2026-07-31
1710,419,2026-08-30,0.0,0.0,8.402,rolling_mean_30,0,2026-07-31
1711,477,2026-08-01,0.0,0.0,6.319,rolling_mean_30,0,2026-07-31
1712,477,2026-08-02,0.0,0.0,6.319,rolling_mean_30,0,2026-07-31
1713,477,2026-08-03,0.0,0.0,6.319,rolling_mean_30,0,2026-07-31
1714,477,2026-08-04,0.0,0.0,6.319,rolling_mean_30,0,2026-07-31
1715,477,2026-08-05,0.0,0.0,6.319,rolling_mean_30,0,2026-07-31
1716,477,2026-08-06,0.0,0.0,6.319,rolling_mean_30,0,2026-07-31
1717,477,2026-08-07,0.0,0.0,6.319,rolling_mean_30,0,2026-07-31
1718,477,2026-08-08,0.0,0.0,6.319,rolling_mean_30,0,2026-07-31
1719,477,2026-08-09,0.0,0.0,6.319,rolling_mean_30,0,2026-07-31
1720,477,2026-08-10,0.0,0.0,6.319,rolling_mean_30,0,2026-07-31
1721,477,2026-08-11,0.0,0.0,6.319,rolling_mean_30,0,2026-07-31
1722,477,2026-08-12,0.0,0.0,6.319,rolling_mean_30,0,2026-07-31
1723,477,2026-08-13,0.0,0.0,6.319,rolling_mean_30,0,2026-07-31
1724,477,2026-08-14,0.0,0.0,6.319,rolling_mean_30,0,2026-07-31
1725,477,2026-08-15,0.0,0.0,6.319,rolling_mean_30,0,2026-07-31
1726,477,2026-08-16,0.0,0.0,6.319,rolling_mean_30,0,2026-07-31
1727,477,2026-08-17,0.0,0.0,6.319,rolling_mean_30,0,2026-07-31
1728,477,2026-08-18,0.0,0.0,6.319,rolling_mean_30,0,2026-07-31
1729,477,2026-08-19,0.0,0.0,6.319,rolling_mean_30,0,2026-07-31
1730,477,2026-08-20,0.0,0.0,6.319,rolling_mean_30,0,2026-07-31
1731,477,2026-08-21,0.0,0.0,6.319,rolling_mean_30,0,2026-07-31
1732,477,2026-08-22,0.0,0.0,6.319,rolling_mean_30,0,2026-07-31
1733,477,2026-08-23,0.0,0.0,6.319,rolling_mean_30,0,2026-07-31
1734,477,2026-08-24,0.0,0.0,6.319,rolling_mean_30,0,2026-07-31
1735,477,2026-08-25,0.0,0.0,6.319,rolling_mean_30,0,2026-07-31
1736,477,2026-08-26,0.0,0.0,6.319,rolling_mean_30,0,2026-07-31
1737,477,2026-08-27,0.0,0.0,6.319,rolling_mean_30,0,2026-07-31
1738,477,2026-08-28,0.0,0.0,6.319,rolling_mean_30,0,2026-07-31
1739,477,2026-08-29,0.0,0.0,6.319,rolling_mean_30,0,2026-07-31
1740,477,2026-08-30,0.0,0.0,6.319,rolling_mean_30,0,2026-07-31
