sku,method,fold,origin,n_train,horizon,actual_30d,pred_30d,abs_error,naive_scale
2,weekly_hurdle_12w,0,461,461,30,0.0,0.0,0.0,0.0
2,weekly_hurdle_12w,1,491,491,30,0.0,0.0,0.0,0.0
2,weekly_hurdle_12w,2,521,521,30,0.0,0.0,0.0,0.0
2,weekly_hurdle_12w,3,551,551,30,0.0,0.0,0.0,0.0
2,weekly_hurdle_12w,4,581,581,30,0.0,0.0,0.0,0.0
2,weekly_hurdle_12w,5,611,611,30,0.0,0.0,0.0,0.0
2,weekly_hurdle_12w,6,641,641,30,0.0,0.0,0.0,0.0
2,weekly_hurdle_12w,7,671,671,30,1.0,0.0,1.0,0.0
2,weekly_hurdle_12w,8,701,701,30,0.0,0.3571428571428572,0.3571428571428572,0.045454545454545456
2,weekly_hurdle_12w,9,731,731,30,0.0,0.3571428571428572,0.3571428571428572,0.08695652173913043
2,weekly_hurdle_12w,10,761,761,30,0.0,0.3571428571428572,0.3571428571428572,0.08333333333333333
2,weekly_hurdle_12w,11,791,791,30,0.0,0.0,0.0,0.08
5,weekly_hurdle_12w,0,461,461,30,0.0,0.0,0.0,0.0
5,weekly_hurdle_12w,1,491,491,30,0.0,0.0,0.0,0.0
5,weekly_hurdle_12w,2,521,521,30,0.0,0.0,0.0,0.0
5,weekly_hurdle_12w,3,551,551,30,2.0,0.0,2.0,0.0
5,weekly_hurdle_12w,4,581,581,30,2.0,0.7142857142857144,1.2857142857142856,0.1111111111111111
5,weekly_hurdle_12w,5,611,611,30,0.0,1.4285714285714288,1.4285714285714288,0.10526315789473684
5,weekly_hurdle_12w,6,641,641,30,0.0,1.4285714285714288,1.4285714285714288,0.2
5,weekly_hurdle_12w,7,671,671,30,1.0,0.7142857142857144,0.2857142857142856,0.19047619047619047
5,weekly_hurdle_12w,8,701,701,30,0.0,0.3571428571428572,0.3571428571428572,0.22727272727272727
5,weekly_hurdle_12w,9,731,731,30,0.0,0.3571428571428572,0.3571428571428572,0.2608695652173913
5,weekly_hurdle_12w,10,761,761,30,0.0,0.3571428571428572,0.3571428571428572,0.25
5,weekly_hurdle_12w,11,791,791,30,0.0,0.0,0.0,0.24
6,weekly_hurdle_12w,0,461,461,30,0.0,0.0,0.0,0.0
6,weekly_hurdle_12w,1,491,491,30,0.0,0.0,0.0,0.0
6,weekly_hurdle_12w,2,521,521,30,0.0,0.0,0.0,0.0
6,weekly_hurdle_12w,3,551,551,30,0.0,0.0,0.0,0.0
6,weekly_hurdle_12w,4,581,581,30,2.0,0.0,2.0,0.0
6,weekly_hurdle_12w,5,611,611,30,0.0,0.7142857142857144,0.7142857142857144,0.10526315789473684
6,weekly_hurdle_12w,6,641,641,30,0.0,0.7142857142857144,0.7142857142857144,0.2
6,weekly_hurdle_12w,7,671,671,30,0.0,0.7142857142857144,0.7142857142857144,0.19047619047619047
6,weekly_hurdle_12w,8,701,701,30,0.0,0.0,0.0,0.18181818181818182
6,weekly_hurdle_12w,9,731,731,30,0.0,0.0,0.0,0.17391304347826086
6,weekly_hurdle_12w,10,761,761,30,0.0,0.0,0.0,0.16666666666666666
6,weekly_hurdle_12w,11,791,791,30,0.0,0.0,0.0,0.16
23,weekly_hurdle_12w,0,461,461,30,0.0,0.0,0.0,0.0
23,weekly_hurdle_12w,1,491,491,30,0.0,0.0,0.0,0.0
23,weekly_hurdle_12w,2,521,521,30,0.0,0.0,0.0,0.0
23,weekly_hurdle_12w,3,551,551,30,1.0,0.0,1.0,0.0
23,weekly_hurdle_12w,4,581,581,30,1.0,0.3571428571428572,0.6428571428571428,0.05555555555555555
23,weekly_hurdle_12w,5,611,611,30,0.0,0.7142857142857144,0.7142857142857144,0.05263157894736842
23,weekly_hurdle_12w,6,641,641,30,0.0,0.7142857142857144,0.7142857142857144,0.1
23,weekly_hurdle_12w,7,671,671,30,0.0,0.3571428571428572,0.3571428571428572,0.09523809523809523
23,weekly_hurdle_12w,8,701,701,30,0.0,0.0,0.0,0.09090909090909091
23,weekly_hurdle_12w,9,731,731,30,0.0,0.0,0.0,0.08695652173913043
23,weekly_hurdle_12w,10,761,761,30,0.0,0.0,0.0,0.08333333333333333
23,weekly_hurdle_12w,11,791,791,30,0.0,0.0,0.0,0.08
24,weekly_hurdle_12w,0,461,461,30,0.0,0.0,0.0,0.0
24,weekly_hurdle_12w,1,491,491,30,0.0,0.0,0.0,0.0
24,weekly_hurdle_12w,2,521,521,30,0.0,0.0,0.0,0.0
24,weekly_hurdle_12w,3,551,551,30,0.0,0.0,0.0,0.0
24,weekly_hurdle_12w,4,581,581,30,0.0,0.0,0.0,0.0
24,weekly_hurdle_12w,5,611,611,30,2.0,0.0,2.0,0.0
24,weekly_hurdle_12w,6,641,641,30,0.0,0.7142857142857144,0.7142857142857144,0.1
24,weekly_hurdle_12w,7,671,671,30,2.0,0.7142857142857144,1.2857142857142856,0.19047619047619047
24,weekly_hurdle_12w,8,701,701,30,0.0,1.4285714285714288,1.4285714285714288,0.2727272727272727
24,weekly_hurdle_12w,9,731,731,30,0.0,0.7142857142857144,0.7142857142857144,0.34782608695652173
24,weekly_hurdle_12w,10,761,761,30,0.0,0.7142857142857144,0.7142857142857144,0.3333333333333333
24,weekly_hurdle_12w,11,791,791,30,0.0,0.0,0.0,0.32
26,weekly_hurdle_12w,0,461,461,30,0.0,0.0,0.0,0.0
26,weekly_hurdle_12w,1,491,491,30,0.0,0.0,0.0,0.0
26,weekly_hurdle_12w,2,521,521,30,0.0,0.0,0.0,0.0
26,weekly_hurdle_12w,3,551,551,30,2.0,0.0,2.0,0.0
26,weekly_hurdle_12w,4,581,581,30,2.0,0.7142857142857144,1.2857142857142856,0.1111111111111111
26,weekly_hurdle_12w,5,611,611,30,0.0,1.4285714285714288,1.4285714285714288,0.10526315789473684
26,weekly_hurdle_12w,6,641,641,30,0.0,1.4285714285714288,1.4285714285714288,0.2
26,weekly_hurdle_12w,7,671,671,30,0.0,0.7142857142857144,0.7142857142857144,0.19047619047619047
26,weekly_hurdle_12w,8,701,701,30,0.0,0.0,0.0,0.18181818181818182
26,weekly_hurdle_12w,9,731,731,30,0.0,0.0,0.0,0.17391304347826086
26,weekly_hurdle_12w,10,761,761,30,0.0,0.0,0.0,0.16666666666666666
26,weekly_hurdle_12w,11,791,791,30,0.0,0.0,0.0,0.16
27,weekly_hurdle_12w,0,461,461,30,0.0,0.0,0.0,0.0
27,weekly_hurdle_12w,1,491,491,30,0.0,0.0,0.0,0.0
27,weekly_hurdle_12w,2,521,521,30,0.0,0.0,0.0,0.0
27,weekly_hurdle_12w,3,551,551,30,0.0,0.0,0.0,0.0
27,weekly_hurdle_12w,4,581,581,30,0.0,0.0,0.0,0.0
27,weekly_hurdle_12w,5,611,611,30,1.0,0.0,1.0,0.0
27,weekly_hurdle_12w,6,641,641,30,0.0,0.3571428571428572,0.3571428571428572,0.05
27,weekly_hurdle_12w,7,671,671,30,0.0,0.3571428571428572,0.3571428571428572,0.09523809523809523
27,weekly_hurdle_12w,8,701,701,30,0.0,0.3571428571428572,0.3571428571428572,0.09090909090909091
27,weekly_hurdle_12w,9,731,731,30,0.0,0.0,0.0,0.08695652173913043
27,weekly_hurdle_12w,10,761,761,30,0.0,0.0,0.0,0.08333333333333333
27,weekly_hurdle_12w,11,791,791,30,0.0,0.0,0.0,0.08
28,weekly_hurdle_12w,0,461,461,30,65.0,94.28571428571426,29.285714285714263,29.142857142857142
28,weekly_hurdle_12w,1,491,491,30,90.0,40.714285714285694,49.285714285714306,30.333333333333332
28,weekly_hurdle_12w,2,521,521,30,54.0,61.42857142857146,7.428571428571459,30.0
28,weekly_hurdle_12w,3,551,551,30,44.0,69.99999999999999,25.999999999999986,30.352941176470587
28,weekly_hurdle_12w,4,581,581,30,50.0,64.64285714285714,14.642857142857139,29.22222222222222
28,weekly_hurdle_12w,5,611,611,30,1.0,49.999999999999986,48.999999999999986,28.0
28,weekly_hurdle_12w,6,641,641,30,0.0,32.85714285714286,32.85714285714286,29.05
28,weekly_hurdle_12w,7,671,671,30,0.0,6.428571428571429,6.428571428571429,27.714285714285715
28,weekly_hurdle_12w,8,701,701,30,2.0,0.3571428571428572,1.6428571428571428,26.454545454545453
28,weekly_hurdle_12w,9,731,731,30,18.0,0.7142857142857144,17.285714285714285,25.391304347826086
28,weekly_hurdle_12w,10,761,761,30,34.0,7.142857142857143,26.857142857142858,25.0
28,weekly_hurdle_12w,11,791,791,30,3.0,19.28571428571429,16.28571428571429,24.64
29,weekly_hurdle_12w,0,461,461,30,108.0,131.07142857142858,23.071428571428584,28.428571428571427
29,weekly_hurdle_12w,1,491,491,30,60.0,78.21428571428574,18.214285714285737,30.666666666666668
29,weekly_hurdle_12w,2,521,521,30,139.0,74.28571428571429,64.71428571428571,31.75
29,weekly_hurdle_12w,3,551,551,30,94.0,97.14285714285717,3.142857142857167,34.529411764705884
29,weekly_hurdle_12w,4,581,581,30,281.0,103.21428571428571,177.78571428571428,35.111111111111114
29,weekly_hurdle_12w,5,611,611,30,449.0,175.71428571428578,273.2857142857142,43.10526315789474
29,weekly_hurdle_12w,6,641,641,30,2.0,288.57142857142844,286.57142857142844,49.35
29,weekly_hurdle_12w,7,671,671,30,0.0,193.92857142857147,193.92857142857147,68.28571428571429
29,weekly_hurdle_12w,8,701,701,30,10.0,159.2857142857142,149.2857142857142,65.27272727272727
29,weekly_hurdle_12w,9,731,731,30,67.0,4.285714285714286,62.714285714285715,62.869565217391305
29,weekly_hurdle_12w,10,761,761,30,144.0,27.500000000000007,116.5,62.625
29,weekly_hurdle_12w,11,791,791,30,8.0,78.92857142857142,70.92857142857142,63.2
32,weekly_hurdle_12w,0,461,461,30,0.0,0.0,0.0,0.0
32,weekly_hurdle_12w,1,491,491,30,0.0,0.0,0.0,0.0
32,weekly_hurdle_12w,2,521,521,30,0.0,0.0,0.0,0.0
32,weekly_hurdle_12w,3,551,551,30,0.0,0.0,0.0,0.0
32,weekly_hurdle_12w,4,581,581,30,0.0,0.0,0.0,0.0
32,weekly_hurdle_12w,5,611,611,30,0.0,0.0,0.0,0.0
32,weekly_hurdle_12w,6,641,641,30,0.0,0.0,0.0,0.0
32,weekly_hurdle_12w,7,671,671,30,1.0,0.0,1.0,0.0
32,weekly_hurdle_12w,8,701,701,30,0.0,0.3571428571428572,0.3571428571428572,0.045454545454545456
32,weekly_hurdle_12w,9,731,731,30,0.0,0.3571428571428572,0.3571428571428572,0.08695652173913043
32,weekly_hurdle_12w,10,761,761,30,0.0,0.3571428571428572,0.3571428571428572,0.08333333333333333
32,weekly_hurdle_12w,11,791,791,30,0.0,0.0,0.0,0.08
33,weekly_hurdle_12w,0,461,461,30,0.0,0.0,0.0,0.0
33,weekly_hurdle_12w,1,491,491,30,0.0,0.0,0.0,0.0
33,weekly_hurdle_12w,2,521,521,30,0.0,0.0,0.0,0.0
33,weekly_hurdle_12w,3,551,551,30,0.0,0.0,0.0,0.0
33,weekly_hurdle_12w,4,581,581,30,0.0,0.0,0.0,0.0
33,weekly_hurdle_12w,5,611,611,30,0.0,0.0,0.0,0.0
33,weekly_hurdle_12w,6,641,641,30,0.0,0.0,0.0,0.0
33,weekly_hurdle_12w,7,671,671,30,0.0,0.0,0.0,0.0
33,weekly_hurdle_12w,8,701,701,30,0.0,0.0,0.0,0.0
33,weekly_hurdle_12w,9,731,731,30,0.0,0.0,0.0,0.0
33,weekly_hurdle_12w,10,761,761,30,1.0,0.0,1.0,0.0
33,weekly_hurdle_12w,11,791,791,30,0.0,0.3571428571428572,0.3571428571428572,0.04
34,weekly_hurdle_12w,0,461,461,30,22.0,25.714285714285715,3.7142857142857153,16.428571428571427
34,weekly_hurdle_12w,1,491,491,30,14.0,27.142857142857146,13.142857142857146,17.2
34,weekly_hurdle_12w,2,521,521,30,6.0,30.71428571428573,24.71428571428573,16.625
34,weekly_hurdle_12w,3,551,551,30,4.0,11.07142857142857,7.071428571428569,16.11764705882353
34,weekly_hurdle_12w,4,581,581,30,2.0,8.571428571428571,6.571428571428571,15.333333333333334
34,weekly_hurdle_12w,5,611,611,30,0.0,3.928571428571429,3.928571428571429,14.631578947368421
34,weekly_hurdle_12w,6,641,641,30,0.0,1.7857142857142856,1.7857142857142856,14.0
34,weekly_hurdle_12w,7,671,671,30,0.0,0.7142857142857144,0.7142857142857144,13.333333333333334
34,weekly_hurdle_12w,8,701,701,30,0.0,0.0,0.0,12.727272727272727
34,weekly_hurdle_12w,9,731,731,30,0.0,0.0,0.0,12.173913043478262
34,weekly_hurdle_12w,10,761,761,30,0.0,0.0,0.0,11.666666666666666
34,weekly_hurdle_12w,11,791,791,30,0.0,0.0,0.0,11.2
36,weekly_hurdle_12w,0,461,461,30,73.0,42.499999999999986,30.500000000000014,9.857142857142858
36,weekly_hurdle_12w,1,491,491,30,58.0,47.85714285714286,10.142857142857139,13.533333333333333
36,weekly_hurdle_12w,2,521,521,30,15.0,49.642857142857146,34.642857142857146,13.625
36,weekly_hurdle_12w,3,551,551,30,23.0,50.71428571428571,27.714285714285708,15.352941176470589
36,weekly_hurdle_12w,4,581,581,30,13.0,34.285714285714285,21.285714285714285,14.944444444444445
36,weekly_hurdle_12w,5,611,611,30,12.0,17.142857142857142,5.142857142857142,14.68421052631579
36,weekly_hurdle_12w,6,641,641,30,8.0,16.071428571428577,8.071428571428577,14.0
36,weekly_hurdle_12w,7,671,671,30,2.0,10.714285714285717,8.714285714285717,13.523809523809524
36,weekly_hurdle_12w,8,701,701,30,11.0,7.857142857142858,3.1428571428571423,13.181818181818182
36,weekly_hurdle_12w,9,731,731,30,10.0,7.142857142857142,2.8571428571428577,13.0
36,weekly_hurdle_12w,10,761,761,30,26.0,8.214285714285714,17.785714285714285,12.5
36,weekly_hurdle_12w,11,791,791,30,3.0,16.071428571428577,13.071428571428577,12.64
38,weekly_hurdle_12w,0,461,461,30,44.0,46.071428571428555,2.071428571428555,15.428571428571429
38,weekly_hurdle_12w,1,491,491,30,18.0,29.642857142857142,11.642857142857142,16.8
38,weekly_hurdle_12w,2,521,521,30,33.0,24.28571428571429,8.714285714285712,17.375
38,weekly_hurdle_12w,3,551,551,30,35.0,32.14285714285715,2.857142857142847,17.235294117647058
38,weekly_hurdle_12w,4,581,581,30,0.0,30.71428571428573,30.71428571428573,16.38888888888889
38,weekly_hurdle_12w,5,611,611,30,0.0,19.285714285714285,19.285714285714285,17.36842105263158
38,weekly_hurdle_12w,6,641,641,30,0.0,7.142857142857142,7.142857142857142,16.5
38,weekly_hurdle_12w,7,671,671,30,0.0,0.0,0.0,15.714285714285714
38,weekly_hurdle_12w,8,701,701,30,0.0,0.0,0.0,15.0
38,weekly_hurdle_12w,9,731,731,30,0.0,0.0,0.0,14.347826086956522
38,weekly_hurdle_12w,10,761,761,30,0.0,0.0,0.0,13.75
38,weekly_hurdle_12w,11,791,791,30,0.0,0.0,0.0,13.2
39,weekly_hurdle_12w,0,461,461,30,0.0,0.0,0.0,0.0
39,weekly_hurdle_12w,1,491,491,30,0.0,0.0,0.0,0.0
39,weekly_hurdle_12w,2,521,521,30,0.0,0.0,0.0,0.0
39,weekly_hurdle_12w,3,551,551,30,0.0,0.0,0.0,0.0
39,weekly_hurdle_12w,4,581,581,30,0.0,0.0,0.0,0.0
39,weekly_hurdle_12w,5,611,611,30,28.0,0.0,28.0,0.0
39,weekly_hurdle_12w,6,641,641,30,45.0,10.000000000000004,35.0,1.4
39,weekly_hurdle_12w,7,671,671,30,29.0,26.071428571428577,2.9285714285714235,2.142857142857143
39,weekly_hurdle_12w,8,701,701,30,47.0,36.42857142857143,10.57142857142857,2.772727272727273
39,weekly_hurdle_12w,9,731,731,30,65.0,42.142857142857146,22.857142857142854,3.4347826086956523
39,weekly_hurdle_12w,10,761,761,30,123.0,49.999999999999986,73.00000000000001,4.041666666666667
39,weekly_hurdle_12w,11,791,791,30,4.0,78.92857142857142,74.92857142857142,6.2
42,weekly_hurdle_12w,0,461,461,30,0.0,0.0,0.0,0.42857142857142855
42,weekly_hurdle_12w,1,491,491,30,0.0,0.0,0.0,0.4
42,weekly_hurdle_12w,2,521,521,30,0.0,0.0,0.0,0.375
42,weekly_hurdle_12w,3,551,551,30,0.0,0.0,0.0,0.35294117647058826
42,weekly_hurdle_12w,4,581,581,30,0.0,0.0,0.0,0.3333333333333333
42,weekly_hurdle_12w,5,611,611,30,0.0,0.0,0.0,0.3157894736842105
42,weekly_hurdle_12w,6,641,641,30,0.0,0.0,0.0,0.3
42,weekly_hurdle_12w,7,671,671,30,0.0,0.0,0.0,0.2857142857142857
42,weekly_hurdle_12w,8,701,701,30,0.0,0.0,0.0,0.2727272727272727
42,weekly_hurdle_12w,9,731,731,30,0.0,0.0,0.0,0.2608695652173913
42,weekly_hurdle_12w,10,761,761,30,0.0,0.0,0.0,0.25
42,weekly_hurdle_12w,11,791,791,30,0.0,0.0,0.0,0.24
47,weekly_hurdle_12w,0,461,461,30,0.0,0.0,0.0,1.8571428571428572
47,weekly_hurdle_12w,1,491,491,30,0.0,0.0,0.0,1.7333333333333334
47,weekly_hurdle_12w,2,521,521,30,0.0,0.0,0.0,1.625
47,weekly_hurdle_12w,3,551,551,30,0.0,0.0,0.0,1.5294117647058822
47,weekly_hurdle_12w,4,581,581,30,0.0,0.0,0.0,1.4444444444444444
47,weekly_hurdle_12w,5,611,611,30,0.0,0.0,0.0,1.368421052631579
47,weekly_hurdle_12w,6,641,641,30,0.0,0.0,0.0,1.3
47,weekly_hurdle_12w,7,671,671,30,0.0,0.0,0.0,1.2380952380952381
47,weekly_hurdle_12w,8,701,701,30,0.0,0.0,0.0,1.1818181818181819
47,weekly_hurdle_12w,9,731,731,30,0.0,0.0,0.0,1.1304347826086956
47,weekly_hurdle_12w,10,761,761,30,0.0,0.0,0.0,1.0833333333333333
47,weekly_hurdle_12w,11,791,791,30,0.0,0.0,0.0,1.04
48,weekly_hurdle_12w,0,461,461,30,0.0,0.0,0.0,0.0
48,weekly_hurdle_12w,1,491,491,30,0.0,0.0,0.0,0.0
48,weekly_hurdle_12w,2,521,521,30,0.0,0.0,0.0,0.0
48,weekly_hurdle_12w,3,551,551,30,0.0,0.0,0.0,0.0
48,weekly_hurdle_12w,4,581,581,30,0.0,0.0,0.0,0.0
48,weekly_hurdle_12w,5,611,611,30,91.0,0.0,91.0,0.0
48,weekly_hurdle_12w,6,641,641,30,35.0,32.49999999999999,2.500000000000007,4.55
48,weekly_hurdle_12w,7,671,671,30,26.0,45.0,19.0,7.0
48,weekly_hurdle_12w,8,701,701,30,23.0,54.28571428571429,31.285714285714292,7.090909090909091
48,weekly_hurdle_12w,9,731,731,30,56.0,28.21428571428571,27.78571428571429,6.913043478260869
48,weekly_hurdle_12w,10,761,761,30,99.0,36.071428571428555,62.928571428571445,8.0
48,weekly_hurdle_12w,11,791,791,30,9.0,62.500000000000014,53.500000000000014,9.4
49,weekly_hurdle_12w,0,461,461,30,16.0,11.42857142857143,4.571428571428569,12.285714285714286
49,weekly_hurdle_12w,1,491,491,30,10.0,11.07142857142857,1.0714285714285694,12.4
49,weekly_hurdle_12w,2,521,521,30,3.0,10.000000000000004,7.0000000000000036,12.0
49,weekly_hurdle_12w,3,551,551,30,0.0,10.000000000000004,10.000000000000004,11.705882352941176
49,weekly_hurdle_12w,4,581,581,30,0.0,4.285714285714286,4.285714285714286,11.222222222222221
49,weekly_hurdle_12w,5,611,611,30,0.0,0.3571428571428572,0.3571428571428572,10.631578947368421
49,weekly_hurdle_12w,6,641,641,30,0.0,0.0,0.0,10.1
49,weekly_hurdle_12w,7,671,671,30,0.0,0.0,0.0,9.619047619047619
49,weekly_hurdle_12w,8,701,701,30,0.0,0.0,0.0,9.181818181818182
49,weekly_hurdle_12w,9,731,731,30,0.0,0.0,0.0,8.782608695652174
49,weekly_hurdle_12w,10,761,761,30,0.0,0.0,0.0,8.416666666666666
49,weekly_hurdle_12w,11,791,791,30,0.0,0.0,0.0,8.08
51,weekly_hurdle_12w,0,461,461,30,0.0,0.0,0.0,0.0
51,weekly_hurdle_12w,1,491,491,30,0.0,0.0,0.0,0.0
51,weekly_hurdle_12w,2,521,521,30,0.0,0.0,0.0,0.0
51,weekly_hurdle_12w,3,551,551,30,0.0,0.0,0.0,0.0
51,weekly_hurdle_12w,4,581,581,30,0.0,0.0,0.0,0.0
51,weekly_hurdle_12w,5,611,611,30,0.0,0.0,0.0,0.0
51,weekly_hurdle_12w,6,641,641,30,0.0,0.0,0.0,0.0
51,weekly_hurdle_12w,7,671,671,30,0.0,0.0,0.0,0.0
51,weekly_hurdle_12w,8,701,701,30,0.0,0.0,0.0,0.0
51,weekly_hurdle_12w,9,731,731,30,0.0,0.0,0.0,0.0
51,weekly_hurdle_12w,10,761,761,30,0.0,0.0,0.0,0.0
51,weekly_hurdle_12w,11,791,791,30,0.0,0.0,0.0,0.0
52,weekly_hurdle_12w,0,461,461,30,0.0,8.214285714285714,8.214285714285714,8.0
52,weekly_hurdle_12w,1,491,491,30,0.0,0.3571428571428572,0.3571428571428572,7.533333333333333
52,weekly_hurdle_12w,2,521,521,30,0.0,0.3571428571428572,0.3571428571428572,7.0625
52,weekly_hurdle_12w,3,551,551,30,0.0,0.0,0.0,6.647058823529412
52,weekly_hurdle_12w,4,581,581,30,0.0,0.0,0.0,6.277777777777778
52,weekly_hurdle_12w,5,611,611,30,0.0,0.0,0.0,5.947368421052632
52,weekly_hurdle_12w,6,641,641,30,0.0,0.0,0.0,5.65
52,weekly_hurdle_12w,7,671,671,30,0.0,0.0,0.0,5.380952380952381
52,weekly_hurdle_12w,8,701,701,30,0.0,0.0,0.0,5.136363636363637
52,weekly_hurdle_12w,9,731,731,30,2.0,0.0,2.0,4.913043478260869
52,weekly_hurdle_12w,10,761,761,30,0.0,0.7142857142857144,0.7142857142857144,4.791666666666667
52,weekly_hurdle_12w,11,791,791,30,0.0,0.7142857142857144,0.7142857142857144,4.68
54,weekly_hurdle_12w,0,461,461,30,114.0,92.8571428571429,21.142857142857096,12.714285714285714
54,weekly_hurdle_12w,1,491,491,30,116.0,84.28571428571428,31.714285714285722,15.866666666666667
54,weekly_hurdle_12w,2,521,521,30,179.0,98.57142857142861,80.42857142857139,15.0
54,weekly_hurdle_12w,3,551,551,30,339.0,129.99999999999997,209.00000000000003,17.823529411764707
54,weekly_hurdle_12w,4,581,581,30,424.0,220.71428571428572,203.28571428571428,25.72222222222222
54,weekly_hurdle_12w,5,611,611,30,0.0,326.4285714285716,326.4285714285716,28.842105263157894
54,weekly_hurdle_12w,6,641,641,30,0.0,264.28571428571416,264.28571428571416,48.6
54,weekly_hurdle_12w,7,671,671,30,0.0,84.28571428571428,84.28571428571428,46.285714285714285
54,weekly_hurdle_12w,8,701,701,30,0.0,0.0,0.0,44.18181818181818
54,weekly_hurdle_12w,9,731,731,30,0.0,0.0,0.0,42.26086956521739
54,weekly_hurdle_12w,10,761,761,30,0.0,0.0,0.0,40.5
54,weekly_hurdle_12w,11,791,791,30,0.0,0.0,0.0,38.88
55,weekly_hurdle_12w,0,461,461,30,0.0,0.0,0.0,0.0
55,weekly_hurdle_12w,1,491,491,30,0.0,0.0,0.0,0.0
55,weekly_hurdle_12w,2,521,521,30,0.0,0.0,0.0,0.0
55,weekly_hurdle_12w,3,551,551,30,0.0,0.0,0.0,0.0
55,weekly_hurdle_12w,4,581,581,30,0.0,0.0,0.0,0.0
55,weekly_hurdle_12w,5,611,611,30,515.0,0.0,515.0,0.0
55,weekly_hurdle_12w,6,641,641,30,88.0,183.92857142857142,95.92857142857142,25.75
55,weekly_hurdle_12w,7,671,671,30,72.0,215.35714285714278,143.35714285714278,44.857142857142854
55,weekly_hurdle_12w,8,701,701,30,87.0,239.28571428571433,152.28571428571433,43.54545454545455
55,weekly_hurdle_12w,9,731,731,30,228.0,80.71428571428571,147.28571428571428,42.30434782608695
55,weekly_hurdle_12w,10,761,761,30,195.0,132.85714285714286,62.14285714285714,46.416666666666664
55,weekly_hurdle_12w,11,791,791,30,90.0,178.2142857142858,88.21428571428581,45.88
57,weekly_hurdle_12w,0,461,461,30,2.0,12.499999999999996,10.499999999999996,4.071428571428571
57,weekly_hurdle_12w,1,491,491,30,54.0,3.2142857142857144,50.785714285714285,3.8666666666666667
57,weekly_hurdle_12w,2,521,521,30,39.0,20.357142857142847,18.642857142857153,6.875
57,weekly_hurdle_12w,3,551,551,30,19.0,33.57142857142858,14.571428571428577,7.352941176470588
57,weekly_hurdle_12w,4,581,581,30,11.0,25.357142857142854,14.357142857142854,8.055555555555555
57,weekly_hurdle_12w,5,611,611,30,35.0,20.000000000000007,14.999999999999993,8.052631578947368
57,weekly_hurdle_12w,6,641,641,30,36.0,22.14285714285714,13.857142857142861,8.85
57,weekly_hurdle_12w,7,671,671,30,30.0,27.500000000000007,2.499999999999993,8.476190476190476
57,weekly_hurdle_12w,8,701,701,30,31.0,34.642857142857146,3.642857142857146,8.363636363636363
57,weekly_hurdle_12w,9,731,731,30,80.0,28.928571428571434,51.07142857142857,8.043478260869565
57,weekly_hurdle_12w,10,761,761,30,18.0,49.642857142857146,31.642857142857146,9.75
57,weekly_hurdle_12w,11,791,791,30,0.0,45.71428571428573,45.71428571428573,11.84
58,weekly_hurdle_12w,0,461,461,30,12.0,21.428571428571434,9.428571428571434,3.2857142857142856
58,weekly_hurdle_12w,1,491,491,30,7.0,13.571428571428573,6.571428571428573,3.3333333333333335
58,weekly_hurdle_12w,2,521,521,30,47.0,8.928571428571427,38.07142857142857,3.4375
58,weekly_hurdle_12w,3,551,551,30,55.0,20.71428571428571,34.28571428571429,5.588235294117647
58,weekly_hurdle_12w,4,581,581,30,67.0,38.928571428571445,28.071428571428555,5.722222222222222
58,weekly_hurdle_12w,5,611,611,30,55.0,57.499999999999986,2.499999999999986,6.052631578947368
58,weekly_hurdle_12w,6,641,641,30,15.0,63.214285714285694,48.214285714285694,6.35
58,weekly_hurdle_12w,7,671,671,30,11.0,30.714285714285722,19.714285714285722,7.9523809523809526
58,weekly_hurdle_12w,8,701,701,30,22.0,28.928571428571434,6.928571428571434,7.7727272727272725
58,weekly_hurdle_12w,9,731,731,30,31.0,16.071428571428577,14.928571428571423,7.913043478260869
58,weekly_hurdle_12w,10,761,761,30,1.0,22.5,21.5,7.958333333333333
58,weekly_hurdle_12w,11,791,791,30,0.0,18.214285714285715,18.214285714285715,8.84
59,weekly_hurdle_12w,0,461,461,30,28.0,24.642857142857153,3.357142857142847,6.071428571428571
59,weekly_hurdle_12w,1,491,491,30,30.0,19.642857142857146,10.357142857142854,6.8
59,weekly_hurdle_12w,2,521,521,30,19.0,24.64285714285715,5.6428571428571495,6.5
59,weekly_hurdle_12w,3,551,551,30,6.0,24.28571428571429,18.28571428571429,6.764705882352941
59,weekly_hurdle_12w,4,581,581,30,0.0,18.214285714285715,18.214285714285715,7.111111111111111
59,weekly_hurdle_12w,5,611,611,30,0.0,5.714285714285715,5.714285714285715,7.052631578947368
59,weekly_hurdle_12w,6,641,641,30,7.0,2.142857142857143,4.857142857142858,6.7
59,weekly_hurdle_12w,7,671,671,30,9.0,2.500000000000001,6.499999999999999,6.714285714285714
59,weekly_hurdle_12w,8,701,701,30,15.0,5.714285714285716,9.285714285714285,6.5
59,weekly_hurdle_12w,9,731,731,30,38.0,11.071428571428568,26.92857142857143,6.478260869565218
59,weekly_hurdle_12w,10,761,761,30,23.0,22.14285714285714,0.8571428571428612,7.166666666666667
59,weekly_hurdle_12w,11,791,791,30,7.0,26.428571428571423,19.428571428571423,7.48
60,weekly_hurdle_12w,0,461,461,30,0.0,0.3571428571428572,0.3571428571428572,0.14285714285714285
60,weekly_hurdle_12w,1,491,491,30,0.0,0.0,0.0,0.13333333333333333
60,weekly_hurdle_12w,2,521,521,30,0.0,0.0,0.0,0.125
60,weekly_hurdle_12w,3,551,551,30,0.0,0.0,0.0,0.11764705882352941
60,weekly_hurdle_12w,4,581,581,30,1.0,0.0,1.0,0.1111111111111111
60,weekly_hurdle_12w,5,611,611,30,0.0,0.3571428571428572,0.3571428571428572,0.15789473684210525
60,weekly_hurdle_12w,6,641,641,30,0.0,0.3571428571428572,0.3571428571428572,0.2
60,weekly_hurdle_12w,7,671,671,30,0.0,0.3571428571428572,0.3571428571428572,0.19047619047619047
60,weekly_hurdle_12w,8,701,701,30,0.0,0.0,0.0,0.18181818181818182
60,weekly_hurdle_12w,9,731,731,30,0.0,0.0,0.0,0.17391304347826086
60,weekly_hurdle_12w,10,761,761,30,0.0,0.0,0.0,0.16666666666666666
60,weekly_hurdle_12w,11,791,791,30,0.0,0.0,0.0,0.16
64,weekly_hurdle_12w,0,461,461,30,11.0,1.4285714285714288,9.571428571428571,0.2857142857142857
64,weekly_hurdle_12w,1,491,491,30,8.0,5.3571428571428585,2.6428571428571415,0.7333333333333333
64,weekly_hurdle_12w,2,521,521,30,1.0,8.214285714285714,7.2142857142857135,0.875
64,weekly_hurdle_12w,3,551,551,30,1.0,7.142857142857143,6.142857142857143,1.2352941176470589
64,weekly_hurdle_12w,4,581,581,30,1.0,3.2142857142857144,2.2142857142857144,1.1666666666666667
64,weekly_hurdle_12w,5,611,611,30,1.0,1.0714285714285714,0.0714285714285714,1.105263157894737
64,weekly_hurdle_12w,6,641,641,30,4.0,1.0714285714285714,2.928571428571429,1.05
64,weekly_hurdle_12w,7,671,671,30,0.0,2.142857142857143,2.142857142857143,1.1428571428571428
64,weekly_hurdle_12w,8,701,701,30,0.0,1.4285714285714288,1.4285714285714288,1.2727272727272727
64,weekly_hurdle_12w,9,731,731,30,0.0,1.4285714285714288,1.4285714285714288,1.2173913043478262
64,weekly_hurdle_12w,10,761,761,30,0.0,0.0,0.0,1.1666666666666667
64,weekly_hurdle_12w,11,791,791,30,0.0,0.0,0.0,1.12
67,weekly_hurdle_12w,0,461,461,30,0.0,0.7142857142857144,0.7142857142857144,0.2857142857142857
67,weekly_hurdle_12w,1,491,491,30,0.0,0.7142857142857144,0.7142857142857144,0.26666666666666666
67,weekly_hurdle_12w,2,521,521,30,0.0,0.0,0.0,0.25
67,weekly_hurdle_12w,3,551,551,30,0.0,0.0,0.0,0.23529411764705882
67,weekly_hurdle_12w,4,581,581,30,0.0,0.0,0.0,0.2222222222222222
67,weekly_hurdle_12w,5,611,611,30,0.0,0.0,0.0,0.21052631578947367
67,weekly_hurdle_12w,6,641,641,30,0.0,0.0,0.0,0.2
67,weekly_hurdle_12w,7,671,671,30,0.0,0.0,0.0,0.19047619047619047
67,weekly_hurdle_12w,8,701,701,30,0.0,0.0,0.0,0.18181818181818182
67,weekly_hurdle_12w,9,731,731,30,0.0,0.0,0.0,0.17391304347826086
67,weekly_hurdle_12w,10,761,761,30,0.0,0.0,0.0,0.16666666666666666
67,weekly_hurdle_12w,11,791,791,30,0.0,0.0,0.0,0.16
73,weekly_hurdle_12w,0,461,461,30,0.0,18.928571428571427,18.928571428571427,10.714285714285714
73,weekly_hurdle_12w,1,491,491,30,0.0,0.3571428571428572,0.3571428571428572,10.0
73,weekly_hurdle_12w,2,521,521,30,0.0,0.0,0.0,9.375
73,weekly_hurdle_12w,3,551,551,30,0.0,0.0,0.0,8.823529411764707
73,weekly_hurdle_12w,4,581,581,30,0.0,0.0,0.0,8.333333333333334
73,weekly_hurdle_12w,5,611,611,30,0.0,0.0,0.0,7.894736842105263
73,weekly_hurdle_12w,6,641,641,30,0.0,0.0,0.0,7.5
73,weekly_hurdle_12w,7,671,671,30,0.0,0.0,0.0,7.142857142857143
73,weekly_hurdle_12w,8,701,701,30,0.0,0.0,0.0,6.818181818181818
73,weekly_hurdle_12w,9,731,731,30,0.0,0.0,0.0,6.521739130434782
73,weekly_hurdle_12w,10,761,761,30,0.0,0.0,0.0,6.25
73,weekly_hurdle_12w,11,791,791,30,0.0,0.0,0.0,6.0
74,weekly_hurdle_12w,0,461,461,30,0.0,0.0,0.0,0.0
74,weekly_hurdle_12w,1,491,491,30,0.0,0.0,0.0,0.0
74,weekly_hurdle_12w,2,521,521,30,0.0,0.0,0.0,0.0
74,weekly_hurdle_12w,3,551,551,30,100.0,0.0,100.0,0.0
74,weekly_hurdle_12w,4,581,581,30,225.0,35.71428571428571,189.28571428571428,5.555555555555555
74,weekly_hurdle_12w,5,611,611,30,265.0,116.07142857142858,148.92857142857142,11.842105263157896
74,weekly_hurdle_12w,6,641,641,30,38.0,208.5714285714286,170.5714285714286,13.25
74,weekly_hurdle_12w,7,671,671,30,68.0,124.28571428571428,56.28571428571428,23.428571428571427
74,weekly_hurdle_12w,8,701,701,30,141.0,131.07142857142858,9.928571428571416,23.727272727272727
74,weekly_hurdle_12w,9,731,731,30,120.0,87.85714285714289,32.14285714285711,25.869565217391305
74,weekly_hurdle_12w,10,761,761,30,395.0,117.50000000000003,277.5,25.666666666666668
74,weekly_hurdle_12w,11,791,791,30,60.0,229.99999999999994,169.99999999999994,35.64
76,weekly_hurdle_12w,0,461,461,30,3.0,6.428571428571429,3.428571428571429,0.6428571428571429
76,weekly_hurdle_12w,1,491,491,30,8.0,4.285714285714286,3.7142857142857144,0.7333333333333333
76,weekly_hurdle_12w,2,521,521,30,3.0,5.714285714285716,2.714285714285716,1.0
76,weekly_hurdle_12w,3,551,551,30,1.0,5.000000000000002,4.000000000000002,1.2352941176470589
76,weekly_hurdle_12w,4,581,581,30,5.0,4.285714285714286,0.7142857142857144,1.2777777777777777
76,weekly_hurdle_12w,5,611,611,30,2.0,2.8571428571428577,0.8571428571428577,1.4210526315789473
76,weekly_hurdle_12w,6,641,641,30,2.0,2.500000000000001,0.5000000000000009,1.5
76,weekly_hurdle_12w,7,671,671,30,0.0,1.7857142857142856,1.7857142857142856,1.4285714285714286
76,weekly_hurdle_12w,8,701,701,30,0.0,1.4285714285714288,1.4285714285714288,1.4545454545454546
76,weekly_hurdle_12w,9,731,731,30,0.0,0.7142857142857144,0.7142857142857144,1.391304347826087
76,weekly_hurdle_12w,10,761,761,30,0.0,0.0,0.0,1.3333333333333333
76,weekly_hurdle_12w,11,791,791,30,0.0,0.0,0.0,1.28
81,weekly_hurdle_12w,0,461,461,30,5.0,9.642857142857144,4.642857142857144,1.3571428571428572
81,weekly_hurdle_12w,1,491,491,30,8.0,6.071428571428572,1.928571428571428,1.4
81,weekly_hurdle_12w,2,521,521,30,3.0,7.142857142857142,4.142857142857142,1.5
81,weekly_hurdle_12w,3,551,551,30,12.0,5.3571428571428585,6.6428571428571415,1.7058823529411764
81,weekly_hurdle_12w,4,581,581,30,21.0,8.214285714285714,12.785714285714286,2.111111111111111
81,weekly_hurdle_12w,5,611,611,30,6.0,12.499999999999996,6.4999999999999964,2.473684210526316
81,weekly_hurdle_12w,6,641,641,30,9.0,12.142857142857144,3.142857142857144,3.1
81,weekly_hurdle_12w,7,671,671,30,0.0,8.571428571428571,8.571428571428571,3.0952380952380953
81,weekly_hurdle_12w,8,701,701,30,0.0,5.000000000000002,5.000000000000002,3.3636363636363638
81,weekly_hurdle_12w,9,731,731,30,0.0,2.500000000000001,2.500000000000001,3.217391304347826
81,weekly_hurdle_12w,10,761,761,30,0.0,0.0,0.0,3.0833333333333335
81,weekly_hurdle_12w,11,791,791,30,0.0,0.0,0.0,2.96
84,weekly_hurdle_12w,0,461,461,30,4.0,8.214285714285714,4.2142857142857135,2.642857142857143
84,weekly_hurdle_12w,1,491,491,30,0.0,8.928571428571427,8.928571428571427,3.2
84,weekly_hurdle_12w,2,521,521,30,44.0,6.7857142857142865,37.214285714285715,3.25
84,weekly_hurdle_12w,3,551,551,30,29.0,15.714285714285715,13.285714285714285,5.647058823529412
84,weekly_hurdle_12w,4,581,581,30,111.0,26.071428571428584,84.92857142857142,6.166666666666667
84,weekly_hurdle_12w,5,611,611,30,139.0,65.71428571428571,73.28571428571429,10.157894736842104
84,weekly_hurdle_12w,6,641,641,30,44.0,98.2142857142857,54.214285714285694,11.05
84,weekly_hurdle_12w,7,671,671,30,24.0,71.07142857142858,47.071428571428584,15.047619047619047
84,weekly_hurdle_12w,8,701,701,30,0.0,73.9285714285714,73.9285714285714,15.272727272727273
84,weekly_hurdle_12w,9,731,731,30,0.0,22.14285714285714,22.14285714285714,15.652173913043478
84,weekly_hurdle_12w,10,761,761,30,0.0,7.142857142857143,7.142857142857143,15.0
84,weekly_hurdle_12w,11,791,791,30,0.0,0.0,0.0,14.4
101,weekly_hurdle_12w,0,461,461,30,4.0,0.0,4.0,0.0
101,weekly_hurdle_12w,1,491,491,30,10.0,1.4285714285714288,8.571428571428571,0.26666666666666666
101,weekly_hurdle_12w,2,521,521,30,0.0,5.000000000000002,5.000000000000002,0.625
101,weekly_hurdle_12w,3,551,551,30,6.0,5.000000000000002,0.9999999999999982,1.1764705882352942
101,weekly_hurdle_12w,4,581,581,30,5.0,5.3571428571428585,0.35714285714285854,1.4444444444444444
101,weekly_hurdle_12w,5,611,611,30,2.0,3.928571428571429,1.9285714285714288,1.4210526315789473
101,weekly_hurdle_12w,6,641,641,30,0.0,4.285714285714286,4.285714285714286,1.5
101,weekly_hurdle_12w,7,671,671,30,8.0,2.500000000000001,5.499999999999999,1.5238095238095237
101,weekly_hurdle_12w,8,701,701,30,2.0,3.5714285714285716,1.5714285714285716,1.8181818181818181
101,weekly_hurdle_12w,9,731,731,30,4.0,3.571428571428571,0.4285714285714288,2.0
101,weekly_hurdle_12w,10,761,761,30,12.0,5.000000000000002,6.999999999999998,2.0
101,weekly_hurdle_12w,11,791,791,30,0.0,6.071428571428573,6.071428571428573,2.24
102,weekly_hurdle_12w,0,461,461,30,0.0,0.0,0.0,0.0
102,weekly_hurdle_12w,1,491,491,30,0.0,0.0,0.0,0.0
102,weekly_hurdle_12w,2,521,521,30,0.0,0.0,0.0,0.0
102,weekly_hurdle_12w,3,551,551,30,0.0,0.0,0.0,0.0
102,weekly_hurdle_12w,4,581,581,30,0.0,0.0,0.0,0.0
102,weekly_hurdle_12w,5,611,611,30,0.0,0.0,0.0,0.0
102,weekly_hurdle_12w,6,641,641,30,9.0,0.0,9.0,0.0
102,weekly_hurdle_12w,7,671,671,30,12.0,3.2142857142857144,8.785714285714285,0.42857142857142855
102,weekly_hurdle_12w,8,701,701,30,6.0,7.500000000000002,1.5000000000000018,0.5454545454545454
102,weekly_hurdle_12w,9,731,731,30,15.0,9.642857142857142,5.357142857142858,0.782608695652174
102,weekly_hurdle_12w,10,761,761,30,30.0,11.785714285714283,18.214285714285715,1.125
102,weekly_hurdle_12w,11,791,791,30,1.0,17.857142857142854,16.857142857142854,1.68
103,weekly_hurdle_12w,0,461,461,30,2.0,3.928571428571429,1.9285714285714288,0.7857142857142857
103,weekly_hurdle_12w,1,491,491,30,54.0,4.642857142857143,49.357142857142854,1.3333333333333333
103,weekly_hurdle_12w,2,521,521,30,0.0,22.14285714285714,22.14285714285714,4.5
103,weekly_hurdle_12w,3,551,551,30,41.0,19.642857142857146,21.357142857142854,7.411764705882353
103,weekly_hurdle_12w,4,581,581,30,0.0,33.92857142857142,33.92857142857142,9.277777777777779
103,weekly_hurdle_12w,5,611,611,30,10.0,14.642857142857137,4.642857142857137,10.947368421052632
103,weekly_hurdle_12w,6,641,641,30,4.0,9.285714285714286,5.2857142857142865,10.9
103,weekly_hurdle_12w,7,671,671,30,20.0,5.000000000000002,14.999999999999998,10.666666666666666
103,weekly_hurdle_12w,8,701,701,30,7.0,10.714285714285717,3.714285714285717,10.909090909090908
103,weekly_hurdle_12w,9,731,731,30,16.0,10.000000000000004,5.9999999999999964,11.0
103,weekly_hurdle_12w,10,761,761,30,5.0,14.642857142857137,9.642857142857137,10.916666666666666
103,weekly_hurdle_12w,11,791,791,30,1.0,10.000000000000004,9.000000000000004,10.92
104,weekly_hurdle_12w,0,461,461,30,7.0,5.3571428571428585,1.6428571428571415,4.5
104,weekly_hurdle_12w,1,491,491,30,4.0,4.642857142857143,0.6428571428571432,4.6
104,weekly_hurdle_12w,2,521,521,30,3.0,4.285714285714286,1.2857142857142856,4.5
104,weekly_hurdle_12w,3,551,551,30,0.0,4.642857142857143,4.642857142857143,4.294117647058823
104,weekly_hurdle_12w,4,581,581,30,0.0,2.142857142857143,2.142857142857143,4.222222222222222
104,weekly_hurdle_12w,5,611,611,30,0.0,0.7142857142857144,0.7142857142857144,4.0
104,weekly_hurdle_12w,6,641,641,30,0.0,0.0,0.0,3.8
104,weekly_hurdle_12w,7,671,671,30,0.0,0.0,0.0,3.619047619047619
104,weekly_hurdle_12w,8,701,701,30,0.0,0.0,0.0,3.4545454545454546
104,weekly_hurdle_12w,9,731,731,30,0.0,0.0,0.0,3.3043478260869565
104,weekly_hurdle_12w,10,761,761,30,1.0,0.0,1.0,3.1666666666666665
104,weekly_hurdle_12w,11,791,791,30,0.0,0.3571428571428572,0.3571428571428572,3.08
105,weekly_hurdle_12w,0,461,461,30,1.0,1.4285714285714288,0.4285714285714288,7.071428571428571
105,weekly_hurdle_12w,1,491,491,30,0.0,1.7857142857142858,1.7857142857142858,6.733333333333333
105,weekly_hurdle_12w,2,521,521,30,1.0,0.3571428571428572,0.6428571428571428,6.375
105,weekly_hurdle_12w,3,551,551,30,1.0,0.7142857142857144,0.2857142857142856,6.0588235294117645
105,weekly_hurdle_12w,4,581,581,30,0.0,0.7142857142857144,0.7142857142857144,5.722222222222222
105,weekly_hurdle_12w,5,611,611,30,0.0,0.3571428571428572,0.3571428571428572,5.473684210526316
105,weekly_hurdle_12w,6,641,641,30,0.0,0.3571428571428572,0.3571428571428572,5.2
105,weekly_hurdle_12w,7,671,671,30,0.0,0.0,0.0,4.9523809523809526
105,weekly_hurdle_12w,8,701,701,30,0.0,0.0,0.0,4.7272727272727275
105,weekly_hurdle_12w,9,731,731,30,0.0,0.0,0.0,4.521739130434782
105,weekly_hurdle_12w,10,761,761,30,0.0,0.0,0.0,4.333333333333333
105,weekly_hurdle_12w,11,791,791,30,0.0,0.0,0.0,4.16
109,weekly_hurdle_12w,0,461,461,30,0.0,1.7857142857142856,1.7857142857142856,0.35714285714285715
109,weekly_hurdle_12w,1,491,491,30,25.0,1.7857142857142856,23.214285714285715,0.6666666666666666
109,weekly_hurdle_12w,2,521,521,30,5.0,10.714285714285717,5.714285714285717,2.1875
109,weekly_hurdle_12w,3,551,551,30,9.0,10.714285714285717,1.714285714285717,3.235294117647059
109,weekly_hurdle_12w,4,581,581,30,49.0,13.928571428571423,35.07142857142858,3.2777777777777777
109,weekly_hurdle_12w,5,611,611,30,166.0,22.142857142857135,143.85714285714286,5.2105263157894735
109,weekly_hurdle_12w,6,641,641,30,8.0,80.00000000000003,72.00000000000003,10.8
109,weekly_hurdle_12w,7,671,671,30,4.0,62.14285714285714,58.14285714285714,17.80952380952381
109,weekly_hurdle_12w,8,701,701,30,3.0,63.571428571428584,60.571428571428584,17.181818181818183
109,weekly_hurdle_12w,9,731,731,30,38.0,5.000000000000002,33.0,16.47826086956522
109,weekly_hurdle_12w,10,761,761,30,13.0,16.071428571428577,3.0714285714285765,17.25
109,weekly_hurdle_12w,11,791,791,30,7.0,18.92857142857142,11.92857142857142,17.56
110,weekly_hurdle_12w,0,461,461,30,0.0,0.0,0.0,0.0
110,weekly_hurdle_12w,1,491,491,30,0.0,0.0,0.0,0.0
110,weekly_hurdle_12w,2,521,521,30,0.0,0.0,0.0,0.0
110,weekly_hurdle_12w,3,551,551,30,6.0,0.0,6.0,0.0
110,weekly_hurdle_12w,4,581,581,30,114.0,2.142857142857143,111.85714285714286,0.3333333333333333
110,weekly_hurdle_12w,5,611,611,30,91.0,42.85714285714287,48.14285714285713,6.0
110,weekly_hurdle_12w,6,641,641,30,11.0,75.0,64.0,6.85
110,weekly_hurdle_12w,7,671,671,30,0.0,39.28571428571429,39.28571428571429,10.333333333333334
110,weekly_hurdle_12w,8,701,701,30,0.0,36.42857142857143,36.42857142857143,10.363636363636363
110,weekly_hurdle_12w,9,731,731,30,2.0,3.928571428571429,1.9285714285714288,9.91304347826087
110,weekly_hurdle_12w,10,761,761,30,0.0,0.7142857142857144,0.7142857142857144,9.583333333333334
110,weekly_hurdle_12w,11,791,791,30,0.0,0.7142857142857144,0.7142857142857144,9.28
111,weekly_hurdle_12w,0,461,461,30,11.0,9.285714285714286,1.7142857142857135,1.8571428571428572
111,weekly_hurdle_12w,1,491,491,30,16.0,13.214285714285712,2.7857142857142883,2.7333333333333334
111,weekly_hurdle_12w,2,521,521,30,16.0,18.928571428571427,2.928571428571427,2.875
111,weekly_hurdle_12w,3,551,551,30,0.0,14.285714285714286,14.285714285714286,2.7058823529411766
111,weekly_hurdle_12w,4,581,581,30,0.0,8.571428571428571,8.571428571428571,3.4444444444444446
111,weekly_hurdle_12w,5,611,611,30,0.0,3.5714285714285716,3.5714285714285716,3.263157894736842
111,weekly_hurdle_12w,6,641,641,30,0.0,0.0,0.0,3.1
111,weekly_hurdle_12w,7,671,671,30,0.0,0.0,0.0,2.9523809523809526
111,weekly_hurdle_12w,8,701,701,30,0.0,0.0,0.0,2.8181818181818183
111,weekly_hurdle_12w,9,731,731,30,0.0,0.0,0.0,2.6956521739130435
111,weekly_hurdle_12w,10,761,761,30,0.0,0.0,0.0,2.5833333333333335
111,weekly_hurdle_12w,11,791,791,30,0.0,0.0,0.0,2.48
112,weekly_hurdle_12w,0,461,461,30,76.0,73.9285714285714,2.071428571428598,32.785714285714285
112,weekly_hurdle_12w,1,491,491,30,76.0,66.07142857142854,9.928571428571459,31.866666666666667
112,weekly_hurdle_12w,2,521,521,30,36.0,73.9285714285714,37.9285714285714,29.875
112,weekly_hurdle_12w,3,551,551,30,50.0,58.92857142857143,8.92857142857143,30.470588235294116
112,weekly_hurdle_12w,4,581,581,30,38.0,53.57142857142857,15.57142857142857,29.555555555555557
112,weekly_hurdle_12w,5,611,611,30,42.0,40.714285714285694,1.285714285714306,28.63157894736842
112,weekly_hurdle_12w,6,641,641,30,30.0,43.928571428571445,13.928571428571445,27.4
112,weekly_hurdle_12w,7,671,671,30,70.0,37.857142857142854,32.142857142857146,26.666666666666668
112,weekly_hurdle_12w,8,701,701,30,40.0,48.928571428571416,8.928571428571416,27.272727272727273
112,weekly_hurdle_12w,9,731,731,30,52.0,48.928571428571416,3.0714285714285836,27.391304347826086
112,weekly_hurdle_12w,10,761,761,30,189.0,55.357142857142854,133.64285714285714,26.75
112,weekly_hurdle_12w,11,791,791,30,8.0,99.99999999999997,91.99999999999997,31.16
113,weekly_hurdle_12w,0,461,461,30,2.0,1.4285714285714288,0.5714285714285712,0.9285714285714286
113,weekly_hurdle_12w,1,491,491,30,6.0,1.0714285714285714,4.928571428571429,0.9333333333333333
113,weekly_hurdle_12w,2,521,521,30,2.0,3.2142857142857144,1.2142857142857144,1.125
113,weekly_hurdle_12w,3,551,551,30,0.0,3.5714285714285716,3.5714285714285716,1.2941176470588236
113,weekly_hurdle_12w,4,581,581,30,0.0,2.142857142857143,2.142857142857143,1.3333333333333333
113,weekly_hurdle_12w,5,611,611,30,0.0,0.0,0.0,1.263157894736842
113,weekly_hurdle_12w,6,641,641,30,0.0,0.0,0.0,1.2
113,weekly_hurdle_12w,7,671,671,30,0.0,0.0,0.0,1.1428571428571428
113,weekly_hurdle_12w,8,701,701,30,0.0,0.0,0.0,1.0909090909090908
113,weekly_hurdle_12w,9,731,731,30,0.0,0.0,0.0,1.0434782608695652
113,weekly_hurdle_12w,10,761,761,30,0.0,0.0,0.0,1.0
113,weekly_hurdle_12w,11,791,791,30,0.0,0.0,0.0,0.96
116,weekly_hurdle_12w,0,461,461,30,0.0,0.0,0.0,0.2857142857142857
116,weekly_hurdle_12w,1,491,491,30,0.0,0.0,0.0,0.26666666666666666
116,weekly_hurdle_12w,2,521,521,30,0.0,0.0,0.0,0.25
116,weekly_hurdle_12w,3,551,551,30,0.0,0.0,0.0,0.23529411764705882
116,weekly_hurdle_12w,4,581,581,30,0.0,0.0,0.0,0.2222222222222222
116,weekly_hurdle_12w,5,611,611,30,0.0,0.0,0.0,0.21052631578947367
116,weekly_hurdle_12w,6,641,641,30,0.0,0.0,0.0,0.2
116,weekly_hurdle_12w,7,671,671,30,0.0,0.0,0.0,0.19047619047619047
116,weekly_hurdle_12w,8,701,701,30,0.0,0.0,0.0,0.18181818181818182
116,weekly_hurdle_12w,9,731,731,30,0.0,0.0,0.0,0.17391304347826086
116,weekly_hurdle_12w,10,761,761,30,0.0,0.0,0.0,0.16666666666666666
116,weekly_hurdle_12w,11,791,791,30,0.0,0.0,0.0,0.16
117,weekly_hurdle_12w,0,461,461,30,0.0,0.0,0.0,0.0
117,weekly_hurdle_12w,1,491,491,30,0.0,0.0,0.0,0.0
117,weekly_hurdle_12w,2,521,521,30,0.0,0.0,0.0,0.0
117,weekly_hurdle_12w,3,551,551,30,0.0,0.0,0.0,0.0
117,weekly_hurdle_12w,4,581,581,30,0.0,0.0,0.0,0.0
117,weekly_hurdle_12w,5,611,611,30,0.0,0.0,0.0,0.0
117,weekly_hurdle_12w,6,641,641,30,0.0,0.0,0.0,0.0
117,weekly_hurdle_12w,7,671,671,30,0.0,0.0,0.0,0.0
117,weekly_hurdle_12w,8,701,701,30,2.0,0.0,2.0,0.0
117,weekly_hurdle_12w,9,731,731,30,0.0,0.7142857142857144,0.7142857142857144,0.08695652173913043
117,weekly_hurdle_12w,10,761,761,30,0.0,0.7142857142857144,0.7142857142857144,0.16666666666666666
117,weekly_hurdle_12w,11,791,791,30,0.0,0.7142857142857144,0.7142857142857144,0.16
118,weekly_hurdle_12w,0,461,461,30,0.0,0.0,0.0,0.6428571428571429
118,weekly_hurdle_12w,1,491,491,30,0.0,0.0,0.0,0.6
118,weekly_hurdle_12w,2,521,521,30,0.0,0.0,0.0,0.5625
118,weekly_hurdle_12w,3,551,551,30,0.0,0.0,0.0,0.5294117647058824
118,weekly_hurdle_12w,4,581,581,30,0.0,0.0,0.0,0.5
118,weekly_hurdle_12w,5,611,611,30,0.0,0.0,0.0,0.47368421052631576
118,weekly_hurdle_12w,6,641,641,30,0.0,0.0,0.0,0.45
118,weekly_hurdle_12w,7,671,671,30,0.0,0.0,0.0,0.42857142857142855
118,weekly_hurdle_12w,8,701,701,30,0.0,0.0,0.0,0.4090909090909091
118,weekly_hurdle_12w,9,731,731,30,0.0,0.0,0.0,0.391304347826087
118,weekly_hurdle_12w,10,761,761,30,0.0,0.0,0.0,0.375
118,weekly_hurdle_12w,11,791,791,30,0.0,0.0,0.0,0.36
120,weekly_hurdle_12w,0,461,461,30,0.0,0.0,0.0,0.0
120,weekly_hurdle_12w,1,491,491,30,0.0,0.0,0.0,0.0
120,weekly_hurdle_12w,2,521,521,30,0.0,0.0,0.0,0.0
120,weekly_hurdle_12w,3,551,551,30,0.0,0.0,0.0,0.0
120,weekly_hurdle_12w,4,581,581,30,0.0,0.0,0.0,0.0
120,weekly_hurdle_12w,5,611,611,30,0.0,0.0,0.0,0.0
120,weekly_hurdle_12w,6,641,641,30,0.0,0.0,0.0,0.0
120,weekly_hurdle_12w,7,671,671,30,7.0,0.0,7.0,0.0
120,weekly_hurdle_12w,8,701,701,30,7.0,2.500000000000001,4.499999999999999,0.3181818181818182
120,weekly_hurdle_12w,9,731,731,30,8.0,5.000000000000002,2.9999999999999982,0.30434782608695654
120,weekly_hurdle_12w,10,761,761,30,32.0,7.857142857142858,24.142857142857142,0.3333333333333333
120,weekly_hurdle_12w,11,791,791,30,0.0,16.78571428571429,16.78571428571429,1.28
122,weekly_hurdle_12w,0,461,461,30,1.0,0.0,1.0,0.0
122,weekly_hurdle_12w,1,491,491,30,0.0,0.3571428571428572,0.3571428571428572,0.06666666666666667
122,weekly_hurdle_12w,2,521,521,30,0.0,0.3571428571428572,0.3571428571428572,0.125
122,weekly_hurdle_12w,3,551,551,30,0.0,0.3571428571428572,0.3571428571428572,0.11764705882352941
122,weekly_hurdle_12w,4,581,581,30,0.0,0.0,0.0,0.1111111111111111
122,weekly_hurdle_12w,5,611,611,30,0.0,0.0,0.0,0.10526315789473684
122,weekly_hurdle_12w,6,641,641,30,0.0,0.0,0.0,0.1
122,weekly_hurdle_12w,7,671,671,30,0.0,0.0,0.0,0.09523809523809523
122,weekly_hurdle_12w,8,701,701,30,0.0,0.0,0.0,0.09090909090909091
122,weekly_hurdle_12w,9,731,731,30,0.0,0.0,0.0,0.08695652173913043
122,weekly_hurdle_12w,10,761,761,30,0.0,0.0,0.0,0.08333333333333333
122,weekly_hurdle_12w,11,791,791,30,0.0,0.0,0.0,0.08
124,weekly_hurdle_12w,0,461,461,30,0.0,0.0,0.0,0.0
124,weekly_hurdle_12w,1,491,491,30,0.0,0.0,0.0,0.0
124,weekly_hurdle_12w,2,521,521,30,0.0,0.0,0.0,0.0
124,weekly_hurdle_12w,3,551,551,30,16.0,0.0,16.0,0.0
124,weekly_hurdle_12w,4,581,581,30,85.0,5.714285714285715,79.28571428571428,0.8888888888888888
124,weekly_hurdle_12w,5,611,611,30,97.0,36.071428571428555,60.928571428571445,4.473684210526316
124,weekly_hurdle_12w,6,641,641,30,13.0,70.35714285714288,57.357142857142875,4.85
124,weekly_hurdle_12w,7,671,671,30,13.0,42.142857142857146,29.142857142857146,8.619047619047619
124,weekly_hurdle_12w,8,701,701,30,12.0,43.928571428571445,31.928571428571445,8.227272727272727
124,weekly_hurdle_12w,9,731,731,30,14.0,13.214285714285712,0.7857142857142883,7.913043478260869
124,weekly_hurdle_12w,10,761,761,30,39.0,13.928571428571423,25.071428571428577,7.666666666666667
124,weekly_hurdle_12w,11,791,791,30,3.0,22.5,19.5,8.36
125,weekly_hurdle_12w,0,461,461,30,86.0,5.714285714285715,80.28571428571428,1.1428571428571428
125,weekly_hurdle_12w,1,491,491,30,33.0,36.42857142857143,3.4285714285714306,5.733333333333333
125,weekly_hurdle_12w,2,521,521,30,32.0,47.500000000000014,15.500000000000014,8.6875
125,weekly_hurdle_12w,3,551,551,30,0.0,52.5,52.5,8.235294117647058
125,weekly_hurdle_12w,4,581,581,30,0.0,22.14285714285714,22.14285714285714,9.555555555555555
125,weekly_hurdle_12w,5,611,611,30,0.0,8.214285714285715,8.214285714285715,9.052631578947368
125,weekly_hurdle_12w,6,641,641,30,0.0,0.0,0.0,8.6
125,weekly_hurdle_12w,7,671,671,30,0.0,0.0,0.0,8.19047619047619
125,weekly_hurdle_12w,8,701,701,30,0.0,0.0,0.0,7.818181818181818
125,weekly_hurdle_12w,9,731,731,30,0.0,0.0,0.0,7.478260869565218
125,weekly_hurdle_12w,10,761,761,30,0.0,0.0,0.0,7.166666666666667
125,weekly_hurdle_12w,11,791,791,30,0.0,0.0,0.0,6.88
126,weekly_hurdle_12w,0,461,461,30,0.0,2.142857142857143,2.142857142857143,34.214285714285715
126,weekly_hurdle_12w,1,491,491,30,81.0,0.3571428571428572,80.64285714285714,32.0
126,weekly_hurdle_12w,2,521,521,30,13.0,29.285714285714274,16.285714285714274,35.0625
126,weekly_hurdle_12w,3,551,551,30,1.0,33.57142857142858,32.57142857142858,37.0
126,weekly_hurdle_12w,4,581,581,30,26.0,33.92857142857142,7.9285714285714235,35.611111111111114
126,weekly_hurdle_12w,5,611,611,30,0.0,11.07142857142857,11.07142857142857,35.05263157894737
126,weekly_hurdle_12w,6,641,641,30,23.0,9.642857142857142,13.357142857142858,34.6
126,weekly_hurdle_12w,7,671,671,30,10.0,17.499999999999996,7.4999999999999964,34.04761904761905
126,weekly_hurdle_12w,8,701,701,30,27.0,11.785714285714283,15.214285714285717,33.09090909090909
126,weekly_hurdle_12w,9,731,731,30,4.0,21.428571428571434,17.428571428571434,32.391304347826086
126,weekly_hurdle_12w,10,761,761,30,2.0,14.285714285714286,12.285714285714286,32.0
126,weekly_hurdle_12w,11,791,791,30,1.0,3.928571428571429,2.928571428571429,30.8
127,weekly_hurdle_12w,0,461,461,30,3.0,2.500000000000001,0.4999999999999991,1.2857142857142858
127,weekly_hurdle_12w,1,491,491,30,1.0,2.500000000000001,1.5000000000000009,1.4
127,weekly_hurdle_12w,2,521,521,30,0.0,1.4285714285714288,1.4285714285714288,1.4375
127,weekly_hurdle_12w,3,551,551,30,3.0,1.0714285714285714,1.9285714285714286,1.411764705882353
127,weekly_hurdle_12w,4,581,581,30,2.0,1.4285714285714288,0.5714285714285712,1.5
127,weekly_hurdle_12w,5,611,611,30,0.0,1.7857142857142856,1.7857142857142856,1.4736842105263157
127,weekly_hurdle_12w,6,641,641,30,2.0,1.7857142857142856,0.2142857142857144,1.5
127,weekly_hurdle_12w,7,671,671,30,0.0,1.4285714285714288,1.4285714285714288,1.5238095238095237
127,weekly_hurdle_12w,8,701,701,30,40.0,0.7142857142857144,39.285714285714285,1.5454545454545454
127,weekly_hurdle_12w,9,731,731,30,3.0,15.0,12.0,3.217391304347826
127,weekly_hurdle_12w,10,761,761,30,1.0,15.357142857142865,14.357142857142865,4.625
127,weekly_hurdle_12w,11,791,791,30,0.0,15.714285714285715,15.714285714285715,4.52
128,weekly_hurdle_12w,0,461,461,30,11.0,1.0714285714285714,9.928571428571429,0.21428571428571427
128,weekly_hurdle_12w,1,491,491,30,6.0,5.000000000000002,0.9999999999999982,0.7333333333333333
128,weekly_hurdle_12w,2,521,521,30,0.0,7.142857142857143,7.142857142857143,1.0
128,weekly_hurdle_12w,3,551,551,30,46.0,2.500000000000001,43.5,1.2941176470588236
128,weekly_hurdle_12w,4,581,581,30,2.0,18.571428571428573,16.571428571428573,3.7777777777777777
128,weekly_hurdle_12w,5,611,611,30,22.0,17.142857142857142,4.857142857142858,5.894736842105263
128,weekly_hurdle_12w,6,641,641,30,0.0,24.999999999999993,24.999999999999993,6.6
128,weekly_hurdle_12w,7,671,671,30,0.0,8.571428571428571,8.571428571428571,7.333333333333333
128,weekly_hurdle_12w,8,701,701,30,10.0,1.4285714285714288,8.571428571428571,7.0
128,weekly_hurdle_12w,9,731,731,30,1.0,3.571428571428571,2.571428571428571,7.130434782608695
128,weekly_hurdle_12w,10,761,761,30,54.0,3.928571428571429,50.07142857142857,7.208333333333333
128,weekly_hurdle_12w,11,791,791,30,0.0,23.214285714285722,23.214285714285722,9.04
130,weekly_hurdle_12w,0,461,461,30,0.0,0.0,0.0,0.0
130,weekly_hurdle_12w,1,491,491,30,0.0,0.0,0.0,0.0
130,weekly_hurdle_12w,2,521,521,30,0.0,0.0,0.0,0.0
130,weekly_hurdle_12w,3,551,551,30,0.0,0.0,0.0,0.0
130,weekly_hurdle_12w,4,581,581,30,0.0,0.0,0.0,0.0
130,weekly_hurdle_12w,5,611,611,30,0.0,0.0,0.0,0.0
130,weekly_hurdle_12w,6,641,641,30,0.0,0.0,0.0,0.0
130,weekly_hurdle_12w,7,671,671,30,0.0,0.0,0.0,0.0
130,weekly_hurdle_12w,8,701,701,30,5.0,0.0,5.0,0.0
130,weekly_hurdle_12w,9,731,731,30,4.0,1.7857142857142856,2.2142857142857144,0.21739130434782608
130,weekly_hurdle_12w,10,761,761,30,15.0,3.2142857142857144,11.785714285714285,0.25
130,weekly_hurdle_12w,11,791,791,30,3.0,8.214285714285714,5.2142857142857135,0.68
131,weekly_hurdle_12w,0,461,461,30,0.0,0.0,0.0,0.0
131,weekly_hurdle_12w,1,491,491,30,0.0,0.0,0.0,0.0
131,weekly_hurdle_12w,2,521,521,30,0.0,0.0,0.0,0.0
131,weekly_hurdle_12w,3,551,551,30,6.0,0.0,6.0,0.0
131,weekly_hurdle_12w,4,581,581,30,6.0,2.142857142857143,3.857142857142857,0.3333333333333333
131,weekly_hurdle_12w,5,611,611,30,10.0,4.285714285714286,5.714285714285714,0.3157894736842105
131,weekly_hurdle_12w,6,641,641,30,8.0,7.142857142857143,0.8571428571428568,0.5
131,weekly_hurdle_12w,7,671,671,30,2.0,8.571428571428571,6.571428571428571,0.5714285714285714
131,weekly_hurdle_12w,8,701,701,30,7.0,6.7857142857142865,0.21428571428571352,0.8181818181818182
131,weekly_hurdle_12w,9,731,731,30,17.0,5.000000000000002,11.999999999999998,1.0
131,weekly_hurdle_12w,10,761,761,30,18.0,9.28571428571429,8.71428571428571,1.375
131,weekly_hurdle_12w,11,791,791,30,5.0,14.285714285714285,9.285714285714285,1.36
134,weekly_hurdle_12w,0,461,461,30,2.0,2.500000000000001,0.5000000000000009,2.7142857142857144
134,weekly_hurdle_12w,1,491,491,30,1.0,2.142857142857143,1.1428571428571428,2.6666666666666665
134,weekly_hurdle_12w,2,521,521,30,0.0,1.0714285714285714,1.0714285714285714,2.5625
134,weekly_hurdle_12w,3,551,551,30,0.0,1.0714285714285714,1.0714285714285714,2.4705882352941178
134,weekly_hurdle_12w,4,581,581,30,0.0,0.3571428571428572,0.3571428571428572,2.3333333333333335
134,weekly_hurdle_12w,5,611,611,30,0.0,0.0,0.0,2.210526315789474
134,weekly_hurdle_12w,6,641,641,30,0.0,0.0,0.0,2.1
134,weekly_hurdle_12w,7,671,671,30,0.0,0.0,0.0,2.0
134,weekly_hurdle_12w,8,701,701,30,1.0,0.0,1.0,1.9090909090909092
134,weekly_hurdle_12w,9,731,731,30,0.0,0.3571428571428572,0.3571428571428572,1.8695652173913044
134,weekly_hurdle_12w,10,761,761,30,1.0,0.3571428571428572,0.6428571428571428,1.8333333333333333
134,weekly_hurdle_12w,11,791,791,30,0.0,0.7142857142857144,0.7142857142857144,1.8
136,weekly_hurdle_12w,0,461,461,30,76.0,22.142857142857135,53.85714285714286,2.5
136,weekly_hurdle_12w,1,491,491,30,80.0,48.214285714285694,31.785714285714306,5.066666666666666
136,weekly_hurdle_12w,2,521,521,30,36.0,63.21428571428569,27.214285714285687,5.0
136,weekly_hurdle_12w,3,551,551,30,71.0,61.42857142857146,9.571428571428541,7.294117647058823
136,weekly_hurdle_12w,4,581,581,30,46.0,64.2857142857143,18.285714285714306,8.833333333333334
136,weekly_hurdle_12w,5,611,611,30,24.0,51.071428571428555,27.071428571428555,9.68421052631579
136,weekly_hurdle_12w,6,641,641,30,4.0,47.14285714285713,43.14285714285713,10.3
136,weekly_hurdle_12w,7,671,671,30,18.0,19.642857142857146,1.642857142857146,10.761904761904763
136,weekly_hurdle_12w,8,701,701,30,37.0,14.642857142857137,22.35714285714286,10.909090909090908
136,weekly_hurdle_12w,9,731,731,30,87.0,20.357142857142847,66.64285714285715,11.26086956521739
136,weekly_hurdle_12w,10,761,761,30,80.0,50.71428571428571,29.285714285714292,12.875
136,weekly_hurdle_12w,11,791,791,30,15.0,71.78571428571428,56.78571428571428,12.64
137,weekly_hurdle_12w,0,461,461,30,0.0,0.0,0.0,0.0
137,weekly_hurdle_12w,1,491,491,30,0.0,0.0,0.0,0.0
137,weekly_hurdle_12w,2,521,521,30,0.0,0.0,0.0,0.0
137,weekly_hurdle_12w,3,551,551,30,0.0,0.0,0.0,0.0
137,weekly_hurdle_12w,4,581,581,30,26.0,0.0,26.0,0.0
137,weekly_hurdle_12w,5,611,611,30,54.0,9.285714285714286,44.714285714285715,1.368421052631579
137,weekly_hurdle_12w,6,641,641,30,36.0,28.571428571428573,7.428571428571427,2.7
137,weekly_hurdle_12w,7,671,671,30,15.0,39.28571428571429,24.285714285714292,3.4285714285714284
137,weekly_hurdle_12w,8,701,701,30,9.0,34.99999999999999,25.999999999999993,4.2272727272727275
137,weekly_hurdle_12w,9,731,731,30,13.0,20.357142857142847,7.357142857142847,4.304347826086956
137,weekly_hurdle_12w,10,761,761,30,21.0,12.857142857142858,8.142857142857142,4.291666666666667
137,weekly_hurdle_12w,11,791,791,30,2.0,15.357142857142865,13.357142857142865,4.44
138,weekly_hurdle_12w,0,461,461,30,7.0,3.2142857142857144,3.7857142857142856,1.9285714285714286
138,weekly_hurdle_12w,1,491,491,30,2.0,4.642857142857145,2.642857142857145,2.2
138,weekly_hurdle_12w,2,521,521,30,5.0,3.5714285714285716,1.4285714285714284,2.375
138,weekly_hurdle_12w,3,551,551,30,2.0,4.642857142857145,2.642857142857145,2.411764705882353
138,weekly_hurdle_12w,4,581,581,30,0.0,3.2142857142857144,3.2142857142857144,2.4444444444444446
138,weekly_hurdle_12w,5,611,611,30,0.0,2.142857142857143,2.142857142857143,2.4210526315789473
138,weekly_hurdle_12w,6,641,641,30,0.0,0.3571428571428572,0.3571428571428572,2.3
138,weekly_hurdle_12w,7,671,671,30,2.0,0.0,2.0,2.1904761904761907
138,weekly_hurdle_12w,8,701,701,30,0.0,0.7142857142857144,0.7142857142857144,2.1818181818181817
138,weekly_hurdle_12w,9,731,731,30,1.0,0.7142857142857144,0.2857142857142856,2.1739130434782608
138,weekly_hurdle_12w,10,761,761,30,4.0,1.0714285714285714,2.928571428571429,2.125
138,weekly_hurdle_12w,11,791,791,30,0.0,1.7857142857142856,1.7857142857142856,2.16
139,weekly_hurdle_12w,0,461,461,30,16.0,7.500000000000002,8.499999999999998,3.4285714285714284
139,weekly_hurdle_12w,1,491,491,30,8.0,11.07142857142857,3.0714285714285694,4.0
139,weekly_hurdle_12w,2,521,521,30,17.0,10.000000000000004,6.9999999999999964,4.25
139,weekly_hurdle_12w,3,551,551,30,10.0,13.571428571428573,3.571428571428573,4.529411764705882
139,weekly_hurdle_12w,4,581,581,30,5.0,11.785714285714283,6.785714285714283,4.666666666666667
139,weekly_hurdle_12w,5,611,611,30,6.0,10.000000000000004,4.0000000000000036,4.684210526315789
139,weekly_hurdle_12w,6,641,641,30,5.0,6.071428571428572,1.071428571428572,4.5
139,weekly_hurdle_12w,7,671,671,30,0.0,5.3571428571428585,5.3571428571428585,4.333333333333333
139,weekly_hurdle_12w,8,701,701,30,0.0,3.928571428571429,3.928571428571429,4.363636363636363
139,weekly_hurdle_12w,9,731,731,30,1.0,1.4285714285714288,0.4285714285714288,4.173913043478261
139,weekly_hurdle_12w,10,761,761,30,1.0,0.3571428571428572,0.6428571428571428,4.041666666666667
139,weekly_hurdle_12w,11,791,791,30,0.0,0.7142857142857144,0.7142857142857144,3.88
141,weekly_hurdle_12w,0,461,461,30,18.0,12.499999999999996,5.5000000000000036,3.0714285714285716
141,weekly_hurdle_12w,1,491,491,30,6.0,7.5,1.5,4.0
141,weekly_hurdle_12w,2,521,521,30,10.0,8.928571428571427,1.071428571428573,4.5
141,weekly_hurdle_12w,3,551,551,30,8.0,10.714285714285717,2.714285714285717,4.470588235294118
141,weekly_hurdle_12w,4,581,581,30,6.0,8.571428571428571,2.571428571428571,4.333333333333333
141,weekly_hurdle_12w,5,611,611,30,6.0,8.214285714285714,2.2142857142857135,4.2105263157894735
141,weekly_hurdle_12w,6,641,641,30,21.0,7.142857142857143,13.857142857142858,4.0
141,weekly_hurdle_12w,7,671,671,30,13.0,10.714285714285717,2.285714285714283,4.523809523809524
141,weekly_hurdle_12w,8,701,701,30,6.0,14.285714285714285,8.285714285714285,4.681818181818182
141,weekly_hurdle_12w,9,731,731,30,18.0,13.571428571428573,4.428571428571427,4.782608695652174
141,weekly_hurdle_12w,10,761,761,30,14.0,13.214285714285712,0.7857142857142883,5.083333333333333
141,weekly_hurdle_12w,11,791,791,30,4.0,13.214285714285712,9.214285714285712,5.04
143,weekly_hurdle_12w,0,461,461,30,29.0,37.5,8.5,13.214285714285714
143,weekly_hurdle_12w,1,491,491,30,45.0,24.28571428571429,20.71428571428571,13.8
143,weekly_hurdle_12w,2,521,521,30,24.0,28.928571428571434,4.928571428571434,13.9375
143,weekly_hurdle_12w,3,551,551,30,19.0,33.214285714285715,14.214285714285715,14.352941176470589
143,weekly_hurdle_12w,4,581,581,30,22.0,30.0,8.0,13.833333333333334
143,weekly_hurdle_12w,5,611,611,30,5.0,21.428571428571434,16.428571428571434,13.263157894736842
143,weekly_hurdle_12w,6,641,641,30,11.0,16.071428571428577,5.0714285714285765,13.45
143,weekly_hurdle_12w,7,671,671,30,1.0,10.000000000000004,9.000000000000004,13.095238095238095
143,weekly_hurdle_12w,8,701,701,30,9.0,6.071428571428573,2.928571428571427,12.954545454545455
143,weekly_hurdle_12w,9,731,731,30,22.0,6.7857142857142865,15.214285714285714,12.73913043478261
143,weekly_hurdle_12w,10,761,761,30,27.0,11.42857142857143,15.57142857142857,12.75
143,weekly_hurdle_12w,11,791,791,30,0.0,20.71428571428571,20.71428571428571,12.44
145,weekly_hurdle_12w,0,461,461,30,24.0,10.000000000000004,13.999999999999996,2.5
145,weekly_hurdle_12w,1,491,491,30,15.0,12.499999999999996,2.5000000000000036,3.6
145,weekly_hurdle_12w,2,521,521,30,26.0,15.000000000000004,10.999999999999996,3.9375
145,weekly_hurdle_12w,3,551,551,30,15.0,20.000000000000007,5.000000000000007,4.352941176470588
145,weekly_hurdle_12w,4,581,581,30,29.0,19.642857142857146,9.357142857142854,4.722222222222222
145,weekly_hurdle_12w,5,611,611,30,3.0,24.28571428571429,21.28571428571429,5.2105263157894735
145,weekly_hurdle_12w,6,641,641,30,8.0,16.78571428571429,8.785714285714288,6.25
145,weekly_hurdle_12w,7,671,671,30,3.0,10.714285714285717,7.714285714285717,6.190476190476191
145,weekly_hurdle_12w,8,701,701,30,1.0,5.000000000000002,4.000000000000002,6.136363636363637
145,weekly_hurdle_12w,9,731,731,30,1.0,4.285714285714286,3.2857142857142856,5.956521739130435
145,weekly_hurdle_12w,10,761,761,30,2.0,1.7857142857142856,0.2142857142857144,5.708333333333333
145,weekly_hurdle_12w,11,791,791,30,2.0,1.0714285714285714,0.9285714285714286,5.52
147,weekly_hurdle_12w,0,461,461,30,37.0,31.42857142857143,5.571428571428569,14.071428571428571
147,weekly_hurdle_12w,1,491,491,30,66.0,24.642857142857153,41.35714285714285,14.866666666666667
147,weekly_hurdle_12w,2,521,521,30,26.0,40.000000000000014,14.000000000000014,15.75
147,weekly_hurdle_12w,3,551,551,30,29.0,43.57142857142855,14.571428571428548,17.176470588235293
147,weekly_hurdle_12w,4,581,581,30,14.0,41.785714285714306,27.785714285714306,16.38888888888889
147,weekly_hurdle_12w,5,611,611,30,17.0,22.857142857142865,5.857142857142865,16.31578947368421
147,weekly_hurdle_12w,6,641,641,30,9.0,19.642857142857146,10.642857142857146,15.65
147,weekly_hurdle_12w,7,671,671,30,9.0,13.928571428571423,4.9285714285714235,15.285714285714286
147,weekly_hurdle_12w,8,701,701,30,3.0,11.785714285714283,8.785714285714283,14.590909090909092
147,weekly_hurdle_12w,9,731,731,30,8.0,7.5,0.5,14.217391304347826
147,weekly_hurdle_12w,10,761,761,30,22.0,7.142857142857143,14.857142857142858,13.833333333333334
147,weekly_hurdle_12w,11,791,791,30,1.0,11.785714285714283,10.785714285714283,13.84
148,weekly_hurdle_12w,0,461,461,30,0.0,0.0,0.0,0.0
148,weekly_hurdle_12w,1,491,491,30,17.0,0.0,17.0,0.0
148,weekly_hurdle_12w,2,521,521,30,143.0,6.071428571428572,136.92857142857142,1.0625
148,weekly_hurdle_12w,3,551,551,30,0.0,57.142857142857146,57.142857142857146,8.411764705882353
148,weekly_hurdle_12w,4,581,581,30,0.0,57.142857142857146,57.142857142857146,15.88888888888889
148,weekly_hurdle_12w,5,611,611,30,0.0,38.21428571428572,38.21428571428572,15.052631578947368
148,weekly_hurdle_12w,6,641,641,30,0.0,0.0,0.0,14.3
148,weekly_hurdle_12w,7,671,671,30,0.0,0.0,0.0,13.619047619047619
148,weekly_hurdle_12w,8,701,701,30,0.0,0.0,0.0,13.0
148,weekly_hurdle_12w,9,731,731,30,0.0,0.0,0.0,12.434782608695652
148,weekly_hurdle_12w,10,761,761,30,0.0,0.0,0.0,11.916666666666666
148,weekly_hurdle_12w,11,791,791,30,0.0,0.0,0.0,11.44
150,weekly_hurdle_12w,0,461,461,30,0.0,0.0,0.0,0.0
150,weekly_hurdle_12w,1,491,491,30,0.0,0.0,0.0,0.0
150,weekly_hurdle_12w,2,521,521,30,0.0,0.0,0.0,0.0
150,weekly_hurdle_12w,3,551,551,30,0.0,0.0,0.0,0.0
150,weekly_hurdle_12w,4,581,581,30,0.0,0.0,0.0,0.0
150,weekly_hurdle_12w,5,611,611,30,0.0,0.0,0.0,0.0
150,weekly_hurdle_12w,6,641,641,30,0.0,0.0,0.0,0.0
150,weekly_hurdle_12w,7,671,671,30,6.0,0.0,6.0,0.0
150,weekly_hurdle_12w,8,701,701,30,56.0,2.142857142857143,53.857142857142854,0.2727272727272727
150,weekly_hurdle_12w,9,731,731,30,50.0,22.14285714285714,27.85714285714286,2.4347826086956523
150,weekly_hurdle_12w,10,761,761,30,85.0,40.000000000000014,44.999999999999986,2.5833333333333335
150,weekly_hurdle_12w,11,791,791,30,35.0,66.78571428571429,31.785714285714292,3.88
151,weekly_hurdle_12w,0,461,461,30,0.0,0.0,0.0,0.0
151,weekly_hurdle_12w,1,491,491,30,0.0,0.0,0.0,0.0
151,weekly_hurdle_12w,2,521,521,30,0.0,0.0,0.0,0.0
151,weekly_hurdle_12w,3,551,551,30,0.0,0.0,0.0,0.0
151,weekly_hurdle_12w,4,581,581,30,0.0,0.0,0.0,0.0
151,weekly_hurdle_12w,5,611,611,30,0.0,0.0,0.0,0.0
151,weekly_hurdle_12w,6,641,641,30,18.0,0.0,18.0,0.0
151,weekly_hurdle_12w,7,671,671,30,38.0,6.428571428571429,31.57142857142857,0.8571428571428571
151,weekly_hurdle_12w,8,701,701,30,54.0,20.000000000000007,33.99999999999999,1.7272727272727273
151,weekly_hurdle_12w,9,731,731,30,95.0,39.28571428571429,55.71428571428571,2.347826086956522
151,weekly_hurdle_12w,10,761,761,30,35.0,66.07142857142854,31.07142857142854,3.9583333333333335
151,weekly_hurdle_12w,11,791,791,30,7.0,63.214285714285694,56.214285714285694,6.2
156,weekly_hurdle_12w,0,461,461,30,37.0,2.500000000000001,34.5,0.5
156,weekly_hurdle_12w,1,491,491,30,163.0,15.714285714285715,147.28571428571428,2.466666666666667
156,weekly_hurdle_12w,2,521,521,30,63.0,73.9285714285714,10.928571428571402,10.1875
156,weekly_hurdle_12w,3,551,551,30,0.0,92.49999999999997,92.49999999999997,15.470588235294118
156,weekly_hurdle_12w,4,581,581,30,0.0,78.21428571428574,78.21428571428574,18.11111111111111
156,weekly_hurdle_12w,5,611,611,30,0.0,19.642857142857146,19.642857142857146,17.157894736842106
156,weekly_hurdle_12w,6,641,641,30,0.0,0.0,0.0,16.3
156,weekly_hurdle_12w,7,671,671,30,0.0,0.0,0.0,15.523809523809524
156,weekly_hurdle_12w,8,701,701,30,0.0,0.0,0.0,14.818181818181818
156,weekly_hurdle_12w,9,731,731,30,0.0,0.0,0.0,14.173913043478262
156,weekly_hurdle_12w,10,761,761,30,0.0,0.0,0.0,13.583333333333334
156,weekly_hurdle_12w,11,791,791,30,0.0,0.0,0.0,13.04
157,weekly_hurdle_12w,0,461,461,30,0.0,17.499999999999996,17.499999999999996,7.0
157,weekly_hurdle_12w,1,491,491,30,0.0,5.3571428571428585,5.3571428571428585,7.2
157,weekly_hurdle_12w,2,521,521,30,0.0,3.571428571428571,3.571428571428571,6.75
157,weekly_hurdle_12w,3,551,551,30,0.0,0.0,0.0,6.352941176470588
157,weekly_hurdle_12w,4,581,581,30,0.0,0.0,0.0,6.0
157,weekly_hurdle_12w,5,611,611,30,0.0,0.0,0.0,5.684210526315789
157,weekly_hurdle_12w,6,641,641,30,0.0,0.0,0.0,5.4
157,weekly_hurdle_12w,7,671,671,30,0.0,0.0,0.0,5.142857142857143
157,weekly_hurdle_12w,8,701,701,30,0.0,0.0,0.0,4.909090909090909
157,weekly_hurdle_12w,9,731,731,30,0.0,0.0,0.0,4.695652173913044
157,weekly_hurdle_12w,10,761,761,30,0.0,0.0,0.0,4.5
157,weekly_hurdle_12w,11,791,791,30,0.0,0.0,0.0,4.32
158,weekly_hurdle_12w,0,461,461,30,0.0,23.571428571428566,23.571428571428566,17.714285714285715
158,weekly_hurdle_12w,1,491,491,30,0.0,1.0714285714285714,1.0714285714285714,16.533333333333335
158,weekly_hurdle_12w,2,521,521,30,0.0,0.0,0.0,15.5
158,weekly_hurdle_12w,3,551,551,30,0.0,0.0,0.0,14.588235294117647
158,weekly_hurdle_12w,4,581,581,30,0.0,0.0,0.0,13.777777777777779
158,weekly_hurdle_12w,5,611,611,30,0.0,0.0,0.0,13.052631578947368
158,weekly_hurdle_12w,6,641,641,30,0.0,0.0,0.0,12.4
158,weekly_hurdle_12w,7,671,671,30,0.0,0.0,0.0,11.80952380952381
158,weekly_hurdle_12w,8,701,701,30,0.0,0.0,0.0,11.272727272727273
158,weekly_hurdle_12w,9,731,731,30,0.0,0.0,0.0,10.782608695652174
158,weekly_hurdle_12w,10,761,761,30,0.0,0.0,0.0,10.333333333333334
158,weekly_hurdle_12w,11,791,791,30,0.0,0.0,0.0,9.92
159,weekly_hurdle_12w,0,461,461,30,0.0,29.642857142857135,29.642857142857135,6.642857142857143
159,weekly_hurdle_12w,1,491,491,30,0.0,15.0,15.0,8.066666666666666
159,weekly_hurdle_12w,2,521,521,30,0.0,1.0714285714285714,1.0714285714285714,7.5625
159,weekly_hurdle_12w,3,551,551,30,0.0,0.0,0.0,7.117647058823529
159,weekly_hurdle_12w,4,581,581,30,0.0,0.0,0.0,6.722222222222222
159,weekly_hurdle_12w,5,611,611,30,0.0,0.0,0.0,6.368421052631579
159,weekly_hurdle_12w,6,641,641,30,0.0,0.0,0.0,6.05
159,weekly_hurdle_12w,7,671,671,30,0.0,0.0,0.0,5.761904761904762
159,weekly_hurdle_12w,8,701,701,30,0.0,0.0,0.0,5.5
159,weekly_hurdle_12w,9,731,731,30,0.0,0.0,0.0,5.260869565217392
159,weekly_hurdle_12w,10,761,761,30,0.0,0.0,0.0,5.041666666666667
159,weekly_hurdle_12w,11,791,791,30,0.0,0.0,0.0,4.84
165,weekly_hurdle_12w,0,461,461,30,0.0,0.7142857142857144,0.7142857142857144,0.5714285714285714
165,weekly_hurdle_12w,1,491,491,30,3.0,0.7142857142857144,2.2857142857142856,0.5333333333333333
165,weekly_hurdle_12w,2,521,521,30,0.0,1.0714285714285714,1.0714285714285714,0.6875
165,weekly_hurdle_12w,3,551,551,30,0.0,1.0714285714285714,1.0714285714285714,0.8235294117647058
165,weekly_hurdle_12w,4,581,581,30,0.0,1.0714285714285714,1.0714285714285714,0.7777777777777778
165,weekly_hurdle_12w,5,611,611,30,4.0,0.0,4.0,0.7368421052631579
165,weekly_hurdle_12w,6,641,641,30,0.0,1.4285714285714288,1.4285714285714288,0.9
165,weekly_hurdle_12w,7,671,671,30,0.0,1.4285714285714288,1.4285714285714288,1.0476190476190477
165,weekly_hurdle_12w,8,701,701,30,0.0,1.4285714285714288,1.4285714285714288,1.0
165,weekly_hurdle_12w,9,731,731,30,0.0,0.0,0.0,0.9565217391304348
165,weekly_hurdle_12w,10,761,761,30,1.0,0.0,1.0,0.9166666666666666
165,weekly_hurdle_12w,11,791,791,30,0.0,0.3571428571428572,0.3571428571428572,0.92
167,weekly_hurdle_12w,0,461,461,30,0.0,0.0,0.0,0.5714285714285714
167,weekly_hurdle_12w,1,491,491,30,0.0,0.0,0.0,0.5333333333333333
167,weekly_hurdle_12w,2,521,521,30,0.0,0.0,0.0,0.5
167,weekly_hurdle_12w,3,551,551,30,0.0,0.0,0.0,0.47058823529411764
167,weekly_hurdle_12w,4,581,581,30,0.0,0.0,0.0,0.4444444444444444
167,weekly_hurdle_12w,5,611,611,30,0.0,0.0,0.0,0.42105263157894735
167,weekly_hurdle_12w,6,641,641,30,0.0,0.0,0.0,0.4
167,weekly_hurdle_12w,7,671,671,30,0.0,0.0,0.0,0.38095238095238093
167,weekly_hurdle_12w,8,701,701,30,0.0,0.0,0.0,0.36363636363636365
167,weekly_hurdle_12w,9,731,731,30,0.0,0.0,0.0,0.34782608695652173
167,weekly_hurdle_12w,10,761,761,30,0.0,0.0,0.0,0.3333333333333333
167,weekly_hurdle_12w,11,791,791,30,0.0,0.0,0.0,0.32
168,weekly_hurdle_12w,0,461,461,30,0.0,0.0,0.0,0.0
168,weekly_hurdle_12w,1,491,491,30,0.0,0.0,0.0,0.0
168,weekly_hurdle_12w,2,521,521,30,0.0,0.0,0.0,0.0
168,weekly_hurdle_12w,3,551,551,30,0.0,0.0,0.0,0.0
168,weekly_hurdle_12w,4,581,581,30,0.0,0.0,0.0,0.0
168,weekly_hurdle_12w,5,611,611,30,0.0,0.0,0.0,0.0
168,weekly_hurdle_12w,6,641,641,30,0.0,0.0,0.0,0.0
168,weekly_hurdle_12w,7,671,671,30,0.0,0.0,0.0,0.0
168,weekly_hurdle_12w,8,701,701,30,0.0,0.0,0.0,0.0
168,weekly_hurdle_12w,9,731,731,30,0.0,0.0,0.0,0.0
168,weekly_hurdle_12w,10,761,761,30,11.0,0.0,11.0,0.0
168,weekly_hurdle_12w,11,791,791,30,0.0,3.928571428571429,3.928571428571429,0.44
169,weekly_hurdle_12w,0,461,461,30,0.0,0.0,0.0,0.0
169,weekly_hurdle_12w,1,491,491,30,0.0,0.0,0.0,0.0
169,weekly_hurdle_12w,2,521,521,30,0.0,0.0,0.0,0.0
169,weekly_hurdle_12w,3,551,551,30,0.0,0.0,0.0,0.0
169,weekly_hurdle_12w,4,581,581,30,0.0,0.0,0.0,0.0
169,weekly_hurdle_12w,5,611,611,30,0.0,0.0,0.0,0.0
169,weekly_hurdle_12w,6,641,641,30,0.0,0.0,0.0,0.0
169,weekly_hurdle_12w,7,671,671,30,0.0,0.0,0.0,0.0
169,weekly_hurdle_12w,8,701,701,30,0.0,0.0,0.0,0.0
169,weekly_hurdle_12w,9,731,731,30,0.0,0.0,0.0,0.0
169,weekly_hurdle_12w,10,761,761,30,17.0,0.0,17.0,0.0
169,weekly_hurdle_12w,11,791,791,30,4.0,6.071428571428572,2.071428571428572,0.68
170,weekly_hurdle_12w,0,461,461,30,0.0,0.0,0.0,0.0
170,weekly_hurdle_12w,1,491,491,30,0.0,0.0,0.0,0.0
170,weekly_hurdle_12w,2,521,521,30,0.0,0.0,0.0,0.0
170,weekly_hurdle_12w,3,551,551,30,0.0,0.0,0.0,0.0
170,weekly_hurdle_12w,4,581,581,30,0.0,0.0,0.0,0.0
170,weekly_hurdle_12w,5,611,611,30,0.0,0.0,0.0,0.0
170,weekly_hurdle_12w,6,641,641,30,0.0,0.0,0.0,0.0
170,weekly_hurdle_12w,7,671,671,30,0.0,0.0,0.0,0.0
170,weekly_hurdle_12w,8,701,701,30,0.0,0.0,0.0,0.0
170,weekly_hurdle_12w,9,731,731,30,0.0,0.0,0.0,0.0
170,weekly_hurdle_12w,10,761,761,30,28.0,0.0,28.0,0.0
170,weekly_hurdle_12w,11,791,791,30,4.0,10.000000000000004,6.0000000000000036,1.12
171,weekly_hurdle_12w,0,461,461,30,0.0,0.0,0.0,0.0
171,weekly_hurdle_12w,1,491,491,30,0.0,0.0,0.0,0.0
171,weekly_hurdle_12w,2,521,521,30,1.0,0.0,1.0,0.0
171,weekly_hurdle_12w,3,551,551,30,0.0,0.3571428571428572,0.3571428571428572,0.058823529411764705
171,weekly_hurdle_12w,4,581,581,30,4.0,0.3571428571428572,3.642857142857143,0.1111111111111111
171,weekly_hurdle_12w,5,611,611,30,25.0,1.7857142857142856,23.214285714285715,0.3157894736842105
171,weekly_hurdle_12w,6,641,641,30,0.0,10.357142857142854,10.357142857142854,1.35
171,weekly_hurdle_12w,7,671,671,30,0.0,8.928571428571427,8.928571428571427,2.4761904761904763
171,weekly_hurdle_12w,8,701,701,30,0.0,8.928571428571427,8.928571428571427,2.3636363636363638
171,weekly_hurdle_12w,9,731,731,30,0.0,0.0,0.0,2.260869565217391
171,weekly_hurdle_12w,10,761,761,30,0.0,0.0,0.0,2.1666666666666665
171,weekly_hurdle_12w,11,791,791,30,0.0,0.0,0.0,2.08
173,weekly_hurdle_12w,0,461,461,30,0.0,0.0,0.0,0.0
173,weekly_hurdle_12w,1,491,491,30,0.0,0.0,0.0,0.0
173,weekly_hurdle_12w,2,521,521,30,0.0,0.0,0.0,0.0
173,weekly_hurdle_12w,3,551,551,30,0.0,0.0,0.0,0.0
173,weekly_hurdle_12w,4,581,581,30,22.0,0.0,22.0,0.0
173,weekly_hurdle_12w,5,611,611,30,23.0,7.857142857142858,15.142857142857142,1.1578947368421053
173,weekly_hurdle_12w,6,641,641,30,5.0,16.071428571428577,11.071428571428577,1.15
173,weekly_hurdle_12w,7,671,671,30,6.0,14.285714285714286,8.285714285714286,1.9523809523809523
173,weekly_hurdle_12w,8,701,701,30,0.0,11.785714285714283,11.785714285714283,1.9090909090909092
173,weekly_hurdle_12w,9,731,731,30,5.0,3.2142857142857144,1.7857142857142856,2.0869565217391304
173,weekly_hurdle_12w,10,761,761,30,3.0,3.928571428571429,0.9285714285714288,2.2083333333333335
173,weekly_hurdle_12w,11,791,791,30,0.0,2.8571428571428577,2.8571428571428577,2.2
174,weekly_hurdle_12w,0,461,461,30,0.0,0.0,0.0,0.0
174,weekly_hurdle_12w,1,491,491,30,54.0,0.0,54.0,0.0
174,weekly_hurdle_12w,2,521,521,30,52.0,19.285714285714285,32.714285714285715,3.375
174,weekly_hurdle_12w,3,551,551,30,30.0,37.857142857142854,7.857142857142854,3.2941176470588234
174,weekly_hurdle_12w,4,581,581,30,63.0,48.57142857142858,14.428571428571423,4.333333333333333
174,weekly_hurdle_12w,5,611,611,30,110.0,42.499999999999986,67.50000000000001,5.842105263157895
174,weekly_hurdle_12w,6,641,641,30,29.0,71.78571428571429,42.78571428571429,7.9
174,weekly_hurdle_12w,7,671,671,30,30.0,63.214285714285694,33.214285714285694,11.380952380952381
174,weekly_hurdle_12w,8,701,701,30,28.0,59.64285714285715,31.642857142857153,10.909090909090908
174,weekly_hurdle_12w,9,731,731,30,32.0,29.64285714285714,2.357142857142861,10.521739130434783
174,weekly_hurdle_12w,10,761,761,30,53.0,31.07142857142857,21.92857142857143,10.25
174,weekly_hurdle_12w,11,791,791,30,14.0,38.92857142857145,24.928571428571452,10.68
178,weekly_hurdle_12w,0,461,461,30,0.0,0.0,0.0,0.0
178,weekly_hurdle_12w,1,491,491,30,0.0,0.0,0.0,0.0
178,weekly_hurdle_12w,2,521,521,30,0.0,0.0,0.0,0.0
178,weekly_hurdle_12w,3,551,551,30,0.0,0.0,0.0,0.0
178,weekly_hurdle_12w,4,581,581,30,4.0,0.0,4.0,0.0
178,weekly_hurdle_12w,5,611,611,30,0.0,1.4285714285714288,1.4285714285714288,0.21052631578947367
178,weekly_hurdle_12w,6,641,641,30,1.0,1.4285714285714288,0.4285714285714288,0.4
178,weekly_hurdle_12w,7,671,671,30,0.0,1.7857142857142858,1.7857142857142858,0.42857142857142855
178,weekly_hurdle_12w,8,701,701,30,0.0,0.3571428571428572,0.3571428571428572,0.45454545454545453
178,weekly_hurdle_12w,9,731,731,30,0.0,0.3571428571428572,0.3571428571428572,0.43478260869565216
178,weekly_hurdle_12w,10,761,761,30,0.0,0.0,0.0,0.4166666666666667
178,weekly_hurdle_12w,11,791,791,30,0.0,0.0,0.0,0.4
186,weekly_hurdle_12w,0,461,461,30,0.0,0.7142857142857144,0.7142857142857144,1.0714285714285714
186,weekly_hurdle_12w,1,491,491,30,0.0,0.0,0.0,1.0
186,weekly_hurdle_12w,2,521,521,30,0.0,0.0,0.0,0.9375
186,weekly_hurdle_12w,3,551,551,30,0.0,0.0,0.0,0.8823529411764706
186,weekly_hurdle_12w,4,581,581,30,0.0,0.0,0.0,0.8333333333333334
186,weekly_hurdle_12w,5,611,611,30,0.0,0.0,0.0,0.7894736842105263
186,weekly_hurdle_12w,6,641,641,30,0.0,0.0,0.0,0.75
186,weekly_hurdle_12w,7,671,671,30,0.0,0.0,0.0,0.7142857142857143
186,weekly_hurdle_12w,8,701,701,30,0.0,0.0,0.0,0.6818181818181818
186,weekly_hurdle_12w,9,731,731,30,0.0,0.0,0.0,0.6521739130434783
186,weekly_hurdle_12w,10,761,761,30,0.0,0.0,0.0,0.625
186,weekly_hurdle_12w,11,791,791,30,0.0,0.0,0.0,0.6
187,weekly_hurdle_12w,0,461,461,30,0.0,0.0,0.0,0.0
187,weekly_hurdle_12w,1,491,491,30,50.0,0.0,50.0,0.0
187,weekly_hurdle_12w,2,521,521,30,75.0,17.857142857142854,57.142857142857146,3.125
187,weekly_hurdle_12w,3,551,551,30,60.0,44.64285714285717,15.357142857142833,4.411764705882353
187,weekly_hurdle_12w,4,581,581,30,74.0,66.07142857142854,7.928571428571459,5.0
187,weekly_hurdle_12w,5,611,611,30,104.0,69.64285714285714,34.35714285714286,5.473684210526316
187,weekly_hurdle_12w,6,641,641,30,67.0,83.2142857142857,16.214285714285694,6.7
187,weekly_hurdle_12w,7,671,671,30,27.0,76.42857142857144,49.428571428571445,8.142857142857142
187,weekly_hurdle_12w,8,701,701,30,36.0,68.57142857142857,32.57142857142857,9.590909090909092
187,weekly_hurdle_12w,9,731,731,30,42.0,44.64285714285715,2.642857142857153,9.565217391304348
187,weekly_hurdle_12w,10,761,761,30,62.0,35.71428571428571,26.285714285714292,9.416666666666666
187,weekly_hurdle_12w,11,791,791,30,16.0,47.500000000000014,31.500000000000014,9.84
188,weekly_hurdle_12w,0,461,461,30,19.0,35.71428571428571,16.714285714285708,18.714285714285715
188,weekly_hurdle_12w,1,491,491,30,31.0,19.642857142857146,11.357142857142854,18.066666666666666
188,weekly_hurdle_12w,2,521,521,30,18.0,20.357142857142847,2.357142857142847,17.6875
188,weekly_hurdle_12w,3,551,551,30,31.0,23.92857142857143,7.071428571428569,17.41176470588235
188,weekly_hurdle_12w,4,581,581,30,35.0,28.57142857142857,6.428571428571431,17.166666666666668
188,weekly_hurdle_12w,5,611,611,30,37.0,28.928571428571434,8.071428571428566,16.473684210526315
188,weekly_hurdle_12w,6,641,641,30,17.0,35.357142857142854,18.357142857142854,15.75
188,weekly_hurdle_12w,7,671,671,30,10.0,27.857142857142847,17.857142857142847,15.952380952380953
188,weekly_hurdle_12w,8,701,701,30,13.0,21.42857142857143,8.42857142857143,15.545454545454545
188,weekly_hurdle_12w,9,731,731,30,6.0,13.214285714285712,7.214285714285712,15.0
188,weekly_hurdle_12w,10,761,761,30,24.0,10.357142857142854,13.642857142857146,14.666666666666666
188,weekly_hurdle_12w,11,791,791,30,2.0,15.357142857142865,13.357142857142865,14.8
190,weekly_hurdle_12w,0,461,461,30,227.0,40.000000000000014,187.0,3.857142857142857
190,weekly_hurdle_12w,1,491,491,30,67.0,112.85714285714285,45.85714285714285,15.133333333333333
190,weekly_hurdle_12w,2,521,521,30,0.0,123.92857142857143,123.92857142857143,24.1875
190,weekly_hurdle_12w,3,551,551,30,0.0,87.85714285714286,87.85714285714286,26.705882352941178
190,weekly_hurdle_12w,4,581,581,30,0.0,17.142857142857142,17.142857142857142,25.22222222222222
190,weekly_hurdle_12w,5,611,611,30,0.0,0.0,0.0,23.894736842105264
190,weekly_hurdle_12w,6,641,641,30,0.0,0.0,0.0,22.7
190,weekly_hurdle_12w,7,671,671,30,0.0,0.0,0.0,21.61904761904762
190,weekly_hurdle_12w,8,701,701,30,0.0,0.0,0.0,20.636363636363637
190,weekly_hurdle_12w,9,731,731,30,0.0,0.0,0.0,19.73913043478261
190,weekly_hurdle_12w,10,761,761,30,0.0,0.0,0.0,18.916666666666668
190,weekly_hurdle_12w,11,791,791,30,0.0,0.0,0.0,18.16
191,weekly_hurdle_12w,0,461,461,30,0.0,0.0,0.0,0.0
191,weekly_hurdle_12w,1,491,491,30,2.0,0.0,2.0,0.0
191,weekly_hurdle_12w,2,521,521,30,0.0,0.7142857142857144,0.7142857142857144,0.125
191,weekly_hurdle_12w,3,551,551,30,16.0,0.7142857142857144,15.285714285714285,0.23529411764705882
191,weekly_hurdle_12w,4,581,581,30,0.0,6.428571428571429,6.428571428571429,1.1111111111111112
191,weekly_hurdle_12w,5,611,611,30,0.0,5.714285714285715,5.714285714285715,1.894736842105263
191,weekly_hurdle_12w,6,641,641,30,0.0,5.000000000000002,5.000000000000002,1.8
191,weekly_hurdle_12w,7,671,671,30,0.0,0.0,0.0,1.7142857142857142
191,weekly_hurdle_12w,8,701,701,30,0.0,0.0,0.0,1.6363636363636365
191,weekly_hurdle_12w,9,731,731,30,0.0,0.0,0.0,1.565217391304348
191,weekly_hurdle_12w,10,761,761,30,0.0,0.0,0.0,1.5
191,weekly_hurdle_12w,11,791,791,30,0.0,0.0,0.0,1.44
192,weekly_hurdle_12w,0,461,461,30,0.0,0.0,0.0,0.0
192,weekly_hurdle_12w,1,491,491,30,58.0,0.0,58.0,0.0
192,weekly_hurdle_12w,2,521,521,30,60.0,20.714285714285708,39.28571428571429,3.625
192,weekly_hurdle_12w,3,551,551,30,51.0,42.142857142857146,8.857142857142854,3.5294117647058822
192,weekly_hurdle_12w,4,581,581,30,74.0,60.35714285714284,13.64285714285716,3.8333333333333335
192,weekly_hurdle_12w,5,611,611,30,65.0,58.57142857142855,6.428571428571452,4.842105263157895
192,weekly_hurdle_12w,6,641,641,30,64.0,66.07142857142856,2.071428571428555,5.05
192,weekly_hurdle_12w,7,671,671,30,20.0,61.78571428571429,41.78571428571429,4.857142857142857
192,weekly_hurdle_12w,8,701,701,30,32.0,50.71428571428571,18.714285714285708,6.636363636363637
192,weekly_hurdle_12w,9,731,731,30,41.0,37.857142857142854,3.142857142857146,6.869565217391305
192,weekly_hurdle_12w,10,761,761,30,128.0,31.42857142857143,96.57142857142857,6.958333333333333
192,weekly_hurdle_12w,11,791,791,30,15.0,70.35714285714288,55.357142857142875,10.16
193,weekly_hurdle_12w,0,461,461,30,1.0,1.0714285714285714,0.0714285714285714,2.857142857142857
193,weekly_hurdle_12w,1,491,491,30,0.0,0.3571428571428572,0.3571428571428572,2.7333333333333334
193,weekly_hurdle_12w,2,521,521,30,0.0,0.3571428571428572,0.3571428571428572,2.625
193,weekly_hurdle_12w,3,551,551,30,0.0,0.3571428571428572,0.3571428571428572,2.4705882352941178
193,weekly_hurdle_12w,4,581,581,30,0.0,0.0,0.0,2.3333333333333335
193,weekly_hurdle_12w,5,611,611,30,0.0,0.0,0.0,2.210526315789474
193,weekly_hurdle_12w,6,641,641,30,0.0,0.0,0.0,2.1
193,weekly_hurdle_12w,7,671,671,30,0.0,0.0,0.0,2.0
193,weekly_hurdle_12w,8,701,701,30,0.0,0.0,0.0,1.9090909090909092
193,weekly_hurdle_12w,9,731,731,30,0.0,0.0,0.0,1.826086956521739
193,weekly_hurdle_12w,10,761,761,30,0.0,0.0,0.0,1.75
193,weekly_hurdle_12w,11,791,791,30,0.0,0.0,0.0,1.68
195,weekly_hurdle_12w,0,461,461,30,4.0,1.0714285714285714,2.928571428571429,0.21428571428571427
195,weekly_hurdle_12w,1,491,491,30,13.0,2.500000000000001,10.5,0.26666666666666666
195,weekly_hurdle_12w,2,521,521,30,5.0,6.7857142857142865,1.7857142857142865,0.8125
195,weekly_hurdle_12w,3,551,551,30,3.0,7.5,4.5,1.2352941176470589
195,weekly_hurdle_12w,4,581,581,30,1.0,7.5,6.5,1.2777777777777777
195,weekly_hurdle_12w,5,611,611,30,16.0,2.142857142857143,13.857142857142858,1.3157894736842106
195,weekly_hurdle_12w,6,641,641,30,18.0,7.142857142857143,10.857142857142858,2.0
195,weekly_hurdle_12w,7,671,671,30,7.0,12.499999999999996,5.4999999999999964,2.0
195,weekly_hurdle_12w,8,701,701,30,8.0,14.642857142857137,6.642857142857137,2.409090909090909
195,weekly_hurdle_12w,9,731,731,30,8.0,10.000000000000004,2.0000000000000036,2.347826086956522
195,weekly_hurdle_12w,10,761,761,30,17.0,7.5,9.5,2.25
195,weekly_hurdle_12w,11,791,791,30,6.0,11.785714285714283,5.785714285714283,2.52
198,weekly_hurdle_12w,0,461,461,30,4.0,1.7857142857142858,2.2142857142857144,0.5
198,weekly_hurdle_12w,1,491,491,30,0.0,2.500000000000001,2.500000000000001,0.6666666666666666
198,weekly_hurdle_12w,2,521,521,30,3.0,1.7857142857142856,1.2142857142857144,0.875
198,weekly_hurdle_12w,3,551,551,30,1.0,2.142857142857143,1.1428571428571428,1.0
198,weekly_hurdle_12w,4,581,581,30,3.0,1.4285714285714288,1.5714285714285712,1.0555555555555556
198,weekly_hurdle_12w,5,611,611,30,0.0,2.500000000000001,2.500000000000001,1.105263157894737
198,weekly_hurdle_12w,6,641,641,30,1.0,1.4285714285714288,0.4285714285714288,1.2
198,weekly_hurdle_12w,7,671,671,30,0.0,1.0714285714285714,1.0714285714285714,1.1904761904761905
198,weekly_hurdle_12w,8,701,701,30,0.0,0.3571428571428572,0.3571428571428572,1.1818181818181819
198,weekly_hurdle_12w,9,731,731,30,1.0,0.0,1.0,1.1304347826086956
198,weekly_hurdle_12w,10,761,761,30,1.0,0.3571428571428572,0.6428571428571428,1.125
198,weekly_hurdle_12w,11,791,791,30,0.0,0.7142857142857144,0.7142857142857144,1.08
205,weekly_hurdle_12w,0,461,461,30,36.0,20.000000000000007,15.999999999999993,12.071428571428571
205,weekly_hurdle_12w,1,491,491,30,27.0,18.928571428571427,8.071428571428573,13.2
205,weekly_hurdle_12w,2,521,521,30,15.0,24.999999999999993,9.999999999999993,12.9375
205,weekly_hurdle_12w,3,551,551,30,8.0,25.714285714285715,17.714285714285715,12.882352941176471
205,weekly_hurdle_12w,4,581,581,30,30.0,16.071428571428577,13.928571428571423,12.555555555555555
205,weekly_hurdle_12w,5,611,611,30,8.0,18.571428571428573,10.571428571428573,13.052631578947368
205,weekly_hurdle_12w,6,641,641,30,20.0,16.428571428571427,3.571428571428573,13.5
205,weekly_hurdle_12w,7,671,671,30,1.0,16.071428571428577,15.071428571428577,13.428571428571429
205,weekly_hurdle_12w,8,701,701,30,7.0,10.357142857142856,3.357142857142856,13.681818181818182
205,weekly_hurdle_12w,9,731,731,30,15.0,8.928571428571427,6.071428571428573,13.347826086956522
205,weekly_hurdle_12w,10,761,761,30,7.0,7.857142857142858,0.8571428571428577,13.125
205,weekly_hurdle_12w,11,791,791,30,0.0,10.000000000000004,10.000000000000004,12.92
206,weekly_hurdle_12w,0,461,461,30,0.0,0.0,0.0,0.0
206,weekly_hurdle_12w,1,491,491,30,0.0,0.0,0.0,0.0
206,weekly_hurdle_12w,2,521,521,30,0.0,0.0,0.0,0.0
206,weekly_hurdle_12w,3,551,551,30,0.0,0.0,0.0,0.0
206,weekly_hurdle_12w,4,581,581,30,0.0,0.0,0.0,0.0
206,weekly_hurdle_12w,5,611,611,30,0.0,0.0,0.0,0.0
206,weekly_hurdle_12w,6,641,641,30,3.0,0.0,3.0,0.0
206,weekly_hurdle_12w,7,671,671,30,11.0,1.0714285714285714,9.928571428571429,0.14285714285714285
206,weekly_hurdle_12w,8,701,701,30,14.0,5.000000000000002,8.999999999999998,0.5
206,weekly_hurdle_12w,9,731,731,30,23.0,10.000000000000004,12.999999999999996,0.6086956521739131
206,weekly_hurdle_12w,10,761,761,30,18.0,16.78571428571429,1.2142857142857117,0.9583333333333334
206,weekly_hurdle_12w,11,791,791,30,4.0,17.499999999999996,13.499999999999996,1.12
207,weekly_hurdle_12w,0,461,461,30,0.0,0.0,0.0,0.0
207,weekly_hurdle_12w,1,491,491,30,0.0,0.0,0.0,0.0
207,weekly_hurdle_12w,2,521,521,30,0.0,0.0,0.0,0.0
207,weekly_hurdle_12w,3,551,551,30,0.0,0.0,0.0,0.0
207,weekly_hurdle_12w,4,581,581,30,0.0,0.0,0.0,0.0
207,weekly_hurdle_12w,5,611,611,30,18.0,0.0,18.0,0.0
207,weekly_hurdle_12w,6,641,641,30,36.0,6.428571428571429,29.57142857142857,0.9
207,weekly_hurdle_12w,7,671,671,30,17.0,19.28571428571429,2.2857142857142883,1.7142857142857142
207,weekly_hurdle_12w,8,701,701,30,5.0,25.357142857142854,20.357142857142854,2.5
207,weekly_hurdle_12w,9,731,731,30,17.0,17.857142857142854,0.8571428571428541,2.9130434782608696
207,weekly_hurdle_12w,10,761,761,30,9.0,12.857142857142858,3.8571428571428577,3.2916666666666665
207,weekly_hurdle_12w,11,791,791,30,1.0,10.357142857142854,9.357142857142854,3.48
209,weekly_hurdle_12w,0,461,461,30,0.0,0.0,0.0,27.214285714285715
209,weekly_hurdle_12w,1,491,491,30,0.0,0.0,0.0,25.4
209,weekly_hurdle_12w,2,521,521,30,0.0,0.0,0.0,23.8125
209,weekly_hurdle_12w,3,551,551,30,0.0,0.0,0.0,22.41176470588235
209,weekly_hurdle_12w,4,581,581,30,0.0,0.0,0.0,21.166666666666668
209,weekly_hurdle_12w,5,611,611,30,0.0,0.0,0.0,20.05263157894737
209,weekly_hurdle_12w,6,641,641,30,0.0,0.0,0.0,19.05
209,weekly_hurdle_12w,7,671,671,30,0.0,0.0,0.0,18.142857142857142
209,weekly_hurdle_12w,8,701,701,30,0.0,0.0,0.0,17.318181818181817
209,weekly_hurdle_12w,9,731,731,30,0.0,0.0,0.0,16.565217391304348
209,weekly_hurdle_12w,10,761,761,30,0.0,0.0,0.0,15.875
209,weekly_hurdle_12w,11,791,791,30,0.0,0.0,0.0,15.24
210,weekly_hurdle_12w,0,461,461,30,0.0,59.64285714285715,59.64285714285715,23.642857142857142
210,weekly_hurdle_12w,1,491,491,30,0.0,22.85714285714286,22.85714285714286,22.266666666666666
210,weekly_hurdle_12w,2,521,521,30,0.0,0.7142857142857144,0.7142857142857144,20.875
210,weekly_hurdle_12w,3,551,551,30,0.0,0.0,0.0,19.647058823529413
210,weekly_hurdle_12w,4,581,581,30,0.0,0.0,0.0,18.555555555555557
210,weekly_hurdle_12w,5,611,611,30,0.0,0.0,0.0,17.57894736842105
210,weekly_hurdle_12w,6,641,641,30,0.0,0.0,0.0,16.7
210,weekly_hurdle_12w,7,671,671,30,0.0,0.0,0.0,15.904761904761905
210,weekly_hurdle_12w,8,701,701,30,0.0,0.0,0.0,15.181818181818182
210,weekly_hurdle_12w,9,731,731,30,0.0,0.0,0.0,14.521739130434783
210,weekly_hurdle_12w,10,761,761,30,0.0,0.0,0.0,13.916666666666666
210,weekly_hurdle_12w,11,791,791,30,0.0,0.0,0.0,13.36
211,weekly_hurdle_12w,0,461,461,30,0.0,2.8571428571428577,2.8571428571428577,6.928571428571429
211,weekly_hurdle_12w,1,491,491,30,0.0,1.0714285714285714,1.0714285714285714,6.666666666666667
211,weekly_hurdle_12w,2,521,521,30,0.0,1.0714285714285714,1.0714285714285714,6.25
211,weekly_hurdle_12w,3,551,551,30,0.0,0.0,0.0,5.882352941176471
211,weekly_hurdle_12w,4,581,581,30,0.0,0.0,0.0,5.555555555555555
211,weekly_hurdle_12w,5,611,611,30,0.0,0.0,0.0,5.2631578947368425
211,weekly_hurdle_12w,6,641,641,30,0.0,0.0,0.0,5.0
211,weekly_hurdle_12w,7,671,671,30,0.0,0.0,0.0,4.761904761904762
211,weekly_hurdle_12w,8,701,701,30,0.0,0.0,0.0,4.545454545454546
211,weekly_hurdle_12w,9,731,731,30,0.0,0.0,0.0,4.3478260869565215
211,weekly_hurdle_12w,10,761,761,30,0.0,0.0,0.0,4.166666666666667
211,weekly_hurdle_12w,11,791,791,30,0.0,0.0,0.0,4.0
212,weekly_hurdle_12w,0,461,461,30,156.0,10.357142857142854,145.64285714285714,1.1428571428571428
212,weekly_hurdle_12w,1,491,491,30,43.0,63.214285714285694,20.214285714285694,10.4
212,weekly_hurdle_12w,2,521,521,30,40.0,76.78571428571429,36.78571428571429,16.8125
212,weekly_hurdle_12w,3,551,551,30,83.0,84.64285714285714,1.6428571428571388,16.0
212,weekly_hurdle_12w,4,581,581,30,42.0,59.28571428571428,17.285714285714278,17.5
212,weekly_hurdle_12w,5,611,611,30,3.0,52.14285714285715,49.14285714285715,18.736842105263158
212,weekly_hurdle_12w,6,641,641,30,1.0,42.499999999999986,41.499999999999986,19.75
212,weekly_hurdle_12w,7,671,671,30,0.0,16.428571428571427,16.428571428571427,18.904761904761905
212,weekly_hurdle_12w,8,701,701,30,53.0,1.4285714285714288,51.57142857142857,18.09090909090909
212,weekly_hurdle_12w,9,731,731,30,181.0,19.28571428571429,161.71428571428572,19.608695652173914
212,weekly_hurdle_12w,10,761,761,30,14.0,83.57142857142861,69.57142857142861,24.125
212,weekly_hurdle_12w,11,791,791,30,1.0,81.7857142857143,80.7857142857143,29.84
213,weekly_hurdle_12w,0,461,461,30,0.0,14.285714285714286,14.285714285714286,7.285714285714286
213,weekly_hurdle_12w,1,491,491,30,0.0,0.0,0.0,6.8
213,weekly_hurdle_12w,2,521,521,30,0.0,0.0,0.0,6.375
213,weekly_hurdle_12w,3,551,551,30,0.0,0.0,0.0,6.0
213,weekly_hurdle_12w,4,581,581,30,0.0,0.0,0.0,5.666666666666667
213,weekly_hurdle_12w,5,611,611,30,0.0,0.0,0.0,5.368421052631579
213,weekly_hurdle_12w,6,641,641,30,0.0,0.0,0.0,5.1
213,weekly_hurdle_12w,7,671,671,30,0.0,0.0,0.0,4.857142857142857
213,weekly_hurdle_12w,8,701,701,30,0.0,0.0,0.0,4.636363636363637
213,weekly_hurdle_12w,9,731,731,30,0.0,0.0,0.0,4.434782608695652
213,weekly_hurdle_12w,10,761,761,30,0.0,0.0,0.0,4.25
213,weekly_hurdle_12w,11,791,791,30,0.0,0.0,0.0,4.08
215,weekly_hurdle_12w,0,461,461,30,1046.0,220.3571428571429,825.6428571428571,65.64285714285714
215,weekly_hurdle_12w,1,491,491,30,506.0,533.2142857142857,27.214285714285666,109.53333333333333
215,weekly_hurdle_12w,2,521,521,30,432.0,666.0714285714287,234.07142857142867,136.4375
215,weekly_hurdle_12w,3,551,551,30,338.0,604.6428571428572,266.6428571428572,132.76470588235293
215,weekly_hurdle_12w,4,581,581,30,588.0,433.92857142857144,154.07142857142856,130.61111111111111
215,weekly_hurdle_12w,5,611,611,30,751.0,446.4285714285716,304.5714285714284,136.89473684210526
215,weekly_hurdle_12w,6,641,641,30,314.0,575.7142857142857,261.71428571428567,138.2
215,weekly_hurdle_12w,7,671,671,30,171.0,453.2142857142856,282.2142857142856,152.42857142857142
215,weekly_hurdle_12w,8,701,701,30,114.0,438.5714285714284,324.5714285714284,152.0
215,weekly_hurdle_12w,9,731,731,30,228.0,194.64285714285717,33.35714285714283,147.8695652173913
215,weekly_hurdle_12w,10,761,761,30,385.0,177.1428571428571,207.8571428571429,146.45833333333334
215,weekly_hurdle_12w,11,791,791,30,1.0,251.78571428571425,250.78571428571425,146.88
216,weekly_hurdle_12w,0,461,461,30,0.0,7.857142857142858,7.857142857142858,32.5
216,weekly_hurdle_12w,1,491,491,30,0.0,0.0,0.0,30.333333333333332
216,weekly_hurdle_12w,2,521,521,30,0.0,0.0,0.0,28.4375
216,weekly_hurdle_12w,3,551,551,30,0.0,0.0,0.0,26.764705882352942
216,weekly_hurdle_12w,4,581,581,30,0.0,0.0,0.0,25.27777777777778
216,weekly_hurdle_12w,5,611,611,30,0.0,0.0,0.0,23.94736842105263
216,weekly_hurdle_12w,6,641,641,30,0.0,0.0,0.0,22.75
216,weekly_hurdle_12w,7,671,671,30,0.0,0.0,0.0,21.666666666666668
216,weekly_hurdle_12w,8,701,701,30,0.0,0.0,0.0,20.681818181818183
216,weekly_hurdle_12w,9,731,731,30,0.0,0.0,0.0,19.782608695652176
216,weekly_hurdle_12w,10,761,761,30,0.0,0.0,0.0,18.958333333333332
216,weekly_hurdle_12w,11,791,791,30,0.0,0.0,0.0,18.2
220,weekly_hurdle_12w,0,461,461,30,0.0,0.0,0.0,0.0
220,weekly_hurdle_12w,1,491,491,30,0.0,0.0,0.0,0.0
220,weekly_hurdle_12w,2,521,521,30,0.0,0.0,0.0,0.0
220,weekly_hurdle_12w,3,551,551,30,0.0,0.0,0.0,0.0
220,weekly_hurdle_12w,4,581,581,30,0.0,0.0,0.0,0.0
220,weekly_hurdle_12w,5,611,611,30,99.0,0.0,99.0,0.0
220,weekly_hurdle_12w,6,641,641,30,37.0,35.357142857142854,1.642857142857146,4.95
220,weekly_hurdle_12w,7,671,671,30,27.0,48.571428571428584,21.571428571428584,7.666666666666667
220,weekly_hurdle_12w,8,701,701,30,26.0,58.21428571428571,32.21428571428571,7.7727272727272725
220,weekly_hurdle_12w,9,731,731,30,11.0,32.14285714285715,21.142857142857153,7.478260869565218
220,weekly_hurdle_12w,10,761,761,30,0.0,21.428571428571434,21.428571428571434,7.791666666666667
220,weekly_hurdle_12w,11,791,791,30,0.0,11.42857142857143,11.42857142857143,7.92
221,weekly_hurdle_12w,0,461,461,30,85.0,64.2857142857143,20.714285714285694,15.357142857142858
221,weekly_hurdle_12w,1,491,491,30,66.0,68.21428571428572,2.2142857142857224,18.066666666666666
221,weekly_hurdle_12w,2,521,521,30,42.0,63.928571428571416,21.928571428571416,18.125
221,weekly_hurdle_12w,3,551,551,30,10.0,61.785714285714285,51.785714285714285,18.470588235294116
221,weekly_hurdle_12w,4,581,581,30,2.0,38.92857142857145,36.92857142857145,19.22222222222222
221,weekly_hurdle_12w,5,611,611,30,0.0,17.142857142857142,17.142857142857142,18.63157894736842
221,weekly_hurdle_12w,6,641,641,30,0.0,4.285714285714286,4.285714285714286,17.8
221,weekly_hurdle_12w,7,671,671,30,0.0,0.7142857142857144,0.7142857142857144,16.952380952380953
221,weekly_hurdle_12w,8,701,701,30,0.0,0.0,0.0,16.181818181818183
221,weekly_hurdle_12w,9,731,731,30,0.0,0.0,0.0,15.478260869565217
221,weekly_hurdle_12w,10,761,761,30,0.0,0.0,0.0,14.833333333333334
221,weekly_hurdle_12w,11,791,791,30,0.0,0.0,0.0,14.24
222,weekly_hurdle_12w,0,461,461,30,0.0,0.0,0.0,0.0
222,weekly_hurdle_12w,1,491,491,30,0.0,0.0,0.0,0.0
222,weekly_hurdle_12w,2,521,521,30,0.0,0.0,0.0,0.0
222,weekly_hurdle_12w,3,551,551,30,0.0,0.0,0.0,0.0
222,weekly_hurdle_12w,4,581,581,30,0.0,0.0,0.0,0.0
222,weekly_hurdle_12w,5,611,611,30,25.0,0.0,25.0,0.0
222,weekly_hurdle_12w,6,641,641,30,22.0,8.928571428571427,13.071428571428573,1.25
222,weekly_hurdle_12w,7,671,671,30,11.0,16.78571428571429,5.785714285714288,1.3333333333333333
222,weekly_hurdle_12w,8,701,701,30,17.0,20.71428571428571,3.7142857142857117,1.7727272727272727
222,weekly_hurdle_12w,9,731,731,30,21.0,16.071428571428577,4.9285714285714235,1.9565217391304348
222,weekly_hurdle_12w,10,761,761,30,0.0,16.428571428571427,16.428571428571427,2.0416666666666665
222,weekly_hurdle_12w,11,791,791,30,0.0,13.571428571428573,13.571428571428573,2.8
224,weekly_hurdle_12w,0,461,461,30,7.0,0.0,7.0,0.0
224,weekly_hurdle_12w,1,491,491,30,19.0,2.500000000000001,16.5,0.4666666666666667
224,weekly_hurdle_12w,2,521,521,30,29.0,9.285714285714286,19.714285714285715,1.1875
224,weekly_hurdle_12w,3,551,551,30,18.0,19.642857142857146,1.642857142857146,1.7058823529411764
224,weekly_hurdle_12w,4,581,581,30,1.0,20.714285714285708,19.714285714285708,2.2222222222222223
224,weekly_hurdle_12w,5,611,611,30,35.0,12.499999999999996,22.500000000000004,3.0
224,weekly_hurdle_12w,6,641,641,30,20.0,18.571428571428573,1.428571428571427,4.55
224,weekly_hurdle_12w,7,671,671,30,12.0,20.000000000000007,8.000000000000007,5.0476190476190474
224,weekly_hurdle_12w,8,701,701,30,11.0,23.571428571428566,12.571428571428566,5.181818181818182
224,weekly_hurdle_12w,9,731,731,30,19.0,13.928571428571423,5.0714285714285765,5.0
224,weekly_hurdle_12w,10,761,761,30,46.0,14.642857142857137,31.35714285714286,5.125
224,weekly_hurdle_12w,11,791,791,30,0.0,25.357142857142854,25.357142857142854,6.0
225,weekly_hurdle_12w,0,461,461,30,0.0,0.0,0.0,0.0
225,weekly_hurdle_12w,1,491,491,30,0.0,0.0,0.0,0.0
225,weekly_hurdle_12w,2,521,521,30,0.0,0.0,0.0,0.0
225,weekly_hurdle_12w,3,551,551,30,1.0,0.0,1.0,0.0
225,weekly_hurdle_12w,4,581,581,30,2.0,0.3571428571428572,1.6428571428571428,0.05555555555555555
225,weekly_hurdle_12w,5,611,611,30,2.0,1.0714285714285714,0.9285714285714286,0.10526315789473684
225,weekly_hurdle_12w,6,641,641,30,0.0,1.4285714285714288,1.4285714285714288,0.1
225,weekly_hurdle_12w,7,671,671,30,0.0,1.4285714285714288,1.4285714285714288,0.19047619047619047
225,weekly_hurdle_12w,8,701,701,30,1.0,0.7142857142857144,0.2857142857142856,0.18181818181818182
225,weekly_hurdle_12w,9,731,731,30,2.0,0.3571428571428572,1.6428571428571428,0.21739130434782608
225,weekly_hurdle_12w,10,761,761,30,0.0,1.0714285714285714,1.0714285714285714,0.25
225,weekly_hurdle_12w,11,791,791,30,0.0,1.0714285714285714,1.0714285714285714,0.32
226,weekly_hurdle_12w,0,461,461,30,1.0,0.0,1.0,2.5714285714285716
226,weekly_hurdle_12w,1,491,491,30,0.0,0.3571428571428572,0.3571428571428572,2.466666666666667
226,weekly_hurdle_12w,2,521,521,30,1.0,0.3571428571428572,0.6428571428571428,2.375
226,weekly_hurdle_12w,3,551,551,30,0.0,0.7142857142857144,0.7142857142857144,2.2941176470588234
226,weekly_hurdle_12w,4,581,581,30,0.0,0.3571428571428572,0.3571428571428572,2.2222222222222223
226,weekly_hurdle_12w,5,611,611,30,0.0,0.3571428571428572,0.3571428571428572,2.1052631578947367
226,weekly_hurdle_12w,6,641,641,30,0.0,0.0,0.0,2.0
226,weekly_hurdle_12w,7,671,671,30,0.0,0.0,0.0,1.9047619047619047
226,weekly_hurdle_12w,8,701,701,30,0.0,0.0,0.0,1.8181818181818181
226,weekly_hurdle_12w,9,731,731,30,0.0,0.0,0.0,1.7391304347826086
226,weekly_hurdle_12w,10,761,761,30,0.0,0.0,0.0,1.6666666666666667
226,weekly_hurdle_12w,11,791,791,30,0.0,0.0,0.0,1.6
227,weekly_hurdle_12w,0,461,461,30,68.0,81.42857142857139,13.428571428571388,19.357142857142858
227,weekly_hurdle_12w,1,491,491,30,58.0,51.78571428571428,6.214285714285722,19.066666666666666
227,weekly_hurdle_12w,2,521,521,30,38.0,63.571428571428584,25.571428571428584,18.5
227,weekly_hurdle_12w,3,551,551,30,41.0,52.14285714285715,11.142857142857153,18.58823529411765
227,weekly_hurdle_12w,4,581,581,30,15.0,47.500000000000014,32.500000000000014,17.72222222222222
227,weekly_hurdle_12w,5,611,611,30,57.0,30.35714285714287,26.64285714285713,18.157894736842106
227,weekly_hurdle_12w,6,641,641,30,44.0,38.21428571428572,5.785714285714278,19.35
227,weekly_hurdle_12w,7,671,671,30,27.0,41.428571428571416,14.428571428571416,19.047619047619047
227,weekly_hurdle_12w,8,701,701,30,22.0,43.57142857142855,21.571428571428548,18.954545454545453
227,weekly_hurdle_12w,9,731,731,30,40.0,31.42857142857143,8.57142857142857,18.347826086956523
227,weekly_hurdle_12w,10,761,761,30,51.0,30.35714285714286,20.64285714285714,18.333333333333332
227,weekly_hurdle_12w,11,791,791,30,19.0,38.21428571428572,19.214285714285722,18.04
228,weekly_hurdle_12w,0,461,461,30,115.0,144.28571428571422,29.28571428571422,39.214285714285715
228,weekly_hurdle_12w,1,491,491,30,129.0,98.2142857142857,30.785714285714306,37.266666666666666
228,weekly_hurdle_12w,2,521,521,30,75.0,124.28571428571428,49.28571428571428,35.8125
228,weekly_hurdle_12w,3,551,551,30,74.0,106.78571428571429,32.78571428571429,36.88235294117647
228,weekly_hurdle_12w,4,581,581,30,44.0,91.78571428571429,47.78571428571429,34.888888888888886
228,weekly_hurdle_12w,5,611,611,30,108.0,56.42857142857142,51.57142857142858,34.63157894736842
228,weekly_hurdle_12w,6,641,641,30,55.0,77.49999999999997,22.49999999999997,36.1
228,weekly_hurdle_12w,7,671,671,30,47.0,73.57142857142856,26.571428571428555,36.904761904761905
228,weekly_hurdle_12w,8,701,701,30,21.0,72.50000000000001,51.500000000000014,35.59090909090909
228,weekly_hurdle_12w,9,731,731,30,59.0,39.64285714285713,19.35714285714287,35.17391304347826
228,weekly_hurdle_12w,10,761,761,30,89.0,42.142857142857146,46.857142857142854,35.291666666666664
228,weekly_hurdle_12w,11,791,791,30,33.0,57.85714285714287,24.85714285714287,35.08
229,weekly_hurdle_12w,0,461,461,30,172.0,234.64285714285722,62.642857142857224,60.357142857142854
229,weekly_hurdle_12w,1,491,491,30,198.0,145.71428571428572,52.28571428571428,60.4
229,weekly_hurdle_12w,2,521,521,30,98.0,169.6428571428571,71.64285714285711,58.25
229,weekly_hurdle_12w,3,551,551,30,100.0,150.7142857142857,50.714285714285694,60.705882352941174
229,weekly_hurdle_12w,4,581,581,30,30.0,129.99999999999997,99.99999999999997,57.44444444444444
229,weekly_hurdle_12w,5,611,611,30,82.0,65.35714285714288,16.642857142857125,58.10526315789474
229,weekly_hurdle_12w,6,641,641,30,71.0,71.78571428571429,0.7857142857142918,57.8
229,weekly_hurdle_12w,7,671,671,30,46.0,64.2857142857143,18.285714285714306,55.57142857142857
229,weekly_hurdle_12w,8,701,701,30,47.0,69.99999999999999,22.999999999999986,54.18181818181818
229,weekly_hurdle_12w,9,731,731,30,88.0,54.64285714285713,33.35714285714287,51.869565217391305
229,weekly_hurdle_12w,10,761,761,30,124.0,62.85714285714286,61.14285714285714,51.416666666666664
229,weekly_hurdle_12w,11,791,791,30,16.0,87.50000000000003,71.50000000000003,50.8
231,weekly_hurdle_12w,0,461,461,30,0.0,0.0,0.0,0.0
231,weekly_hurdle_12w,1,491,491,30,17.0,0.0,17.0,0.0
231,weekly_hurdle_12w,2,521,521,30,15.0,6.071428571428572,8.928571428571427,1.0625
231,weekly_hurdle_12w,3,551,551,30,18.0,11.42857142857143,6.571428571428569,1.1176470588235294
231,weekly_hurdle_12w,4,581,581,30,20.0,17.142857142857142,2.8571428571428577,1.2222222222222223
231,weekly_hurdle_12w,5,611,611,30,10.0,17.142857142857142,7.142857142857142,1.263157894736842
231,weekly_hurdle_12w,6,641,641,30,10.0,16.071428571428577,6.0714285714285765,1.7
231,weekly_hurdle_12w,7,671,671,30,11.0,11.071428571428568,0.07142857142856762,1.619047619047619
231,weekly_hurdle_12w,8,701,701,30,8.0,10.357142857142856,2.357142857142856,1.5909090909090908
231,weekly_hurdle_12w,9,731,731,30,3.0,9.642857142857142,6.642857142857142,1.6521739130434783
231,weekly_hurdle_12w,10,761,761,30,13.0,7.142857142857143,5.857142857142857,1.7916666666666667
231,weekly_hurdle_12w,11,791,791,30,0.0,8.214285714285714,8.214285714285714,2.12
233,weekly_hurdle_12w,0,461,461,30,0.0,0.0,0.0,1.1428571428571428
233,weekly_hurdle_12w,1,491,491,30,0.0,0.0,0.0,1.0666666666666667
233,weekly_hurdle_12w,2,521,521,30,0.0,0.0,0.0,1.0
233,weekly_hurdle_12w,3,551,551,30,0.0,0.0,0.0,0.9411764705882353
233,weekly_hurdle_12w,4,581,581,30,0.0,0.0,0.0,0.8888888888888888
233,weekly_hurdle_12w,5,611,611,30,0.0,0.0,0.0,0.8421052631578947
233,weekly_hurdle_12w,6,641,641,30,0.0,0.0,0.0,0.8
233,weekly_hurdle_12w,7,671,671,30,0.0,0.0,0.0,0.7619047619047619
233,weekly_hurdle_12w,8,701,701,30,0.0,0.0,0.0,0.7272727272727273
233,weekly_hurdle_12w,9,731,731,30,0.0,0.0,0.0,0.6956521739130435
233,weekly_hurdle_12w,10,761,761,30,0.0,0.0,0.0,0.6666666666666666
233,weekly_hurdle_12w,11,791,791,30,0.0,0.0,0.0,0.64
235,weekly_hurdle_12w,0,461,461,30,0.0,0.0,0.0,8.571428571428571
235,weekly_hurdle_12w,1,491,491,30,0.0,0.0,0.0,8.0
235,weekly_hurdle_12w,2,521,521,30,0.0,0.0,0.0,7.5
235,weekly_hurdle_12w,3,551,551,30,0.0,0.0,0.0,7.0588235294117645
235,weekly_hurdle_12w,4,581,581,30,0.0,0.0,0.0,6.666666666666667
235,weekly_hurdle_12w,5,611,611,30,0.0,0.0,0.0,6.315789473684211
235,weekly_hurdle_12w,6,641,641,30,0.0,0.0,0.0,6.0
235,weekly_hurdle_12w,7,671,671,30,0.0,0.0,0.0,5.714285714285714
235,weekly_hurdle_12w,8,701,701,30,0.0,0.0,0.0,5.454545454545454
235,weekly_hurdle_12w,9,731,731,30,0.0,0.0,0.0,5.217391304347826
235,weekly_hurdle_12w,10,761,761,30,0.0,0.0,0.0,5.0
235,weekly_hurdle_12w,11,791,791,30,0.0,0.0,0.0,4.8
236,weekly_hurdle_12w,0,461,461,30,0.0,0.0,0.0,0.14285714285714285
236,weekly_hurdle_12w,1,491,491,30,0.0,0.0,0.0,0.13333333333333333
236,weekly_hurdle_12w,2,521,521,30,0.0,0.0,0.0,0.125
236,weekly_hurdle_12w,3,551,551,30,0.0,0.0,0.0,0.11764705882352941
236,weekly_hurdle_12w,4,581,581,30,0.0,0.0,0.0,0.1111111111111111
236,weekly_hurdle_12w,5,611,611,30,0.0,0.0,0.0,0.10526315789473684
236,weekly_hurdle_12w,6,641,641,30,0.0,0.0,0.0,0.1
236,weekly_hurdle_12w,7,671,671,30,0.0,0.0,0.0,0.09523809523809523
236,weekly_hurdle_12w,8,701,701,30,0.0,0.0,0.0,0.09090909090909091
236,weekly_hurdle_12w,9,731,731,30,0.0,0.0,0.0,0.08695652173913043
236,weekly_hurdle_12w,10,761,761,30,0.0,0.0,0.0,0.08333333333333333
236,weekly_hurdle_12w,11,791,791,30,0.0,0.0,0.0,0.08
237,weekly_hurdle_12w,0,461,461,30,0.0,0.0,0.0,0.0
237,weekly_hurdle_12w,1,491,491,30,0.0,0.0,0.0,0.0
237,weekly_hurdle_12w,2,521,521,30,0.0,0.0,0.0,0.0
237,weekly_hurdle_12w,3,551,551,30,0.0,0.0,0.0,0.0
237,weekly_hurdle_12w,4,581,581,30,0.0,0.0,0.0,0.0
237,weekly_hurdle_12w,5,611,611,30,0.0,0.0,0.0,0.0
237,weekly_hurdle_12w,6,641,641,30,0.0,0.0,0.0,0.0
237,weekly_hurdle_12w,7,671,671,30,0.0,0.0,0.0,0.0
237,weekly_hurdle_12w,8,701,701,30,0.0,0.0,0.0,0.0
237,weekly_hurdle_12w,9,731,731,30,0.0,0.0,0.0,0.0
237,weekly_hurdle_12w,10,761,761,30,0.0,0.0,0.0,0.0
237,weekly_hurdle_12w,11,791,791,30,0.0,0.0,0.0,0.0
242,weekly_hurdle_12w,0,461,461,30,0.0,0.0,0.0,133.57142857142858
242,weekly_hurdle_12w,1,491,491,30,0.0,0.0,0.0,124.66666666666667
242,weekly_hurdle_12w,2,521,521,30,0.0,0.0,0.0,116.875
242,weekly_hurdle_12w,3,551,551,30,0.0,0.0,0.0,110.0
242,weekly_hurdle_12w,4,581,581,30,0.0,0.0,0.0,103.88888888888889
242,weekly_hurdle_12w,5,611,611,30,0.0,0.0,0.0,98.42105263157895
242,weekly_hurdle_12w,6,641,641,30,0.0,0.0,0.0,93.5
242,weekly_hurdle_12w,7,671,671,30,0.0,0.0,0.0,89.04761904761905
242,weekly_hurdle_12w,8,701,701,30,0.0,0.0,0.0,85.0
242,weekly_hurdle_12w,9,731,731,30,0.0,0.0,0.0,81.30434782608695
242,weekly_hurdle_12w,10,761,761,30,0.0,0.0,0.0,77.91666666666667
242,weekly_hurdle_12w,11,791,791,30,0.0,0.0,0.0,74.8
244,weekly_hurdle_12w,0,461,461,30,65.0,19.642857142857146,45.357142857142854,3.9285714285714284
244,weekly_hurdle_12w,1,491,491,30,44.0,36.071428571428555,7.928571428571445,6.2
244,weekly_hurdle_12w,2,521,521,30,7.0,48.214285714285694,41.214285714285694,7.125
244,weekly_hurdle_12w,3,551,551,30,6.0,33.92857142857142,27.928571428571423,8.882352941176471
244,weekly_hurdle_12w,4,581,581,30,35.0,17.142857142857142,17.857142857142858,8.444444444444445
244,weekly_hurdle_12w,5,611,611,30,17.0,16.78571428571429,0.21428571428571175,9.526315789473685
244,weekly_hurdle_12w,6,641,641,30,16.0,20.357142857142847,4.357142857142847,9.95
244,weekly_hurdle_12w,7,671,671,30,6.0,17.857142857142854,11.857142857142854,9.523809523809524
244,weekly_hurdle_12w,8,701,701,30,14.0,13.214285714285712,0.7857142857142883,9.545454545454545
244,weekly_hurdle_12w,9,731,731,30,23.0,12.142857142857146,10.857142857142854,9.478260869565217
244,weekly_hurdle_12w,10,761,761,30,19.0,15.357142857142865,3.6428571428571352,9.458333333333334
244,weekly_hurdle_12w,11,791,791,30,5.0,18.571428571428573,13.571428571428573,9.24
246,weekly_hurdle_12w,0,461,461,30,0.0,10.357142857142856,10.357142857142856,18.714285714285715
246,weekly_hurdle_12w,1,491,491,30,0.0,1.7857142857142858,1.7857142857142858,17.533333333333335
246,weekly_hurdle_12w,2,521,521,30,17.0,0.3571428571428572,16.642857142857142,16.4375
246,weekly_hurdle_12w,3,551,551,30,49.0,6.071428571428573,42.92857142857143,16.470588235294116
246,weekly_hurdle_12w,4,581,581,30,62.0,23.57142857142857,38.42857142857143,17.333333333333332
246,weekly_hurdle_12w,5,611,611,30,143.0,45.71428571428572,97.28571428571428,17.105263157894736
246,weekly_hurdle_12w,6,641,641,30,19.0,82.85714285714283,63.85714285714283,20.3
246,weekly_hurdle_12w,7,671,671,30,0.0,62.500000000000014,62.500000000000014,25.238095238095237
246,weekly_hurdle_12w,8,701,701,30,0.0,54.28571428571429,54.28571428571429,24.954545454545453
246,weekly_hurdle_12w,9,731,731,30,0.0,6.071428571428573,6.071428571428573,23.869565217391305
246,weekly_hurdle_12w,10,761,761,30,0.0,0.0,0.0,22.875
246,weekly_hurdle_12w,11,791,791,30,0.0,0.0,0.0,21.96
247,weekly_hurdle_12w,0,461,461,30,0.0,0.0,0.0,3.0
247,weekly_hurdle_12w,1,491,491,30,0.0,0.0,0.0,2.8
247,weekly_hurdle_12w,2,521,521,30,0.0,0.0,0.0,2.625
247,weekly_hurdle_12w,3,551,551,30,0.0,0.0,0.0,2.4705882352941178
247,weekly_hurdle_12w,4,581,581,30,0.0,0.0,0.0,2.3333333333333335
247,weekly_hurdle_12w,5,611,611,30,0.0,0.0,0.0,2.210526315789474
247,weekly_hurdle_12w,6,641,641,30,0.0,0.0,0.0,2.1
247,weekly_hurdle_12w,7,671,671,30,0.0,0.0,0.0,2.0
247,weekly_hurdle_12w,8,701,701,30,0.0,0.0,0.0,1.9090909090909092
247,weekly_hurdle_12w,9,731,731,30,0.0,0.0,0.0,1.826086956521739
247,weekly_hurdle_12w,10,761,761,30,0.0,0.0,0.0,1.75
247,weekly_hurdle_12w,11,791,791,30,0.0,0.0,0.0,1.68
250,weekly_hurdle_12w,0,461,461,30,0.0,0.0,0.0,7.714285714285714
250,weekly_hurdle_12w,1,491,491,30,0.0,0.0,0.0,7.2
250,weekly_hurdle_12w,2,521,521,30,0.0,0.0,0.0,6.75
250,weekly_hurdle_12w,3,551,551,30,0.0,0.0,0.0,6.352941176470588
250,weekly_hurdle_12w,4,581,581,30,0.0,0.0,0.0,6.0
250,weekly_hurdle_12w,5,611,611,30,0.0,0.0,0.0,5.684210526315789
250,weekly_hurdle_12w,6,641,641,30,0.0,0.0,0.0,5.4
250,weekly_hurdle_12w,7,671,671,30,0.0,0.0,0.0,5.142857142857143
250,weekly_hurdle_12w,8,701,701,30,0.0,0.0,0.0,4.909090909090909
250,weekly_hurdle_12w,9,731,731,30,0.0,0.0,0.0,4.695652173913044
250,weekly_hurdle_12w,10,761,761,30,0.0,0.0,0.0,4.5
250,weekly_hurdle_12w,11,791,791,30,0.0,0.0,0.0,4.32
251,weekly_hurdle_12w,0,461,461,30,25.0,149.2857142857143,124.2857142857143,31.785714285714285
251,weekly_hurdle_12w,1,491,491,30,34.0,46.78571428571429,12.785714285714292,30.466666666666665
251,weekly_hurdle_12w,2,521,521,30,60.0,25.357142857142854,34.642857142857146,29.125
251,weekly_hurdle_12w,3,551,551,30,0.0,40.357142857142854,40.357142857142854,28.941176470588236
251,weekly_hurdle_12w,4,581,581,30,0.0,31.42857142857143,31.42857142857143,30.666666666666668
251,weekly_hurdle_12w,5,611,611,30,0.0,15.714285714285715,15.714285714285715,29.05263157894737
251,weekly_hurdle_12w,6,641,641,30,0.0,0.0,0.0,27.6
251,weekly_hurdle_12w,7,671,671,30,0.0,0.0,0.0,26.285714285714285
251,weekly_hurdle_12w,8,701,701,30,0.0,0.0,0.0,25.09090909090909
251,weekly_hurdle_12w,9,731,731,30,0.0,0.0,0.0,24.0
251,weekly_hurdle_12w,10,761,761,30,0.0,0.0,0.0,23.0
251,weekly_hurdle_12w,11,791,791,30,0.0,0.0,0.0,22.08
252,weekly_hurdle_12w,0,461,461,30,0.0,0.0,0.0,13.285714285714286
252,weekly_hurdle_12w,1,491,491,30,0.0,0.0,0.0,12.4
252,weekly_hurdle_12w,2,521,521,30,0.0,0.0,0.0,11.625
252,weekly_hurdle_12w,3,551,551,30,0.0,0.0,0.0,10.941176470588236
252,weekly_hurdle_12w,4,581,581,30,0.0,0.0,0.0,10.333333333333334
252,weekly_hurdle_12w,5,611,611,30,0.0,0.0,0.0,9.789473684210526
252,weekly_hurdle_12w,6,641,641,30,0.0,0.0,0.0,9.3
252,weekly_hurdle_12w,7,671,671,30,0.0,0.0,0.0,8.857142857142858
252,weekly_hurdle_12w,8,701,701,30,0.0,0.0,0.0,8.454545454545455
252,weekly_hurdle_12w,9,731,731,30,0.0,0.0,0.0,8.08695652173913
252,weekly_hurdle_12w,10,761,761,30,0.0,0.0,0.0,7.75
252,weekly_hurdle_12w,11,791,791,30,0.0,0.0,0.0,7.44
253,weekly_hurdle_12w,0,461,461,30,23.0,73.57142857142854,50.57142857142854,18.571428571428573
253,weekly_hurdle_12w,1,491,491,30,24.0,45.71428571428573,21.71428571428573,17.533333333333335
253,weekly_hurdle_12w,2,521,521,30,26.0,23.928571428571427,2.071428571428573,16.5
253,weekly_hurdle_12w,3,551,551,30,0.0,22.85714285714286,22.85714285714286,15.647058823529411
253,weekly_hurdle_12w,4,581,581,30,0.0,17.5,17.5,16.22222222222222
253,weekly_hurdle_12w,5,611,611,30,0.0,6.7857142857142865,6.7857142857142865,15.368421052631579
253,weekly_hurdle_12w,6,641,641,30,0.0,0.0,0.0,14.6
253,weekly_hurdle_12w,7,671,671,30,0.0,0.0,0.0,13.904761904761905
253,weekly_hurdle_12w,8,701,701,30,0.0,0.0,0.0,13.272727272727273
253,weekly_hurdle_12w,9,731,731,30,0.0,0.0,0.0,12.695652173913043
253,weekly_hurdle_12w,10,761,761,30,0.0,0.0,0.0,12.166666666666666
253,weekly_hurdle_12w,11,791,791,30,0.0,0.0,0.0,11.68
254,weekly_hurdle_12w,0,461,461,30,0.0,0.0,0.0,0.0
254,weekly_hurdle_12w,1,491,491,30,0.0,0.0,0.0,0.0
254,weekly_hurdle_12w,2,521,521,30,0.0,0.0,0.0,0.0
254,weekly_hurdle_12w,3,551,551,30,0.0,0.0,0.0,0.0
254,weekly_hurdle_12w,4,581,581,30,0.0,0.0,0.0,0.0
254,weekly_hurdle_12w,5,611,611,30,0.0,0.0,0.0,0.0
254,weekly_hurdle_12w,6,641,641,30,0.0,0.0,0.0,0.0
254,weekly_hurdle_12w,7,671,671,30,0.0,0.0,0.0,0.0
254,weekly_hurdle_12w,8,701,701,30,4.0,0.0,4.0,0.0
254,weekly_hurdle_12w,9,731,731,30,30.0,1.4285714285714288,28.57142857142857,0.17391304347826086
254,weekly_hurdle_12w,10,761,761,30,25.0,12.142857142857146,12.857142857142854,1.25
254,weekly_hurdle_12w,11,791,791,30,4.0,21.07142857142857,17.07142857142857,1.4
261,weekly_hurdle_12w,0,461,461,30,165.0,33.57142857142858,131.42857142857142,36.0
261,weekly_hurdle_12w,1,491,491,30,3.0,82.85714285714283,79.85714285714283,42.46666666666667
261,weekly_hurdle_12w,2,521,521,30,49.0,71.42857142857142,22.428571428571416,49.9375
261,weekly_hurdle_12w,3,551,551,30,175.0,76.78571428571429,98.21428571428571,49.705882352941174
261,weekly_hurdle_12w,4,581,581,30,35.0,80.71428571428571,45.71428571428571,53.94444444444444
261,weekly_hurdle_12w,5,611,611,30,66.0,92.49999999999997,26.49999999999997,58.473684210526315
261,weekly_hurdle_12w,6,641,641,30,44.0,97.85714285714283,53.85714285714283,57.1
261,weekly_hurdle_12w,7,671,671,30,133.0,51.78571428571428,81.21428571428572,55.42857142857143
261,weekly_hurdle_12w,8,701,701,30,1.0,85.3571428571429,84.3571428571429,56.95454545454545
261,weekly_hurdle_12w,9,731,731,30,78.0,59.64285714285717,18.357142857142833,60.21739130434783
261,weekly_hurdle_12w,10,761,761,30,0.0,75.35714285714285,75.35714285714285,60.916666666666664
261,weekly_hurdle_12w,11,791,791,30,0.0,27.857142857142847,27.857142857142847,61.6
266,weekly_hurdle_12w,0,461,461,30,0.0,0.3571428571428572,0.3571428571428572,0.5
266,weekly_hurdle_12w,1,491,491,30,0.0,0.3571428571428572,0.3571428571428572,0.4666666666666667
266,weekly_hurdle_12w,2,521,521,30,0.0,0.0,0.0,0.4375
266,weekly_hurdle_12w,3,551,551,30,0.0,0.0,0.0,0.4117647058823529
266,weekly_hurdle_12w,4,581,581,30,0.0,0.0,0.0,0.3888888888888889
266,weekly_hurdle_12w,5,611,611,30,0.0,0.0,0.0,0.3684210526315789
266,weekly_hurdle_12w,6,641,641,30,0.0,0.0,0.0,0.35
266,weekly_hurdle_12w,7,671,671,30,0.0,0.0,0.0,0.3333333333333333
266,weekly_hurdle_12w,8,701,701,30,0.0,0.0,0.0,0.3181818181818182
266,weekly_hurdle_12w,9,731,731,30,0.0,0.0,0.0,0.30434782608695654
266,weekly_hurdle_12w,10,761,761,30,0.0,0.0,0.0,0.2916666666666667
266,weekly_hurdle_12w,11,791,791,30,0.0,0.0,0.0,0.28
267,weekly_hurdle_12w,0,461,461,30,0.0,0.0,0.0,0.0
267,weekly_hurdle_12w,1,491,491,30,21.0,0.0,21.0,0.0
267,weekly_hurdle_12w,2,521,521,30,23.0,7.5,15.5,1.3125
267,weekly_hurdle_12w,3,551,551,30,30.0,15.714285714285715,14.285714285714285,1.3529411764705883
267,weekly_hurdle_12w,4,581,581,30,57.0,26.428571428571423,30.571428571428577,1.6666666666666667
267,weekly_hurdle_12w,5,611,611,30,104.0,38.21428571428572,65.78571428571428,3.0
267,weekly_hurdle_12w,6,641,641,30,17.0,66.07142857142856,49.071428571428555,5.2
267,weekly_hurdle_12w,7,671,671,30,0.0,53.21428571428573,53.21428571428573,9.095238095238095
267,weekly_hurdle_12w,8,701,701,30,0.0,41.785714285714306,41.785714285714306,9.454545454545455
267,weekly_hurdle_12w,9,731,731,30,0.0,5.000000000000002,5.000000000000002,9.043478260869565
267,weekly_hurdle_12w,10,761,761,30,0.0,0.0,0.0,8.666666666666666
267,weekly_hurdle_12w,11,791,791,30,0.0,0.0,0.0,8.32
268,weekly_hurdle_12w,0,461,461,30,14.0,2.142857142857143,11.857142857142858,0.42857142857142855
268,weekly_hurdle_12w,1,491,491,30,0.0,7.142857142857143,7.142857142857143,0.9333333333333333
268,weekly_hurdle_12w,2,521,521,30,0.0,7.142857142857142,7.142857142857142,1.75
268,weekly_hurdle_12w,3,551,551,30,0.0,5.000000000000002,5.000000000000002,1.6470588235294117
268,weekly_hurdle_12w,4,581,581,30,0.0,0.0,0.0,1.5555555555555556
268,weekly_hurdle_12w,5,611,611,30,0.0,0.0,0.0,1.4736842105263157
268,weekly_hurdle_12w,6,641,641,30,0.0,0.0,0.0,1.4
268,weekly_hurdle_12w,7,671,671,30,0.0,0.0,0.0,1.3333333333333333
268,weekly_hurdle_12w,8,701,701,30,0.0,0.0,0.0,1.2727272727272727
268,weekly_hurdle_12w,9,731,731,30,0.0,0.0,0.0,1.2173913043478262
268,weekly_hurdle_12w,10,761,761,30,0.0,0.0,0.0,1.1666666666666667
268,weekly_hurdle_12w,11,791,791,30,0.0,0.0,0.0,1.12
269,weekly_hurdle_12w,0,461,461,30,1.0,1.0714285714285714,0.0714285714285714,0.21428571428571427
269,weekly_hurdle_12w,1,491,491,30,0.0,1.4285714285714288,1.4285714285714288,0.3333333333333333
269,weekly_hurdle_12w,2,521,521,30,0.0,1.4285714285714288,1.4285714285714288,0.375
269,weekly_hurdle_12w,3,551,551,30,0.0,0.3571428571428572,0.3571428571428572,0.35294117647058826
269,weekly_hurdle_12w,4,581,581,30,0.0,0.0,0.0,0.3333333333333333
269,weekly_hurdle_12w,5,611,611,30,0.0,0.0,0.0,0.3157894736842105
269,weekly_hurdle_12w,6,641,641,30,0.0,0.0,0.0,0.3
269,weekly_hurdle_12w,7,671,671,30,0.0,0.0,0.0,0.2857142857142857
269,weekly_hurdle_12w,8,701,701,30,0.0,0.0,0.0,0.2727272727272727
269,weekly_hurdle_12w,9,731,731,30,0.0,0.0,0.0,0.2608695652173913
269,weekly_hurdle_12w,10,761,761,30,0.0,0.0,0.0,0.25
269,weekly_hurdle_12w,11,791,791,30,0.0,0.0,0.0,0.24
270,weekly_hurdle_12w,0,461,461,30,0.0,0.0,0.0,0.0
270,weekly_hurdle_12w,1,491,491,30,5.0,0.0,5.0,0.0
270,weekly_hurdle_12w,2,521,521,30,0.0,1.7857142857142858,1.7857142857142858,0.3125
270,weekly_hurdle_12w,3,551,551,30,0.0,1.7857142857142858,1.7857142857142858,0.5882352941176471
270,weekly_hurdle_12w,4,581,581,30,0.0,0.7142857142857144,0.7142857142857144,0.5555555555555556
270,weekly_hurdle_12w,5,611,611,30,0.0,0.0,0.0,0.5263157894736842
270,weekly_hurdle_12w,6,641,641,30,0.0,0.0,0.0,0.5
270,weekly_hurdle_12w,7,671,671,30,0.0,0.0,0.0,0.47619047619047616
270,weekly_hurdle_12w,8,701,701,30,0.0,0.0,0.0,0.45454545454545453
270,weekly_hurdle_12w,9,731,731,30,0.0,0.0,0.0,0.43478260869565216
270,weekly_hurdle_12w,10,761,761,30,0.0,0.0,0.0,0.4166666666666667
270,weekly_hurdle_12w,11,791,791,30,0.0,0.0,0.0,0.4
271,weekly_hurdle_12w,0,461,461,30,0.0,0.0,0.0,0.0
271,weekly_hurdle_12w,1,491,491,30,1.0,0.0,1.0,0.0
271,weekly_hurdle_12w,2,521,521,30,0.0,0.3571428571428572,0.3571428571428572,0.0625
271,weekly_hurdle_12w,3,551,551,30,0.0,0.3571428571428572,0.3571428571428572,0.11764705882352941
271,weekly_hurdle_12w,4,581,581,30,0.0,0.3571428571428572,0.3571428571428572,0.1111111111111111
271,weekly_hurdle_12w,5,611,611,30,0.0,0.0,0.0,0.10526315789473684
271,weekly_hurdle_12w,6,641,641,30,0.0,0.0,0.0,0.1
271,weekly_hurdle_12w,7,671,671,30,0.0,0.0,0.0,0.09523809523809523
271,weekly_hurdle_12w,8,701,701,30,0.0,0.0,0.0,0.09090909090909091
271,weekly_hurdle_12w,9,731,731,30,0.0,0.0,0.0,0.08695652173913043
271,weekly_hurdle_12w,10,761,761,30,0.0,0.0,0.0,0.08333333333333333
271,weekly_hurdle_12w,11,791,791,30,0.0,0.0,0.0,0.08
272,weekly_hurdle_12w,0,461,461,30,0.0,3.5714285714285716,3.5714285714285716,0.8571428571428571
272,weekly_hurdle_12w,1,491,491,30,0.0,1.7857142857142856,1.7857142857142856,0.8
272,weekly_hurdle_12w,2,521,521,30,0.0,0.0,0.0,0.75
272,weekly_hurdle_12w,3,551,551,30,0.0,0.0,0.0,0.7058823529411765
272,weekly_hurdle_12w,4,581,581,30,0.0,0.0,0.0,0.6666666666666666
272,weekly_hurdle_12w,5,611,611,30,0.0,0.0,0.0,0.631578947368421
272,weekly_hurdle_12w,6,641,641,30,0.0,0.0,0.0,0.6
272,weekly_hurdle_12w,7,671,671,30,0.0,0.0,0.0,0.5714285714285714
272,weekly_hurdle_12w,8,701,701,30,0.0,0.0,0.0,0.5454545454545454
272,weekly_hurdle_12w,9,731,731,30,0.0,0.0,0.0,0.5217391304347826
272,weekly_hurdle_12w,10,761,761,30,0.0,0.0,0.0,0.5
272,weekly_hurdle_12w,11,791,791,30,0.0,0.0,0.0,0.48
274,weekly_hurdle_12w,0,461,461,30,0.0,0.0,0.0,0.7142857142857143
274,weekly_hurdle_12w,1,491,491,30,0.0,0.0,0.0,0.6666666666666666
274,weekly_hurdle_12w,2,521,521,30,0.0,0.0,0.0,0.625
274,weekly_hurdle_12w,3,551,551,30,0.0,0.0,0.0,0.5882352941176471
274,weekly_hurdle_12w,4,581,581,30,0.0,0.0,0.0,0.5555555555555556
274,weekly_hurdle_12w,5,611,611,30,0.0,0.0,0.0,0.5263157894736842
274,weekly_hurdle_12w,6,641,641,30,0.0,0.0,0.0,0.5
274,weekly_hurdle_12w,7,671,671,30,0.0,0.0,0.0,0.47619047619047616
274,weekly_hurdle_12w,8,701,701,30,0.0,0.0,0.0,0.45454545454545453
274,weekly_hurdle_12w,9,731,731,30,0.0,0.0,0.0,0.43478260869565216
274,weekly_hurdle_12w,10,761,761,30,0.0,0.0,0.0,0.4166666666666667
274,weekly_hurdle_12w,11,791,791,30,0.0,0.0,0.0,0.4
276,weekly_hurdle_12w,0,461,461,30,0.0,0.0,0.0,44.857142857142854
276,weekly_hurdle_12w,1,491,491,30,0.0,0.0,0.0,41.86666666666667
276,weekly_hurdle_12w,2,521,521,30,0.0,0.0,0.0,39.25
276,weekly_hurdle_12w,3,551,551,30,0.0,0.0,0.0,36.94117647058823
276,weekly_hurdle_12w,4,581,581,30,0.0,0.0,0.0,34.888888888888886
276,weekly_hurdle_12w,5,611,611,30,0.0,0.0,0.0,33.05263157894737
276,weekly_hurdle_12w,6,641,641,30,0.0,0.0,0.0,31.4
276,weekly_hurdle_12w,7,671,671,30,0.0,0.0,0.0,29.904761904761905
276,weekly_hurdle_12w,8,701,701,30,0.0,0.0,0.0,28.545454545454547
276,weekly_hurdle_12w,9,731,731,30,0.0,0.0,0.0,27.304347826086957
276,weekly_hurdle_12w,10,761,761,30,0.0,0.0,0.0,26.166666666666668
276,weekly_hurdle_12w,11,791,791,30,0.0,0.0,0.0,25.12
277,weekly_hurdle_12w,0,461,461,30,25.0,60.35714285714284,35.35714285714284,57.642857142857146
277,weekly_hurdle_12w,1,491,491,30,36.0,34.642857142857146,1.357142857142854,55.0
277,weekly_hurdle_12w,2,521,521,30,92.0,24.28571428571429,67.71428571428571,52.25
277,weekly_hurdle_12w,3,551,551,30,55.0,52.14285714285715,2.857142857142847,52.470588235294116
277,weekly_hurdle_12w,4,581,581,30,100.0,62.85714285714286,37.14285714285714,51.611111111111114
277,weekly_hurdle_12w,5,611,611,30,109.0,84.64285714285714,24.35714285714286,51.26315789473684
277,weekly_hurdle_12w,6,641,641,30,50.0,91.07142857142861,41.07142857142861,49.15
277,weekly_hurdle_12w,7,671,671,30,89.0,83.57142857142861,5.428571428571388,49.61904761904762
277,weekly_hurdle_12w,8,701,701,30,8.0,88.57142857142856,80.57142857142856,49.13636363636363
277,weekly_hurdle_12w,9,731,731,30,0.0,51.78571428571427,51.78571428571427,50.52173913043478
277,weekly_hurdle_12w,10,761,761,30,0.0,29.285714285714274,29.285714285714274,48.75
277,weekly_hurdle_12w,11,791,791,30,0.0,2.8571428571428577,2.8571428571428577,46.8
278,weekly_hurdle_12w,0,461,461,30,0.0,0.0,0.0,0.0
278,weekly_hurdle_12w,1,491,491,30,0.0,0.0,0.0,0.0
278,weekly_hurdle_12w,2,521,521,30,0.0,0.0,0.0,0.0
278,weekly_hurdle_12w,3,551,551,30,8.0,0.0,8.0,0.0
278,weekly_hurdle_12w,4,581,581,30,0.0,2.8571428571428577,2.8571428571428577,0.4444444444444444
278,weekly_hurdle_12w,5,611,611,30,1.0,2.8571428571428577,1.8571428571428577,0.8421052631578947
278,weekly_hurdle_12w,6,641,641,30,0.0,1.4285714285714288,1.4285714285714288,0.85
278,weekly_hurdle_12w,7,671,671,30,0.0,0.3571428571428572,0.3571428571428572,0.8571428571428571
278,weekly_hurdle_12w,8,701,701,30,0.0,0.3571428571428572,0.3571428571428572,0.8181818181818182
278,weekly_hurdle_12w,9,731,731,30,0.0,0.0,0.0,0.782608695652174
278,weekly_hurdle_12w,10,761,761,30,0.0,0.0,0.0,0.75
278,weekly_hurdle_12w,11,791,791,30,0.0,0.0,0.0,0.72
279,weekly_hurdle_12w,0,461,461,30,0.0,1.7857142857142856,1.7857142857142856,24.571428571428573
279,weekly_hurdle_12w,1,491,491,30,11.0,0.0,11.0,22.933333333333334
279,weekly_hurdle_12w,2,521,521,30,9.0,3.928571428571429,5.071428571428571,22.1875
279,weekly_hurdle_12w,3,551,551,30,36.0,7.142857142857143,28.857142857142858,21.0
279,weekly_hurdle_12w,4,581,581,30,10.0,20.000000000000007,10.000000000000007,21.333333333333332
279,weekly_hurdle_12w,5,611,611,30,9.0,18.571428571428573,9.571428571428573,21.57894736842105
279,weekly_hurdle_12w,6,641,641,30,0.0,18.92857142857142,18.92857142857142,20.55
279,weekly_hurdle_12w,7,671,671,30,0.0,6.7857142857142865,6.7857142857142865,20.0
279,weekly_hurdle_12w,8,701,701,30,3.0,3.2142857142857144,0.2142857142857144,19.09090909090909
279,weekly_hurdle_12w,9,731,731,30,14.0,1.0714285714285714,12.928571428571429,18.391304347826086
279,weekly_hurdle_12w,10,761,761,30,8.0,6.071428571428573,1.928571428571427,18.083333333333332
279,weekly_hurdle_12w,11,791,791,30,0.0,8.928571428571427,8.928571428571427,17.6
282,weekly_hurdle_12w,0,461,461,30,0.0,2.142857142857143,2.142857142857143,0.42857142857142855
282,weekly_hurdle_12w,1,491,491,30,1.0,2.142857142857143,1.1428571428571428,0.8
282,weekly_hurdle_12w,2,521,521,30,0.0,0.7142857142857144,0.7142857142857144,0.8125
282,weekly_hurdle_12w,3,551,551,30,2.0,0.3571428571428572,1.6428571428571428,0.8235294117647058
282,weekly_hurdle_12w,4,581,581,30,1.0,1.0714285714285714,0.0714285714285714,0.8888888888888888
282,weekly_hurdle_12w,5,611,611,30,11.0,1.0714285714285714,9.928571428571429,0.8947368421052632
282,weekly_hurdle_12w,6,641,641,30,6.0,5.000000000000002,0.9999999999999982,1.35
282,weekly_hurdle_12w,7,671,671,30,9.0,6.428571428571429,2.571428571428571,1.5238095238095237
282,weekly_hurdle_12w,8,701,701,30,1.0,9.285714285714286,8.285714285714286,1.5909090909090908
282,weekly_hurdle_12w,9,731,731,30,1.0,5.000000000000002,4.000000000000002,1.8695652173913044
282,weekly_hurdle_12w,10,761,761,30,3.0,3.928571428571429,0.9285714285714288,1.7916666666666667
282,weekly_hurdle_12w,11,791,791,30,1.0,1.4285714285714288,0.4285714285714288,1.8
283,weekly_hurdle_12w,0,461,461,30,17.0,12.142857142857144,4.857142857142856,10.357142857142858
283,weekly_hurdle_12w,1,491,491,30,20.0,11.42857142857143,8.57142857142857,10.6
283,weekly_hurdle_12w,2,521,521,30,18.0,14.285714285714286,3.7142857142857135,10.125
283,weekly_hurdle_12w,3,551,551,30,9.0,19.285714285714285,10.285714285714285,9.647058823529411
283,weekly_hurdle_12w,4,581,581,30,7.0,16.071428571428577,9.071428571428577,9.61111111111111
283,weekly_hurdle_12w,5,611,611,30,14.0,9.642857142857142,4.357142857142858,9.210526315789474
283,weekly_hurdle_12w,6,641,641,30,10.0,9.285714285714286,0.7142857142857135,9.1
283,weekly_hurdle_12w,7,671,671,30,7.0,11.07142857142857,4.071428571428569,8.857142857142858
283,weekly_hurdle_12w,8,701,701,30,14.0,10.000000000000004,3.9999999999999964,8.590909090909092
283,weekly_hurdle_12w,9,731,731,30,9.0,11.07142857142857,2.0714285714285694,8.521739130434783
283,weekly_hurdle_12w,10,761,761,30,18.0,10.357142857142854,7.642857142857146,8.375
283,weekly_hurdle_12w,11,791,791,30,0.0,14.642857142857137,14.642857142857137,8.4
284,weekly_hurdle_12w,0,461,461,30,3.0,3.571428571428571,0.5714285714285712,3.2857142857142856
284,weekly_hurdle_12w,1,491,491,30,13.0,3.2142857142857153,9.785714285714285,3.066666666666667
284,weekly_hurdle_12w,2,521,521,30,6.0,6.428571428571429,0.4285714285714288,3.5
284,weekly_hurdle_12w,3,551,551,30,4.0,7.5,3.5,3.7058823529411766
284,weekly_hurdle_12w,4,581,581,30,8.0,6.428571428571429,1.5714285714285712,3.611111111111111
284,weekly_hurdle_12w,5,611,611,30,10.0,6.071428571428572,3.928571428571428,3.6315789473684212
284,weekly_hurdle_12w,6,641,641,30,21.0,7.857142857142858,13.142857142857142,3.55
284,weekly_hurdle_12w,7,671,671,30,1.0,13.928571428571423,12.928571428571423,3.9047619047619047
284,weekly_hurdle_12w,8,701,701,30,3.0,10.714285714285717,7.714285714285717,4.636363636363637
284,weekly_hurdle_12w,9,731,731,30,3.0,7.500000000000002,4.500000000000002,4.521739130434782
284,weekly_hurdle_12w,10,761,761,30,5.0,2.142857142857143,2.857142857142857,4.333333333333333
284,weekly_hurdle_12w,11,791,791,30,0.0,3.5714285714285716,3.5714285714285716,4.24
285,weekly_hurdle_12w,0,461,461,30,0.0,0.0,0.0,0.5714285714285714
285,weekly_hurdle_12w,1,491,491,30,0.0,0.0,0.0,0.5333333333333333
285,weekly_hurdle_12w,2,521,521,30,0.0,0.0,0.0,0.5
285,weekly_hurdle_12w,3,551,551,30,0.0,0.0,0.0,0.47058823529411764
285,weekly_hurdle_12w,4,581,581,30,0.0,0.0,0.0,0.4444444444444444
285,weekly_hurdle_12w,5,611,611,30,0.0,0.0,0.0,0.42105263157894735
285,weekly_hurdle_12w,6,641,641,30,0.0,0.0,0.0,0.4
285,weekly_hurdle_12w,7,671,671,30,0.0,0.0,0.0,0.38095238095238093
285,weekly_hurdle_12w,8,701,701,30,0.0,0.0,0.0,0.36363636363636365
285,weekly_hurdle_12w,9,731,731,30,0.0,0.0,0.0,0.34782608695652173
285,weekly_hurdle_12w,10,761,761,30,0.0,0.0,0.0,0.3333333333333333
285,weekly_hurdle_12w,11,791,791,30,0.0,0.0,0.0,0.32
286,weekly_hurdle_12w,0,461,461,30,37.0,38.21428571428572,1.2142857142857224,19.0
286,weekly_hurdle_12w,1,491,491,30,68.0,32.14285714285715,35.85714285714285,18.733333333333334
286,weekly_hurdle_12w,2,521,521,30,34.0,45.35714285714285,11.357142857142847,19.5
286,weekly_hurdle_12w,3,551,551,30,33.0,46.42857142857145,13.428571428571452,20.352941176470587
286,weekly_hurdle_12w,4,581,581,30,24.0,46.42857142857145,22.428571428571452,19.27777777777778
286,weekly_hurdle_12w,5,611,611,30,31.0,28.571428571428573,2.428571428571427,18.736842105263158
286,weekly_hurdle_12w,6,641,641,30,32.0,30.35714285714287,1.6428571428571317,18.15
286,weekly_hurdle_12w,7,671,671,30,17.0,30.71428571428573,13.71428571428573,17.333333333333332
286,weekly_hurdle_12w,8,701,701,30,11.0,27.857142857142847,16.857142857142847,17.227272727272727
286,weekly_hurdle_12w,9,731,731,30,25.0,20.357142857142847,4.642857142857153,16.73913043478261
286,weekly_hurdle_12w,10,761,761,30,46.0,18.57142857142858,27.42857142857142,16.625
286,weekly_hurdle_12w,11,791,791,30,1.0,28.214285714285708,27.214285714285708,16.8
288,weekly_hurdle_12w,0,461,461,30,2.0,0.0,2.0,0.0
288,weekly_hurdle_12w,1,491,491,30,1.0,0.7142857142857144,0.2857142857142856,0.13333333333333333
288,weekly_hurdle_12w,2,521,521,30,0.0,1.0714285714285714,1.0714285714285714,0.1875
288,weekly_hurdle_12w,3,551,551,30,1.0,1.0714285714285714,0.0714285714285714,0.23529411764705882
288,weekly_hurdle_12w,4,581,581,30,1.0,0.7142857142857144,0.2857142857142856,0.2777777777777778
288,weekly_hurdle_12w,5,611,611,30,3.0,0.7142857142857144,2.2857142857142856,0.2631578947368421
288,weekly_hurdle_12w,6,641,641,30,1.0,1.4285714285714288,0.4285714285714288,0.35
288,weekly_hurdle_12w,7,671,671,30,4.0,1.7857142857142858,2.2142857142857144,0.42857142857142855
288,weekly_hurdle_12w,8,701,701,30,0.0,2.857142857142858,2.857142857142858,0.5454545454545454
288,weekly_hurdle_12w,9,731,731,30,2.0,1.7857142857142858,0.2142857142857142,0.6956521739130435
288,weekly_hurdle_12w,10,761,761,30,51.0,2.142857142857143,48.857142857142854,0.75
288,weekly_hurdle_12w,11,791,791,30,0.0,18.92857142857142,18.92857142857142,2.68
289,weekly_hurdle_12w,0,461,461,30,1.0,0.7142857142857144,0.2857142857142856,0.7857142857142857
289,weekly_hurdle_12w,1,491,491,30,0.0,0.7142857142857144,0.7142857142857144,0.8
289,weekly_hurdle_12w,2,521,521,30,0.0,0.3571428571428572,0.3571428571428572,0.8125
289,weekly_hurdle_12w,3,551,551,30,2.0,0.0,2.0,0.7647058823529411
289,weekly_hurdle_12w,4,581,581,30,0.0,0.7142857142857144,0.7142857142857144,0.8333333333333334
289,weekly_hurdle_12w,5,611,611,30,1.0,0.7142857142857144,0.2857142857142856,0.8947368421052632
289,weekly_hurdle_12w,6,641,641,30,0.0,0.3571428571428572,0.3571428571428572,0.9
289,weekly_hurdle_12w,7,671,671,30,0.0,0.3571428571428572,0.3571428571428572,0.9047619047619048
289,weekly_hurdle_12w,8,701,701,30,0.0,0.3571428571428572,0.3571428571428572,0.8636363636363636
289,weekly_hurdle_12w,9,731,731,30,0.0,0.0,0.0,0.8260869565217391
289,weekly_hurdle_12w,10,761,761,30,3.0,0.0,3.0,0.7916666666666666
289,weekly_hurdle_12w,11,791,791,30,0.0,1.0714285714285714,1.0714285714285714,0.88
291,weekly_hurdle_12w,0,461,461,30,0.0,0.0,0.0,0.0
291,weekly_hurdle_12w,1,491,491,30,0.0,0.0,0.0,0.0
291,weekly_hurdle_12w,2,521,521,30,0.0,0.0,0.0,0.0
291,weekly_hurdle_12w,3,551,551,30,0.0,0.0,0.0,0.0
291,weekly_hurdle_12w,4,581,581,30,0.0,0.0,0.0,0.0
291,weekly_hurdle_12w,5,611,611,30,210.0,0.0,210.0,0.0
291,weekly_hurdle_12w,6,641,641,30,65.0,75.0,10.0,10.5
291,weekly_hurdle_12w,7,671,671,30,57.0,98.21428571428567,41.214285714285666,16.904761904761905
291,weekly_hurdle_12w,8,701,701,30,72.0,117.85714285714286,45.85714285714286,16.5
291,weekly_hurdle_12w,9,731,731,30,81.0,68.57142857142857,12.42857142857143,16.434782608695652
291,weekly_hurdle_12w,10,761,761,30,127.0,73.9285714285714,53.0714285714286,16.125
291,weekly_hurdle_12w,11,791,791,30,22.0,95.71428571428571,73.71428571428571,17.32
292,weekly_hurdle_12w,0,461,461,30,34.0,22.14285714285714,11.857142857142861,9.142857142857142
292,weekly_hurdle_12w,1,491,491,30,45.0,26.071428571428577,18.928571428571423,10.133333333333333
292,weekly_hurdle_12w,2,521,521,30,21.0,31.42857142857143,10.42857142857143,10.1875
292,weekly_hurdle_12w,3,551,551,30,10.0,32.14285714285715,22.142857142857153,11.0
292,weekly_hurdle_12w,4,581,581,30,25.0,25.357142857142854,0.3571428571428541,11.0
292,weekly_hurdle_12w,5,611,611,30,0.0,17.5,17.5,11.210526315789474
292,weekly_hurdle_12w,6,641,641,30,0.0,12.142857142857146,12.142857142857146,11.9
292,weekly_hurdle_12w,7,671,671,30,0.0,3.571428571428571,3.571428571428571,11.333333333333334
292,weekly_hurdle_12w,8,701,701,30,0.0,0.0,0.0,10.818181818181818
292,weekly_hurdle_12w,9,731,731,30,0.0,0.0,0.0,10.347826086956522
292,weekly_hurdle_12w,10,761,761,30,0.0,0.0,0.0,9.916666666666666
292,weekly_hurdle_12w,11,791,791,30,0.0,0.0,0.0,9.52
293,weekly_hurdle_12w,0,461,461,30,46.0,31.42857142857143,14.57142857142857,10.214285714285714
293,weekly_hurdle_12w,1,491,491,30,56.0,34.642857142857146,21.357142857142854,11.466666666666667
293,weekly_hurdle_12w,2,521,521,30,30.0,41.785714285714306,11.785714285714306,11.375
293,weekly_hurdle_12w,3,551,551,30,19.0,42.499999999999986,23.499999999999986,12.235294117647058
293,weekly_hurdle_12w,4,581,581,30,40.0,35.357142857142854,4.642857142857146,12.166666666666666
293,weekly_hurdle_12w,5,611,611,30,0.0,28.21428571428571,28.21428571428571,12.631578947368421
293,weekly_hurdle_12w,6,641,641,30,0.0,20.714285714285708,20.714285714285708,14.0
293,weekly_hurdle_12w,7,671,671,30,0.0,6.428571428571429,6.428571428571429,13.333333333333334
293,weekly_hurdle_12w,8,701,701,30,0.0,0.0,0.0,12.727272727272727
293,weekly_hurdle_12w,9,731,731,30,0.0,0.0,0.0,12.173913043478262
293,weekly_hurdle_12w,10,761,761,30,0.0,0.0,0.0,11.666666666666666
293,weekly_hurdle_12w,11,791,791,30,0.0,0.0,0.0,11.2
296,weekly_hurdle_12w,0,461,461,30,0.0,0.0,0.0,0.0
296,weekly_hurdle_12w,1,491,491,30,0.0,0.0,0.0,0.0
296,weekly_hurdle_12w,2,521,521,30,0.0,0.0,0.0,0.0
296,weekly_hurdle_12w,3,551,551,30,0.0,0.0,0.0,0.0
296,weekly_hurdle_12w,4,581,581,30,0.0,0.0,0.0,0.0
296,weekly_hurdle_12w,5,611,611,30,0.0,0.0,0.0,0.0
296,weekly_hurdle_12w,6,641,641,30,15.0,0.0,15.0,0.0
296,weekly_hurdle_12w,7,671,671,30,21.0,5.3571428571428585,15.642857142857142,0.7142857142857143
296,weekly_hurdle_12w,8,701,701,30,7.0,12.857142857142858,5.857142857142858,0.9545454545454546
296,weekly_hurdle_12w,9,731,731,30,14.0,15.357142857142865,1.3571428571428648,1.5217391304347827
296,weekly_hurdle_12w,10,761,761,30,8.0,14.642857142857137,6.642857142857137,1.75
296,weekly_hurdle_12w,11,791,791,30,0.0,9.285714285714286,9.285714285714286,1.92
297,weekly_hurdle_12w,0,461,461,30,0.0,0.0,0.0,0.0
297,weekly_hurdle_12w,1,491,491,30,0.0,0.0,0.0,0.0
297,weekly_hurdle_12w,2,521,521,30,0.0,0.0,0.0,0.0
297,weekly_hurdle_12w,3,551,551,30,0.0,0.0,0.0,0.0
297,weekly_hurdle_12w,4,581,581,30,0.0,0.0,0.0,0.0
297,weekly_hurdle_12w,5,611,611,30,0.0,0.0,0.0,0.0
297,weekly_hurdle_12w,6,641,641,30,0.0,0.0,0.0,0.0
297,weekly_hurdle_12w,7,671,671,30,0.0,0.0,0.0,0.0
297,weekly_hurdle_12w,8,701,701,30,0.0,0.0,0.0,0.0
297,weekly_hurdle_12w,9,731,731,30,0.0,0.0,0.0,0.0
297,weekly_hurdle_12w,10,761,761,30,0.0,0.0,0.0,0.0
297,weekly_hurdle_12w,11,791,791,30,3.0,0.0,3.0,0.0
299,weekly_hurdle_12w,0,461,461,30,0.0,0.0,0.0,0.0
299,weekly_hurdle_12w,1,491,491,30,0.0,0.0,0.0,0.0
299,weekly_hurdle_12w,2,521,521,30,0.0,0.0,0.0,0.0
299,weekly_hurdle_12w,3,551,551,30,0.0,0.0,0.0,0.0
299,weekly_hurdle_12w,4,581,581,30,0.0,0.0,0.0,0.0
299,weekly_hurdle_12w,5,611,611,30,0.0,0.0,0.0,0.0
299,weekly_hurdle_12w,6,641,641,30,0.0,0.0,0.0,0.0
299,weekly_hurdle_12w,7,671,671,30,0.0,0.0,0.0,0.0
299,weekly_hurdle_12w,8,701,701,30,0.0,0.0,0.0,0.0
299,weekly_hurdle_12w,9,731,731,30,0.0,0.0,0.0,0.0
299,weekly_hurdle_12w,10,761,761,30,13.0,0.0,13.0,0.0
299,weekly_hurdle_12w,11,791,791,30,0.0,4.642857142857143,4.642857142857143,0.52
300,weekly_hurdle_12w,0,461,461,30,0.0,0.0,0.0,0.7142857142857143
300,weekly_hurdle_12w,1,491,491,30,0.0,0.0,0.0,0.6666666666666666
300,weekly_hurdle_12w,2,521,521,30,0.0,0.0,0.0,0.625
300,weekly_hurdle_12w,3,551,551,30,0.0,0.0,0.0,0.5882352941176471
300,weekly_hurdle_12w,4,581,581,30,0.0,0.0,0.0,0.5555555555555556
300,weekly_hurdle_12w,5,611,611,30,0.0,0.0,0.0,0.5263157894736842
300,weekly_hurdle_12w,6,641,641,30,0.0,0.0,0.0,0.5
300,weekly_hurdle_12w,7,671,671,30,0.0,0.0,0.0,0.47619047619047616
300,weekly_hurdle_12w,8,701,701,30,0.0,0.0,0.0,0.45454545454545453
300,weekly_hurdle_12w,9,731,731,30,0.0,0.0,0.0,0.43478260869565216
300,weekly_hurdle_12w,10,761,761,30,0.0,0.0,0.0,0.4166666666666667
300,weekly_hurdle_12w,11,791,791,30,0.0,0.0,0.0,0.4
301,weekly_hurdle_12w,0,461,461,30,0.0,0.0,0.0,13.285714285714286
301,weekly_hurdle_12w,1,491,491,30,0.0,0.0,0.0,12.4
301,weekly_hurdle_12w,2,521,521,30,0.0,0.0,0.0,11.625
301,weekly_hurdle_12w,3,551,551,30,0.0,0.0,0.0,10.941176470588236
301,weekly_hurdle_12w,4,581,581,30,0.0,0.0,0.0,10.333333333333334
301,weekly_hurdle_12w,5,611,611,30,0.0,0.0,0.0,9.789473684210526
301,weekly_hurdle_12w,6,641,641,30,0.0,0.0,0.0,9.3
301,weekly_hurdle_12w,7,671,671,30,0.0,0.0,0.0,8.857142857142858
301,weekly_hurdle_12w,8,701,701,30,0.0,0.0,0.0,8.454545454545455
301,weekly_hurdle_12w,9,731,731,30,0.0,0.0,0.0,8.08695652173913
301,weekly_hurdle_12w,10,761,761,30,0.0,0.0,0.0,7.75
301,weekly_hurdle_12w,11,791,791,30,0.0,0.0,0.0,7.44
302,weekly_hurdle_12w,0,461,461,30,8.0,32.857142857142854,24.857142857142854,7.357142857142857
302,weekly_hurdle_12w,1,491,491,30,9.0,15.0,6.0,6.933333333333334
302,weekly_hurdle_12w,2,521,521,30,6.0,8.214285714285714,2.2142857142857135,6.5625
302,weekly_hurdle_12w,3,551,551,30,3.0,7.857142857142858,4.857142857142858,6.352941176470588
302,weekly_hurdle_12w,4,581,581,30,3.0,6.428571428571429,3.428571428571429,6.166666666666667
302,weekly_hurdle_12w,5,611,611,30,5.0,4.285714285714286,0.7142857142857144,5.842105263157895
302,weekly_hurdle_12w,6,641,641,30,5.0,3.928571428571429,1.0714285714285712,5.65
302,weekly_hurdle_12w,7,671,671,30,57.0,4.642857142857145,52.357142857142854,5.380952380952381
302,weekly_hurdle_12w,8,701,701,30,1.0,23.92857142857143,22.92857142857143,7.5
302,weekly_hurdle_12w,9,731,731,30,14.0,22.5,8.5,9.608695652173912
302,weekly_hurdle_12w,10,761,761,30,30.0,25.714285714285715,4.285714285714285,9.75
302,weekly_hurdle_12w,11,791,791,30,1.0,15.714285714285715,14.714285714285715,10.0
303,weekly_hurdle_12w,0,461,461,30,1.0,0.7142857142857144,0.2857142857142856,1.6428571428571428
303,weekly_hurdle_12w,1,491,491,30,5.0,0.3571428571428572,4.642857142857142,1.6
303,weekly_hurdle_12w,2,521,521,30,2.0,2.142857142857143,0.1428571428571428,1.75
303,weekly_hurdle_12w,3,551,551,30,2.0,2.857142857142858,0.8571428571428581,1.8235294117647058
303,weekly_hurdle_12w,4,581,581,30,0.0,3.2142857142857144,3.2142857142857144,1.7222222222222223
303,weekly_hurdle_12w,5,611,611,30,22.0,0.7142857142857144,21.285714285714285,1.736842105263158
303,weekly_hurdle_12w,6,641,641,30,0.0,8.571428571428571,8.571428571428571,2.75
303,weekly_hurdle_12w,7,671,671,30,0.0,7.857142857142858,7.857142857142858,3.6666666666666665
303,weekly_hurdle_12w,8,701,701,30,0.0,7.857142857142858,7.857142857142858,3.5
303,weekly_hurdle_12w,9,731,731,30,0.0,0.0,0.0,3.347826086956522
303,weekly_hurdle_12w,10,761,761,30,2.0,0.0,2.0,3.2083333333333335
303,weekly_hurdle_12w,11,791,791,30,0.0,0.7142857142857144,0.7142857142857144,3.16
304,weekly_hurdle_12w,0,461,461,30,0.0,0.0,0.0,0.0
304,weekly_hurdle_12w,1,491,491,30,0.0,0.0,0.0,0.0
304,weekly_hurdle_12w,2,521,521,30,0.0,0.0,0.0,0.0
304,weekly_hurdle_12w,3,551,551,30,0.0,0.0,0.0,0.0
304,weekly_hurdle_12w,4,581,581,30,0.0,0.0,0.0,0.0
304,weekly_hurdle_12w,5,611,611,30,0.0,0.0,0.0,0.0
304,weekly_hurdle_12w,6,641,641,30,0.0,0.0,0.0,0.0
304,weekly_hurdle_12w,7,671,671,30,0.0,0.0,0.0,0.0
304,weekly_hurdle_12w,8,701,701,30,0.0,0.0,0.0,0.0
304,weekly_hurdle_12w,9,731,731,30,0.0,0.0,0.0,0.0
304,weekly_hurdle_12w,10,761,761,30,7.0,0.0,7.0,0.0
304,weekly_hurdle_12w,11,791,791,30,3.0,2.500000000000001,0.4999999999999991,0.28
305,weekly_hurdle_12w,0,461,461,30,0.0,0.0,0.0,0.0
305,weekly_hurdle_12w,1,491,491,30,0.0,0.0,0.0,0.0
305,weekly_hurdle_12w,2,521,521,30,0.0,0.0,0.0,0.0
305,weekly_hurdle_12w,3,551,551,30,0.0,0.0,0.0,0.0
305,weekly_hurdle_12w,4,581,581,30,0.0,0.0,0.0,0.0
305,weekly_hurdle_12w,5,611,611,30,0.0,0.0,0.0,0.0
305,weekly_hurdle_12w,6,641,641,30,0.0,0.0,0.0,0.0
305,weekly_hurdle_12w,7,671,671,30,0.0,0.0,0.0,0.0
305,weekly_hurdle_12w,8,701,701,30,2.0,0.0,2.0,0.0
305,weekly_hurdle_12w,9,731,731,30,0.0,0.7142857142857144,0.7142857142857144,0.08695652173913043
305,weekly_hurdle_12w,10,761,761,30,2.0,0.7142857142857144,1.2857142857142856,0.16666666666666666
305,weekly_hurdle_12w,11,791,791,30,1.0,1.4285714285714288,0.4285714285714288,0.24
306,weekly_hurdle_12w,0,461,461,30,0.0,0.0,0.0,0.0
306,weekly_hurdle_12w,1,491,491,30,0.0,0.0,0.0,0.0
306,weekly_hurdle_12w,2,521,521,30,0.0,0.0,0.0,0.0
306,weekly_hurdle_12w,3,551,551,30,0.0,0.0,0.0,0.0
306,weekly_hurdle_12w,4,581,581,30,0.0,0.0,0.0,0.0
306,weekly_hurdle_12w,5,611,611,30,0.0,0.0,0.0,0.0
306,weekly_hurdle_12w,6,641,641,30,0.0,0.0,0.0,0.0
306,weekly_hurdle_12w,7,671,671,30,0.0,0.0,0.0,0.0
306,weekly_hurdle_12w,8,701,701,30,0.0,0.0,0.0,0.0
306,weekly_hurdle_12w,9,731,731,30,0.0,0.0,0.0,0.0
306,weekly_hurdle_12w,10,761,761,30,171.0,0.0,171.0,0.0
306,weekly_hurdle_12w,11,791,791,30,0.0,61.07142857142856,61.07142857142856,6.84
307,weekly_hurdle_12w,0,461,461,30,0.0,4.285714285714286,4.285714285714286,28.571428571428573
307,weekly_hurdle_12w,1,491,491,30,0.0,0.0,0.0,26.666666666666668
307,weekly_hurdle_12w,2,521,521,30,0.0,0.0,0.0,25.0
307,weekly_hurdle_12w,3,551,551,30,0.0,0.0,0.0,23.529411764705884
307,weekly_hurdle_12w,4,581,581,30,0.0,0.0,0.0,22.22222222222222
307,weekly_hurdle_12w,5,611,611,30,0.0,0.0,0.0,21.05263157894737
307,weekly_hurdle_12w,6,641,641,30,0.0,0.0,0.0,20.0
307,weekly_hurdle_12w,7,671,671,30,0.0,0.0,0.0,19.047619047619047
307,weekly_hurdle_12w,8,701,701,30,0.0,0.0,0.0,18.181818181818183
307,weekly_hurdle_12w,9,731,731,30,0.0,0.0,0.0,17.391304347826086
307,weekly_hurdle_12w,10,761,761,30,0.0,0.0,0.0,16.666666666666668
307,weekly_hurdle_12w,11,791,791,30,0.0,0.0,0.0,16.0
308,weekly_hurdle_12w,0,461,461,30,2.0,0.0,2.0,17.071428571428573
308,weekly_hurdle_12w,1,491,491,30,0.0,0.7142857142857144,0.7142857142857144,16.066666666666666
308,weekly_hurdle_12w,2,521,521,30,1.0,0.7142857142857144,0.2857142857142856,15.1875
308,weekly_hurdle_12w,3,551,551,30,0.0,0.3571428571428572,0.3571428571428572,14.352941176470589
308,weekly_hurdle_12w,4,581,581,30,0.0,0.3571428571428572,0.3571428571428572,13.61111111111111
308,weekly_hurdle_12w,5,611,611,30,0.0,0.3571428571428572,0.3571428571428572,12.894736842105264
308,weekly_hurdle_12w,6,641,641,30,0.0,0.0,0.0,12.25
308,weekly_hurdle_12w,7,671,671,30,0.0,0.0,0.0,11.666666666666666
308,weekly_hurdle_12w,8,701,701,30,0.0,0.0,0.0,11.136363636363637
308,weekly_hurdle_12w,9,731,731,30,0.0,0.0,0.0,10.652173913043478
308,weekly_hurdle_12w,10,761,761,30,0.0,0.0,0.0,10.208333333333334
308,weekly_hurdle_12w,11,791,791,30,0.0,0.0,0.0,9.8
309,weekly_hurdle_12w,0,461,461,30,43.0,5.714285714285715,37.285714285714285,0.8571428571428571
309,weekly_hurdle_12w,1,491,491,30,89.0,21.071428571428573,67.92857142857143,2.8666666666666667
309,weekly_hurdle_12w,2,521,521,30,18.0,51.42857142857143,33.42857142857143,5.5625
309,weekly_hurdle_12w,3,551,551,30,17.0,51.07142857142855,34.07142857142855,9.411764705882353
309,weekly_hurdle_12w,4,581,581,30,44.0,39.64285714285713,4.357142857142868,8.944444444444445
309,weekly_hurdle_12w,5,611,611,30,22.0,27.857142857142847,5.857142857142847,9.894736842105264
309,weekly_hurdle_12w,6,641,641,30,19.0,28.928571428571434,9.928571428571434,10.5
309,weekly_hurdle_12w,7,671,671,30,4.0,26.428571428571423,22.428571428571423,10.142857142857142
309,weekly_hurdle_12w,8,701,701,30,8.0,15.357142857142865,7.357142857142865,10.363636363636363
309,weekly_hurdle_12w,9,731,731,30,6.0,10.714285714285717,4.714285714285717,10.08695652173913
309,weekly_hurdle_12w,10,761,761,30,7.0,6.071428571428572,0.9285714285714279,9.75
309,weekly_hurdle_12w,11,791,791,30,0.0,6.7857142857142865,6.7857142857142865,9.4
310,weekly_hurdle_12w,0,461,461,30,0.0,10.357142857142854,10.357142857142854,3.0
310,weekly_hurdle_12w,1,491,491,30,0.0,5.3571428571428585,5.3571428571428585,2.8
310,weekly_hurdle_12w,2,521,521,30,0.0,0.0,0.0,2.625
310,weekly_hurdle_12w,3,551,551,30,0.0,0.0,0.0,2.4705882352941178
310,weekly_hurdle_12w,4,581,581,30,0.0,0.0,0.0,2.3333333333333335
310,weekly_hurdle_12w,5,611,611,30,0.0,0.0,0.0,2.210526315789474
310,weekly_hurdle_12w,6,641,641,30,0.0,0.0,0.0,2.1
310,weekly_hurdle_12w,7,671,671,30,0.0,0.0,0.0,2.0
310,weekly_hurdle_12w,8,701,701,30,0.0,0.0,0.0,1.9090909090909092
310,weekly_hurdle_12w,9,731,731,30,0.0,0.0,0.0,1.826086956521739
310,weekly_hurdle_12w,10,761,761,30,0.0,0.0,0.0,1.75
310,weekly_hurdle_12w,11,791,791,30,0.0,0.0,0.0,1.68
311,weekly_hurdle_12w,0,461,461,30,24.0,0.7142857142857144,23.285714285714285,0.14285714285714285
311,weekly_hurdle_12w,1,491,491,30,7.0,9.285714285714286,2.2857142857142865,1.6
311,weekly_hurdle_12w,2,521,521,30,2.0,11.785714285714283,9.785714285714283,2.5625
311,weekly_hurdle_12w,3,551,551,30,6.0,10.714285714285717,4.714285714285717,2.7058823529411766
311,weekly_hurdle_12w,4,581,581,30,3.0,5.3571428571428585,2.3571428571428585,2.7777777777777777
311,weekly_hurdle_12w,5,611,611,30,8.0,3.928571428571429,4.071428571428571,2.789473684210526
311,weekly_hurdle_12w,6,641,641,30,4.0,5.3571428571428585,1.3571428571428585,2.9
311,weekly_hurdle_12w,7,671,671,30,1.0,5.000000000000002,4.000000000000002,2.9523809523809526
311,weekly_hurdle_12w,8,701,701,30,3.0,3.928571428571429,0.9285714285714288,2.9545454545454546
311,weekly_hurdle_12w,9,731,731,30,7.0,2.8571428571428577,4.142857142857142,2.9130434782608696
311,weekly_hurdle_12w,10,761,761,30,3.0,3.928571428571429,0.9285714285714288,2.9583333333333335
311,weekly_hurdle_12w,11,791,791,30,0.0,4.642857142857145,4.642857142857145,3.0
312,weekly_hurdle_12w,0,461,461,30,0.0,0.0,0.0,0.2857142857142857
312,weekly_hurdle_12w,1,491,491,30,0.0,0.0,0.0,0.26666666666666666
312,weekly_hurdle_12w,2,521,521,30,0.0,0.0,0.0,0.25
312,weekly_hurdle_12w,3,551,551,30,0.0,0.0,0.0,0.23529411764705882
312,weekly_hurdle_12w,4,581,581,30,0.0,0.0,0.0,0.2222222222222222
312,weekly_hurdle_12w,5,611,611,30,0.0,0.0,0.0,0.21052631578947367
312,weekly_hurdle_12w,6,641,641,30,0.0,0.0,0.0,0.2
312,weekly_hurdle_12w,7,671,671,30,0.0,0.0,0.0,0.19047619047619047
312,weekly_hurdle_12w,8,701,701,30,0.0,0.0,0.0,0.18181818181818182
312,weekly_hurdle_12w,9,731,731,30,0.0,0.0,0.0,0.17391304347826086
312,weekly_hurdle_12w,10,761,761,30,0.0,0.0,0.0,0.16666666666666666
312,weekly_hurdle_12w,11,791,791,30,0.0,0.0,0.0,0.16
315,weekly_hurdle_12w,0,461,461,30,17.0,24.999999999999993,7.999999999999993,2.7142857142857144
315,weekly_hurdle_12w,1,491,491,30,7.0,27.142857142857146,20.142857142857146,3.933333333333333
315,weekly_hurdle_12w,2,521,521,30,4.0,10.714285714285717,6.714285714285717,4.3125
315,weekly_hurdle_12w,3,551,551,30,1.0,9.285714285714286,8.285714285714286,4.235294117647059
315,weekly_hurdle_12w,4,581,581,30,0.0,4.285714285714286,4.285714285714286,4.166666666666667
315,weekly_hurdle_12w,5,611,611,30,5.0,1.0714285714285714,3.928571428571429,4.0
315,weekly_hurdle_12w,6,641,641,30,7.0,2.142857142857143,4.857142857142858,4.05
315,weekly_hurdle_12w,7,671,671,30,0.0,4.285714285714286,4.285714285714286,3.9523809523809526
315,weekly_hurdle_12w,8,701,701,30,6.0,4.285714285714286,1.7142857142857144,4.090909090909091
315,weekly_hurdle_12w,9,731,731,30,3.0,4.285714285714286,1.2857142857142856,4.173913043478261
315,weekly_hurdle_12w,10,761,761,30,6.0,3.2142857142857144,2.7857142857142856,4.125
315,weekly_hurdle_12w,11,791,791,30,0.0,5.3571428571428585,5.3571428571428585,4.08
321,weekly_hurdle_12w,0,461,461,30,14.0,1.0714285714285714,12.928571428571429,0.21428571428571427
321,weekly_hurdle_12w,1,491,491,30,2.0,6.071428571428573,4.071428571428573,0.9333333333333333
321,weekly_hurdle_12w,2,521,521,30,0.0,6.7857142857142865,6.7857142857142865,1.625
321,weekly_hurdle_12w,3,551,551,30,17.0,5.714285714285715,11.285714285714285,1.6470588235294117
321,weekly_hurdle_12w,4,581,581,30,11.0,6.7857142857142865,4.2142857142857135,2.5
321,weekly_hurdle_12w,5,611,611,30,3.0,10.000000000000004,7.0000000000000036,2.6842105263157894
321,weekly_hurdle_12w,6,641,641,30,17.0,10.714285714285717,6.285714285714283,2.95
321,weekly_hurdle_12w,7,671,671,30,8.0,10.000000000000004,2.0000000000000036,3.4761904761904763
321,weekly_hurdle_12w,8,701,701,30,37.0,10.000000000000004,26.999999999999996,3.727272727272727
321,weekly_hurdle_12w,9,731,731,30,2.0,22.142857142857135,20.142857142857135,4.826086956521739
321,weekly_hurdle_12w,10,761,761,30,11.0,16.78571428571429,5.785714285714288,6.083333333333333
321,weekly_hurdle_12w,11,791,791,30,0.0,17.5,17.5,6.2
323,weekly_hurdle_12w,0,461,461,30,0.0,0.0,0.0,1.0
323,weekly_hurdle_12w,1,491,491,30,0.0,0.0,0.0,0.9333333333333333
323,weekly_hurdle_12w,2,521,521,30,0.0,0.0,0.0,0.875
323,weekly_hurdle_12w,3,551,551,30,0.0,0.0,0.0,0.8235294117647058
323,weekly_hurdle_12w,4,581,581,30,0.0,0.0,0.0,0.7777777777777778
323,weekly_hurdle_12w,5,611,611,30,0.0,0.0,0.0,0.7368421052631579
323,weekly_hurdle_12w,6,641,641,30,0.0,0.0,0.0,0.7
323,weekly_hurdle_12w,7,671,671,30,0.0,0.0,0.0,0.6666666666666666
323,weekly_hurdle_12w,8,701,701,30,0.0,0.0,0.0,0.6363636363636364
323,weekly_hurdle_12w,9,731,731,30,0.0,0.0,0.0,0.6086956521739131
323,weekly_hurdle_12w,10,761,761,30,0.0,0.0,0.0,0.5833333333333334
323,weekly_hurdle_12w,11,791,791,30,0.0,0.0,0.0,0.56
324,weekly_hurdle_12w,0,461,461,30,39.0,46.42857142857145,7.428571428571452,15.0
324,weekly_hurdle_12w,1,491,491,30,0.0,24.642857142857153,24.642857142857153,15.666666666666666
324,weekly_hurdle_12w,2,521,521,30,0.0,18.571428571428573,18.571428571428573,17.125
324,weekly_hurdle_12w,3,551,551,30,0.0,10.000000000000004,10.000000000000004,16.11764705882353
324,weekly_hurdle_12w,4,581,581,30,0.0,0.0,0.0,15.222222222222221
324,weekly_hurdle_12w,5,611,611,30,0.0,0.0,0.0,14.421052631578947
324,weekly_hurdle_12w,6,641,641,30,0.0,0.0,0.0,13.7
324,weekly_hurdle_12w,7,671,671,30,0.0,0.0,0.0,13.047619047619047
324,weekly_hurdle_12w,8,701,701,30,0.0,0.0,0.0,12.454545454545455
324,weekly_hurdle_12w,9,731,731,30,0.0,0.0,0.0,11.91304347826087
324,weekly_hurdle_12w,10,761,761,30,0.0,0.0,0.0,11.416666666666666
324,weekly_hurdle_12w,11,791,791,30,0.0,0.0,0.0,10.96
325,weekly_hurdle_12w,0,461,461,30,0.0,0.0,0.0,14.428571428571429
325,weekly_hurdle_12w,1,491,491,30,0.0,0.0,0.0,13.466666666666667
325,weekly_hurdle_12w,2,521,521,30,0.0,0.0,0.0,12.625
325,weekly_hurdle_12w,3,551,551,30,0.0,0.0,0.0,11.882352941176471
325,weekly_hurdle_12w,4,581,581,30,0.0,0.0,0.0,11.222222222222221
325,weekly_hurdle_12w,5,611,611,30,0.0,0.0,0.0,10.631578947368421
325,weekly_hurdle_12w,6,641,641,30,0.0,0.0,0.0,10.1
325,weekly_hurdle_12w,7,671,671,30,0.0,0.0,0.0,9.619047619047619
325,weekly_hurdle_12w,8,701,701,30,0.0,0.0,0.0,9.181818181818182
325,weekly_hurdle_12w,9,731,731,30,0.0,0.0,0.0,8.782608695652174
325,weekly_hurdle_12w,10,761,761,30,0.0,0.0,0.0,8.416666666666666
325,weekly_hurdle_12w,11,791,791,30,0.0,0.0,0.0,8.08
326,weekly_hurdle_12w,0,461,461,30,0.0,17.499999999999996,17.499999999999996,7.428571428571429
326,weekly_hurdle_12w,1,491,491,30,0.0,0.0,0.0,6.933333333333334
326,weekly_hurdle_12w,2,521,521,30,0.0,0.0,0.0,6.5
326,weekly_hurdle_12w,3,551,551,30,0.0,0.0,0.0,6.117647058823529
326,weekly_hurdle_12w,4,581,581,30,0.0,0.0,0.0,5.777777777777778
326,weekly_hurdle_12w,5,611,611,30,0.0,0.0,0.0,5.473684210526316
326,weekly_hurdle_12w,6,641,641,30,0.0,0.0,0.0,5.2
326,weekly_hurdle_12w,7,671,671,30,0.0,0.0,0.0,4.9523809523809526
326,weekly_hurdle_12w,8,701,701,30,0.0,0.0,0.0,4.7272727272727275
326,weekly_hurdle_12w,9,731,731,30,0.0,0.0,0.0,4.521739130434782
326,weekly_hurdle_12w,10,761,761,30,0.0,0.0,0.0,4.333333333333333
326,weekly_hurdle_12w,11,791,791,30,0.0,0.0,0.0,4.16
327,weekly_hurdle_12w,0,461,461,30,0.0,0.0,0.0,0.9285714285714286
327,weekly_hurdle_12w,1,491,491,30,0.0,0.0,0.0,0.8666666666666667
327,weekly_hurdle_12w,2,521,521,30,0.0,0.0,0.0,0.8125
327,weekly_hurdle_12w,3,551,551,30,0.0,0.0,0.0,0.7647058823529411
327,weekly_hurdle_12w,4,581,581,30,0.0,0.0,0.0,0.7222222222222222
327,weekly_hurdle_12w,5,611,611,30,0.0,0.0,0.0,0.6842105263157895
327,weekly_hurdle_12w,6,641,641,30,0.0,0.0,0.0,0.65
327,weekly_hurdle_12w,7,671,671,30,0.0,0.0,0.0,0.6190476190476191
327,weekly_hurdle_12w,8,701,701,30,0.0,0.0,0.0,0.5909090909090909
327,weekly_hurdle_12w,9,731,731,30,0.0,0.0,0.0,0.5652173913043478
327,weekly_hurdle_12w,10,761,761,30,0.0,0.0,0.0,0.5416666666666666
327,weekly_hurdle_12w,11,791,791,30,0.0,0.0,0.0,0.52
335,weekly_hurdle_12w,0,461,461,30,0.0,0.0,0.0,4.857142857142857
335,weekly_hurdle_12w,1,491,491,30,0.0,0.0,0.0,4.533333333333333
335,weekly_hurdle_12w,2,521,521,30,0.0,0.0,0.0,4.25
335,weekly_hurdle_12w,3,551,551,30,0.0,0.0,0.0,4.0
335,weekly_hurdle_12w,4,581,581,30,0.0,0.0,0.0,3.7777777777777777
335,weekly_hurdle_12w,5,611,611,30,0.0,0.0,0.0,3.5789473684210527
335,weekly_hurdle_12w,6,641,641,30,0.0,0.0,0.0,3.4
335,weekly_hurdle_12w,7,671,671,30,0.0,0.0,0.0,3.238095238095238
335,weekly_hurdle_12w,8,701,701,30,0.0,0.0,0.0,3.090909090909091
335,weekly_hurdle_12w,9,731,731,30,0.0,0.0,0.0,2.9565217391304346
335,weekly_hurdle_12w,10,761,761,30,0.0,0.0,0.0,2.8333333333333335
335,weekly_hurdle_12w,11,791,791,30,0.0,0.0,0.0,2.72
336,weekly_hurdle_12w,0,461,461,30,0.0,0.0,0.0,0.7142857142857143
336,weekly_hurdle_12w,1,491,491,30,0.0,0.0,0.0,0.6666666666666666
336,weekly_hurdle_12w,2,521,521,30,0.0,0.0,0.0,0.625
336,weekly_hurdle_12w,3,551,551,30,0.0,0.0,0.0,0.5882352941176471
336,weekly_hurdle_12w,4,581,581,30,0.0,0.0,0.0,0.5555555555555556
336,weekly_hurdle_12w,5,611,611,30,0.0,0.0,0.0,0.5263157894736842
336,weekly_hurdle_12w,6,641,641,30,0.0,0.0,0.0,0.5
336,weekly_hurdle_12w,7,671,671,30,0.0,0.0,0.0,0.47619047619047616
336,weekly_hurdle_12w,8,701,701,30,0.0,0.0,0.0,0.45454545454545453
336,weekly_hurdle_12w,9,731,731,30,0.0,0.0,0.0,0.43478260869565216
336,weekly_hurdle_12w,10,761,761,30,0.0,0.0,0.0,0.4166666666666667
336,weekly_hurdle_12w,11,791,791,30,0.0,0.0,0.0,0.4
337,weekly_hurdle_12w,0,461,461,30,4.0,1.0714285714285714,2.928571428571429,0.14285714285714285
337,weekly_hurdle_12w,1,491,491,30,3.0,2.500000000000001,0.4999999999999991,0.26666666666666666
337,weekly_hurdle_12w,2,521,521,30,0.0,3.2142857142857153,3.2142857142857153,0.3125
337,weekly_hurdle_12w,3,551,551,30,0.0,2.142857142857143,2.142857142857143,0.47058823529411764
337,weekly_hurdle_12w,4,581,581,30,1.0,0.7142857142857144,0.2857142857142856,0.4444444444444444
337,weekly_hurdle_12w,5,611,611,30,5.0,0.3571428571428572,4.642857142857142,0.47368421052631576
337,weekly_hurdle_12w,6,641,641,30,1.0,2.142857142857143,1.1428571428571428,0.65
337,weekly_hurdle_12w,7,671,671,30,0.0,2.142857142857143,2.142857142857143,0.8095238095238095
337,weekly_hurdle_12w,8,701,701,30,0.0,2.142857142857143,2.142857142857143,0.8181818181818182
337,weekly_hurdle_12w,9,731,731,30,2.0,0.0,2.0,0.782608695652174
337,weekly_hurdle_12w,10,761,761,30,0.0,0.7142857142857144,0.7142857142857144,0.8333333333333334
337,weekly_hurdle_12w,11,791,791,30,0.0,0.7142857142857144,0.7142857142857144,0.88
339,weekly_hurdle_12w,0,461,461,30,5.0,3.2142857142857144,1.7857142857142856,0.6428571428571429
339,weekly_hurdle_12w,1,491,491,30,2.0,2.500000000000001,0.5000000000000009,0.8666666666666667
339,weekly_hurdle_12w,2,521,521,30,0.0,2.8571428571428577,2.8571428571428577,1.0
339,weekly_hurdle_12w,3,551,551,30,4.0,1.0714285714285714,2.928571428571429,1.0588235294117647
339,weekly_hurdle_12w,4,581,581,30,0.0,2.142857142857143,2.142857142857143,1.2222222222222223
339,weekly_hurdle_12w,5,611,611,30,1.0,1.4285714285714288,0.4285714285714288,1.368421052631579
339,weekly_hurdle_12w,6,641,641,30,0.0,1.4285714285714288,1.4285714285714288,1.35
339,weekly_hurdle_12w,7,671,671,30,1.0,0.3571428571428572,0.6428571428571428,1.3333333333333333
339,weekly_hurdle_12w,8,701,701,30,2.0,0.7142857142857144,1.2857142857142856,1.3181818181818181
339,weekly_hurdle_12w,9,731,731,30,5.0,1.0714285714285714,3.928571428571429,1.3043478260869565
339,weekly_hurdle_12w,10,761,761,30,4.0,2.8571428571428577,1.1428571428571423,1.375
339,weekly_hurdle_12w,11,791,791,30,0.0,3.928571428571429,3.928571428571429,1.36
340,weekly_hurdle_12w,0,461,461,30,123.0,102.50000000000003,20.49999999999997,12.928571428571429
340,weekly_hurdle_12w,1,491,491,30,3.0,105.35714285714285,102.35714285714285,12.466666666666667
340,weekly_hurdle_12w,2,521,521,30,0.0,84.99999999999997,84.99999999999997,19.1875
340,weekly_hurdle_12w,3,551,551,30,0.0,11.42857142857143,11.42857142857143,18.235294117647058
340,weekly_hurdle_12w,4,581,581,30,0.0,1.0714285714285714,1.0714285714285714,17.22222222222222
340,weekly_hurdle_12w,5,611,611,30,0.0,0.0,0.0,16.31578947368421
340,weekly_hurdle_12w,6,641,641,30,0.0,0.0,0.0,15.5
340,weekly_hurdle_12w,7,671,671,30,0.0,0.0,0.0,14.761904761904763
340,weekly_hurdle_12w,8,701,701,30,0.0,0.0,0.0,14.090909090909092
340,weekly_hurdle_12w,9,731,731,30,0.0,0.0,0.0,13.478260869565217
340,weekly_hurdle_12w,10,761,761,30,0.0,0.0,0.0,12.916666666666666
340,weekly_hurdle_12w,11,791,791,30,0.0,0.0,0.0,12.4
341,weekly_hurdle_12w,0,461,461,30,0.0,0.0,0.0,0.0
341,weekly_hurdle_12w,1,491,491,30,0.0,0.0,0.0,0.0
341,weekly_hurdle_12w,2,521,521,30,0.0,0.0,0.0,0.0
341,weekly_hurdle_12w,3,551,551,30,2.0,0.0,2.0,0.0
341,weekly_hurdle_12w,4,581,581,30,10.0,0.7142857142857144,9.285714285714285,0.1111111111111111
341,weekly_hurdle_12w,5,611,611,30,3.0,4.285714285714286,1.2857142857142856,0.5263157894736842
341,weekly_hurdle_12w,6,641,641,30,2.0,5.000000000000002,3.0000000000000018,0.85
341,weekly_hurdle_12w,7,671,671,30,9.0,5.3571428571428585,3.6428571428571415,0.8571428571428571
341,weekly_hurdle_12w,8,701,701,30,45.0,4.642857142857145,40.357142857142854,1.1363636363636365
341,weekly_hurdle_12w,9,731,731,30,7.0,20.000000000000007,13.000000000000007,2.652173913043478
341,weekly_hurdle_12w,10,761,761,30,5.0,21.785714285714274,16.785714285714274,4.125
341,weekly_hurdle_12w,11,791,791,30,0.0,20.000000000000007,20.000000000000007,4.04
342,weekly_hurdle_12w,0,461,461,30,9.0,0.3571428571428572,8.642857142857142,0.07142857142857142
342,weekly_hurdle_12w,1,491,491,30,19.0,3.5714285714285716,15.428571428571429,0.6
342,weekly_hurdle_12w,2,521,521,30,5.0,10.357142857142856,5.357142857142856,1.1875
342,weekly_hurdle_12w,3,551,551,30,0.0,11.785714285714283,11.785714285714283,1.9411764705882353
342,weekly_hurdle_12w,4,581,581,30,0.0,8.214285714285715,8.214285714285715,2.111111111111111
342,weekly_hurdle_12w,5,611,611,30,0.0,1.7857142857142856,1.7857142857142856,2.0
342,weekly_hurdle_12w,6,641,641,30,0.0,0.0,0.0,1.9
342,weekly_hurdle_12w,7,671,671,30,0.0,0.0,0.0,1.8095238095238095
342,weekly_hurdle_12w,8,701,701,30,0.0,0.0,0.0,1.7272727272727273
342,weekly_hurdle_12w,9,731,731,30,0.0,0.0,0.0,1.6521739130434783
342,weekly_hurdle_12w,10,761,761,30,0.0,0.0,0.0,1.5833333333333333
342,weekly_hurdle_12w,11,791,791,30,0.0,0.0,0.0,1.52
343,weekly_hurdle_12w,0,461,461,30,0.0,0.0,0.0,4.428571428571429
343,weekly_hurdle_12w,1,491,491,30,0.0,0.0,0.0,4.133333333333334
343,weekly_hurdle_12w,2,521,521,30,0.0,0.0,0.0,3.875
343,weekly_hurdle_12w,3,551,551,30,0.0,0.0,0.0,3.6470588235294117
343,weekly_hurdle_12w,4,581,581,30,0.0,0.0,0.0,3.4444444444444446
343,weekly_hurdle_12w,5,611,611,30,0.0,0.0,0.0,3.263157894736842
343,weekly_hurdle_12w,6,641,641,30,0.0,0.0,0.0,3.1
343,weekly_hurdle_12w,7,671,671,30,0.0,0.0,0.0,2.9523809523809526
343,weekly_hurdle_12w,8,701,701,30,0.0,0.0,0.0,2.8181818181818183
343,weekly_hurdle_12w,9,731,731,30,0.0,0.0,0.0,2.6956521739130435
343,weekly_hurdle_12w,10,761,761,30,0.0,0.0,0.0,2.5833333333333335
343,weekly_hurdle_12w,11,791,791,30,0.0,0.0,0.0,2.48
345,weekly_hurdle_12w,0,461,461,30,3.0,0.0,3.0,0.0
345,weekly_hurdle_12w,1,491,491,30,23.0,1.0714285714285714,21.928571428571427,0.2
345,weekly_hurdle_12w,2,521,521,30,9.0,9.285714285714286,0.2857142857142865,1.4375
345,weekly_hurdle_12w,3,551,551,30,12.0,12.499999999999996,0.49999999999999645,2.176470588235294
345,weekly_hurdle_12w,4,581,581,30,4.0,15.357142857142865,11.357142857142865,2.2222222222222223
345,weekly_hurdle_12w,5,611,611,30,0.0,8.214285714285714,8.214285714285714,2.526315789473684
345,weekly_hurdle_12w,6,641,641,30,3.0,5.000000000000002,2.0000000000000018,2.6
345,weekly_hurdle_12w,7,671,671,30,10.0,1.0714285714285714,8.928571428571429,2.619047619047619
345,weekly_hurdle_12w,8,701,701,30,6.0,4.642857142857143,1.3571428571428568,2.8181818181818183
345,weekly_hurdle_12w,9,731,731,30,13.0,6.7857142857142865,6.2142857142857135,2.869565217391304
345,weekly_hurdle_12w,10,761,761,30,9.0,10.357142857142854,1.357142857142854,3.0416666666666665
345,weekly_hurdle_12w,11,791,791,30,0.0,8.214285714285714,8.214285714285714,3.08
346,weekly_hurdle_12w,0,461,461,30,0.0,0.0,0.0,0.0
346,weekly_hurdle_12w,1,491,491,30,49.0,0.0,49.0,0.0
346,weekly_hurdle_12w,2,521,521,30,80.0,17.499999999999996,62.5,3.0625
346,weekly_hurdle_12w,3,551,551,30,24.0,46.07142857142857,22.07142857142857,4.705882352941177
346,weekly_hurdle_12w,4,581,581,30,0.0,54.64285714285713,54.64285714285713,7.555555555555555
346,weekly_hurdle_12w,5,611,611,30,0.0,37.14285714285716,37.14285714285716,8.421052631578947
346,weekly_hurdle_12w,6,641,641,30,0.0,5.3571428571428585,5.3571428571428585,8.0
346,weekly_hurdle_12w,7,671,671,30,0.0,0.0,0.0,7.619047619047619
346,weekly_hurdle_12w,8,701,701,30,0.0,0.0,0.0,7.2727272727272725
346,weekly_hurdle_12w,9,731,731,30,0.0,0.0,0.0,6.956521739130435
346,weekly_hurdle_12w,10,761,761,30,0.0,0.0,0.0,6.666666666666667
346,weekly_hurdle_12w,11,791,791,30,0.0,0.0,0.0,6.4
347,weekly_hurdle_12w,0,461,461,30,5.0,0.7142857142857144,4.285714285714286,0.07142857142857142
347,weekly_hurdle_12w,1,491,491,30,5.0,2.500000000000001,2.499999999999999,0.3333333333333333
347,weekly_hurdle_12w,2,521,521,30,5.0,3.928571428571429,1.0714285714285712,0.3125
347,weekly_hurdle_12w,3,551,551,30,1.0,4.642857142857143,3.6428571428571432,0.29411764705882354
347,weekly_hurdle_12w,4,581,581,30,14.0,3.5714285714285716,10.428571428571429,0.5
347,weekly_hurdle_12w,5,611,611,30,1.0,7.142857142857143,6.142857142857143,1.1578947368421053
347,weekly_hurdle_12w,6,641,641,30,1.0,5.714285714285715,4.714285714285715,1.75
347,weekly_hurdle_12w,7,671,671,30,2.0,5.714285714285715,3.7142857142857153,1.6666666666666667
347,weekly_hurdle_12w,8,701,701,30,3.0,1.4285714285714288,1.5714285714285712,1.6363636363636365
347,weekly_hurdle_12w,9,731,731,30,4.0,2.142857142857143,1.8571428571428572,1.608695652173913
347,weekly_hurdle_12w,10,761,761,30,2.0,3.2142857142857144,1.2142857142857144,1.5833333333333333
347,weekly_hurdle_12w,11,791,791,30,0.0,3.2142857142857144,3.2142857142857144,1.6
349,weekly_hurdle_12w,0,461,461,30,4.0,0.0,4.0,0.0
349,weekly_hurdle_12w,1,491,491,30,23.0,1.4285714285714288,21.57142857142857,0.26666666666666666
349,weekly_hurdle_12w,2,521,521,30,23.0,9.642857142857142,13.357142857142858,1.4375
349,weekly_hurdle_12w,3,551,551,30,6.0,17.857142857142854,11.857142857142854,1.3529411764705883
349,weekly_hurdle_12w,4,581,581,30,74.0,18.57142857142858,55.428571428571416,2.2222222222222223
349,weekly_hurdle_12w,5,611,611,30,146.0,34.99999999999999,111.0,5.684210526315789
349,weekly_hurdle_12w,6,641,641,30,7.0,80.35714285714289,73.35714285714289,9.0
349,weekly_hurdle_12w,7,671,671,30,8.0,55.714285714285694,47.714285714285694,15.19047619047619
349,weekly_hurdle_12w,8,701,701,30,3.0,57.499999999999986,54.499999999999986,14.545454545454545
349,weekly_hurdle_12w,9,731,731,30,3.0,6.428571428571429,3.428571428571429,14.130434782608695
349,weekly_hurdle_12w,10,761,761,30,11.0,4.642857142857145,6.357142857142855,13.541666666666666
349,weekly_hurdle_12w,11,791,791,30,1.0,5.3571428571428585,4.3571428571428585,13.32
350,weekly_hurdle_12w,0,461,461,30,0.0,0.0,0.0,0.0
350,weekly_hurdle_12w,1,491,491,30,0.0,0.0,0.0,0.0
350,weekly_hurdle_12w,2,521,521,30,0.0,0.0,0.0,0.0
350,weekly_hurdle_12w,3,551,551,30,1.0,0.0,1.0,0.0
350,weekly_hurdle_12w,4,581,581,30,180.0,0.3571428571428572,179.64285714285714,0.05555555555555555
350,weekly_hurdle_12w,5,611,611,30,292.0,64.64285714285714,227.35714285714286,9.473684210526315
350,weekly_hurdle_12w,6,641,641,30,53.0,168.92857142857144,115.92857142857144,14.6
350,weekly_hurdle_12w,7,671,671,30,37.0,151.78571428571428,114.78571428571428,25.285714285714285
350,weekly_hurdle_12w,8,701,701,30,45.0,135.0,90.0,24.863636363636363
350,weekly_hurdle_12w,9,731,731,30,77.0,46.07142857142857,30.92857142857143,24.130434782608695
350,weekly_hurdle_12w,10,761,761,30,211.0,53.57142857142857,157.42857142857144,24.458333333333332
350,weekly_hurdle_12w,11,791,791,30,10.0,113.2142857142857,103.2142857142857,28.84
351,weekly_hurdle_12w,0,461,461,30,0.0,0.0,0.0,0.0
351,weekly_hurdle_12w,1,491,491,30,0.0,0.0,0.0,0.0
351,weekly_hurdle_12w,2,521,521,30,0.0,0.0,0.0,0.0
351,weekly_hurdle_12w,3,551,551,30,15.0,0.0,15.0,0.0
351,weekly_hurdle_12w,4,581,581,30,52.0,5.3571428571428585,46.64285714285714,0.8333333333333334
351,weekly_hurdle_12w,5,611,611,30,9.0,23.92857142857143,14.92857142857143,2.736842105263158
351,weekly_hurdle_12w,6,641,641,30,0.0,26.428571428571416,26.428571428571416,4.75
351,weekly_hurdle_12w,7,671,671,30,0.0,9.285714285714286,9.285714285714286,4.9523809523809526
351,weekly_hurdle_12w,8,701,701,30,1.0,1.4285714285714288,0.4285714285714288,4.7272727272727275
351,weekly_hurdle_12w,9,731,731,30,24.0,0.3571428571428572,23.642857142857142,4.565217391304348
351,weekly_hurdle_12w,10,761,761,30,267.0,8.928571428571427,258.07142857142856,5.333333333333333
351,weekly_hurdle_12w,11,791,791,30,0.0,104.2857142857143,104.2857142857143,14.84
352,weekly_hurdle_12w,0,461,461,30,0.0,0.0,0.0,0.0
352,weekly_hurdle_12w,1,491,491,30,0.0,0.0,0.0,0.0
352,weekly_hurdle_12w,2,521,521,30,0.0,0.0,0.0,0.0
352,weekly_hurdle_12w,3,551,551,30,45.0,0.0,45.0,0.0
352,weekly_hurdle_12w,4,581,581,30,52.0,16.071428571428577,35.92857142857142,2.5
352,weekly_hurdle_12w,5,611,611,30,39.0,34.642857142857146,4.357142857142854,2.736842105263158
352,weekly_hurdle_12w,6,641,641,30,79.0,48.571428571428584,30.428571428571416,3.25
352,weekly_hurdle_12w,7,671,671,30,26.0,55.35714285714286,29.35714285714286,5.0
352,weekly_hurdle_12w,8,701,701,30,27.0,51.07142857142855,24.071428571428548,7.181818181818182
352,weekly_hurdle_12w,9,731,731,30,92.0,45.71428571428572,46.28571428571428,6.913043478260869
352,weekly_hurdle_12w,10,761,761,30,117.0,49.999999999999986,67.00000000000001,9.333333333333334
352,weekly_hurdle_12w,11,791,791,30,6.0,81.7857142857143,75.7857142857143,9.96
353,weekly_hurdle_12w,0,461,461,30,0.0,0.0,0.0,13.785714285714286
353,weekly_hurdle_12w,1,491,491,30,0.0,0.0,0.0,12.866666666666667
353,weekly_hurdle_12w,2,521,521,30,0.0,0.0,0.0,12.0625
353,weekly_hurdle_12w,3,551,551,30,0.0,0.0,0.0,11.352941176470589
353,weekly_hurdle_12w,4,581,581,30,0.0,0.0,0.0,10.722222222222221
353,weekly_hurdle_12w,5,611,611,30,0.0,0.0,0.0,10.157894736842104
353,weekly_hurdle_12w,6,641,641,30,0.0,0.0,0.0,9.65
353,weekly_hurdle_12w,7,671,671,30,0.0,0.0,0.0,9.19047619047619
353,weekly_hurdle_12w,8,701,701,30,0.0,0.0,0.0,8.772727272727273
353,weekly_hurdle_12w,9,731,731,30,0.0,0.0,0.0,8.391304347826088
353,weekly_hurdle_12w,10,761,761,30,0.0,0.0,0.0,8.041666666666666
353,weekly_hurdle_12w,11,791,791,30,0.0,0.0,0.0,7.72
354,weekly_hurdle_12w,0,461,461,30,0.0,0.0,0.0,0.0
354,weekly_hurdle_12w,1,491,491,30,7.0,0.0,7.0,0.0
354,weekly_hurdle_12w,2,521,521,30,19.0,2.500000000000001,16.5,0.4375
354,weekly_hurdle_12w,3,551,551,30,23.0,9.28571428571429,13.71428571428571,1.1176470588235294
354,weekly_hurdle_12w,4,581,581,30,0.0,17.499999999999996,17.499999999999996,1.2777777777777777
354,weekly_hurdle_12w,5,611,611,30,36.0,13.928571428571423,22.071428571428577,2.4210526315789473
354,weekly_hurdle_12w,6,641,641,30,15.0,21.071428571428573,6.071428571428573,4.1
354,weekly_hurdle_12w,7,671,671,30,23.0,18.214285714285715,4.785714285714285,4.904761904761905
354,weekly_hurdle_12w,8,701,701,30,69.0,26.428571428571416,42.571428571428584,5.045454545454546
354,weekly_hurdle_12w,9,731,731,30,63.0,33.92857142857142,29.071428571428577,6.826086956521739
354,weekly_hurdle_12w,10,761,761,30,190.0,54.64285714285713,135.35714285714286,6.791666666666667
354,weekly_hurdle_12w,11,791,791,30,0.0,113.92857142857144,113.92857142857144,11.6
355,weekly_hurdle_12w,0,461,461,30,13.0,30.0,17.0,28.571428571428573
355,weekly_hurdle_12w,1,491,491,30,21.0,16.071428571428577,4.9285714285714235,26.8
355,weekly_hurdle_12w,2,521,521,30,2.0,17.5,15.5,25.625
355,weekly_hurdle_12w,3,551,551,30,0.0,11.07142857142857,11.07142857142857,25.235294117647058
355,weekly_hurdle_12w,4,581,581,30,43.0,7.5,35.5,23.944444444444443
355,weekly_hurdle_12w,5,611,611,30,2.0,15.357142857142861,13.357142857142861,24.94736842105263
355,weekly_hurdle_12w,6,641,641,30,0.0,16.071428571428577,16.071428571428577,25.75
355,weekly_hurdle_12w,7,671,671,30,0.0,0.7142857142857144,0.7142857142857144,24.61904761904762
355,weekly_hurdle_12w,8,701,701,30,0.0,0.7142857142857144,0.7142857142857144,23.5
355,weekly_hurdle_12w,9,731,731,30,3.0,0.0,3.0,22.47826086956522
355,weekly_hurdle_12w,10,761,761,30,0.0,1.0714285714285714,1.0714285714285714,21.666666666666668
355,weekly_hurdle_12w,11,791,791,30,0.0,1.0714285714285714,1.0714285714285714,20.92
356,weekly_hurdle_12w,0,461,461,30,77.0,50.35714285714287,26.64285714285713,28.571428571428573
356,weekly_hurdle_12w,1,491,491,30,76.0,52.85714285714285,23.142857142857153,29.133333333333333
356,weekly_hurdle_12w,2,521,521,30,75.0,66.42857142857143,8.57142857142857,27.375
356,weekly_hurdle_12w,3,551,551,30,0.0,71.07142857142858,71.07142857142858,25.823529411764707
356,weekly_hurdle_12w,4,581,581,30,0.0,49.642857142857146,49.642857142857146,28.555555555555557
356,weekly_hurdle_12w,5,611,611,30,0.0,20.357142857142847,20.357142857142847,27.05263157894737
356,weekly_hurdle_12w,6,641,641,30,0.0,0.0,0.0,25.7
356,weekly_hurdle_12w,7,671,671,30,0.0,0.0,0.0,24.476190476190474
356,weekly_hurdle_12w,8,701,701,30,0.0,0.0,0.0,23.363636363636363
356,weekly_hurdle_12w,9,731,731,30,0.0,0.0,0.0,22.347826086956523
356,weekly_hurdle_12w,10,761,761,30,0.0,0.0,0.0,21.416666666666668
356,weekly_hurdle_12w,11,791,791,30,0.0,0.0,0.0,20.56
357,weekly_hurdle_12w,0,461,461,30,0.0,0.0,0.0,0.21428571428571427
357,weekly_hurdle_12w,1,491,491,30,0.0,0.0,0.0,0.2
357,weekly_hurdle_12w,2,521,521,30,0.0,0.0,0.0,0.1875
357,weekly_hurdle_12w,3,551,551,30,0.0,0.0,0.0,0.17647058823529413
357,weekly_hurdle_12w,4,581,581,30,0.0,0.0,0.0,0.16666666666666666
357,weekly_hurdle_12w,5,611,611,30,0.0,0.0,0.0,0.15789473684210525
357,weekly_hurdle_12w,6,641,641,30,0.0,0.0,0.0,0.15
357,weekly_hurdle_12w,7,671,671,30,0.0,0.0,0.0,0.14285714285714285
357,weekly_hurdle_12w,8,701,701,30,0.0,0.0,0.0,0.13636363636363635
357,weekly_hurdle_12w,9,731,731,30,0.0,0.0,0.0,0.13043478260869565
357,weekly_hurdle_12w,10,761,761,30,0.0,0.0,0.0,0.125
357,weekly_hurdle_12w,11,791,791,30,0.0,0.0,0.0,0.12
358,weekly_hurdle_12w,0,461,461,30,28.0,40.000000000000014,12.000000000000014,154.64285714285714
358,weekly_hurdle_12w,1,491,491,30,118.0,32.14285714285715,85.85714285714285,144.53333333333333
358,weekly_hurdle_12w,2,521,521,30,49.0,61.07142857142856,12.071428571428562,141.125
358,weekly_hurdle_12w,3,551,551,30,21.0,65.35714285714286,44.35714285714286,136.88235294117646
358,weekly_hurdle_12w,4,581,581,30,155.0,49.285714285714306,105.7142857142857,130.83333333333334
358,weekly_hurdle_12w,5,611,611,30,294.0,76.0714285714286,217.9285714285714,131.0
358,weekly_hurdle_12w,6,641,641,30,9.0,165.0,156.0,131.4
358,weekly_hurdle_12w,7,671,671,30,23.0,150.35714285714283,127.35714285714283,138.71428571428572
358,weekly_hurdle_12w,8,701,701,30,4.0,116.07142857142858,112.07142857142858,133.04545454545453
358,weekly_hurdle_12w,9,731,731,30,95.0,11.42857142857143,83.57142857142857,128.08695652173913
358,weekly_hurdle_12w,10,761,761,30,12.0,42.85714285714287,30.85714285714287,126.54166666666667
358,weekly_hurdle_12w,11,791,791,30,60.0,39.28571428571429,20.714285714285708,124.8
359,weekly_hurdle_12w,0,461,461,30,0.0,0.0,0.0,0.0
359,weekly_hurdle_12w,1,491,491,30,0.0,0.0,0.0,0.0
359,weekly_hurdle_12w,2,521,521,30,0.0,0.0,0.0,0.0
359,weekly_hurdle_12w,3,551,551,30,48.0,0.0,48.0,0.0
359,weekly_hurdle_12w,4,581,581,30,106.0,17.142857142857142,88.85714285714286,2.6666666666666665
359,weekly_hurdle_12w,5,611,611,30,93.0,55.000000000000014,37.999999999999986,5.578947368421052
359,weekly_hurdle_12w,6,641,641,30,41.0,86.42857142857142,45.428571428571416,5.95
359,weekly_hurdle_12w,7,671,671,30,109.0,71.42857142857142,37.571428571428584,8.142857142857142
359,weekly_hurdle_12w,8,701,701,30,145.0,84.64285714285714,60.35714285714286,10.863636363636363
359,weekly_hurdle_12w,9,731,731,30,35.0,101.78571428571426,66.78571428571426,11.956521739130435
359,weekly_hurdle_12w,10,761,761,30,133.0,103.21428571428571,29.785714285714292,16.041666666666668
359,weekly_hurdle_12w,11,791,791,30,9.0,105.7142857142857,96.7142857142857,19.32
361,weekly_hurdle_12w,0,461,461,30,16.0,41.071428571428584,25.071428571428584,4.642857142857143
361,weekly_hurdle_12w,1,491,491,30,62.0,30.35714285714286,31.64285714285714,6.8
361,weekly_hurdle_12w,2,521,521,30,45.0,43.57142857142855,1.428571428571452,9.25
361,weekly_hurdle_12w,3,551,551,30,9.0,38.57142857142857,29.57142857142857,9.705882352941176
361,weekly_hurdle_12w,4,581,581,30,2.0,41.071428571428584,39.071428571428584,11.166666666666666
361,weekly_hurdle_12w,5,611,611,30,0.0,18.57142857142858,18.57142857142858,10.947368421052632
361,weekly_hurdle_12w,6,641,641,30,0.0,3.2142857142857144,3.2142857142857144,10.5
361,weekly_hurdle_12w,7,671,671,30,18.0,0.7142857142857144,17.285714285714285,10.0
361,weekly_hurdle_12w,8,701,701,30,38.0,6.428571428571429,31.57142857142857,10.363636363636363
361,weekly_hurdle_12w,9,731,731,30,23.0,20.000000000000007,2.999999999999993,10.782608695652174
361,weekly_hurdle_12w,10,761,761,30,32.0,28.21428571428571,3.7857142857142883,10.958333333333334
361,weekly_hurdle_12w,11,791,791,30,61.0,33.214285714285715,27.785714285714285,10.88
362,weekly_hurdle_12w,0,461,461,30,13.0,3.928571428571429,9.071428571428571,0.5
362,weekly_hurdle_12w,1,491,491,30,28.0,8.571428571428571,19.42857142857143,0.8666666666666667
362,weekly_hurdle_12w,2,521,521,30,3.0,17.142857142857142,14.142857142857142,1.75
362,weekly_hurdle_12w,3,551,551,30,1.0,15.357142857142865,14.357142857142865,3.1176470588235294
362,weekly_hurdle_12w,4,581,581,30,0.0,11.071428571428568,11.071428571428568,3.0555555555555554
362,weekly_hurdle_12w,5,611,611,30,0.0,1.0714285714285714,1.0714285714285714,2.9473684210526314
362,weekly_hurdle_12w,6,641,641,30,28.0,0.3571428571428572,27.642857142857142,2.8
362,weekly_hurdle_12w,7,671,671,30,16.0,10.000000000000004,5.9999999999999964,4.0
362,weekly_hurdle_12w,8,701,701,30,8.0,15.714285714285715,7.714285714285715,4.363636363636363
362,weekly_hurdle_12w,9,731,731,30,26.0,17.857142857142854,8.142857142857146,4.521739130434782
362,weekly_hurdle_12w,10,761,761,30,43.0,17.142857142857142,25.857142857142858,5.083333333333333
362,weekly_hurdle_12w,11,791,791,30,0.0,26.428571428571423,26.428571428571423,5.56
364,weekly_hurdle_12w,0,461,461,30,0.0,0.0,0.0,0.0
364,weekly_hurdle_12w,1,491,491,30,0.0,0.0,0.0,0.0
364,weekly_hurdle_12w,2,521,521,30,0.0,0.0,0.0,0.0
364,weekly_hurdle_12w,3,551,551,30,0.0,0.0,0.0,0.0
364,weekly_hurdle_12w,4,581,581,30,0.0,0.0,0.0,0.0
364,weekly_hurdle_12w,5,611,611,30,0.0,0.0,0.0,0.0
364,weekly_hurdle_12w,6,641,641,30,0.0,0.0,0.0,0.0
364,weekly_hurdle_12w,7,671,671,30,0.0,0.0,0.0,0.0
364,weekly_hurdle_12w,8,701,701,30,0.0,0.0,0.0,0.0
364,weekly_hurdle_12w,9,731,731,30,0.0,0.0,0.0,0.0
364,weekly_hurdle_12w,10,761,761,30,24.0,0.0,24.0,0.0
364,weekly_hurdle_12w,11,791,791,30,0.0,8.571428571428571,8.571428571428571,0.96
365,weekly_hurdle_12w,0,461,461,30,12.0,20.000000000000007,8.000000000000007,2.142857142857143
365,weekly_hurdle_12w,1,491,491,30,12.0,14.285714285714285,2.2857142857142847,2.2666666666666666
365,weekly_hurdle_12w,2,521,521,30,8.0,13.571428571428573,5.571428571428573,2.125
365,weekly_hurdle_12w,3,551,551,30,3.0,10.714285714285715,7.714285714285715,2.235294117647059
365,weekly_hurdle_12w,4,581,581,30,11.0,8.214285714285714,2.7857142857142865,2.388888888888889
365,weekly_hurdle_12w,5,611,611,30,2.0,7.5,5.5,2.6842105263157894
365,weekly_hurdle_12w,6,641,641,30,5.0,5.000000000000002,1.7763568394002505e-15,3.0
365,weekly_hurdle_12w,7,671,671,30,0.0,3.928571428571429,3.928571428571429,3.0
365,weekly_hurdle_12w,8,701,701,30,0.0,2.500000000000001,2.500000000000001,3.090909090909091
365,weekly_hurdle_12w,9,731,731,30,0.0,1.4285714285714288,1.4285714285714288,2.9565217391304346
365,weekly_hurdle_12w,10,761,761,30,0.0,0.0,0.0,2.8333333333333335
365,weekly_hurdle_12w,11,791,791,30,0.0,0.0,0.0,2.72
367,weekly_hurdle_12w,0,461,461,30,0.0,0.0,0.0,0.0
367,weekly_hurdle_12w,1,491,491,30,0.0,0.0,0.0,0.0
367,weekly_hurdle_12w,2,521,521,30,0.0,0.0,0.0,0.0
367,weekly_hurdle_12w,3,551,551,30,0.0,0.0,0.0,0.0
367,weekly_hurdle_12w,4,581,581,30,0.0,0.0,0.0,0.0
367,weekly_hurdle_12w,5,611,611,30,0.0,0.0,0.0,0.0
367,weekly_hurdle_12w,6,641,641,30,0.0,0.0,0.0,0.0
367,weekly_hurdle_12w,7,671,671,30,2.0,0.0,2.0,0.0
367,weekly_hurdle_12w,8,701,701,30,5.0,0.7142857142857144,4.285714285714286,0.09090909090909091
367,weekly_hurdle_12w,9,731,731,30,4.0,2.500000000000001,1.4999999999999991,0.21739130434782608
367,weekly_hurdle_12w,10,761,761,30,11.0,3.928571428571429,7.071428571428571,0.25
367,weekly_hurdle_12w,11,791,791,30,1.0,6.428571428571431,5.428571428571431,0.52
368,weekly_hurdle_12w,0,461,461,30,0.0,0.0,0.0,2.357142857142857
368,weekly_hurdle_12w,1,491,491,30,0.0,0.0,0.0,2.2
368,weekly_hurdle_12w,2,521,521,30,0.0,0.0,0.0,2.0625
368,weekly_hurdle_12w,3,551,551,30,0.0,0.0,0.0,1.9411764705882353
368,weekly_hurdle_12w,4,581,581,30,0.0,0.0,0.0,1.8333333333333333
368,weekly_hurdle_12w,5,611,611,30,0.0,0.0,0.0,1.736842105263158
368,weekly_hurdle_12w,6,641,641,30,0.0,0.0,0.0,1.65
368,weekly_hurdle_12w,7,671,671,30,0.0,0.0,0.0,1.5714285714285714
368,weekly_hurdle_12w,8,701,701,30,0.0,0.0,0.0,1.5
368,weekly_hurdle_12w,9,731,731,30,0.0,0.0,0.0,1.434782608695652
368,weekly_hurdle_12w,10,761,761,30,0.0,0.0,0.0,1.375
368,weekly_hurdle_12w,11,791,791,30,0.0,0.0,0.0,1.32
369,weekly_hurdle_12w,0,461,461,30,0.0,0.0,0.0,0.0
369,weekly_hurdle_12w,1,491,491,30,32.0,0.0,32.0,0.0
369,weekly_hurdle_12w,2,521,521,30,26.0,11.42857142857143,14.57142857142857,2.0
369,weekly_hurdle_12w,3,551,551,30,6.0,20.71428571428571,14.714285714285712,2.235294117647059
369,weekly_hurdle_12w,4,581,581,30,33.0,22.85714285714286,10.142857142857139,3.2222222222222223
369,weekly_hurdle_12w,5,611,611,30,41.0,18.928571428571427,22.071428571428573,4.473684210526316
369,weekly_hurdle_12w,6,641,641,30,42.0,28.57142857142857,13.42857142857143,4.65
369,weekly_hurdle_12w,7,671,671,30,11.0,35.357142857142854,24.357142857142854,4.476190476190476
369,weekly_hurdle_12w,8,701,701,30,7.0,32.49999999999999,25.499999999999993,5.681818181818182
369,weekly_hurdle_12w,9,731,731,30,16.0,21.07142857142857,5.071428571428569,5.608695652173913
369,weekly_hurdle_12w,10,761,761,30,13.0,11.07142857142857,1.9285714285714306,5.75
369,weekly_hurdle_12w,11,791,791,30,0.0,12.142857142857144,12.142857142857144,5.64
370,weekly_hurdle_12w,0,461,461,30,0.0,0.0,0.0,0.0
370,weekly_hurdle_12w,1,491,491,30,0.0,0.0,0.0,0.0
370,weekly_hurdle_12w,2,521,521,30,0.0,0.0,0.0,0.0
370,weekly_hurdle_12w,3,551,551,30,0.0,0.0,0.0,0.0
370,weekly_hurdle_12w,4,581,581,30,0.0,0.0,0.0,0.0
370,weekly_hurdle_12w,5,611,611,30,0.0,0.0,0.0,0.0
370,weekly_hurdle_12w,6,641,641,30,0.0,0.0,0.0,0.0
370,weekly_hurdle_12w,7,671,671,30,0.0,0.0,0.0,0.0
370,weekly_hurdle_12w,8,701,701,30,9.0,0.0,9.0,0.0
370,weekly_hurdle_12w,9,731,731,30,54.0,3.2142857142857144,50.785714285714285,0.391304347826087
370,weekly_hurdle_12w,10,761,761,30,53.0,22.5,30.5,2.25
370,weekly_hurdle_12w,11,791,791,30,6.0,41.428571428571416,35.428571428571416,2.2
372,weekly_hurdle_12w,0,461,461,30,0.0,0.0,0.0,0.0
372,weekly_hurdle_12w,1,491,491,30,0.0,0.0,0.0,0.0
372,weekly_hurdle_12w,2,521,521,30,0.0,0.0,0.0,0.0
372,weekly_hurdle_12w,3,551,551,30,0.0,0.0,0.0,0.0
372,weekly_hurdle_12w,4,581,581,30,0.0,0.0,0.0,0.0
372,weekly_hurdle_12w,5,611,611,30,0.0,0.0,0.0,0.0
372,weekly_hurdle_12w,6,641,641,30,0.0,0.0,0.0,0.0
372,weekly_hurdle_12w,7,671,671,30,10.0,0.0,10.0,0.0
372,weekly_hurdle_12w,8,701,701,30,9.0,3.5714285714285716,5.428571428571429,0.45454545454545453
372,weekly_hurdle_12w,9,731,731,30,21.0,6.7857142857142865,14.214285714285714,0.4782608695652174
372,weekly_hurdle_12w,10,761,761,30,13.0,14.285714285714286,1.2857142857142865,0.9583333333333334
372,weekly_hurdle_12w,11,791,791,30,1.0,14.642857142857137,13.642857142857137,1.24
377,weekly_hurdle_12w,0,461,461,30,70.0,56.071428571428584,13.928571428571416,55.857142857142854
377,weekly_hurdle_12w,1,491,491,30,358.0,47.14285714285713,310.8571428571429,54.266666666666666
377,weekly_hurdle_12w,2,521,521,30,215.0,166.4285714285714,48.57142857142861,68.875
377,weekly_hurdle_12w,3,551,551,30,117.0,227.50000000000006,110.50000000000006,73.23529411764706
377,weekly_hurdle_12w,4,581,581,30,62.0,235.00000000000006,173.00000000000006,74.61111111111111
377,weekly_hurdle_12w,5,611,611,30,365.0,115.71428571428574,249.28571428571428,73.57894736842105
377,weekly_hurdle_12w,6,641,641,30,151.0,183.57142857142858,32.571428571428584,85.05
377,weekly_hurdle_12w,7,671,671,30,105.0,203.57142857142853,98.57142857142853,91.19047619047619
377,weekly_hurdle_12w,8,701,701,30,81.0,221.42857142857142,140.42857142857142,89.13636363636364
377,weekly_hurdle_12w,9,731,731,30,193.0,111.7857142857143,81.2142857142857,86.30434782608695
377,weekly_hurdle_12w,10,761,761,30,370.0,132.5,237.5,87.375
377,weekly_hurdle_12w,11,791,791,30,60.0,225.35714285714283,165.35714285714283,90.96
378,weekly_hurdle_12w,0,461,461,30,0.0,0.0,0.0,5.0
378,weekly_hurdle_12w,1,491,491,30,0.0,0.0,0.0,4.666666666666667
378,weekly_hurdle_12w,2,521,521,30,0.0,0.0,0.0,4.375
378,weekly_hurdle_12w,3,551,551,30,0.0,0.0,0.0,4.117647058823529
378,weekly_hurdle_12w,4,581,581,30,0.0,0.0,0.0,3.888888888888889
378,weekly_hurdle_12w,5,611,611,30,0.0,0.0,0.0,3.6842105263157894
378,weekly_hurdle_12w,6,641,641,30,0.0,0.0,0.0,3.5
378,weekly_hurdle_12w,7,671,671,30,0.0,0.0,0.0,3.3333333333333335
378,weekly_hurdle_12w,8,701,701,30,0.0,0.0,0.0,3.1818181818181817
378,weekly_hurdle_12w,9,731,731,30,0.0,0.0,0.0,3.0434782608695654
378,weekly_hurdle_12w,10,761,761,30,0.0,0.0,0.0,2.9166666666666665
378,weekly_hurdle_12w,11,791,791,30,0.0,0.0,0.0,2.8
380,weekly_hurdle_12w,0,461,461,30,0.0,0.0,0.0,0.0
380,weekly_hurdle_12w,1,491,491,30,0.0,0.0,0.0,0.0
380,weekly_hurdle_12w,2,521,521,30,0.0,0.0,0.0,0.0
380,weekly_hurdle_12w,3,551,551,30,0.0,0.0,0.0,0.0
380,weekly_hurdle_12w,4,581,581,30,0.0,0.0,0.0,0.0
380,weekly_hurdle_12w,5,611,611,30,41.0,0.0,41.0,0.0
380,weekly_hurdle_12w,6,641,641,30,37.0,14.642857142857137,22.35714285714286,2.05
380,weekly_hurdle_12w,7,671,671,30,36.0,27.857142857142847,8.142857142857153,2.142857142857143
380,weekly_hurdle_12w,8,701,701,30,38.0,40.714285714285694,2.714285714285694,2.090909090909091
380,weekly_hurdle_12w,9,731,731,30,48.0,37.5,10.5,2.0869565217391304
380,weekly_hurdle_12w,10,761,761,30,77.0,43.57142857142855,33.42857142857145,2.4166666666666665
380,weekly_hurdle_12w,11,791,791,30,9.0,54.64285714285713,45.64285714285713,3.48
381,weekly_hurdle_12w,0,461,461,30,0.0,0.0,0.0,0.0
381,weekly_hurdle_12w,1,491,491,30,0.0,0.0,0.0,0.0
381,weekly_hurdle_12w,2,521,521,30,0.0,0.0,0.0,0.0
381,weekly_hurdle_12w,3,551,551,30,0.0,0.0,0.0,0.0
381,weekly_hurdle_12w,4,581,581,30,0.0,0.0,0.0,0.0
381,weekly_hurdle_12w,5,611,611,30,0.0,0.0,0.0,0.0
381,weekly_hurdle_12w,6,641,641,30,0.0,0.0,0.0,0.0
381,weekly_hurdle_12w,7,671,671,30,0.0,0.0,0.0,0.0
381,weekly_hurdle_12w,8,701,701,30,37.0,0.0,37.0,0.0
381,weekly_hurdle_12w,9,731,731,30,141.0,13.214285714285708,127.78571428571429,1.608695652173913
381,weekly_hurdle_12w,10,761,761,30,195.0,63.571428571428584,131.42857142857142,5.875
381,weekly_hurdle_12w,11,791,791,30,33.0,133.21428571428575,100.21428571428575,7.8
382,weekly_hurdle_12w,0,461,461,30,0.0,0.0,0.0,0.0
382,weekly_hurdle_12w,1,491,491,30,0.0,0.0,0.0,0.0
382,weekly_hurdle_12w,2,521,521,30,0.0,0.0,0.0,0.0
382,weekly_hurdle_12w,3,551,551,30,0.0,0.0,0.0,0.0
382,weekly_hurdle_12w,4,581,581,30,0.0,0.0,0.0,0.0
382,weekly_hurdle_12w,5,611,611,30,0.0,0.0,0.0,0.0
382,weekly_hurdle_12w,6,641,641,30,0.0,0.0,0.0,0.0
382,weekly_hurdle_12w,7,671,671,30,0.0,0.0,0.0,0.0
382,weekly_hurdle_12w,8,701,701,30,1.0,0.0,1.0,0.0
382,weekly_hurdle_12w,9,731,731,30,23.0,0.3571428571428572,22.642857142857142,0.043478260869565216
382,weekly_hurdle_12w,10,761,761,30,21.0,8.571428571428571,12.428571428571429,0.9583333333333334
382,weekly_hurdle_12w,11,791,791,30,3.0,16.071428571428577,13.071428571428577,1.0
383,weekly_hurdle_12w,0,461,461,30,0.0,0.0,0.0,0.0
383,weekly_hurdle_12w,1,491,491,30,0.0,0.0,0.0,0.0
383,weekly_hurdle_12w,2,521,521,30,0.0,0.0,0.0,0.0
383,weekly_hurdle_12w,3,551,551,30,0.0,0.0,0.0,0.0
383,weekly_hurdle_12w,4,581,581,30,0.0,0.0,0.0,0.0
383,weekly_hurdle_12w,5,611,611,30,0.0,0.0,0.0,0.0
383,weekly_hurdle_12w,6,641,641,30,0.0,0.0,0.0,0.0
383,weekly_hurdle_12w,7,671,671,30,1.0,0.0,1.0,0.0
383,weekly_hurdle_12w,8,701,701,30,0.0,0.3571428571428572,0.3571428571428572,0.045454545454545456
383,weekly_hurdle_12w,9,731,731,30,9.0,0.3571428571428572,8.642857142857142,0.08695652173913043
383,weekly_hurdle_12w,10,761,761,30,8.0,3.571428571428571,4.428571428571429,0.4583333333333333
383,weekly_hurdle_12w,11,791,791,30,0.0,6.071428571428573,6.071428571428573,0.48
384,weekly_hurdle_12w,0,461,461,30,0.0,0.0,0.0,0.0
384,weekly_hurdle_12w,1,491,491,30,0.0,0.0,0.0,0.0
384,weekly_hurdle_12w,2,521,521,30,0.0,0.0,0.0,0.0
384,weekly_hurdle_12w,3,551,551,30,0.0,0.0,0.0,0.0
384,weekly_hurdle_12w,4,581,581,30,0.0,0.0,0.0,0.0
384,weekly_hurdle_12w,5,611,611,30,0.0,0.0,0.0,0.0
384,weekly_hurdle_12w,6,641,641,30,0.0,0.0,0.0,0.0
384,weekly_hurdle_12w,7,671,671,30,0.0,0.0,0.0,0.0
384,weekly_hurdle_12w,8,701,701,30,2.0,0.0,2.0,0.0
384,weekly_hurdle_12w,9,731,731,30,3.0,0.7142857142857144,2.2857142857142856,0.08695652173913043
384,weekly_hurdle_12w,10,761,761,30,1.0,1.7857142857142858,0.7857142857142858,0.125
384,weekly_hurdle_12w,11,791,791,30,1.0,2.142857142857143,1.1428571428571428,0.2
385,weekly_hurdle_12w,0,461,461,30,0.0,0.0,0.0,0.0
385,weekly_hurdle_12w,1,491,491,30,0.0,0.0,0.0,0.0
385,weekly_hurdle_12w,2,521,521,30,0.0,0.0,0.0,0.0
385,weekly_hurdle_12w,3,551,551,30,0.0,0.0,0.0,0.0
385,weekly_hurdle_12w,4,581,581,30,0.0,0.0,0.0,0.0
385,weekly_hurdle_12w,5,611,611,30,0.0,0.0,0.0,0.0
385,weekly_hurdle_12w,6,641,641,30,0.0,0.0,0.0,0.0
385,weekly_hurdle_12w,7,671,671,30,0.0,0.0,0.0,0.0
385,weekly_hurdle_12w,8,701,701,30,12.0,0.0,12.0,0.0
385,weekly_hurdle_12w,9,731,731,30,20.0,4.285714285714286,15.714285714285715,0.5217391304347826
385,weekly_hurdle_12w,10,761,761,30,11.0,11.428571428571432,0.4285714285714324,0.8333333333333334
385,weekly_hurdle_12w,11,791,791,30,0.0,15.357142857142865,15.357142857142865,1.16
386,weekly_hurdle_12w,0,461,461,30,0.0,4.642857142857145,4.642857142857145,2.5
386,weekly_hurdle_12w,1,491,491,30,0.0,0.7142857142857144,0.7142857142857144,2.4
386,weekly_hurdle_12w,2,521,521,30,0.0,0.3571428571428572,0.3571428571428572,2.25
386,weekly_hurdle_12w,3,551,551,30,0.0,0.0,0.0,2.1176470588235294
386,weekly_hurdle_12w,4,581,581,30,0.0,0.0,0.0,2.0
386,weekly_hurdle_12w,5,611,611,30,0.0,0.0,0.0,1.894736842105263
386,weekly_hurdle_12w,6,641,641,30,6.0,0.0,6.0,1.8
386,weekly_hurdle_12w,7,671,671,30,1.0,2.142857142857143,1.1428571428571428,2.0
386,weekly_hurdle_12w,8,701,701,30,0.0,2.500000000000001,2.500000000000001,2.1363636363636362
386,weekly_hurdle_12w,9,731,731,30,2.0,1.0714285714285714,0.9285714285714286,2.0869565217391304
386,weekly_hurdle_12w,10,761,761,30,10.0,0.7142857142857144,9.285714285714285,2.0833333333333335
386,weekly_hurdle_12w,11,791,791,30,2.0,4.285714285714286,2.2857142857142856,2.32
388,weekly_hurdle_12w,0,461,461,30,46.0,51.42857142857143,5.428571428571431,15.142857142857142
388,weekly_hurdle_12w,1,491,491,30,45.0,39.28571428571429,5.714285714285708,16.066666666666666
388,weekly_hurdle_12w,2,521,521,30,28.0,37.5,9.5,15.125
388,weekly_hurdle_12w,3,551,551,30,12.0,36.78571428571428,24.785714285714278,15.235294117647058
388,weekly_hurdle_12w,4,581,581,30,32.0,29.285714285714274,2.714285714285726,15.277777777777779
388,weekly_hurdle_12w,5,611,611,30,64.0,22.85714285714286,41.14285714285714,15.526315789473685
388,weekly_hurdle_12w,6,641,641,30,46.0,37.5,8.5,16.35
388,weekly_hurdle_12w,7,671,671,30,20.0,46.42857142857145,26.428571428571452,16.428571428571427
388,weekly_hurdle_12w,8,701,701,30,16.0,44.64285714285715,28.642857142857153,16.863636363636363
388,weekly_hurdle_12w,9,731,731,30,26.0,27.857142857142847,1.857142857142847,16.304347826086957
388,weekly_hurdle_12w,10,761,761,30,42.0,22.14285714285714,19.85714285714286,16.041666666666668
388,weekly_hurdle_12w,11,791,791,30,7.0,29.64285714285714,22.64285714285714,16.04
389,weekly_hurdle_12w,0,461,461,30,0.0,0.0,0.0,0.0
389,weekly_hurdle_12w,1,491,491,30,103.0,0.0,103.0,0.0
389,weekly_hurdle_12w,2,521,521,30,79.0,36.78571428571427,42.21428571428573,6.4375
389,weekly_hurdle_12w,3,551,551,30,43.0,64.99999999999999,21.999999999999986,7.470588235294118
389,weekly_hurdle_12w,4,581,581,30,76.0,80.00000000000003,4.000000000000028,9.055555555555555
389,weekly_hurdle_12w,5,611,611,30,0.0,68.92857142857146,68.92857142857146,10.31578947368421
389,weekly_hurdle_12w,6,641,641,30,0.0,41.785714285714306,41.785714285714306,13.6
389,weekly_hurdle_12w,7,671,671,30,0.0,22.85714285714286,22.85714285714286,12.952380952380953
389,weekly_hurdle_12w,8,701,701,30,0.0,0.0,0.0,12.363636363636363
389,weekly_hurdle_12w,9,731,731,30,0.0,0.0,0.0,11.826086956521738
389,weekly_hurdle_12w,10,761,761,30,0.0,0.0,0.0,11.333333333333334
389,weekly_hurdle_12w,11,791,791,30,0.0,0.0,0.0,10.88
390,weekly_hurdle_12w,0,461,461,30,0.0,0.0,0.0,0.0
390,weekly_hurdle_12w,1,491,491,30,0.0,0.0,0.0,0.0
390,weekly_hurdle_12w,2,521,521,30,0.0,0.0,0.0,0.0
390,weekly_hurdle_12w,3,551,551,30,0.0,0.0,0.0,0.0
390,weekly_hurdle_12w,4,581,581,30,0.0,0.0,0.0,0.0
390,weekly_hurdle_12w,5,611,611,30,49.0,0.0,49.0,0.0
390,weekly_hurdle_12w,6,641,641,30,3.0,17.499999999999996,14.499999999999996,2.45
390,weekly_hurdle_12w,7,671,671,30,6.0,18.571428571428573,12.571428571428573,4.523809523809524
390,weekly_hurdle_12w,8,701,701,30,0.0,7.857142857142858,7.857142857142858,4.454545454545454
390,weekly_hurdle_12w,9,731,731,30,0.0,2.500000000000001,2.500000000000001,4.521739130434782
390,weekly_hurdle_12w,10,761,761,30,11.0,2.142857142857143,8.857142857142858,4.333333333333333
390,weekly_hurdle_12w,11,791,791,30,0.0,3.928571428571429,3.928571428571429,4.6
391,weekly_hurdle_12w,0,461,461,30,0.0,40.000000000000014,40.000000000000014,18.642857142857142
391,weekly_hurdle_12w,1,491,491,30,0.0,10.000000000000004,10.000000000000004,17.933333333333334
391,weekly_hurdle_12w,2,521,521,30,0.0,1.0714285714285714,1.0714285714285714,16.8125
391,weekly_hurdle_12w,3,551,551,30,0.0,0.0,0.0,15.823529411764707
391,weekly_hurdle_12w,4,581,581,30,0.0,0.0,0.0,14.944444444444445
391,weekly_hurdle_12w,5,611,611,30,0.0,0.0,0.0,14.157894736842104
391,weekly_hurdle_12w,6,641,641,30,0.0,0.0,0.0,13.45
391,weekly_hurdle_12w,7,671,671,30,0.0,0.0,0.0,12.80952380952381
391,weekly_hurdle_12w,8,701,701,30,0.0,0.0,0.0,12.227272727272727
391,weekly_hurdle_12w,9,731,731,30,0.0,0.0,0.0,11.695652173913043
391,weekly_hurdle_12w,10,761,761,30,0.0,0.0,0.0,11.208333333333334
391,weekly_hurdle_12w,11,791,791,30,0.0,0.0,0.0,10.76
392,weekly_hurdle_12w,0,461,461,30,4.0,0.0,4.0,0.0
392,weekly_hurdle_12w,1,491,491,30,75.0,1.4285714285714288,73.57142857142857,0.26666666666666666
392,weekly_hurdle_12w,2,521,521,30,55.0,28.21428571428571,26.78571428571429,4.6875
392,weekly_hurdle_12w,3,551,551,30,109.0,47.857142857142854,61.142857142857146,5.588235294117647
392,weekly_hurdle_12w,4,581,581,30,63.0,84.64285714285714,21.64285714285714,8.277777777777779
392,weekly_hurdle_12w,5,611,611,30,0.0,80.35714285714286,80.35714285714286,10.263157894736842
392,weekly_hurdle_12w,6,641,641,30,0.0,60.0,60.0,12.9
392,weekly_hurdle_12w,7,671,671,30,0.0,19.642857142857146,19.642857142857146,12.285714285714286
392,weekly_hurdle_12w,8,701,701,30,0.0,0.0,0.0,11.727272727272727
392,weekly_hurdle_12w,9,731,731,30,0.0,0.0,0.0,11.217391304347826
392,weekly_hurdle_12w,10,761,761,30,0.0,0.0,0.0,10.75
392,weekly_hurdle_12w,11,791,791,30,0.0,0.0,0.0,10.32
393,weekly_hurdle_12w,0,461,461,30,40.0,7.142857142857142,32.85714285714286,1.4285714285714286
393,weekly_hurdle_12w,1,491,491,30,0.0,21.428571428571434,21.428571428571434,2.6666666666666665
393,weekly_hurdle_12w,2,521,521,30,0.0,21.428571428571434,21.428571428571434,5.0
393,weekly_hurdle_12w,3,551,551,30,0.0,11.785714285714283,11.785714285714283,4.705882352941177
393,weekly_hurdle_12w,4,581,581,30,0.0,0.0,0.0,4.444444444444445
393,weekly_hurdle_12w,5,611,611,30,77.0,0.0,77.0,4.2105263157894735
393,weekly_hurdle_12w,6,641,641,30,69.0,27.500000000000007,41.49999999999999,7.85
393,weekly_hurdle_12w,7,671,671,30,94.0,52.14285714285715,41.85714285714285,7.857142857142857
393,weekly_hurdle_12w,8,701,701,30,171.0,73.57142857142856,97.42857142857144,8.636363636363637
393,weekly_hurdle_12w,9,731,731,30,118.0,116.78571428571426,1.2142857142857366,11.608695652173912
393,weekly_hurdle_12w,10,761,761,30,157.0,135.7142857142857,21.285714285714306,13.333333333333334
393,weekly_hurdle_12w,11,791,791,30,1.0,158.57142857142853,157.57142857142853,14.36
394,weekly_hurdle_12w,0,461,461,30,0.0,84.99999999999997,84.99999999999997,26.214285714285715
394,weekly_hurdle_12w,1,491,491,30,0.0,32.85714285714286,32.85714285714286,25.666666666666668
394,weekly_hurdle_12w,2,521,521,30,0.0,2.142857142857143,2.142857142857143,24.0625
394,weekly_hurdle_12w,3,551,551,30,0.0,0.0,0.0,22.647058823529413
394,weekly_hurdle_12w,4,581,581,30,0.0,0.0,0.0,21.38888888888889
394,weekly_hurdle_12w,5,611,611,30,0.0,0.0,0.0,20.263157894736842
394,weekly_hurdle_12w,6,641,641,30,0.0,0.0,0.0,19.25
394,weekly_hurdle_12w,7,671,671,30,0.0,0.0,0.0,18.333333333333332
394,weekly_hurdle_12w,8,701,701,30,0.0,0.0,0.0,17.5
394,weekly_hurdle_12w,9,731,731,30,0.0,0.0,0.0,16.73913043478261
394,weekly_hurdle_12w,10,761,761,30,0.0,0.0,0.0,16.041666666666668
394,weekly_hurdle_12w,11,791,791,30,0.0,0.0,0.0,15.4
395,weekly_hurdle_12w,0,461,461,30,424.0,190.00000000000006,233.99999999999994,39.714285714285715
395,weekly_hurdle_12w,1,491,491,30,448.0,271.7857142857142,176.21428571428578,52.53333333333333
395,weekly_hurdle_12w,2,521,521,30,322.0,372.5000000000001,50.500000000000114,50.75
395,weekly_hurdle_12w,3,551,551,30,147.0,377.4999999999999,230.4999999999999,55.1764705882353
395,weekly_hurdle_12w,4,581,581,30,297.0,321.78571428571433,24.785714285714334,61.833333333333336
395,weekly_hurdle_12w,5,611,611,30,278.0,232.85714285714283,45.14285714285717,66.47368421052632
395,weekly_hurdle_12w,6,641,641,30,152.0,251.07142857142856,99.07142857142856,64.1
395,weekly_hurdle_12w,7,671,671,30,0.0,214.6428571428571,214.6428571428571,67.04761904761905
395,weekly_hurdle_12w,8,701,701,30,87.0,149.2857142857143,62.285714285714306,70.9090909090909
395,weekly_hurdle_12w,9,731,731,30,0.0,75.0,75.0,71.6086956521739
395,weekly_hurdle_12w,10,761,761,30,0.0,31.07142857142857,31.07142857142857,72.25
395,weekly_hurdle_12w,11,791,791,30,0.0,26.428571428571423,26.428571428571423,69.36
396,weekly_hurdle_12w,0,461,461,30,0.0,0.0,0.0,0.0
396,weekly_hurdle_12w,1,491,491,30,0.0,0.0,0.0,0.0
396,weekly_hurdle_12w,2,521,521,30,0.0,0.0,0.0,0.0
396,weekly_hurdle_12w,3,551,551,30,0.0,0.0,0.0,0.0
396,weekly_hurdle_12w,4,581,581,30,0.0,0.0,0.0,0.0
396,weekly_hurdle_12w,5,611,611,30,0.0,0.0,0.0,0.0
396,weekly_hurdle_12w,6,641,641,30,0.0,0.0,0.0,0.0
396,weekly_hurdle_12w,7,671,671,30,0.0,0.0,0.0,0.0
396,weekly_hurdle_12w,8,701,701,30,0.0,0.0,0.0,0.0
396,weekly_hurdle_12w,9,731,731,30,0.0,0.0,0.0,0.0
396,weekly_hurdle_12w,10,761,761,30,9.0,0.0,9.0,0.0
396,weekly_hurdle_12w,11,791,791,30,0.0,3.2142857142857144,3.2142857142857144,0.36
397,weekly_hurdle_12w,0,461,461,30,0.0,0.0,0.0,0.0
397,weekly_hurdle_12w,1,491,491,30,0.0,0.0,0.0,0.0
397,weekly_hurdle_12w,2,521,521,30,0.0,0.0,0.0,0.0
397,weekly_hurdle_12w,3,551,551,30,0.0,0.0,0.0,0.0
397,weekly_hurdle_12w,4,581,581,30,0.0,0.0,0.0,0.0
397,weekly_hurdle_12w,5,611,611,30,0.0,0.0,0.0,0.0
397,weekly_hurdle_12w,6,641,641,30,33.0,0.0,33.0,0.0
397,weekly_hurdle_12w,7,671,671,30,108.0,11.785714285714283,96.21428571428572,1.5714285714285714
397,weekly_hurdle_12w,8,701,701,30,0.0,50.35714285714287,50.35714285714287,4.909090909090909
397,weekly_hurdle_12w,9,731,731,30,205.0,50.35714285714287,154.64285714285714,9.391304347826088
397,weekly_hurdle_12w,10,761,761,30,163.0,107.14285714285714,55.85714285714286,17.541666666666668
397,weekly_hurdle_12w,11,791,791,30,41.0,131.42857142857142,90.42857142857142,18.52
398,weekly_hurdle_12w,0,461,461,30,0.0,0.0,0.0,0.07142857142857142
398,weekly_hurdle_12w,1,491,491,30,0.0,0.0,0.0,0.06666666666666667
398,weekly_hurdle_12w,2,521,521,30,0.0,0.0,0.0,0.0625
398,weekly_hurdle_12w,3,551,551,30,0.0,0.0,0.0,0.058823529411764705
398,weekly_hurdle_12w,4,581,581,30,0.0,0.0,0.0,0.05555555555555555
398,weekly_hurdle_12w,5,611,611,30,0.0,0.0,0.0,0.05263157894736842
398,weekly_hurdle_12w,6,641,641,30,0.0,0.0,0.0,0.05
398,weekly_hurdle_12w,7,671,671,30,0.0,0.0,0.0,0.047619047619047616
398,weekly_hurdle_12w,8,701,701,30,0.0,0.0,0.0,0.045454545454545456
398,weekly_hurdle_12w,9,731,731,30,0.0,0.0,0.0,0.043478260869565216
398,weekly_hurdle_12w,10,761,761,30,0.0,0.0,0.0,0.041666666666666664
398,weekly_hurdle_12w,11,791,791,30,0.0,0.0,0.0,0.04
399,weekly_hurdle_12w,0,461,461,30,39.0,29.285714285714274,9.714285714285726,13.0
399,weekly_hurdle_12w,1,491,491,30,34.0,28.214285714285708,5.785714285714292,13.8
399,weekly_hurdle_12w,2,521,521,30,19.0,31.07142857142857,12.07142857142857,13.25
399,weekly_hurdle_12w,3,551,551,30,21.0,30.35714285714286,9.357142857142861,13.352941176470589
399,weekly_hurdle_12w,4,581,581,30,23.0,24.64285714285715,1.6428571428571495,12.722222222222221
399,weekly_hurdle_12w,5,611,611,30,27.0,21.428571428571434,5.571428571428566,12.157894736842104
399,weekly_hurdle_12w,6,641,641,30,21.0,24.642857142857153,3.642857142857153,11.75
399,weekly_hurdle_12w,7,671,671,30,11.0,22.857142857142865,11.857142857142865,11.476190476190476
399,weekly_hurdle_12w,8,701,701,30,14.0,20.714285714285708,6.714285714285708,11.409090909090908
399,weekly_hurdle_12w,9,731,731,30,19.0,15.714285714285715,3.2857142857142847,11.043478260869565
399,weekly_hurdle_12w,10,761,761,30,36.0,15.000000000000004,20.999999999999996,10.791666666666666
399,weekly_hurdle_12w,11,791,791,30,2.0,23.571428571428566,21.571428571428566,11.04
400,weekly_hurdle_12w,0,461,461,30,0.0,0.0,0.0,2.7142857142857144
400,weekly_hurdle_12w,1,491,491,30,0.0,0.0,0.0,2.533333333333333
400,weekly_hurdle_12w,2,521,521,30,0.0,0.0,0.0,2.375
400,weekly_hurdle_12w,3,551,551,30,0.0,0.0,0.0,2.235294117647059
400,weekly_hurdle_12w,4,581,581,30,0.0,0.0,0.0,2.111111111111111
400,weekly_hurdle_12w,5,611,611,30,0.0,0.0,0.0,2.0
400,weekly_hurdle_12w,6,641,641,30,0.0,0.0,0.0,1.9
400,weekly_hurdle_12w,7,671,671,30,0.0,0.0,0.0,1.8095238095238095
400,weekly_hurdle_12w,8,701,701,30,0.0,0.0,0.0,1.7272727272727273
400,weekly_hurdle_12w,9,731,731,30,0.0,0.0,0.0,1.6521739130434783
400,weekly_hurdle_12w,10,761,761,30,0.0,0.0,0.0,1.5833333333333333
400,weekly_hurdle_12w,11,791,791,30,0.0,0.0,0.0,1.52
401,weekly_hurdle_12w,0,461,461,30,0.0,0.0,0.0,6.357142857142857
401,weekly_hurdle_12w,1,491,491,30,0.0,0.0,0.0,5.933333333333334
401,weekly_hurdle_12w,2,521,521,30,0.0,0.0,0.0,5.5625
401,weekly_hurdle_12w,3,551,551,30,0.0,0.0,0.0,5.235294117647059
401,weekly_hurdle_12w,4,581,581,30,0.0,0.0,0.0,4.944444444444445
401,weekly_hurdle_12w,5,611,611,30,0.0,0.0,0.0,4.684210526315789
401,weekly_hurdle_12w,6,641,641,30,0.0,0.0,0.0,4.45
401,weekly_hurdle_12w,7,671,671,30,0.0,0.0,0.0,4.238095238095238
401,weekly_hurdle_12w,8,701,701,30,0.0,0.0,0.0,4.045454545454546
401,weekly_hurdle_12w,9,731,731,30,0.0,0.0,0.0,3.869565217391304
401,weekly_hurdle_12w,10,761,761,30,0.0,0.0,0.0,3.7083333333333335
401,weekly_hurdle_12w,11,791,791,30,0.0,0.0,0.0,3.56
402,weekly_hurdle_12w,0,461,461,30,819.0,310.7142857142856,508.2857142857144,71.71428571428571
402,weekly_hurdle_12w,1,491,491,30,950.0,476.0714285714284,473.9285714285716,98.46666666666667
402,weekly_hurdle_12w,2,521,521,30,401.0,747.8571428571429,346.8571428571429,100.5
402,weekly_hurdle_12w,3,551,551,30,372.0,686.4285714285716,314.42857142857156,126.88235294117646
402,weekly_hurdle_12w,4,581,581,30,529.0,580.0000000000001,51.000000000000114,121.44444444444444
402,weekly_hurdle_12w,5,611,611,30,528.0,435.3571428571429,92.64285714285711,123.3157894736842
402,weekly_hurdle_12w,6,641,641,30,233.0,495.3571428571429,262.3571428571429,117.2
402,weekly_hurdle_12w,7,671,671,30,231.0,373.21428571428584,142.21428571428584,125.66666666666667
402,weekly_hurdle_12w,8,701,701,30,0.0,348.21428571428555,348.21428571428555,120.04545454545455
402,weekly_hurdle_12w,9,731,731,30,0.0,157.85714285714283,157.85714285714283,124.8695652173913
402,weekly_hurdle_12w,10,761,761,30,0.0,76.42857142857144,76.42857142857144,119.66666666666667
402,weekly_hurdle_12w,11,791,791,30,0.0,0.0,0.0,114.88
403,weekly_hurdle_12w,0,461,461,30,0.0,0.0,0.0,0.0
403,weekly_hurdle_12w,1,491,491,30,0.0,0.0,0.0,0.0
403,weekly_hurdle_12w,2,521,521,30,0.0,0.0,0.0,0.0
403,weekly_hurdle_12w,3,551,551,30,0.0,0.0,0.0,0.0
403,weekly_hurdle_12w,4,581,581,30,0.0,0.0,0.0,0.0
403,weekly_hurdle_12w,5,611,611,30,0.0,0.0,0.0,0.0
403,weekly_hurdle_12w,6,641,641,30,0.0,0.0,0.0,0.0
403,weekly_hurdle_12w,7,671,671,30,0.0,0.0,0.0,0.0
403,weekly_hurdle_12w,8,701,701,30,145.0,0.0,145.0,0.0
403,weekly_hurdle_12w,9,731,731,30,185.0,51.78571428571427,133.21428571428572,6.304347826086956
403,weekly_hurdle_12w,10,761,761,30,312.0,117.85714285714286,194.14285714285714,7.708333333333333
403,weekly_hurdle_12w,11,791,791,30,85.0,216.0714285714286,131.0714285714286,12.48
404,weekly_hurdle_12w,0,461,461,30,288.0,76.0714285714286,211.9285714285714,43.857142857142854
404,weekly_hurdle_12w,1,491,491,30,400.0,138.57142857142858,261.42857142857144,55.06666666666667
404,weekly_hurdle_12w,2,521,521,30,88.0,271.78571428571416,183.78571428571416,58.625
404,weekly_hurdle_12w,3,551,551,30,72.0,246.07142857142864,174.07142857142864,73.52941176470588
404,weekly_hurdle_12w,4,581,581,30,130.0,187.85714285714283,57.85714285714283,70.33333333333333
404,weekly_hurdle_12w,5,611,611,30,113.0,94.28571428571426,18.714285714285737,69.6842105263158
404,weekly_hurdle_12w,6,641,641,30,45.0,110.71428571428571,65.71428571428571,67.05
404,weekly_hurdle_12w,7,671,671,30,39.0,81.07142857142856,42.071428571428555,67.0952380952381
404,weekly_hurdle_12w,8,701,701,30,28.0,70.35714285714288,42.357142857142875,64.31818181818181
404,weekly_hurdle_12w,9,731,731,30,45.0,36.42857142857143,8.57142857142857,62.0
404,weekly_hurdle_12w,10,761,761,30,48.0,38.21428571428572,9.785714285714278,60.125
404,weekly_hurdle_12w,11,791,791,30,17.0,40.714285714285694,23.714285714285694,57.84
405,weekly_hurdle_12w,0,461,461,30,4.0,9.285714285714286,5.2857142857142865,2.0714285714285716
405,weekly_hurdle_12w,1,491,491,30,1.0,2.8571428571428577,1.8571428571428577,2.1333333333333333
405,weekly_hurdle_12w,2,521,521,30,0.0,2.142857142857143,2.142857142857143,2.1875
405,weekly_hurdle_12w,3,551,551,30,0.0,1.0714285714285714,1.0714285714285714,2.1176470588235294
405,weekly_hurdle_12w,4,581,581,30,3.0,0.3571428571428572,2.642857142857143,2.0
405,weekly_hurdle_12w,5,611,611,30,0.0,1.0714285714285714,1.0714285714285714,2.0526315789473686
405,weekly_hurdle_12w,6,641,641,30,0.0,1.0714285714285714,1.0714285714285714,2.1
405,weekly_hurdle_12w,7,671,671,30,1.0,0.7142857142857144,0.2857142857142856,2.0
405,weekly_hurdle_12w,8,701,701,30,1.0,0.3571428571428572,0.6428571428571428,1.9545454545454546
405,weekly_hurdle_12w,9,731,731,30,1.0,0.7142857142857144,0.2857142857142856,1.8695652173913044
405,weekly_hurdle_12w,10,761,761,30,5.0,1.0714285714285714,3.928571428571429,1.7916666666666667
405,weekly_hurdle_12w,11,791,791,30,0.0,2.500000000000001,2.500000000000001,1.88
406,weekly_hurdle_12w,0,461,461,30,0.0,0.0,0.0,4.0
406,weekly_hurdle_12w,1,491,491,30,0.0,0.0,0.0,3.7333333333333334
406,weekly_hurdle_12w,2,521,521,30,0.0,0.0,0.0,3.5
406,weekly_hurdle_12w,3,551,551,30,0.0,0.0,0.0,3.2941176470588234
406,weekly_hurdle_12w,4,581,581,30,0.0,0.0,0.0,3.111111111111111
406,weekly_hurdle_12w,5,611,611,30,0.0,0.0,0.0,2.9473684210526314
406,weekly_hurdle_12w,6,641,641,30,0.0,0.0,0.0,2.8
406,weekly_hurdle_12w,7,671,671,30,0.0,0.0,0.0,2.6666666666666665
406,weekly_hurdle_12w,8,701,701,30,0.0,0.0,0.0,2.5454545454545454
406,weekly_hurdle_12w,9,731,731,30,0.0,0.0,0.0,2.4347826086956523
406,weekly_hurdle_12w,10,761,761,30,0.0,0.0,0.0,2.3333333333333335
406,weekly_hurdle_12w,11,791,791,30,0.0,0.0,0.0,2.24
407,weekly_hurdle_12w,0,461,461,30,0.0,0.0,0.0,0.0
407,weekly_hurdle_12w,1,491,491,30,0.0,0.0,0.0,0.0
407,weekly_hurdle_12w,2,521,521,30,0.0,0.0,0.0,0.0
407,weekly_hurdle_12w,3,551,551,30,0.0,0.0,0.0,0.0
407,weekly_hurdle_12w,4,581,581,30,0.0,0.0,0.0,0.0
407,weekly_hurdle_12w,5,611,611,30,0.0,0.0,0.0,0.0
407,weekly_hurdle_12w,6,641,641,30,15.0,0.0,15.0,0.0
407,weekly_hurdle_12w,7,671,671,30,11.0,5.3571428571428585,5.6428571428571415,0.7142857142857143
407,weekly_hurdle_12w,8,701,701,30,16.0,9.28571428571429,6.71428571428571,0.8636363636363636
407,weekly_hurdle_12w,9,731,731,30,20.0,15.0,5.0,1.0434782608695652
407,weekly_hurdle_12w,10,761,761,30,14.0,16.42857142857143,2.4285714285714306,1.1666666666666667
407,weekly_hurdle_12w,11,791,791,30,2.0,16.78571428571429,14.785714285714288,1.36
410,weekly_hurdle_12w,0,461,461,30,0.0,0.0,0.0,0.0
410,weekly_hurdle_12w,1,491,491,30,0.0,0.0,0.0,0.0
410,weekly_hurdle_12w,2,521,521,30,0.0,0.0,0.0,0.0
410,weekly_hurdle_12w,3,551,551,30,0.0,0.0,0.0,0.0
410,weekly_hurdle_12w,4,581,581,30,0.0,0.0,0.0,0.0
410,weekly_hurdle_12w,5,611,611,30,0.0,0.0,0.0,0.0
410,weekly_hurdle_12w,6,641,641,30,0.0,0.0,0.0,0.0
410,weekly_hurdle_12w,7,671,671,30,0.0,0.0,0.0,0.0
410,weekly_hurdle_12w,8,701,701,30,0.0,0.0,0.0,0.0
410,weekly_hurdle_12w,9,731,731,30,0.0,0.0,0.0,0.0
410,weekly_hurdle_12w,10,761,761,30,0.0,0.0,0.0,0.0
410,weekly_hurdle_12w,11,791,791,30,1.0,0.0,1.0,0.0
412,weekly_hurdle_12w,0,461,461,30,3.0,17.857142857142854,14.857142857142854,19.285714285714285
412,weekly_hurdle_12w,1,491,491,30,48.0,6.7857142857142865,41.214285714285715,18.466666666666665
412,weekly_hurdle_12w,2,521,521,30,10.0,18.214285714285715,8.214285714285715,20.125
412,weekly_hurdle_12w,3,551,551,30,0.0,21.07142857142857,21.07142857142857,21.176470588235293
412,weekly_hurdle_12w,4,581,581,30,0.0,13.571428571428573,13.571428571428573,20.555555555555557
412,weekly_hurdle_12w,5,611,611,30,0.0,1.0714285714285714,1.0714285714285714,19.473684210526315
412,weekly_hurdle_12w,6,641,641,30,0.0,0.0,0.0,18.5
412,weekly_hurdle_12w,7,671,671,30,0.0,0.0,0.0,17.61904761904762
412,weekly_hurdle_12w,8,701,701,30,0.0,0.0,0.0,16.818181818181817
412,weekly_hurdle_12w,9,731,731,30,0.0,0.0,0.0,16.08695652173913
412,weekly_hurdle_12w,10,761,761,30,0.0,0.0,0.0,15.416666666666666
412,weekly_hurdle_12w,11,791,791,30,0.0,0.0,0.0,14.8
413,weekly_hurdle_12w,0,461,461,30,0.0,0.3571428571428572,0.3571428571428572,0.14285714285714285
413,weekly_hurdle_12w,1,491,491,30,0.0,0.0,0.0,0.13333333333333333
413,weekly_hurdle_12w,2,521,521,30,0.0,0.0,0.0,0.125
413,weekly_hurdle_12w,3,551,551,30,33.0,0.0,33.0,0.11764705882352941
413,weekly_hurdle_12w,4,581,581,30,3.0,11.785714285714283,8.785714285714283,1.9444444444444444
413,weekly_hurdle_12w,5,611,611,30,0.0,12.857142857142861,12.857142857142861,3.4210526315789473
413,weekly_hurdle_12w,6,641,641,30,0.0,10.357142857142854,10.357142857142854,3.4
413,weekly_hurdle_12w,7,671,671,30,2.0,1.0714285714285714,0.9285714285714286,3.238095238095238
413,weekly_hurdle_12w,8,701,701,30,0.0,0.7142857142857144,0.7142857142857144,3.1818181818181817
413,weekly_hurdle_12w,9,731,731,30,0.0,0.7142857142857144,0.7142857142857144,3.130434782608696
413,weekly_hurdle_12w,10,761,761,30,0.0,0.7142857142857144,0.7142857142857144,3.0
413,weekly_hurdle_12w,11,791,791,30,0.0,0.0,0.0,2.88
414,weekly_hurdle_12w,0,461,461,30,0.0,0.0,0.0,0.0
414,weekly_hurdle_12w,1,491,491,30,0.0,0.0,0.0,0.0
414,weekly_hurdle_12w,2,521,521,30,6.0,0.0,6.0,0.0
414,weekly_hurdle_12w,3,551,551,30,2.0,2.142857142857143,0.1428571428571428,0.35294117647058826
414,weekly_hurdle_12w,4,581,581,30,2.0,2.8571428571428577,0.8571428571428577,0.5555555555555556
414,weekly_hurdle_12w,5,611,611,30,0.0,3.5714285714285716,3.5714285714285716,0.5263157894736842
414,weekly_hurdle_12w,6,641,641,30,0.0,0.7142857142857144,0.7142857142857144,0.6
414,weekly_hurdle_12w,7,671,671,30,5.0,0.7142857142857144,4.285714285714286,0.5714285714285714
414,weekly_hurdle_12w,8,701,701,30,0.0,1.7857142857142856,1.7857142857142856,0.7727272727272727
414,weekly_hurdle_12w,9,731,731,30,0.0,1.7857142857142856,1.7857142857142856,0.9565217391304348
414,weekly_hurdle_12w,10,761,761,30,0.0,1.7857142857142856,1.7857142857142856,0.9166666666666666
414,weekly_hurdle_12w,11,791,791,30,0.0,0.0,0.0,0.88
415,weekly_hurdle_12w,0,461,461,30,0.0,1.0714285714285714,1.0714285714285714,0.21428571428571427
415,weekly_hurdle_12w,1,491,491,30,0.0,1.0714285714285714,1.0714285714285714,0.4
415,weekly_hurdle_12w,2,521,521,30,0.0,1.0714285714285714,1.0714285714285714,0.375
415,weekly_hurdle_12w,3,551,551,30,16.0,0.0,16.0,0.35294117647058826
415,weekly_hurdle_12w,4,581,581,30,1.0,5.714285714285715,4.714285714285715,1.2222222222222223
415,weekly_hurdle_12w,5,611,611,30,0.0,6.071428571428573,6.071428571428573,1.9473684210526316
415,weekly_hurdle_12w,6,641,641,30,0.0,6.071428571428572,6.071428571428572,1.9
415,weekly_hurdle_12w,7,671,671,30,2.0,0.3571428571428572,1.6428571428571428,1.8095238095238095
415,weekly_hurdle_12w,8,701,701,30,0.0,0.7142857142857144,0.7142857142857144,1.8181818181818181
415,weekly_hurdle_12w,9,731,731,30,1.0,0.7142857142857144,0.2857142857142856,1.826086956521739
415,weekly_hurdle_12w,10,761,761,30,0.0,1.0714285714285714,1.0714285714285714,1.7916666666666667
415,weekly_hurdle_12w,11,791,791,30,0.0,0.3571428571428572,0.3571428571428572,1.76
418,weekly_hurdle_12w,0,461,461,30,0.0,0.0,0.0,0.0
418,weekly_hurdle_12w,1,491,491,30,0.0,0.0,0.0,0.0
418,weekly_hurdle_12w,2,521,521,30,0.0,0.0,0.0,0.0
418,weekly_hurdle_12w,3,551,551,30,0.0,0.0,0.0,0.0
418,weekly_hurdle_12w,4,581,581,30,0.0,0.0,0.0,0.0
418,weekly_hurdle_12w,5,611,611,30,5.0,0.0,5.0,0.0
418,weekly_hurdle_12w,6,641,641,30,5.0,1.7857142857142858,3.2142857142857144,0.25
418,weekly_hurdle_12w,7,671,671,30,5.0,3.5714285714285716,1.4285714285714284,0.23809523809523808
418,weekly_hurdle_12w,8,701,701,30,2.0,5.000000000000002,3.0000000000000018,0.22727272727272727
418,weekly_hurdle_12w,9,731,731,30,7.0,4.285714285714286,2.7142857142857144,0.34782608695652173
418,weekly_hurdle_12w,10,761,761,30,1.0,4.642857142857143,3.6428571428571432,0.5416666666666666
418,weekly_hurdle_12w,11,791,791,30,0.0,3.2142857142857144,3.2142857142857144,0.76
419,weekly_hurdle_12w,0,461,461,30,244.0,96.7857142857143,147.2142857142857,33.42857142857143
419,weekly_hurdle_12w,1,491,491,30,298.0,125.35714285714288,172.6428571428571,46.0
419,weekly_hurdle_12w,2,521,521,30,117.0,199.6428571428571,82.64285714285711,46.5
419,weekly_hurdle_12w,3,551,551,30,88.0,223.2142857142858,135.2142857142858,54.411764705882355
419,weekly_hurdle_12w,4,581,581,30,115.0,118.92857142857139,3.928571428571388,53.0
419,weekly_hurdle_12w,5,611,611,30,0.0,103.9285714285714,103.9285714285714,51.63157894736842
419,weekly_hurdle_12w,6,641,641,30,0.0,68.57142857142857,68.57142857142857,54.8
419,weekly_hurdle_12w,7,671,671,30,0.0,23.571428571428566,23.571428571428566,52.19047619047619
419,weekly_hurdle_12w,8,701,701,30,0.0,0.0,0.0,49.81818181818182
419,weekly_hurdle_12w,9,731,731,30,0.0,0.0,0.0,47.65217391304348
419,weekly_hurdle_12w,10,761,761,30,0.0,0.0,0.0,45.666666666666664
419,weekly_hurdle_12w,11,791,791,30,0.0,0.0,0.0,43.84
420,weekly_hurdle_12w,0,461,461,30,0.0,0.0,0.0,0.8571428571428571
420,weekly_hurdle_12w,1,491,491,30,0.0,0.0,0.0,0.8
420,weekly_hurdle_12w,2,521,521,30,0.0,0.0,0.0,0.75
420,weekly_hurdle_12w,3,551,551,30,0.0,0.0,0.0,0.7058823529411765
420,weekly_hurdle_12w,4,581,581,30,0.0,0.0,0.0,0.6666666666666666
420,weekly_hurdle_12w,5,611,611,30,0.0,0.0,0.0,0.631578947368421
420,weekly_hurdle_12w,6,641,641,30,0.0,0.0,0.0,0.6
420,weekly_hurdle_12w,7,671,671,30,0.0,0.0,0.0,0.5714285714285714
420,weekly_hurdle_12w,8,701,701,30,0.0,0.0,0.0,0.5454545454545454
420,weekly_hurdle_12w,9,731,731,30,0.0,0.0,0.0,0.5217391304347826
420,weekly_hurdle_12w,10,761,761,30,0.0,0.0,0.0,0.5
420,weekly_hurdle_12w,11,791,791,30,0.0,0.0,0.0,0.48
421,weekly_hurdle_12w,0,461,461,30,0.0,0.0,0.0,0.42857142857142855
421,weekly_hurdle_12w,1,491,491,30,0.0,0.0,0.0,0.4
421,weekly_hurdle_12w,2,521,521,30,0.0,0.0,0.0,0.375
421,weekly_hurdle_12w,3,551,551,30,0.0,0.0,0.0,0.35294117647058826
421,weekly_hurdle_12w,4,581,581,30,0.0,0.0,0.0,0.3333333333333333
421,weekly_hurdle_12w,5,611,611,30,0.0,0.0,0.0,0.3157894736842105
421,weekly_hurdle_12w,6,641,641,30,0.0,0.0,0.0,0.3
421,weekly_hurdle_12w,7,671,671,30,0.0,0.0,0.0,0.2857142857142857
421,weekly_hurdle_12w,8,701,701,30,0.0,0.0,0.0,0.2727272727272727
421,weekly_hurdle_12w,9,731,731,30,0.0,0.0,0.0,0.2608695652173913
421,weekly_hurdle_12w,10,761,761,30,0.0,0.0,0.0,0.25
421,weekly_hurdle_12w,11,791,791,30,0.0,0.0,0.0,0.24
425,weekly_hurdle_12w,0,461,461,30,0.0,43.92857142857143,43.92857142857143,28.071428571428573
425,weekly_hurdle_12w,1,491,491,30,6.0,20.714285714285708,14.714285714285708,28.666666666666668
425,weekly_hurdle_12w,2,521,521,30,3.0,15.357142857142865,12.357142857142865,27.25
425,weekly_hurdle_12w,3,551,551,30,2.0,3.2142857142857144,1.2142857142857144,25.823529411764707
425,weekly_hurdle_12w,4,581,581,30,7.0,3.5714285714285716,3.4285714285714284,24.444444444444443
425,weekly_hurdle_12w,5,611,611,30,22.0,4.285714285714286,17.714285714285715,23.42105263157895
425,weekly_hurdle_12w,6,641,641,30,4.0,11.071428571428568,7.071428571428568,23.0
425,weekly_hurdle_12w,7,671,671,30,9.0,11.785714285714283,2.785714285714283,22.761904761904763
425,weekly_hurdle_12w,8,701,701,30,30.0,12.499999999999996,17.500000000000004,21.954545454545453
425,weekly_hurdle_12w,9,731,731,30,28.0,15.0,13.0,21.91304347826087
425,weekly_hurdle_12w,10,761,761,30,3.0,23.928571428571427,20.928571428571427,21.083333333333332
425,weekly_hurdle_12w,11,791,791,30,5.0,21.785714285714274,16.785714285714274,21.24
435,weekly_hurdle_12w,0,461,461,30,2.0,1.0714285714285714,0.9285714285714286,2.857142857142857
435,weekly_hurdle_12w,1,491,491,30,2.0,1.4285714285714288,0.5714285714285712,2.7333333333333334
435,weekly_hurdle_12w,2,521,521,30,1.0,1.7857142857142858,0.7857142857142858,2.5625
435,weekly_hurdle_12w,3,551,551,30,2.0,1.7857142857142858,0.2142857142857142,2.4705882352941178
435,weekly_hurdle_12w,4,581,581,30,3.0,1.7857142857142858,1.2142857142857142,2.388888888888889
435,weekly_hurdle_12w,5,611,611,30,0.0,2.142857142857143,2.142857142857143,2.3157894736842106
435,weekly_hurdle_12w,6,641,641,30,0.0,1.4285714285714288,1.4285714285714288,2.35
435,weekly_hurdle_12w,7,671,671,30,0.0,0.3571428571428572,0.3571428571428572,2.238095238095238
435,weekly_hurdle_12w,8,701,701,30,0.0,0.0,0.0,2.1363636363636362
435,weekly_hurdle_12w,9,731,731,30,0.0,0.0,0.0,2.0434782608695654
435,weekly_hurdle_12w,10,761,761,30,0.0,0.0,0.0,1.9583333333333333
435,weekly_hurdle_12w,11,791,791,30,0.0,0.0,0.0,1.88
436,weekly_hurdle_12w,0,461,461,30,0.0,0.0,0.0,0.14285714285714285
436,weekly_hurdle_12w,1,491,491,30,0.0,0.0,0.0,0.13333333333333333
436,weekly_hurdle_12w,2,521,521,30,0.0,0.0,0.0,0.125
436,weekly_hurdle_12w,3,551,551,30,0.0,0.0,0.0,0.11764705882352941
436,weekly_hurdle_12w,4,581,581,30,0.0,0.0,0.0,0.1111111111111111
436,weekly_hurdle_12w,5,611,611,30,0.0,0.0,0.0,0.10526315789473684
436,weekly_hurdle_12w,6,641,641,30,0.0,0.0,0.0,0.1
436,weekly_hurdle_12w,7,671,671,30,0.0,0.0,0.0,0.09523809523809523
436,weekly_hurdle_12w,8,701,701,30,0.0,0.0,0.0,0.09090909090909091
436,weekly_hurdle_12w,9,731,731,30,0.0,0.0,0.0,0.08695652173913043
436,weekly_hurdle_12w,10,761,761,30,0.0,0.0,0.0,0.08333333333333333
436,weekly_hurdle_12w,11,791,791,30,0.0,0.0,0.0,0.08
437,weekly_hurdle_12w,0,461,461,30,0.0,0.0,0.0,0.0
437,weekly_hurdle_12w,1,491,491,30,0.0,0.0,0.0,0.0
437,weekly_hurdle_12w,2,521,521,30,0.0,0.0,0.0,0.0
437,weekly_hurdle_12w,3,551,551,30,0.0,0.0,0.0,0.0
437,weekly_hurdle_12w,4,581,581,30,0.0,0.0,0.0,0.0
437,weekly_hurdle_12w,5,611,611,30,0.0,0.0,0.0,0.0
437,weekly_hurdle_12w,6,641,641,30,2.0,0.0,2.0,0.0
437,weekly_hurdle_12w,7,671,671,30,30.0,0.7142857142857144,29.285714285714285,0.09523809523809523
437,weekly_hurdle_12w,8,701,701,30,3.0,11.428571428571432,8.428571428571432,1.3636363636363635
437,weekly_hurdle_12w,9,731,731,30,55.0,12.499999999999996,42.5,2.4782608695652173
437,weekly_hurdle_12w,10,761,761,30,20.0,30.71428571428573,10.71428571428573,4.541666666666667
437,weekly_hurdle_12w,11,791,791,30,0.0,27.857142857142847,27.857142857142847,5.76
438,weekly_hurdle_12w,0,461,461,30,0.0,0.0,0.0,0.0
438,weekly_hurdle_12w,1,491,491,30,0.0,0.0,0.0,0.0
438,weekly_hurdle_12w,2,521,521,30,0.0,0.0,0.0,0.0
438,weekly_hurdle_12w,3,551,551,30,0.0,0.0,0.0,0.0
438,weekly_hurdle_12w,4,581,581,30,0.0,0.0,0.0,0.0
438,weekly_hurdle_12w,5,611,611,30,0.0,0.0,0.0,0.0
438,weekly_hurdle_12w,6,641,641,30,0.0,0.0,0.0,0.0
438,weekly_hurdle_12w,7,671,671,30,0.0,0.0,0.0,0.0
438,weekly_hurdle_12w,8,701,701,30,17.0,0.0,17.0,0.0
438,weekly_hurdle_12w,9,731,731,30,0.0,6.071428571428572,6.071428571428572,0.7391304347826086
438,weekly_hurdle_12w,10,761,761,30,0.0,6.071428571428572,6.071428571428572,1.4166666666666667
438,weekly_hurdle_12w,11,791,791,30,0.0,5.714285714285715,5.714285714285715,1.36
439,weekly_hurdle_12w,0,461,461,30,20.0,5.714285714285715,14.285714285714285,5.142857142857143
439,weekly_hurdle_12w,1,491,491,30,21.0,11.42857142857143,9.57142857142857,5.6
439,weekly_hurdle_12w,2,521,521,30,32.0,17.499999999999996,14.500000000000004,5.3125
439,weekly_hurdle_12w,3,551,551,30,9.0,25.357142857142854,16.357142857142854,5.647058823529412
439,weekly_hurdle_12w,4,581,581,30,65.0,21.07142857142857,43.92857142857143,6.611111111111111
439,weekly_hurdle_12w,5,611,611,30,73.0,37.142857142857146,35.857142857142854,9.210526315789474
439,weekly_hurdle_12w,6,641,641,30,8.0,52.5,44.5,9.15
439,weekly_hurdle_12w,7,671,671,30,6.0,31.07142857142857,25.07142857142857,11.80952380952381
439,weekly_hurdle_12w,8,701,701,30,11.0,31.07142857142857,20.07142857142857,11.363636363636363
439,weekly_hurdle_12w,9,731,731,30,22.0,8.214285714285715,13.785714285714285,11.08695652173913
439,weekly_hurdle_12w,10,761,761,30,46.0,13.571428571428573,32.42857142857143,11.083333333333334
439,weekly_hurdle_12w,11,791,791,30,0.0,27.142857142857146,27.142857142857146,11.6
445,weekly_hurdle_12w,0,461,461,30,0.0,0.0,0.0,1.5
445,weekly_hurdle_12w,1,491,491,30,0.0,0.0,0.0,1.4
445,weekly_hurdle_12w,2,521,521,30,0.0,0.0,0.0,1.3125
445,weekly_hurdle_12w,3,551,551,30,0.0,0.0,0.0,1.2352941176470589
445,weekly_hurdle_12w,4,581,581,30,0.0,0.0,0.0,1.1666666666666667
445,weekly_hurdle_12w,5,611,611,30,0.0,0.0,0.0,1.105263157894737
445,weekly_hurdle_12w,6,641,641,30,0.0,0.0,0.0,1.05
445,weekly_hurdle_12w,7,671,671,30,0.0,0.0,0.0,1.0
445,weekly_hurdle_12w,8,701,701,30,0.0,0.0,0.0,0.9545454545454546
445,weekly_hurdle_12w,9,731,731,30,0.0,0.0,0.0,0.9130434782608695
445,weekly_hurdle_12w,10,761,761,30,0.0,0.0,0.0,0.875
445,weekly_hurdle_12w,11,791,791,30,0.0,0.0,0.0,0.84
446,weekly_hurdle_12w,0,461,461,30,0.0,0.0,0.0,0.0
446,weekly_hurdle_12w,1,491,491,30,0.0,0.0,0.0,0.0
446,weekly_hurdle_12w,2,521,521,30,0.0,0.0,0.0,0.0
446,weekly_hurdle_12w,3,551,551,30,0.0,0.0,0.0,0.0
446,weekly_hurdle_12w,4,581,581,30,0.0,0.0,0.0,0.0
446,weekly_hurdle_12w,5,611,611,30,0.0,0.0,0.0,0.0
446,weekly_hurdle_12w,6,641,641,30,2.0,0.0,2.0,0.0
446,weekly_hurdle_12w,7,671,671,30,16.0,0.7142857142857144,15.285714285714285,0.09523809523809523
446,weekly_hurdle_12w,8,701,701,30,14.0,6.428571428571429,7.571428571428571,0.7272727272727273
446,weekly_hurdle_12w,9,731,731,30,16.0,11.42857142857143,4.571428571428569,0.782608695652174
446,weekly_hurdle_12w,10,761,761,30,38.0,16.428571428571427,21.571428571428573,0.8333333333333334
446,weekly_hurdle_12w,11,791,791,30,8.0,22.85714285714286,14.857142857142861,1.68
447,weekly_hurdle_12w,0,461,461,30,0.0,0.0,0.0,0.14285714285714285
447,weekly_hurdle_12w,1,491,491,30,0.0,0.0,0.0,0.13333333333333333
447,weekly_hurdle_12w,2,521,521,30,0.0,0.0,0.0,0.125
447,weekly_hurdle_12w,3,551,551,30,0.0,0.0,0.0,0.11764705882352941
447,weekly_hurdle_12w,4,581,581,30,2.0,0.0,2.0,0.1111111111111111
447,weekly_hurdle_12w,5,611,611,30,10.0,0.7142857142857144,9.285714285714285,0.21052631578947367
447,weekly_hurdle_12w,6,641,641,30,0.0,4.285714285714286,4.285714285714286,0.6
447,weekly_hurdle_12w,7,671,671,30,0.0,3.571428571428571,3.571428571428571,1.0476190476190477
447,weekly_hurdle_12w,8,701,701,30,0.0,3.571428571428571,3.571428571428571,1.0
447,weekly_hurdle_12w,9,731,731,30,40.0,0.0,40.0,0.9565217391304348
447,weekly_hurdle_12w,10,761,761,30,79.0,14.285714285714285,64.71428571428572,2.5833333333333335
447,weekly_hurdle_12w,11,791,791,30,9.0,42.499999999999986,33.499999999999986,4.04
450,weekly_hurdle_12w,0,461,461,30,0.0,2.500000000000001,2.500000000000001,2.0
450,weekly_hurdle_12w,1,491,491,30,0.0,0.0,0.0,1.8666666666666667
450,weekly_hurdle_12w,2,521,521,30,0.0,0.0,0.0,1.75
450,weekly_hurdle_12w,3,551,551,30,4.0,0.0,4.0,1.6470588235294117
450,weekly_hurdle_12w,4,581,581,30,24.0,1.4285714285714288,22.57142857142857,1.7777777777777777
450,weekly_hurdle_12w,5,611,611,30,12.0,10.000000000000004,1.9999999999999964,2.736842105263158
450,weekly_hurdle_12w,6,641,641,30,11.0,14.285714285714285,3.2857142857142847,3.2
450,weekly_hurdle_12w,7,671,671,30,2.0,12.142857142857146,10.142857142857146,3.0952380952380953
450,weekly_hurdle_12w,8,701,701,30,0.0,8.928571428571427,8.928571428571427,3.3636363636363638
450,weekly_hurdle_12w,9,731,731,30,0.0,1.7857142857142856,1.7857142857142856,3.3043478260869565
450,weekly_hurdle_12w,10,761,761,30,7.0,0.3571428571428572,6.642857142857142,3.1666666666666665
450,weekly_hurdle_12w,11,791,791,30,0.0,2.500000000000001,2.500000000000001,3.32
455,weekly_hurdle_12w,0,461,461,30,0.0,0.0,0.0,0.0
455,weekly_hurdle_12w,1,491,491,30,0.0,0.0,0.0,0.0
455,weekly_hurdle_12w,2,521,521,30,0.0,0.0,0.0,0.0
455,weekly_hurdle_12w,3,551,551,30,0.0,0.0,0.0,0.0
455,weekly_hurdle_12w,4,581,581,30,0.0,0.0,0.0,0.0
455,weekly_hurdle_12w,5,611,611,30,0.0,0.0,0.0,0.0
455,weekly_hurdle_12w,6,641,641,30,0.0,0.0,0.0,0.0
455,weekly_hurdle_12w,7,671,671,30,0.0,0.0,0.0,0.0
455,weekly_hurdle_12w,8,701,701,30,1.0,0.0,1.0,0.0
455,weekly_hurdle_12w,9,731,731,30,19.0,0.3571428571428572,18.642857142857142,0.043478260869565216
455,weekly_hurdle_12w,10,761,761,30,13.0,7.142857142857142,5.857142857142858,0.7916666666666666
455,weekly_hurdle_12w,11,791,791,30,3.0,11.785714285714283,8.785714285714283,1.0
461,weekly_hurdle_12w,0,461,461,30,0.0,0.0,0.0,0.0
461,weekly_hurdle_12w,1,491,491,30,0.0,0.0,0.0,0.0
461,weekly_hurdle_12w,2,521,521,30,0.0,0.0,0.0,0.0
461,weekly_hurdle_12w,3,551,551,30,2.0,0.0,2.0,0.0
461,weekly_hurdle_12w,4,581,581,30,3.0,0.7142857142857144,2.2857142857142856,0.1111111111111111
461,weekly_hurdle_12w,5,611,611,30,1.0,1.7857142857142858,0.7857142857142858,0.15789473684210525
461,weekly_hurdle_12w,6,641,641,30,2.0,1.7857142857142858,0.2142857142857142,0.25
461,weekly_hurdle_12w,7,671,671,30,1.0,2.142857142857143,1.1428571428571428,0.2857142857142857
461,weekly_hurdle_12w,8,701,701,30,0.0,1.4285714285714288,1.4285714285714288,0.3181818181818182
461,weekly_hurdle_12w,9,731,731,30,0.0,1.0714285714285714,1.0714285714285714,0.34782608695652173
461,weekly_hurdle_12w,10,761,761,30,0.0,0.3571428571428572,0.3571428571428572,0.3333333333333333
461,weekly_hurdle_12w,11,791,791,30,0.0,0.0,0.0,0.32
465,weekly_hurdle_12w,0,461,461,30,19.0,17.857142857142854,1.142857142857146,3.142857142857143
465,weekly_hurdle_12w,1,491,491,30,20.0,15.714285714285715,4.285714285714285,3.8
465,weekly_hurdle_12w,2,521,521,30,31.0,16.071428571428577,14.928571428571423,3.625
465,weekly_hurdle_12w,3,551,551,30,19.0,24.642857142857153,5.642857142857153,4.0588235294117645
465,weekly_hurdle_12w,4,581,581,30,8.0,23.214285714285726,15.214285714285726,4.5
465,weekly_hurdle_12w,5,611,611,30,7.0,17.142857142857142,10.142857142857142,4.842105263157895
465,weekly_hurdle_12w,6,641,641,30,9.0,11.785714285714283,2.785714285714283,4.65
465,weekly_hurdle_12w,7,671,671,30,4.0,8.571428571428571,4.571428571428571,4.523809523809524
465,weekly_hurdle_12w,8,701,701,30,3.0,6.7857142857142865,3.7857142857142865,4.545454545454546
465,weekly_hurdle_12w,9,731,731,30,10.0,5.714285714285716,4.285714285714284,4.391304347826087
465,weekly_hurdle_12w,10,761,761,30,0.0,6.071428571428573,6.071428571428573,4.5
465,weekly_hurdle_12w,11,791,791,30,1.0,4.285714285714286,3.2857142857142856,4.72
477,weekly_hurdle_12w,0,461,461,30,0.0,0.0,0.0,0.2857142857142857
477,weekly_hurdle_12w,1,491,491,30,0.0,0.0,0.0,0.26666666666666666
477,weekly_hurdle_12w,2,521,521,30,0.0,0.0,0.0,0.25
477,weekly_hurdle_12w,3,551,551,30,0.0,0.0,0.0,0.23529411764705882
477,weekly_hurdle_12w,4,581,581,30,0.0,0.0,0.0,0.2222222222222222
477,weekly_hurdle_12w,5,611,611,30,0.0,0.0,0.0,0.21052631578947367
477,weekly_hurdle_12w,6,641,641,30,0.0,0.0,0.0,0.2
477,weekly_hurdle_12w,7,671,671,30,0.0,0.0,0.0,0.19047619047619047
477,weekly_hurdle_12w,8,701,701,30,0.0,0.0,0.0,0.18181818181818182
477,weekly_hurdle_12w,9,731,731,30,0.0,0.0,0.0,0.17391304347826086
477,weekly_hurdle_12w,10,761,761,30,0.0,0.0,0.0,0.16666666666666666
477,weekly_hurdle_12w,11,791,791,30,0.0,0.0,0.0,0.16
479,weekly_hurdle_12w,0,461,461,30,6.0,8.214285714285714,2.2142857142857135,2.7142857142857144
479,weekly_hurdle_12w,1,491,491,30,5.0,6.7857142857142865,1.7857142857142865,2.8
479,weekly_hurdle_12w,2,521,521,30,1.0,4.285714285714286,3.2857142857142856,2.6875
479,weekly_hurdle_12w,3,551,551,30,2.0,4.285714285714286,2.2857142857142856,2.764705882352941
479,weekly_hurdle_12w,4,581,581,30,2.0,2.857142857142858,0.8571428571428581,2.6666666666666665
479,weekly_hurdle_12w,5,611,611,30,1.0,1.4285714285714288,0.4285714285714288,2.526315789473684
479,weekly_hurdle_12w,6,641,641,30,2.0,1.4285714285714288,0.5714285714285712,2.45
479,weekly_hurdle_12w,7,671,671,30,2.0,1.7857142857142856,0.2142857142857144,2.380952380952381
479,weekly_hurdle_12w,8,701,701,30,0.0,1.7857142857142856,1.7857142857142856,2.272727272727273
479,weekly_hurdle_12w,9,731,731,30,0.0,1.4285714285714288,1.4285714285714288,2.260869565217391
479,weekly_hurdle_12w,10,761,761,30,0.0,0.3571428571428572,0.3571428571428572,2.1666666666666665
479,weekly_hurdle_12w,11,791,791,30,0.0,0.0,0.0,2.08
480,weekly_hurdle_12w,0,461,461,30,0.0,0.0,0.0,0.0
480,weekly_hurdle_12w,1,491,491,30,0.0,0.0,0.0,0.0
480,weekly_hurdle_12w,2,521,521,30,0.0,0.0,0.0,0.0
480,weekly_hurdle_12w,3,551,551,30,2.0,0.0,2.0,0.0
480,weekly_hurdle_12w,4,581,581,30,1.0,0.7142857142857144,0.2857142857142856,0.1111111111111111
480,weekly_hurdle_12w,5,611,611,30,0.0,1.0714285714285714,1.0714285714285714,0.15789473684210525
480,weekly_hurdle_12w,6,641,641,30,0.0,0.7142857142857144,0.7142857142857144,0.2
480,weekly_hurdle_12w,7,671,671,30,0.0,0.3571428571428572,0.3571428571428572,0.19047619047619047
480,weekly_hurdle_12w,8,701,701,30,0.0,0.0,0.0,0.18181818181818182
480,weekly_hurdle_12w,9,731,731,30,0.0,0.0,0.0,0.17391304347826086
480,weekly_hurdle_12w,10,761,761,30,0.0,0.0,0.0,0.16666666666666666
480,weekly_hurdle_12w,11,791,791,30,0.0,0.0,0.0,0.16
481,weekly_hurdle_12w,0,461,461,30,0.0,0.0,0.0,0.0
481,weekly_hurdle_12w,1,491,491,30,0.0,0.0,0.0,0.0
481,weekly_hurdle_12w,2,521,521,30,0.0,0.0,0.0,0.0
481,weekly_hurdle_12w,3,551,551,30,0.0,0.0,0.0,0.0
481,weekly_hurdle_12w,4,581,581,30,0.0,0.0,0.0,0.0
481,weekly_hurdle_12w,5,611,611,30,0.0,0.0,0.0,0.0
481,weekly_hurdle_12w,6,641,641,30,2.0,0.0,2.0,0.0
481,weekly_hurdle_12w,7,671,671,30,0.0,0.7142857142857144,0.7142857142857144,0.09523809523809523
481,weekly_hurdle_12w,8,701,701,30,9.0,0.7142857142857144,8.285714285714285,0.18181818181818182
481,weekly_hurdle_12w,9,731,731,30,2.0,3.928571428571429,1.9285714285714288,0.5652173913043478
481,weekly_hurdle_12w,10,761,761,30,1.0,3.928571428571429,2.928571428571429,0.8333333333333334
481,weekly_hurdle_12w,11,791,791,30,0.0,4.285714285714286,4.285714285714286,0.84
482,weekly_hurdle_12w,0,461,461,30,0.0,0.0,0.0,0.0
482,weekly_hurdle_12w,1,491,491,30,0.0,0.0,0.0,0.0
482,weekly_hurdle_12w,2,521,521,30,0.0,0.0,0.0,0.0
482,weekly_hurdle_12w,3,551,551,30,1.0,0.0,1.0,0.0
482,weekly_hurdle_12w,4,581,581,30,0.0,0.3571428571428572,0.3571428571428572,0.05555555555555555
482,weekly_hurdle_12w,5,611,611,30,0.0,0.3571428571428572,0.3571428571428572,0.10526315789473684
482,weekly_hurdle_12w,6,641,641,30,0.0,0.3571428571428572,0.3571428571428572,0.1
482,weekly_hurdle_12w,7,671,671,30,0.0,0.0,0.0,0.09523809523809523
482,weekly_hurdle_12w,8,701,701,30,0.0,0.0,0.0,0.09090909090909091
482,weekly_hurdle_12w,9,731,731,30,0.0,0.0,0.0,0.08695652173913043
482,weekly_hurdle_12w,10,761,761,30,0.0,0.0,0.0,0.08333333333333333
482,weekly_hurdle_12w,11,791,791,30,0.0,0.0,0.0,0.08
483,weekly_hurdle_12w,0,461,461,30,0.0,0.0,0.0,0.0
483,weekly_hurdle_12w,1,491,491,30,2.0,0.0,2.0,0.0
483,weekly_hurdle_12w,2,521,521,30,0.0,0.7142857142857144,0.7142857142857144,0.125
483,weekly_hurdle_12w,3,551,551,30,0.0,0.7142857142857144,0.7142857142857144,0.23529411764705882
483,weekly_hurdle_12w,4,581,581,30,0.0,0.7142857142857144,0.7142857142857144,0.2222222222222222
483,weekly_hurdle_12w,5,611,611,30,0.0,0.0,0.0,0.21052631578947367
483,weekly_hurdle_12w,6,641,641,30,1.0,0.0,1.0,0.2
483,weekly_hurdle_12w,7,671,671,30,2.0,0.3571428571428572,1.6428571428571428,0.23809523809523808
483,weekly_hurdle_12w,8,701,701,30,5.0,1.0714285714285714,3.928571428571429,0.2727272727272727
483,weekly_hurdle_12w,9,731,731,30,0.0,2.8571428571428577,2.8571428571428577,0.391304347826087
483,weekly_hurdle_12w,10,761,761,30,0.0,2.500000000000001,2.500000000000001,0.5833333333333334
483,weekly_hurdle_12w,11,791,791,30,0.0,1.7857142857142856,1.7857142857142856,0.56
484,weekly_hurdle_12w,0,461,461,30,0.0,0.0,0.0,0.0
484,weekly_hurdle_12w,1,491,491,30,0.0,0.0,0.0,0.0
484,weekly_hurdle_12w,2,521,521,30,0.0,0.0,0.0,0.0
484,weekly_hurdle_12w,3,551,551,30,0.0,0.0,0.0,0.0
484,weekly_hurdle_12w,4,581,581,30,0.0,0.0,0.0,0.0
484,weekly_hurdle_12w,5,611,611,30,119.0,0.0,119.0,0.0
484,weekly_hurdle_12w,6,641,641,30,37.0,42.499999999999986,5.499999999999986,5.95
484,weekly_hurdle_12w,7,671,671,30,23.0,55.714285714285694,32.714285714285694,9.571428571428571
484,weekly_hurdle_12w,8,701,701,30,26.0,63.928571428571416,37.928571428571416,9.772727272727273
484,weekly_hurdle_12w,9,731,731,30,44.0,28.214285714285708,15.785714285714292,9.478260869565217
484,weekly_hurdle_12w,10,761,761,30,71.0,32.49999999999999,38.50000000000001,9.833333333333334
484,weekly_hurdle_12w,11,791,791,30,5.0,48.928571428571416,43.928571428571416,10.52
486,weekly_hurdle_12w,0,461,461,30,0.0,0.0,0.0,0.0
486,weekly_hurdle_12w,1,491,491,30,0.0,0.0,0.0,0.0
486,weekly_hurdle_12w,2,521,521,30,0.0,0.0,0.0,0.0
486,weekly_hurdle_12w,3,551,551,30,5.0,0.0,5.0,0.0
486,weekly_hurdle_12w,4,581,581,30,7.0,1.7857142857142856,5.214285714285714,0.2777777777777778
486,weekly_hurdle_12w,5,611,611,30,7.0,4.285714285714286,2.7142857142857144,0.3684210526315789
486,weekly_hurdle_12w,6,641,641,30,7.0,6.428571428571429,0.5714285714285712,0.35
486,weekly_hurdle_12w,7,671,671,30,5.0,7.500000000000002,2.5000000000000018,0.3333333333333333
486,weekly_hurdle_12w,8,701,701,30,5.0,6.428571428571429,1.4285714285714288,0.4090909090909091
486,weekly_hurdle_12w,9,731,731,30,8.0,6.071428571428573,1.928571428571427,0.391304347826087
486,weekly_hurdle_12w,10,761,761,30,10.0,6.071428571428572,3.928571428571428,0.5
486,weekly_hurdle_12w,11,791,791,30,1.0,8.214285714285714,7.2142857142857135,0.56
490,weekly_hurdle_12w,0,461,461,30,0.0,11.785714285714283,11.785714285714283,7.0
490,weekly_hurdle_12w,1,491,491,30,0.0,0.0,0.0,6.533333333333333
490,weekly_hurdle_12w,2,521,521,30,0.0,0.0,0.0,6.125
490,weekly_hurdle_12w,3,551,551,30,0.0,0.0,0.0,5.764705882352941
490,weekly_hurdle_12w,4,581,581,30,0.0,0.0,0.0,5.444444444444445
490,weekly_hurdle_12w,5,611,611,30,0.0,0.0,0.0,5.157894736842105
490,weekly_hurdle_12w,6,641,641,30,0.0,0.0,0.0,4.9
490,weekly_hurdle_12w,7,671,671,30,0.0,0.0,0.0,4.666666666666667
490,weekly_hurdle_12w,8,701,701,30,0.0,0.0,0.0,4.454545454545454
490,weekly_hurdle_12w,9,731,731,30,0.0,0.0,0.0,4.260869565217392
490,weekly_hurdle_12w,10,761,761,30,0.0,0.0,0.0,4.083333333333333
490,weekly_hurdle_12w,11,791,791,30,0.0,0.0,0.0,3.92
498,weekly_hurdle_12w,0,461,461,30,0.0,0.0,0.0,0.0
498,weekly_hurdle_12w,1,491,491,30,0.0,0.0,0.0,0.0
498,weekly_hurdle_12w,2,521,521,30,0.0,0.0,0.0,0.0
498,weekly_hurdle_12w,3,551,551,30,84.0,0.0,84.0,0.0
498,weekly_hurdle_12w,4,581,581,30,154.0,30.000000000000007,124.0,4.666666666666667
498,weekly_hurdle_12w,5,611,611,30,152.0,84.99999999999997,67.00000000000003,8.105263157894736
498,weekly_hurdle_12w,6,641,641,30,19.0,136.78571428571425,117.78571428571425,7.8
498,weekly_hurdle_12w,7,671,671,30,38.0,83.92857142857144,45.928571428571445,13.761904761904763
498,weekly_hurdle_12w,8,701,701,30,14.0,74.28571428571429,60.28571428571429,14.0
498,weekly_hurdle_12w,9,731,731,30,44.0,25.357142857142854,18.642857142857146,14.434782608695652
498,weekly_hurdle_12w,10,761,761,30,57.0,34.285714285714285,22.714285714285715,15.083333333333334
498,weekly_hurdle_12w,11,791,791,30,9.0,40.714285714285694,31.714285714285694,15.0
500,weekly_hurdle_12w,0,461,461,30,0.0,0.0,0.0,0.0
500,weekly_hurdle_12w,1,491,491,30,0.0,0.0,0.0,0.0
500,weekly_hurdle_12w,2,521,521,30,0.0,0.0,0.0,0.0
500,weekly_hurdle_12w,3,551,551,30,2.0,0.0,2.0,0.0
500,weekly_hurdle_12w,4,581,581,30,0.0,0.7142857142857144,0.7142857142857144,0.1111111111111111
500,weekly_hurdle_12w,5,611,611,30,0.0,0.7142857142857144,0.7142857142857144,0.21052631578947367
500,weekly_hurdle_12w,6,641,641,30,0.0,0.0,0.0,0.2
500,weekly_hurdle_12w,7,671,671,30,0.0,0.0,0.0,0.19047619047619047
500,weekly_hurdle_12w,8,701,701,30,0.0,0.0,0.0,0.18181818181818182
500,weekly_hurdle_12w,9,731,731,30,0.0,0.0,0.0,0.17391304347826086
500,weekly_hurdle_12w,10,761,761,30,1.0,0.0,1.0,0.16666666666666666
500,weekly_hurdle_12w,11,791,791,30,0.0,0.3571428571428572,0.3571428571428572,0.2
501,weekly_hurdle_12w,0,461,461,30,0.0,0.0,0.0,0.0
501,weekly_hurdle_12w,1,491,491,30,7.0,0.0,7.0,0.0
501,weekly_hurdle_12w,2,521,521,30,68.0,2.500000000000001,65.5,0.4375
501,weekly_hurdle_12w,3,551,551,30,59.0,26.785714285714285,32.214285714285715,4.0
501,weekly_hurdle_12w,4,581,581,30,50.0,47.85714285714286,2.142857142857139,4.277777777777778
501,weekly_hurdle_12w,5,611,611,30,81.0,62.85714285714286,18.14285714285714,4.526315789473684
501,weekly_hurdle_12w,6,641,641,30,16.0,58.57142857142855,42.57142857142855,5.85
501,weekly_hurdle_12w,7,671,671,30,18.0,39.64285714285713,21.64285714285713,8.666666666666666
501,weekly_hurdle_12w,8,701,701,30,11.0,41.071428571428584,30.071428571428584,8.363636363636363
501,weekly_hurdle_12w,9,731,731,30,42.0,15.000000000000004,26.999999999999996,8.304347826086957
501,weekly_hurdle_12w,10,761,761,30,68.0,24.999999999999993,43.00000000000001,9.25
501,weekly_hurdle_12w,11,791,791,30,1.0,42.499999999999986,41.499999999999986,9.92
515,weekly_hurdle_12w,0,461,461,30,0.0,0.0,0.0,0.0
515,weekly_hurdle_12w,1,491,491,30,1.0,0.0,1.0,0.0
515,weekly_hurdle_12w,2,521,521,30,0.0,0.3571428571428572,0.3571428571428572,0.0625
515,weekly_hurdle_12w,3,551,551,30,2.0,0.3571428571428572,1.6428571428571428,0.11764705882352941
515,weekly_hurdle_12w,4,581,581,30,4.0,1.0714285714285714,2.928571428571429,0.2222222222222222
515,weekly_hurdle_12w,5,611,611,30,4.0,2.142857142857143,1.8571428571428572,0.3157894736842105
515,weekly_hurdle_12w,6,641,641,30,3.0,3.5714285714285716,0.5714285714285716,0.3
515,weekly_hurdle_12w,7,671,671,30,5.0,3.928571428571429,1.0714285714285712,0.3333333333333333
515,weekly_hurdle_12w,8,701,701,30,1.0,4.285714285714286,3.2857142857142856,0.4090909090909091
515,weekly_hurdle_12w,9,731,731,30,2.0,2.8571428571428577,0.8571428571428577,0.5652173913043478
515,weekly_hurdle_12w,10,761,761,30,2.0,2.857142857142858,0.8571428571428581,0.5833333333333334
515,weekly_hurdle_12w,11,791,791,30,0.0,1.4285714285714288,1.4285714285714288,0.56
516,weekly_hurdle_12w,0,461,461,30,0.0,0.0,0.0,0.0
516,weekly_hurdle_12w,1,491,491,30,0.0,0.0,0.0,0.0
516,weekly_hurdle_12w,2,521,521,30,0.0,0.0,0.0,0.0
516,weekly_hurdle_12w,3,551,551,30,0.0,0.0,0.0,0.0
516,weekly_hurdle_12w,4,581,581,30,0.0,0.0,0.0,0.0
516,weekly_hurdle_12w,5,611,611,30,0.0,0.0,0.0,0.0
516,weekly_hurdle_12w,6,641,641,30,18.0,0.0,18.0,0.0
516,weekly_hurdle_12w,7,671,671,30,0.0,6.428571428571429,6.428571428571429,0.8571428571428571
516,weekly_hurdle_12w,8,701,701,30,19.0,6.428571428571429,12.571428571428571,1.6363636363636365
516,weekly_hurdle_12w,9,731,731,30,48.0,13.214285714285712,34.78571428571429,2.391304347826087
516,weekly_hurdle_12w,10,761,761,30,67.0,23.92857142857143,43.07142857142857,3.5
516,weekly_hurdle_12w,11,791,791,30,9.0,47.14285714285713,38.14285714285713,4.12
517,weekly_hurdle_12w,0,461,461,30,0.0,0.0,0.0,0.0
517,weekly_hurdle_12w,1,491,491,30,0.0,0.0,0.0,0.0
517,weekly_hurdle_12w,2,521,521,30,0.0,0.0,0.0,0.0
517,weekly_hurdle_12w,3,551,551,30,1.0,0.0,1.0,0.0
517,weekly_hurdle_12w,4,581,581,30,0.0,0.3571428571428572,0.3571428571428572,0.05555555555555555
517,weekly_hurdle_12w,5,611,611,30,0.0,0.3571428571428572,0.3571428571428572,0.10526315789473684
517,weekly_hurdle_12w,6,641,641,30,0.0,0.0,0.0,0.1
517,weekly_hurdle_12w,7,671,671,30,0.0,0.0,0.0,0.09523809523809523
517,weekly_hurdle_12w,8,701,701,30,0.0,0.0,0.0,0.09090909090909091
517,weekly_hurdle_12w,9,731,731,30,0.0,0.0,0.0,0.08695652173913043
517,weekly_hurdle_12w,10,761,761,30,0.0,0.0,0.0,0.08333333333333333
517,weekly_hurdle_12w,11,791,791,30,0.0,0.0,0.0,0.08
2,logistic_hurdle,0,461,461,30,0.0,0.0,0.0,0.0
2,logistic_hurdle,1,491,491,30,0.0,0.0,0.0,0.0
2,logistic_hurdle,2,521,521,30,0.0,0.0,0.0,0.0
2,logistic_hurdle,3,551,551,30,0.0,0.0,0.0,0.0
2,logistic_hurdle,4,581,581,30,0.0,0.0,0.0,0.0
2,logistic_hurdle,5,611,611,30,0.0,0.0,0.0,0.0
2,logistic_hurdle,6,641,641,30,0.0,0.0,0.0,0.0
2,logistic_hurdle,7,671,671,30,1.0,0.0,1.0,0.0
2,logistic_hurdle,8,701,701,30,0.0,3.764547321945744,3.764547321945744,0.045454545454545456
2,logistic_hurdle,9,731,731,30,0.0,0.4960314985900436,0.4960314985900436,0.08695652173913043
2,logistic_hurdle,10,761,761,30,0.0,0.17673985418706722,0.17673985418706722,0.08333333333333333
2,logistic_hurdle,11,791,791,30,0.0,0.0,0.0,0.08
5,logistic_hurdle,0,461,461,30,0.0,0.0,0.0,0.0
5,logistic_hurdle,1,491,491,30,0.0,0.0,0.0,0.0
5,logistic_hurdle,2,521,521,30,0.0,0.0,0.0,0.0
5,logistic_hurdle,3,551,551,30,2.0,0.0,2.0,0.0
5,logistic_hurdle,4,581,581,30,2.0,0.528122168273087,1.471877831726913,0.1111111111111111
5,logistic_hurdle,5,611,611,30,0.0,4.524015707307546,4.524015707307546,0.10526315789473684
5,logistic_hurdle,6,641,641,30,0.0,0.6369561197135363,0.6369561197135363,0.2
5,logistic_hurdle,7,671,671,30,1.0,0.40073710881402824,0.5992628911859718,0.19047619047619047
5,logistic_hurdle,8,701,701,30,0.0,4.422482806859469,4.422482806859469,0.22727272727272727
5,logistic_hurdle,9,731,731,30,0.0,0.7073412270789855,0.7073412270789855,0.2608695652173913
5,logistic_hurdle,10,761,761,30,0.0,0.19221637081228388,0.19221637081228388,0.25
5,logistic_hurdle,11,791,791,30,0.0,0.0,0.0,0.24
6,logistic_hurdle,0,461,461,30,0.0,0.0,0.0,0.0
6,logistic_hurdle,1,491,491,30,0.0,0.0,0.0,0.0
6,logistic_hurdle,2,521,521,30,0.0,0.0,0.0,0.0
6,logistic_hurdle,3,551,551,30,0.0,0.0,0.0,0.0
6,logistic_hurdle,4,581,581,30,2.0,0.0,2.0,0.0
6,logistic_hurdle,5,611,611,30,0.0,4.934018381360459,4.934018381360459,0.10526315789473684
6,logistic_hurdle,6,641,641,30,0.0,0.6749490051339936,0.6749490051339936,0.2
6,logistic_hurdle,7,671,671,30,0.0,0.3908226609400866,0.3908226609400866,0.19047619047619047
6,logistic_hurdle,8,701,701,30,0.0,0.0,0.0,0.18181818181818182
6,logistic_hurdle,9,731,731,30,0.0,0.0,0.0,0.17391304347826086
6,logistic_hurdle,10,761,761,30,0.0,0.0,0.0,0.16666666666666666
6,logistic_hurdle,11,791,791,30,0.0,0.0,0.0,0.16
23,logistic_hurdle,0,461,461,30,0.0,0.0,0.0,0.0
23,logistic_hurdle,1,491,491,30,0.0,0.0,0.0,0.0
23,logistic_hurdle,2,521,521,30,0.0,0.0,0.0,0.0
23,logistic_hurdle,3,551,551,30,1.0,0.0,1.0,0.0
23,logistic_hurdle,4,581,581,30,1.0,7.626554655827697,6.626554655827697,0.05555555555555555
23,logistic_hurdle,5,611,611,30,0.0,2.161383290916538,2.161383290916538,0.05263157894736842
23,logistic_hurdle,6,641,641,30,0.0,0.3130614221640746,0.3130614221640746,0.1
23,logistic_hurdle,7,671,671,30,0.0,0.19529953801961739,0.19529953801961739,0.09523809523809523
23,logistic_hurdle,8,701,701,30,0.0,0.0,0.0,0.09090909090909091
23,logistic_hurdle,9,731,731,30,0.0,0.0,0.0,0.08695652173913043
23,logistic_hurdle,10,761,761,30,0.0,0.0,0.0,0.08333333333333333
23,logistic_hurdle,11,791,791,30,0.0,0.0,0.0,0.08
24,logistic_hurdle,0,461,461,30,0.0,0.0,0.0,0.0
24,logistic_hurdle,1,491,491,30,0.0,0.0,0.0,0.0
24,logistic_hurdle,2,521,521,30,0.0,0.0,0.0,0.0
24,logistic_hurdle,3,551,551,30,0.0,0.0,0.0,0.0
24,logistic_hurdle,4,581,581,30,0.0,0.0,0.0,0.0
24,logistic_hurdle,5,611,611,30,2.0,0.0,2.0,0.0
24,logistic_hurdle,6,641,641,30,0.0,7.378481973342123,7.378481973342123,0.1
24,logistic_hurdle,7,671,671,30,2.0,1.150855335056686,0.8491446649433141,0.19047619047619047
24,logistic_hurdle,8,701,701,30,0.0,2.754703827548316,2.754703827548316,0.2727272727272727
24,logistic_hurdle,9,731,731,30,0.0,0.63419836447572,0.63419836447572,0.34782608695652173
24,logistic_hurdle,10,761,761,30,0.0,0.3527771528467902,0.3527771528467902,0.3333333333333333
24,logistic_hurdle,11,791,791,30,0.0,0.0,0.0,0.32
26,logistic_hurdle,0,461,461,30,0.0,0.0,0.0,0.0
26,logistic_hurdle,1,491,491,30,0.0,0.0,0.0,0.0
26,logistic_hurdle,2,521,521,30,0.0,0.0,0.0,0.0
26,logistic_hurdle,3,551,551,30,2.0,0.0,2.0,0.0
26,logistic_hurdle,4,581,581,30,2.0,0.528122168273087,1.471877831726913,0.1111111111111111
26,logistic_hurdle,5,611,611,30,0.0,4.981179179581884,4.981179179581884,0.10526315789473684
26,logistic_hurdle,6,641,641,30,0.0,0.7184266424211628,0.7184266424211628,0.2
26,logistic_hurdle,7,671,671,30,0.0,0.3917258627442731,0.3917258627442731,0.19047619047619047
26,logistic_hurdle,8,701,701,30,0.0,0.0,0.0,0.18181818181818182
26,logistic_hurdle,9,731,731,30,0.0,0.0,0.0,0.17391304347826086
26,logistic_hurdle,10,761,761,30,0.0,0.0,0.0,0.16666666666666666
26,logistic_hurdle,11,791,791,30,0.0,0.0,0.0,0.16
27,logistic_hurdle,0,461,461,30,0.0,0.0,0.0,0.0
27,logistic_hurdle,1,491,491,30,0.0,0.0,0.0,0.0
27,logistic_hurdle,2,521,521,30,0.0,0.0,0.0,0.0
27,logistic_hurdle,3,551,551,30,0.0,0.0,0.0,0.0
27,logistic_hurdle,4,581,581,30,0.0,0.0,0.0,0.0
27,logistic_hurdle,5,611,611,30,1.0,0.0,1.0,0.0
27,logistic_hurdle,6,641,641,30,0.0,9.197190203729459,9.197190203729459,0.05
27,logistic_hurdle,7,671,671,30,0.0,1.2459507881706555,1.2459507881706555,0.09523809523809523
27,logistic_hurdle,8,701,701,30,0.0,0.18821112197085477,0.18821112197085477,0.09090909090909091
27,logistic_hurdle,9,731,731,30,0.0,0.0,0.0,0.08695652173913043
27,logistic_hurdle,10,761,761,30,0.0,0.0,0.0,0.08333333333333333
27,logistic_hurdle,11,791,791,30,0.0,0.0,0.0,0.08
28,logistic_hurdle,0,461,461,30,65.0,86.41416664387386,21.414166643873855,29.142857142857142
28,logistic_hurdle,1,491,491,30,90.0,48.226492249067434,41.773507750932566,30.333333333333332
28,logistic_hurdle,2,521,521,30,54.0,67.6584374446059,13.658437444605894,30.0
28,logistic_hurdle,3,551,551,30,44.0,53.87925435710581,9.879254357105808,30.352941176470587
28,logistic_hurdle,4,581,581,30,50.0,54.79932358052944,4.799323580529439,29.22222222222222
28,logistic_hurdle,5,611,611,30,1.0,30.132323832590057,29.132323832590057,28.0
28,logistic_hurdle,6,641,641,30,0.0,28.217478085832703,28.217478085832703,29.05
28,logistic_hurdle,7,671,671,30,0.0,6.265689732918234,6.265689732918234,27.714285714285715
28,logistic_hurdle,8,701,701,30,2.0,0.26393689414210314,1.7360631058578968,26.454545454545453
28,logistic_hurdle,9,731,731,30,18.0,14.068712702239052,3.9312872977609477,25.391304347826086
28,logistic_hurdle,10,761,761,30,34.0,24.58096937012824,9.41903062987176,25.0
28,logistic_hurdle,11,791,791,30,3.0,31.122824456601357,28.122824456601357,24.64
29,logistic_hurdle,0,461,461,30,108.0,109.44977334997756,1.449773349977562,28.428571428571427
29,logistic_hurdle,1,491,491,30,60.0,96.00299861323217,36.002998613232165,30.666666666666668
29,logistic_hurdle,2,521,521,30,139.0,85.26005967609458,53.739940323905415,31.75
29,logistic_hurdle,3,551,551,30,94.0,85.33931506376955,8.660684936230453,34.529411764705884
29,logistic_hurdle,4,581,581,30,281.0,100.99698956118343,180.00301043881657,35.111111111111114
29,logistic_hurdle,5,611,611,30,449.0,79.61193632358354,369.38806367641644,43.10526315789474
29,logistic_hurdle,6,641,641,30,2.0,341.41483383874663,339.41483383874663,49.35
29,logistic_hurdle,7,671,671,30,0.0,274.021312261378,274.021312261378,68.28571428571429
29,logistic_hurdle,8,701,701,30,10.0,35.057471384878085,25.057471384878085,65.27272727272727
29,logistic_hurdle,9,731,731,30,67.0,26.209726515520064,40.79027348447994,62.869565217391305
29,logistic_hurdle,10,761,761,30,144.0,66.91104959543722,77.08895040456278,62.625
29,logistic_hurdle,11,791,791,30,8.0,98.33834628756003,90.33834628756003,63.2
32,logistic_hurdle,0,461,461,30,0.0,0.0,0.0,0.0
32,logistic_hurdle,1,491,491,30,0.0,0.0,0.0,0.0
32,logistic_hurdle,2,521,521,30,0.0,0.0,0.0,0.0
32,logistic_hurdle,3,551,551,30,0.0,0.0,0.0,0.0
32,logistic_hurdle,4,581,581,30,0.0,0.0,0.0,0.0
32,logistic_hurdle,5,611,611,30,0.0,0.0,0.0,0.0
32,logistic_hurdle,6,641,641,30,0.0,0.0,0.0,0.0
32,logistic_hurdle,7,671,671,30,1.0,0.0,1.0,0.0
32,logistic_hurdle,8,701,701,30,0.0,6.030595618226116,6.030595618226116,0.045454545454545456
32,logistic_hurdle,9,731,731,30,0.0,0.7982401283312254,0.7982401283312254,0.08695652173913043
32,logistic_hurdle,10,761,761,30,0.0,0.17673985418706725,0.17673985418706725,0.08333333333333333
32,logistic_hurdle,11,791,791,30,0.0,0.0,0.0,0.08
33,logistic_hurdle,0,461,461,30,0.0,0.0,0.0,0.0
33,logistic_hurdle,1,491,491,30,0.0,0.0,0.0,0.0
33,logistic_hurdle,2,521,521,30,0.0,0.0,0.0,0.0
33,logistic_hurdle,3,551,551,30,0.0,0.0,0.0,0.0
33,logistic_hurdle,4,581,581,30,0.0,0.0,0.0,0.0
33,logistic_hurdle,5,611,611,30,0.0,0.0,0.0,0.0
33,logistic_hurdle,6,641,641,30,0.0,0.0,0.0,0.0
33,logistic_hurdle,7,671,671,30,0.0,0.0,0.0,0.0
33,logistic_hurdle,8,701,701,30,0.0,0.0,0.0,0.0
33,logistic_hurdle,9,731,731,30,0.0,0.0,0.0,0.0
33,logistic_hurdle,10,761,761,30,1.0,0.0,1.0,0.0
33,logistic_hurdle,11,791,791,30,0.0,1.5089882692648522,1.5089882692648522,0.04
34,logistic_hurdle,0,461,461,30,22.0,32.105073315568184,10.105073315568184,16.428571428571427
34,logistic_hurdle,1,491,491,30,14.0,22.673909609656583,8.673909609656583,17.2
34,logistic_hurdle,2,521,521,30,6.0,32.48310159513157,26.483101595131572,16.625
34,logistic_hurdle,3,551,551,30,4.0,15.828092596052603,11.828092596052603,16.11764705882353
34,logistic_hurdle,4,581,581,30,2.0,10.292688435790039,8.292688435790039,15.333333333333334
34,logistic_hurdle,5,611,611,30,0.0,3.537267343787498,3.537267343787498,14.631578947368421
34,logistic_hurdle,6,641,641,30,0.0,0.6631566260272407,0.6631566260272407,14.0
34,logistic_hurdle,7,671,671,30,0.0,0.6903611757736127,0.6903611757736127,13.333333333333334
34,logistic_hurdle,8,701,701,30,0.0,0.0,0.0,12.727272727272727
34,logistic_hurdle,9,731,731,30,0.0,0.0,0.0,12.173913043478262
34,logistic_hurdle,10,761,761,30,0.0,0.0,0.0,11.666666666666666
34,logistic_hurdle,11,791,791,30,0.0,0.0,0.0,11.2
36,logistic_hurdle,0,461,461,30,73.0,46.51522618943296,26.48477381056704,9.857142857142858
36,logistic_hurdle,1,491,491,30,58.0,23.451268523806103,34.54873147619389,13.533333333333333
36,logistic_hurdle,2,521,521,30,15.0,78.35337792915816,63.35337792915816,13.625
36,logistic_hurdle,3,551,551,30,23.0,48.22750530659195,25.22750530659195,15.352941176470589
36,logistic_hurdle,4,581,581,30,13.0,27.450676789076432,14.450676789076432,14.944444444444445
36,logistic_hurdle,5,611,611,30,12.0,11.224012467165563,0.7759875328344368,14.68421052631579
36,logistic_hurdle,6,641,641,30,8.0,27.959840872094183,19.959840872094183,14.0
36,logistic_hurdle,7,671,671,30,2.0,11.560553917183363,9.560553917183363,13.523809523809524
36,logistic_hurdle,8,701,701,30,11.0,14.351127736992657,3.351127736992657,13.181818181818182
36,logistic_hurdle,9,731,731,30,10.0,11.691443413138924,1.6914434131389235,13.0
36,logistic_hurdle,10,761,761,30,26.0,13.308663122804735,12.691336877195265,12.5
36,logistic_hurdle,11,791,791,30,3.0,15.575467949444334,12.575467949444334,12.64
38,logistic_hurdle,0,461,461,30,44.0,34.24180922759513,9.758190772404873,15.428571428571429
38,logistic_hurdle,1,491,491,30,18.0,43.92957073133882,25.92957073133882,16.8
38,logistic_hurdle,2,521,521,30,33.0,28.073607443940812,4.926392556059188,17.375
38,logistic_hurdle,3,551,551,30,35.0,28.514127684119796,6.485872315880204,17.235294117647058
38,logistic_hurdle,4,581,581,30,0.0,28.436163381880753,28.436163381880753,16.38888888888889
38,logistic_hurdle,5,611,611,30,0.0,11.568922198153949,11.568922198153949,17.36842105263158
38,logistic_hurdle,6,641,641,30,0.0,2.484852623484643,2.484852623484643,16.5
38,logistic_hurdle,7,671,671,30,0.0,0.0,0.0,15.714285714285714
38,logistic_hurdle,8,701,701,30,0.0,0.0,0.0,15.0
38,logistic_hurdle,9,731,731,30,0.0,0.0,0.0,14.347826086956522
38,logistic_hurdle,10,761,761,30,0.0,0.0,0.0,13.75
38,logistic_hurdle,11,791,791,30,0.0,0.0,0.0,13.2
39,logistic_hurdle,0,461,461,30,0.0,0.0,0.0,0.0
39,logistic_hurdle,1,491,491,30,0.0,0.0,0.0,0.0
39,logistic_hurdle,2,521,521,30,0.0,0.0,0.0,0.0
39,logistic_hurdle,3,551,551,30,0.0,0.0,0.0,0.0
39,logistic_hurdle,4,581,581,30,0.0,0.0,0.0,0.0
39,logistic_hurdle,5,611,611,30,28.0,0.0,28.0,0.0
39,logistic_hurdle,6,641,641,30,45.0,108.12004152243466,63.12004152243466,1.4
39,logistic_hurdle,7,671,671,30,29.0,51.8978715554312,22.897871555431202,2.142857142857143
39,logistic_hurdle,8,701,701,30,47.0,39.89094723129579,7.10905276870421,2.772727272727273
39,logistic_hurdle,9,731,731,30,65.0,34.70638187436663,30.293618125633373,3.4347826086956523
39,logistic_hurdle,10,761,761,30,123.0,46.83138343849521,76.16861656150479,4.041666666666667
39,logistic_hurdle,11,791,791,30,4.0,78.30780325132164,74.30780325132164,6.2
42,logistic_hurdle,0,461,461,30,0.0,0.0,0.0,0.42857142857142855
42,logistic_hurdle,1,491,491,30,0.0,0.0,0.0,0.4
42,logistic_hurdle,2,521,521,30,0.0,0.0,0.0,0.375
42,logistic_hurdle,3,551,551,30,0.0,0.0,0.0,0.35294117647058826
42,logistic_hurdle,4,581,581,30,0.0,0.0,0.0,0.3333333333333333
42,logistic_hurdle,5,611,611,30,0.0,0.0,0.0,0.3157894736842105
42,logistic_hurdle,6,641,641,30,0.0,0.0,0.0,0.3
42,logistic_hurdle,7,671,671,30,0.0,0.0,0.0,0.2857142857142857
42,logistic_hurdle,8,701,701,30,0.0,0.0,0.0,0.2727272727272727
42,logistic_hurdle,9,731,731,30,0.0,0.0,0.0,0.2608695652173913
42,logistic_hurdle,10,761,761,30,0.0,0.0,0.0,0.25
42,logistic_hurdle,11,791,791,30,0.0,0.0,0.0,0.24
47,logistic_hurdle,0,461,461,30,0.0,0.0,0.0,1.8571428571428572
47,logistic_hurdle,1,491,491,30,0.0,0.0,0.0,1.7333333333333334
47,logistic_hurdle,2,521,521,30,0.0,0.0,0.0,1.625
47,logistic_hurdle,3,551,551,30,0.0,0.0,0.0,1.5294117647058822
47,logistic_hurdle,4,581,581,30,0.0,0.0,0.0,1.4444444444444444
47,logistic_hurdle,5,611,611,30,0.0,0.0,0.0,1.368421052631579
47,logistic_hurdle,6,641,641,30,0.0,0.0,0.0,1.3
47,logistic_hurdle,7,671,671,30,0.0,0.0,0.0,1.2380952380952381
47,logistic_hurdle,8,701,701,30,0.0,0.0,0.0,1.1818181818181819
47,logistic_hurdle,9,731,731,30,0.0,0.0,0.0,1.1304347826086956
47,logistic_hurdle,10,761,761,30,0.0,0.0,0.0,1.0833333333333333
47,logistic_hurdle,11,791,791,30,0.0,0.0,0.0,1.04
48,logistic_hurdle,0,461,461,30,0.0,0.0,0.0,0.0
48,logistic_hurdle,1,491,491,30,0.0,0.0,0.0,0.0
48,logistic_hurdle,2,521,521,30,0.0,0.0,0.0,0.0
48,logistic_hurdle,3,551,551,30,0.0,0.0,0.0,0.0
48,logistic_hurdle,4,581,581,30,0.0,0.0,0.0,0.0
48,logistic_hurdle,5,611,611,30,91.0,0.0,91.0,0.0
48,logistic_hurdle,6,641,641,30,35.0,81.0697363412821,46.069736341282095,4.55
48,logistic_hurdle,7,671,671,30,26.0,62.816092789411485,36.816092789411485,7.0
48,logistic_hurdle,8,701,701,30,23.0,30.75416002226155,7.754160022261551,7.090909090909091
48,logistic_hurdle,9,731,731,30,56.0,21.129127208306606,34.870872791693394,6.913043478260869
48,logistic_hurdle,10,761,761,30,99.0,37.54565734110207,61.45434265889793,8.0
48,logistic_hurdle,11,791,791,30,9.0,65.65839006522273,56.65839006522273,9.4
49,logistic_hurdle,0,461,461,30,16.0,15.207612578682305,0.7923874213176951,12.285714285714286
49,logistic_hurdle,1,491,491,30,10.0,22.666576459006134,12.666576459006134,12.4
49,logistic_hurdle,2,521,521,30,3.0,14.582553964705921,11.582553964705921,12.0
49,logistic_hurdle,3,551,551,30,0.0,12.765883608017173,12.765883608017173,11.705882352941176
49,logistic_hurdle,4,581,581,30,0.0,2.273375668540054,2.273375668540054,11.222222222222221
49,logistic_hurdle,5,611,611,30,0.0,0.4814313043001154,0.4814313043001154,10.631578947368421
49,logistic_hurdle,6,641,641,30,0.0,0.0,0.0,10.1
49,logistic_hurdle,7,671,671,30,0.0,0.0,0.0,9.619047619047619
49,logistic_hurdle,8,701,701,30,0.0,0.0,0.0,9.181818181818182
49,logistic_hurdle,9,731,731,30,0.0,0.0,0.0,8.782608695652174
49,logistic_hurdle,10,761,761,30,0.0,0.0,0.0,8.416666666666666
49,logistic_hurdle,11,791,791,30,0.0,0.0,0.0,8.08
51,logistic_hurdle,0,461,461,30,0.0,0.0,0.0,0.0
51,logistic_hurdle,1,491,491,30,0.0,0.0,0.0,0.0
51,logistic_hurdle,2,521,521,30,0.0,0.0,0.0,0.0
51,logistic_hurdle,3,551,551,30,0.0,0.0,0.0,0.0
51,logistic_hurdle,4,581,581,30,0.0,0.0,0.0,0.0
51,logistic_hurdle,5,611,611,30,0.0,0.0,0.0,0.0
51,logistic_hurdle,6,641,641,30,0.0,0.0,0.0,0.0
51,logistic_hurdle,7,671,671,30,0.0,0.0,0.0,0.0
51,logistic_hurdle,8,701,701,30,0.0,0.0,0.0,0.0
51,logistic_hurdle,9,731,731,30,0.0,0.0,0.0,0.0
51,logistic_hurdle,10,761,761,30,0.0,0.0,0.0,0.0
51,logistic_hurdle,11,791,791,30,0.0,0.0,0.0,0.0
52,logistic_hurdle,0,461,461,30,0.0,11.156935113767657,11.156935113767657,8.0
52,logistic_hurdle,1,491,491,30,0.0,1.9298457232339188,1.9298457232339188,7.533333333333333
52,logistic_hurdle,2,521,521,30,0.0,0.3616132652898525,0.3616132652898525,7.0625
52,logistic_hurdle,3,551,551,30,0.0,0.0,0.0,6.647058823529412
52,logistic_hurdle,4,581,581,30,0.0,0.0,0.0,6.277777777777778
52,logistic_hurdle,5,611,611,30,0.0,0.0,0.0,5.947368421052632
52,logistic_hurdle,6,641,641,30,0.0,0.0,0.0,5.65
52,logistic_hurdle,7,671,671,30,0.0,0.0,0.0,5.380952380952381
52,logistic_hurdle,8,701,701,30,0.0,0.0,0.0,5.136363636363637
52,logistic_hurdle,9,731,731,30,2.0,0.0,2.0,4.913043478260869
52,logistic_hurdle,10,761,761,30,0.0,0.582852069494831,0.582852069494831,4.791666666666667
52,logistic_hurdle,11,791,791,30,0.0,2.915823535813104,2.915823535813104,4.68
54,logistic_hurdle,0,461,461,30,114.0,84.06055149732097,29.939448502679028,12.714285714285714
54,logistic_hurdle,1,491,491,30,116.0,105.50825738768907,10.49174261231093,15.866666666666667
54,logistic_hurdle,2,521,521,30,179.0,108.01280946069984,70.98719053930016,15.0
54,logistic_hurdle,3,551,551,30,339.0,102.54308099971598,236.45691900028402,17.823529411764707
54,logistic_hurdle,4,581,581,30,424.0,213.725608996985,210.274391003015,25.72222222222222
54,logistic_hurdle,5,611,611,30,0.0,147.91104697559535,147.91104697559535,28.842105263157894
54,logistic_hurdle,6,641,641,30,0.0,27.181500782163816,27.181500782163816,48.6
54,logistic_hurdle,7,671,671,30,0.0,13.917123340869102,13.917123340869102,46.285714285714285
54,logistic_hurdle,8,701,701,30,0.0,0.0,0.0,44.18181818181818
54,logistic_hurdle,9,731,731,30,0.0,0.0,0.0,42.26086956521739
54,logistic_hurdle,10,761,761,30,0.0,0.0,0.0,40.5
54,logistic_hurdle,11,791,791,30,0.0,0.0,0.0,38.88
55,logistic_hurdle,0,461,461,30,0.0,0.0,0.0,0.0
55,logistic_hurdle,1,491,491,30,0.0,0.0,0.0,0.0
55,logistic_hurdle,2,521,521,30,0.0,0.0,0.0,0.0
55,logistic_hurdle,3,551,551,30,0.0,0.0,0.0,0.0
55,logistic_hurdle,4,581,581,30,0.0,0.0,0.0,0.0
55,logistic_hurdle,5,611,611,30,515.0,0.0,515.0,0.0
55,logistic_hurdle,6,641,641,30,88.0,561.1586691762634,473.1586691762634,25.75
55,logistic_hurdle,7,671,671,30,72.0,302.07560599698286,230.07560599698286,44.857142857142854
55,logistic_hurdle,8,701,701,30,87.0,185.82382315681755,98.82382315681755,43.54545454545455
55,logistic_hurdle,9,731,731,30,228.0,91.15027470676317,136.84972529323682,42.30434782608695
55,logistic_hurdle,10,761,761,30,195.0,138.7033578331538,56.2966421668462,46.416666666666664
55,logistic_hurdle,11,791,791,30,90.0,179.59136212321732,89.59136212321732,45.88
57,logistic_hurdle,0,461,461,30,2.0,2.599168700437843,0.599168700437843,4.071428571428571
57,logistic_hurdle,1,491,491,30,54.0,6.462154717462245,47.53784528253775,3.8666666666666667
57,logistic_hurdle,2,521,521,30,39.0,26.615911553288463,12.384088446711537,6.875
57,logistic_hurdle,3,551,551,30,19.0,27.838956583098145,8.838956583098145,7.352941176470588
57,logistic_hurdle,4,581,581,30,11.0,26.990874335595567,15.990874335595567,8.055555555555555
57,logistic_hurdle,5,611,611,30,35.0,11.924625485311806,23.075374514688193,8.052631578947368
57,logistic_hurdle,6,641,641,30,36.0,20.042483145370248,15.957516854629752,8.85
57,logistic_hurdle,7,671,671,30,30.0,24.262985162479133,5.737014837520867,8.476190476190476
57,logistic_hurdle,8,701,701,30,31.0,23.537644757633412,7.462355242366588,8.363636363636363
57,logistic_hurdle,9,731,731,30,80.0,27.818722507746127,52.18127749225387,8.043478260869565
57,logistic_hurdle,10,761,761,30,18.0,43.29135255941101,25.29135255941101,9.75
57,logistic_hurdle,11,791,791,30,0.0,42.95264969391534,42.95264969391534,11.84
58,logistic_hurdle,0,461,461,30,12.0,23.20175606049355,11.201756060493551,3.2857142857142856
58,logistic_hurdle,1,491,491,30,7.0,15.494100771313747,8.494100771313747,3.3333333333333335
58,logistic_hurdle,2,521,521,30,47.0,16.80432432900736,30.19567567099264,3.4375
58,logistic_hurdle,3,551,551,30,55.0,26.979141239843944,28.020858760156056,5.588235294117647
58,logistic_hurdle,4,581,581,30,67.0,47.57488836815797,19.42511163184203,5.722222222222222
58,logistic_hurdle,5,611,611,30,55.0,28.48336080699207,26.51663919300793,6.052631578947368
58,logistic_hurdle,6,641,641,30,15.0,80.42351328874803,65.42351328874803,6.35
58,logistic_hurdle,7,671,671,30,11.0,60.0668048872822,49.0668048872822,7.9523809523809526
58,logistic_hurdle,8,701,701,30,22.0,18.82779819357158,3.1722018064284185,7.7727272727272725
58,logistic_hurdle,9,731,731,30,31.0,20.99068540280018,10.009314597199818,7.913043478260869
58,logistic_hurdle,10,761,761,30,1.0,24.135768104889717,23.135768104889717,7.958333333333333
58,logistic_hurdle,11,791,791,30,0.0,7.495608526687283,7.495608526687283,8.84
59,logistic_hurdle,0,461,461,30,28.0,30.66489968780304,2.6648996878030395,6.071428571428571
59,logistic_hurdle,1,491,491,30,30.0,24.455991101273288,5.544008898726712,6.8
59,logistic_hurdle,2,521,521,30,19.0,22.343184621682767,3.3431846216827665,6.5
59,logistic_hurdle,3,551,551,30,6.0,17.12976824364711,11.12976824364711,6.764705882352941
59,logistic_hurdle,4,581,581,30,0.0,13.201979273708975,13.201979273708975,7.111111111111111
59,logistic_hurdle,5,611,611,30,0.0,2.1570054748423626,2.1570054748423626,7.052631578947368
59,logistic_hurdle,6,641,641,30,7.0,0.4172742322148463,6.582725767785154,6.7
59,logistic_hurdle,7,671,671,30,9.0,21.62265429430832,12.622654294308319,6.714285714285714
59,logistic_hurdle,8,701,701,30,15.0,17.21352264739489,2.213522647394889,6.5
59,logistic_hurdle,9,731,731,30,38.0,16.261645174326166,21.738354825673834,6.478260869565218
59,logistic_hurdle,10,761,761,30,23.0,26.552034948781955,3.552034948781955,7.166666666666667
59,logistic_hurdle,11,791,791,30,7.0,25.757988323979234,18.757988323979234,7.48
60,logistic_hurdle,0,461,461,30,0.0,0.25839801632734777,0.25839801632734777,0.14285714285714285
60,logistic_hurdle,1,491,491,30,0.0,0.0,0.0,0.13333333333333333
60,logistic_hurdle,2,521,521,30,0.0,0.0,0.0,0.125
60,logistic_hurdle,3,551,551,30,0.0,0.0,0.0,0.11764705882352941
60,logistic_hurdle,4,581,581,30,1.0,0.0,1.0,0.1111111111111111
60,logistic_hurdle,5,611,611,30,0.0,2.726622267676735,2.726622267676735,0.15789473684210525
60,logistic_hurdle,6,641,641,30,0.0,0.4397487020565983,0.4397487020565983,0.2
60,logistic_hurdle,7,671,671,30,0.0,0.20103836959217675,0.20103836959217675,0.19047619047619047
60,logistic_hurdle,8,701,701,30,0.0,0.0,0.0,0.18181818181818182
60,logistic_hurdle,9,731,731,30,0.0,0.0,0.0,0.17391304347826086
60,logistic_hurdle,10,761,761,30,0.0,0.0,0.0,0.16666666666666666
60,logistic_hurdle,11,791,791,30,0.0,0.0,0.0,0.16
64,logistic_hurdle,0,461,461,30,11.0,13.409024848151411,2.409024848151411,0.2857142857142857
64,logistic_hurdle,1,491,491,30,8.0,12.032753722831416,4.032753722831416,0.7333333333333333
64,logistic_hurdle,2,521,521,30,1.0,9.957096039431102,8.957096039431102,0.875
64,logistic_hurdle,3,551,551,30,1.0,7.370534543661059,6.370534543661059,1.2352941176470589
64,logistic_hurdle,4,581,581,30,1.0,6.326825580159786,5.326825580159786,1.1666666666666667
64,logistic_hurdle,5,611,611,30,1.0,2.6769746769843934,1.6769746769843934,1.105263157894737
64,logistic_hurdle,6,641,641,30,4.0,1.9057457312129926,2.094254268787007,1.05
64,logistic_hurdle,7,671,671,30,0.0,3.644903311851288,3.644903311851288,1.1428571428571428
64,logistic_hurdle,8,701,701,30,0.0,0.7487420478252109,0.7487420478252109,1.2727272727272727
64,logistic_hurdle,9,731,731,30,0.0,0.46230045725386054,0.46230045725386054,1.2173913043478262
64,logistic_hurdle,10,761,761,30,0.0,0.0,0.0,1.1666666666666667
64,logistic_hurdle,11,791,791,30,0.0,0.0,0.0,1.12
67,logistic_hurdle,0,461,461,30,0.0,0.9659114481437375,0.9659114481437375,0.2857142857142857
67,logistic_hurdle,1,491,491,30,0.0,0.25409025386421746,0.25409025386421746,0.26666666666666666
67,logistic_hurdle,2,521,521,30,0.0,0.0,0.0,0.25
67,logistic_hurdle,3,551,551,30,0.0,0.0,0.0,0.23529411764705882
67,logistic_hurdle,4,581,581,30,0.0,0.0,0.0,0.2222222222222222
67,logistic_hurdle,5,611,611,30,0.0,0.0,0.0,0.21052631578947367
67,logistic_hurdle,6,641,641,30,0.0,0.0,0.0,0.2
67,logistic_hurdle,7,671,671,30,0.0,0.0,0.0,0.19047619047619047
67,logistic_hurdle,8,701,701,30,0.0,0.0,0.0,0.18181818181818182
67,logistic_hurdle,9,731,731,30,0.0,0.0,0.0,0.17391304347826086
67,logistic_hurdle,10,761,761,30,0.0,0.0,0.0,0.16666666666666666
67,logistic_hurdle,11,791,791,30,0.0,0.0,0.0,0.16
73,logistic_hurdle,0,461,461,30,0.0,2.5600444305258105,2.5600444305258105,10.714285714285714
73,logistic_hurdle,1,491,491,30,0.0,1.0414056667469522,1.0414056667469522,10.0
73,logistic_hurdle,2,521,521,30,0.0,0.0,0.0,9.375
73,logistic_hurdle,3,551,551,30,0.0,0.0,0.0,8.823529411764707
73,logistic_hurdle,4,581,581,30,0.0,0.0,0.0,8.333333333333334
73,logistic_hurdle,5,611,611,30,0.0,0.0,0.0,7.894736842105263
73,logistic_hurdle,6,641,641,30,0.0,0.0,0.0,7.5
73,logistic_hurdle,7,671,671,30,0.0,0.0,0.0,7.142857142857143
73,logistic_hurdle,8,701,701,30,0.0,0.0,0.0,6.818181818181818
73,logistic_hurdle,9,731,731,30,0.0,0.0,0.0,6.521739130434782
73,logistic_hurdle,10,761,761,30,0.0,0.0,0.0,6.25
73,logistic_hurdle,11,791,791,30,0.0,0.0,0.0,6.0
74,logistic_hurdle,0,461,461,30,0.0,0.0,0.0,0.0
74,logistic_hurdle,1,491,491,30,0.0,0.0,0.0,0.0
74,logistic_hurdle,2,521,521,30,0.0,0.0,0.0,0.0
74,logistic_hurdle,3,551,551,30,100.0,0.0,100.0,0.0
74,logistic_hurdle,4,581,581,30,225.0,107.09537197222703,117.90462802777297,5.555555555555555
74,logistic_hurdle,5,611,611,30,265.0,86.22363302240798,178.77636697759203,11.842105263157896
74,logistic_hurdle,6,641,641,30,38.0,214.52848098628058,176.52848098628058,13.25
74,logistic_hurdle,7,671,671,30,68.0,126.9617660011587,58.96176600115869,23.428571428571427
74,logistic_hurdle,8,701,701,30,141.0,114.49933518404616,26.50066481595384,23.727272727272727
74,logistic_hurdle,9,731,731,30,120.0,86.11799762963325,33.88200237036675,25.869565217391305
74,logistic_hurdle,10,761,761,30,395.0,88.85121281403669,306.14878718596333,25.666666666666668
74,logistic_hurdle,11,791,791,30,60.0,199.9578767910289,139.9578767910289,35.64
76,logistic_hurdle,0,461,461,30,3.0,8.107894163710306,5.107894163710306,0.6428571428571429
76,logistic_hurdle,1,491,491,30,8.0,6.555572613150089,1.4444273868499113,0.7333333333333333
76,logistic_hurdle,2,521,521,30,3.0,6.932612322331985,3.932612322331985,1.0
76,logistic_hurdle,3,551,551,30,1.0,5.96553060296224,4.96553060296224,1.2352941176470589
76,logistic_hurdle,4,581,581,30,5.0,2.360638758750369,2.639361241249631,1.2777777777777777
76,logistic_hurdle,5,611,611,30,2.0,5.371634679223818,3.371634679223818,1.4210526315789473
76,logistic_hurdle,6,641,641,30,2.0,6.93387957765988,4.93387957765988,1.5
76,logistic_hurdle,7,671,671,30,0.0,9.323845135145302,9.323845135145302,1.4285714285714286
76,logistic_hurdle,8,701,701,30,0.0,1.8441741967588345,1.8441741967588345,1.4545454545454546
76,logistic_hurdle,9,731,731,30,0.0,0.5908848404191073,0.5908848404191073,1.391304347826087
76,logistic_hurdle,10,761,761,30,0.0,0.0,0.0,1.3333333333333333
76,logistic_hurdle,11,791,791,30,0.0,0.0,0.0,1.28
81,logistic_hurdle,0,461,461,30,5.0,12.054738085195465,7.054738085195465,1.3571428571428572
81,logistic_hurdle,1,491,491,30,8.0,8.466660012553227,0.466660012553227,1.4
81,logistic_hurdle,2,521,521,30,3.0,5.730920362230417,2.7309203622304166,1.5
81,logistic_hurdle,3,551,551,30,12.0,7.758487716474551,4.241512283525449,1.7058823529411764
81,logistic_hurdle,4,581,581,30,21.0,11.039413715468074,9.960586284531926,2.111111111111111
81,logistic_hurdle,5,611,611,30,6.0,7.416120366269425,1.4161203662694248,2.473684210526316
81,logistic_hurdle,6,641,641,30,9.0,15.05452862021548,6.05452862021548,3.1
81,logistic_hurdle,7,671,671,30,0.0,14.632816336857056,14.632816336857056,3.0952380952380953
81,logistic_hurdle,8,701,701,30,0.0,2.5566561672312424,2.5566561672312424,3.3636363636363638
81,logistic_hurdle,9,731,731,30,0.0,0.5238884273008567,0.5238884273008567,3.217391304347826
81,logistic_hurdle,10,761,761,30,0.0,0.0,0.0,3.0833333333333335
81,logistic_hurdle,11,791,791,30,0.0,0.0,0.0,2.96
84,logistic_hurdle,0,461,461,30,4.0,13.610759661709615,9.610759661709615,2.642857142857143
84,logistic_hurdle,1,491,491,30,0.0,3.6557263870866,3.6557263870866,3.2
84,logistic_hurdle,2,521,521,30,44.0,0.9300571454498837,43.06994285455011,3.25
84,logistic_hurdle,3,551,551,30,29.0,41.18330269935243,12.183302699352431,5.647058823529412
84,logistic_hurdle,4,581,581,30,111.0,32.05257681512,78.94742318488,6.166666666666667
84,logistic_hurdle,5,611,611,30,139.0,23.20882997096411,115.7911700290359,10.157894736842104
84,logistic_hurdle,6,641,641,30,44.0,75.55049356184601,31.55049356184601,11.05
84,logistic_hurdle,7,671,671,30,24.0,77.49860501490679,53.498605014906786,15.047619047619047
84,logistic_hurdle,8,701,701,30,0.0,46.263932481645426,46.263932481645426,15.272727272727273
84,logistic_hurdle,9,731,731,30,0.0,4.597066020108976,4.597066020108976,15.652173913043478
84,logistic_hurdle,10,761,761,30,0.0,0.9090615467928042,0.9090615467928042,15.0
84,logistic_hurdle,11,791,791,30,0.0,0.0,0.0,14.4
101,logistic_hurdle,0,461,461,30,4.0,0.0,4.0,0.0
101,logistic_hurdle,1,491,491,30,10.0,7.623532549313143,2.3764674506868566,0.26666666666666666
101,logistic_hurdle,2,521,521,30,0.0,8.354002676987207,8.354002676987207,0.625
101,logistic_hurdle,3,551,551,30,6.0,1.7993180955424055,4.2006819044575945,1.1764705882352942
101,logistic_hurdle,4,581,581,30,5.0,6.20325347495582,1.2032534749558197,1.4444444444444444
101,logistic_hurdle,5,611,611,30,2.0,5.673854856816242,3.6738548568162424,1.4210526315789473
101,logistic_hurdle,6,641,641,30,0.0,7.220006560948813,7.220006560948813,1.5
101,logistic_hurdle,7,671,671,30,8.0,1.3893870387623597,6.61061296123764,1.5238095238095237
101,logistic_hurdle,8,701,701,30,2.0,8.461880806137746,6.461880806137746,1.8181818181818181
101,logistic_hurdle,9,731,731,30,4.0,6.495432794897996,2.4954327948979964,2.0
101,logistic_hurdle,10,761,761,30,12.0,7.907225050905963,4.092774949094037,2.0
101,logistic_hurdle,11,791,791,30,0.0,6.890505817169692,6.890505817169692,2.24
102,logistic_hurdle,0,461,461,30,0.0,0.0,0.0,0.0
102,logistic_hurdle,1,491,491,30,0.0,0.0,0.0,0.0
102,logistic_hurdle,2,521,521,30,0.0,0.0,0.0,0.0
102,logistic_hurdle,3,551,551,30,0.0,0.0,0.0,0.0
102,logistic_hurdle,4,581,581,30,0.0,0.0,0.0,0.0
102,logistic_hurdle,5,611,611,30,0.0,0.0,0.0,0.0
102,logistic_hurdle,6,641,641,30,9.0,0.0,9.0,0.0
102,logistic_hurdle,7,671,671,30,12.0,88.56020269545641,76.56020269545641,0.42857142857142855
102,logistic_hurdle,8,701,701,30,6.0,20.091085317212503,14.091085317212503,0.5454545454545454
102,logistic_hurdle,9,731,731,30,15.0,13.635610009231026,1.3643899907689736,0.782608695652174
102,logistic_hurdle,10,761,761,30,30.0,12.059572513127703,17.940427486872295,1.125
102,logistic_hurdle,11,791,791,30,1.0,20.807968283043284,19.807968283043284,1.68
103,logistic_hurdle,0,461,461,30,2.0,16.871808792039147,14.871808792039147,0.7857142857142857
103,logistic_hurdle,1,491,491,30,54.0,5.015671070478395,48.9843289295216,1.3333333333333333
103,logistic_hurdle,2,521,521,30,0.0,24.033872813989298,24.033872813989298,4.5
103,logistic_hurdle,3,551,551,30,41.0,13.64560044571081,27.354399554289188,7.411764705882353
103,logistic_hurdle,4,581,581,30,0.0,54.07354562779364,54.07354562779364,9.277777777777779
103,logistic_hurdle,5,611,611,30,10.0,13.817906244337841,3.8179062443378413,10.947368421052632
103,logistic_hurdle,6,641,641,30,4.0,27.96790024748828,23.96790024748828,10.9
103,logistic_hurdle,7,671,671,30,20.0,5.118461845461787,14.881538154538212,10.666666666666666
103,logistic_hurdle,8,701,701,30,7.0,9.829447400815969,2.829447400815969,10.909090909090908
103,logistic_hurdle,9,731,731,30,16.0,11.152833706419766,4.8471662935802335,11.0
103,logistic_hurdle,10,761,761,30,5.0,10.750185496275945,5.750185496275945,10.916666666666666
103,logistic_hurdle,11,791,791,30,1.0,8.264399414155394,7.264399414155394,10.92
104,logistic_hurdle,0,461,461,30,7.0,2.285901633457624,4.714098366542376,4.5
104,logistic_hurdle,1,491,491,30,4.0,6.0281292888730444,2.0281292888730444,4.6
104,logistic_hurdle,2,521,521,30,3.0,6.2826728705484784,3.2826728705484784,4.5
104,logistic_hurdle,3,551,551,30,0.0,4.43517490246041,4.43517490246041,4.294117647058823
104,logistic_hurdle,4,581,581,30,0.0,1.0159057559803661,1.0159057559803661,4.222222222222222
104,logistic_hurdle,5,611,611,30,0.0,0.7144262844282379,0.7144262844282379,4.0
104,logistic_hurdle,6,641,641,30,0.0,0.0,0.0,3.8
104,logistic_hurdle,7,671,671,30,0.0,0.0,0.0,3.619047619047619
104,logistic_hurdle,8,701,701,30,0.0,0.0,0.0,3.4545454545454546
104,logistic_hurdle,9,731,731,30,0.0,0.0,0.0,3.3043478260869565
104,logistic_hurdle,10,761,761,30,1.0,0.0,1.0,3.1666666666666665
104,logistic_hurdle,11,791,791,30,0.0,2.085886736608207,2.085886736608207,3.08
105,logistic_hurdle,0,461,461,30,1.0,2.8596869893813435,1.8596869893813435,7.071428571428571
105,logistic_hurdle,1,491,491,30,0.0,3.1800098496452494,3.1800098496452494,6.733333333333333
105,logistic_hurdle,2,521,521,30,1.0,0.8472508921917886,0.15274910780821138,6.375
105,logistic_hurdle,3,551,551,30,1.0,1.3389718014997916,0.33897180149979156,6.0588235294117645
105,logistic_hurdle,4,581,581,30,0.0,0.367406001389335,0.367406001389335,5.722222222222222
105,logistic_hurdle,5,611,611,30,0.0,1.1574042958855824,1.1574042958855824,5.473684210526316
105,logistic_hurdle,6,641,641,30,0.0,0.3000307216250975,0.3000307216250975,5.2
105,logistic_hurdle,7,671,671,30,0.0,0.0,0.0,4.9523809523809526
105,logistic_hurdle,8,701,701,30,0.0,0.0,0.0,4.7272727272727275
105,logistic_hurdle,9,731,731,30,0.0,0.0,0.0,4.521739130434782
105,logistic_hurdle,10,761,761,30,0.0,0.0,0.0,4.333333333333333
105,logistic_hurdle,11,791,791,30,0.0,0.0,0.0,4.16
109,logistic_hurdle,0,461,461,30,0.0,41.31166598695721,41.31166598695721,0.35714285714285715
109,logistic_hurdle,1,491,491,30,25.0,6.410479619733898,18.5895203802661,0.6666666666666666
109,logistic_hurdle,2,521,521,30,5.0,30.128626072011386,25.128626072011386,2.1875
109,logistic_hurdle,3,551,551,30,9.0,16.205641253834237,7.205641253834237,3.235294117647059
109,logistic_hurdle,4,581,581,30,49.0,17.868996913666543,31.131003086333457,3.2777777777777777
109,logistic_hurdle,5,611,611,30,166.0,18.029824699866467,147.97017530013352,5.2105263157894735
109,logistic_hurdle,6,641,641,30,8.0,133.70145008371438,125.70145008371438,10.8
109,logistic_hurdle,7,671,671,30,4.0,82.9903943856363,78.9903943856363,17.80952380952381
109,logistic_hurdle,8,701,701,30,3.0,60.15269927449805,57.15269927449805,17.181818181818183
109,logistic_hurdle,9,731,731,30,38.0,6.452114975730008,31.54788502426999,16.47826086956522
109,logistic_hurdle,10,761,761,30,13.0,20.067261287698344,7.067261287698344,17.25
109,logistic_hurdle,11,791,791,30,7.0,15.802572853405154,8.802572853405154,17.56
110,logistic_hurdle,0,461,461,30,0.0,0.0,0.0,0.0
110,logistic_hurdle,1,491,491,30,0.0,0.0,0.0,0.0
110,logistic_hurdle,2,521,521,30,0.0,0.0,0.0,0.0
110,logistic_hurdle,3,551,551,30,6.0,0.0,6.0,0.0
110,logistic_hurdle,4,581,581,30,114.0,13.422996970656136,100.57700302934387,0.3333333333333333
110,logistic_hurdle,5,611,611,30,91.0,58.78898145052624,32.21101854947376,6.0
110,logistic_hurdle,6,641,641,30,11.0,107.34898090263687,96.34898090263687,6.85
110,logistic_hurdle,7,671,671,30,0.0,104.29266458489799,104.29266458489799,10.333333333333334
110,logistic_hurdle,8,701,701,30,0.0,13.760166569377585,13.760166569377585,10.363636363636363
110,logistic_hurdle,9,731,731,30,2.0,1.1322187856550818,0.8677812143449182,9.91304347826087
110,logistic_hurdle,10,761,761,30,0.0,3.2052303490942675,3.2052303490942675,9.583333333333334
110,logistic_hurdle,11,791,791,30,0.0,0.54402794359377,0.54402794359377,9.28
111,logistic_hurdle,0,461,461,30,11.0,41.23500218635132,30.235002186351323,1.8571428571428572
111,logistic_hurdle,1,491,491,30,16.0,22.798089643350117,6.798089643350117,2.7333333333333334
111,logistic_hurdle,2,521,521,30,16.0,23.758718320847784,7.758718320847784,2.875
111,logistic_hurdle,3,551,551,30,0.0,13.131627602936414,13.131627602936414,2.7058823529411766
111,logistic_hurdle,4,581,581,30,0.0,2.974030206509321,2.974030206509321,3.4444444444444446
111,logistic_hurdle,5,611,611,30,0.0,0.4923123830171289,0.4923123830171289,3.263157894736842
111,logistic_hurdle,6,641,641,30,0.0,0.0,0.0,3.1
111,logistic_hurdle,7,671,671,30,0.0,0.0,0.0,2.9523809523809526
111,logistic_hurdle,8,701,701,30,0.0,0.0,0.0,2.8181818181818183
111,logistic_hurdle,9,731,731,30,0.0,0.0,0.0,2.6956521739130435
111,logistic_hurdle,10,761,761,30,0.0,0.0,0.0,2.5833333333333335
111,logistic_hurdle,11,791,791,30,0.0,0.0,0.0,2.48
112,logistic_hurdle,0,461,461,30,76.0,61.02836829723976,14.971631702760241,32.785714285714285
112,logistic_hurdle,1,491,491,30,76.0,80.56783880889832,4.5678388088983155,31.866666666666667
112,logistic_hurdle,2,521,521,30,36.0,79.13398770922721,43.13398770922721,29.875
112,logistic_hurdle,3,551,551,30,50.0,39.94136225513848,10.058637744861521,30.470588235294116
112,logistic_hurdle,4,581,581,30,38.0,58.390994241599856,20.390994241599856,29.555555555555557
112,logistic_hurdle,5,611,611,30,42.0,22.287906472474514,19.712093527525486,28.63157894736842
112,logistic_hurdle,6,641,641,30,30.0,52.64255258732274,22.64255258732274,27.4
112,logistic_hurdle,7,671,671,30,70.0,43.215729930090426,26.784270069909574,26.666666666666668
112,logistic_hurdle,8,701,701,30,40.0,43.97013348294838,3.970133482948377,27.272727272727273
112,logistic_hurdle,9,731,731,30,52.0,45.221425820763834,6.778574179236166,27.391304347826086
112,logistic_hurdle,10,761,761,30,189.0,65.08490766971275,123.91509233028725,26.75
112,logistic_hurdle,11,791,791,30,8.0,100.28060623705866,92.28060623705866,31.16
113,logistic_hurdle,0,461,461,30,2.0,3.502930793430288,1.5029307934302878,0.9285714285714286
113,logistic_hurdle,1,491,491,30,6.0,5.7915232985481016,0.20847670145189845,0.9333333333333333
113,logistic_hurdle,2,521,521,30,2.0,5.1544087299660335,3.1544087299660335,1.125
113,logistic_hurdle,3,551,551,30,0.0,2.39651251271362,2.39651251271362,1.2941176470588236
113,logistic_hurdle,4,581,581,30,0.0,0.4957899589779414,0.4957899589779414,1.3333333333333333
113,logistic_hurdle,5,611,611,30,0.0,0.2981079041022714,0.2981079041022714,1.263157894736842
113,logistic_hurdle,6,641,641,30,0.0,0.0,0.0,1.2
113,logistic_hurdle,7,671,671,30,0.0,0.0,0.0,1.1428571428571428
113,logistic_hurdle,8,701,701,30,0.0,0.0,0.0,1.0909090909090908
113,logistic_hurdle,9,731,731,30,0.0,0.0,0.0,1.0434782608695652
113,logistic_hurdle,10,761,761,30,0.0,0.0,0.0,1.0
113,logistic_hurdle,11,791,791,30,0.0,0.0,0.0,0.96
116,logistic_hurdle,0,461,461,30,0.0,0.0,0.0,0.2857142857142857
116,logistic_hurdle,1,491,491,30,0.0,0.0,0.0,0.26666666666666666
116,logistic_hurdle,2,521,521,30,0.0,0.0,0.0,0.25
116,logistic_hurdle,3,551,551,30,0.0,0.0,0.0,0.23529411764705882
116,logistic_hurdle,4,581,581,30,0.0,0.0,0.0,0.2222222222222222
116,logistic_hurdle,5,611,611,30,0.0,0.0,0.0,0.21052631578947367
116,logistic_hurdle,6,641,641,30,0.0,0.0,0.0,0.2
116,logistic_hurdle,7,671,671,30,0.0,0.0,0.0,0.19047619047619047
116,logistic_hurdle,8,701,701,30,0.0,0.0,0.0,0.18181818181818182
116,logistic_hurdle,9,731,731,30,0.0,0.0,0.0,0.17391304347826086
116,logistic_hurdle,10,761,761,30,0.0,0.0,0.0,0.16666666666666666
116,logistic_hurdle,11,791,791,30,0.0,0.0,0.0,0.16
117,logistic_hurdle,0,461,461,30,0.0,0.0,0.0,0.0
117,logistic_hurdle,1,491,491,30,0.0,0.0,0.0,0.0
117,logistic_hurdle,2,521,521,30,0.0,0.0,0.0,0.0
117,logistic_hurdle,3,551,551,30,0.0,0.0,0.0,0.0
117,logistic_hurdle,4,581,581,30,0.0,0.0,0.0,0.0
117,logistic_hurdle,5,611,611,30,0.0,0.0,0.0,0.0
117,logistic_hurdle,6,641,641,30,0.0,0.0,0.0,0.0
117,logistic_hurdle,7,671,671,30,0.0,0.0,0.0,0.0
117,logistic_hurdle,8,701,701,30,2.0,0.0,2.0,0.0
117,logistic_hurdle,9,731,731,30,0.0,9.838766240597169,9.838766240597169,0.08695652173913043
117,logistic_hurdle,10,761,761,30,0.0,1.2960573061385878,1.2960573061385878,0.16666666666666666
117,logistic_hurdle,11,791,791,30,0.0,0.33493670207294884,0.33493670207294884,0.16
118,logistic_hurdle,0,461,461,30,0.0,0.0,0.0,0.6428571428571429
118,logistic_hurdle,1,491,491,30,0.0,0.0,0.0,0.6
118,logistic_hurdle,2,521,521,30,0.0,0.0,0.0,0.5625
118,logistic_hurdle,3,551,551,30,0.0,0.0,0.0,0.5294117647058824
118,logistic_hurdle,4,581,581,30,0.0,0.0,0.0,0.5
118,logistic_hurdle,5,611,611,30,0.0,0.0,0.0,0.47368421052631576
118,logistic_hurdle,6,641,641,30,0.0,0.0,0.0,0.45
118,logistic_hurdle,7,671,671,30,0.0,0.0,0.0,0.42857142857142855
118,logistic_hurdle,8,701,701,30,0.0,0.0,0.0,0.4090909090909091
118,logistic_hurdle,9,731,731,30,0.0,0.0,0.0,0.391304347826087
118,logistic_hurdle,10,761,761,30,0.0,0.0,0.0,0.375
118,logistic_hurdle,11,791,791,30,0.0,0.0,0.0,0.36
120,logistic_hurdle,0,461,461,30,0.0,0.0,0.0,0.0
120,logistic_hurdle,1,491,491,30,0.0,0.0,0.0,0.0
120,logistic_hurdle,2,521,521,30,0.0,0.0,0.0,0.0
120,logistic_hurdle,3,551,551,30,0.0,0.0,0.0,0.0
120,logistic_hurdle,4,581,581,30,0.0,0.0,0.0,0.0
120,logistic_hurdle,5,611,611,30,0.0,0.0,0.0,0.0
120,logistic_hurdle,6,641,641,30,0.0,0.0,0.0,0.0
120,logistic_hurdle,7,671,671,30,7.0,0.0,7.0,0.0
120,logistic_hurdle,8,701,701,30,7.0,16.1451324724484,9.145132472448399,0.3181818181818182
120,logistic_hurdle,9,731,731,30,8.0,10.640996810171414,2.640996810171414,0.30434782608695654
120,logistic_hurdle,10,761,761,30,32.0,9.742049850842491,22.25795014915751,0.3333333333333333
120,logistic_hurdle,11,791,791,30,0.0,18.52080535564586,18.52080535564586,1.28
122,logistic_hurdle,0,461,461,30,1.0,0.0,1.0,0.0
122,logistic_hurdle,1,491,491,30,0.0,2.641921463387124,2.641921463387124,0.06666666666666667
122,logistic_hurdle,2,521,521,30,0.0,0.3899791696882921,0.3899791696882921,0.125
122,logistic_hurdle,3,551,551,30,0.0,0.2289926686537795,0.2289926686537795,0.11764705882352941
122,logistic_hurdle,4,581,581,30,0.0,0.0,0.0,0.1111111111111111
122,logistic_hurdle,5,611,611,30,0.0,0.0,0.0,0.10526315789473684
122,logistic_hurdle,6,641,641,30,0.0,0.0,0.0,0.1
122,logistic_hurdle,7,671,671,30,0.0,0.0,0.0,0.09523809523809523
122,logistic_hurdle,8,701,701,30,0.0,0.0,0.0,0.09090909090909091
122,logistic_hurdle,9,731,731,30,0.0,0.0,0.0,0.08695652173913043
122,logistic_hurdle,10,761,761,30,0.0,0.0,0.0,0.08333333333333333
122,logistic_hurdle,11,791,791,30,0.0,0.0,0.0,0.08
124,logistic_hurdle,0,461,461,30,0.0,0.0,0.0,0.0
124,logistic_hurdle,1,491,491,30,0.0,0.0,0.0,0.0
124,logistic_hurdle,2,521,521,30,0.0,0.0,0.0,0.0
124,logistic_hurdle,3,551,551,30,16.0,0.0,16.0,0.0
124,logistic_hurdle,4,581,581,30,85.0,14.256302179254222,70.74369782074578,0.8888888888888888
124,logistic_hurdle,5,611,611,30,97.0,33.94159732495087,63.05840267504913,4.473684210526316
124,logistic_hurdle,6,641,641,30,13.0,76.92484074046692,63.92484074046692,4.85
124,logistic_hurdle,7,671,671,30,13.0,72.8547271608638,59.8547271608638,8.619047619047619
124,logistic_hurdle,8,701,701,30,12.0,41.02736069919089,29.027360699190893,8.227272727272727
124,logistic_hurdle,9,731,731,30,14.0,16.85860625153097,2.8586062515309685,7.913043478260869
124,logistic_hurdle,10,761,761,30,39.0,17.771318575832748,21.228681424167252,7.666666666666667
124,logistic_hurdle,11,791,791,30,3.0,21.06574599075678,18.06574599075678,8.36
125,logistic_hurdle,0,461,461,30,86.0,21.974628354509584,64.02537164549042,1.1428571428571428
125,logistic_hurdle,1,491,491,30,33.0,57.44720170110153,24.447201701101527,5.733333333333333
125,logistic_hurdle,2,521,521,30,32.0,51.568623583441116,19.568623583441116,8.6875
125,logistic_hurdle,3,551,551,30,0.0,41.470388897251574,41.470388897251574,8.235294117647058
125,logistic_hurdle,4,581,581,30,0.0,3.258271608701593,3.258271608701593,9.555555555555555
125,logistic_hurdle,5,611,611,30,0.0,0.7139699907350745,0.7139699907350745,9.052631578947368
125,logistic_hurdle,6,641,641,30,0.0,0.0,0.0,8.6
125,logistic_hurdle,7,671,671,30,0.0,0.0,0.0,8.19047619047619
125,logistic_hurdle,8,701,701,30,0.0,0.0,0.0,7.818181818181818
125,logistic_hurdle,9,731,731,30,0.0,0.0,0.0,7.478260869565218
125,logistic_hurdle,10,761,761,30,0.0,0.0,0.0,7.166666666666667
125,logistic_hurdle,11,791,791,30,0.0,0.0,0.0,6.88
126,logistic_hurdle,0,461,461,30,0.0,7.728452250347241,7.728452250347241,34.214285714285715
126,logistic_hurdle,1,491,491,30,81.0,0.7963461798593946,80.2036538201406,32.0
126,logistic_hurdle,2,521,521,30,13.0,46.510010605421975,33.510010605421975,35.0625
126,logistic_hurdle,3,551,551,30,1.0,30.545726295086947,29.545726295086947,37.0
126,logistic_hurdle,4,581,581,30,26.0,7.892295783450929,18.10770421654907,35.611111111111114
126,logistic_hurdle,5,611,611,30,0.0,11.160370677632466,11.160370677632466,35.05263157894737
126,logistic_hurdle,6,641,641,30,23.0,5.174778325978596,17.825221674021403,34.6
126,logistic_hurdle,7,671,671,30,10.0,37.608830139860004,27.608830139860004,34.04761904761905
126,logistic_hurdle,8,701,701,30,27.0,26.9635502032125,0.03644979678750104,33.09090909090909
126,logistic_hurdle,9,731,731,30,4.0,20.419043715428554,16.419043715428554,32.391304347826086
126,logistic_hurdle,10,761,761,30,2.0,21.79291150611978,19.79291150611978,32.0
126,logistic_hurdle,11,791,791,30,1.0,11.67667814633737,10.67667814633737,30.8
127,logistic_hurdle,0,461,461,30,3.0,1.5331713569259855,1.4668286430740145,1.2857142857142858
127,logistic_hurdle,1,491,491,30,1.0,7.045440869524077,6.045440869524077,1.4
127,logistic_hurdle,2,521,521,30,0.0,2.6452526837613126,2.6452526837613126,1.4375
127,logistic_hurdle,3,551,551,30,3.0,0.5505626169744298,2.44943738302557,1.411764705882353
127,logistic_hurdle,4,581,581,30,2.0,9.635336764880837,7.635336764880837,1.5
127,logistic_hurdle,5,611,611,30,0.0,4.2458699271550095,4.2458699271550095,1.4736842105263157
127,logistic_hurdle,6,641,641,30,2.0,0.9968110889911508,1.0031889110088492,1.5
127,logistic_hurdle,7,671,671,30,0.0,3.2825832722356845,3.2825832722356845,1.5238095238095237
127,logistic_hurdle,8,701,701,30,40.0,1.1880719642844246,38.811928035715574,1.5454545454545454
127,logistic_hurdle,9,731,731,30,3.0,40.62723139241251,37.62723139241251,3.217391304347826
127,logistic_hurdle,10,761,761,30,1.0,45.92986266830103,44.92986266830103,4.625
127,logistic_hurdle,11,791,791,30,0.0,17.391835790700384,17.391835790700384,4.52
128,logistic_hurdle,0,461,461,30,11.0,3.836407673585178,7.163592326414822,0.21428571428571427
128,logistic_hurdle,1,491,491,30,6.0,18.16223604389805,12.162236043898051,0.7333333333333333
128,logistic_hurdle,2,521,521,30,0.0,7.403483842330285,7.403483842330285,1.0
128,logistic_hurdle,3,551,551,30,46.0,2.22824528607547,43.77175471392453,1.2941176470588236
128,logistic_hurdle,4,581,581,30,2.0,104.45211153356799,102.45211153356799,3.7777777777777777
128,logistic_hurdle,5,611,611,30,22.0,64.28730221842889,42.28730221842889,5.894736842105263
128,logistic_hurdle,6,641,641,30,0.0,45.05066502972171,45.05066502972171,6.6
128,logistic_hurdle,7,671,671,30,0.0,4.672962276085307,4.672962276085307,7.333333333333333
128,logistic_hurdle,8,701,701,30,10.0,1.3299292488077747,8.670070751192226,7.0
128,logistic_hurdle,9,731,731,30,1.0,20.695750173685667,19.695750173685667,7.130434782608695
128,logistic_hurdle,10,761,761,30,54.0,11.136863759721848,42.86313624027815,7.208333333333333
128,logistic_hurdle,11,791,791,30,0.0,20.108851408525414,20.108851408525414,9.04
130,logistic_hurdle,0,461,461,30,0.0,0.0,0.0,0.0
130,logistic_hurdle,1,491,491,30,0.0,0.0,0.0,0.0
130,logistic_hurdle,2,521,521,30,0.0,0.0,0.0,0.0
130,logistic_hurdle,3,551,551,30,0.0,0.0,0.0,0.0
130,logistic_hurdle,4,581,581,30,0.0,0.0,0.0,0.0
130,logistic_hurdle,5,611,611,30,0.0,0.0,0.0,0.0
130,logistic_hurdle,6,641,641,30,0.0,0.0,0.0,0.0
130,logistic_hurdle,7,671,671,30,0.0,0.0,0.0,0.0
130,logistic_hurdle,8,701,701,30,5.0,0.0,5.0,0.0
130,logistic_hurdle,9,731,731,30,4.0,6.026971679954569,2.0269716799545687,0.21739130434782608
130,logistic_hurdle,10,761,761,30,15.0,7.139084421575527,7.860915578424473,0.25
130,logistic_hurdle,11,791,791,30,3.0,7.437668376790134,4.437668376790134,0.68
131,logistic_hurdle,0,461,461,30,0.0,0.0,0.0,0.0
131,logistic_hurdle,1,491,491,30,0.0,0.0,0.0,0.0
131,logistic_hurdle,2,521,521,30,0.0,0.0,0.0,0.0
131,logistic_hurdle,3,551,551,30,6.0,0.0,6.0,0.0
131,logistic_hurdle,4,581,581,30,6.0,8.042952262966653,2.0429522629666526,0.3333333333333333
131,logistic_hurdle,5,611,611,30,10.0,7.873026018740999,2.1269739812590007,0.3157894736842105
131,logistic_hurdle,6,641,641,30,8.0,8.024517817179705,0.024517817179704693,0.5
131,logistic_hurdle,7,671,671,30,2.0,8.060898027116448,6.060898027116448,0.5714285714285714
131,logistic_hurdle,8,701,701,30,7.0,4.953664286300874,2.0463357136991256,0.8181818181818182
131,logistic_hurdle,9,731,731,30,17.0,6.537413097282939,10.46258690271706,1.0
131,logistic_hurdle,10,761,761,30,18.0,10.661949928420151,7.338050071579849,1.375
131,logistic_hurdle,11,791,791,30,5.0,13.778596171752248,8.778596171752248,1.36
134,logistic_hurdle,0,461,461,30,2.0,2.3044261861140654,0.30442618611406536,2.7142857142857144
134,logistic_hurdle,1,491,491,30,1.0,8.063672740392699,7.063672740392699,2.6666666666666665
134,logistic_hurdle,2,521,521,30,0.0,5.022601380063938,5.022601380063938,2.5625
134,logistic_hurdle,3,551,551,30,0.0,1.2699358895606347,1.2699358895606347,2.4705882352941178
134,logistic_hurdle,4,581,581,30,0.0,0.3637566329597355,0.3637566329597355,2.3333333333333335
134,logistic_hurdle,5,611,611,30,0.0,0.0,0.0,2.210526315789474
134,logistic_hurdle,6,641,641,30,0.0,0.0,0.0,2.1
134,logistic_hurdle,7,671,671,30,0.0,0.0,0.0,2.0
134,logistic_hurdle,8,701,701,30,1.0,0.0,1.0,1.9090909090909092
134,logistic_hurdle,9,731,731,30,0.0,4.879900502390323,4.879900502390323,1.8695652173913044
134,logistic_hurdle,10,761,761,30,1.0,1.1191330308150933,0.1191330308150933,1.8333333333333333
134,logistic_hurdle,11,791,791,30,0.0,2.269853924034777,2.269853924034777,1.8
136,logistic_hurdle,0,461,461,30,76.0,33.09021210723005,42.90978789276995,2.5
136,logistic_hurdle,1,491,491,30,80.0,51.281777635721646,28.718222364278354,5.066666666666666
136,logistic_hurdle,2,521,521,30,36.0,69.28861396357787,33.28861396357787,5.0
136,logistic_hurdle,3,551,551,30,71.0,45.652792104582446,25.347207895417554,7.294117647058823
136,logistic_hurdle,4,581,581,30,46.0,65.36720579510589,19.36720579510589,8.833333333333334
136,logistic_hurdle,5,611,611,30,24.0,23.540308366972614,0.45969163302738636,9.68421052631579
136,logistic_hurdle,6,641,641,30,4.0,52.089211794981836,48.089211794981836,10.3
136,logistic_hurdle,7,671,671,30,18.0,11.613088441997492,6.386911558002508,10.761904761904763
136,logistic_hurdle,8,701,701,30,37.0,23.79657119349517,13.203428806504832,10.909090909090908
136,logistic_hurdle,9,731,731,30,87.0,35.96122338081268,51.03877661918732,11.26086956521739
136,logistic_hurdle,10,761,761,30,80.0,60.539708313727004,19.460291686272996,12.875
136,logistic_hurdle,11,791,791,30,15.0,64.10650121975681,49.10650121975681,12.64
137,logistic_hurdle,0,461,461,30,0.0,0.0,0.0,0.0
137,logistic_hurdle,1,491,491,30,0.0,0.0,0.0,0.0
137,logistic_hurdle,2,521,521,30,0.0,0.0,0.0,0.0
137,logistic_hurdle,3,551,551,30,0.0,0.0,0.0,0.0
137,logistic_hurdle,4,581,581,30,26.0,0.0,26.0,0.0
137,logistic_hurdle,5,611,611,30,54.0,12.215674674767934,41.78432532523207,1.368421052631579
137,logistic_hurdle,6,641,641,30,36.0,46.97989067812756,10.97989067812756,2.7
137,logistic_hurdle,7,671,671,30,15.0,40.86764370656289,25.867643706562887,3.4285714285714284
137,logistic_hurdle,8,701,701,30,9.0,27.308232179571256,18.308232179571256,4.2272727272727275
137,logistic_hurdle,9,731,731,30,13.0,18.9262567122903,5.9262567122903,4.304347826086956
137,logistic_hurdle,10,761,761,30,21.0,18.989766107755628,2.010233892244372,4.291666666666667
137,logistic_hurdle,11,791,791,30,2.0,16.658536401137475,14.658536401137475,4.44
138,logistic_hurdle,0,461,461,30,7.0,1.7987536579638483,5.201246342036152,1.9285714285714286
138,logistic_hurdle,1,491,491,30,2.0,3.829041676659056,1.829041676659056,2.2
138,logistic_hurdle,2,521,521,30,5.0,5.057505750656572,0.057505750656572374,2.375
138,logistic_hurdle,3,551,551,30,2.0,4.423578060878502,2.4235780608785022,2.411764705882353
138,logistic_hurdle,4,581,581,30,0.0,2.331940368338398,2.331940368338398,2.4444444444444446
138,logistic_hurdle,5,611,611,30,0.0,1.927750121539276,1.927750121539276,2.4210526315789473
138,logistic_hurdle,6,641,641,30,0.0,0.5420484576312568,0.5420484576312568,2.3
138,logistic_hurdle,7,671,671,30,2.0,0.0,2.0,2.1904761904761907
138,logistic_hurdle,8,701,701,30,0.0,3.22234109158575,3.22234109158575,2.1818181818181817
138,logistic_hurdle,9,731,731,30,1.0,0.9142577186831251,0.08574228131687489,2.1739130434782608
138,logistic_hurdle,10,761,761,30,4.0,5.02851439500395,1.02851439500395,2.125
138,logistic_hurdle,11,791,791,30,0.0,4.968772760436252,4.968772760436252,2.16
139,logistic_hurdle,0,461,461,30,16.0,3.9881433236107857,12.011856676389215,3.4285714285714284
139,logistic_hurdle,1,491,491,30,8.0,9.253781159872165,1.2537811598721653,4.0
139,logistic_hurdle,2,521,521,30,17.0,8.428752182128555,8.571247817871445,4.25
139,logistic_hurdle,3,551,551,30,10.0,10.11149313626864,0.11149313626864021,4.529411764705882
139,logistic_hurdle,4,581,581,30,5.0,10.948043410179896,5.948043410179896,4.666666666666667
139,logistic_hurdle,5,611,611,30,6.0,6.220808021733202,0.2208080217332018,4.684210526315789
139,logistic_hurdle,6,641,641,30,5.0,8.762790559020297,3.7627905590202975,4.5
139,logistic_hurdle,7,671,671,30,0.0,7.776670662014621,7.776670662014621,4.333333333333333
139,logistic_hurdle,8,701,701,30,0.0,2.164481899423121,2.164481899423121,4.363636363636363
139,logistic_hurdle,9,731,731,30,1.0,0.5459204623689716,0.4540795376310284,4.173913043478261
139,logistic_hurdle,10,761,761,30,1.0,7.493998986301281,6.493998986301281,4.041666666666667
139,logistic_hurdle,11,791,791,30,0.0,6.154833778020512,6.154833778020512,3.88
141,logistic_hurdle,0,461,461,30,18.0,2.5217038995787275,15.478296100421272,3.0714285714285716
141,logistic_hurdle,1,491,491,30,6.0,14.198405726796661,8.198405726796661,4.0
141,logistic_hurdle,2,521,521,30,10.0,13.788927295791016,3.788927295791016,4.5
141,logistic_hurdle,3,551,551,30,8.0,11.807750606527888,3.807750606527888,4.470588235294118
141,logistic_hurdle,4,581,581,30,6.0,9.697986579905976,3.697986579905976,4.333333333333333
141,logistic_hurdle,5,611,611,30,6.0,5.416490413222947,0.583509586777053,4.2105263157894735
141,logistic_hurdle,6,641,641,30,21.0,10.280777325414325,10.719222674585675,4.0
141,logistic_hurdle,7,671,671,30,13.0,11.614430093362339,1.3855699066376612,4.523809523809524
141,logistic_hurdle,8,701,701,30,6.0,11.690112997446741,5.690112997446741,4.681818181818182
141,logistic_hurdle,9,731,731,30,18.0,11.174277876710976,6.825722123289024,4.782608695652174
141,logistic_hurdle,10,761,761,30,14.0,13.411886647148105,0.5881133528518951,5.083333333333333
141,logistic_hurdle,11,791,791,30,4.0,12.193351118697182,8.193351118697182,5.04
143,logistic_hurdle,0,461,461,30,29.0,36.482673658378786,7.482673658378786,13.214285714285714
143,logistic_hurdle,1,491,491,30,45.0,29.829589772395533,15.170410227604467,13.8
143,logistic_hurdle,2,521,521,30,24.0,29.495836014512356,5.495836014512356,13.9375
143,logistic_hurdle,3,551,551,30,19.0,24.844439298511862,5.844439298511862,14.352941176470589
143,logistic_hurdle,4,581,581,30,22.0,28.123411172012148,6.123411172012148,13.833333333333334
143,logistic_hurdle,5,611,611,30,5.0,9.772663371501293,4.772663371501293,13.263157894736842
143,logistic_hurdle,6,641,641,30,11.0,18.089645424737483,7.089645424737483,13.45
143,logistic_hurdle,7,671,671,30,1.0,23.030588004452884,22.030588004452884,13.095238095238095
143,logistic_hurdle,8,701,701,30,9.0,13.874526774720167,4.874526774720167,12.954545454545455
143,logistic_hurdle,9,731,731,30,22.0,15.665420669176413,6.334579330823587,12.73913043478261
143,logistic_hurdle,10,761,761,30,27.0,22.26869637574332,4.731303624256679,12.75
143,logistic_hurdle,11,791,791,30,0.0,29.862607502174235,29.862607502174235,12.44
145,logistic_hurdle,0,461,461,30,24.0,6.307225735164971,17.69277426483503,2.5
145,logistic_hurdle,1,491,491,30,15.0,15.034397251465851,0.03439725146585104,3.6
145,logistic_hurdle,2,521,521,30,26.0,17.82650419245134,8.173495807548662,3.9375
145,logistic_hurdle,3,551,551,30,15.0,15.80331540380402,0.8033154038040191,4.352941176470588
145,logistic_hurdle,4,581,581,30,29.0,17.602614470418214,11.397385529581786,4.722222222222222
145,logistic_hurdle,5,611,611,30,3.0,11.846327281986174,8.846327281986174,5.2105263157894735
145,logistic_hurdle,6,641,641,30,8.0,18.152596733134125,10.152596733134125,6.25
145,logistic_hurdle,7,671,671,30,3.0,27.245336852170905,24.245336852170905,6.190476190476191
145,logistic_hurdle,8,701,701,30,1.0,10.1863285494911,9.1863285494911,6.136363636363637
145,logistic_hurdle,9,731,731,30,1.0,4.334345303989704,3.3343453039897044,5.956521739130435
145,logistic_hurdle,10,761,761,30,2.0,8.441872906492181,6.441872906492181,5.708333333333333
145,logistic_hurdle,11,791,791,30,2.0,2.350057307519447,0.35005730751944686,5.52
147,logistic_hurdle,0,461,461,30,37.0,33.25121411964792,3.748785880352081,14.071428571428571
147,logistic_hurdle,1,491,491,30,66.0,37.11238814908047,28.887611850919527,14.866666666666667
147,logistic_hurdle,2,521,521,30,26.0,41.573737106348226,15.573737106348226,15.75
147,logistic_hurdle,3,551,551,30,29.0,30.40598121147812,1.405981211478121,17.176470588235293
147,logistic_hurdle,4,581,581,30,14.0,37.89008834624645,23.89008834624645,16.38888888888889
147,logistic_hurdle,5,611,611,30,17.0,11.760169735865526,5.239830264134474,16.31578947368421
147,logistic_hurdle,6,641,641,30,9.0,24.759844163789296,15.759844163789296,15.65
147,logistic_hurdle,7,671,671,30,9.0,19.54451457339072,10.544514573390721,15.285714285714286
147,logistic_hurdle,8,701,701,30,3.0,17.024943355718428,14.024943355718428,14.590909090909092
147,logistic_hurdle,9,731,731,30,8.0,11.043761847609339,3.043761847609339,14.217391304347826
147,logistic_hurdle,10,761,761,30,22.0,14.654943956090927,7.345056043909073,13.833333333333334
147,logistic_hurdle,11,791,791,30,1.0,20.96921150109411,19.96921150109411,13.84
148,logistic_hurdle,0,461,461,30,0.0,0.0,0.0,0.0
148,logistic_hurdle,1,491,491,30,17.0,0.0,17.0,0.0
148,logistic_hurdle,2,521,521,30,143.0,64.8518660550815,78.1481339449185,1.0625
148,logistic_hurdle,3,551,551,30,0.0,92.75571719033132,92.75571719033132,8.411764705882353
148,logistic_hurdle,4,581,581,30,0.0,11.94800818231091,11.94800818231091,15.88888888888889
148,logistic_hurdle,5,611,611,30,0.0,2.1720811315125688,2.1720811315125688,15.052631578947368
148,logistic_hurdle,6,641,641,30,0.0,0.0,0.0,14.3
148,logistic_hurdle,7,671,671,30,0.0,0.0,0.0,13.619047619047619
148,logistic_hurdle,8,701,701,30,0.0,0.0,0.0,13.0
148,logistic_hurdle,9,731,731,30,0.0,0.0,0.0,12.434782608695652
148,logistic_hurdle,10,761,761,30,0.0,0.0,0.0,11.916666666666666
148,logistic_hurdle,11,791,791,30,0.0,0.0,0.0,11.44
150,logistic_hurdle,0,461,461,30,0.0,0.0,0.0,0.0
150,logistic_hurdle,1,491,491,30,0.0,0.0,0.0,0.0
150,logistic_hurdle,2,521,521,30,0.0,0.0,0.0,0.0
150,logistic_hurdle,3,551,551,30,0.0,0.0,0.0,0.0
150,logistic_hurdle,4,581,581,30,0.0,0.0,0.0,0.0
150,logistic_hurdle,5,611,611,30,0.0,0.0,0.0,0.0
150,logistic_hurdle,6,641,641,30,0.0,0.0,0.0,0.0
150,logistic_hurdle,7,671,671,30,6.0,0.0,6.0,0.0
150,logistic_hurdle,8,701,701,30,56.0,10.680359416037012,45.319640583962986,0.2727272727272727
150,logistic_hurdle,9,731,731,30,50.0,39.9440781308063,10.055921869193703,2.4347826086956523
150,logistic_hurdle,10,761,761,30,85.0,48.202604637086495,36.797395362913505,2.5833333333333335
150,logistic_hurdle,11,791,791,30,35.0,82.48709001921667,47.487090019216666,3.88
151,logistic_hurdle,0,461,461,30,0.0,0.0,0.0,0.0
151,logistic_hurdle,1,491,491,30,0.0,0.0,0.0,0.0
151,logistic_hurdle,2,521,521,30,0.0,0.0,0.0,0.0
151,logistic_hurdle,3,551,551,30,0.0,0.0,0.0,0.0
151,logistic_hurdle,4,581,581,30,0.0,0.0,0.0,0.0
151,logistic_hurdle,5,611,611,30,0.0,0.0,0.0,0.0
151,logistic_hurdle,6,641,641,30,18.0,0.0,18.0,0.0
151,logistic_hurdle,7,671,671,30,38.0,38.265803807156544,0.2658038071565443,0.8571428571428571
151,logistic_hurdle,8,701,701,30,54.0,34.719084683502565,19.280915316497435,1.7272727272727273
151,logistic_hurdle,9,731,731,30,95.0,41.32197490365698,53.67802509634302,2.347826086956522
151,logistic_hurdle,10,761,761,30,35.0,63.12934686883929,28.129346868839292,3.9583333333333335
151,logistic_hurdle,11,791,791,30,7.0,59.45893522354709,52.45893522354709,6.2
156,logistic_hurdle,0,461,461,30,37.0,35.30516412284877,1.6948358771512275,0.5
156,logistic_hurdle,1,491,491,30,163.0,29.04392050565901,133.956079494341,2.466666666666667
156,logistic_hurdle,2,521,521,30,63.0,87.86317369850403,24.863173698504028,10.1875
156,logistic_hurdle,3,551,551,30,0.0,74.06394495258041,74.06394495258041,15.470588235294118
156,logistic_hurdle,4,581,581,30,0.0,15.019304320763498,15.019304320763498,18.11111111111111
156,logistic_hurdle,5,611,611,30,0.0,1.4390354094998261,1.4390354094998261,17.157894736842106
156,logistic_hurdle,6,641,641,30,0.0,0.0,0.0,16.3
156,logistic_hurdle,7,671,671,30,0.0,0.0,0.0,15.523809523809524
156,logistic_hurdle,8,701,701,30,0.0,0.0,0.0,14.818181818181818
156,logistic_hurdle,9,731,731,30,0.0,0.0,0.0,14.173913043478262
156,logistic_hurdle,10,761,761,30,0.0,0.0,0.0,13.583333333333334
156,logistic_hurdle,11,791,791,30,0.0,0.0,0.0,13.04
157,logistic_hurdle,0,461,461,30,0.0,8.748489426230764,8.748489426230764,7.0
157,logistic_hurdle,1,491,491,30,0.0,1.3651050756214087,1.3651050756214087,7.2
157,logistic_hurdle,2,521,521,30,0.0,3.2190196502631467,3.2190196502631467,6.75
157,logistic_hurdle,3,551,551,30,0.0,0.0,0.0,6.352941176470588
157,logistic_hurdle,4,581,581,30,0.0,0.0,0.0,6.0
157,logistic_hurdle,5,611,611,30,0.0,0.0,0.0,5.684210526315789
157,logistic_hurdle,6,641,641,30,0.0,0.0,0.0,5.4
157,logistic_hurdle,7,671,671,30,0.0,0.0,0.0,5.142857142857143
157,logistic_hurdle,8,701,701,30,0.0,0.0,0.0,4.909090909090909
157,logistic_hurdle,9,731,731,30,0.0,0.0,0.0,4.695652173913044
157,logistic_hurdle,10,761,761,30,0.0,0.0,0.0,4.5
157,logistic_hurdle,11,791,791,30,0.0,0.0,0.0,4.32
158,logistic_hurdle,0,461,461,30,0.0,5.432373020742966,5.432373020742966,17.714285714285715
158,logistic_hurdle,1,491,491,30,0.0,1.229482929048714,1.229482929048714,16.533333333333335
158,logistic_hurdle,2,521,521,30,0.0,0.0,0.0,15.5
158,logistic_hurdle,3,551,551,30,0.0,0.0,0.0,14.588235294117647
158,logistic_hurdle,4,581,581,30,0.0,0.0,0.0,13.777777777777779
158,logistic_hurdle,5,611,611,30,0.0,0.0,0.0,13.052631578947368
158,logistic_hurdle,6,641,641,30,0.0,0.0,0.0,12.4
158,logistic_hurdle,7,671,671,30,0.0,0.0,0.0,11.80952380952381
158,logistic_hurdle,8,701,701,30,0.0,0.0,0.0,11.272727272727273
158,logistic_hurdle,9,731,731,30,0.0,0.0,0.0,10.782608695652174
158,logistic_hurdle,10,761,761,30,0.0,0.0,0.0,10.333333333333334
158,logistic_hurdle,11,791,791,30,0.0,0.0,0.0,9.92
159,logistic_hurdle,0,461,461,30,0.0,17.854654372175787,17.854654372175787,6.642857142857143
159,logistic_hurdle,1,491,491,30,0.0,3.1384320065235016,3.1384320065235016,8.066666666666666
159,logistic_hurdle,2,521,521,30,0.0,2.308103069886132,2.308103069886132,7.5625
159,logistic_hurdle,3,551,551,30,0.0,0.0,0.0,7.117647058823529
159,logistic_hurdle,4,581,581,30,0.0,0.0,0.0,6.722222222222222
159,logistic_hurdle,5,611,611,30,0.0,0.0,0.0,6.368421052631579
159,logistic_hurdle,6,641,641,30,0.0,0.0,0.0,6.05
159,logistic_hurdle,7,671,671,30,0.0,0.0,0.0,5.761904761904762
159,logistic_hurdle,8,701,701,30,0.0,0.0,0.0,5.5
159,logistic_hurdle,9,731,731,30,0.0,0.0,0.0,5.260869565217392
159,logistic_hurdle,10,761,761,30,0.0,0.0,0.0,5.041666666666667
159,logistic_hurdle,11,791,791,30,0.0,0.0,0.0,4.84
165,logistic_hurdle,0,461,461,30,0.0,0.5974944447619033,0.5974944447619033,0.5714285714285714
165,logistic_hurdle,1,491,491,30,3.0,0.3128925339065699,2.68710746609343,0.5333333333333333
165,logistic_hurdle,2,521,521,30,0.0,3.8261668494574916,3.8261668494574916,0.6875
165,logistic_hurdle,3,551,551,30,0.0,1.267591265279734,1.267591265279734,0.8235294117647058
165,logistic_hurdle,4,581,581,30,0.0,0.3266717893586841,0.3266717893586841,0.7777777777777778
165,logistic_hurdle,5,611,611,30,4.0,0.0,4.0,0.7368421052631579
165,logistic_hurdle,6,641,641,30,0.0,3.1016587776447895,3.1016587776447895,0.9
165,logistic_hurdle,7,671,671,30,0.0,1.1282993690642757,1.1282993690642757,1.0476190476190477
165,logistic_hurdle,8,701,701,30,0.0,0.31380242542937853,0.31380242542937853,1.0
165,logistic_hurdle,9,731,731,30,0.0,0.0,0.0,0.9565217391304348
165,logistic_hurdle,10,761,761,30,1.0,0.0,1.0,0.9166666666666666
165,logistic_hurdle,11,791,791,30,0.0,1.9832824283172417,1.9832824283172417,0.92
167,logistic_hurdle,0,461,461,30,0.0,0.0,0.0,0.5714285714285714
167,logistic_hurdle,1,491,491,30,0.0,0.0,0.0,0.5333333333333333
167,logistic_hurdle,2,521,521,30,0.0,0.0,0.0,0.5
167,logistic_hurdle,3,551,551,30,0.0,0.0,0.0,0.47058823529411764
167,logistic_hurdle,4,581,581,30,0.0,0.0,0.0,0.4444444444444444
167,logistic_hurdle,5,611,611,30,0.0,0.0,0.0,0.42105263157894735
167,logistic_hurdle,6,641,641,30,0.0,0.0,0.0,0.4
167,logistic_hurdle,7,671,671,30,0.0,0.0,0.0,0.38095238095238093
167,logistic_hurdle,8,701,701,30,0.0,0.0,0.0,0.36363636363636365
167,logistic_hurdle,9,731,731,30,0.0,0.0,0.0,0.34782608695652173
167,logistic_hurdle,10,761,761,30,0.0,0.0,0.0,0.3333333333333333
167,logistic_hurdle,11,791,791,30,0.0,0.0,0.0,0.32
168,logistic_hurdle,0,461,461,30,0.0,0.0,0.0,0.0
168,logistic_hurdle,1,491,491,30,0.0,0.0,0.0,0.0
168,logistic_hurdle,2,521,521,30,0.0,0.0,0.0,0.0
168,logistic_hurdle,3,551,551,30,0.0,0.0,0.0,0.0
168,logistic_hurdle,4,581,581,30,0.0,0.0,0.0,0.0
168,logistic_hurdle,5,611,611,30,0.0,0.0,0.0,0.0
168,logistic_hurdle,6,641,641,30,0.0,0.0,0.0,0.0
168,logistic_hurdle,7,671,671,30,0.0,0.0,0.0,0.0
168,logistic_hurdle,8,701,701,30,0.0,0.0,0.0,0.0
168,logistic_hurdle,9,731,731,30,0.0,0.0,0.0,0.0
168,logistic_hurdle,10,761,761,30,11.0,0.0,11.0,0.0
168,logistic_hurdle,11,791,791,30,0.0,7.245236175790189,7.245236175790189,0.44
169,logistic_hurdle,0,461,461,30,0.0,0.0,0.0,0.0
169,logistic_hurdle,1,491,491,30,0.0,0.0,0.0,0.0
169,logistic_hurdle,2,521,521,30,0.0,0.0,0.0,0.0
169,logistic_hurdle,3,551,551,30,0.0,0.0,0.0,0.0
169,logistic_hurdle,4,581,581,30,0.0,0.0,0.0,0.0
169,logistic_hurdle,5,611,611,30,0.0,0.0,0.0,0.0
169,logistic_hurdle,6,641,641,30,0.0,0.0,0.0,0.0
169,logistic_hurdle,7,671,671,30,0.0,0.0,0.0,0.0
169,logistic_hurdle,8,701,701,30,0.0,0.0,0.0,0.0
169,logistic_hurdle,9,731,731,30,0.0,0.0,0.0,0.0
169,logistic_hurdle,10,761,761,30,17.0,0.0,17.0,0.0
169,logistic_hurdle,11,791,791,30,4.0,18.72462924194863,14.72462924194863,0.68
170,logistic_hurdle,0,461,461,30,0.0,0.0,0.0,0.0
170,logistic_hurdle,1,491,491,30,0.0,0.0,0.0,0.0
170,logistic_hurdle,2,521,521,30,0.0,0.0,0.0,0.0
170,logistic_hurdle,3,551,551,30,0.0,0.0,0.0,0.0
170,logistic_hurdle,4,581,581,30,0.0,0.0,0.0,0.0
170,logistic_hurdle,5,611,611,30,0.0,0.0,0.0,0.0
170,logistic_hurdle,6,641,641,30,0.0,0.0,0.0,0.0
170,logistic_hurdle,7,671,671,30,0.0,0.0,0.0,0.0
170,logistic_hurdle,8,701,701,30,0.0,0.0,0.0,0.0
170,logistic_hurdle,9,731,731,30,0.0,0.0,0.0,0.0
170,logistic_hurdle,10,761,761,30,28.0,0.0,28.0,0.0
170,logistic_hurdle,11,791,791,30,4.0,19.63487709295063,15.634877092950632,1.12
171,logistic_hurdle,0,461,461,30,0.0,0.0,0.0,0.0
171,logistic_hurdle,1,491,491,30,0.0,0.0,0.0,0.0
171,logistic_hurdle,2,521,521,30,1.0,0.0,1.0,0.0
171,logistic_hurdle,3,551,551,30,0.0,3.9768718883616825,3.9768718883616825,0.058823529411764705
171,logistic_hurdle,4,581,581,30,4.0,0.5699628133703063,3.4300371866296935,0.1111111111111111
171,logistic_hurdle,5,611,611,30,25.0,4.352711318601139,20.647288681398862,0.3157894736842105
171,logistic_hurdle,6,641,641,30,0.0,24.15730491215841,24.15730491215841,1.35
171,logistic_hurdle,7,671,671,30,0.0,4.383530512416104,4.383530512416104,2.4761904761904763
171,logistic_hurdle,8,701,701,30,0.0,0.6383226436839466,0.6383226436839466,2.3636363636363638
171,logistic_hurdle,9,731,731,30,0.0,0.0,0.0,2.260869565217391
171,logistic_hurdle,10,761,761,30,0.0,0.0,0.0,2.1666666666666665
171,logistic_hurdle,11,791,791,30,0.0,0.0,0.0,2.08
173,logistic_hurdle,0,461,461,30,0.0,0.0,0.0,0.0
173,logistic_hurdle,1,491,491,30,0.0,0.0,0.0,0.0
173,logistic_hurdle,2,521,521,30,0.0,0.0,0.0,0.0
173,logistic_hurdle,3,551,551,30,0.0,0.0,0.0,0.0
173,logistic_hurdle,4,581,581,30,22.0,0.0,22.0,0.0
173,logistic_hurdle,5,611,611,30,23.0,15.44920280505482,7.550797194945179,1.1578947368421053
173,logistic_hurdle,6,641,641,30,5.0,37.06802420011175,32.06802420011175,1.15
173,logistic_hurdle,7,671,671,30,6.0,13.925844467623428,7.925844467623428,1.9523809523809523
173,logistic_hurdle,8,701,701,30,0.0,21.264314841732197,21.264314841732197,1.9090909090909092
173,logistic_hurdle,9,731,731,30,5.0,1.853632005525897,3.1463679944741028,2.0869565217391304
173,logistic_hurdle,10,761,761,30,3.0,16.979368706978818,13.979368706978818,2.2083333333333335
173,logistic_hurdle,11,791,791,30,0.0,2.5592608989967833,2.5592608989967833,2.2
174,logistic_hurdle,0,461,461,30,0.0,0.0,0.0,0.0
174,logistic_hurdle,1,491,491,30,54.0,0.0,54.0,0.0
174,logistic_hurdle,2,521,521,30,52.0,79.98026826617033,27.980268266170327,3.375
174,logistic_hurdle,3,551,551,30,30.0,45.91594390583526,15.915943905835263,3.2941176470588234
174,logistic_hurdle,4,581,581,30,63.0,54.34226250624785,8.657737493752151,4.333333333333333
174,logistic_hurdle,5,611,611,30,110.0,19.88170786386444,90.11829213613557,5.842105263157895
174,logistic_hurdle,6,641,641,30,29.0,84.30951713650661,55.309517136506614,7.9
174,logistic_hurdle,7,671,671,30,30.0,73.22203049859375,43.22203049859375,11.380952380952381
174,logistic_hurdle,8,701,701,30,28.0,47.298840414616826,19.298840414616826,10.909090909090908
174,logistic_hurdle,9,731,731,30,32.0,29.11749386883428,2.8825061311657194,10.521739130434783
174,logistic_hurdle,10,761,761,30,53.0,32.28449555830867,20.71550444169133,10.25
174,logistic_hurdle,11,791,791,30,14.0,38.10292021779605,24.102920217796047,10.68
178,logistic_hurdle,0,461,461,30,0.0,0.0,0.0,0.0
178,logistic_hurdle,1,491,491,30,0.0,0.0,0.0,0.0
178,logistic_hurdle,2,521,521,30,0.0,0.0,0.0,0.0
178,logistic_hurdle,3,551,551,30,0.0,0.0,0.0,0.0
178,logistic_hurdle,4,581,581,30,4.0,0.0,4.0,0.0
178,logistic_hurdle,5,611,611,30,0.0,4.360100710093916,4.360100710093916,0.21052631578947367
178,logistic_hurdle,6,641,641,30,1.0,0.5919156079297938,0.4080843920702062,0.4
178,logistic_hurdle,7,671,671,30,0.0,7.558144674886744,7.558144674886744,0.42857142857142855
178,logistic_hurdle,8,701,701,30,0.0,1.1467798016099278,1.1467798016099278,0.45454545454545453
178,logistic_hurdle,9,731,731,30,0.0,0.1909558031685727,0.1909558031685727,0.43478260869565216
178,logistic_hurdle,10,761,761,30,0.0,0.0,0.0,0.4166666666666667
178,logistic_hurdle,11,791,791,30,0.0,0.0,0.0,0.4
186,logistic_hurdle,0,461,461,30,0.0,0.4691136624463247,0.4691136624463247,1.0714285714285714
186,logistic_hurdle,1,491,491,30,0.0,0.0,0.0,1.0
186,logistic_hurdle,2,521,521,30,0.0,0.0,0.0,0.9375
186,logistic_hurdle,3,551,551,30,0.0,0.0,0.0,0.8823529411764706
186,logistic_hurdle,4,581,581,30,0.0,0.0,0.0,0.8333333333333334
186,logistic_hurdle,5,611,611,30,0.0,0.0,0.0,0.7894736842105263
186,logistic_hurdle,6,641,641,30,0.0,0.0,0.0,0.75
186,logistic_hurdle,7,671,671,30,0.0,0.0,0.0,0.7142857142857143
186,logistic_hurdle,8,701,701,30,0.0,0.0,0.0,0.6818181818181818
186,logistic_hurdle,9,731,731,30,0.0,0.0,0.0,0.6521739130434783
186,logistic_hurdle,10,761,761,30,0.0,0.0,0.0,0.625
186,logistic_hurdle,11,791,791,30,0.0,0.0,0.0,0.6
187,logistic_hurdle,0,461,461,30,0.0,0.0,0.0,0.0
187,logistic_hurdle,1,491,491,30,50.0,0.0,50.0,0.0
187,logistic_hurdle,2,521,521,30,75.0,86.92838291356182,11.92838291356182,3.125
187,logistic_hurdle,3,551,551,30,60.0,64.48040318069037,4.480403180690374,4.411764705882353
187,logistic_hurdle,4,581,581,30,74.0,73.41732691657153,0.5826730834284746,5.0
187,logistic_hurdle,5,611,611,30,104.0,27.318389746920086,76.68161025307991,5.473684210526316
187,logistic_hurdle,6,641,641,30,67.0,92.18062364779016,25.180623647790156,6.7
187,logistic_hurdle,7,671,671,30,27.0,92.9994281009819,65.9994281009819,8.142857142857142
187,logistic_hurdle,8,701,701,30,36.0,54.97212385576026,18.97212385576026,9.590909090909092
187,logistic_hurdle,9,731,731,30,42.0,45.2574358688611,3.2574358688611014,9.565217391304348
187,logistic_hurdle,10,761,761,30,62.0,40.759469728963786,21.240530271036214,9.416666666666666
187,logistic_hurdle,11,791,791,30,16.0,52.19409457933086,36.19409457933086,9.84
188,logistic_hurdle,0,461,461,30,19.0,24.70355648672089,5.703556486720888,18.714285714285715
188,logistic_hurdle,1,491,491,30,31.0,37.28832830013262,6.288328300132619,18.066666666666666
188,logistic_hurdle,2,521,521,30,18.0,36.90106759801243,18.901067598012432,17.6875
188,logistic_hurdle,3,551,551,30,31.0,22.094436964811276,8.905563035188724,17.41176470588235
188,logistic_hurdle,4,581,581,30,35.0,34.07640412925025,0.9235958707497502,17.166666666666668
188,logistic_hurdle,5,611,611,30,37.0,14.737273037955914,22.262726962044084,16.473684210526315
188,logistic_hurdle,6,641,641,30,17.0,35.985534559342966,18.985534559342966,15.75
188,logistic_hurdle,7,671,671,30,10.0,27.978864173261655,17.978864173261655,15.952380952380953
188,logistic_hurdle,8,701,701,30,13.0,20.05733423297048,7.057334232970479,15.545454545454545
188,logistic_hurdle,9,731,731,30,6.0,14.677532806460249,8.677532806460249,15.0
188,logistic_hurdle,10,761,761,30,24.0,16.92236657668358,7.077633423316421,14.666666666666666
188,logistic_hurdle,11,791,791,30,2.0,18.408183145786268,16.408183145786268,14.8
190,logistic_hurdle,0,461,461,30,227.0,43.895642686066836,183.10435731393318,3.857142857142857
190,logistic_hurdle,1,491,491,30,67.0,129.7920369761734,62.79203697617339,15.133333333333333
190,logistic_hurdle,2,521,521,30,0.0,87.00938864395268,87.00938864395268,24.1875
190,logistic_hurdle,3,551,551,30,0.0,15.122535223893895,15.122535223893895,26.705882352941178
190,logistic_hurdle,4,581,581,30,0.0,1.373682867151392,1.373682867151392,25.22222222222222
190,logistic_hurdle,5,611,611,30,0.0,0.0,0.0,23.894736842105264
190,logistic_hurdle,6,641,641,30,0.0,0.0,0.0,22.7
190,logistic_hurdle,7,671,671,30,0.0,0.0,0.0,21.61904761904762
190,logistic_hurdle,8,701,701,30,0.0,0.0,0.0,20.636363636363637
190,logistic_hurdle,9,731,731,30,0.0,0.0,0.0,19.73913043478261
190,logistic_hurdle,10,761,761,30,0.0,0.0,0.0,18.916666666666668
190,logistic_hurdle,11,791,791,30,0.0,0.0,0.0,18.16
191,logistic_hurdle,0,461,461,30,0.0,0.0,0.0,0.0
191,logistic_hurdle,1,491,491,30,2.0,0.0,2.0,0.0
191,logistic_hurdle,2,521,521,30,0.0,17.482682288730327,17.482682288730327,0.125
191,logistic_hurdle,3,551,551,30,16.0,2.5993041650254387,13.400695834974561,0.23529411764705882
191,logistic_hurdle,4,581,581,30,0.0,22.721525122491904,22.721525122491904,1.1111111111111112
191,logistic_hurdle,5,611,611,30,0.0,4.948330540995235,4.948330540995235,1.894736842105263
191,logistic_hurdle,6,641,641,30,0.0,0.8362728951836237,0.8362728951836237,1.8
191,logistic_hurdle,7,671,671,30,0.0,0.0,0.0,1.7142857142857142
191,logistic_hurdle,8,701,701,30,0.0,0.0,0.0,1.6363636363636365
191,logistic_hurdle,9,731,731,30,0.0,0.0,0.0,1.565217391304348
191,logistic_hurdle,10,761,761,30,0.0,0.0,0.0,1.5
191,logistic_hurdle,11,791,791,30,0.0,0.0,0.0,1.44
192,logistic_hurdle,0,461,461,30,0.0,0.0,0.0,0.0
192,logistic_hurdle,1,491,491,30,58.0,0.0,58.0,0.0
192,logistic_hurdle,2,521,521,30,60.0,176.32607816577803,116.32607816577803,3.625
192,logistic_hurdle,3,551,551,30,51.0,65.8599857445931,14.859985744593104,3.5294117647058822
192,logistic_hurdle,4,581,581,30,74.0,62.48442859665904,11.515571403340957,3.8333333333333335
192,logistic_hurdle,5,611,611,30,65.0,24.144238788643992,40.85576121135601,4.842105263157895
192,logistic_hurdle,6,641,641,30,64.0,66.4028542038802,2.402854203880196,5.05
192,logistic_hurdle,7,671,671,30,20.0,72.82446066456589,52.82446066456589,4.857142857142857
192,logistic_hurdle,8,701,701,30,32.0,35.900328127030704,3.900328127030704,6.636363636363637
192,logistic_hurdle,9,731,731,30,41.0,39.56528738813037,1.434712611869628,6.869565217391305
192,logistic_hurdle,10,761,761,30,128.0,31.782855907777954,96.21714409222204,6.958333333333333
192,logistic_hurdle,11,791,791,30,15.0,69.58248668179131,54.58248668179131,10.16
193,logistic_hurdle,0,461,461,30,1.0,0.6811203004531932,0.31887969954680684,2.857142857142857
193,logistic_hurdle,1,491,491,30,0.0,4.052997758266564,4.052997758266564,2.7333333333333334
193,logistic_hurdle,2,521,521,30,0.0,1.1754105598416809,1.1754105598416809,2.625
193,logistic_hurdle,3,551,551,30,0.0,0.423542215466799,0.423542215466799,2.4705882352941178
193,logistic_hurdle,4,581,581,30,0.0,0.0,0.0,2.3333333333333335
193,logistic_hurdle,5,611,611,30,0.0,0.0,0.0,2.210526315789474
193,logistic_hurdle,6,641,641,30,0.0,0.0,0.0,2.1
193,logistic_hurdle,7,671,671,30,0.0,0.0,0.0,2.0
193,logistic_hurdle,8,701,701,30,0.0,0.0,0.0,1.9090909090909092
193,logistic_hurdle,9,731,731,30,0.0,0.0,0.0,1.826086956521739
193,logistic_hurdle,10,761,761,30,0.0,0.0,0.0,1.75
193,logistic_hurdle,11,791,791,30,0.0,0.0,0.0,1.68
195,logistic_hurdle,0,461,461,30,4.0,7.638683146541738,3.638683146541738,0.21428571428571427
195,logistic_hurdle,1,491,491,30,13.0,4.789935988858481,8.210064011141519,0.26666666666666666
195,logistic_hurdle,2,521,521,30,5.0,12.964251278240518,7.964251278240518,0.8125
195,logistic_hurdle,3,551,551,30,3.0,8.590811874539513,5.590811874539513,1.2352941176470589
195,logistic_hurdle,4,581,581,30,1.0,7.825346084557729,6.825346084557729,1.2777777777777777
195,logistic_hurdle,5,611,611,30,16.0,2.5228004529466213,13.47719954705338,1.3157894736842106
195,logistic_hurdle,6,641,641,30,18.0,9.129061934818116,8.870938065181884,2.0
195,logistic_hurdle,7,671,671,30,7.0,10.703102470622111,3.7031024706221114,2.0
195,logistic_hurdle,8,701,701,30,8.0,9.152913240371197,1.1529132403711966,2.409090909090909
195,logistic_hurdle,9,731,731,30,8.0,9.599674277386375,1.5996742773863755,2.347826086956522
195,logistic_hurdle,10,761,761,30,17.0,8.013047447405457,8.986952552594543,2.25
195,logistic_hurdle,11,791,791,30,6.0,10.049192374587664,4.049192374587664,2.52
198,logistic_hurdle,0,461,461,30,4.0,1.1583095695594887,2.8416904304405115,0.5
198,logistic_hurdle,1,491,491,30,0.0,3.9722786188102495,3.9722786188102495,0.6666666666666666
198,logistic_hurdle,2,521,521,30,3.0,1.0480477952959022,1.9519522047040978,0.875
198,logistic_hurdle,3,551,551,30,1.0,3.3207751305465747,2.3207751305465747,1.0
198,logistic_hurdle,4,581,581,30,3.0,0.8252039988807044,2.1747960011192955,1.0555555555555556
198,logistic_hurdle,5,611,611,30,0.0,2.596339943674488,2.596339943674488,1.105263157894737
198,logistic_hurdle,6,641,641,30,1.0,0.6561433964955918,0.34385660350440816,1.2
198,logistic_hurdle,7,671,671,30,0.0,1.6818572080765561,1.6818572080765561,1.1904761904761905
198,logistic_hurdle,8,701,701,30,0.0,0.38805328392450805,0.38805328392450805,1.1818181818181819
198,logistic_hurdle,9,731,731,30,1.0,0.2857737849163051,0.7142262150836949,1.1304347826086956
198,logistic_hurdle,10,761,761,30,1.0,4.057784922322078,3.057784922322078,1.125
198,logistic_hurdle,11,791,791,30,0.0,3.1854350544776957,3.1854350544776957,1.08
205,logistic_hurdle,0,461,461,30,36.0,19.85540902507681,16.14459097492319,12.071428571428571
205,logistic_hurdle,1,491,491,30,27.0,24.178866878716196,2.821133121283804,13.2
205,logistic_hurdle,2,521,521,30,15.0,25.359982787362018,10.359982787362018,12.9375
205,logistic_hurdle,3,551,551,30,8.0,20.455518329536893,12.455518329536893,12.882352941176471
205,logistic_hurdle,4,581,581,30,30.0,17.929608035617687,12.070391964382313,12.555555555555555
205,logistic_hurdle,5,611,611,30,8.0,11.64305189510351,3.6430518951035094,13.052631578947368
205,logistic_hurdle,6,641,641,30,20.0,27.23571493670379,7.23571493670379,13.5
205,logistic_hurdle,7,671,671,30,1.0,22.734557122890262,21.734557122890262,13.428571428571429
205,logistic_hurdle,8,701,701,30,7.0,9.02291768211179,2.0229176821117907,13.681818181818182
205,logistic_hurdle,9,731,731,30,15.0,16.329847406282582,1.3298474062825818,13.347826086956522
205,logistic_hurdle,10,761,761,30,7.0,18.30160041666867,11.30160041666867,13.125
205,logistic_hurdle,11,791,791,30,0.0,13.953968955579974,13.953968955579974,12.92
206,logistic_hurdle,0,461,461,30,0.0,0.0,0.0,0.0
206,logistic_hurdle,1,491,491,30,0.0,0.0,0.0,0.0
206,logistic_hurdle,2,521,521,30,0.0,0.0,0.0,0.0
206,logistic_hurdle,3,551,551,30,0.0,0.0,0.0,0.0
206,logistic_hurdle,4,581,581,30,0.0,0.0,0.0,0.0
206,logistic_hurdle,5,611,611,30,0.0,0.0,0.0,0.0
206,logistic_hurdle,6,641,641,30,3.0,0.0,3.0,0.0
206,logistic_hurdle,7,671,671,30,11.0,7.7600264778196015,3.2399735221803985,0.14285714285714285
206,logistic_hurdle,8,701,701,30,14.0,10.958323995719635,3.041676004280365,0.5
206,logistic_hurdle,9,731,731,30,23.0,10.76253209767078,12.23746790232922,0.6086956521739131
206,logistic_hurdle,10,761,761,30,18.0,17.06485005061605,0.9351499493839484,0.9583333333333334
206,logistic_hurdle,11,791,791,30,4.0,17.405938351218854,13.405938351218854,1.12
207,logistic_hurdle,0,461,461,30,0.0,0.0,0.0,0.0
207,logistic_hurdle,1,491,491,30,0.0,0.0,0.0,0.0
207,logistic_hurdle,2,521,521,30,0.0,0.0,0.0,0.0
207,logistic_hurdle,3,551,551,30,0.0,0.0,0.0,0.0
207,logistic_hurdle,4,581,581,30,0.0,0.0,0.0,0.0
207,logistic_hurdle,5,611,611,30,18.0,0.0,18.0,0.0
207,logistic_hurdle,6,641,641,30,36.0,4.3693696235580095,31.630630376441992,0.9
207,logistic_hurdle,7,671,671,30,17.0,46.937634395847596,29.937634395847596,1.7142857142857142
207,logistic_hurdle,8,701,701,30,5.0,29.186261794311154,24.186261794311154,2.5
207,logistic_hurdle,9,731,731,30,17.0,20.756379560640557,3.756379560640557,2.9130434782608696
207,logistic_hurdle,10,761,761,30,9.0,16.624801297383367,7.624801297383367,3.2916666666666665
207,logistic_hurdle,11,791,791,30,1.0,16.42489432134057,15.42489432134057,3.48
209,logistic_hurdle,0,461,461,30,0.0,0.0,0.0,27.214285714285715
209,logistic_hurdle,1,491,491,30,0.0,0.0,0.0,25.4
209,logistic_hurdle,2,521,521,30,0.0,0.0,0.0,23.8125
209,logistic_hurdle,3,551,551,30,0.0,0.0,0.0,22.41176470588235
209,logistic_hurdle,4,581,581,30,0.0,0.0,0.0,21.166666666666668
209,logistic_hurdle,5,611,611,30,0.0,0.0,0.0,20.05263157894737
209,logistic_hurdle,6,641,641,30,0.0,0.0,0.0,19.05
209,logistic_hurdle,7,671,671,30,0.0,0.0,0.0,18.142857142857142
209,logistic_hurdle,8,701,701,30,0.0,0.0,0.0,17.318181818181817
209,logistic_hurdle,9,731,731,30,0.0,0.0,0.0,16.565217391304348
209,logistic_hurdle,10,761,761,30,0.0,0.0,0.0,15.875
209,logistic_hurdle,11,791,791,30,0.0,0.0,0.0,15.24
210,logistic_hurdle,0,461,461,30,0.0,22.04054168284155,22.04054168284155,23.642857142857142
210,logistic_hurdle,1,491,491,30,0.0,3.829721508887518,3.829721508887518,22.266666666666666
210,logistic_hurdle,2,521,521,30,0.0,0.4664105793521884,0.4664105793521884,20.875
210,logistic_hurdle,3,551,551,30,0.0,0.0,0.0,19.647058823529413
210,logistic_hurdle,4,581,581,30,0.0,0.0,0.0,18.555555555555557
210,logistic_hurdle,5,611,611,30,0.0,0.0,0.0,17.57894736842105
210,logistic_hurdle,6,641,641,30,0.0,0.0,0.0,16.7
210,logistic_hurdle,7,671,671,30,0.0,0.0,0.0,15.904761904761905
210,logistic_hurdle,8,701,701,30,0.0,0.0,0.0,15.181818181818182
210,logistic_hurdle,9,731,731,30,0.0,0.0,0.0,14.521739130434783
210,logistic_hurdle,10,761,761,30,0.0,0.0,0.0,13.916666666666666
210,logistic_hurdle,11,791,791,30,0.0,0.0,0.0,13.36
211,logistic_hurdle,0,461,461,30,0.0,10.011490017438405,10.011490017438405,6.928571428571429
211,logistic_hurdle,1,491,491,30,0.0,2.6042155270877316,2.6042155270877316,6.666666666666667
211,logistic_hurdle,2,521,521,30,0.0,1.138710965720287,1.138710965720287,6.25
211,logistic_hurdle,3,551,551,30,0.0,0.0,0.0,5.882352941176471
211,logistic_hurdle,4,581,581,30,0.0,0.0,0.0,5.555555555555555
211,logistic_hurdle,5,611,611,30,0.0,0.0,0.0,5.2631578947368425
211,logistic_hurdle,6,641,641,30,0.0,0.0,0.0,5.0
211,logistic_hurdle,7,671,671,30,0.0,0.0,0.0,4.761904761904762
211,logistic_hurdle,8,701,701,30,0.0,0.0,0.0,4.545454545454546
211,logistic_hurdle,9,731,731,30,0.0,0.0,0.0,4.3478260869565215
211,logistic_hurdle,10,761,761,30,0.0,0.0,0.0,4.166666666666667
211,logistic_hurdle,11,791,791,30,0.0,0.0,0.0,4.0
212,logistic_hurdle,0,461,461,30,156.0,21.714625710970804,134.2853742890292,1.1428571428571428
212,logistic_hurdle,1,491,491,30,43.0,72.60242679519627,29.602426795196266,10.4
212,logistic_hurdle,2,521,521,30,40.0,87.05697228403875,47.05697228403875,16.8125
212,logistic_hurdle,3,551,551,30,83.0,66.55837416033373,16.441625839666273,16.0
212,logistic_hurdle,4,581,581,30,42.0,47.79273000248709,5.79273000248709,17.5
212,logistic_hurdle,5,611,611,30,3.0,29.152366699885807,26.152366699885807,18.736842105263158
212,logistic_hurdle,6,641,641,30,1.0,44.73981111293543,43.73981111293543,19.75
212,logistic_hurdle,7,671,671,30,0.0,32.1121379809103,32.1121379809103,18.904761904761905
212,logistic_hurdle,8,701,701,30,53.0,1.1525714108863865,51.84742858911361,18.09090909090909
212,logistic_hurdle,9,731,731,30,181.0,31.218787840680406,149.78121215931958,19.608695652173914
212,logistic_hurdle,10,761,761,30,14.0,85.58820686898041,71.58820686898041,24.125
212,logistic_hurdle,11,791,791,30,1.0,66.74295174996527,65.74295174996527,29.84
213,logistic_hurdle,0,461,461,30,0.0,1.7435530308462341,1.7435530308462341,7.285714285714286
213,logistic_hurdle,1,491,491,30,0.0,0.0,0.0,6.8
213,logistic_hurdle,2,521,521,30,0.0,0.0,0.0,6.375
213,logistic_hurdle,3,551,551,30,0.0,0.0,0.0,6.0
213,logistic_hurdle,4,581,581,30,0.0,0.0,0.0,5.666666666666667
213,logistic_hurdle,5,611,611,30,0.0,0.0,0.0,5.368421052631579
213,logistic_hurdle,6,641,641,30,0.0,0.0,0.0,5.1
213,logistic_hurdle,7,671,671,30,0.0,0.0,0.0,4.857142857142857
213,logistic_hurdle,8,701,701,30,0.0,0.0,0.0,4.636363636363637
213,logistic_hurdle,9,731,731,30,0.0,0.0,0.0,4.434782608695652
213,logistic_hurdle,10,761,761,30,0.0,0.0,0.0,4.25
213,logistic_hurdle,11,791,791,30,0.0,0.0,0.0,4.08
215,logistic_hurdle,0,461,461,30,1046.0,146.92733580469041,899.0726641953096,65.64285714285714
215,logistic_hurdle,1,491,491,30,506.0,507.4067620772443,1.4067620772443092,109.53333333333333
215,logistic_hurdle,2,521,521,30,432.0,682.8860528022749,250.8860528022749,136.4375
215,logistic_hurdle,3,551,551,30,338.0,416.9912466281431,78.99124662814307,132.76470588235293
215,logistic_hurdle,4,581,581,30,588.0,444.50397644922,143.49602355078002,130.61111111111111
215,logistic_hurdle,5,611,611,30,751.0,153.03441426681135,597.9655857331886,136.89473684210526
215,logistic_hurdle,6,641,641,30,314.0,723.6012722118214,409.6012722118214,138.2
215,logistic_hurdle,7,671,671,30,171.0,552.9000892536095,381.9000892536095,152.42857142857142
215,logistic_hurdle,8,701,701,30,114.0,299.7237395341353,185.7237395341353,152.0
215,logistic_hurdle,9,731,731,30,228.0,166.07821256272433,61.92178743727567,147.8695652173913
215,logistic_hurdle,10,761,761,30,385.0,158.8888883429788,226.1111116570212,146.45833333333334
215,logistic_hurdle,11,791,791,30,1.0,234.40947607233784,233.40947607233784,146.88
216,logistic_hurdle,0,461,461,30,0.0,1.382162252671602,1.382162252671602,32.5
216,logistic_hurdle,1,491,491,30,0.0,0.0,0.0,30.333333333333332
216,logistic_hurdle,2,521,521,30,0.0,0.0,0.0,28.4375
216,logistic_hurdle,3,551,551,30,0.0,0.0,0.0,26.764705882352942
216,logistic_hurdle,4,581,581,30,0.0,0.0,0.0,25.27777777777778
216,logistic_hurdle,5,611,611,30,0.0,0.0,0.0,23.94736842105263
216,logistic_hurdle,6,641,641,30,0.0,0.0,0.0,22.75
216,logistic_hurdle,7,671,671,30,0.0,0.0,0.0,21.666666666666668
216,logistic_hurdle,8,701,701,30,0.0,0.0,0.0,20.681818181818183
216,logistic_hurdle,9,731,731,30,0.0,0.0,0.0,19.782608695652176
216,logistic_hurdle,10,761,761,30,0.0,0.0,0.0,18.958333333333332
216,logistic_hurdle,11,791,791,30,0.0,0.0,0.0,18.2
220,logistic_hurdle,0,461,461,30,0.0,0.0,0.0,0.0
220,logistic_hurdle,1,491,491,30,0.0,0.0,0.0,0.0
220,logistic_hurdle,2,521,521,30,0.0,0.0,0.0,0.0
220,logistic_hurdle,3,551,551,30,0.0,0.0,0.0,0.0
220,logistic_hurdle,4,581,581,30,0.0,0.0,0.0,0.0
220,logistic_hurdle,5,611,611,30,99.0,0.0,99.0,0.0
220,logistic_hurdle,6,641,641,30,37.0,175.74579868074917,138.74579868074917,4.95
220,logistic_hurdle,7,671,671,30,27.0,87.25600895296556,60.25600895296556,7.666666666666667
220,logistic_hurdle,8,701,701,30,26.0,61.846951123679446,35.846951123679446,7.7727272727272725
220,logistic_hurdle,9,731,731,30,11.0,30.82150023122223,19.82150023122223,7.478260869565218
220,logistic_hurdle,10,761,761,30,0.0,21.992189720498693,21.992189720498693,7.791666666666667
220,logistic_hurdle,11,791,791,30,0.0,3.4712147742072905,3.4712147742072905,7.92
221,logistic_hurdle,0,461,461,30,85.0,81.23563050076939,3.764369499230611,15.357142857142858
221,logistic_hurdle,1,491,491,30,66.0,78.7273108229487,12.727310822948695,18.066666666666666
221,logistic_hurdle,2,521,521,30,42.0,65.59911426820037,23.599114268200367,18.125
221,logistic_hurdle,3,551,551,30,10.0,52.38497040256999,42.38497040256999,18.470588235294116
221,logistic_hurdle,4,581,581,30,2.0,38.69742001237658,36.69742001237658,19.22222222222222
221,logistic_hurdle,5,611,611,30,0.0,15.129995366655997,15.129995366655997,18.63157894736842
221,logistic_hurdle,6,641,641,30,0.0,1.4278324336400228,1.4278324336400228,17.8
221,logistic_hurdle,7,671,671,30,0.0,0.2499802392692117,0.2499802392692117,16.952380952380953
221,logistic_hurdle,8,701,701,30,0.0,0.0,0.0,16.181818181818183
221,logistic_hurdle,9,731,731,30,0.0,0.0,0.0,15.478260869565217
221,logistic_hurdle,10,761,761,30,0.0,0.0,0.0,14.833333333333334
221,logistic_hurdle,11,791,791,30,0.0,0.0,0.0,14.24
222,logistic_hurdle,0,461,461,30,0.0,0.0,0.0,0.0
222,logistic_hurdle,1,491,491,30,0.0,0.0,0.0,0.0
222,logistic_hurdle,2,521,521,30,0.0,0.0,0.0,0.0
222,logistic_hurdle,3,551,551,30,0.0,0.0,0.0,0.0
222,logistic_hurdle,4,581,581,30,0.0,0.0,0.0,0.0
222,logistic_hurdle,5,611,611,30,25.0,0.0,25.0,0.0
222,logistic_hurdle,6,641,641,30,22.0,57.16187912317214,35.16187912317214,1.25
222,logistic_hurdle,7,671,671,30,11.0,24.247940959692794,13.247940959692794,1.3333333333333333
222,logistic_hurdle,8,701,701,30,17.0,25.034910242565125,8.034910242565125,1.7727272727272727
222,logistic_hurdle,9,731,731,30,21.0,18.356762902145327,2.643237097854673,1.9565217391304348
222,logistic_hurdle,10,761,761,30,0.0,13.427463146389076,13.427463146389076,2.0416666666666665
222,logistic_hurdle,11,791,791,30,0.0,2.3520223915658867,2.3520223915658867,2.8
224,logistic_hurdle,0,461,461,30,7.0,0.0,7.0,0.0
224,logistic_hurdle,1,491,491,30,19.0,27.534038691917484,8.534038691917484,0.4666666666666667
224,logistic_hurdle,2,521,521,30,29.0,21.20190321192017,7.798096788079832,1.1875
224,logistic_hurdle,3,551,551,30,18.0,20.73552436213084,2.735524362130839,1.7058823529411764
224,logistic_hurdle,4,581,581,30,1.0,23.770058921929422,22.770058921929422,2.2222222222222223
224,logistic_hurdle,5,611,611,30,35.0,7.591059204537971,27.40894079546203,3.0
224,logistic_hurdle,6,641,641,30,20.0,31.086079346915486,11.086079346915486,4.55
224,logistic_hurdle,7,671,671,30,12.0,31.528130452184925,19.528130452184925,5.0476190476190474
224,logistic_hurdle,8,701,701,30,11.0,26.03958015646159,15.03958015646159,5.181818181818182
224,logistic_hurdle,9,731,731,30,19.0,15.705664910677616,3.2943350893223844,5.0
224,logistic_hurdle,10,761,761,30,46.0,14.88477448155747,31.11522551844253,5.125
224,logistic_hurdle,11,791,791,30,0.0,9.092986718496823,9.092986718496823,6.0
225,logistic_hurdle,0,461,461,30,0.0,0.0,0.0,0.0
225,logistic_hurdle,1,491,491,30,0.0,0.0,0.0,0.0
225,logistic_hurdle,2,521,521,30,0.0,0.0,0.0,0.0
225,logistic_hurdle,3,551,551,30,1.0,0.0,1.0,0.0
225,logistic_hurdle,4,581,581,30,2.0,1.7017637545609576,0.29823624543904237,0.05555555555555555
225,logistic_hurdle,5,611,611,30,2.0,3.317985914201374,1.317985914201374,0.10526315789473684
225,logistic_hurdle,6,641,641,30,0.0,4.83822287527979,4.83822287527979,0.1
225,logistic_hurdle,7,671,671,30,0.0,0.9097115366860407,0.9097115366860407,0.19047619047619047
225,logistic_hurdle,8,701,701,30,1.0,0.19396679393022287,0.8060332060697771,0.18181818181818182
225,logistic_hurdle,9,731,731,30,2.0,1.7474227542081597,0.25257724579184027,0.21739130434782608
225,logistic_hurdle,10,761,761,30,0.0,1.9172215729544293,1.9172215729544293,0.25
225,logistic_hurdle,11,791,791,30,0.0,0.3626246323515198,0.3626246323515198,0.32
226,logistic_hurdle,0,461,461,30,1.0,0.0,1.0,2.5714285714285716
226,logistic_hurdle,1,491,491,30,0.0,3.7577129367967457,3.7577129367967457,2.466666666666667
226,logistic_hurdle,2,521,521,30,1.0,0.7739529218306966,0.22604707816930336,2.375
226,logistic_hurdle,3,551,551,30,0.0,2.2396473144564384,2.2396473144564384,2.2941176470588234
226,logistic_hurdle,4,581,581,30,0.0,0.4826981503499937,0.4826981503499937,2.2222222222222223
226,logistic_hurdle,5,611,611,30,0.0,0.2713167846685818,0.2713167846685818,2.1052631578947367
226,logistic_hurdle,6,641,641,30,0.0,0.0,0.0,2.0
226,logistic_hurdle,7,671,671,30,0.0,0.0,0.0,1.9047619047619047
226,logistic_hurdle,8,701,701,30,0.0,0.0,0.0,1.8181818181818181
226,logistic_hurdle,9,731,731,30,0.0,0.0,0.0,1.7391304347826086
226,logistic_hurdle,10,761,761,30,0.0,0.0,0.0,1.6666666666666667
226,logistic_hurdle,11,791,791,30,0.0,0.0,0.0,1.6
227,logistic_hurdle,0,461,461,30,68.0,77.36994341430093,9.369943414300934,19.357142857142858
227,logistic_hurdle,1,491,491,30,58.0,67.72319320572527,9.723193205725266,19.066666666666666
227,logistic_hurdle,2,521,521,30,38.0,66.79724835368441,28.79724835368441,18.5
227,logistic_hurdle,3,551,551,30,41.0,43.84899818515037,2.8489981851503714,18.58823529411765
227,logistic_hurdle,4,581,581,30,15.0,43.84470990152647,28.84470990152647,17.72222222222222
227,logistic_hurdle,5,611,611,30,57.0,18.363053521283454,38.636946478716546,18.157894736842106
227,logistic_hurdle,6,641,641,30,44.0,43.03862986304838,0.9613701369516221,19.35
227,logistic_hurdle,7,671,671,30,27.0,50.78395006143296,23.78395006143296,19.047619047619047
227,logistic_hurdle,8,701,701,30,22.0,42.31346187245247,20.31346187245247,18.954545454545453
227,logistic_hurdle,9,731,731,30,40.0,34.63575746531395,5.364242534686049,18.347826086956523
227,logistic_hurdle,10,761,761,30,51.0,40.646934242083574,10.353065757916426,18.333333333333332
227,logistic_hurdle,11,791,791,30,19.0,47.39167347288637,28.391673472886367,18.04
228,logistic_hurdle,0,461,461,30,115.0,142.6847432359383,27.6847432359383,39.214285714285715
228,logistic_hurdle,1,491,491,30,129.0,133.096139015121,4.096139015120997,37.266666666666666
228,logistic_hurdle,2,521,521,30,75.0,137.720073609963,62.72007360996301,35.8125
228,logistic_hurdle,3,551,551,30,74.0,84.28835291125431,10.288352911254307,36.88235294117647
228,logistic_hurdle,4,581,581,30,44.0,89.26331266174805,45.263312661748046,34.888888888888886
228,logistic_hurdle,5,611,611,30,108.0,35.441767413577836,72.55823258642216,34.63157894736842
228,logistic_hurdle,6,641,641,30,55.0,91.01613903869885,36.01613903869885,36.1
228,logistic_hurdle,7,671,671,30,47.0,80.87715425850162,33.87715425850162,36.904761904761905
228,logistic_hurdle,8,701,701,30,21.0,71.5842758395118,50.584275839511804,35.59090909090909
228,logistic_hurdle,9,731,731,30,59.0,55.38986595737066,3.6101340426293405,35.17391304347826
228,logistic_hurdle,10,761,761,30,89.0,55.858563304607735,33.141436695392265,35.291666666666664
228,logistic_hurdle,11,791,791,30,33.0,65.66933175499489,32.669331754994886,35.08
229,logistic_hurdle,0,461,461,30,172.0,206.56410820629796,34.56410820629796,60.357142857142854
229,logistic_hurdle,1,491,491,30,198.0,181.78737553476938,16.21262446523062,60.4
229,logistic_hurdle,2,521,521,30,98.0,186.43263988810628,88.43263988810628,58.25
229,logistic_hurdle,3,551,551,30,100.0,122.15669134939799,22.15669134939799,60.705882352941174
229,logistic_hurdle,4,581,581,30,30.0,146.61435364332226,116.61435364332226,57.44444444444444
229,logistic_hurdle,5,611,611,30,82.0,38.49699231956697,43.50300768043303,58.10526315789474
229,logistic_hurdle,6,641,641,30,71.0,80.6797949622322,9.679794962232194,57.8
229,logistic_hurdle,7,671,671,30,46.0,62.29772983148605,16.297729831486052,55.57142857142857
229,logistic_hurdle,8,701,701,30,47.0,59.74151257782307,12.741512577823073,54.18181818181818
229,logistic_hurdle,9,731,731,30,88.0,57.77842703350689,30.221572966493113,51.869565217391305
229,logistic_hurdle,10,761,761,30,124.0,69.93531445843634,54.06468554156366,51.416666666666664
229,logistic_hurdle,11,791,791,30,16.0,90.90285284111303,74.90285284111303,50.8
231,logistic_hurdle,0,461,461,30,0.0,0.0,0.0,0.0
231,logistic_hurdle,1,491,491,30,17.0,0.0,17.0,0.0
231,logistic_hurdle,2,521,521,30,15.0,17.32900820756468,2.32900820756468,1.0625
231,logistic_hurdle,3,551,551,30,18.0,12.851443303207251,5.148556696792749,1.1176470588235294
231,logistic_hurdle,4,581,581,30,20.0,16.608554930997997,3.3914450690020033,1.2222222222222223
231,logistic_hurdle,5,611,611,30,10.0,9.697501899990579,0.3024981000094211,1.263157894736842
231,logistic_hurdle,6,641,641,30,10.0,21.72046416897015,11.72046416897015,1.7
231,logistic_hurdle,7,671,671,30,11.0,14.868076024284331,3.8680760242843313,1.619047619047619
231,logistic_hurdle,8,701,701,30,8.0,13.243146879669409,5.243146879669409,1.5909090909090908
231,logistic_hurdle,9,731,731,30,3.0,13.837843959107076,10.837843959107076,1.6521739130434783
231,logistic_hurdle,10,761,761,30,13.0,11.218985125299456,1.7810148747005439,1.7916666666666667
231,logistic_hurdle,11,791,791,30,0.0,17.90482534224033,17.90482534224033,2.12
233,logistic_hurdle,0,461,461,30,0.0,0.0,0.0,1.1428571428571428
233,logistic_hurdle,1,491,491,30,0.0,0.0,0.0,1.0666666666666667
233,logistic_hurdle,2,521,521,30,0.0,0.0,0.0,1.0
233,logistic_hurdle,3,551,551,30,0.0,0.0,0.0,0.9411764705882353
233,logistic_hurdle,4,581,581,30,0.0,0.0,0.0,0.8888888888888888
233,logistic_hurdle,5,611,611,30,0.0,0.0,0.0,0.8421052631578947
233,logistic_hurdle,6,641,641,30,0.0,0.0,0.0,0.8
233,logistic_hurdle,7,671,671,30,0.0,0.0,0.0,0.7619047619047619
233,logistic_hurdle,8,701,701,30,0.0,0.0,0.0,0.7272727272727273
233,logistic_hurdle,9,731,731,30,0.0,0.0,0.0,0.6956521739130435
233,logistic_hurdle,10,761,761,30,0.0,0.0,0.0,0.6666666666666666
233,logistic_hurdle,11,791,791,30,0.0,0.0,0.0,0.64
235,logistic_hurdle,0,461,461,30,0.0,0.0,0.0,8.571428571428571
235,logistic_hurdle,1,491,491,30,0.0,0.0,0.0,8.0
235,logistic_hurdle,2,521,521,30,0.0,0.0,0.0,7.5
235,logistic_hurdle,3,551,551,30,0.0,0.0,0.0,7.0588235294117645
235,logistic_hurdle,4,581,581,30,0.0,0.0,0.0,6.666666666666667
235,logistic_hurdle,5,611,611,30,0.0,0.0,0.0,6.315789473684211
235,logistic_hurdle,6,641,641,30,0.0,0.0,0.0,6.0
235,logistic_hurdle,7,671,671,30,0.0,0.0,0.0,5.714285714285714
235,logistic_hurdle,8,701,701,30,0.0,0.0,0.0,5.454545454545454
235,logistic_hurdle,9,731,731,30,0.0,0.0,0.0,5.217391304347826
235,logistic_hurdle,10,761,761,30,0.0,0.0,0.0,5.0
235,logistic_hurdle,11,791,791,30,0.0,0.0,0.0,4.8
236,logistic_hurdle,0,461,461,30,0.0,0.0,0.0,0.14285714285714285
236,logistic_hurdle,1,491,491,30,0.0,0.0,0.0,0.13333333333333333
236,logistic_hurdle,2,521,521,30,0.0,0.0,0.0,0.125
236,logistic_hurdle,3,551,551,30,0.0,0.0,0.0,0.11764705882352941
236,logistic_hurdle,4,581,581,30,0.0,0.0,0.0,0.1111111111111111
236,logistic_hurdle,5,611,611,30,0.0,0.0,0.0,0.10526315789473684
236,logistic_hurdle,6,641,641,30,0.0,0.0,0.0,0.1
236,logistic_hurdle,7,671,671,30,0.0,0.0,0.0,0.09523809523809523
236,logistic_hurdle,8,701,701,30,0.0,0.0,0.0,0.09090909090909091
236,logistic_hurdle,9,731,731,30,0.0,0.0,0.0,0.08695652173913043
236,logistic_hurdle,10,761,761,30,0.0,0.0,0.0,0.08333333333333333
236,logistic_hurdle,11,791,791,30,0.0,0.0,0.0,0.08
237,logistic_hurdle,0,461,461,30,0.0,0.0,0.0,0.0
237,logistic_hurdle,1,491,491,30,0.0,0.0,0.0,0.0
237,logistic_hurdle,2,521,521,30,0.0,0.0,0.0,0.0
237,logistic_hurdle,3,551,551,30,0.0,0.0,0.0,0.0
237,logistic_hurdle,4,581,581,30,0.0,0.0,0.0,0.0
237,logistic_hurdle,5,611,611,30,0.0,0.0,0.0,0.0
237,logistic_hurdle,6,641,641,30,0.0,0.0,0.0,0.0
237,logistic_hurdle,7,671,671,30,0.0,0.0,0.0,0.0
237,logistic_hurdle,8,701,701,30,0.0,0.0,0.0,0.0
237,logistic_hurdle,9,731,731,30,0.0,0.0,0.0,0.0
237,logistic_hurdle,10,761,761,30,0.0,0.0,0.0,0.0
237,logistic_hurdle,11,791,791,30,0.0,0.0,0.0,0.0
242,logistic_hurdle,0,461,461,30,0.0,0.0,0.0,133.57142857142858
242,logistic_hurdle,1,491,491,30,0.0,0.0,0.0,124.66666666666667
242,logistic_hurdle,2,521,521,30,0.0,0.0,0.0,116.875
242,logistic_hurdle,3,551,551,30,0.0,0.0,0.0,110.0
242,logistic_hurdle,4,581,581,30,0.0,0.0,0.0,103.88888888888889
242,logistic_hurdle,5,611,611,30,0.0,0.0,0.0,98.42105263157895
242,logistic_hurdle,6,641,641,30,0.0,0.0,0.0,93.5
242,logistic_hurdle,7,671,671,30,0.0,0.0,0.0,89.04761904761905
242,logistic_hurdle,8,701,701,30,0.0,0.0,0.0,85.0
242,logistic_hurdle,9,731,731,30,0.0,0.0,0.0,81.30434782608695
242,logistic_hurdle,10,761,761,30,0.0,0.0,0.0,77.91666666666667
242,logistic_hurdle,11,791,791,30,0.0,0.0,0.0,74.8
244,logistic_hurdle,0,461,461,30,65.0,16.437787432768676,48.56221256723133,3.9285714285714284
244,logistic_hurdle,1,491,491,30,44.0,33.848678808805786,10.151321191194214,6.2
244,logistic_hurdle,2,521,521,30,7.0,43.671206453712635,36.671206453712635,7.125
244,logistic_hurdle,3,551,551,30,6.0,21.582479838382653,15.582479838382653,8.882352941176471
244,logistic_hurdle,4,581,581,30,35.0,19.24401555337654,15.755984446623462,8.444444444444445
244,logistic_hurdle,5,611,611,30,17.0,11.464790622180747,5.535209377819253,9.526315789473685
244,logistic_hurdle,6,641,641,30,16.0,23.677532157488425,7.677532157488425,9.95
244,logistic_hurdle,7,671,671,30,6.0,26.412528727631603,20.412528727631603,9.523809523809524
244,logistic_hurdle,8,701,701,30,14.0,11.500473169864778,2.4995268301352223,9.545454545454545
244,logistic_hurdle,9,731,731,30,23.0,12.808136705018612,10.191863294981388,9.478260869565217
244,logistic_hurdle,10,761,761,30,19.0,16.61270416340474,2.3872958365952606,9.458333333333334
244,logistic_hurdle,11,791,791,30,5.0,20.680963329583122,15.680963329583122,9.24
246,logistic_hurdle,0,461,461,30,0.0,9.042252234299308,9.042252234299308,18.714285714285715
246,logistic_hurdle,1,491,491,30,0.0,1.7862887593982222,1.7862887593982222,17.533333333333335
246,logistic_hurdle,2,521,521,30,17.0,0.3708227604609524,16.629177239539047,16.4375
246,logistic_hurdle,3,551,551,30,49.0,29.75493442044459,19.24506557955541,16.470588235294116
246,logistic_hurdle,4,581,581,30,62.0,45.100965349545426,16.899034650454574,17.333333333333332
246,logistic_hurdle,5,611,611,30,143.0,19.215280946742823,123.78471905325718,17.105263157894736
246,logistic_hurdle,6,641,641,30,19.0,103.14411232301603,84.14411232301603,20.3
246,logistic_hurdle,7,671,671,30,0.0,67.23147252427158,67.23147252427158,25.238095238095237
246,logistic_hurdle,8,701,701,30,0.0,10.472947828703097,10.472947828703097,24.954545454545453
246,logistic_hurdle,9,731,731,30,0.0,0.7310264837279848,0.7310264837279848,23.869565217391305
246,logistic_hurdle,10,761,761,30,0.0,0.0,0.0,22.875
246,logistic_hurdle,11,791,791,30,0.0,0.0,0.0,21.96
247,logistic_hurdle,0,461,461,30,0.0,0.0,0.0,3.0
247,logistic_hurdle,1,491,491,30,0.0,0.0,0.0,2.8
247,logistic_hurdle,2,521,521,30,0.0,0.0,0.0,2.625
247,logistic_hurdle,3,551,551,30,0.0,0.0,0.0,2.4705882352941178
247,logistic_hurdle,4,581,581,30,0.0,0.0,0.0,2.3333333333333335
247,logistic_hurdle,5,611,611,30,0.0,0.0,0.0,2.210526315789474
247,logistic_hurdle,6,641,641,30,0.0,0.0,0.0,2.1
247,logistic_hurdle,7,671,671,30,0.0,0.0,0.0,2.0
247,logistic_hurdle,8,701,701,30,0.0,0.0,0.0,1.9090909090909092
247,logistic_hurdle,9,731,731,30,0.0,0.0,0.0,1.826086956521739
247,logistic_hurdle,10,761,761,30,0.0,0.0,0.0,1.75
247,logistic_hurdle,11,791,791,30,0.0,0.0,0.0,1.68
250,logistic_hurdle,0,461,461,30,0.0,0.0,0.0,7.714285714285714
250,logistic_hurdle,1,491,491,30,0.0,0.0,0.0,7.2
250,logistic_hurdle,2,521,521,30,0.0,0.0,0.0,6.75
250,logistic_hurdle,3,551,551,30,0.0,0.0,0.0,6.352941176470588
250,logistic_hurdle,4,581,581,30,0.0,0.0,0.0,6.0
250,logistic_hurdle,5,611,611,30,0.0,0.0,0.0,5.684210526315789
250,logistic_hurdle,6,641,641,30,0.0,0.0,0.0,5.4
250,logistic_hurdle,7,671,671,30,0.0,0.0,0.0,5.142857142857143
250,logistic_hurdle,8,701,701,30,0.0,0.0,0.0,4.909090909090909
250,logistic_hurdle,9,731,731,30,0.0,0.0,0.0,4.695652173913044
250,logistic_hurdle,10,761,761,30,0.0,0.0,0.0,4.5
250,logistic_hurdle,11,791,791,30,0.0,0.0,0.0,4.32
251,logistic_hurdle,0,461,461,30,25.0,144.85674266522452,119.85674266522452,31.785714285714285
251,logistic_hurdle,1,491,491,30,34.0,91.89580761915333,57.89580761915333,30.466666666666665
251,logistic_hurdle,2,521,521,30,60.0,32.21179813893203,27.788201861067968,29.125
251,logistic_hurdle,3,551,551,30,0.0,33.807282689141054,33.807282689141054,28.941176470588236
251,logistic_hurdle,4,581,581,30,0.0,6.179529998775776,6.179529998775776,30.666666666666668
251,logistic_hurdle,5,611,611,30,0.0,1.7290028282133039,1.7290028282133039,29.05263157894737
251,logistic_hurdle,6,641,641,30,0.0,0.0,0.0,27.6
251,logistic_hurdle,7,671,671,30,0.0,0.0,0.0,26.285714285714285
251,logistic_hurdle,8,701,701,30,0.0,0.0,0.0,25.09090909090909
251,logistic_hurdle,9,731,731,30,0.0,0.0,0.0,24.0
251,logistic_hurdle,10,761,761,30,0.0,0.0,0.0,23.0
251,logistic_hurdle,11,791,791,30,0.0,0.0,0.0,22.08
252,logistic_hurdle,0,461,461,30,0.0,0.0,0.0,13.285714285714286
252,logistic_hurdle,1,491,491,30,0.0,0.0,0.0,12.4
252,logistic_hurdle,2,521,521,30,0.0,0.0,0.0,11.625
252,logistic_hurdle,3,551,551,30,0.0,0.0,0.0,10.941176470588236
252,logistic_hurdle,4,581,581,30,0.0,0.0,0.0,10.333333333333334
252,logistic_hurdle,5,611,611,30,0.0,0.0,0.0,9.789473684210526
252,logistic_hurdle,6,641,641,30,0.0,0.0,0.0,9.3
252,logistic_hurdle,7,671,671,30,0.0,0.0,0.0,8.857142857142858
252,logistic_hurdle,8,701,701,30,0.0,0.0,0.0,8.454545454545455
252,logistic_hurdle,9,731,731,30,0.0,0.0,0.0,8.08695652173913
252,logistic_hurdle,10,761,761,30,0.0,0.0,0.0,7.75
252,logistic_hurdle,11,791,791,30,0.0,0.0,0.0,7.44
253,logistic_hurdle,0,461,461,30,23.0,81.53042733029427,58.53042733029427,18.571428571428573
253,logistic_hurdle,1,491,491,30,24.0,51.74617749897816,27.746177498978163,17.533333333333335
253,logistic_hurdle,2,521,521,30,26.0,21.478090106725418,4.521909893274582,16.5
253,logistic_hurdle,3,551,551,30,0.0,17.664301264841402,17.664301264841402,15.647058823529411
253,logistic_hurdle,4,581,581,30,0.0,4.281782107655361,4.281782107655361,16.22222222222222
253,logistic_hurdle,5,611,611,30,0.0,0.7673446416176078,0.7673446416176078,15.368421052631579
253,logistic_hurdle,6,641,641,30,0.0,0.0,0.0,14.6
253,logistic_hurdle,7,671,671,30,0.0,0.0,0.0,13.904761904761905
253,logistic_hurdle,8,701,701,30,0.0,0.0,0.0,13.272727272727273
253,logistic_hurdle,9,731,731,30,0.0,0.0,0.0,12.695652173913043
253,logistic_hurdle,10,761,761,30,0.0,0.0,0.0,12.166666666666666
253,logistic_hurdle,11,791,791,30,0.0,0.0,0.0,11.68
254,logistic_hurdle,0,461,461,30,0.0,0.0,0.0,0.0
254,logistic_hurdle,1,491,491,30,0.0,0.0,0.0,0.0
254,logistic_hurdle,2,521,521,30,0.0,0.0,0.0,0.0
254,logistic_hurdle,3,551,551,30,0.0,0.0,0.0,0.0
254,logistic_hurdle,4,581,581,30,0.0,0.0,0.0,0.0
254,logistic_hurdle,5,611,611,30,0.0,0.0,0.0,0.0
254,logistic_hurdle,6,641,641,30,0.0,0.0,0.0,0.0
254,logistic_hurdle,7,671,671,30,0.0,0.0,0.0,0.0
254,logistic_hurdle,8,701,701,30,4.0,0.0,4.0,0.0
254,logistic_hurdle,9,731,731,30,30.0,8.71714183515212,21.28285816484788,0.17391304347826086
254,logistic_hurdle,10,761,761,30,25.0,24.69308007126566,0.3069199287343416,1.25
254,logistic_hurdle,11,791,791,30,4.0,28.06408664458869,24.06408664458869,1.4
261,logistic_hurdle,0,461,461,30,165.0,25.543869550582272,139.45613044941774,36.0
261,logistic_hurdle,1,491,491,30,3.0,107.89776632301502,104.89776632301502,42.46666666666667
261,logistic_hurdle,2,521,521,30,49.0,96.35874472525772,47.35874472525772,49.9375
261,logistic_hurdle,3,551,551,30,175.0,71.64914992794962,103.35085007205038,49.705882352941174
261,logistic_hurdle,4,581,581,30,35.0,79.04779819767013,44.04779819767013,53.94444444444444
261,logistic_hurdle,5,611,611,30,66.0,37.65201250133141,28.347987498668587,58.473684210526315
261,logistic_hurdle,6,641,641,30,44.0,83.58078379758695,39.580783797586946,57.1
261,logistic_hurdle,7,671,671,30,133.0,43.18495947553804,89.81504052446196,55.42857142857143
261,logistic_hurdle,8,701,701,30,1.0,57.21301465186582,56.21301465186582,56.95454545454545
261,logistic_hurdle,9,731,731,30,78.0,21.147207266864843,56.85279273313516,60.21739130434783
261,logistic_hurdle,10,761,761,30,0.0,60.07837689510374,60.07837689510374,60.916666666666664
261,logistic_hurdle,11,791,791,30,0.0,9.92050250846951,9.92050250846951,61.6
266,logistic_hurdle,0,461,461,30,0.0,0.46005242029879845,0.46005242029879845,0.5
266,logistic_hurdle,1,491,491,30,0.0,0.31431668015443626,0.31431668015443626,0.4666666666666667
266,logistic_hurdle,2,521,521,30,0.0,0.0,0.0,0.4375
266,logistic_hurdle,3,551,551,30,0.0,0.0,0.0,0.4117647058823529
266,logistic_hurdle,4,581,581,30,0.0,0.0,0.0,0.3888888888888889
266,logistic_hurdle,5,611,611,30,0.0,0.0,0.0,0.3684210526315789
266,logistic_hurdle,6,641,641,30,0.0,0.0,0.0,0.35
266,logistic_hurdle,7,671,671,30,0.0,0.0,0.0,0.3333333333333333
266,logistic_hurdle,8,701,701,30,0.0,0.0,0.0,0.3181818181818182
266,logistic_hurdle,9,731,731,30,0.0,0.0,0.0,0.30434782608695654
266,logistic_hurdle,10,761,761,30,0.0,0.0,0.0,0.2916666666666667
266,logistic_hurdle,11,791,791,30,0.0,0.0,0.0,0.28
267,logistic_hurdle,0,461,461,30,0.0,0.0,0.0,0.0
267,logistic_hurdle,1,491,491,30,21.0,0.0,21.0,0.0
267,logistic_hurdle,2,521,521,30,23.0,38.973412336037796,15.973412336037796,1.3125
267,logistic_hurdle,3,551,551,30,30.0,24.472559625103937,5.527440374896063,1.3529411764705883
267,logistic_hurdle,4,581,581,30,57.0,28.84610713417492,28.15389286582508,1.6666666666666667
267,logistic_hurdle,5,611,611,30,104.0,18.65896920096116,85.34103079903883,3.0
267,logistic_hurdle,6,641,641,30,17.0,70.96542215022178,53.965422150221784,5.2
267,logistic_hurdle,7,671,671,30,0.0,59.432518037532375,59.432518037532375,9.095238095238095
267,logistic_hurdle,8,701,701,30,0.0,7.0334587619143765,7.0334587619143765,9.454545454545455
267,logistic_hurdle,9,731,731,30,0.0,0.38395589627374027,0.38395589627374027,9.043478260869565
267,logistic_hurdle,10,761,761,30,0.0,0.0,0.0,8.666666666666666
267,logistic_hurdle,11,791,791,30,0.0,0.0,0.0,8.32
268,logistic_hurdle,0,461,461,30,14.0,60.789744667311346,46.789744667311346,0.42857142857142855
268,logistic_hurdle,1,491,491,30,0.0,30.043934316403657,30.043934316403657,0.9333333333333333
268,logistic_hurdle,2,521,521,30,0.0,5.36210325138538,5.36210325138538,1.75
268,logistic_hurdle,3,551,551,30,0.0,1.0623389320795698,1.0623389320795698,1.6470588235294117
268,logistic_hurdle,4,581,581,30,0.0,0.0,0.0,1.5555555555555556
268,logistic_hurdle,5,611,611,30,0.0,0.0,0.0,1.4736842105263157
268,logistic_hurdle,6,641,641,30,0.0,0.0,0.0,1.4
268,logistic_hurdle,7,671,671,30,0.0,0.0,0.0,1.3333333333333333
268,logistic_hurdle,8,701,701,30,0.0,0.0,0.0,1.2727272727272727
268,logistic_hurdle,9,731,731,30,0.0,0.0,0.0,1.2173913043478262
268,logistic_hurdle,10,761,761,30,0.0,0.0,0.0,1.1666666666666667
268,logistic_hurdle,11,791,791,30,0.0,0.0,0.0,1.12
269,logistic_hurdle,0,461,461,30,1.0,24.786999592174325,23.786999592174325,0.21428571428571427
269,logistic_hurdle,1,491,491,30,0.0,10.686464535144223,10.686464535144223,0.3333333333333333
269,logistic_hurdle,2,521,521,30,0.0,1.7577993878419997,1.7577993878419997,0.375
269,logistic_hurdle,3,551,551,30,0.0,0.22649790457204824,0.22649790457204824,0.35294117647058826
269,logistic_hurdle,4,581,581,30,0.0,0.0,0.0,0.3333333333333333
269,logistic_hurdle,5,611,611,30,0.0,0.0,0.0,0.3157894736842105
269,logistic_hurdle,6,641,641,30,0.0,0.0,0.0,0.3
269,logistic_hurdle,7,671,671,30,0.0,0.0,0.0,0.2857142857142857
269,logistic_hurdle,8,701,701,30,0.0,0.0,0.0,0.2727272727272727
269,logistic_hurdle,9,731,731,30,0.0,0.0,0.0,0.2608695652173913
269,logistic_hurdle,10,761,761,30,0.0,0.0,0.0,0.25
269,logistic_hurdle,11,791,791,30,0.0,0.0,0.0,0.24
270,logistic_hurdle,0,461,461,30,0.0,0.0,0.0,0.0
270,logistic_hurdle,1,491,491,30,5.0,0.0,5.0,0.0
270,logistic_hurdle,2,521,521,30,0.0,7.704534733530458,7.704534733530458,0.3125
270,logistic_hurdle,3,551,551,30,0.0,1.3713219780525265,1.3713219780525265,0.5882352941176471
270,logistic_hurdle,4,581,581,30,0.0,0.27883568517814605,0.27883568517814605,0.5555555555555556
270,logistic_hurdle,5,611,611,30,0.0,0.0,0.0,0.5263157894736842
270,logistic_hurdle,6,641,641,30,0.0,0.0,0.0,0.5
270,logistic_hurdle,7,671,671,30,0.0,0.0,0.0,0.47619047619047616
270,logistic_hurdle,8,701,701,30,0.0,0.0,0.0,0.45454545454545453
270,logistic_hurdle,9,731,731,30,0.0,0.0,0.0,0.43478260869565216
270,logistic_hurdle,10,761,761,30,0.0,0.0,0.0,0.4166666666666667
270,logistic_hurdle,11,791,791,30,0.0,0.0,0.0,0.4
271,logistic_hurdle,0,461,461,30,0.0,0.0,0.0,0.0
271,logistic_hurdle,1,491,491,30,1.0,0.0,1.0,0.0
271,logistic_hurdle,2,521,521,30,0.0,2.592853959559878,2.592853959559878,0.0625
271,logistic_hurdle,3,551,551,30,0.0,0.3749119550083144,0.3749119550083144,0.11764705882352941
271,logistic_hurdle,4,581,581,30,0.0,0.2192935285443524,0.2192935285443524,0.1111111111111111
271,logistic_hurdle,5,611,611,30,0.0,0.0,0.0,0.10526315789473684
271,logistic_hurdle,6,641,641,30,0.0,0.0,0.0,0.1
271,logistic_hurdle,7,671,671,30,0.0,0.0,0.0,0.09523809523809523
271,logistic_hurdle,8,701,701,30,0.0,0.0,0.0,0.09090909090909091
271,logistic_hurdle,9,731,731,30,0.0,0.0,0.0,0.08695652173913043
271,logistic_hurdle,10,761,761,30,0.0,0.0,0.0,0.08333333333333333
271,logistic_hurdle,11,791,791,30,0.0,0.0,0.0,0.08
272,logistic_hurdle,0,461,461,30,0.0,3.470340273750819,3.470340273750819,0.8571428571428571
272,logistic_hurdle,1,491,491,30,0.0,0.6956661448421122,0.6956661448421122,0.8
272,logistic_hurdle,2,521,521,30,0.0,0.0,0.0,0.75
272,logistic_hurdle,3,551,551,30,0.0,0.0,0.0,0.7058823529411765
272,logistic_hurdle,4,581,581,30,0.0,0.0,0.0,0.6666666666666666
272,logistic_hurdle,5,611,611,30,0.0,0.0,0.0,0.631578947368421
272,logistic_hurdle,6,641,641,30,0.0,0.0,0.0,0.6
272,logistic_hurdle,7,671,671,30,0.0,0.0,0.0,0.5714285714285714
272,logistic_hurdle,8,701,701,30,0.0,0.0,0.0,0.5454545454545454
272,logistic_hurdle,9,731,731,30,0.0,0.0,0.0,0.5217391304347826
272,logistic_hurdle,10,761,761,30,0.0,0.0,0.0,0.5
272,logistic_hurdle,11,791,791,30,0.0,0.0,0.0,0.48
274,logistic_hurdle,0,461,461,30,0.0,0.0,0.0,0.7142857142857143
274,logistic_hurdle,1,491,491,30,0.0,0.0,0.0,0.6666666666666666
274,logistic_hurdle,2,521,521,30,0.0,0.0,0.0,0.625
274,logistic_hurdle,3,551,551,30,0.0,0.0,0.0,0.5882352941176471
274,logistic_hurdle,4,581,581,30,0.0,0.0,0.0,0.5555555555555556
274,logistic_hurdle,5,611,611,30,0.0,0.0,0.0,0.5263157894736842
274,logistic_hurdle,6,641,641,30,0.0,0.0,0.0,0.5
274,logistic_hurdle,7,671,671,30,0.0,0.0,0.0,0.47619047619047616
274,logistic_hurdle,8,701,701,30,0.0,0.0,0.0,0.45454545454545453
274,logistic_hurdle,9,731,731,30,0.0,0.0,0.0,0.43478260869565216
274,logistic_hurdle,10,761,761,30,0.0,0.0,0.0,0.4166666666666667
274,logistic_hurdle,11,791,791,30,0.0,0.0,0.0,0.4
276,logistic_hurdle,0,461,461,30,0.0,0.0,0.0,44.857142857142854
276,logistic_hurdle,1,491,491,30,0.0,0.0,0.0,41.86666666666667
276,logistic_hurdle,2,521,521,30,0.0,0.0,0.0,39.25
276,logistic_hurdle,3,551,551,30,0.0,0.0,0.0,36.94117647058823
276,logistic_hurdle,4,581,581,30,0.0,0.0,0.0,34.888888888888886
276,logistic_hurdle,5,611,611,30,0.0,0.0,0.0,33.05263157894737
276,logistic_hurdle,6,641,641,30,0.0,0.0,0.0,31.4
276,logistic_hurdle,7,671,671,30,0.0,0.0,0.0,29.904761904761905
276,logistic_hurdle,8,701,701,30,0.0,0.0,0.0,28.545454545454547
276,logistic_hurdle,9,731,731,30,0.0,0.0,0.0,27.304347826086957
276,logistic_hurdle,10,761,761,30,0.0,0.0,0.0,26.166666666666668
276,logistic_hurdle,11,791,791,30,0.0,0.0,0.0,25.12
277,logistic_hurdle,0,461,461,30,25.0,64.60511188611058,39.60511188611058,57.642857142857146
277,logistic_hurdle,1,491,491,30,36.0,44.40347063129844,8.40347063129844,55.0
277,logistic_hurdle,2,521,521,30,92.0,29.918440748477693,62.08155925152231,52.25
277,logistic_hurdle,3,551,551,30,55.0,42.276347060974864,12.723652939025136,52.470588235294116
277,logistic_hurdle,4,581,581,30,100.0,54.57501963977204,45.42498036022796,51.611111111111114
277,logistic_hurdle,5,611,611,30,109.0,43.96027962126597,65.03972037873403,51.26315789473684
277,logistic_hurdle,6,641,641,30,50.0,120.88174454110191,70.88174454110191,49.15
277,logistic_hurdle,7,671,671,30,89.0,122.55029024280444,33.55029024280444,49.61904761904762
277,logistic_hurdle,8,701,701,30,8.0,77.16574773379976,69.16574773379976,49.13636363636363
277,logistic_hurdle,9,731,731,30,0.0,76.11115551792406,76.11115551792406,50.52173913043478
277,logistic_hurdle,10,761,761,30,0.0,13.385420399286907,13.385420399286907,48.75
277,logistic_hurdle,11,791,791,30,0.0,2.2821269596001383,2.2821269596001383,46.8
278,logistic_hurdle,0,461,461,30,0.0,0.0,0.0,0.0
278,logistic_hurdle,1,491,491,30,0.0,0.0,0.0,0.0
278,logistic_hurdle,2,521,521,30,0.0,0.0,0.0,0.0
278,logistic_hurdle,3,551,551,30,8.0,0.0,8.0,0.0
278,logistic_hurdle,4,581,581,30,0.0,15.908188933461075,15.908188933461075,0.4444444444444444
278,logistic_hurdle,5,611,611,30,1.0,2.6748007627329273,1.6748007627329273,0.8421052631578947
278,logistic_hurdle,6,641,641,30,0.0,4.727788925818825,4.727788925818825,0.85
278,logistic_hurdle,7,671,671,30,0.0,0.42323915926082445,0.42323915926082445,0.8571428571428571
278,logistic_hurdle,8,701,701,30,0.0,0.19787293307806098,0.19787293307806098,0.8181818181818182
278,logistic_hurdle,9,731,731,30,0.0,0.0,0.0,0.782608695652174
278,logistic_hurdle,10,761,761,30,0.0,0.0,0.0,0.75
278,logistic_hurdle,11,791,791,30,0.0,0.0,0.0,0.72
279,logistic_hurdle,0,461,461,30,0.0,0.8230187984170872,0.8230187984170872,24.571428571428573
279,logistic_hurdle,1,491,491,30,11.0,0.5288147548365946,10.471185245163406,22.933333333333334
279,logistic_hurdle,2,521,521,30,9.0,26.875642192277073,17.875642192277073,22.1875
279,logistic_hurdle,3,551,551,30,36.0,9.605752495886478,26.394247504113522,21.0
279,logistic_hurdle,4,581,581,30,10.0,20.236131284325516,10.236131284325516,21.333333333333332
279,logistic_hurdle,5,611,611,30,9.0,12.99694414555844,3.996944145558439,21.57894736842105
279,logistic_hurdle,6,641,641,30,0.0,20.443207401052085,20.443207401052085,20.55
279,logistic_hurdle,7,671,671,30,0.0,3.8335938477819087,3.8335938477819087,20.0
279,logistic_hurdle,8,701,701,30,3.0,0.6413694682657158,2.358630531734284,19.09090909090909
279,logistic_hurdle,9,731,731,30,14.0,3.954995988911931,10.04500401108807,18.391304347826086
279,logistic_hurdle,10,761,761,30,8.0,7.591000399041509,0.40899960095849064,18.083333333333332
279,logistic_hurdle,11,791,791,30,0.0,5.1228644747094085,5.1228644747094085,17.6
282,logistic_hurdle,0,461,461,30,0.0,23.38368958823418,23.38368958823418,0.42857142857142855
282,logistic_hurdle,1,491,491,30,1.0,4.147587733257437,3.1475877332574367,0.8
282,logistic_hurdle,2,521,521,30,0.0,5.999732512497224,5.999732512497224,0.8125
282,logistic_hurdle,3,551,551,30,2.0,0.4345599210099751,1.565440078990025,0.8235294117647058
282,logistic_hurdle,4,581,581,30,1.0,3.2891963183684827,2.2891963183684827,0.8888888888888888
282,logistic_hurdle,5,611,611,30,11.0,2.4855268689843757,8.514473131015624,0.8947368421052632
282,logistic_hurdle,6,641,641,30,6.0,11.512151576454176,5.512151576454176,1.35
282,logistic_hurdle,7,671,671,30,9.0,7.150507837607424,1.8494921623925764,1.5238095238095237
282,logistic_hurdle,8,701,701,30,1.0,7.6334195405231435,6.6334195405231435,1.5909090909090908
282,logistic_hurdle,9,731,731,30,1.0,2.5250656568543812,1.5250656568543812,1.8695652173913044
282,logistic_hurdle,10,761,761,30,3.0,3.430762390578601,0.4307623905786011,1.7916666666666667
282,logistic_hurdle,11,791,791,30,1.0,3.3811380019182087,2.3811380019182087,1.8
283,logistic_hurdle,0,461,461,30,17.0,8.07099617013448,8.92900382986552,10.357142857142858
283,logistic_hurdle,1,491,491,30,20.0,16.3562691753804,3.643730824619599,10.6
283,logistic_hurdle,2,521,521,30,18.0,15.855224327607734,2.1447756723922655,10.125
283,logistic_hurdle,3,551,551,30,9.0,15.496557932843183,6.496557932843183,9.647058823529411
283,logistic_hurdle,4,581,581,30,7.0,11.614837446203289,4.614837446203289,9.61111111111111
283,logistic_hurdle,5,611,611,30,14.0,6.331159798157615,7.668840201842385,9.210526315789474
283,logistic_hurdle,6,641,641,30,10.0,11.089771869573006,1.0897718695730063,9.1
283,logistic_hurdle,7,671,671,30,7.0,10.782800122177772,3.782800122177772,8.857142857142858
283,logistic_hurdle,8,701,701,30,14.0,7.393787301377639,6.606212698622361,8.590909090909092
283,logistic_hurdle,9,731,731,30,9.0,10.686621156143993,1.6866211561439926,8.521739130434783
283,logistic_hurdle,10,761,761,30,18.0,11.859904999270665,6.140095000729335,8.375
283,logistic_hurdle,11,791,791,30,0.0,13.137232416976993,13.137232416976993,8.4
284,logistic_hurdle,0,461,461,30,3.0,5.177167929506252,2.1771679295062523,3.2857142857142856
284,logistic_hurdle,1,491,491,30,13.0,4.7521709312435805,8.24782906875642,3.066666666666667
284,logistic_hurdle,2,521,521,30,6.0,8.081670046607117,2.081670046607117,3.5
284,logistic_hurdle,3,551,551,30,4.0,7.333426564519137,3.3334265645191374,3.7058823529411766
284,logistic_hurdle,4,581,581,30,8.0,7.961213874347972,0.038786125652028325,3.611111111111111
284,logistic_hurdle,5,611,611,30,10.0,6.821368214605551,3.1786317853944492,3.6315789473684212
284,logistic_hurdle,6,641,641,30,21.0,8.917703128792136,12.082296871207864,3.55
284,logistic_hurdle,7,671,671,30,1.0,10.760547439339112,9.760547439339112,3.9047619047619047
284,logistic_hurdle,8,701,701,30,3.0,4.847466990668721,1.847466990668721,4.636363636363637
284,logistic_hurdle,9,731,731,30,3.0,4.760937517450605,1.7609375174506052,4.521739130434782
284,logistic_hurdle,10,761,761,30,5.0,5.409522827437851,0.4095228274378506,4.333333333333333
284,logistic_hurdle,11,791,791,30,0.0,5.55282889509475,5.55282889509475,4.24
285,logistic_hurdle,0,461,461,30,0.0,0.0,0.0,0.5714285714285714
285,logistic_hurdle,1,491,491,30,0.0,0.0,0.0,0.5333333333333333
285,logistic_hurdle,2,521,521,30,0.0,0.0,0.0,0.5
285,logistic_hurdle,3,551,551,30,0.0,0.0,0.0,0.47058823529411764
285,logistic_hurdle,4,581,581,30,0.0,0.0,0.0,0.4444444444444444
285,logistic_hurdle,5,611,611,30,0.0,0.0,0.0,0.42105263157894735
285,logistic_hurdle,6,641,641,30,0.0,0.0,0.0,0.4
285,logistic_hurdle,7,671,671,30,0.0,0.0,0.0,0.38095238095238093
285,logistic_hurdle,8,701,701,30,0.0,0.0,0.0,0.36363636363636365
285,logistic_hurdle,9,731,731,30,0.0,0.0,0.0,0.34782608695652173
285,logistic_hurdle,10,761,761,30,0.0,0.0,0.0,0.3333333333333333
285,logistic_hurdle,11,791,791,30,0.0,0.0,0.0,0.32
286,logistic_hurdle,0,461,461,30,37.0,32.32180301946222,4.678196980537777,19.0
286,logistic_hurdle,1,491,491,30,68.0,38.43847499629726,29.56152500370274,18.733333333333334
286,logistic_hurdle,2,521,521,30,34.0,49.484059150534975,15.484059150534975,19.5
286,logistic_hurdle,3,551,551,30,33.0,32.62475372053051,0.3752462794694935,20.352941176470587
286,logistic_hurdle,4,581,581,30,24.0,47.4346580243578,23.4346580243578,19.27777777777778
286,logistic_hurdle,5,611,611,30,31.0,13.644131029036402,17.3558689709636,18.736842105263158
286,logistic_hurdle,6,641,641,30,32.0,27.354008000418737,4.645991999581263,18.15
286,logistic_hurdle,7,671,671,30,17.0,35.036949218541096,18.036949218541096,17.333333333333332
286,logistic_hurdle,8,701,701,30,11.0,15.438861335350959,4.438861335350959,17.227272727272727
286,logistic_hurdle,9,731,731,30,25.0,15.410776536245193,9.589223463754807,16.73913043478261
286,logistic_hurdle,10,761,761,30,46.0,24.206354293021473,21.793645706978527,16.625
286,logistic_hurdle,11,791,791,30,1.0,34.578481392261295,33.578481392261295,16.8
288,logistic_hurdle,0,461,461,30,2.0,0.0,2.0,0.0
288,logistic_hurdle,1,491,491,30,1.0,2.744764791881638,1.744764791881638,0.13333333333333333
288,logistic_hurdle,2,521,521,30,0.0,2.3463628562311105,2.3463628562311105,0.1875
288,logistic_hurdle,3,551,551,30,1.0,0.3772212874954567,0.6227787125045433,0.23529411764705882
288,logistic_hurdle,4,581,581,30,1.0,1.4617716678067822,0.46177166780678225,0.2777777777777778
288,logistic_hurdle,5,611,611,30,3.0,2.3070680092187046,0.6929319907812954,0.2631578947368421
288,logistic_hurdle,6,641,641,30,1.0,5.495831799884476,4.495831799884476,0.35
288,logistic_hurdle,7,671,671,30,4.0,3.204030621182453,0.795969378817547,0.42857142857142855
288,logistic_hurdle,8,701,701,30,0.0,5.23844258699401,5.23844258699401,0.5454545454545454
288,logistic_hurdle,9,731,731,30,2.0,1.085662126650885,0.914337873349115,0.6956521739130435
288,logistic_hurdle,10,761,761,30,51.0,3.4802476163901472,47.519752383609855,0.75
288,logistic_hurdle,11,791,791,30,0.0,37.53266336185559,37.53266336185559,2.68
289,logistic_hurdle,0,461,461,30,1.0,0.7688155267776166,0.23118447322238345,0.7857142857142857
289,logistic_hurdle,1,491,491,30,0.0,1.7980855232622137,1.7980855232622137,0.8
289,logistic_hurdle,2,521,521,30,0.0,0.7118197488805453,0.7118197488805453,0.8125
289,logistic_hurdle,3,551,551,30,2.0,0.558284624674064,1.441715375325936,0.7647058823529411
289,logistic_hurdle,4,581,581,30,0.0,3.1160928674635473,3.1160928674635473,0.8333333333333334
289,logistic_hurdle,5,611,611,30,1.0,1.2375024782951098,0.23750247829510984,0.8947368421052632
289,logistic_hurdle,6,641,641,30,0.0,3.6232777175280217,3.6232777175280217,0.9
289,logistic_hurdle,7,671,671,30,0.0,1.1470573614398059,1.1470573614398059,0.9047619047619048
289,logistic_hurdle,8,701,701,30,0.0,0.5313234619534468,0.5313234619534468,0.8636363636363636
289,logistic_hurdle,9,731,731,30,0.0,0.0,0.0,0.8260869565217391
289,logistic_hurdle,10,761,761,30,3.0,0.0,3.0,0.7916666666666666
289,logistic_hurdle,11,791,791,30,0.0,2.317614110007047,2.317614110007047,0.88
291,logistic_hurdle,0,461,461,30,0.0,0.0,0.0,0.0
291,logistic_hurdle,1,491,491,30,0.0,0.0,0.0,0.0
291,logistic_hurdle,2,521,521,30,0.0,0.0,0.0,0.0
291,logistic_hurdle,3,551,551,30,0.0,0.0,0.0,0.0
291,logistic_hurdle,4,581,581,30,0.0,0.0,0.0,0.0
291,logistic_hurdle,5,611,611,30,210.0,0.0,210.0,0.0
291,logistic_hurdle,6,641,641,30,65.0,248.82015304379308,183.82015304379308,10.5
291,logistic_hurdle,7,671,671,30,57.0,136.07949919579426,79.07949919579426,16.904761904761905
291,logistic_hurdle,8,701,701,30,72.0,97.56773964207827,25.567739642078266,16.5
291,logistic_hurdle,9,731,731,30,81.0,63.014559891799394,17.985440108200606,16.434782608695652
291,logistic_hurdle,10,761,761,30,127.0,69.33551444023986,57.66448555976014,16.125
291,logistic_hurdle,11,791,791,30,22.0,98.36375591543221,76.36375591543221,17.32
292,logistic_hurdle,0,461,461,30,34.0,21.087062851550346,12.912937148449654,9.142857142857142
292,logistic_hurdle,1,491,491,30,45.0,26.226147513154697,18.773852486845303,10.133333333333333
292,logistic_hurdle,2,521,521,30,21.0,29.802911014715583,8.802911014715583,10.1875
292,logistic_hurdle,3,551,551,30,10.0,23.419380896460627,13.419380896460627,11.0
292,logistic_hurdle,4,581,581,30,25.0,23.811469400579643,1.188530599420357,11.0
292,logistic_hurdle,5,611,611,30,0.0,11.710015512162823,11.710015512162823,11.210526315789474
292,logistic_hurdle,6,641,641,30,0.0,2.2565473719124385,2.2565473719124385,11.9
292,logistic_hurdle,7,671,671,30,0.0,1.275058495473082,1.275058495473082,11.333333333333334
292,logistic_hurdle,8,701,701,30,0.0,0.0,0.0,10.818181818181818
292,logistic_hurdle,9,731,731,30,0.0,0.0,0.0,10.347826086956522
292,logistic_hurdle,10,761,761,30,0.0,0.0,0.0,9.916666666666666
292,logistic_hurdle,11,791,791,30,0.0,0.0,0.0,9.52
293,logistic_hurdle,0,461,461,30,46.0,26.521737131293214,19.478262868706786,10.214285714285714
293,logistic_hurdle,1,491,491,30,56.0,39.39818223102141,16.60181776897859,11.466666666666667
293,logistic_hurdle,2,521,521,30,30.0,44.81297287554856,14.81297287554856,11.375
293,logistic_hurdle,3,551,551,30,19.0,35.01584394197759,16.015843941977593,12.235294117647058
293,logistic_hurdle,4,581,581,30,40.0,36.25277233643653,3.7472276635634714,12.166666666666666
293,logistic_hurdle,5,611,611,30,0.0,13.847271912517266,13.847271912517266,12.631578947368421
293,logistic_hurdle,6,641,641,30,0.0,2.5028653725817103,2.5028653725817103,14.0
293,logistic_hurdle,7,671,671,30,0.0,1.4660497927766394,1.4660497927766394,13.333333333333334
293,logistic_hurdle,8,701,701,30,0.0,0.0,0.0,12.727272727272727
293,logistic_hurdle,9,731,731,30,0.0,0.0,0.0,12.173913043478262
293,logistic_hurdle,10,761,761,30,0.0,0.0,0.0,11.666666666666666
293,logistic_hurdle,11,791,791,30,0.0,0.0,0.0,11.2
296,logistic_hurdle,0,461,461,30,0.0,0.0,0.0,0.0
296,logistic_hurdle,1,491,491,30,0.0,0.0,0.0,0.0
296,logistic_hurdle,2,521,521,30,0.0,0.0,0.0,0.0
296,logistic_hurdle,3,551,551,30,0.0,0.0,0.0,0.0
296,logistic_hurdle,4,581,581,30,0.0,0.0,0.0,0.0
296,logistic_hurdle,5,611,611,30,0.0,0.0,0.0,0.0
296,logistic_hurdle,6,641,641,30,15.0,0.0,15.0,0.0
296,logistic_hurdle,7,671,671,30,21.0,147.60033782576076,126.60033782576076,0.7142857142857143
296,logistic_hurdle,8,701,701,30,7.0,27.2410579386085,20.2410579386085,0.9545454545454546
296,logistic_hurdle,9,731,731,30,14.0,21.462627337824475,7.462627337824475,1.5217391304347827
296,logistic_hurdle,10,761,761,30,8.0,15.23788116212965,7.23788116212965,1.75
296,logistic_hurdle,11,791,791,30,0.0,11.003777784920791,11.003777784920791,1.92
297,logistic_hurdle,0,461,461,30,0.0,0.0,0.0,0.0
297,logistic_hurdle,1,491,491,30,0.0,0.0,0.0,0.0
297,logistic_hurdle,2,521,521,30,0.0,0.0,0.0,0.0
297,logistic_hurdle,3,551,551,30,0.0,0.0,0.0,0.0
297,logistic_hurdle,4,581,581,30,0.0,0.0,0.0,0.0
297,logistic_hurdle,5,611,611,30,0.0,0.0,0.0,0.0
297,logistic_hurdle,6,641,641,30,0.0,0.0,0.0,0.0
297,logistic_hurdle,7,671,671,30,0.0,0.0,0.0,0.0
297,logistic_hurdle,8,701,701,30,0.0,0.0,0.0,0.0
297,logistic_hurdle,9,731,731,30,0.0,0.0,0.0,0.0
297,logistic_hurdle,10,761,761,30,0.0,0.0,0.0,0.0
297,logistic_hurdle,11,791,791,30,3.0,0.0,3.0,0.0
299,logistic_hurdle,0,461,461,30,0.0,0.0,0.0,0.0
299,logistic_hurdle,1,491,491,30,0.0,0.0,0.0,0.0
299,logistic_hurdle,2,521,521,30,0.0,0.0,0.0,0.0
299,logistic_hurdle,3,551,551,30,0.0,0.0,0.0,0.0
299,logistic_hurdle,4,581,581,30,0.0,0.0,0.0,0.0
299,logistic_hurdle,5,611,611,30,0.0,0.0,0.0,0.0
299,logistic_hurdle,6,641,641,30,0.0,0.0,0.0,0.0
299,logistic_hurdle,7,671,671,30,0.0,0.0,0.0,0.0
299,logistic_hurdle,8,701,701,30,0.0,0.0,0.0,0.0
299,logistic_hurdle,9,731,731,30,0.0,0.0,0.0,0.0
299,logistic_hurdle,10,761,761,30,13.0,0.0,13.0,0.0
299,logistic_hurdle,11,791,791,30,0.0,66.56030144850855,66.56030144850855,0.52
300,logistic_hurdle,0,461,461,30,0.0,0.0,0.0,0.7142857142857143
300,logistic_hurdle,1,491,491,30,0.0,0.0,0.0,0.6666666666666666
300,logistic_hurdle,2,521,521,30,0.0,0.0,0.0,0.625
300,logistic_hurdle,3,551,551,30,0.0,0.0,0.0,0.5882352941176471
300,logistic_hurdle,4,581,581,30,0.0,0.0,0.0,0.5555555555555556
300,logistic_hurdle,5,611,611,30,0.0,0.0,0.0,0.5263157894736842
300,logistic_hurdle,6,641,641,30,0.0,0.0,0.0,0.5
300,logistic_hurdle,7,671,671,30,0.0,0.0,0.0,0.47619047619047616
300,logistic_hurdle,8,701,701,30,0.0,0.0,0.0,0.45454545454545453
300,logistic_hurdle,9,731,731,30,0.0,0.0,0.0,0.43478260869565216
300,logistic_hurdle,10,761,761,30,0.0,0.0,0.0,0.4166666666666667
300,logistic_hurdle,11,791,791,30,0.0,0.0,0.0,0.4
301,logistic_hurdle,0,461,461,30,0.0,0.0,0.0,13.285714285714286
301,logistic_hurdle,1,491,491,30,0.0,0.0,0.0,12.4
301,logistic_hurdle,2,521,521,30,0.0,0.0,0.0,11.625
301,logistic_hurdle,3,551,551,30,0.0,0.0,0.0,10.941176470588236
301,logistic_hurdle,4,581,581,30,0.0,0.0,0.0,10.333333333333334
301,logistic_hurdle,5,611,611,30,0.0,0.0,0.0,9.789473684210526
301,logistic_hurdle,6,641,641,30,0.0,0.0,0.0,9.3
301,logistic_hurdle,7,671,671,30,0.0,0.0,0.0,8.857142857142858
301,logistic_hurdle,8,701,701,30,0.0,0.0,0.0,8.454545454545455
301,logistic_hurdle,9,731,731,30,0.0,0.0,0.0,8.08695652173913
301,logistic_hurdle,10,761,761,30,0.0,0.0,0.0,7.75
301,logistic_hurdle,11,791,791,30,0.0,0.0,0.0,7.44
302,logistic_hurdle,0,461,461,30,8.0,44.90502072204928,36.90502072204928,7.357142857142857
302,logistic_hurdle,1,491,491,30,9.0,26.6807853594106,17.6807853594106,6.933333333333334
302,logistic_hurdle,2,521,521,30,6.0,14.363366462369179,8.363366462369179,6.5625
302,logistic_hurdle,3,551,551,30,3.0,8.025593476670265,5.025593476670265,6.352941176470588
302,logistic_hurdle,4,581,581,30,3.0,9.3873311756396,6.3873311756396,6.166666666666667
302,logistic_hurdle,5,611,611,30,5.0,4.355829433301876,0.6441705666981239,5.842105263157895
302,logistic_hurdle,6,641,641,30,5.0,13.232056861679512,8.232056861679512,5.65
302,logistic_hurdle,7,671,671,30,57.0,7.92797768158203,49.07202231841797,5.380952380952381
302,logistic_hurdle,8,701,701,30,1.0,45.05031188351086,44.05031188351086,7.5
302,logistic_hurdle,9,731,731,30,14.0,15.847203280938086,1.8472032809380856,9.608695652173912
302,logistic_hurdle,10,761,761,30,30.0,51.33887102222486,21.338871022224858,9.75
302,logistic_hurdle,11,791,791,30,1.0,16.705999088196048,15.705999088196048,10.0
303,logistic_hurdle,0,461,461,30,1.0,0.5149339556479187,0.48506604435208134,1.6428571428571428
303,logistic_hurdle,1,491,491,30,5.0,3.391644030970763,1.6083559690292368,1.6
303,logistic_hurdle,2,521,521,30,2.0,3.9575753184654623,1.9575753184654623,1.75
303,logistic_hurdle,3,551,551,30,2.0,1.955247339336116,0.04475266066388395,1.8235294117647058
303,logistic_hurdle,4,581,581,30,0.0,3.456256927118584,3.456256927118584,1.7222222222222223
303,logistic_hurdle,5,611,611,30,22.0,1.3759916299655321,20.624008370034467,1.736842105263158
303,logistic_hurdle,6,641,641,30,0.0,38.63991297278201,38.63991297278201,2.75
303,logistic_hurdle,7,671,671,30,0.0,26.09954798786828,26.09954798786828,3.6666666666666665
303,logistic_hurdle,8,701,701,30,0.0,11.048400200257143,11.048400200257143,3.5
303,logistic_hurdle,9,731,731,30,0.0,0.0,0.0,3.347826086956522
303,logistic_hurdle,10,761,761,30,2.0,0.0,2.0,3.2083333333333335
303,logistic_hurdle,11,791,791,30,0.0,2.6378391221554076,2.6378391221554076,3.16
304,logistic_hurdle,0,461,461,30,0.0,0.0,0.0,0.0
304,logistic_hurdle,1,491,491,30,0.0,0.0,0.0,0.0
304,logistic_hurdle,2,521,521,30,0.0,0.0,0.0,0.0
304,logistic_hurdle,3,551,551,30,0.0,0.0,0.0,0.0
304,logistic_hurdle,4,581,581,30,0.0,0.0,0.0,0.0
304,logistic_hurdle,5,611,611,30,0.0,0.0,0.0,0.0
304,logistic_hurdle,6,641,641,30,0.0,0.0,0.0,0.0
304,logistic_hurdle,7,671,671,30,0.0,0.0,0.0,0.0
304,logistic_hurdle,8,701,701,30,0.0,0.0,0.0,0.0
304,logistic_hurdle,9,731,731,30,0.0,0.0,0.0,0.0
304,logistic_hurdle,10,761,761,30,7.0,0.0,7.0,0.0
304,logistic_hurdle,11,791,791,30,3.0,10.509872443948677,7.509872443948677,0.28
305,logistic_hurdle,0,461,461,30,0.0,0.0,0.0,0.0
305,logistic_hurdle,1,491,491,30,0.0,0.0,0.0,0.0
305,logistic_hurdle,2,521,521,30,0.0,0.0,0.0,0.0
305,logistic_hurdle,3,551,551,30,0.0,0.0,0.0,0.0
305,logistic_hurdle,4,581,581,30,0.0,0.0,0.0,0.0
305,logistic_hurdle,5,611,611,30,0.0,0.0,0.0,0.0
305,logistic_hurdle,6,641,641,30,0.0,0.0,0.0,0.0
305,logistic_hurdle,7,671,671,30,0.0,0.0,0.0,0.0
305,logistic_hurdle,8,701,701,30,2.0,0.0,2.0,0.0
305,logistic_hurdle,9,731,731,30,0.0,7.923979343747226,7.923979343747226,0.08695652173913043
305,logistic_hurdle,10,761,761,30,2.0,1.1275547089158828,0.8724452910841172,0.16666666666666666
305,logistic_hurdle,11,791,791,30,1.0,2.0430090348335725,1.0430090348335725,0.24
306,logistic_hurdle,0,461,461,30,0.0,0.0,0.0,0.0
306,logistic_hurdle,1,491,491,30,0.0,0.0,0.0,0.0
306,logistic_hurdle,2,521,521,30,0.0,0.0,0.0,0.0
306,logistic_hurdle,3,551,551,30,0.0,0.0,0.0,0.0
306,logistic_hurdle,4,581,581,30,0.0,0.0,0.0,0.0
306,logistic_hurdle,5,611,611,30,0.0,0.0,0.0,0.0
306,logistic_hurdle,6,641,641,30,0.0,0.0,0.0,0.0
306,logistic_hurdle,7,671,671,30,0.0,0.0,0.0,0.0
306,logistic_hurdle,8,701,701,30,0.0,0.0,0.0,0.0
306,logistic_hurdle,9,731,731,30,0.0,0.0,0.0,0.0
306,logistic_hurdle,10,761,761,30,171.0,0.0,171.0,0.0
306,logistic_hurdle,11,791,791,30,0.0,282.4563463654397,282.4563463654397,6.84
307,logistic_hurdle,0,461,461,30,0.0,1.6852477710189222,1.6852477710189222,28.571428571428573
307,logistic_hurdle,1,491,491,30,0.0,0.9555473474388209,0.9555473474388209,26.666666666666668
307,logistic_hurdle,2,521,521,30,0.0,0.0,0.0,25.0
307,logistic_hurdle,3,551,551,30,0.0,0.0,0.0,23.529411764705884
307,logistic_hurdle,4,581,581,30,0.0,0.0,0.0,22.22222222222222
307,logistic_hurdle,5,611,611,30,0.0,0.0,0.0,21.05263157894737
307,logistic_hurdle,6,641,641,30,0.0,0.0,0.0,20.0
307,logistic_hurdle,7,671,671,30,0.0,0.0,0.0,19.047619047619047
307,logistic_hurdle,8,701,701,30,0.0,0.0,0.0,18.181818181818183
307,logistic_hurdle,9,731,731,30,0.0,0.0,0.0,17.391304347826086
307,logistic_hurdle,10,761,761,30,0.0,0.0,0.0,16.666666666666668
307,logistic_hurdle,11,791,791,30,0.0,0.0,0.0,16.0
308,logistic_hurdle,0,461,461,30,2.0,0.0,2.0,17.071428571428573
308,logistic_hurdle,1,491,491,30,0.0,2.297509574745371,2.297509574745371,16.066666666666666
308,logistic_hurdle,2,521,521,30,1.0,0.6208941628947449,0.37910583710525514,15.1875
308,logistic_hurdle,3,551,551,30,0.0,2.467702036385702,2.467702036385702,14.352941176470589
308,logistic_hurdle,4,581,581,30,0.0,0.7463707549337868,0.7463707549337868,13.61111111111111
308,logistic_hurdle,5,611,611,30,0.0,0.43065901931971423,0.43065901931971423,12.894736842105264
308,logistic_hurdle,6,641,641,30,0.0,0.0,0.0,12.25
308,logistic_hurdle,7,671,671,30,0.0,0.0,0.0,11.666666666666666
308,logistic_hurdle,8,701,701,30,0.0,0.0,0.0,11.136363636363637
308,logistic_hurdle,9,731,731,30,0.0,0.0,0.0,10.652173913043478
308,logistic_hurdle,10,761,761,30,0.0,0.0,0.0,10.208333333333334
308,logistic_hurdle,11,791,791,30,0.0,0.0,0.0,9.8
309,logistic_hurdle,0,461,461,30,43.0,25.361729738347723,17.638270261652277,0.8571428571428571
309,logistic_hurdle,1,491,491,30,89.0,35.10741029600458,53.89258970399542,2.8666666666666667
309,logistic_hurdle,2,521,521,30,18.0,67.3126772680669,49.312677268066906,5.5625
309,logistic_hurdle,3,551,551,30,17.0,37.934261935793465,20.934261935793465,9.411764705882353
309,logistic_hurdle,4,581,581,30,44.0,39.846217492846236,4.153782507153764,8.944444444444445
309,logistic_hurdle,5,611,611,30,22.0,14.800910229769238,7.199089770230762,9.894736842105264
309,logistic_hurdle,6,641,641,30,19.0,32.715616724858414,13.715616724858414,10.5
309,logistic_hurdle,7,671,671,30,4.0,31.393440682657804,27.393440682657804,10.142857142857142
309,logistic_hurdle,8,701,701,30,8.0,14.863683618449095,6.863683618449095,10.363636363636363
309,logistic_hurdle,9,731,731,30,6.0,13.561060444887746,7.561060444887746,10.08695652173913
309,logistic_hurdle,10,761,761,30,7.0,10.031026425630023,3.0310264256300226,9.75
309,logistic_hurdle,11,791,791,30,0.0,9.957782793247084,9.957782793247084,9.4
310,logistic_hurdle,0,461,461,30,0.0,2.7390987788765733,2.7390987788765733,3.0
310,logistic_hurdle,1,491,491,30,0.0,0.6819461080280805,0.6819461080280805,2.8
310,logistic_hurdle,2,521,521,30,0.0,0.0,0.0,2.625
310,logistic_hurdle,3,551,551,30,0.0,0.0,0.0,2.4705882352941178
310,logistic_hurdle,4,581,581,30,0.0,0.0,0.0,2.3333333333333335
310,logistic_hurdle,5,611,611,30,0.0,0.0,0.0,2.210526315789474
310,logistic_hurdle,6,641,641,30,0.0,0.0,0.0,2.1
310,logistic_hurdle,7,671,671,30,0.0,0.0,0.0,2.0
310,logistic_hurdle,8,701,701,30,0.0,0.0,0.0,1.9090909090909092
310,logistic_hurdle,9,731,731,30,0.0,0.0,0.0,1.826086956521739
310,logistic_hurdle,10,761,761,30,0.0,0.0,0.0,1.75
310,logistic_hurdle,11,791,791,30,0.0,0.0,0.0,1.68
311,logistic_hurdle,0,461,461,30,24.0,8.957635183058384,15.042364816941616,0.14285714285714285
311,logistic_hurdle,1,491,491,30,7.0,14.980060556544661,7.980060556544661,1.6
311,logistic_hurdle,2,521,521,30,2.0,17.362292113965935,15.362292113965935,2.5625
311,logistic_hurdle,3,551,551,30,6.0,8.644942867368691,2.644942867368691,2.7058823529411766
311,logistic_hurdle,4,581,581,30,3.0,4.3349841899446,1.3349841899446,2.7777777777777777
311,logistic_hurdle,5,611,611,30,8.0,5.299080197290803,2.7009198027091967,2.789473684210526
311,logistic_hurdle,6,641,641,30,4.0,8.666605037339634,4.666605037339634,2.9
311,logistic_hurdle,7,671,671,30,1.0,9.854888081998132,8.854888081998132,2.9523809523809526
311,logistic_hurdle,8,701,701,30,3.0,8.478235189718559,5.478235189718559,2.9545454545454546
311,logistic_hurdle,9,731,731,30,7.0,6.118542008351458,0.8814579916485421,2.9130434782608696
311,logistic_hurdle,10,761,761,30,3.0,7.535516036124461,4.535516036124461,2.9583333333333335
311,logistic_hurdle,11,791,791,30,0.0,4.9439849640591005,4.9439849640591005,3.0
312,logistic_hurdle,0,461,461,30,0.0,0.0,0.0,0.2857142857142857
312,logistic_hurdle,1,491,491,30,0.0,0.0,0.0,0.26666666666666666
312,logistic_hurdle,2,521,521,30,0.0,0.0,0.0,0.25
312,logistic_hurdle,3,551,551,30,0.0,0.0,0.0,0.23529411764705882
312,logistic_hurdle,4,581,581,30,0.0,0.0,0.0,0.2222222222222222
312,logistic_hurdle,5,611,611,30,0.0,0.0,0.0,0.21052631578947367
312,logistic_hurdle,6,641,641,30,0.0,0.0,0.0,0.2
312,logistic_hurdle,7,671,671,30,0.0,0.0,0.0,0.19047619047619047
312,logistic_hurdle,8,701,701,30,0.0,0.0,0.0,0.18181818181818182
312,logistic_hurdle,9,731,731,30,0.0,0.0,0.0,0.17391304347826086
312,logistic_hurdle,10,761,761,30,0.0,0.0,0.0,0.16666666666666666
312,logistic_hurdle,11,791,791,30,0.0,0.0,0.0,0.16
315,logistic_hurdle,0,461,461,30,17.0,34.37568886261805,17.37568886261805,2.7142857142857144
315,logistic_hurdle,1,491,491,30,7.0,26.709639371760833,19.709639371760833,3.933333333333333
315,logistic_hurdle,2,521,521,30,4.0,29.70296919121297,25.70296919121297,4.3125
315,logistic_hurdle,3,551,551,30,1.0,11.515928182884599,10.515928182884599,4.235294117647059
315,logistic_hurdle,4,581,581,30,0.0,8.362170635229589,8.362170635229589,4.166666666666667
315,logistic_hurdle,5,611,611,30,5.0,1.2048789221998228,3.795121077800177,4.0
315,logistic_hurdle,6,641,641,30,7.0,10.684123940834423,3.6841239408344233,4.05
315,logistic_hurdle,7,671,671,30,0.0,12.946035360413878,12.946035360413878,3.9523809523809526
315,logistic_hurdle,8,701,701,30,6.0,2.6716097349911587,3.3283902650088413,4.090909090909091
315,logistic_hurdle,9,731,731,30,3.0,10.042984419752424,7.042984419752424,4.173913043478261
315,logistic_hurdle,10,761,761,30,6.0,2.696702974404606,3.303297025595394,4.125
315,logistic_hurdle,11,791,791,30,0.0,7.349785935212594,7.349785935212594,4.08
321,logistic_hurdle,0,461,461,30,14.0,15.130784624078043,1.1307846240780428,0.21428571428571427
321,logistic_hurdle,1,491,491,30,2.0,24.580820167490064,22.580820167490064,0.9333333333333333
321,logistic_hurdle,2,521,521,30,0.0,14.680187428230584,14.680187428230584,1.625
321,logistic_hurdle,3,551,551,30,17.0,3.314343010419868,13.685656989580131,1.6470588235294117
321,logistic_hurdle,4,581,581,30,11.0,13.550727117065298,2.550727117065298,2.5
321,logistic_hurdle,5,611,611,30,3.0,7.530053589798787,4.530053589798787,2.6842105263157894
321,logistic_hurdle,6,641,641,30,17.0,11.302945723979777,5.697054276020223,2.95
321,logistic_hurdle,7,671,671,30,8.0,15.03343714350476,7.033437143504759,3.4761904761904763
321,logistic_hurdle,8,701,701,30,37.0,11.177923364841506,25.822076635158496,3.727272727272727
321,logistic_hurdle,9,731,731,30,2.0,29.10936331371905,27.10936331371905,4.826086956521739
321,logistic_hurdle,10,761,761,30,11.0,10.028392572435425,0.9716074275645745,6.083333333333333
321,logistic_hurdle,11,791,791,30,0.0,24.90823881411644,24.90823881411644,6.2
323,logistic_hurdle,0,461,461,30,0.0,0.0,0.0,1.0
323,logistic_hurdle,1,491,491,30,0.0,0.0,0.0,0.9333333333333333
323,logistic_hurdle,2,521,521,30,0.0,0.0,0.0,0.875
323,logistic_hurdle,3,551,551,30,0.0,0.0,0.0,0.8235294117647058
323,logistic_hurdle,4,581,581,30,0.0,0.0,0.0,0.7777777777777778
323,logistic_hurdle,5,611,611,30,0.0,0.0,0.0,0.7368421052631579
323,logistic_hurdle,6,641,641,30,0.0,0.0,0.0,0.7
323,logistic_hurdle,7,671,671,30,0.0,0.0,0.0,0.6666666666666666
323,logistic_hurdle,8,701,701,30,0.0,0.0,0.0,0.6363636363636364
323,logistic_hurdle,9,731,731,30,0.0,0.0,0.0,0.6086956521739131
323,logistic_hurdle,10,761,761,30,0.0,0.0,0.0,0.5833333333333334
323,logistic_hurdle,11,791,791,30,0.0,0.0,0.0,0.56
324,logistic_hurdle,0,461,461,30,39.0,34.78359602939278,4.216403970607217,15.0
324,logistic_hurdle,1,491,491,30,0.0,33.503575253063914,33.503575253063914,15.666666666666666
324,logistic_hurdle,2,521,521,30,0.0,4.806922967978118,4.806922967978118,17.125
324,logistic_hurdle,3,551,551,30,0.0,1.4537294391625615,1.4537294391625615,16.11764705882353
324,logistic_hurdle,4,581,581,30,0.0,0.0,0.0,15.222222222222221
324,logistic_hurdle,5,611,611,30,0.0,0.0,0.0,14.421052631578947
324,logistic_hurdle,6,641,641,30,0.0,0.0,0.0,13.7
324,logistic_hurdle,7,671,671,30,0.0,0.0,0.0,13.047619047619047
324,logistic_hurdle,8,701,701,30,0.0,0.0,0.0,12.454545454545455
324,logistic_hurdle,9,731,731,30,0.0,0.0,0.0,11.91304347826087
324,logistic_hurdle,10,761,761,30,0.0,0.0,0.0,11.416666666666666
324,logistic_hurdle,11,791,791,30,0.0,0.0,0.0,10.96
325,logistic_hurdle,0,461,461,30,0.0,0.0,0.0,14.428571428571429
325,logistic_hurdle,1,491,491,30,0.0,0.0,0.0,13.466666666666667
325,logistic_hurdle,2,521,521,30,0.0,0.0,0.0,12.625
325,logistic_hurdle,3,551,551,30,0.0,0.0,0.0,11.882352941176471
325,logistic_hurdle,4,581,581,30,0.0,0.0,0.0,11.222222222222221
325,logistic_hurdle,5,611,611,30,0.0,0.0,0.0,10.631578947368421
325,logistic_hurdle,6,641,641,30,0.0,0.0,0.0,10.1
325,logistic_hurdle,7,671,671,30,0.0,0.0,0.0,9.619047619047619
325,logistic_hurdle,8,701,701,30,0.0,0.0,0.0,9.181818181818182
325,logistic_hurdle,9,731,731,30,0.0,0.0,0.0,8.782608695652174
325,logistic_hurdle,10,761,761,30,0.0,0.0,0.0,8.416666666666666
325,logistic_hurdle,11,791,791,30,0.0,0.0,0.0,8.08
326,logistic_hurdle,0,461,461,30,0.0,1.2980768695075573,1.2980768695075573,7.428571428571429
326,logistic_hurdle,1,491,491,30,0.0,0.0,0.0,6.933333333333334
326,logistic_hurdle,2,521,521,30,0.0,0.0,0.0,6.5
326,logistic_hurdle,3,551,551,30,0.0,0.0,0.0,6.117647058823529
326,logistic_hurdle,4,581,581,30,0.0,0.0,0.0,5.777777777777778
326,logistic_hurdle,5,611,611,30,0.0,0.0,0.0,5.473684210526316
326,logistic_hurdle,6,641,641,30,0.0,0.0,0.0,5.2
326,logistic_hurdle,7,671,671,30,0.0,0.0,0.0,4.9523809523809526
326,logistic_hurdle,8,701,701,30,0.0,0.0,0.0,4.7272727272727275
326,logistic_hurdle,9,731,731,30,0.0,0.0,0.0,4.521739130434782
326,logistic_hurdle,10,761,761,30,0.0,0.0,0.0,4.333333333333333
326,logistic_hurdle,11,791,791,30,0.0,0.0,0.0,4.16
327,logistic_hurdle,0,461,461,30,0.0,0.0,0.0,0.9285714285714286
327,logistic_hurdle,1,491,491,30,0.0,0.0,0.0,0.8666666666666667
327,logistic_hurdle,2,521,521,30,0.0,0.0,0.0,0.8125
327,logistic_hurdle,3,551,551,30,0.0,0.0,0.0,0.7647058823529411
327,logistic_hurdle,4,581,581,30,0.0,0.0,0.0,0.7222222222222222
327,logistic_hurdle,5,611,611,30,0.0,0.0,0.0,0.6842105263157895
327,logistic_hurdle,6,641,641,30,0.0,0.0,0.0,0.65
327,logistic_hurdle,7,671,671,30,0.0,0.0,0.0,0.6190476190476191
327,logistic_hurdle,8,701,701,30,0.0,0.0,0.0,0.5909090909090909
327,logistic_hurdle,9,731,731,30,0.0,0.0,0.0,0.5652173913043478
327,logistic_hurdle,10,761,761,30,0.0,0.0,0.0,0.5416666666666666
327,logistic_hurdle,11,791,791,30,0.0,0.0,0.0,0.52
335,logistic_hurdle,0,461,461,30,0.0,0.0,0.0,4.857142857142857
335,logistic_hurdle,1,491,491,30,0.0,0.0,0.0,4.533333333333333
335,logistic_hurdle,2,521,521,30,0.0,0.0,0.0,4.25
335,logistic_hurdle,3,551,551,30,0.0,0.0,0.0,4.0
335,logistic_hurdle,4,581,581,30,0.0,0.0,0.0,3.7777777777777777
335,logistic_hurdle,5,611,611,30,0.0,0.0,0.0,3.5789473684210527
335,logistic_hurdle,6,641,641,30,0.0,0.0,0.0,3.4
335,logistic_hurdle,7,671,671,30,0.0,0.0,0.0,3.238095238095238
335,logistic_hurdle,8,701,701,30,0.0,0.0,0.0,3.090909090909091
335,logistic_hurdle,9,731,731,30,0.0,0.0,0.0,2.9565217391304346
335,logistic_hurdle,10,761,761,30,0.0,0.0,0.0,2.8333333333333335
335,logistic_hurdle,11,791,791,30,0.0,0.0,0.0,2.72
336,logistic_hurdle,0,461,461,30,0.0,0.0,0.0,0.7142857142857143
336,logistic_hurdle,1,491,491,30,0.0,0.0,0.0,0.6666666666666666
336,logistic_hurdle,2,521,521,30,0.0,0.0,0.0,0.625
336,logistic_hurdle,3,551,551,30,0.0,0.0,0.0,0.5882352941176471
336,logistic_hurdle,4,581,581,30,0.0,0.0,0.0,0.5555555555555556
336,logistic_hurdle,5,611,611,30,0.0,0.0,0.0,0.5263157894736842
336,logistic_hurdle,6,641,641,30,0.0,0.0,0.0,0.5
336,logistic_hurdle,7,671,671,30,0.0,0.0,0.0,0.47619047619047616
336,logistic_hurdle,8,701,701,30,0.0,0.0,0.0,0.45454545454545453
336,logistic_hurdle,9,731,731,30,0.0,0.0,0.0,0.43478260869565216
336,logistic_hurdle,10,761,761,30,0.0,0.0,0.0,0.4166666666666667
336,logistic_hurdle,11,791,791,30,0.0,0.0,0.0,0.4
337,logistic_hurdle,0,461,461,30,4.0,3.119968488135456,0.8800315118645439,0.14285714285714285
337,logistic_hurdle,1,491,491,30,3.0,4.806342606777459,1.8063426067774593,0.26666666666666666
337,logistic_hurdle,2,521,521,30,0.0,3.3843374004807436,3.3843374004807436,0.3125
337,logistic_hurdle,3,551,551,30,0.0,0.6755183878405536,0.6755183878405536,0.47058823529411764
337,logistic_hurdle,4,581,581,30,1.0,0.2482061895468737,0.7517938104531263,0.4444444444444444
337,logistic_hurdle,5,611,611,30,5.0,1.6495227009778672,3.350477299022133,0.47368421052631576
337,logistic_hurdle,6,641,641,30,1.0,10.398196058280067,9.398196058280067,0.65
337,logistic_hurdle,7,671,671,30,0.0,3.1126157979159745,3.1126157979159745,0.8095238095238095
337,logistic_hurdle,8,701,701,30,0.0,0.7103489088409225,0.7103489088409225,0.8181818181818182
337,logistic_hurdle,9,731,731,30,2.0,0.2397201520815037,1.7602798479184962,0.782608695652174
337,logistic_hurdle,10,761,761,30,0.0,3.414892220987858,3.414892220987858,0.8333333333333334
337,logistic_hurdle,11,791,791,30,0.0,0.7761538990695587,0.7761538990695587,0.88
339,logistic_hurdle,0,461,461,30,5.0,6.394409535832864,1.3944095358328639,0.6428571428571429
339,logistic_hurdle,1,491,491,30,2.0,3.6432342628429133,1.6432342628429133,0.8666666666666667
339,logistic_hurdle,2,521,521,30,0.0,4.678917642026551,4.678917642026551,1.0
339,logistic_hurdle,3,551,551,30,4.0,1.0345794199892249,2.9654205800107754,1.0588235294117647
339,logistic_hurdle,4,581,581,30,0.0,3.985028197339424,3.985028197339424,1.2222222222222223
339,logistic_hurdle,5,611,611,30,1.0,1.0447093610414393,0.0447093610414393,1.368421052631579
339,logistic_hurdle,6,641,641,30,0.0,2.5365762085258456,2.5365762085258456,1.35
339,logistic_hurdle,7,671,671,30,1.0,0.5977342849690777,0.40226571503092234,1.3333333333333333
339,logistic_hurdle,8,701,701,30,2.0,2.4568508356349468,0.4568508356349468,1.3181818181818181
339,logistic_hurdle,9,731,731,30,5.0,6.165731009160437,1.165731009160437,1.3043478260869565
339,logistic_hurdle,10,761,761,30,4.0,4.891964601179237,0.8919646011792368,1.375
339,logistic_hurdle,11,791,791,30,0.0,5.17219712070548,5.17219712070548,1.36
340,logistic_hurdle,0,461,461,30,123.0,84.33047926906477,38.66952073093523,12.928571428571429
340,logistic_hurdle,1,491,491,30,3.0,90.13807925993059,87.13807925993059,12.466666666666667
340,logistic_hurdle,2,521,521,30,0.0,113.86744119218206,113.86744119218206,19.1875
340,logistic_hurdle,3,551,551,30,0.0,26.12821052681177,26.12821052681177,18.235294117647058
340,logistic_hurdle,4,581,581,30,0.0,0.8044218882511366,0.8044218882511366,17.22222222222222
340,logistic_hurdle,5,611,611,30,0.0,0.0,0.0,16.31578947368421
340,logistic_hurdle,6,641,641,30,0.0,0.0,0.0,15.5
340,logistic_hurdle,7,671,671,30,0.0,0.0,0.0,14.761904761904763
340,logistic_hurdle,8,701,701,30,0.0,0.0,0.0,14.090909090909092
340,logistic_hurdle,9,731,731,30,0.0,0.0,0.0,13.478260869565217
340,logistic_hurdle,10,761,761,30,0.0,0.0,0.0,12.916666666666666
340,logistic_hurdle,11,791,791,30,0.0,0.0,0.0,12.4
341,logistic_hurdle,0,461,461,30,0.0,0.0,0.0,0.0
341,logistic_hurdle,1,491,491,30,0.0,0.0,0.0,0.0
341,logistic_hurdle,2,521,521,30,0.0,0.0,0.0,0.0
341,logistic_hurdle,3,551,551,30,2.0,0.0,2.0,0.0
341,logistic_hurdle,4,581,581,30,10.0,2.6887694008585967,7.311230599141403,0.1111111111111111
341,logistic_hurdle,5,611,611,30,3.0,7.653884254922569,4.653884254922569,0.5263157894736842
341,logistic_hurdle,6,641,641,30,2.0,7.582294227603952,5.582294227603952,0.85
341,logistic_hurdle,7,671,671,30,9.0,8.334839032168443,0.6651609678315573,0.8571428571428571
341,logistic_hurdle,8,701,701,30,45.0,6.543941071339806,38.45605892866019,1.1363636363636365
341,logistic_hurdle,9,731,731,30,7.0,22.702237856384173,15.702237856384173,2.652173913043478
341,logistic_hurdle,10,761,761,30,5.0,12.560839275892894,7.560839275892894,4.125
341,logistic_hurdle,11,791,791,30,0.0,21.92283380460709,21.92283380460709,4.04
342,logistic_hurdle,0,461,461,30,9.0,0.32152430823653366,8.678475691763467,0.07142857142857142
342,logistic_hurdle,1,491,491,30,19.0,13.368118877188582,5.631881122811418,0.6
342,logistic_hurdle,2,521,521,30,5.0,18.697623629920734,13.697623629920734,1.1875
342,logistic_hurdle,3,551,551,30,0.0,14.961714344542232,14.961714344542232,1.9411764705882353
342,logistic_hurdle,4,581,581,30,0.0,2.9284362558502055,2.9284362558502055,2.111111111111111
342,logistic_hurdle,5,611,611,30,0.0,0.39676216222488464,0.39676216222488464,2.0
342,logistic_hurdle,6,641,641,30,0.0,0.0,0.0,1.9
342,logistic_hurdle,7,671,671,30,0.0,0.0,0.0,1.8095238095238095
342,logistic_hurdle,8,701,701,30,0.0,0.0,0.0,1.7272727272727273
342,logistic_hurdle,9,731,731,30,0.0,0.0,0.0,1.6521739130434783
342,logistic_hurdle,10,761,761,30,0.0,0.0,0.0,1.5833333333333333
342,logistic_hurdle,11,791,791,30,0.0,0.0,0.0,1.52
343,logistic_hurdle,0,461,461,30,0.0,0.0,0.0,4.428571428571429
343,logistic_hurdle,1,491,491,30,0.0,0.0,0.0,4.133333333333334
343,logistic_hurdle,2,521,521,30,0.0,0.0,0.0,3.875
343,logistic_hurdle,3,551,551,30,0.0,0.0,0.0,3.6470588235294117
343,logistic_hurdle,4,581,581,30,0.0,0.0,0.0,3.4444444444444446
343,logistic_hurdle,5,611,611,30,0.0,0.0,0.0,3.263157894736842
343,logistic_hurdle,6,641,641,30,0.0,0.0,0.0,3.1
343,logistic_hurdle,7,671,671,30,0.0,0.0,0.0,2.9523809523809526
343,logistic_hurdle,8,701,701,30,0.0,0.0,0.0,2.8181818181818183
343,logistic_hurdle,9,731,731,30,0.0,0.0,0.0,2.6956521739130435
343,logistic_hurdle,10,761,761,30,0.0,0.0,0.0,2.5833333333333335
343,logistic_hurdle,11,791,791,30,0.0,0.0,0.0,2.48
345,logistic_hurdle,0,461,461,30,3.0,0.0,3.0,0.0
345,logistic_hurdle,1,491,491,30,23.0,6.5078138227724915,16.49218617722751,0.2
345,logistic_hurdle,2,521,521,30,9.0,16.950040572696754,7.950040572696754,1.4375
345,logistic_hurdle,3,551,551,30,12.0,11.977631981629365,0.022368018370634957,2.176470588235294
345,logistic_hurdle,4,581,581,30,4.0,11.946435848126011,7.946435848126011,2.2222222222222223
345,logistic_hurdle,5,611,611,30,0.0,3.789438614012968,3.789438614012968,2.526315789473684
345,logistic_hurdle,6,641,641,30,3.0,0.651105277490774,2.3488947225092263,2.6
345,logistic_hurdle,7,671,671,30,10.0,17.433205552964623,7.433205552964623,2.619047619047619
345,logistic_hurdle,8,701,701,30,6.0,17.18833119693542,11.188331196935419,2.8181818181818183
345,logistic_hurdle,9,731,731,30,13.0,18.196623752418162,5.196623752418162,2.869565217391304
345,logistic_hurdle,10,761,761,30,9.0,14.44557873048375,5.445578730483749,3.0416666666666665
345,logistic_hurdle,11,791,791,30,0.0,12.921943998236943,12.921943998236943,3.08
346,logistic_hurdle,0,461,461,30,0.0,0.0,0.0,0.0
346,logistic_hurdle,1,491,491,30,49.0,0.0,49.0,0.0
346,logistic_hurdle,2,521,521,30,80.0,143.20029960948614,63.20029960948614,3.0625
346,logistic_hurdle,3,551,551,30,24.0,85.78581217857378,61.78581217857378,4.705882352941177
346,logistic_hurdle,4,581,581,30,0.0,56.8308500946341,56.8308500946341,7.555555555555555
346,logistic_hurdle,5,611,611,30,0.0,6.5835018007234,6.5835018007234,8.421052631578947
346,logistic_hurdle,6,641,641,30,0.0,0.498352528043939,0.498352528043939,8.0
346,logistic_hurdle,7,671,671,30,0.0,0.0,0.0,7.619047619047619
346,logistic_hurdle,8,701,701,30,0.0,0.0,0.0,7.2727272727272725
346,logistic_hurdle,9,731,731,30,0.0,0.0,0.0,6.956521739130435
346,logistic_hurdle,10,761,761,30,0.0,0.0,0.0,6.666666666666667
346,logistic_hurdle,11,791,791,30,0.0,0.0,0.0,6.4
347,logistic_hurdle,0,461,461,30,5.0,2.451702656231907,2.548297343768093,0.07142857142857142
347,logistic_hurdle,1,491,491,30,5.0,6.488789025117965,1.4887890251179652,0.3333333333333333
347,logistic_hurdle,2,521,521,30,5.0,5.872962543657742,0.8729625436577422,0.3125
347,logistic_hurdle,3,551,551,30,1.0,5.755532907585148,4.755532907585148,0.29411764705882354
347,logistic_hurdle,4,581,581,30,14.0,4.672178688729681,9.32782131127032,0.5
347,logistic_hurdle,5,611,611,30,1.0,7.315363923564626,6.315363923564626,1.1578947368421053
347,logistic_hurdle,6,641,641,30,1.0,6.051685701307228,5.051685701307228,1.75
347,logistic_hurdle,7,671,671,30,2.0,11.333492197843713,9.333492197843713,1.6666666666666667
347,logistic_hurdle,8,701,701,30,3.0,5.220034046922452,2.2200340469224518,1.6363636363636365
347,logistic_hurdle,9,731,731,30,4.0,4.695522491150159,0.6955224911501592,1.608695652173913
347,logistic_hurdle,10,761,761,30,2.0,6.192204437360673,4.192204437360673,1.5833333333333333
347,logistic_hurdle,11,791,791,30,0.0,4.49333315569649,4.49333315569649,1.6
349,logistic_hurdle,0,461,461,30,4.0,0.0,4.0,0.0
349,logistic_hurdle,1,491,491,30,23.0,12.32072573328289,10.67927426671711,0.26666666666666666
349,logistic_hurdle,2,521,521,30,23.0,19.763300113042423,3.2366998869575774,1.4375
349,logistic_hurdle,3,551,551,30,6.0,19.447449818981262,13.447449818981262,1.3529411764705883
349,logistic_hurdle,4,581,581,30,74.0,21.66885951273791,52.33114048726209,2.2222222222222223
349,logistic_hurdle,5,611,611,30,146.0,25.967436518140694,120.03256348185931,5.684210526315789
349,logistic_hurdle,6,641,641,30,7.0,106.81499376614667,99.81499376614667,9.0
349,logistic_hurdle,7,671,671,30,8.0,134.45938687054104,126.45938687054104,15.19047619047619
349,logistic_hurdle,8,701,701,30,3.0,86.26733981972257,83.26733981972257,14.545454545454545
349,logistic_hurdle,9,731,731,30,3.0,6.2570487725668364,3.2570487725668364,14.130434782608695
349,logistic_hurdle,10,761,761,30,11.0,4.982188539285073,6.017811460714927,13.541666666666666
349,logistic_hurdle,11,791,791,30,1.0,6.351891752168993,5.351891752168993,13.32
350,logistic_hurdle,0,461,461,30,0.0,0.0,0.0,0.0
350,logistic_hurdle,1,491,491,30,0.0,0.0,0.0,0.0
350,logistic_hurdle,2,521,521,30,0.0,0.0,0.0,0.0
350,logistic_hurdle,3,551,551,30,1.0,0.0,1.0,0.0
350,logistic_hurdle,4,581,581,30,180.0,9.950880003803276,170.04911999619674,0.05555555555555555
350,logistic_hurdle,5,611,611,30,292.0,69.19043185859503,222.80956814140495,9.473684210526315
350,logistic_hurdle,6,641,641,30,53.0,249.54443594111922,196.54443594111922,14.6
350,logistic_hurdle,7,671,671,30,37.0,159.58200725682684,122.58200725682684,25.285714285714285
350,logistic_hurdle,8,701,701,30,45.0,104.65038944130842,59.65038944130842,24.863636363636363
350,logistic_hurdle,9,731,731,30,77.0,46.50340069977056,30.49659930022944,24.130434782608695
350,logistic_hurdle,10,761,761,30,211.0,58.24324727920329,152.75675272079673,24.458333333333332
350,logistic_hurdle,11,791,791,30,10.0,120.35244700639443,110.35244700639443,28.84
351,logistic_hurdle,0,461,461,30,0.0,0.0,0.0,0.0
351,logistic_hurdle,1,491,491,30,0.0,0.0,0.0,0.0
351,logistic_hurdle,2,521,521,30,0.0,0.0,0.0,0.0
351,logistic_hurdle,3,551,551,30,15.0,0.0,15.0,0.0
351,logistic_hurdle,4,581,581,30,52.0,16.43622479929174,35.563775200708264,0.8333333333333334
351,logistic_hurdle,5,611,611,30,9.0,18.647908586762235,9.647908586762235,2.736842105263158
351,logistic_hurdle,6,641,641,30,0.0,14.40117030897095,14.40117030897095,4.75
351,logistic_hurdle,7,671,671,30,0.0,2.9757837865837717,2.9757837865837717,4.9523809523809526
351,logistic_hurdle,8,701,701,30,1.0,0.615795681595347,0.38420431840465297,4.7272727272727275
351,logistic_hurdle,9,731,731,30,24.0,2.4280193496288236,21.571980650371177,4.565217391304348
351,logistic_hurdle,10,761,761,30,267.0,43.449137054417484,223.5508629455825,5.333333333333333
351,logistic_hurdle,11,791,791,30,0.0,51.40546744663869,51.40546744663869,14.84
352,logistic_hurdle,0,461,461,30,0.0,0.0,0.0,0.0
352,logistic_hurdle,1,491,491,30,0.0,0.0,0.0,0.0
352,logistic_hurdle,2,521,521,30,0.0,0.0,0.0,0.0
352,logistic_hurdle,3,551,551,30,45.0,0.0,45.0,0.0
352,logistic_hurdle,4,581,581,30,52.0,61.16330904818252,9.16330904818252,2.5
352,logistic_hurdle,5,611,611,30,39.0,25.817232403550385,13.182767596449615,2.736842105263158
352,logistic_hurdle,6,641,641,30,79.0,49.25116342726322,29.748836572736778,3.25
352,logistic_hurdle,7,671,671,30,26.0,55.434132946064,29.434132946063997,5.0
352,logistic_hurdle,8,701,701,30,27.0,43.81776543611097,16.817765436110967,7.181818181818182
352,logistic_hurdle,9,731,731,30,92.0,44.443344053273314,47.556655946726686,6.913043478260869
352,logistic_hurdle,10,761,761,30,117.0,51.73071136607332,65.26928863392668,9.333333333333334
352,logistic_hurdle,11,791,791,30,6.0,75.17214774046298,69.17214774046298,9.96
353,logistic_hurdle,0,461,461,30,0.0,0.0,0.0,13.785714285714286
353,logistic_hurdle,1,491,491,30,0.0,0.0,0.0,12.866666666666667
353,logistic_hurdle,2,521,521,30,0.0,0.0,0.0,12.0625
353,logistic_hurdle,3,551,551,30,0.0,0.0,0.0,11.352941176470589
353,logistic_hurdle,4,581,581,30,0.0,0.0,0.0,10.722222222222221
353,logistic_hurdle,5,611,611,30,0.0,0.0,0.0,10.157894736842104
353,logistic_hurdle,6,641,641,30,0.0,0.0,0.0,9.65
353,logistic_hurdle,7,671,671,30,0.0,0.0,0.0,9.19047619047619
353,logistic_hurdle,8,701,701,30,0.0,0.0,0.0,8.772727272727273
353,logistic_hurdle,9,731,731,30,0.0,0.0,0.0,8.391304347826088
353,logistic_hurdle,10,761,761,30,0.0,0.0,0.0,8.041666666666666
353,logistic_hurdle,11,791,791,30,0.0,0.0,0.0,7.72
354,logistic_hurdle,0,461,461,30,0.0,0.0,0.0,0.0
354,logistic_hurdle,1,491,491,30,7.0,0.0,7.0,0.0
354,logistic_hurdle,2,521,521,30,19.0,20.699486002551215,1.6994860025512146,0.4375
354,logistic_hurdle,3,551,551,30,23.0,15.8087442794038,7.1912557205961996,1.1176470588235294
354,logistic_hurdle,4,581,581,30,0.0,22.07647724886556,22.07647724886556,1.2777777777777777
354,logistic_hurdle,5,611,611,30,36.0,3.8945378554442414,32.10546214455576,2.4210526315789473
354,logistic_hurdle,6,641,641,30,15.0,48.743204197076764,33.743204197076764,4.1
354,logistic_hurdle,7,671,671,30,23.0,49.72276605370428,26.722766053704277,4.904761904761905
354,logistic_hurdle,8,701,701,30,69.0,35.0131228151056,33.9868771848944,5.045454545454546
354,logistic_hurdle,9,731,731,30,63.0,41.01299171322689,21.98700828677311,6.826086956521739
354,logistic_hurdle,10,761,761,30,190.0,46.244228712704235,143.75577128729577,6.791666666666667
354,logistic_hurdle,11,791,791,30,0.0,27.146970943396777,27.146970943396777,11.6
355,logistic_hurdle,0,461,461,30,13.0,30.20972659045681,17.20972659045681,28.571428571428573
355,logistic_hurdle,1,491,491,30,21.0,15.650387426792012,5.349612573207988,26.8
355,logistic_hurdle,2,521,521,30,2.0,22.685182186922713,20.685182186922713,25.625
355,logistic_hurdle,3,551,551,30,0.0,7.516311004669041,7.516311004669041,25.235294117647058
355,logistic_hurdle,4,581,581,30,43.0,1.5981560365283611,41.40184396347164,23.944444444444443
355,logistic_hurdle,5,611,611,30,2.0,41.539775565102744,39.539775565102744,24.94736842105263
355,logistic_hurdle,6,641,641,30,0.0,62.76799314558186,62.76799314558186,25.75
355,logistic_hurdle,7,671,671,30,0.0,17.431820722412656,17.431820722412656,24.61904761904762
355,logistic_hurdle,8,701,701,30,0.0,0.5315973424770309,0.5315973424770309,23.5
355,logistic_hurdle,9,731,731,30,3.0,0.0,3.0,22.47826086956522
355,logistic_hurdle,10,761,761,30,0.0,13.985048155120216,13.985048155120216,21.666666666666668
355,logistic_hurdle,11,791,791,30,0.0,3.7346645766168365,3.7346645766168365,20.92
356,logistic_hurdle,0,461,461,30,77.0,44.267128724677576,32.732871275322424,28.571428571428573
356,logistic_hurdle,1,491,491,30,76.0,61.915479157112664,14.084520842887336,29.133333333333333
356,logistic_hurdle,2,521,521,30,75.0,62.36919968907629,12.63080031092371,27.375
356,logistic_hurdle,3,551,551,30,0.0,57.20667281083675,57.20667281083675,25.823529411764707
356,logistic_hurdle,4,581,581,30,0.0,9.647719340586207,9.647719340586207,28.555555555555557
356,logistic_hurdle,5,611,611,30,0.0,2.006967558043467,2.006967558043467,27.05263157894737
356,logistic_hurdle,6,641,641,30,0.0,0.0,0.0,25.7
356,logistic_hurdle,7,671,671,30,0.0,0.0,0.0,24.476190476190474
356,logistic_hurdle,8,701,701,30,0.0,0.0,0.0,23.363636363636363
356,logistic_hurdle,9,731,731,30,0.0,0.0,0.0,22.347826086956523
356,logistic_hurdle,10,761,761,30,0.0,0.0,0.0,21.416666666666668
356,logistic_hurdle,11,791,791,30,0.0,0.0,0.0,20.56
357,logistic_hurdle,0,461,461,30,0.0,0.0,0.0,0.21428571428571427
357,logistic_hurdle,1,491,491,30,0.0,0.0,0.0,0.2
357,logistic_hurdle,2,521,521,30,0.0,0.0,0.0,0.1875
357,logistic_hurdle,3,551,551,30,0.0,0.0,0.0,0.17647058823529413
357,logistic_hurdle,4,581,581,30,0.0,0.0,0.0,0.16666666666666666
357,logistic_hurdle,5,611,611,30,0.0,0.0,0.0,0.15789473684210525
357,logistic_hurdle,6,641,641,30,0.0,0.0,0.0,0.15
357,logistic_hurdle,7,671,671,30,0.0,0.0,0.0,0.14285714285714285
357,logistic_hurdle,8,701,701,30,0.0,0.0,0.0,0.13636363636363635
357,logistic_hurdle,9,731,731,30,0.0,0.0,0.0,0.13043478260869565
357,logistic_hurdle,10,761,761,30,0.0,0.0,0.0,0.125
357,logistic_hurdle,11,791,791,30,0.0,0.0,0.0,0.12
358,logistic_hurdle,0,461,461,30,28.0,34.018858602906356,6.018858602906356,154.64285714285714
358,logistic_hurdle,1,491,491,30,118.0,32.9591399514119,85.0408600485881,144.53333333333333
358,logistic_hurdle,2,521,521,30,49.0,38.56793277193057,10.432067228069428,141.125
358,logistic_hurdle,3,551,551,30,21.0,55.97830851728002,34.97830851728002,136.88235294117646
358,logistic_hurdle,4,581,581,30,155.0,47.59525912351534,107.40474087648465,130.83333333333334
358,logistic_hurdle,5,611,611,30,294.0,48.272830654710816,245.72716934528918,131.0
358,logistic_hurdle,6,641,641,30,9.0,216.94588215126566,207.94588215126566,131.4
358,logistic_hurdle,7,671,671,30,23.0,192.70777055837644,169.70777055837644,138.71428571428572
358,logistic_hurdle,8,701,701,30,4.0,104.29770665504539,100.29770665504539,133.04545454545453
358,logistic_hurdle,9,731,731,30,95.0,11.723549770413639,83.27645022958636,128.08695652173913
358,logistic_hurdle,10,761,761,30,12.0,60.96490864710597,48.96490864710597,126.54166666666667
358,logistic_hurdle,11,791,791,30,60.0,52.4223645554993,7.5776354445007,124.8
359,logistic_hurdle,0,461,461,30,0.0,0.0,0.0,0.0
359,logistic_hurdle,1,491,491,30,0.0,0.0,0.0,0.0
359,logistic_hurdle,2,521,521,30,0.0,0.0,0.0,0.0
359,logistic_hurdle,3,551,551,30,48.0,0.0,48.0,0.0
359,logistic_hurdle,4,581,581,30,106.0,46.830191000460374,59.169808999539626,2.6666666666666665
359,logistic_hurdle,5,611,611,30,93.0,33.049118228894784,59.950881771105216,5.578947368421052
359,logistic_hurdle,6,641,641,30,41.0,87.27602627248753,46.27602627248753,5.95
359,logistic_hurdle,7,671,671,30,109.0,74.58814844690619,34.41185155309381,8.142857142857142
359,logistic_hurdle,8,701,701,30,145.0,61.86285996268251,83.1371400373175,10.863636363636363
359,logistic_hurdle,9,731,731,30,35.0,96.06722657144907,61.06722657144907,11.956521739130435
359,logistic_hurdle,10,761,761,30,133.0,92.10712132393296,40.89287867606704,16.041666666666668
359,logistic_hurdle,11,791,791,30,9.0,97.63406054764334,88.63406054764334,19.32
361,logistic_hurdle,0,461,461,30,16.0,50.50735594287379,34.50735594287379,4.642857142857143
361,logistic_hurdle,1,491,491,30,62.0,48.17913129456206,13.820868705437938,6.8
361,logistic_hurdle,2,521,521,30,45.0,94.59964506379795,49.59964506379795,9.25
361,logistic_hurdle,3,551,551,30,9.0,59.59717024756546,50.59717024756546,9.705882352941176
361,logistic_hurdle,4,581,581,30,2.0,36.665060353951745,34.665060353951745,11.166666666666666
361,logistic_hurdle,5,611,611,30,0.0,9.72047235552102,9.72047235552102,10.947368421052632
361,logistic_hurdle,6,641,641,30,0.0,0.9320710876501522,0.9320710876501522,10.5
361,logistic_hurdle,7,671,671,30,18.0,0.5438368726599482,17.45616312734005,10.0
361,logistic_hurdle,8,701,701,30,38.0,30.074182890809674,7.9258171091903264,10.363636363636363
361,logistic_hurdle,9,731,731,30,23.0,30.75318830993036,7.7531883099303585,10.782608695652174
361,logistic_hurdle,10,761,761,30,32.0,29.150002606054905,2.8499973939450953,10.958333333333334
361,logistic_hurdle,11,791,791,30,61.0,30.85968605782635,30.14031394217365,10.88
362,logistic_hurdle,0,461,461,30,13.0,13.58028823140772,0.5802882314077191,0.5
362,logistic_hurdle,1,491,491,30,28.0,12.763293263340113,15.236706736659887,0.8666666666666667
362,logistic_hurdle,2,521,521,30,3.0,17.994597940173463,14.994597940173463,1.75
362,logistic_hurdle,3,551,551,30,1.0,10.886747557742435,9.886747557742435,3.1176470588235294
362,logistic_hurdle,4,581,581,30,0.0,8.318062750466083,8.318062750466083,3.0555555555555554
362,logistic_hurdle,5,611,611,30,0.0,0.7231394605848578,0.7231394605848578,2.9473684210526314
362,logistic_hurdle,6,641,641,30,28.0,0.2541928086876989,27.745807191312302,2.8
362,logistic_hurdle,7,671,671,30,16.0,20.427636797880798,4.427636797880798,4.0
362,logistic_hurdle,8,701,701,30,8.0,17.312722404374277,9.312722404374277,4.363636363636363
362,logistic_hurdle,9,731,731,30,26.0,14.683918962417414,11.316081037582586,4.521739130434782
362,logistic_hurdle,10,761,761,30,43.0,16.190500078015337,26.809499921984663,5.083333333333333
362,logistic_hurdle,11,791,791,30,0.0,23.343175363647926,23.343175363647926,5.56
364,logistic_hurdle,0,461,461,30,0.0,0.0,0.0,0.0
364,logistic_hurdle,1,491,491,30,0.0,0.0,0.0,0.0
364,logistic_hurdle,2,521,521,30,0.0,0.0,0.0,0.0
364,logistic_hurdle,3,551,551,30,0.0,0.0,0.0,0.0
364,logistic_hurdle,4,581,581,30,0.0,0.0,0.0,0.0
364,logistic_hurdle,5,611,611,30,0.0,0.0,0.0,0.0
364,logistic_hurdle,6,641,641,30,0.0,0.0,0.0,0.0
364,logistic_hurdle,7,671,671,30,0.0,0.0,0.0,0.0
364,logistic_hurdle,8,701,701,30,0.0,0.0,0.0,0.0
364,logistic_hurdle,9,731,731,30,0.0,0.0,0.0,0.0
364,logistic_hurdle,10,761,761,30,24.0,0.0,24.0,0.0
364,logistic_hurdle,11,791,791,30,0.0,22.34409348783089,22.34409348783089,0.96
365,logistic_hurdle,0,461,461,30,12.0,20.36740929999102,8.36740929999102,2.142857142857143
365,logistic_hurdle,1,491,491,30,12.0,17.838211493456438,5.838211493456438,2.2666666666666666
365,logistic_hurdle,2,521,521,30,8.0,16.538716059960855,8.538716059960855,2.125
365,logistic_hurdle,3,551,551,30,3.0,12.092933936192473,9.092933936192473,2.235294117647059
365,logistic_hurdle,4,581,581,30,11.0,6.662486362896057,4.337513637103943,2.388888888888889
365,logistic_hurdle,5,611,611,30,2.0,7.382535807923251,5.382535807923251,2.6842105263157894
365,logistic_hurdle,6,641,641,30,5.0,12.58834436953991,7.588344369539911,3.0
365,logistic_hurdle,7,671,671,30,0.0,16.027925196502412,16.027925196502412,3.0
365,logistic_hurdle,8,701,701,30,0.0,1.9789311251384971,1.9789311251384971,3.090909090909091
365,logistic_hurdle,9,731,731,30,0.0,0.4320613176666259,0.4320613176666259,2.9565217391304346
365,logistic_hurdle,10,761,761,30,0.0,0.0,0.0,2.8333333333333335
365,logistic_hurdle,11,791,791,30,0.0,0.0,0.0,2.72
367,logistic_hurdle,0,461,461,30,0.0,0.0,0.0,0.0
367,logistic_hurdle,1,491,491,30,0.0,0.0,0.0,0.0
367,logistic_hurdle,2,521,521,30,0.0,0.0,0.0,0.0
367,logistic_hurdle,3,551,551,30,0.0,0.0,0.0,0.0
367,logistic_hurdle,4,581,581,30,0.0,0.0,0.0,0.0
367,logistic_hurdle,5,611,611,30,0.0,0.0,0.0,0.0
367,logistic_hurdle,6,641,641,30,0.0,0.0,0.0,0.0
367,logistic_hurdle,7,671,671,30,2.0,0.0,2.0,0.0
367,logistic_hurdle,8,701,701,30,5.0,5.165880266612426,0.16588026661242594,0.09090909090909091
367,logistic_hurdle,9,731,731,30,4.0,8.458951162439702,4.458951162439702,0.21739130434782608
367,logistic_hurdle,10,761,761,30,11.0,3.088762082346919,7.9112379176530805,0.25
367,logistic_hurdle,11,791,791,30,1.0,3.84286998217955,2.84286998217955,0.52
368,logistic_hurdle,0,461,461,30,0.0,0.0,0.0,2.357142857142857
368,logistic_hurdle,1,491,491,30,0.0,0.0,0.0,2.2
368,logistic_hurdle,2,521,521,30,0.0,0.0,0.0,2.0625
368,logistic_hurdle,3,551,551,30,0.0,0.0,0.0,1.9411764705882353
368,logistic_hurdle,4,581,581,30,0.0,0.0,0.0,1.8333333333333333
368,logistic_hurdle,5,611,611,30,0.0,0.0,0.0,1.736842105263158
368,logistic_hurdle,6,641,641,30,0.0,0.0,0.0,1.65
368,logistic_hurdle,7,671,671,30,0.0,0.0,0.0,1.5714285714285714
368,logistic_hurdle,8,701,701,30,0.0,0.0,0.0,1.5
368,logistic_hurdle,9,731,731,30,0.0,0.0,0.0,1.434782608695652
368,logistic_hurdle,10,761,761,30,0.0,0.0,0.0,1.375
368,logistic_hurdle,11,791,791,30,0.0,0.0,0.0,1.32
369,logistic_hurdle,0,461,461,30,0.0,0.0,0.0,0.0
369,logistic_hurdle,1,491,491,30,32.0,0.0,32.0,0.0
369,logistic_hurdle,2,521,521,30,26.0,46.21434400846777,20.21434400846777,2.0
369,logistic_hurdle,3,551,551,30,6.0,29.760798129733324,23.760798129733324,2.235294117647059
369,logistic_hurdle,4,581,581,30,33.0,24.643043852147375,8.356956147852625,3.2222222222222223
369,logistic_hurdle,5,611,611,30,41.0,12.026064786938024,28.973935213061978,4.473684210526316
369,logistic_hurdle,6,641,641,30,42.0,44.28634922862525,2.286349228625248,4.65
369,logistic_hurdle,7,671,671,30,11.0,37.515849352339984,26.515849352339984,4.476190476190476
369,logistic_hurdle,8,701,701,30,7.0,30.547268524318607,23.547268524318607,5.681818181818182
369,logistic_hurdle,9,731,731,30,16.0,25.903679121634347,9.903679121634347,5.608695652173913
369,logistic_hurdle,10,761,761,30,13.0,16.72364225810754,3.723642258107539,5.75
369,logistic_hurdle,11,791,791,30,0.0,14.385120175707312,14.385120175707312,5.64
370,logistic_hurdle,0,461,461,30,0.0,0.0,0.0,0.0
370,logistic_hurdle,1,491,491,30,0.0,0.0,0.0,0.0
370,logistic_hurdle,2,521,521,30,0.0,0.0,0.0,0.0
370,logistic_hurdle,3,551,551,30,0.0,0.0,0.0,0.0
370,logistic_hurdle,4,581,581,30,0.0,0.0,0.0,0.0
370,logistic_hurdle,5,611,611,30,0.0,0.0,0.0,0.0
370,logistic_hurdle,6,641,641,30,0.0,0.0,0.0,0.0
370,logistic_hurdle,7,671,671,30,0.0,0.0,0.0,0.0
370,logistic_hurdle,8,701,701,30,9.0,0.0,9.0,0.0
370,logistic_hurdle,9,731,731,30,54.0,22.523988836011995,31.476011163988005,0.391304347826087
370,logistic_hurdle,10,761,761,30,53.0,46.59660272358972,6.403397276410281,2.25
370,logistic_hurdle,11,791,791,30,6.0,53.03188400513529,47.03188400513529,2.2
372,logistic_hurdle,0,461,461,30,0.0,0.0,0.0,0.0
372,logistic_hurdle,1,491,491,30,0.0,0.0,0.0,0.0
372,logistic_hurdle,2,521,521,30,0.0,0.0,0.0,0.0
372,logistic_hurdle,3,551,551,30,0.0,0.0,0.0,0.0
372,logistic_hurdle,4,581,581,30,0.0,0.0,0.0,0.0
372,logistic_hurdle,5,611,611,30,0.0,0.0,0.0,0.0
372,logistic_hurdle,6,641,641,30,0.0,0.0,0.0,0.0
372,logistic_hurdle,7,671,671,30,10.0,0.0,10.0,0.0
372,logistic_hurdle,8,701,701,30,9.0,17.650940525854814,8.650940525854814,0.45454545454545453
372,logistic_hurdle,9,731,731,30,21.0,12.167830139657907,8.832169860342093,0.4782608695652174
372,logistic_hurdle,10,761,761,30,13.0,14.40454770204375,1.4045477020437502,0.9583333333333334
372,logistic_hurdle,11,791,791,30,1.0,15.15769432903278,14.15769432903278,1.24
377,logistic_hurdle,0,461,461,30,70.0,53.207980174276116,16.792019825723884,55.857142857142854
377,logistic_hurdle,1,491,491,30,358.0,59.716969867740616,298.2830301322594,54.266666666666666
377,logistic_hurdle,2,521,521,30,215.0,224.99529022727455,9.995290227274552,68.875
377,logistic_hurdle,3,551,551,30,117.0,204.3438343033567,87.34383430335669,73.23529411764706
377,logistic_hurdle,4,581,581,30,62.0,221.37183976570307,159.37183976570307,74.61111111111111
377,logistic_hurdle,5,611,611,30,365.0,48.495612921986414,316.50438707801356,73.57894736842105
377,logistic_hurdle,6,641,641,30,151.0,225.46788810877896,74.46788810877896,85.05
377,logistic_hurdle,7,671,671,30,105.0,210.8062905211935,105.80629052119349,91.19047619047619
377,logistic_hurdle,8,701,701,30,81.0,141.23237465933875,60.232374659338745,89.13636363636364
377,logistic_hurdle,9,731,731,30,193.0,105.53534744478534,87.46465255521466,86.30434782608695
377,logistic_hurdle,10,761,761,30,370.0,118.27512442114235,251.72487557885765,87.375
377,logistic_hurdle,11,791,791,30,60.0,204.35895513402215,144.35895513402215,90.96
378,logistic_hurdle,0,461,461,30,0.0,0.0,0.0,5.0
378,logistic_hurdle,1,491,491,30,0.0,0.0,0.0,4.666666666666667
378,logistic_hurdle,2,521,521,30,0.0,0.0,0.0,4.375
378,logistic_hurdle,3,551,551,30,0.0,0.0,0.0,4.117647058823529
378,logistic_hurdle,4,581,581,30,0.0,0.0,0.0,3.888888888888889
378,logistic_hurdle,5,611,611,30,0.0,0.0,0.0,3.6842105263157894
378,logistic_hurdle,6,641,641,30,0.0,0.0,0.0,3.5
378,logistic_hurdle,7,671,671,30,0.0,0.0,0.0,3.3333333333333335
378,logistic_hurdle,8,701,701,30,0.0,0.0,0.0,3.1818181818181817
378,logistic_hurdle,9,731,731,30,0.0,0.0,0.0,3.0434782608695654
378,logistic_hurdle,10,761,761,30,0.0,0.0,0.0,2.9166666666666665
378,logistic_hurdle,11,791,791,30,0.0,0.0,0.0,2.8
380,logistic_hurdle,0,461,461,30,0.0,0.0,0.0,0.0
380,logistic_hurdle,1,491,491,30,0.0,0.0,0.0,0.0
380,logistic_hurdle,2,521,521,30,0.0,0.0,0.0,0.0
380,logistic_hurdle,3,551,551,30,0.0,0.0,0.0,0.0
380,logistic_hurdle,4,581,581,30,0.0,0.0,0.0,0.0
380,logistic_hurdle,5,611,611,30,41.0,0.0,41.0,0.0
380,logistic_hurdle,6,641,641,30,37.0,9.952453031437685,27.047546968562315,2.05
380,logistic_hurdle,7,671,671,30,36.0,60.185333171739806,24.185333171739806,2.142857142857143
380,logistic_hurdle,8,701,701,30,38.0,52.038834596538685,14.038834596538685,2.090909090909091
380,logistic_hurdle,9,731,731,30,48.0,33.846114671237004,14.153885328762996,2.0869565217391304
380,logistic_hurdle,10,761,761,30,77.0,42.531474524927404,34.468525475072596,2.4166666666666665
380,logistic_hurdle,11,791,791,30,9.0,55.67093477585282,46.67093477585282,3.48
381,logistic_hurdle,0,461,461,30,0.0,0.0,0.0,0.0
381,logistic_hurdle,1,491,491,30,0.0,0.0,0.0,0.0
381,logistic_hurdle,2,521,521,30,0.0,0.0,0.0,0.0
381,logistic_hurdle,3,551,551,30,0.0,0.0,0.0,0.0
381,logistic_hurdle,4,581,581,30,0.0,0.0,0.0,0.0
381,logistic_hurdle,5,611,611,30,0.0,0.0,0.0,0.0
381,logistic_hurdle,6,641,641,30,0.0,0.0,0.0,0.0
381,logistic_hurdle,7,671,671,30,0.0,0.0,0.0,0.0
381,logistic_hurdle,8,701,701,30,37.0,0.0,37.0,0.0
381,logistic_hurdle,9,731,731,30,141.0,39.18947402573474,101.81052597426526,1.608695652173913
381,logistic_hurdle,10,761,761,30,195.0,101.15057415554551,93.84942584445449,5.875
381,logistic_hurdle,11,791,791,30,33.0,149.6881954165726,116.6881954165726,7.8
382,logistic_hurdle,0,461,461,30,0.0,0.0,0.0,0.0
382,logistic_hurdle,1,491,491,30,0.0,0.0,0.0,0.0
382,logistic_hurdle,2,521,521,30,0.0,0.0,0.0,0.0
382,logistic_hurdle,3,551,551,30,0.0,0.0,0.0,0.0
382,logistic_hurdle,4,581,581,30,0.0,0.0,0.0,0.0
382,logistic_hurdle,5,611,611,30,0.0,0.0,0.0,0.0
382,logistic_hurdle,6,641,641,30,0.0,0.0,0.0,0.0
382,logistic_hurdle,7,671,671,30,0.0,0.0,0.0,0.0
382,logistic_hurdle,8,701,701,30,1.0,0.0,1.0,0.0
382,logistic_hurdle,9,731,731,30,23.0,7.866762870184882,15.133237129815118,0.043478260869565216
382,logistic_hurdle,10,761,761,30,21.0,21.959721243364115,0.9597212433641147,0.9583333333333334
382,logistic_hurdle,11,791,791,30,3.0,23.32624035870256,20.32624035870256,1.0
383,logistic_hurdle,0,461,461,30,0.0,0.0,0.0,0.0
383,logistic_hurdle,1,491,491,30,0.0,0.0,0.0,0.0
383,logistic_hurdle,2,521,521,30,0.0,0.0,0.0,0.0
383,logistic_hurdle,3,551,551,30,0.0,0.0,0.0,0.0
383,logistic_hurdle,4,581,581,30,0.0,0.0,0.0,0.0
383,logistic_hurdle,5,611,611,30,0.0,0.0,0.0,0.0
383,logistic_hurdle,6,641,641,30,0.0,0.0,0.0,0.0
383,logistic_hurdle,7,671,671,30,1.0,0.0,1.0,0.0
383,logistic_hurdle,8,701,701,30,0.0,7.9010000017465,7.9010000017465,0.045454545454545456
383,logistic_hurdle,9,731,731,30,9.0,1.0654032122890524,7.934596787710948,0.08695652173913043
383,logistic_hurdle,10,761,761,30,8.0,8.122467978159154,0.122467978159154,0.4583333333333333
383,logistic_hurdle,11,791,791,30,0.0,9.718648600486173,9.718648600486173,0.48
384,logistic_hurdle,0,461,461,30,0.0,0.0,0.0,0.0
384,logistic_hurdle,1,491,491,30,0.0,0.0,0.0,0.0
384,logistic_hurdle,2,521,521,30,0.0,0.0,0.0,0.0
384,logistic_hurdle,3,551,551,30,0.0,0.0,0.0,0.0
384,logistic_hurdle,4,581,581,30,0.0,0.0,0.0,0.0
384,logistic_hurdle,5,611,611,30,0.0,0.0,0.0,0.0
384,logistic_hurdle,6,641,641,30,0.0,0.0,0.0,0.0
384,logistic_hurdle,7,671,671,30,0.0,0.0,0.0,0.0
384,logistic_hurdle,8,701,701,30,2.0,0.0,2.0,0.0
384,logistic_hurdle,9,731,731,30,3.0,15.733525740369764,12.733525740369764,0.08695652173913043
384,logistic_hurdle,10,761,761,30,1.0,7.122326285493472,6.122326285493472,0.125
384,logistic_hurdle,11,791,791,30,1.0,2.7488158203916226,1.7488158203916226,0.2
385,logistic_hurdle,0,461,461,30,0.0,0.0,0.0,0.0
385,logistic_hurdle,1,491,491,30,0.0,0.0,0.0,0.0
385,logistic_hurdle,2,521,521,30,0.0,0.0,0.0,0.0
385,logistic_hurdle,3,551,551,30,0.0,0.0,0.0,0.0
385,logistic_hurdle,4,581,581,30,0.0,0.0,0.0,0.0
385,logistic_hurdle,5,611,611,30,0.0,0.0,0.0,0.0
385,logistic_hurdle,6,641,641,30,0.0,0.0,0.0,0.0
385,logistic_hurdle,7,671,671,30,0.0,0.0,0.0,0.0
385,logistic_hurdle,8,701,701,30,12.0,0.0,12.0,0.0
385,logistic_hurdle,9,731,731,30,20.0,18.061341570998497,1.938658429001503,0.5217391304347826
385,logistic_hurdle,10,761,761,30,11.0,21.510509859937596,10.510509859937596,0.8333333333333334
385,logistic_hurdle,11,791,791,30,0.0,18.292333265706194,18.292333265706194,1.16
386,logistic_hurdle,0,461,461,30,0.0,4.19926378219742,4.19926378219742,2.5
386,logistic_hurdle,1,491,491,30,0.0,1.2355022811108554,1.2355022811108554,2.4
386,logistic_hurdle,2,521,521,30,0.0,0.4129442445459643,0.4129442445459643,2.25
386,logistic_hurdle,3,551,551,30,0.0,0.0,0.0,2.1176470588235294
386,logistic_hurdle,4,581,581,30,0.0,0.0,0.0,2.0
386,logistic_hurdle,5,611,611,30,0.0,0.0,0.0,1.894736842105263
386,logistic_hurdle,6,641,641,30,6.0,0.0,6.0,1.8
386,logistic_hurdle,7,671,671,30,1.0,7.953268467099685,6.953268467099685,2.0
386,logistic_hurdle,8,701,701,30,0.0,3.2696395939721814,3.2696395939721814,2.1363636363636362
386,logistic_hurdle,9,731,731,30,2.0,0.7952629146891842,1.204737085310816,2.0869565217391304
386,logistic_hurdle,10,761,761,30,10.0,3.028564664107574,6.971435335892426,2.0833333333333335
386,logistic_hurdle,11,791,791,30,2.0,4.508177032127245,2.5081770321272447,2.32
388,logistic_hurdle,0,461,461,30,46.0,34.47870022444993,11.52129977555007,15.142857142857142
388,logistic_hurdle,1,491,491,30,45.0,43.04686731087226,1.9531326891277416,16.066666666666666
388,logistic_hurdle,2,521,521,30,28.0,39.18092984208081,11.180929842080808,15.125
388,logistic_hurdle,3,551,551,30,12.0,28.605124670767687,16.605124670767687,15.235294117647058
388,logistic_hurdle,4,581,581,30,32.0,27.761307902118368,4.238692097881632,15.277777777777779
388,logistic_hurdle,5,611,611,30,64.0,15.672429174259628,48.32757082574037,15.526315789473685
388,logistic_hurdle,6,641,641,30,46.0,52.21872673846535,6.2187267384653495,16.35
388,logistic_hurdle,7,671,671,30,20.0,47.404269624906675,27.404269624906675,16.428571428571427
388,logistic_hurdle,8,701,701,30,16.0,33.22571434335441,17.22571434335441,16.863636363636363
388,logistic_hurdle,9,731,731,30,26.0,18.089535054888298,7.910464945111702,16.304347826086957
388,logistic_hurdle,10,761,761,30,42.0,27.469924455927682,14.530075544072318,16.041666666666668
388,logistic_hurdle,11,791,791,30,7.0,31.012712948986792,24.012712948986792,16.04
389,logistic_hurdle,0,461,461,30,0.0,0.0,0.0,0.0
389,logistic_hurdle,1,491,491,30,103.0,0.0,103.0,0.0
389,logistic_hurdle,2,521,521,30,79.0,102.02931680693175,23.029316806931746,6.4375
389,logistic_hurdle,3,551,551,30,43.0,78.75822560625978,35.758225606259785,7.470588235294118
389,logistic_hurdle,4,581,581,30,76.0,78.9831550896138,2.9831550896138026,9.055555555555555
389,logistic_hurdle,5,611,611,30,0.0,36.095045452666554,36.095045452666554,10.31578947368421
389,logistic_hurdle,6,641,641,30,0.0,3.9548301520103006,3.9548301520103006,13.6
389,logistic_hurdle,7,671,671,30,0.0,2.3522421184192006,2.3522421184192006,12.952380952380953
389,logistic_hurdle,8,701,701,30,0.0,0.0,0.0,12.363636363636363
389,logistic_hurdle,9,731,731,30,0.0,0.0,0.0,11.826086956521738
389,logistic_hurdle,10,761,761,30,0.0,0.0,0.0,11.333333333333334
389,logistic_hurdle,11,791,791,30,0.0,0.0,0.0,10.88
390,logistic_hurdle,0,461,461,30,0.0,0.0,0.0,0.0
390,logistic_hurdle,1,491,491,30,0.0,0.0,0.0,0.0
390,logistic_hurdle,2,521,521,30,0.0,0.0,0.0,0.0
390,logistic_hurdle,3,551,551,30,0.0,0.0,0.0,0.0
390,logistic_hurdle,4,581,581,30,0.0,0.0,0.0,0.0
390,logistic_hurdle,5,611,611,30,49.0,0.0,49.0,0.0
390,logistic_hurdle,6,641,641,30,3.0,45.57440137614099,42.57440137614099,2.45
390,logistic_hurdle,7,671,671,30,6.0,14.298160540565906,8.298160540565906,4.523809523809524
390,logistic_hurdle,8,701,701,30,0.0,28.02622484971389,28.02622484971389,4.454545454545454
390,logistic_hurdle,9,731,731,30,0.0,1.7503724854731013,1.7503724854731013,4.521739130434782
390,logistic_hurdle,10,761,761,30,11.0,1.1387100828706584,9.86128991712934,4.333333333333333
390,logistic_hurdle,11,791,791,30,0.0,37.9166755492894,37.9166755492894,4.6
391,logistic_hurdle,0,461,461,30,0.0,13.818788771269974,13.818788771269974,18.642857142857142
391,logistic_hurdle,1,491,491,30,0.0,1.9885626157080016,1.9885626157080016,17.933333333333334
391,logistic_hurdle,2,521,521,30,0.0,1.6373106447380155,1.6373106447380155,16.8125
391,logistic_hurdle,3,551,551,30,0.0,0.0,0.0,15.823529411764707
391,logistic_hurdle,4,581,581,30,0.0,0.0,0.0,14.944444444444445
391,logistic_hurdle,5,611,611,30,0.0,0.0,0.0,14.157894736842104
391,logistic_hurdle,6,641,641,30,0.0,0.0,0.0,13.45
391,logistic_hurdle,7,671,671,30,0.0,0.0,0.0,12.80952380952381
391,logistic_hurdle,8,701,701,30,0.0,0.0,0.0,12.227272727272727
391,logistic_hurdle,9,731,731,30,0.0,0.0,0.0,11.695652173913043
391,logistic_hurdle,10,761,761,30,0.0,0.0,0.0,11.208333333333334
391,logistic_hurdle,11,791,791,30,0.0,0.0,0.0,10.76
392,logistic_hurdle,0,461,461,30,4.0,0.0,4.0,0.0
392,logistic_hurdle,1,491,491,30,75.0,37.65342861220894,37.34657138779106,0.26666666666666666
392,logistic_hurdle,2,521,521,30,55.0,67.20333896305357,12.203338963053568,4.6875
392,logistic_hurdle,3,551,551,30,109.0,49.43006033240953,59.56993966759047,5.588235294117647
392,logistic_hurdle,4,581,581,30,63.0,84.14624672206382,21.14624672206382,8.277777777777779
392,logistic_hurdle,5,611,611,30,0.0,36.31036544615634,36.31036544615634,10.263157894736842
392,logistic_hurdle,6,641,641,30,0.0,4.8655308647612845,4.8655308647612845,12.9
392,logistic_hurdle,7,671,671,30,0.0,1.7459079488556473,1.7459079488556473,12.285714285714286
392,logistic_hurdle,8,701,701,30,0.0,0.0,0.0,11.727272727272727
392,logistic_hurdle,9,731,731,30,0.0,0.0,0.0,11.217391304347826
392,logistic_hurdle,10,761,761,30,0.0,0.0,0.0,10.75
392,logistic_hurdle,11,791,791,30,0.0,0.0,0.0,10.32
393,logistic_hurdle,0,461,461,30,40.0,74.95365042796176,34.95365042796176,1.4285714285714286
393,logistic_hurdle,1,491,491,30,0.0,37.480551829569,37.480551829569,2.6666666666666665
393,logistic_hurdle,2,521,521,30,0.0,5.457722500327307,5.457722500327307,5.0
393,logistic_hurdle,3,551,551,30,0.0,0.8499956709418877,0.8499956709418877,4.705882352941177
393,logistic_hurdle,4,581,581,30,0.0,0.0,0.0,4.444444444444445
393,logistic_hurdle,5,611,611,30,77.0,0.0,77.0,4.2105263157894735
393,logistic_hurdle,6,641,641,30,69.0,56.66423374460565,12.335766255394347,7.85
393,logistic_hurdle,7,671,671,30,94.0,62.1310500284553,31.8689499715447,7.857142857142857
393,logistic_hurdle,8,701,701,30,171.0,66.70966598968099,104.29033401031901,8.636363636363637
393,logistic_hurdle,9,731,731,30,118.0,96.12784602651647,21.872153973483535,11.608695652173912
393,logistic_hurdle,10,761,761,30,157.0,118.22710388361955,38.77289611638045,13.333333333333334
393,logistic_hurdle,11,791,791,30,1.0,133.58147879166762,132.58147879166762,14.36
394,logistic_hurdle,0,461,461,30,0.0,38.086476678318846,38.086476678318846,26.214285714285715
394,logistic_hurdle,1,491,491,30,0.0,5.4458942510495865,5.4458942510495865,25.666666666666668
394,logistic_hurdle,2,521,521,30,0.0,1.1165260471332559,1.1165260471332559,24.0625
394,logistic_hurdle,3,551,551,30,0.0,0.0,0.0,22.647058823529413
394,logistic_hurdle,4,581,581,30,0.0,0.0,0.0,21.38888888888889
394,logistic_hurdle,5,611,611,30,0.0,0.0,0.0,20.263157894736842
394,logistic_hurdle,6,641,641,30,0.0,0.0,0.0,19.25
394,logistic_hurdle,7,671,671,30,0.0,0.0,0.0,18.333333333333332
394,logistic_hurdle,8,701,701,30,0.0,0.0,0.0,17.5
394,logistic_hurdle,9,731,731,30,0.0,0.0,0.0,16.73913043478261
394,logistic_hurdle,10,761,761,30,0.0,0.0,0.0,16.041666666666668
394,logistic_hurdle,11,791,791,30,0.0,0.0,0.0,15.4
395,logistic_hurdle,0,461,461,30,424.0,142.17530670671357,281.82469329328643,39.714285714285715
395,logistic_hurdle,1,491,491,30,448.0,279.3980046851388,168.6019953148612,52.53333333333333
395,logistic_hurdle,2,521,521,30,322.0,393.05168455770854,71.05168455770854,50.75
395,logistic_hurdle,3,551,551,30,147.0,316.3555697356887,169.35556973568868,55.1764705882353
395,logistic_hurdle,4,581,581,30,297.0,314.3569105187546,17.356910518754603,61.833333333333336
395,logistic_hurdle,5,611,611,30,278.0,106.30463547146927,171.69536452853072,66.47368421052632
395,logistic_hurdle,6,641,641,30,152.0,281.0907997587301,129.0907997587301,64.1
395,logistic_hurdle,7,671,671,30,0.0,234.5811191201464,234.5811191201464,67.04761904761905
395,logistic_hurdle,8,701,701,30,87.0,27.184418419982826,59.815581580017174,70.9090909090909
395,logistic_hurdle,9,731,731,30,0.0,95.21215552449401,95.21215552449401,71.6086956521739
395,logistic_hurdle,10,761,761,30,0.0,14.547500089672614,14.547500089672614,72.25
395,logistic_hurdle,11,791,791,30,0.0,2.7956437009979336,2.7956437009979336,69.36
396,logistic_hurdle,0,461,461,30,0.0,0.0,0.0,0.0
396,logistic_hurdle,1,491,491,30,0.0,0.0,0.0,0.0
396,logistic_hurdle,2,521,521,30,0.0,0.0,0.0,0.0
396,logistic_hurdle,3,551,551,30,0.0,0.0,0.0,0.0
396,logistic_hurdle,4,581,581,30,0.0,0.0,0.0,0.0
396,logistic_hurdle,5,611,611,30,0.0,0.0,0.0,0.0
396,logistic_hurdle,6,641,641,30,0.0,0.0,0.0,0.0
396,logistic_hurdle,7,671,671,30,0.0,0.0,0.0,0.0
396,logistic_hurdle,8,701,701,30,0.0,0.0,0.0,0.0
396,logistic_hurdle,9,731,731,30,0.0,0.0,0.0,0.0
396,logistic_hurdle,10,761,761,30,9.0,0.0,9.0,0.0
396,logistic_hurdle,11,791,791,30,0.0,43.19366555867023,43.19366555867023,0.36
397,logistic_hurdle,0,461,461,30,0.0,0.0,0.0,0.0
397,logistic_hurdle,1,491,491,30,0.0,0.0,0.0,0.0
397,logistic_hurdle,2,521,521,30,0.0,0.0,0.0,0.0
397,logistic_hurdle,3,551,551,30,0.0,0.0,0.0,0.0
397,logistic_hurdle,4,581,581,30,0.0,0.0,0.0,0.0
397,logistic_hurdle,5,611,611,30,0.0,0.0,0.0,0.0
397,logistic_hurdle,6,641,641,30,33.0,0.0,33.0,0.0
397,logistic_hurdle,7,671,671,30,108.0,324.72074321667367,216.72074321667367,1.5714285714285714
397,logistic_hurdle,8,701,701,30,0.0,95.12290990229931,95.12290990229931,4.909090909090909
397,logistic_hurdle,9,731,731,30,205.0,11.121613665569528,193.87838633443047,9.391304347826088
397,logistic_hurdle,10,761,761,30,163.0,123.47317265771322,39.52682734228678,17.541666666666668
397,logistic_hurdle,11,791,791,30,41.0,168.0667404749288,127.06674047492879,18.52
398,logistic_hurdle,0,461,461,30,0.0,0.0,0.0,0.07142857142857142
398,logistic_hurdle,1,491,491,30,0.0,0.0,0.0,0.06666666666666667
398,logistic_hurdle,2,521,521,30,0.0,0.0,0.0,0.0625
398,logistic_hurdle,3,551,551,30,0.0,0.0,0.0,0.058823529411764705
398,logistic_hurdle,4,581,581,30,0.0,0.0,0.0,0.05555555555555555
398,logistic_hurdle,5,611,611,30,0.0,0.0,0.0,0.05263157894736842
398,logistic_hurdle,6,641,641,30,0.0,0.0,0.0,0.05
398,logistic_hurdle,7,671,671,30,0.0,0.0,0.0,0.047619047619047616
398,logistic_hurdle,8,701,701,30,0.0,0.0,0.0,0.045454545454545456
398,logistic_hurdle,9,731,731,30,0.0,0.0,0.0,0.043478260869565216
398,logistic_hurdle,10,761,761,30,0.0,0.0,0.0,0.041666666666666664
398,logistic_hurdle,11,791,791,30,0.0,0.0,0.0,0.04
399,logistic_hurdle,0,461,461,30,39.0,24.220737502286532,14.779262497713468,13.0
399,logistic_hurdle,1,491,491,30,34.0,30.18786752576977,3.8121324742302285,13.8
399,logistic_hurdle,2,521,521,30,19.0,30.273957284203185,11.273957284203185,13.25
399,logistic_hurdle,3,551,551,30,21.0,25.992384122192565,4.992384122192565,13.352941176470589
399,logistic_hurdle,4,581,581,30,23.0,31.74735669066864,8.747356690668639,12.722222222222221
399,logistic_hurdle,5,611,611,30,27.0,12.955728365195819,14.044271634804181,12.157894736842104
399,logistic_hurdle,6,641,641,30,21.0,30.070857674560298,9.070857674560298,11.75
399,logistic_hurdle,7,671,671,30,11.0,30.734429583167348,19.734429583167348,11.476190476190476
399,logistic_hurdle,8,701,701,30,14.0,15.754751555041116,1.754751555041116,11.409090909090908
399,logistic_hurdle,9,731,731,30,19.0,18.194100093647467,0.8058999063525327,11.043478260869565
399,logistic_hurdle,10,761,761,30,36.0,23.16909308987255,12.83090691012745,10.791666666666666
399,logistic_hurdle,11,791,791,30,2.0,23.54191573828746,21.54191573828746,11.04
400,logistic_hurdle,0,461,461,30,0.0,0.0,0.0,2.7142857142857144
400,logistic_hurdle,1,491,491,30,0.0,0.0,0.0,2.533333333333333
400,logistic_hurdle,2,521,521,30,0.0,0.0,0.0,2.375
400,logistic_hurdle,3,551,551,30,0.0,0.0,0.0,2.235294117647059
400,logistic_hurdle,4,581,581,30,0.0,0.0,0.0,2.111111111111111
400,logistic_hurdle,5,611,611,30,0.0,0.0,0.0,2.0
400,logistic_hurdle,6,641,641,30,0.0,0.0,0.0,1.9
400,logistic_hurdle,7,671,671,30,0.0,0.0,0.0,1.8095238095238095
400,logistic_hurdle,8,701,701,30,0.0,0.0,0.0,1.7272727272727273
400,logistic_hurdle,9,731,731,30,0.0,0.0,0.0,1.6521739130434783
400,logistic_hurdle,10,761,761,30,0.0,0.0,0.0,1.5833333333333333
400,logistic_hurdle,11,791,791,30,0.0,0.0,0.0,1.52
401,logistic_hurdle,0,461,461,30,0.0,0.0,0.0,6.357142857142857
401,logistic_hurdle,1,491,491,30,0.0,0.0,0.0,5.933333333333334
401,logistic_hurdle,2,521,521,30,0.0,0.0,0.0,5.5625
401,logistic_hurdle,3,551,551,30,0.0,0.0,0.0,5.235294117647059
401,logistic_hurdle,4,581,581,30,0.0,0.0,0.0,4.944444444444445
401,logistic_hurdle,5,611,611,30,0.0,0.0,0.0,4.684210526315789
401,logistic_hurdle,6,641,641,30,0.0,0.0,0.0,4.45
401,logistic_hurdle,7,671,671,30,0.0,0.0,0.0,4.238095238095238
401,logistic_hurdle,8,701,701,30,0.0,0.0,0.0,4.045454545454546
401,logistic_hurdle,9,731,731,30,0.0,0.0,0.0,3.869565217391304
401,logistic_hurdle,10,761,761,30,0.0,0.0,0.0,3.7083333333333335
401,logistic_hurdle,11,791,791,30,0.0,0.0,0.0,3.56
402,logistic_hurdle,0,461,461,30,819.0,225.47295219264305,593.5270478073569,71.71428571428571
402,logistic_hurdle,1,491,491,30,950.0,501.6669043873645,448.3330956126355,98.46666666666667
402,logistic_hurdle,2,521,521,30,401.0,800.6001566127228,399.6001566127228,100.5
402,logistic_hurdle,3,551,551,30,372.0,583.3670158614435,211.36701586144352,126.88235294117646
402,logistic_hurdle,4,581,581,30,529.0,602.3222995789401,73.32229957894015,121.44444444444444
402,logistic_hurdle,5,611,611,30,528.0,174.05753054226662,353.9424694577334,123.3157894736842
402,logistic_hurdle,6,641,641,30,233.0,568.2505833293984,335.2505833293984,117.2
402,logistic_hurdle,7,671,671,30,231.0,477.4339782606495,246.4339782606495,125.66666666666667
402,logistic_hurdle,8,701,701,30,0.0,239.71200049502622,239.71200049502622,120.04545454545455
402,logistic_hurdle,9,731,731,30,0.0,28.156464047633897,28.156464047633897,124.8695652173913
402,logistic_hurdle,10,761,761,30,0.0,6.9706948225822725,6.9706948225822725,119.66666666666667
402,logistic_hurdle,11,791,791,30,0.0,0.0,0.0,114.88
403,logistic_hurdle,0,461,461,30,0.0,0.0,0.0,0.0
403,logistic_hurdle,1,491,491,30,0.0,0.0,0.0,0.0
403,logistic_hurdle,2,521,521,30,0.0,0.0,0.0,0.0
403,logistic_hurdle,3,551,551,30,0.0,0.0,0.0,0.0
403,logistic_hurdle,4,581,581,30,0.0,0.0,0.0,0.0
403,logistic_hurdle,5,611,611,30,0.0,0.0,0.0,0.0
403,logistic_hurdle,6,641,641,30,0.0,0.0,0.0,0.0
403,logistic_hurdle,7,671,671,30,0.0,0.0,0.0,0.0
403,logistic_hurdle,8,701,701,30,145.0,0.0,145.0,0.0
403,logistic_hurdle,9,731,731,30,185.0,132.39510118369495,52.60489881630505,6.304347826086956
403,logistic_hurdle,10,761,761,30,312.0,158.39439340010136,153.60560659989864,7.708333333333333
403,logistic_hurdle,11,791,791,30,85.0,208.96840812177246,123.96840812177246,12.48
404,logistic_hurdle,0,461,461,30,288.0,64.12711377895424,223.87288622104575,43.857142857142854
404,logistic_hurdle,1,491,491,30,400.0,179.8353000211319,220.1646999788681,55.06666666666667
404,logistic_hurdle,2,521,521,30,88.0,315.87360445135454,227.87360445135454,58.625
404,logistic_hurdle,3,551,551,30,72.0,179.8275014821957,107.82750148219569,73.52941176470588
404,logistic_hurdle,4,581,581,30,130.0,197.9607337917173,67.9607337917173,70.33333333333333
404,logistic_hurdle,5,611,611,30,113.0,41.62989865333609,71.37010134666392,69.6842105263158
404,logistic_hurdle,6,641,641,30,45.0,132.81809848772014,87.81809848772014,67.05
404,logistic_hurdle,7,671,671,30,39.0,103.53335447556121,64.53335447556121,67.0952380952381
404,logistic_hurdle,8,701,701,30,28.0,50.00567050312731,22.005670503127313,64.31818181818181
404,logistic_hurdle,9,731,731,30,45.0,34.87685216039995,10.123147839600051,62.0
404,logistic_hurdle,10,761,761,30,48.0,38.99528927247797,9.004710727522031,60.125
404,logistic_hurdle,11,791,791,30,17.0,47.73333139933865,30.733331399338653,57.84
405,logistic_hurdle,0,461,461,30,4.0,2.5099816103265162,1.4900183896734838,2.0714285714285716
405,logistic_hurdle,1,491,491,30,1.0,10.688426690420835,9.688426690420835,2.1333333333333333
405,logistic_hurdle,2,521,521,30,0.0,3.7286999122885414,3.7286999122885414,2.1875
405,logistic_hurdle,3,551,551,30,0.0,0.7670253647727036,0.7670253647727036,2.1176470588235294
405,logistic_hurdle,4,581,581,30,3.0,0.29896035460101417,2.701039645398986,2.0
405,logistic_hurdle,5,611,611,30,0.0,3.004054048021707,3.004054048021707,2.0526315789473686
405,logistic_hurdle,6,641,641,30,0.0,0.6158382320303071,0.6158382320303071,2.1
405,logistic_hurdle,7,671,671,30,1.0,0.2777436468732419,0.7222563531267581,2.0
405,logistic_hurdle,8,701,701,30,1.0,4.59710341037538,3.5971034103753796,1.9545454545454546
405,logistic_hurdle,9,731,731,30,1.0,4.163721938484564,3.1637219384845636,1.8695652173913044
405,logistic_hurdle,10,761,761,30,5.0,5.615293916244287,0.615293916244287,1.7916666666666667
405,logistic_hurdle,11,791,791,30,0.0,4.056011717010279,4.056011717010279,1.88
406,logistic_hurdle,0,461,461,30,0.0,0.0,0.0,4.0
406,logistic_hurdle,1,491,491,30,0.0,0.0,0.0,3.7333333333333334
406,logistic_hurdle,2,521,521,30,0.0,0.0,0.0,3.5
406,logistic_hurdle,3,551,551,30,0.0,0.0,0.0,3.2941176470588234
406,logistic_hurdle,4,581,581,30,0.0,0.0,0.0,3.111111111111111
406,logistic_hurdle,5,611,611,30,0.0,0.0,0.0,2.9473684210526314
406,logistic_hurdle,6,641,641,30,0.0,0.0,0.0,2.8
406,logistic_hurdle,7,671,671,30,0.0,0.0,0.0,2.6666666666666665
406,logistic_hurdle,8,701,701,30,0.0,0.0,0.0,2.5454545454545454
406,logistic_hurdle,9,731,731,30,0.0,0.0,0.0,2.4347826086956523
406,logistic_hurdle,10,761,761,30,0.0,0.0,0.0,2.3333333333333335
406,logistic_hurdle,11,791,791,30,0.0,0.0,0.0,2.24
407,logistic_hurdle,0,461,461,30,0.0,0.0,0.0,0.0
407,logistic_hurdle,1,491,491,30,0.0,0.0,0.0,0.0
407,logistic_hurdle,2,521,521,30,0.0,0.0,0.0,0.0
407,logistic_hurdle,3,551,551,30,0.0,0.0,0.0,0.0
407,logistic_hurdle,4,581,581,30,0.0,0.0,0.0,0.0
407,logistic_hurdle,5,611,611,30,0.0,0.0,0.0,0.0
407,logistic_hurdle,6,641,641,30,15.0,0.0,15.0,0.0
407,logistic_hurdle,7,671,671,30,11.0,147.60033782576076,136.60033782576076,0.7142857142857143
407,logistic_hurdle,8,701,701,30,16.0,22.205943013118635,6.205943013118635,0.8636363636363636
407,logistic_hurdle,9,731,731,30,20.0,19.493222816579504,0.5067771834204962,1.0434782608695652
407,logistic_hurdle,10,761,761,30,14.0,14.646645506550522,0.6466455065505219,1.1666666666666667
407,logistic_hurdle,11,791,791,30,2.0,17.678997618259654,15.678997618259654,1.36
410,logistic_hurdle,0,461,461,30,0.0,0.0,0.0,0.0
410,logistic_hurdle,1,491,491,30,0.0,0.0,0.0,0.0
410,logistic_hurdle,2,521,521,30,0.0,0.0,0.0,0.0
410,logistic_hurdle,3,551,551,30,0.0,0.0,0.0,0.0
410,logistic_hurdle,4,581,581,30,0.0,0.0,0.0,0.0
410,logistic_hurdle,5,611,611,30,0.0,0.0,0.0,0.0
410,logistic_hurdle,6,641,641,30,0.0,0.0,0.0,0.0
410,logistic_hurdle,7,671,671,30,0.0,0.0,0.0,0.0
410,logistic_hurdle,8,701,701,30,0.0,0.0,0.0,0.0
410,logistic_hurdle,9,731,731,30,0.0,0.0,0.0,0.0
410,logistic_hurdle,10,761,761,30,0.0,0.0,0.0,0.0
410,logistic_hurdle,11,791,791,30,1.0,0.0,1.0,0.0
412,logistic_hurdle,0,461,461,30,3.0,6.980489264666936,3.980489264666936,19.285714285714285
412,logistic_hurdle,1,491,491,30,48.0,17.506949219350968,30.493050780649032,18.466666666666665
412,logistic_hurdle,2,521,521,30,10.0,48.05578140958288,38.05578140958288,20.125
412,logistic_hurdle,3,551,551,30,0.0,29.608452884560833,29.608452884560833,21.176470588235293
412,logistic_hurdle,4,581,581,30,0.0,10.010978181332229,10.010978181332229,20.555555555555557
412,logistic_hurdle,5,611,611,30,0.0,1.1480173040073387,1.1480173040073387,19.473684210526315
412,logistic_hurdle,6,641,641,30,0.0,0.0,0.0,18.5
412,logistic_hurdle,7,671,671,30,0.0,0.0,0.0,17.61904761904762
412,logistic_hurdle,8,701,701,30,0.0,0.0,0.0,16.818181818181817
412,logistic_hurdle,9,731,731,30,0.0,0.0,0.0,16.08695652173913
412,logistic_hurdle,10,761,761,30,0.0,0.0,0.0,15.416666666666666
412,logistic_hurdle,11,791,791,30,0.0,0.0,0.0,14.8
413,logistic_hurdle,0,461,461,30,0.0,0.32988123208668557,0.32988123208668557,0.14285714285714285
413,logistic_hurdle,1,491,491,30,0.0,0.24556477529056986,0.24556477529056986,0.13333333333333333
413,logistic_hurdle,2,521,521,30,0.0,0.0,0.0,0.125
413,logistic_hurdle,3,551,551,30,33.0,0.0,33.0,0.11764705882352941
413,logistic_hurdle,4,581,581,30,3.0,31.481606997946944,28.481606997946944,1.9444444444444444
413,logistic_hurdle,5,611,611,30,0.0,14.236505426621635,14.236505426621635,3.4210526315789473
413,logistic_hurdle,6,641,641,30,0.0,2.611705803970984,2.611705803970984,3.4
413,logistic_hurdle,7,671,671,30,2.0,0.33449657090780976,1.6655034290921902,3.238095238095238
413,logistic_hurdle,8,701,701,30,0.0,3.6912424408538853,3.6912424408538853,3.1818181818181817
413,logistic_hurdle,9,731,731,30,0.0,0.6741407654242845,0.6741407654242845,3.130434782608696
413,logistic_hurdle,10,761,761,30,0.0,0.44491884018322325,0.44491884018322325,3.0
413,logistic_hurdle,11,791,791,30,0.0,0.0,0.0,2.88
414,logistic_hurdle,0,461,461,30,0.0,0.0,0.0,0.0
414,logistic_hurdle,1,491,491,30,0.0,0.0,0.0,0.0
414,logistic_hurdle,2,521,521,30,6.0,0.0,6.0,0.0
414,logistic_hurdle,3,551,551,30,2.0,38.81500025332182,36.81500025332182,0.35294117647058826
414,logistic_hurdle,4,581,581,30,2.0,7.062532541579568,5.062532541579568,0.5555555555555556
414,logistic_hurdle,5,611,611,30,0.0,9.794041828956674,9.794041828956674,0.5263157894736842
414,logistic_hurdle,6,641,641,30,0.0,0.9693157472697714,0.9693157472697714,0.6
414,logistic_hurdle,7,671,671,30,5.0,0.40059136295070796,4.599408637049292,0.5714285714285714
414,logistic_hurdle,8,701,701,30,0.0,8.536850773005225,8.536850773005225,0.7727272727272727
414,logistic_hurdle,9,731,731,30,0.0,1.5173553128201296,1.5173553128201296,0.9565217391304348
414,logistic_hurdle,10,761,761,30,0.0,0.983493524040282,0.983493524040282,0.9166666666666666
414,logistic_hurdle,11,791,791,30,0.0,0.0,0.0,0.88
415,logistic_hurdle,0,461,461,30,0.0,30.394872333655673,30.394872333655673,0.21428571428571427
415,logistic_hurdle,1,491,491,30,0.0,4.558304552439615,4.558304552439615,0.4
415,logistic_hurdle,2,521,521,30,0.0,0.718078311442056,0.718078311442056,0.375
415,logistic_hurdle,3,551,551,30,16.0,0.0,16.0,0.35294117647058826
415,logistic_hurdle,4,581,581,30,1.0,23.97997770696863,22.97997770696863,1.2222222222222223
415,logistic_hurdle,5,611,611,30,0.0,15.152898574160515,15.152898574160515,1.9473684210526316
415,logistic_hurdle,6,641,641,30,0.0,2.6768154449283736,2.6768154449283736,1.9
415,logistic_hurdle,7,671,671,30,2.0,0.2063533803008449,1.7936466196991552,1.8095238095238095
415,logistic_hurdle,8,701,701,30,0.0,3.409985779175875,3.409985779175875,1.8181818181818181
415,logistic_hurdle,9,731,731,30,1.0,0.6431097917465689,0.3568902082534311,1.826086956521739
415,logistic_hurdle,10,761,761,30,0.0,2.836853949695393,2.836853949695393,1.7916666666666667
415,logistic_hurdle,11,791,791,30,0.0,0.37822565170599837,0.37822565170599837,1.76
418,logistic_hurdle,0,461,461,30,0.0,0.0,0.0,0.0
418,logistic_hurdle,1,491,491,30,0.0,0.0,0.0,0.0
418,logistic_hurdle,2,521,521,30,0.0,0.0,0.0,0.0
418,logistic_hurdle,3,551,551,30,0.0,0.0,0.0,0.0
418,logistic_hurdle,4,581,581,30,0.0,0.0,0.0,0.0
418,logistic_hurdle,5,611,611,30,5.0,0.0,5.0,0.0
418,logistic_hurdle,6,641,641,30,5.0,12.484040715017109,7.484040715017109,0.25
418,logistic_hurdle,7,671,671,30,5.0,8.384145172915222,3.384145172915222,0.23809523809523808
418,logistic_hurdle,8,701,701,30,2.0,7.139531488343852,5.139531488343852,0.22727272727272727
418,logistic_hurdle,9,731,731,30,7.0,6.351344366479915,0.648655633520085,0.34782608695652173
418,logistic_hurdle,10,761,761,30,1.0,5.300185807748349,4.300185807748349,0.5416666666666666
418,logistic_hurdle,11,791,791,30,0.0,2.7363999917496744,2.7363999917496744,0.76
419,logistic_hurdle,0,461,461,30,244.0,62.78794361098888,181.2120563890111,33.42857142857143
419,logistic_hurdle,1,491,491,30,298.0,121.26699457703604,176.73300542296397,46.0
419,logistic_hurdle,2,521,521,30,117.0,210.44467336462432,93.44467336462432,46.5
419,logistic_hurdle,3,551,551,30,88.0,136.90854059958815,48.90854059958815,54.411764705882355
419,logistic_hurdle,4,581,581,30,115.0,163.86442040375104,48.86442040375104,53.0
419,logistic_hurdle,5,611,611,30,0.0,40.70195370782237,40.70195370782237,51.63157894736842
419,logistic_hurdle,6,641,641,30,0.0,10.784408097712332,10.784408097712332,54.8
419,logistic_hurdle,7,671,671,30,0.0,7.07093690030116,7.07093690030116,52.19047619047619
419,logistic_hurdle,8,701,701,30,0.0,0.0,0.0,49.81818181818182
419,logistic_hurdle,9,731,731,30,0.0,0.0,0.0,47.65217391304348
419,logistic_hurdle,10,761,761,30,0.0,0.0,0.0,45.666666666666664
419,logistic_hurdle,11,791,791,30,0.0,0.0,0.0,43.84
420,logistic_hurdle,0,461,461,30,0.0,0.0,0.0,0.8571428571428571
420,logistic_hurdle,1,491,491,30,0.0,0.0,0.0,0.8
420,logistic_hurdle,2,521,521,30,0.0,0.0,0.0,0.75
420,logistic_hurdle,3,551,551,30,0.0,0.0,0.0,0.7058823529411765
420,logistic_hurdle,4,581,581,30,0.0,0.0,0.0,0.6666666666666666
420,logistic_hurdle,5,611,611,30,0.0,0.0,0.0,0.631578947368421
420,logistic_hurdle,6,641,641,30,0.0,0.0,0.0,0.6
420,logistic_hurdle,7,671,671,30,0.0,0.0,0.0,0.5714285714285714
420,logistic_hurdle,8,701,701,30,0.0,0.0,0.0,0.5454545454545454
420,logistic_hurdle,9,731,731,30,0.0,0.0,0.0,0.5217391304347826
420,logistic_hurdle,10,761,761,30,0.0,0.0,0.0,0.5
420,logistic_hurdle,11,791,791,30,0.0,0.0,0.0,0.48
421,logistic_hurdle,0,461,461,30,0.0,0.0,0.0,0.42857142857142855
421,logistic_hurdle,1,491,491,30,0.0,0.0,0.0,0.4
421,logistic_hurdle,2,521,521,30,0.0,0.0,0.0,0.375
421,logistic_hurdle,3,551,551,30,0.0,0.0,0.0,0.35294117647058826
421,logistic_hurdle,4,581,581,30,0.0,0.0,0.0,0.3333333333333333
421,logistic_hurdle,5,611,611,30,0.0,0.0,0.0,0.3157894736842105
421,logistic_hurdle,6,641,641,30,0.0,0.0,0.0,0.3
421,logistic_hurdle,7,671,671,30,0.0,0.0,0.0,0.2857142857142857
421,logistic_hurdle,8,701,701,30,0.0,0.0,0.0,0.2727272727272727
421,logistic_hurdle,9,731,731,30,0.0,0.0,0.0,0.2608695652173913
421,logistic_hurdle,10,761,761,30,0.0,0.0,0.0,0.25
421,logistic_hurdle,11,791,791,30,0.0,0.0,0.0,0.24
425,logistic_hurdle,0,461,461,30,0.0,47.18712442565236,47.18712442565236,28.071428571428573
425,logistic_hurdle,1,491,491,30,6.0,14.259803714311861,8.259803714311861,28.666666666666668
425,logistic_hurdle,2,521,521,30,3.0,29.982982992009667,26.982982992009667,27.25
425,logistic_hurdle,3,551,551,30,2.0,4.643069383733847,2.643069383733847,25.823529411764707
425,logistic_hurdle,4,581,581,30,7.0,4.92642764315317,2.07357235684683,24.444444444444443
425,logistic_hurdle,5,611,611,30,22.0,5.795945485036038,16.204054514963964,23.42105263157895
425,logistic_hurdle,6,641,641,30,4.0,20.36607358926527,16.36607358926527,23.0
425,logistic_hurdle,7,671,671,30,9.0,14.18829305221729,5.18829305221729,22.761904761904763
425,logistic_hurdle,8,701,701,30,30.0,13.043003939960403,16.956996060039597,21.954545454545453
425,logistic_hurdle,9,731,731,30,28.0,17.283311376046463,10.716688623953537,21.91304347826087
425,logistic_hurdle,10,761,761,30,3.0,17.957537690105276,14.957537690105276,21.083333333333332
425,logistic_hurdle,11,791,791,30,5.0,20.979404224235665,15.979404224235665,21.24
435,logistic_hurdle,0,461,461,30,2.0,1.7846461436000345,0.21535385639996552,2.857142857142857
435,logistic_hurdle,1,491,491,30,2.0,2.9316184693724465,0.9316184693724465,2.7333333333333334
435,logistic_hurdle,2,521,521,30,1.0,2.975111334031687,1.9751113340316868,2.5625
435,logistic_hurdle,3,551,551,30,2.0,2.785658770967773,0.7856587709677729,2.4705882352941178
435,logistic_hurdle,4,581,581,30,3.0,2.557470563909154,0.44252943609084605,2.388888888888889
435,logistic_hurdle,5,611,611,30,0.0,2.8000814391486277,2.8000814391486277,2.3157894736842106
435,logistic_hurdle,6,641,641,30,0.0,1.406256519369828,1.406256519369828,2.35
435,logistic_hurdle,7,671,671,30,0.0,1.1712905468298893,1.1712905468298893,2.238095238095238
435,logistic_hurdle,8,701,701,30,0.0,0.0,0.0,2.1363636363636362
435,logistic_hurdle,9,731,731,30,0.0,0.0,0.0,2.0434782608695654
435,logistic_hurdle,10,761,761,30,0.0,0.0,0.0,1.9583333333333333
435,logistic_hurdle,11,791,791,30,0.0,0.0,0.0,1.88
436,logistic_hurdle,0,461,461,30,0.0,0.0,0.0,0.14285714285714285
436,logistic_hurdle,1,491,491,30,0.0,0.0,0.0,0.13333333333333333
436,logistic_hurdle,2,521,521,30,0.0,0.0,0.0,0.125
436,logistic_hurdle,3,551,551,30,0.0,0.0,0.0,0.11764705882352941
436,logistic_hurdle,4,581,581,30,0.0,0.0,0.0,0.1111111111111111
436,logistic_hurdle,5,611,611,30,0.0,0.0,0.0,0.10526315789473684
436,logistic_hurdle,6,641,641,30,0.0,0.0,0.0,0.1
436,logistic_hurdle,7,671,671,30,0.0,0.0,0.0,0.09523809523809523
436,logistic_hurdle,8,701,701,30,0.0,0.0,0.0,0.09090909090909091
436,logistic_hurdle,9,731,731,30,0.0,0.0,0.0,0.08695652173913043
436,logistic_hurdle,10,761,761,30,0.0,0.0,0.0,0.08333333333333333
436,logistic_hurdle,11,791,791,30,0.0,0.0,0.0,0.08
437,logistic_hurdle,0,461,461,30,0.0,0.0,0.0,0.0
437,logistic_hurdle,1,491,491,30,0.0,0.0,0.0,0.0
437,logistic_hurdle,2,521,521,30,0.0,0.0,0.0,0.0
437,logistic_hurdle,3,551,551,30,0.0,0.0,0.0,0.0
437,logistic_hurdle,4,581,581,30,0.0,0.0,0.0,0.0
437,logistic_hurdle,5,611,611,30,0.0,0.0,0.0,0.0
437,logistic_hurdle,6,641,641,30,2.0,0.0,2.0,0.0
437,logistic_hurdle,7,671,671,30,30.0,19.680045043434763,10.319954956565237,0.09523809523809523
437,logistic_hurdle,8,701,701,30,3.0,26.381369955675968,23.381369955675968,1.3636363636363635
437,logistic_hurdle,9,731,731,30,55.0,15.632981718092656,39.36701828190734,2.4782608695652173
437,logistic_hurdle,10,761,761,30,20.0,39.99190732868326,19.99190732868326,4.541666666666667
437,logistic_hurdle,11,791,791,30,0.0,27.414569274048343,27.414569274048343,5.76
438,logistic_hurdle,0,461,461,30,0.0,0.0,0.0,0.0
438,logistic_hurdle,1,491,491,30,0.0,0.0,0.0,0.0
438,logistic_hurdle,2,521,521,30,0.0,0.0,0.0,0.0
438,logistic_hurdle,3,551,551,30,0.0,0.0,0.0,0.0
438,logistic_hurdle,4,581,581,30,0.0,0.0,0.0,0.0
438,logistic_hurdle,5,611,611,30,0.0,0.0,0.0,0.0
438,logistic_hurdle,6,641,641,30,0.0,0.0,0.0,0.0
438,logistic_hurdle,7,671,671,30,0.0,0.0,0.0,0.0
438,logistic_hurdle,8,701,701,30,17.0,0.0,17.0,0.0
438,logistic_hurdle,9,731,731,30,0.0,16.70932548247564,16.70932548247564,0.7391304347826086
438,logistic_hurdle,10,761,761,30,0.0,2.374946296703147,2.374946296703147,1.4166666666666667
438,logistic_hurdle,11,791,791,30,0.0,0.3145660279129685,0.3145660279129685,1.36
439,logistic_hurdle,0,461,461,30,20.0,9.68208716737102,10.31791283262898,5.142857142857143
439,logistic_hurdle,1,491,491,30,21.0,15.320607043038736,5.679392956961264,5.6
439,logistic_hurdle,2,521,521,30,32.0,15.487123828555015,16.512876171444987,5.3125
439,logistic_hurdle,3,551,551,30,9.0,18.475228897368233,9.475228897368233,5.647058823529412
439,logistic_hurdle,4,581,581,30,65.0,20.079366615634235,44.920633384365765,6.611111111111111
439,logistic_hurdle,5,611,611,30,73.0,21.044039486136306,51.955960513863694,9.210526315789474
439,logistic_hurdle,6,641,641,30,8.0,58.158897518316174,50.158897518316174,9.15
439,logistic_hurdle,7,671,671,30,6.0,63.56224398567413,57.56224398567413,11.80952380952381
439,logistic_hurdle,8,701,701,30,11.0,25.068395586217378,14.068395586217378,11.363636363636363
439,logistic_hurdle,9,731,731,30,22.0,8.768033808309275,13.231966191690725,11.08695652173913
439,logistic_hurdle,10,761,761,30,46.0,17.498352175933363,28.501647824066637,11.083333333333334
439,logistic_hurdle,11,791,791,30,0.0,29.354623008015277,29.354623008015277,11.6
445,logistic_hurdle,0,461,461,30,0.0,0.0,0.0,1.5
445,logistic_hurdle,1,491,491,30,0.0,0.0,0.0,1.4
445,logistic_hurdle,2,521,521,30,0.0,0.0,0.0,1.3125
445,logistic_hurdle,3,551,551,30,0.0,0.0,0.0,1.2352941176470589
445,logistic_hurdle,4,581,581,30,0.0,0.0,0.0,1.1666666666666667
445,logistic_hurdle,5,611,611,30,0.0,0.0,0.0,1.105263157894737
445,logistic_hurdle,6,641,641,30,0.0,0.0,0.0,1.05
445,logistic_hurdle,7,671,671,30,0.0,0.0,0.0,1.0
445,logistic_hurdle,8,701,701,30,0.0,0.0,0.0,0.9545454545454546
445,logistic_hurdle,9,731,731,30,0.0,0.0,0.0,0.9130434782608695
445,logistic_hurdle,10,761,761,30,0.0,0.0,0.0,0.875
445,logistic_hurdle,11,791,791,30,0.0,0.0,0.0,0.84
446,logistic_hurdle,0,461,461,30,0.0,0.0,0.0,0.0
446,logistic_hurdle,1,491,491,30,0.0,0.0,0.0,0.0
446,logistic_hurdle,2,521,521,30,0.0,0.0,0.0,0.0
446,logistic_hurdle,3,551,551,30,0.0,0.0,0.0,0.0
446,logistic_hurdle,4,581,581,30,0.0,0.0,0.0,0.0
446,logistic_hurdle,5,611,611,30,0.0,0.0,0.0,0.0
446,logistic_hurdle,6,641,641,30,2.0,0.0,2.0,0.0
446,logistic_hurdle,7,671,671,30,16.0,19.680045043434763,3.680045043434763,0.09523809523809523
446,logistic_hurdle,8,701,701,30,14.0,20.744152241426274,6.744152241426274,0.7272727272727273
446,logistic_hurdle,9,731,731,30,16.0,17.418818195569077,1.4188181955690773,0.782608695652174
446,logistic_hurdle,10,761,761,30,38.0,18.0425097348929,19.9574902651071,0.8333333333333334
446,logistic_hurdle,11,791,791,30,8.0,22.851491026892617,14.851491026892617,1.68
447,logistic_hurdle,0,461,461,30,0.0,0.0,0.0,0.14285714285714285
447,logistic_hurdle,1,491,491,30,0.0,0.0,0.0,0.13333333333333333
447,logistic_hurdle,2,521,521,30,0.0,0.0,0.0,0.125
447,logistic_hurdle,3,551,551,30,0.0,0.0,0.0,0.11764705882352941
447,logistic_hurdle,4,581,581,30,2.0,0.0,2.0,0.1111111111111111
447,logistic_hurdle,5,611,611,30,10.0,3.4916870548448147,6.508312945155185,0.21052631578947367
447,logistic_hurdle,6,641,641,30,0.0,17.981362353382544,17.981362353382544,0.6
447,logistic_hurdle,7,671,671,30,0.0,4.86289538640564,4.86289538640564,1.0476190476190477
447,logistic_hurdle,8,701,701,30,0.0,1.0393818040924132,1.0393818040924132,1.0
447,logistic_hurdle,9,731,731,30,40.0,0.0,40.0,0.9565217391304348
447,logistic_hurdle,10,761,761,30,79.0,23.527854230942427,55.472145769057576,2.5833333333333335
447,logistic_hurdle,11,791,791,30,9.0,59.602846587660586,50.602846587660586,4.04
450,logistic_hurdle,0,461,461,30,0.0,0.5549120678375545,0.5549120678375545,2.0
450,logistic_hurdle,1,491,491,30,0.0,0.3904292264624619,0.3904292264624619,1.8666666666666667
450,logistic_hurdle,2,521,521,30,0.0,0.0,0.0,1.75
450,logistic_hurdle,3,551,551,30,4.0,0.0,4.0,1.6470588235294117
450,logistic_hurdle,4,581,581,30,24.0,5.609857478103796,18.390142521896202,1.7777777777777777
450,logistic_hurdle,5,611,611,30,12.0,8.889219771881814,3.1107802281181858,2.736842105263158
450,logistic_hurdle,6,641,641,30,11.0,12.983357624994866,1.9833576249948663,3.2
450,logistic_hurdle,7,671,671,30,2.0,13.011271192456944,11.011271192456944,3.0952380952380953
450,logistic_hurdle,8,701,701,30,0.0,7.289846849146216,7.289846849146216,3.3636363636363638
450,logistic_hurdle,9,731,731,30,0.0,2.229711062900199,2.229711062900199,3.3043478260869565
450,logistic_hurdle,10,761,761,30,7.0,0.3601483266233109,6.639851673376689,3.1666666666666665
450,logistic_hurdle,11,791,791,30,0.0,4.890474831006941,4.890474831006941,3.32
455,logistic_hurdle,0,461,461,30,0.0,0.0,0.0,0.0
455,logistic_hurdle,1,491,491,30,0.0,0.0,0.0,0.0
455,logistic_hurdle,2,521,521,30,0.0,0.0,0.0,0.0
455,logistic_hurdle,3,551,551,30,0.0,0.0,0.0,0.0
455,logistic_hurdle,4,581,581,30,0.0,0.0,0.0,0.0
455,logistic_hurdle,5,611,611,30,0.0,0.0,0.0,0.0
455,logistic_hurdle,6,641,641,30,0.0,0.0,0.0,0.0
455,logistic_hurdle,7,671,671,30,0.0,0.0,0.0,0.0
455,logistic_hurdle,8,701,701,30,1.0,0.0,1.0,0.0
455,logistic_hurdle,9,731,731,30,19.0,7.866762870184882,11.133237129815118,0.043478260869565216
455,logistic_hurdle,10,761,761,30,13.0,26.142758819702234,13.142758819702234,0.7916666666666666
455,logistic_hurdle,11,791,791,30,3.0,15.699701839641449,12.699701839641449,1.0
461,logistic_hurdle,0,461,461,30,0.0,0.0,0.0,0.0
461,logistic_hurdle,1,491,491,30,0.0,0.0,0.0,0.0
461,logistic_hurdle,2,521,521,30,0.0,0.0,0.0,0.0
461,logistic_hurdle,3,551,551,30,2.0,0.0,2.0,0.0
461,logistic_hurdle,4,581,581,30,3.0,6.988360996843365,3.9883609968433653,0.1111111111111111
461,logistic_hurdle,5,611,611,30,1.0,3.329993179280624,2.329993179280624,0.15789473684210525
461,logistic_hurdle,6,641,641,30,2.0,6.066242827663207,4.066242827663207,0.25
461,logistic_hurdle,7,671,671,30,1.0,4.896587168923323,3.8965871689233227,0.2857142857142857
461,logistic_hurdle,8,701,701,30,0.0,4.66573344756393,4.66573344756393,0.3181818181818182
461,logistic_hurdle,9,731,731,30,0.0,0.9325216165141523,0.9325216165141523,0.34782608695652173
461,logistic_hurdle,10,761,761,30,0.0,0.1949694005702626,0.1949694005702626,0.3333333333333333
461,logistic_hurdle,11,791,791,30,0.0,0.0,0.0,0.32
465,logistic_hurdle,0,461,461,30,19.0,18.73251823667438,0.2674817633256197,3.142857142857143
465,logistic_hurdle,1,491,491,30,20.0,18.290789151924276,1.709210848075724,3.8
465,logistic_hurdle,2,521,521,30,31.0,14.95781711878255,16.04218288121745,3.625
465,logistic_hurdle,3,551,551,30,19.0,18.204353439259105,0.7956465607408951,4.0588235294117645
465,logistic_hurdle,4,581,581,30,8.0,20.661404182495374,12.661404182495374,4.5
465,logistic_hurdle,5,611,611,30,7.0,11.93021313309979,4.930213133099789,4.842105263157895
465,logistic_hurdle,6,641,641,30,9.0,15.966927680531693,6.966927680531693,4.65
465,logistic_hurdle,7,671,671,30,4.0,14.86784955437899,10.86784955437899,4.523809523809524
465,logistic_hurdle,8,701,701,30,3.0,12.230397838603299,9.230397838603299,4.545454545454546
465,logistic_hurdle,9,731,731,30,10.0,9.208188432631037,0.7918115673689634,4.391304347826087
465,logistic_hurdle,10,761,761,30,0.0,13.097106643440327,13.097106643440327,4.5
465,logistic_hurdle,11,791,791,30,1.0,3.1438334055939756,2.1438334055939756,4.72
477,logistic_hurdle,0,461,461,30,0.0,0.0,0.0,0.2857142857142857
477,logistic_hurdle,1,491,491,30,0.0,0.0,0.0,0.26666666666666666
477,logistic_hurdle,2,521,521,30,0.0,0.0,0.0,0.25
477,logistic_hurdle,3,551,551,30,0.0,0.0,0.0,0.23529411764705882
477,logistic_hurdle,4,581,581,30,0.0,0.0,0.0,0.2222222222222222
477,logistic_hurdle,5,611,611,30,0.0,0.0,0.0,0.21052631578947367
477,logistic_hurdle,6,641,641,30,0.0,0.0,0.0,0.2
477,logistic_hurdle,7,671,671,30,0.0,0.0,0.0,0.19047619047619047
477,logistic_hurdle,8,701,701,30,0.0,0.0,0.0,0.18181818181818182
477,logistic_hurdle,9,731,731,30,0.0,0.0,0.0,0.17391304347826086
477,logistic_hurdle,10,761,761,30,0.0,0.0,0.0,0.16666666666666666
477,logistic_hurdle,11,791,791,30,0.0,0.0,0.0,0.16
479,logistic_hurdle,0,461,461,30,6.0,9.01033350354185,3.0103335035418493,2.7142857142857144
479,logistic_hurdle,1,491,491,30,5.0,6.960187034816146,1.9601870348161459,2.8
479,logistic_hurdle,2,521,521,30,1.0,5.158726330604075,4.158726330604075,2.6875
479,logistic_hurdle,3,551,551,30,2.0,2.262099445438446,0.2620994454384462,2.764705882352941
479,logistic_hurdle,4,581,581,30,2.0,2.4939833580769326,0.4939833580769326,2.6666666666666665
479,logistic_hurdle,5,611,611,30,1.0,3.0305720421825315,2.0305720421825315,2.526315789473684
479,logistic_hurdle,6,641,641,30,2.0,3.5563322564401805,1.5563322564401805,2.45
479,logistic_hurdle,7,671,671,30,2.0,4.879152392616122,2.879152392616122,2.380952380952381
479,logistic_hurdle,8,701,701,30,0.0,3.0631901339421996,3.0631901339421996,2.272727272727273
479,logistic_hurdle,9,731,731,30,0.0,0.7985860364161892,0.7985860364161892,2.260869565217391
479,logistic_hurdle,10,761,761,30,0.0,0.38996023960940956,0.38996023960940956,2.1666666666666665
479,logistic_hurdle,11,791,791,30,0.0,0.0,0.0,2.08
480,logistic_hurdle,0,461,461,30,0.0,0.0,0.0,0.0
480,logistic_hurdle,1,491,491,30,0.0,0.0,0.0,0.0
480,logistic_hurdle,2,521,521,30,0.0,0.0,0.0,0.0
480,logistic_hurdle,3,551,551,30,2.0,0.0,2.0,0.0
480,logistic_hurdle,4,581,581,30,1.0,2.1156712612576993,1.1156712612576993,0.1111111111111111
480,logistic_hurdle,5,611,611,30,0.0,2.236812390040966,2.236812390040966,0.15789473684210525
480,logistic_hurdle,6,641,641,30,0.0,0.35113833991731014,0.35113833991731014,0.2
480,logistic_hurdle,7,671,671,30,0.0,0.19560928202086775,0.19560928202086775,0.19047619047619047
480,logistic_hurdle,8,701,701,30,0.0,0.0,0.0,0.18181818181818182
480,logistic_hurdle,9,731,731,30,0.0,0.0,0.0,0.17391304347826086
480,logistic_hurdle,10,761,761,30,0.0,0.0,0.0,0.16666666666666666
480,logistic_hurdle,11,791,791,30,0.0,0.0,0.0,0.16
481,logistic_hurdle,0,461,461,30,0.0,0.0,0.0,0.0
481,logistic_hurdle,1,491,491,30,0.0,0.0,0.0,0.0
481,logistic_hurdle,2,521,521,30,0.0,0.0,0.0,0.0
481,logistic_hurdle,3,551,551,30,0.0,0.0,0.0,0.0
481,logistic_hurdle,4,581,581,30,0.0,0.0,0.0,0.0
481,logistic_hurdle,5,611,611,30,0.0,0.0,0.0,0.0
481,logistic_hurdle,6,641,641,30,2.0,0.0,2.0,0.0
481,logistic_hurdle,7,671,671,30,0.0,2.658002493174303,2.658002493174303,0.09523809523809523
481,logistic_hurdle,8,701,701,30,9.0,0.3453918473490464,8.654608152650953,0.18181818181818182
481,logistic_hurdle,9,731,731,30,2.0,9.650604818110057,7.650604818110057,0.5652173913043478
481,logistic_hurdle,10,761,761,30,1.0,13.333497570504093,12.333497570504093,0.8333333333333334
481,logistic_hurdle,11,791,791,30,0.0,5.413723792584678,5.413723792584678,0.84
482,logistic_hurdle,0,461,461,30,0.0,0.0,0.0,0.0
482,logistic_hurdle,1,491,491,30,0.0,0.0,0.0,0.0
482,logistic_hurdle,2,521,521,30,0.0,0.0,0.0,0.0
482,logistic_hurdle,3,551,551,30,1.0,0.0,1.0,0.0
482,logistic_hurdle,4,581,581,30,0.0,0.2640610841365435,0.2640610841365435,0.05555555555555555
482,logistic_hurdle,5,611,611,30,0.0,1.4699754647421537,1.4699754647421537,0.10526315789473684
482,logistic_hurdle,6,641,641,30,0.0,0.198988000490358,0.198988000490358,0.1
482,logistic_hurdle,7,671,671,30,0.0,0.0,0.0,0.09523809523809523
482,logistic_hurdle,8,701,701,30,0.0,0.0,0.0,0.09090909090909091
482,logistic_hurdle,9,731,731,30,0.0,0.0,0.0,0.08695652173913043
482,logistic_hurdle,10,761,761,30,0.0,0.0,0.0,0.08333333333333333
482,logistic_hurdle,11,791,791,30,0.0,0.0,0.0,0.08
483,logistic_hurdle,0,461,461,30,0.0,0.0,0.0,0.0
483,logistic_hurdle,1,491,491,30,2.0,0.0,2.0,0.0
483,logistic_hurdle,2,521,521,30,0.0,8.467873775214276,8.467873775214276,0.125
483,logistic_hurdle,3,551,551,30,0.0,1.252808686853811,1.252808686853811,0.23529411764705882
483,logistic_hurdle,4,581,581,30,0.0,0.2164143055868247,0.2164143055868247,0.2222222222222222
483,logistic_hurdle,5,611,611,30,0.0,0.0,0.0,0.21052631578947367
483,logistic_hurdle,6,641,641,30,1.0,0.0,1.0,0.2
483,logistic_hurdle,7,671,671,30,2.0,2.902021532383792,0.9020215323837921,0.23809523809523808
483,logistic_hurdle,8,701,701,30,5.0,3.351913425677435,1.6480865743225648,0.2727272727272727
483,logistic_hurdle,9,731,731,30,0.0,5.788837585119335,5.788837585119335,0.391304347826087
483,logistic_hurdle,10,761,761,30,0.0,1.294842688810572,1.294842688810572,0.5833333333333334
483,logistic_hurdle,11,791,791,30,0.0,0.9377159387720758,0.9377159387720758,0.56
484,logistic_hurdle,0,461,461,30,0.0,0.0,0.0,0.0
484,logistic_hurdle,1,491,491,30,0.0,0.0,0.0,0.0
484,logistic_hurdle,2,521,521,30,0.0,0.0,0.0,0.0
484,logistic_hurdle,3,551,551,30,0.0,0.0,0.0,0.0
484,logistic_hurdle,4,581,581,30,0.0,0.0,0.0,0.0
484,logistic_hurdle,5,611,611,30,119.0,0.0,119.0,0.0
484,logistic_hurdle,6,641,641,30,37.0,198.6288858541699,161.6288858541699,5.95
484,logistic_hurdle,7,671,671,30,23.0,72.9333349656661,49.933334965666106,9.571428571428571
484,logistic_hurdle,8,701,701,30,26.0,57.003458055881566,31.003458055881566,9.772727272727273
484,logistic_hurdle,9,731,731,30,44.0,25.8000069706274,18.1999930293726,9.478260869565217
484,logistic_hurdle,10,761,761,30,71.0,32.280657533652025,38.719342466347975,9.833333333333334
484,logistic_hurdle,11,791,791,30,5.0,49.27130558128862,44.27130558128862,10.52
486,logistic_hurdle,0,461,461,30,0.0,0.0,0.0,0.0
486,logistic_hurdle,1,491,491,30,0.0,0.0,0.0,0.0
486,logistic_hurdle,2,521,521,30,0.0,0.0,0.0,0.0
486,logistic_hurdle,3,551,551,30,5.0,0.0,5.0,0.0
486,logistic_hurdle,4,581,581,30,7.0,7.309241678033826,0.30924167803382563,0.2777777777777778
486,logistic_hurdle,5,611,611,30,7.0,3.823412410681264,3.176587589318736,0.3684210526315789
486,logistic_hurdle,6,641,641,30,7.0,7.749044814326665,0.7490448143266653,0.35
486,logistic_hurdle,7,671,671,30,5.0,7.520405387787992,2.520405387787992,0.3333333333333333
486,logistic_hurdle,8,701,701,30,5.0,7.480534597612576,2.480534597612576,0.4090909090909091
486,logistic_hurdle,9,731,731,30,8.0,6.837660180840921,1.1623398191590786,0.391304347826087
486,logistic_hurdle,10,761,761,30,10.0,7.859708760280684,2.140291239719316,0.5
486,logistic_hurdle,11,791,791,30,1.0,6.937818852645682,5.937818852645682,0.56
490,logistic_hurdle,0,461,461,30,0.0,1.479695943671925,1.479695943671925,7.0
490,logistic_hurdle,1,491,491,30,0.0,0.7728583692637468,0.7728583692637468,6.533333333333333
490,logistic_hurdle,2,521,521,30,0.0,0.0,0.0,6.125
490,logistic_hurdle,3,551,551,30,0.0,0.0,0.0,5.764705882352941
490,logistic_hurdle,4,581,581,30,0.0,0.0,0.0,5.444444444444445
490,logistic_hurdle,5,611,611,30,0.0,0.0,0.0,5.157894736842105
490,logistic_hurdle,6,641,641,30,0.0,0.0,0.0,4.9
490,logistic_hurdle,7,671,671,30,0.0,0.0,0.0,4.666666666666667
490,logistic_hurdle,8,701,701,30,0.0,0.0,0.0,4.454545454545454
490,logistic_hurdle,9,731,731,30,0.0,0.0,0.0,4.260869565217392
490,logistic_hurdle,10,761,761,30,0.0,0.0,0.0,4.083333333333333
490,logistic_hurdle,11,791,791,30,0.0,0.0,0.0,3.92
498,logistic_hurdle,0,461,461,30,0.0,0.0,0.0,0.0
498,logistic_hurdle,1,491,491,30,0.0,0.0,0.0,0.0
498,logistic_hurdle,2,521,521,30,0.0,0.0,0.0,0.0
498,logistic_hurdle,3,551,551,30,84.0,0.0,84.0,0.0
498,logistic_hurdle,4,581,581,30,154.0,80.36203753547852,73.63796246452148,4.666666666666667
498,logistic_hurdle,5,611,611,30,152.0,52.76572919996673,99.23427080003327,8.105263157894736
498,logistic_hurdle,6,641,641,30,19.0,93.63714875451292,74.63714875451292,7.8
498,logistic_hurdle,7,671,671,30,38.0,147.97445469949602,109.97445469949602,13.761904761904763
498,logistic_hurdle,8,701,701,30,14.0,70.56383183050004,56.563831830500035,14.0
498,logistic_hurdle,9,731,731,30,44.0,32.08590667053572,11.91409332946428,14.434782608695652
498,logistic_hurdle,10,761,761,30,57.0,34.8430248194877,22.156975180512298,15.083333333333334
498,logistic_hurdle,11,791,791,30,9.0,39.70906186395215,30.70906186395215,15.0
500,logistic_hurdle,0,461,461,30,0.0,0.0,0.0,0.0
500,logistic_hurdle,1,491,491,30,0.0,0.0,0.0,0.0
500,logistic_hurdle,2,521,521,30,0.0,0.0,0.0,0.0
500,logistic_hurdle,3,551,551,30,2.0,0.0,2.0,0.0
500,logistic_hurdle,4,581,581,30,0.0,3.9683631757908384,3.9683631757908384,0.1111111111111111
500,logistic_hurdle,5,611,611,30,0.0,0.534678130961713,0.534678130961713,0.21052631578947367
500,logistic_hurdle,6,641,641,30,0.0,0.39684439767316243,0.39684439767316243,0.2
500,logistic_hurdle,7,671,671,30,0.0,0.0,0.0,0.19047619047619047
500,logistic_hurdle,8,701,701,30,0.0,0.0,0.0,0.18181818181818182
500,logistic_hurdle,9,731,731,30,0.0,0.0,0.0,0.17391304347826086
500,logistic_hurdle,10,761,761,30,1.0,0.0,1.0,0.16666666666666666
500,logistic_hurdle,11,791,791,30,0.0,2.9003741224786017,2.9003741224786017,0.2
501,logistic_hurdle,0,461,461,30,0.0,0.0,0.0,0.0
501,logistic_hurdle,1,491,491,30,7.0,0.0,7.0,0.0
501,logistic_hurdle,2,521,521,30,68.0,33.163325081096666,34.836674918903334,0.4375
501,logistic_hurdle,3,551,551,30,59.0,52.855860834495545,6.1441391655044555,4.0
501,logistic_hurdle,4,581,581,30,50.0,53.61488227089505,3.614882270895052,4.277777777777778
501,logistic_hurdle,5,611,611,30,81.0,30.05197915375721,50.94802084624279,4.526315789473684
501,logistic_hurdle,6,641,641,30,16.0,74.75329798946711,58.753297989467114,5.85
501,logistic_hurdle,7,671,671,30,18.0,68.70029403917644,50.70029403917644,8.666666666666666
501,logistic_hurdle,8,701,701,30,11.0,40.68315869701426,29.683158697014257,8.363636363636363
501,logistic_hurdle,9,731,731,30,42.0,17.490396069207065,24.509603930792935,8.304347826086957
501,logistic_hurdle,10,761,761,30,68.0,29.9694429513787,38.030557048621304,9.25
501,logistic_hurdle,11,791,791,30,1.0,51.050030415320755,50.050030415320755,9.92
515,logistic_hurdle,0,461,461,30,0.0,0.0,0.0,0.0
515,logistic_hurdle,1,491,491,30,1.0,0.0,1.0,0.0
515,logistic_hurdle,2,521,521,30,0.0,3.354730301819475,3.354730301819475,0.0625
515,logistic_hurdle,3,551,551,30,2.0,0.4941536998065526,1.5058463001934475,0.11764705882352941
515,logistic_hurdle,4,581,581,30,4.0,0.38309057427592563,3.6169094257240744,0.2222222222222222
515,logistic_hurdle,5,611,611,30,4.0,6.1517043170083126,2.1517043170083126,0.3157894736842105
515,logistic_hurdle,6,641,641,30,3.0,6.085218668994394,3.0852186689943943,0.3
515,logistic_hurdle,7,671,671,30,5.0,5.785153891114046,0.7851538911140459,0.3333333333333333
515,logistic_hurdle,8,701,701,30,1.0,5.534457989044455,4.534457989044455,0.4090909090909091
515,logistic_hurdle,9,731,731,30,2.0,2.1996330720673862,0.19963307206738623,0.5652173913043478
515,logistic_hurdle,10,761,761,30,2.0,4.996929581839634,2.996929581839634,0.5833333333333334
515,logistic_hurdle,11,791,791,30,0.0,3.4067547164020806,3.4067547164020806,0.56
516,logistic_hurdle,0,461,461,30,0.0,0.0,0.0,0.0
516,logistic_hurdle,1,491,491,30,0.0,0.0,0.0,0.0
516,logistic_hurdle,2,521,521,30,0.0,0.0,0.0,0.0
516,logistic_hurdle,3,551,551,30,0.0,0.0,0.0,0.0
516,logistic_hurdle,4,581,581,30,0.0,0.0,0.0,0.0
516,logistic_hurdle,5,611,611,30,0.0,0.0,0.0,0.0
516,logistic_hurdle,6,641,641,30,18.0,0.0,18.0,0.0
516,logistic_hurdle,7,671,671,30,0.0,25.993949969183543,25.993949969183543,0.8571428571428571
516,logistic_hurdle,8,701,701,30,19.0,3.1737515305477784,15.82624846945222,1.6363636363636365
516,logistic_hurdle,9,731,731,30,48.0,17.55766384677466,30.44233615322534,2.391304347826087
516,logistic_hurdle,10,761,761,30,67.0,27.91901369804706,39.08098630195294,3.5
516,logistic_hurdle,11,791,791,30,9.0,48.295005237324766,39.295005237324766,4.12
517,logistic_hurdle,0,461,461,30,0.0,0.0,0.0,0.0
517,logistic_hurdle,1,491,491,30,0.0,0.0,0.0,0.0
517,logistic_hurdle,2,521,521,30,0.0,0.0,0.0,0.0
517,logistic_hurdle,3,551,551,30,1.0,0.0,1.0,0.0
517,logistic_hurdle,4,581,581,30,0.0,1.9841815878954192,1.9841815878954192,0.05555555555555555
517,logistic_hurdle,5,611,611,30,0.0,0.2673390654808565,0.2673390654808565,0.10526315789473684
517,logistic_hurdle,6,641,641,30,0.0,0.19842219883658122,0.19842219883658122,0.1
517,logistic_hurdle,7,671,671,30,0.0,0.0,0.0,0.09523809523809523
517,logistic_hurdle,8,701,701,30,0.0,0.0,0.0,0.09090909090909091
517,logistic_hurdle,9,731,731,30,0.0,0.0,0.0,0.08695652173913043
517,logistic_hurdle,10,761,761,30,0.0,0.0,0.0,0.08333333333333333
517,logistic_hurdle,11,791,791,30,0.0,0.0,0.0,0.08
2,calendar_logistic_hurdle,0,461,461,30,0.0,0.0,0.0,0.0
2,calendar_logistic_hurdle,1,491,491,30,0.0,0.0,0.0,0.0
2,calendar_logistic_hurdle,2,521,521,30,0.0,0.0,0.0,0.0
2,calendar_logistic_hurdle,3,551,551,30,0.0,0.0,0.0,0.0
2,calendar_logistic_hurdle,4,581,581,30,0.0,0.0,0.0,0.0
2,calendar_logistic_hurdle,5,611,611,30,0.0,0.0,0.0,0.0
2,calendar_logistic_hurdle,6,641,641,30,0.0,0.0,0.0,0.0
2,calendar_logistic_hurdle,7,671,671,30,1.0,0.0,1.0,0.0
2,calendar_logistic_hurdle,8,701,701,30,0.0,3.834359430220266,3.834359430220266,0.045454545454545456
2,calendar_logistic_hurdle,9,731,731,30,0.0,0.47702610490622166,0.47702610490622166,0.08695652173913043
2,calendar_logistic_hurdle,10,761,761,30,0.0,0.17731019231299183,0.17731019231299183,0.08333333333333333
2,calendar_logistic_hurdle,11,791,791,30,0.0,0.0,0.0,0.08
5,calendar_logistic_hurdle,0,461,461,30,0.0,0.0,0.0,0.0
5,calendar_logistic_hurdle,1,491,491,30,0.0,0.0,0.0,0.0
5,calendar_logistic_hurdle,2,521,521,30,0.0,0.0,0.0,0.0
5,calendar_logistic_hurdle,3,551,551,30,2.0,0.0,2.0,0.0
5,calendar_logistic_hurdle,4,581,581,30,2.0,0.43051158135798495,1.569488418642015,0.1111111111111111
5,calendar_logistic_hurdle,5,611,611,30,0.0,4.286488417055994,4.286488417055994,0.10526315789473684
5,calendar_logistic_hurdle,6,641,641,30,0.0,0.8055055884870741,0.8055055884870741,0.2
5,calendar_logistic_hurdle,7,671,671,30,1.0,0.3822971111014255,0.6177028888985745,0.19047619047619047
5,calendar_logistic_hurdle,8,701,701,30,0.0,4.935671854950314,4.935671854950314,0.22727272727272727
5,calendar_logistic_hurdle,9,731,731,30,0.0,0.6199647789217977,0.6199647789217977,0.2608695652173913
5,calendar_logistic_hurdle,10,761,761,30,0.0,0.20107448015344412,0.20107448015344412,0.25
5,calendar_logistic_hurdle,11,791,791,30,0.0,0.0,0.0,0.24
6,calendar_logistic_hurdle,0,461,461,30,0.0,0.0,0.0,0.0
6,calendar_logistic_hurdle,1,491,491,30,0.0,0.0,0.0,0.0
6,calendar_logistic_hurdle,2,521,521,30,0.0,0.0,0.0,0.0
6,calendar_logistic_hurdle,3,551,551,30,0.0,0.0,0.0,0.0
6,calendar_logistic_hurdle,4,581,581,30,2.0,0.0,2.0,0.0
6,calendar_logistic_hurdle,5,611,611,30,0.0,4.7876718909620495,4.7876718909620495,0.10526315789473684
6,calendar_logistic_hurdle,6,641,641,30,0.0,0.8681437675620476,0.8681437675620476,0.2
6,calendar_logistic_hurdle,7,671,671,30,0.0,0.3765225540838777,0.3765225540838777,0.19047619047619047
6,calendar_logistic_hurdle,8,701,701,30,0.0,0.0,0.0,0.18181818181818182
6,calendar_logistic_hurdle,9,731,731,30,0.0,0.0,0.0,0.17391304347826086
6,calendar_logistic_hurdle,10,761,761,30,0.0,0.0,0.0,0.16666666666666666
6,calendar_logistic_hurdle,11,791,791,30,0.0,0.0,0.0,0.16
23,calendar_logistic_hurdle,0,461,461,30,0.0,0.0,0.0,0.0
23,calendar_logistic_hurdle,1,491,491,30,0.0,0.0,0.0,0.0
23,calendar_logistic_hurdle,2,521,521,30,0.0,0.0,0.0,0.0
23,calendar_logistic_hurdle,3,551,551,30,1.0,0.0,1.0,0.0
23,calendar_logistic_hurdle,4,581,581,30,1.0,6.206051945455829,5.206051945455829,0.05555555555555555
23,calendar_logistic_hurdle,5,611,611,30,0.0,2.0273957393384614,2.0273957393384614,0.05263157894736842
23,calendar_logistic_hurdle,6,641,641,30,0.0,0.39186867047736673,0.39186867047736673,0.1
23,calendar_logistic_hurdle,7,671,671,30,0.0,0.18627191594767853,0.18627191594767853,0.09523809523809523
23,calendar_logistic_hurdle,8,701,701,30,0.0,0.0,0.0,0.09090909090909091
23,calendar_logistic_hurdle,9,731,731,30,0.0,0.0,0.0,0.08695652173913043
23,calendar_logistic_hurdle,10,761,761,30,0.0,0.0,0.0,0.08333333333333333
23,calendar_logistic_hurdle,11,791,791,30,0.0,0.0,0.0,0.08
24,calendar_logistic_hurdle,0,461,461,30,0.0,0.0,0.0,0.0
24,calendar_logistic_hurdle,1,491,491,30,0.0,0.0,0.0,0.0
24,calendar_logistic_hurdle,2,521,521,30,0.0,0.0,0.0,0.0
24,calendar_logistic_hurdle,3,551,551,30,0.0,0.0,0.0,0.0
24,calendar_logistic_hurdle,4,581,581,30,0.0,0.0,0.0,0.0
24,calendar_logistic_hurdle,5,611,611,30,2.0,0.0,2.0,0.0
24,calendar_logistic_hurdle,6,641,641,30,0.0,7.723181690301098,7.723181690301098,0.1
24,calendar_logistic_hurdle,7,671,671,30,2.0,1.1085758261726757,0.8914241738273243,0.19047619047619047
24,calendar_logistic_hurdle,8,701,701,30,0.0,2.921330599650219,2.921330599650219,0.2727272727272727
24,calendar_logistic_hurdle,9,731,731,30,0.0,0.511644063011366,0.511644063011366,0.34782608695652173
24,calendar_logistic_hurdle,10,761,761,30,0.0,0.3549877838767044,0.3549877838767044,0.3333333333333333
24,calendar_logistic_hurdle,11,791,791,30,0.0,0.0,0.0,0.32
26,calendar_logistic_hurdle,0,461,461,30,0.0,0.0,0.0,0.0
26,calendar_logistic_hurdle,1,491,491,30,0.0,0.0,0.0,0.0
26,calendar_logistic_hurdle,2,521,521,30,0.0,0.0,0.0,0.0
26,calendar_logistic_hurdle,3,551,551,30,2.0,0.0,2.0,0.0
26,calendar_logistic_hurdle,4,581,581,30,2.0,0.43051158135798495,1.569488418642015,0.1111111111111111
26,calendar_logistic_hurdle,5,611,611,30,0.0,4.573399839065445,4.573399839065445,0.10526315789473684
26,calendar_logistic_hurdle,6,641,641,30,0.0,0.8773978565216214,0.8773978565216214,0.2
26,calendar_logistic_hurdle,7,671,671,30,0.0,0.38668415751091917,0.38668415751091917,0.19047619047619047
26,calendar_logistic_hurdle,8,701,701,30,0.0,0.0,0.0,0.18181818181818182
26,calendar_logistic_hurdle,9,731,731,30,0.0,0.0,0.0,0.17391304347826086
26,calendar_logistic_hurdle,10,761,761,30,0.0,0.0,0.0,0.16666666666666666
26,calendar_logistic_hurdle,11,791,791,30,0.0,0.0,0.0,0.16
27,calendar_logistic_hurdle,0,461,461,30,0.0,0.0,0.0,0.0
27,calendar_logistic_hurdle,1,491,491,30,0.0,0.0,0.0,0.0
27,calendar_logistic_hurdle,2,521,521,30,0.0,0.0,0.0,0.0
27,calendar_logistic_hurdle,3,551,551,30,0.0,0.0,0.0,0.0
27,calendar_logistic_hurdle,4,581,581,30,0.0,0.0,0.0,0.0
27,calendar_logistic_hurdle,5,611,611,30,1.0,0.0,1.0,0.0
27,calendar_logistic_hurdle,6,641,641,30,0.0,9.292869299592118,9.292869299592118,0.05
27,calendar_logistic_hurdle,7,671,671,30,0.0,1.1405999145509613,1.1405999145509613,0.09523809523809523
27,calendar_logistic_hurdle,8,701,701,30,0.0,0.19788167799534853,0.19788167799534853,0.09090909090909091
27,calendar_logistic_hurdle,9,731,731,30,0.0,0.0,0.0,0.08695652173913043
27,calendar_logistic_hurdle,10,761,761,30,0.0,0.0,0.0,0.08333333333333333
27,calendar_logistic_hurdle,11,791,791,30,0.0,0.0,0.0,0.08
28,calendar_logistic_hurdle,0,461,461,30,65.0,90.55184348175185,25.551843481751845,29.142857142857142
28,calendar_logistic_hurdle,1,491,491,30,90.0,48.13982858235676,41.86017141764324,30.333333333333332
28,calendar_logistic_hurdle,2,521,521,30,54.0,63.960824193686385,9.960824193686385,30.0
28,calendar_logistic_hurdle,3,551,551,30,44.0,53.91762716562638,9.917627165626378,30.352941176470587
28,calendar_logistic_hurdle,4,581,581,30,50.0,43.24136656670455,6.758633433295451,29.22222222222222
28,calendar_logistic_hurdle,5,611,611,30,1.0,27.521461013473075,26.521461013473075,28.0
28,calendar_logistic_hurdle,6,641,641,30,0.0,30.43606294357871,30.43606294357871,29.05
28,calendar_logistic_hurdle,7,671,671,30,0.0,7.495772571040852,7.495772571040852,27.714285714285715
28,calendar_logistic_hurdle,8,701,701,30,2.0,0.2746899920099539,1.725310007990046,26.454545454545453
28,calendar_logistic_hurdle,9,731,731,30,18.0,16.587200852401754,1.4127991475982462,25.391304347826086
28,calendar_logistic_hurdle,10,761,761,30,34.0,22.68218710761349,11.31781289238651,25.0
28,calendar_logistic_hurdle,11,791,791,30,3.0,28.512655804714107,25.512655804714107,24.64
29,calendar_logistic_hurdle,0,461,461,30,108.0,117.07260587677133,9.072605876771334,28.428571428571427
29,calendar_logistic_hurdle,1,491,491,30,60.0,98.52689981043504,38.52689981043504,30.666666666666668
29,calendar_logistic_hurdle,2,521,521,30,139.0,80.10332656271004,58.89667343728996,31.75
29,calendar_logistic_hurdle,3,551,551,30,94.0,88.23470281329276,5.765297186707244,34.529411764705884
29,calendar_logistic_hurdle,4,581,581,30,281.0,76.89559899554214,204.10440100445786,35.111111111111114
29,calendar_logistic_hurdle,5,611,611,30,449.0,84.84673880951152,364.1532611904885,43.10526315789474
29,calendar_logistic_hurdle,6,641,641,30,2.0,351.66754344851813,349.66754344851813,49.35
29,calendar_logistic_hurdle,7,671,671,30,0.0,270.4929446961225,270.4929446961225,68.28571428571429
29,calendar_logistic_hurdle,8,701,701,30,10.0,37.44482208245952,27.444822082459517,65.27272727272727
29,calendar_logistic_hurdle,9,731,731,30,67.0,26.259927187026143,40.74007281297386,62.869565217391305
29,calendar_logistic_hurdle,10,761,761,30,144.0,67.07157846591261,76.92842153408739,62.625
29,calendar_logistic_hurdle,11,791,791,30,8.0,93.20814799086656,85.20814799086656,63.2
32,calendar_logistic_hurdle,0,461,461,30,0.0,0.0,0.0,0.0
32,calendar_logistic_hurdle,1,491,491,30,0.0,0.0,0.0,0.0
32,calendar_logistic_hurdle,2,521,521,30,0.0,0.0,0.0,0.0
32,calendar_logistic_hurdle,3,551,551,30,0.0,0.0,0.0,0.0
32,calendar_logistic_hurdle,4,581,581,30,0.0,0.0,0.0,0.0
32,calendar_logistic_hurdle,5,611,611,30,0.0,0.0,0.0,0.0
32,calendar_logistic_hurdle,6,641,641,30,0.0,0.0,0.0,0.0
32,calendar_logistic_hurdle,7,671,671,30,1.0,0.0,1.0,0.0
32,calendar_logistic_hurdle,8,701,701,30,0.0,6.056089046486753,6.056089046486753,0.045454545454545456
32,calendar_logistic_hurdle,9,731,731,30,0.0,0.7382003045024408,0.7382003045024408,0.08695652173913043
32,calendar_logistic_hurdle,10,761,761,30,0.0,0.17778032545337452,0.17778032545337452,0.08333333333333333
32,calendar_logistic_hurdle,11,791,791,30,0.0,0.0,0.0,0.08
33,calendar_logistic_hurdle,0,461,461,30,0.0,0.0,0.0,0.0
33,calendar_logistic_hurdle,1,491,491,30,0.0,0.0,0.0,0.0
33,calendar_logistic_hurdle,2,521,521,30,0.0,0.0,0.0,0.0
33,calendar_logistic_hurdle,3,551,551,30,0.0,0.0,0.0,0.0
33,calendar_logistic_hurdle,4,581,581,30,0.0,0.0,0.0,0.0
33,calendar_logistic_hurdle,5,611,611,30,0.0,0.0,0.0,0.0
33,calendar_logistic_hurdle,6,641,641,30,0.0,0.0,0.0,0.0
33,calendar_logistic_hurdle,7,671,671,30,0.0,0.0,0.0,0.0
33,calendar_logistic_hurdle,8,701,701,30,0.0,0.0,0.0,0.0
33,calendar_logistic_hurdle,9,731,731,30,0.0,0.0,0.0,0.0
33,calendar_logistic_hurdle,10,761,761,30,1.0,0.0,1.0,0.0
33,calendar_logistic_hurdle,11,791,791,30,0.0,1.392788249792263,1.392788249792263,0.04
34,calendar_logistic_hurdle,0,461,461,30,22.0,34.87684871912923,12.876848719129228,16.428571428571427
34,calendar_logistic_hurdle,1,491,491,30,14.0,24.360173349022315,10.360173349022315,17.2
34,calendar_logistic_hurdle,2,521,521,30,6.0,29.478130460043413,23.478130460043413,16.625
34,calendar_logistic_hurdle,3,551,551,30,4.0,16.41074598958602,12.410745989586019,16.11764705882353
34,calendar_logistic_hurdle,4,581,581,30,2.0,7.3696732786421055,5.3696732786421055,15.333333333333334
34,calendar_logistic_hurdle,5,611,611,30,0.0,3.30607117613067,3.30607117613067,14.631578947368421
34,calendar_logistic_hurdle,6,641,641,30,0.0,0.8313217379948328,0.8313217379948328,14.0
34,calendar_logistic_hurdle,7,671,671,30,0.0,0.7967843704026903,0.7967843704026903,13.333333333333334
34,calendar_logistic_hurdle,8,701,701,30,0.0,0.0,0.0,12.727272727272727
34,calendar_logistic_hurdle,9,731,731,30,0.0,0.0,0.0,12.173913043478262
34,calendar_logistic_hurdle,10,761,761,30,0.0,0.0,0.0,11.666666666666666
34,calendar_logistic_hurdle,11,791,791,30,0.0,0.0,0.0,11.2
36,calendar_logistic_hurdle,0,461,461,30,73.0,50.56176012805269,22.43823987194731,9.857142857142858
36,calendar_logistic_hurdle,1,491,491,30,58.0,26.520972640594607,31.479027359405393,13.533333333333333
36,calendar_logistic_hurdle,2,521,521,30,15.0,71.6120767103599,56.6120767103599,13.625
36,calendar_logistic_hurdle,3,551,551,30,23.0,51.09028191379796,28.09028191379796,15.352941176470589
36,calendar_logistic_hurdle,4,581,581,30,13.0,21.42846624530492,8.428466245304922,14.944444444444445
36,calendar_logistic_hurdle,5,611,611,30,12.0,12.519405616589284,0.5194056165892835,14.68421052631579
36,calendar_logistic_hurdle,6,641,641,30,8.0,30.243367947173557,22.243367947173557,14.0
36,calendar_logistic_hurdle,7,671,671,30,2.0,12.347743093383306,10.347743093383306,13.523809523809524
36,calendar_logistic_hurdle,8,701,701,30,11.0,14.605634991392844,3.6056349913928436,13.181818181818182
36,calendar_logistic_hurdle,9,731,731,30,10.0,12.65487633976419,2.65487633976419,13.0
36,calendar_logistic_hurdle,10,761,761,30,26.0,13.300818943644538,12.699181056355462,12.5
36,calendar_logistic_hurdle,11,791,791,30,3.0,14.343373313748568,11.343373313748568,12.64
38,calendar_logistic_hurdle,0,461,461,30,44.0,36.985715427562475,7.014284572437525,15.428571428571429
38,calendar_logistic_hurdle,1,491,491,30,18.0,45.196583056592374,27.196583056592374,16.8
38,calendar_logistic_hurdle,2,521,521,30,33.0,25.398808774166117,7.601191225833883,17.375
38,calendar_logistic_hurdle,3,551,551,30,35.0,30.042518077260887,4.957481922739113,17.235294117647058
38,calendar_logistic_hurdle,4,581,581,30,0.0,20.1417512397557,20.1417512397557,16.38888888888889
38,calendar_logistic_hurdle,5,611,611,30,0.0,13.88419634754975,13.88419634754975,17.36842105263158
38,calendar_logistic_hurdle,6,641,641,30,0.0,3.508931525571098,3.508931525571098,16.5
38,calendar_logistic_hurdle,7,671,671,30,0.0,0.0,0.0,15.714285714285714
38,calendar_logistic_hurdle,8,701,701,30,0.0,0.0,0.0,15.0
38,calendar_logistic_hurdle,9,731,731,30,0.0,0.0,0.0,14.347826086956522
38,calendar_logistic_hurdle,10,761,761,30,0.0,0.0,0.0,13.75
38,calendar_logistic_hurdle,11,791,791,30,0.0,0.0,0.0,13.2
39,calendar_logistic_hurdle,0,461,461,30,0.0,0.0,0.0,0.0
39,calendar_logistic_hurdle,1,491,491,30,0.0,0.0,0.0,0.0
39,calendar_logistic_hurdle,2,521,521,30,0.0,0.0,0.0,0.0
39,calendar_logistic_hurdle,3,551,551,30,0.0,0.0,0.0,0.0
39,calendar_logistic_hurdle,4,581,581,30,0.0,0.0,0.0,0.0
39,calendar_logistic_hurdle,5,611,611,30,28.0,0.0,28.0,0.0
39,calendar_logistic_hurdle,6,641,641,30,45.0,109.87449352539319,64.87449352539319,1.4
39,calendar_logistic_hurdle,7,671,671,30,29.0,45.54570267400893,16.54570267400893,2.142857142857143
39,calendar_logistic_hurdle,8,701,701,30,47.0,40.247092663844505,6.752907336155495,2.772727272727273
39,calendar_logistic_hurdle,9,731,731,30,65.0,32.6490815104847,32.3509184895153,3.4347826086956523
39,calendar_logistic_hurdle,10,761,761,30,123.0,43.65004802683359,79.34995197316641,4.041666666666667
39,calendar_logistic_hurdle,11,791,791,30,4.0,78.12851043126669,74.12851043126669,6.2
42,calendar_logistic_hurdle,0,461,461,30,0.0,0.0,0.0,0.42857142857142855
42,calendar_logistic_hurdle,1,491,491,30,0.0,0.0,0.0,0.4
42,calendar_logistic_hurdle,2,521,521,30,0.0,0.0,0.0,0.375
42,calendar_logistic_hurdle,3,551,551,30,0.0,0.0,0.0,0.35294117647058826
42,calendar_logistic_hurdle,4,581,581,30,0.0,0.0,0.0,0.3333333333333333
42,calendar_logistic_hurdle,5,611,611,30,0.0,0.0,0.0,0.3157894736842105
42,calendar_logistic_hurdle,6,641,641,30,0.0,0.0,0.0,0.3
42,calendar_logistic_hurdle,7,671,671,30,0.0,0.0,0.0,0.2857142857142857
42,calendar_logistic_hurdle,8,701,701,30,0.0,0.0,0.0,0.2727272727272727
42,calendar_logistic_hurdle,9,731,731,30,0.0,0.0,0.0,0.2608695652173913
42,calendar_logistic_hurdle,10,761,761,30,0.0,0.0,0.0,0.25
42,calendar_logistic_hurdle,11,791,791,30,0.0,0.0,0.0,0.24
47,calendar_logistic_hurdle,0,461,461,30,0.0,0.0,0.0,1.8571428571428572
47,calendar_logistic_hurdle,1,491,491,30,0.0,0.0,0.0,1.7333333333333334
47,calendar_logistic_hurdle,2,521,521,30,0.0,0.0,0.0,1.625
47,calendar_logistic_hurdle,3,551,551,30,0.0,0.0,0.0,1.5294117647058822
47,calendar_logistic_hurdle,4,581,581,30,0.0,0.0,0.0,1.4444444444444444
47,calendar_logistic_hurdle,5,611,611,30,0.0,0.0,0.0,1.368421052631579
47,calendar_logistic_hurdle,6,641,641,30,0.0,0.0,0.0,1.3
47,calendar_logistic_hurdle,7,671,671,30,0.0,0.0,0.0,1.2380952380952381
47,calendar_logistic_hurdle,8,701,701,30,0.0,0.0,0.0,1.1818181818181819
47,calendar_logistic_hurdle,9,731,731,30,0.0,0.0,0.0,1.1304347826086956
47,calendar_logistic_hurdle,10,761,761,30,0.0,0.0,0.0,1.0833333333333333
47,calendar_logistic_hurdle,11,791,791,30,0.0,0.0,0.0,1.04
48,calendar_logistic_hurdle,0,461,461,30,0.0,0.0,0.0,0.0
48,calendar_logistic_hurdle,1,491,491,30,0.0,0.0,0.0,0.0
48,calendar_logistic_hurdle,2,521,521,30,0.0,0.0,0.0,0.0
48,calendar_logistic_hurdle,3,551,551,30,0.0,0.0,0.0,0.0
48,calendar_logistic_hurdle,4,581,581,30,0.0,0.0,0.0,0.0
48,calendar_logistic_hurdle,5,611,611,30,91.0,0.0,91.0,0.0
48,calendar_logistic_hurdle,6,641,641,30,35.0,79.42438795866724,44.42438795866724,4.55
48,calendar_logistic_hurdle,7,671,671,30,26.0,55.267259632637995,29.267259632637995,7.0
48,calendar_logistic_hurdle,8,701,701,30,23.0,31.567498710292274,8.567498710292274,7.090909090909091
48,calendar_logistic_hurdle,9,731,731,30,56.0,18.545674301372856,37.454325698627144,6.913043478260869
48,calendar_logistic_hurdle,10,761,761,30,99.0,37.95864924402685,61.04135075597315,8.0
48,calendar_logistic_hurdle,11,791,791,30,9.0,64.22648339313831,55.22648339313831,9.4
49,calendar_logistic_hurdle,0,461,461,30,16.0,16.236541940086944,0.23654194008694418,12.285714285714286
49,calendar_logistic_hurdle,1,491,491,30,10.0,23.407981889142363,13.407981889142363,12.4
49,calendar_logistic_hurdle,2,521,521,30,3.0,13.442437596746336,10.442437596746336,12.0
49,calendar_logistic_hurdle,3,551,551,30,0.0,13.345023201784533,13.345023201784533,11.705882352941176
49,calendar_logistic_hurdle,4,581,581,30,0.0,1.6477673231184808,1.6477673231184808,11.222222222222221
49,calendar_logistic_hurdle,5,611,611,30,0.0,0.5638147919903046,0.5638147919903046,10.631578947368421
49,calendar_logistic_hurdle,6,641,641,30,0.0,0.0,0.0,10.1
49,calendar_logistic_hurdle,7,671,671,30,0.0,0.0,0.0,9.619047619047619
49,calendar_logistic_hurdle,8,701,701,30,0.0,0.0,0.0,9.181818181818182
49,calendar_logistic_hurdle,9,731,731,30,0.0,0.0,0.0,8.782608695652174
49,calendar_logistic_hurdle,10,761,761,30,0.0,0.0,0.0,8.416666666666666
49,calendar_logistic_hurdle,11,791,791,30,0.0,0.0,0.0,8.08
51,calendar_logistic_hurdle,0,461,461,30,0.0,0.0,0.0,0.0
51,calendar_logistic_hurdle,1,491,491,30,0.0,0.0,0.0,0.0
51,calendar_logistic_hurdle,2,521,521,30,0.0,0.0,0.0,0.0
51,calendar_logistic_hurdle,3,551,551,30,0.0,0.0,0.0,0.0
51,calendar_logistic_hurdle,4,581,581,30,0.0,0.0,0.0,0.0
51,calendar_logistic_hurdle,5,611,611,30,0.0,0.0,0.0,0.0
51,calendar_logistic_hurdle,6,641,641,30,0.0,0.0,0.0,0.0
51,calendar_logistic_hurdle,7,671,671,30,0.0,0.0,0.0,0.0
51,calendar_logistic_hurdle,8,701,701,30,0.0,0.0,0.0,0.0
51,calendar_logistic_hurdle,9,731,731,30,0.0,0.0,0.0,0.0
51,calendar_logistic_hurdle,10,761,761,30,0.0,0.0,0.0,0.0
51,calendar_logistic_hurdle,11,791,791,30,0.0,0.0,0.0,0.0
52,calendar_logistic_hurdle,0,461,461,30,0.0,11.659947780502588,11.659947780502588,8.0
52,calendar_logistic_hurdle,1,491,491,30,0.0,1.9858064523985979,1.9858064523985979,7.533333333333333
52,calendar_logistic_hurdle,2,521,521,30,0.0,0.35611045151246884,0.35611045151246884,7.0625
52,calendar_logistic_hurdle,3,551,551,30,0.0,0.0,0.0,6.647058823529412
52,calendar_logistic_hurdle,4,581,581,30,0.0,0.0,0.0,6.277777777777778
52,calendar_logistic_hurdle,5,611,611,30,0.0,0.0,0.0,5.947368421052632
52,calendar_logistic_hurdle,6,641,641,30,0.0,0.0,0.0,5.65
52,calendar_logistic_hurdle,7,671,671,30,0.0,0.0,0.0,5.380952380952381
52,calendar_logistic_hurdle,8,701,701,30,0.0,0.0,0.0,5.136363636363637
52,calendar_logistic_hurdle,9,731,731,30,2.0,0.0,2.0,4.913043478260869
52,calendar_logistic_hurdle,10,761,761,30,0.0,0.564721854693975,0.564721854693975,4.791666666666667
52,calendar_logistic_hurdle,11,791,791,30,0.0,2.777327375537628,2.777327375537628,4.68
54,calendar_logistic_hurdle,0,461,461,30,114.0,92.99366052827034,21.00633947172966,12.714285714285714
54,calendar_logistic_hurdle,1,491,491,30,116.0,111.65685119872641,4.3431488012735855,15.866666666666667
54,calendar_logistic_hurdle,2,521,521,30,179.0,100.1373768986884,78.8626231013116,15.0
54,calendar_logistic_hurdle,3,551,551,30,339.0,107.82358157988003,231.17641842011997,17.823529411764707
54,calendar_logistic_hurdle,4,581,581,30,424.0,156.71938233170465,267.28061766829535,25.72222222222222
54,calendar_logistic_hurdle,5,611,611,30,0.0,157.55742382646176,157.55742382646176,28.842105263157894
54,calendar_logistic_hurdle,6,641,641,30,0.0,33.87307115117591,33.87307115117591,48.6
54,calendar_logistic_hurdle,7,671,671,30,0.0,16.492941631568215,16.492941631568215,46.285714285714285
54,calendar_logistic_hurdle,8,701,701,30,0.0,0.0,0.0,44.18181818181818
54,calendar_logistic_hurdle,9,731,731,30,0.0,0.0,0.0,42.26086956521739
54,calendar_logistic_hurdle,10,761,761,30,0.0,0.0,0.0,40.5
54,calendar_logistic_hurdle,11,791,791,30,0.0,0.0,0.0,38.88
55,calendar_logistic_hurdle,0,461,461,30,0.0,0.0,0.0,0.0
55,calendar_logistic_hurdle,1,491,491,30,0.0,0.0,0.0,0.0
55,calendar_logistic_hurdle,2,521,521,30,0.0,0.0,0.0,0.0
55,calendar_logistic_hurdle,3,551,551,30,0.0,0.0,0.0,0.0
55,calendar_logistic_hurdle,4,581,581,30,0.0,0.0,0.0,0.0
55,calendar_logistic_hurdle,5,611,611,30,515.0,0.0,515.0,0.0
55,calendar_logistic_hurdle,6,641,641,30,88.0,545.0554890988886,457.05548909888864,25.75
55,calendar_logistic_hurdle,7,671,671,30,72.0,280.3642605748246,208.36426057482458,44.857142857142854
55,calendar_logistic_hurdle,8,701,701,30,87.0,189.82607421162,102.82607421162001,43.54545454545455
55,calendar_logistic_hurdle,9,731,731,30,228.0,81.66478048452105,146.33521951547897,42.30434782608695
55,calendar_logistic_hurdle,10,761,761,30,195.0,142.66292179766248,52.33707820233752,46.416666666666664
55,calendar_logistic_hurdle,11,791,791,30,90.0,185.96159861533687,95.96159861533687,45.88
57,calendar_logistic_hurdle,0,461,461,30,2.0,2.9438490302310716,0.9438490302310716,4.071428571428571
57,calendar_logistic_hurdle,1,491,491,30,54.0,6.743976520762054,47.256023479237946,3.8666666666666667
57,calendar_logistic_hurdle,2,521,521,30,39.0,24.338592001824896,14.661407998175104,6.875
57,calendar_logistic_hurdle,3,551,551,30,19.0,29.545069560551088,10.545069560551088,7.352941176470588
57,calendar_logistic_hurdle,4,581,581,30,11.0,19.325385324178086,8.325385324178086,8.055555555555555
57,calendar_logistic_hurdle,5,611,611,30,35.0,9.82555506551673,25.17444493448327,8.052631578947368
57,calendar_logistic_hurdle,6,641,641,30,36.0,22.12042900648126,13.87957099351874,8.85
57,calendar_logistic_hurdle,7,671,671,30,30.0,22.0244197071769,7.9755802928231,8.476190476190476
57,calendar_logistic_hurdle,8,701,701,30,31.0,24.537012166370687,6.462987833629313,8.363636363636363
57,calendar_logistic_hurdle,9,731,731,30,80.0,27.47190083565763,52.528099164342365,8.043478260869565
57,calendar_logistic_hurdle,10,761,761,30,18.0,41.83261040895628,23.832610408956278,9.75
57,calendar_logistic_hurdle,11,791,791,30,0.0,39.538380793984835,39.538380793984835,11.84
58,calendar_logistic_hurdle,0,461,461,30,12.0,25.136621624921737,13.136621624921737,3.2857142857142856
58,calendar_logistic_hurdle,1,491,491,30,7.0,15.853194745416898,8.853194745416898,3.3333333333333335
58,calendar_logistic_hurdle,2,521,521,30,47.0,15.343529464927245,31.656470535072756,3.4375
58,calendar_logistic_hurdle,3,551,551,30,55.0,27.566259224713807,27.433740775286193,5.588235294117647
58,calendar_logistic_hurdle,4,581,581,30,67.0,37.03431195751362,29.965688042486377,5.722222222222222
58,calendar_logistic_hurdle,5,611,611,30,55.0,29.156729094786684,25.843270905213316,6.052631578947368
58,calendar_logistic_hurdle,6,641,641,30,15.0,83.42247260734113,68.42247260734113,6.35
58,calendar_logistic_hurdle,7,671,671,30,11.0,58.789057551983404,47.789057551983404,7.9523809523809526
58,calendar_logistic_hurdle,8,701,701,30,22.0,19.564110608560057,2.435889391439943,7.7727272727272725
58,calendar_logistic_hurdle,9,731,731,30,31.0,22.296118651171998,8.703881348828002,7.913043478260869
58,calendar_logistic_hurdle,10,761,761,30,1.0,24.473987504453813,23.473987504453813,7.958333333333333
58,calendar_logistic_hurdle,11,791,791,30,0.0,7.168734978939914,7.168734978939914,8.84
59,calendar_logistic_hurdle,0,461,461,30,28.0,35.45004241112942,7.450042411129417,6.071428571428571
59,calendar_logistic_hurdle,1,491,491,30,30.0,26.552250418158046,3.447749581841954,6.8
59,calendar_logistic_hurdle,2,521,521,30,19.0,18.736059022951867,0.2639409770481329,6.5
59,calendar_logistic_hurdle,3,551,551,30,6.0,18.387855584842406,12.387855584842406,6.764705882352941
59,calendar_logistic_hurdle,4,581,581,30,0.0,9.205897536302134,9.205897536302134,7.111111111111111
59,calendar_logistic_hurdle,5,611,611,30,0.0,2.6982648296058107,2.6982648296058107,7.052631578947368
59,calendar_logistic_hurdle,6,641,641,30,7.0,0.4950211832374684,6.504978816762532,6.7
59,calendar_logistic_hurdle,7,671,671,30,9.0,19.94789623101322,10.947896231013221,6.714285714285714
59,calendar_logistic_hurdle,8,701,701,30,15.0,17.584439920534987,2.5844399205349866,6.5
59,calendar_logistic_hurdle,9,731,731,30,38.0,14.928227924858351,23.07177207514165,6.478260869565218
59,calendar_logistic_hurdle,10,761,761,30,23.0,26.72977970400914,3.7297797040091396,7.166666666666667
59,calendar_logistic_hurdle,11,791,791,30,7.0,22.17498593241465,15.17498593241465,7.48
60,calendar_logistic_hurdle,0,461,461,30,0.0,0.2949527235518637,0.2949527235518637,0.14285714285714285
60,calendar_logistic_hurdle,1,491,491,30,0.0,0.0,0.0,0.13333333333333333
60,calendar_logistic_hurdle,2,521,521,30,0.0,0.0,0.0,0.125
60,calendar_logistic_hurdle,3,551,551,30,0.0,0.0,0.0,0.11764705882352941
60,calendar_logistic_hurdle,4,581,581,30,1.0,0.0,1.0,0.1111111111111111
60,calendar_logistic_hurdle,5,611,611,30,0.0,2.320266465588419,2.320266465588419,0.15789473684210525
60,calendar_logistic_hurdle,6,641,641,30,0.0,0.5372109112879068,0.5372109112879068,0.2
60,calendar_logistic_hurdle,7,671,671,30,0.0,0.2020315111943018,0.2020315111943018,0.19047619047619047
60,calendar_logistic_hurdle,8,701,701,30,0.0,0.0,0.0,0.18181818181818182
60,calendar_logistic_hurdle,9,731,731,30,0.0,0.0,0.0,0.17391304347826086
60,calendar_logistic_hurdle,10,761,761,30,0.0,0.0,0.0,0.16666666666666666
60,calendar_logistic_hurdle,11,791,791,30,0.0,0.0,0.0,0.16
64,calendar_logistic_hurdle,0,461,461,30,11.0,15.082179824359327,4.0821798243593275,0.2857142857142857
64,calendar_logistic_hurdle,1,491,491,30,8.0,13.050994536104565,5.0509945361045645,0.7333333333333333
64,calendar_logistic_hurdle,2,521,521,30,1.0,8.465836081322388,7.465836081322388,0.875
64,calendar_logistic_hurdle,3,551,551,30,1.0,8.131645499218353,7.131645499218353,1.2352941176470589
64,calendar_logistic_hurdle,4,581,581,30,1.0,3.977686548419776,2.977686548419776,1.1666666666666667
64,calendar_logistic_hurdle,5,611,611,30,1.0,2.460753191061533,1.4607531910615328,1.105263157894737
64,calendar_logistic_hurdle,6,641,641,30,4.0,2.309372012452123,1.690627987547877,1.05
64,calendar_logistic_hurdle,7,671,671,30,0.0,3.2973583973468372,3.2973583973468372,1.1428571428571428
64,calendar_logistic_hurdle,8,701,701,30,0.0,0.8833921813958414,0.8833921813958414,1.2727272727272727
64,calendar_logistic_hurdle,9,731,731,30,0.0,0.4177908010617472,0.4177908010617472,1.2173913043478262
64,calendar_logistic_hurdle,10,761,761,30,0.0,0.0,0.0,1.1666666666666667
64,calendar_logistic_hurdle,11,791,791,30,0.0,0.0,0.0,1.12
67,calendar_logistic_hurdle,0,461,461,30,0.0,1.1007901528867632,1.1007901528867632,0.2857142857142857
67,calendar_logistic_hurdle,1,491,491,30,0.0,0.30348704082542816,0.30348704082542816,0.26666666666666666
67,calendar_logistic_hurdle,2,521,521,30,0.0,0.0,0.0,0.25
67,calendar_logistic_hurdle,3,551,551,30,0.0,0.0,0.0,0.23529411764705882
67,calendar_logistic_hurdle,4,581,581,30,0.0,0.0,0.0,0.2222222222222222
67,calendar_logistic_hurdle,5,611,611,30,0.0,0.0,0.0,0.21052631578947367
67,calendar_logistic_hurdle,6,641,641,30,0.0,0.0,0.0,0.2
67,calendar_logistic_hurdle,7,671,671,30,0.0,0.0,0.0,0.19047619047619047
67,calendar_logistic_hurdle,8,701,701,30,0.0,0.0,0.0,0.18181818181818182
67,calendar_logistic_hurdle,9,731,731,30,0.0,0.0,0.0,0.17391304347826086
67,calendar_logistic_hurdle,10,761,761,30,0.0,0.0,0.0,0.16666666666666666
67,calendar_logistic_hurdle,11,791,791,30,0.0,0.0,0.0,0.16
73,calendar_logistic_hurdle,0,461,461,30,0.0,2.725612449347032,2.725612449347032,10.714285714285714
73,calendar_logistic_hurdle,1,491,491,30,0.0,1.0583523601458933,1.0583523601458933,10.0
73,calendar_logistic_hurdle,2,521,521,30,0.0,0.0,0.0,9.375
73,calendar_logistic_hurdle,3,551,551,30,0.0,0.0,0.0,8.823529411764707
73,calendar_logistic_hurdle,4,581,581,30,0.0,0.0,0.0,8.333333333333334
73,calendar_logistic_hurdle,5,611,611,30,0.0,0.0,0.0,7.894736842105263
73,calendar_logistic_hurdle,6,641,641,30,0.0,0.0,0.0,7.5
73,calendar_logistic_hurdle,7,671,671,30,0.0,0.0,0.0,7.142857142857143
73,calendar_logistic_hurdle,8,701,701,30,0.0,0.0,0.0,6.818181818181818
73,calendar_logistic_hurdle,9,731,731,30,0.0,0.0,0.0,6.521739130434782
73,calendar_logistic_hurdle,10,761,761,30,0.0,0.0,0.0,6.25
73,calendar_logistic_hurdle,11,791,791,30,0.0,0.0,0.0,6.0
74,calendar_logistic_hurdle,0,461,461,30,0.0,0.0,0.0,0.0
74,calendar_logistic_hurdle,1,491,491,30,0.0,0.0,0.0,0.0
74,calendar_logistic_hurdle,2,521,521,30,0.0,0.0,0.0,0.0
74,calendar_logistic_hurdle,3,551,551,30,100.0,0.0,100.0,0.0
74,calendar_logistic_hurdle,4,581,581,30,225.0,87.13117676409944,137.86882323590055,5.555555555555555
74,calendar_logistic_hurdle,5,611,611,30,265.0,77.57360013716733,187.42639986283268,11.842105263157896
74,calendar_logistic_hurdle,6,641,641,30,38.0,234.27963723478842,196.27963723478842,13.25
74,calendar_logistic_hurdle,7,671,671,30,68.0,127.28480782644283,59.28480782644283,23.428571428571427
74,calendar_logistic_hurdle,8,701,701,30,141.0,119.97172866169498,21.028271338305018,23.727272727272727
74,calendar_logistic_hurdle,9,731,731,30,120.0,90.377956963037,29.622043036963007,25.869565217391305
74,calendar_logistic_hurdle,10,761,761,30,395.0,92.33122375047073,302.6687762495293,25.666666666666668
74,calendar_logistic_hurdle,11,791,791,30,60.0,191.1849106815739,131.1849106815739,35.64
76,calendar_logistic_hurdle,0,461,461,30,3.0,9.7003993072472,6.700399307247199,0.6428571428571429
76,calendar_logistic_hurdle,1,491,491,30,8.0,7.46120241783519,0.5387975821648103,0.7333333333333333
76,calendar_logistic_hurdle,2,521,521,30,3.0,6.258984001957254,3.258984001957254,1.0
76,calendar_logistic_hurdle,3,551,551,30,1.0,6.63111861644551,5.63111861644551,1.2352941176470589
76,calendar_logistic_hurdle,4,581,581,30,5.0,1.6268705124482217,3.373129487551778,1.2777777777777777
76,calendar_logistic_hurdle,5,611,611,30,2.0,5.5455081560969575,3.5455081560969575,1.4210526315789473
76,calendar_logistic_hurdle,6,641,641,30,2.0,7.914430861599627,5.914430861599627,1.5
76,calendar_logistic_hurdle,7,671,671,30,0.0,8.445715430719588,8.445715430719588,1.4285714285714286
76,calendar_logistic_hurdle,8,701,701,30,0.0,1.9760293169997394,1.9760293169997394,1.4545454545454546
76,calendar_logistic_hurdle,9,731,731,30,0.0,0.5124040258150394,0.5124040258150394,1.391304347826087
76,calendar_logistic_hurdle,10,761,761,30,0.0,0.0,0.0,1.3333333333333333
76,calendar_logistic_hurdle,11,791,791,30,0.0,0.0,0.0,1.28
81,calendar_logistic_hurdle,0,461,461,30,5.0,13.71879709753331,8.71879709753331,1.3571428571428572
81,calendar_logistic_hurdle,1,491,491,30,8.0,8.995673125498689,0.9956731254986888,1.4
81,calendar_logistic_hurdle,2,521,521,30,3.0,5.09880379222592,2.0988037922259197,1.5
81,calendar_logistic_hurdle,3,551,551,30,12.0,8.071627911370955,3.928372088629045,1.7058823529411764
81,calendar_logistic_hurdle,4,581,581,30,21.0,8.438451368984547,12.561548631015453,2.111111111111111
81,calendar_logistic_hurdle,5,611,611,30,6.0,7.4949591434624665,1.4949591434624665,2.473684210526316
81,calendar_logistic_hurdle,6,641,641,30,9.0,15.445467540568968,6.445467540568968,3.1
81,calendar_logistic_hurdle,7,671,671,30,0.0,14.730588896713645,14.730588896713645,3.0952380952380953
81,calendar_logistic_hurdle,8,701,701,30,0.0,2.558320377905122,2.558320377905122,3.3636363636363638
81,calendar_logistic_hurdle,9,731,731,30,0.0,0.5758403566015947,0.5758403566015947,3.217391304347826
81,calendar_logistic_hurdle,10,761,761,30,0.0,0.0,0.0,3.0833333333333335
81,calendar_logistic_hurdle,11,791,791,30,0.0,0.0,0.0,2.96
84,calendar_logistic_hurdle,0,461,461,30,4.0,15.434947040831522,11.434947040831522,2.642857142857143
84,calendar_logistic_hurdle,1,491,491,30,0.0,3.9967751509202953,3.9967751509202953,3.2
84,calendar_logistic_hurdle,2,521,521,30,44.0,0.8803217934186114,43.11967820658139,3.25
84,calendar_logistic_hurdle,3,551,551,30,29.0,44.9764578171625,15.976457817162498,5.647058823529412
84,calendar_logistic_hurdle,4,581,581,30,111.0,22.933559127596727,88.06644087240328,6.166666666666667
84,calendar_logistic_hurdle,5,611,611,30,139.0,19.957327649310994,119.042672350689,10.157894736842104
84,calendar_logistic_hurdle,6,641,641,30,44.0,86.33623462010013,42.33623462010013,11.05
84,calendar_logistic_hurdle,7,671,671,30,24.0,73.50936738018012,49.50936738018012,15.047619047619047
84,calendar_logistic_hurdle,8,701,701,30,0.0,49.59166228273895,49.59166228273895,15.272727272727273
84,calendar_logistic_hurdle,9,731,731,30,0.0,4.58547843601206,4.58547843601206,15.652173913043478
84,calendar_logistic_hurdle,10,761,761,30,0.0,1.033096281722134,1.033096281722134,15.0
84,calendar_logistic_hurdle,11,791,791,30,0.0,0.0,0.0,14.4
101,calendar_logistic_hurdle,0,461,461,30,4.0,0.0,4.0,0.0
101,calendar_logistic_hurdle,1,491,491,30,10.0,7.665623696533389,2.3343763034666107,0.26666666666666666
101,calendar_logistic_hurdle,2,521,521,30,0.0,7.493772602445872,7.493772602445872,0.625
101,calendar_logistic_hurdle,3,551,551,30,6.0,1.9179276533376657,4.0820723466623345,1.1764705882352942
101,calendar_logistic_hurdle,4,581,581,30,5.0,4.441829711274648,0.5581702887253517,1.4444444444444444
101,calendar_logistic_hurdle,5,611,611,30,2.0,4.801663090559852,2.8016630905598516,1.4210526315789473
101,calendar_logistic_hurdle,6,641,641,30,0.0,7.767808820392581,7.767808820392581,1.5
101,calendar_logistic_hurdle,7,671,671,30,8.0,1.3405108665816439,6.659489133418356,1.5238095238095237
101,calendar_logistic_hurdle,8,701,701,30,2.0,8.57239350789347,6.572393507893469,1.8181818181818181
101,calendar_logistic_hurdle,9,731,731,30,4.0,6.806039692673941,2.8060396926739406,2.0
101,calendar_logistic_hurdle,10,761,761,30,12.0,7.340003192251738,4.659996807748262,2.0
101,calendar_logistic_hurdle,11,791,791,30,0.0,6.261898157846892,6.261898157846892,2.24
102,calendar_logistic_hurdle,0,461,461,30,0.0,0.0,0.0,0.0
102,calendar_logistic_hurdle,1,491,491,30,0.0,0.0,0.0,0.0
102,calendar_logistic_hurdle,2,521,521,30,0.0,0.0,0.0,0.0
102,calendar_logistic_hurdle,3,551,551,30,0.0,0.0,0.0,0.0
102,calendar_logistic_hurdle,4,581,581,30,0.0,0.0,0.0,0.0
102,calendar_logistic_hurdle,5,611,611,30,0.0,0.0,0.0,0.0
102,calendar_logistic_hurdle,6,641,641,30,9.0,0.0,9.0,0.0
102,calendar_logistic_hurdle,7,671,671,30,12.0,79.8548554131285,67.8548554131285,0.42857142857142855
102,calendar_logistic_hurdle,8,701,701,30,6.0,20.42018553608333,14.42018553608333,0.5454545454545454
102,calendar_logistic_hurdle,9,731,731,30,15.0,13.870419083234726,1.1295809167652742,0.782608695652174
102,calendar_logistic_hurdle,10,761,761,30,30.0,11.588128545673646,18.411871454326352,1.125
102,calendar_logistic_hurdle,11,791,791,30,1.0,20.333674543151517,19.333674543151517,1.68
103,calendar_logistic_hurdle,0,461,461,30,2.0,18.818046631616134,16.818046631616134,0.7857142857142857
103,calendar_logistic_hurdle,1,491,491,30,54.0,5.357672673803125,48.64232732619688,1.3333333333333333
103,calendar_logistic_hurdle,2,521,521,30,0.0,20.200642684098796,20.200642684098796,4.5
103,calendar_logistic_hurdle,3,551,551,30,41.0,14.720019055357106,26.279980944642894,7.411764705882353
103,calendar_logistic_hurdle,4,581,581,30,0.0,34.91135269914363,34.91135269914363,9.277777777777779
103,calendar_logistic_hurdle,5,611,611,30,10.0,13.035217174706679,3.0352171747066787,10.947368421052632
103,calendar_logistic_hurdle,6,641,641,30,4.0,28.66882601397578,24.66882601397578,10.9
103,calendar_logistic_hurdle,7,671,671,30,20.0,4.818633352575769,15.18136664742423,10.666666666666666
103,calendar_logistic_hurdle,8,701,701,30,7.0,10.06514327652064,3.06514327652064,10.909090909090908
103,calendar_logistic_hurdle,9,731,731,30,16.0,9.844422455073435,6.155577544926565,11.0
103,calendar_logistic_hurdle,10,761,761,30,5.0,10.617814679498217,5.617814679498217,10.916666666666666
103,calendar_logistic_hurdle,11,791,791,30,1.0,7.4533234646524615,6.4533234646524615,10.92
104,calendar_logistic_hurdle,0,461,461,30,7.0,2.4993551799128273,4.500644820087173,4.5
104,calendar_logistic_hurdle,1,491,491,30,4.0,6.186420815680463,2.1864208156804628,4.6
104,calendar_logistic_hurdle,2,521,521,30,3.0,6.04834308474936,3.0483430847493604,4.5
104,calendar_logistic_hurdle,3,551,551,30,0.0,4.482293514860151,4.482293514860151,4.294117647058823
104,calendar_logistic_hurdle,4,581,581,30,0.0,0.8528288874585503,0.8528288874585503,4.222222222222222
104,calendar_logistic_hurdle,5,611,611,30,0.0,0.8880928016572092,0.8880928016572092,4.0
104,calendar_logistic_hurdle,6,641,641,30,0.0,0.0,0.0,3.8
104,calendar_logistic_hurdle,7,671,671,30,0.0,0.0,0.0,3.619047619047619
104,calendar_logistic_hurdle,8,701,701,30,0.0,0.0,0.0,3.4545454545454546
104,calendar_logistic_hurdle,9,731,731,30,0.0,0.0,0.0,3.3043478260869565
104,calendar_logistic_hurdle,10,761,761,30,1.0,0.0,1.0,3.1666666666666665
104,calendar_logistic_hurdle,11,791,791,30,0.0,2.087981461434179,2.087981461434179,3.08
105,calendar_logistic_hurdle,0,461,461,30,1.0,3.335435322121864,2.335435322121864,7.071428571428571
105,calendar_logistic_hurdle,1,491,491,30,0.0,3.6565902704998194,3.6565902704998194,6.733333333333333
105,calendar_logistic_hurdle,2,521,521,30,1.0,0.7941216676303148,0.20587833236968522,6.375
105,calendar_logistic_hurdle,3,551,551,30,1.0,1.545885548635035,0.5458855486350349,6.0588235294117645
105,calendar_logistic_hurdle,4,581,581,30,0.0,0.24240892354698815,0.24240892354698815,5.722222222222222
105,calendar_logistic_hurdle,5,611,611,30,0.0,1.080493092080886,1.080493092080886,5.473684210526316
105,calendar_logistic_hurdle,6,641,641,30,0.0,0.38987015188438234,0.38987015188438234,5.2
105,calendar_logistic_hurdle,7,671,671,30,0.0,0.0,0.0,4.9523809523809526
105,calendar_logistic_hurdle,8,701,701,30,0.0,0.0,0.0,4.7272727272727275
105,calendar_logistic_hurdle,9,731,731,30,0.0,0.0,0.0,4.521739130434782
105,calendar_logistic_hurdle,10,761,761,30,0.0,0.0,0.0,4.333333333333333
105,calendar_logistic_hurdle,11,791,791,30,0.0,0.0,0.0,4.16
109,calendar_logistic_hurdle,0,461,461,30,0.0,41.930632211180665,41.930632211180665,0.35714285714285715
109,calendar_logistic_hurdle,1,491,491,30,25.0,6.7765731951833095,18.22342680481669,0.6666666666666666
109,calendar_logistic_hurdle,2,521,521,30,5.0,27.208924714508964,22.208924714508964,2.1875
109,calendar_logistic_hurdle,3,551,551,30,9.0,17.383987026470816,8.383987026470816,3.235294117647059
109,calendar_logistic_hurdle,4,581,581,30,49.0,12.437719468740003,36.56228053126,3.2777777777777777
109,calendar_logistic_hurdle,5,611,611,30,166.0,16.39716930594168,149.60283069405833,5.2105263157894735
109,calendar_logistic_hurdle,6,641,641,30,8.0,153.8595551424076,145.8595551424076,10.8
109,calendar_logistic_hurdle,7,671,671,30,4.0,71.14402809932199,67.14402809932199,17.80952380952381
109,calendar_logistic_hurdle,8,701,701,30,3.0,62.37741131293153,59.37741131293153,17.181818181818183
109,calendar_logistic_hurdle,9,731,731,30,38.0,4.719059678887767,33.28094032111223,16.47826086956522
109,calendar_logistic_hurdle,10,761,761,30,13.0,19.446866432412595,6.446866432412595,17.25
109,calendar_logistic_hurdle,11,791,791,30,7.0,14.175605907545352,7.175605907545352,17.56
110,calendar_logistic_hurdle,0,461,461,30,0.0,0.0,0.0,0.0
110,calendar_logistic_hurdle,1,491,491,30,0.0,0.0,0.0,0.0
110,calendar_logistic_hurdle,2,521,521,30,0.0,0.0,0.0,0.0
110,calendar_logistic_hurdle,3,551,551,30,6.0,0.0,6.0,0.0
110,calendar_logistic_hurdle,4,581,581,30,114.0,10.832070724894045,103.16792927510596,0.3333333333333333
110,calendar_logistic_hurdle,5,611,611,30,91.0,53.747539309331295,37.252460690668705,6.0
110,calendar_logistic_hurdle,6,641,641,30,11.0,117.17425810270134,106.17425810270134,6.85
110,calendar_logistic_hurdle,7,671,671,30,0.0,90.02817299586957,90.02817299586957,10.333333333333334
110,calendar_logistic_hurdle,8,701,701,30,0.0,14.388834301502982,14.388834301502982,10.363636363636363
110,calendar_logistic_hurdle,9,731,731,30,2.0,1.0393978158281667,0.9606021841718333,9.91304347826087
110,calendar_logistic_hurdle,10,761,761,30,0.0,3.8244745527626334,3.8244745527626334,9.583333333333334
110,calendar_logistic_hurdle,11,791,791,30,0.0,0.43187079123989486,0.43187079123989486,9.28
111,calendar_logistic_hurdle,0,461,461,30,11.0,46.48494503336582,35.48494503336582,1.8571428571428572
111,calendar_logistic_hurdle,1,491,491,30,16.0,23.47177637352879,7.47177637352879,2.7333333333333334
111,calendar_logistic_hurdle,2,521,521,30,16.0,20.669075421389703,4.669075421389703,2.875
111,calendar_logistic_hurdle,3,551,551,30,0.0,13.384590618489902,13.384590618489902,2.7058823529411766
111,calendar_logistic_hurdle,4,581,581,30,0.0,2.2900546889890845,2.2900546889890845,3.4444444444444446
111,calendar_logistic_hurdle,5,611,611,30,0.0,0.4198385000751602,0.4198385000751602,3.263157894736842
111,calendar_logistic_hurdle,6,641,641,30,0.0,0.0,0.0,3.1
111,calendar_logistic_hurdle,7,671,671,30,0.0,0.0,0.0,2.9523809523809526
111,calendar_logistic_hurdle,8,701,701,30,0.0,0.0,0.0,2.8181818181818183
111,calendar_logistic_hurdle,9,731,731,30,0.0,0.0,0.0,2.6956521739130435
111,calendar_logistic_hurdle,10,761,761,30,0.0,0.0,0.0,2.5833333333333335
111,calendar_logistic_hurdle,11,791,791,30,0.0,0.0,0.0,2.48
112,calendar_logistic_hurdle,0,461,461,30,76.0,66.51523731525933,9.484762684740673,32.785714285714285
112,calendar_logistic_hurdle,1,491,491,30,76.0,87.15133350341458,11.151333503414577,31.866666666666667
112,calendar_logistic_hurdle,2,521,521,30,36.0,73.4071314805626,37.4071314805626,29.875
112,calendar_logistic_hurdle,3,551,551,30,50.0,46.64680839431949,3.3531916056805073,30.470588235294116
112,calendar_logistic_hurdle,4,581,581,30,38.0,41.50674844715723,3.5067484471572286,29.555555555555557
112,calendar_logistic_hurdle,5,611,611,30,42.0,24.677065885654244,17.322934114345756,28.63157894736842
112,calendar_logistic_hurdle,6,641,641,30,30.0,57.578901164102554,27.578901164102554,27.4
112,calendar_logistic_hurdle,7,671,671,30,70.0,42.49933456341059,27.500665436589408,26.666666666666668
112,calendar_logistic_hurdle,8,701,701,30,40.0,47.594139200827115,7.594139200827115,27.272727272727273
112,calendar_logistic_hurdle,9,731,731,30,52.0,47.204776233269165,4.795223766730835,27.391304347826086
112,calendar_logistic_hurdle,10,761,761,30,189.0,62.915048352226535,126.08495164777347,26.75
112,calendar_logistic_hurdle,11,791,791,30,8.0,93.07611654002041,85.07611654002041,31.16
113,calendar_logistic_hurdle,0,461,461,30,2.0,3.6034652696476037,1.6034652696476037,0.9285714285714286
113,calendar_logistic_hurdle,1,491,491,30,6.0,6.058732314100598,0.05873231410059798,0.9333333333333333
113,calendar_logistic_hurdle,2,521,521,30,2.0,5.066381143417645,3.0663811434176447,1.125
113,calendar_logistic_hurdle,3,551,551,30,0.0,2.489535368564223,2.489535368564223,1.2941176470588236
113,calendar_logistic_hurdle,4,581,581,30,0.0,0.4353733544318745,0.4353733544318745,1.3333333333333333
113,calendar_logistic_hurdle,5,611,611,30,0.0,0.2591818765559637,0.2591818765559637,1.263157894736842
113,calendar_logistic_hurdle,6,641,641,30,0.0,0.0,0.0,1.2
113,calendar_logistic_hurdle,7,671,671,30,0.0,0.0,0.0,1.1428571428571428
113,calendar_logistic_hurdle,8,701,701,30,0.0,0.0,0.0,1.0909090909090908
113,calendar_logistic_hurdle,9,731,731,30,0.0,0.0,0.0,1.0434782608695652
113,calendar_logistic_hurdle,10,761,761,30,0.0,0.0,0.0,1.0
113,calendar_logistic_hurdle,11,791,791,30,0.0,0.0,0.0,0.96
116,calendar_logistic_hurdle,0,461,461,30,0.0,0.0,0.0,0.2857142857142857
116,calendar_logistic_hurdle,1,491,491,30,0.0,0.0,0.0,0.26666666666666666
116,calendar_logistic_hurdle,2,521,521,30,0.0,0.0,0.0,0.25
116,calendar_logistic_hurdle,3,551,551,30,0.0,0.0,0.0,0.23529411764705882
116,calendar_logistic_hurdle,4,581,581,30,0.0,0.0,0.0,0.2222222222222222
116,calendar_logistic_hurdle,5,611,611,30,0.0,0.0,0.0,0.21052631578947367
116,calendar_logistic_hurdle,6,641,641,30,0.0,0.0,0.0,0.2
116,calendar_logistic_hurdle,7,671,671,30,0.0,0.0,0.0,0.19047619047619047
116,calendar_logistic_hurdle,8,701,701,30,0.0,0.0,0.0,0.18181818181818182
116,calendar_logistic_hurdle,9,731,731,30,0.0,0.0,0.0,0.17391304347826086
116,calendar_logistic_hurdle,10,761,761,30,0.0,0.0,0.0,0.16666666666666666
116,calendar_logistic_hurdle,11,791,791,30,0.0,0.0,0.0,0.16
117,calendar_logistic_hurdle,0,461,461,30,0.0,0.0,0.0,0.0
117,calendar_logistic_hurdle,1,491,491,30,0.0,0.0,0.0,0.0
117,calendar_logistic_hurdle,2,521,521,30,0.0,0.0,0.0,0.0
117,calendar_logistic_hurdle,3,551,551,30,0.0,0.0,0.0,0.0
117,calendar_logistic_hurdle,4,581,581,30,0.0,0.0,0.0,0.0
117,calendar_logistic_hurdle,5,611,611,30,0.0,0.0,0.0,0.0
117,calendar_logistic_hurdle,6,641,641,30,0.0,0.0,0.0,0.0
117,calendar_logistic_hurdle,7,671,671,30,0.0,0.0,0.0,0.0
117,calendar_logistic_hurdle,8,701,701,30,2.0,0.0,2.0,0.0
117,calendar_logistic_hurdle,9,731,731,30,0.0,8.505386808469822,8.505386808469822,0.08695652173913043
117,calendar_logistic_hurdle,10,761,761,30,0.0,1.311777328049105,1.311777328049105,0.16666666666666666
117,calendar_logistic_hurdle,11,791,791,30,0.0,0.28691471057452844,0.28691471057452844,0.16
118,calendar_logistic_hurdle,0,461,461,30,0.0,0.0,0.0,0.6428571428571429
118,calendar_logistic_hurdle,1,491,491,30,0.0,0.0,0.0,0.6
118,calendar_logistic_hurdle,2,521,521,30,0.0,0.0,0.0,0.5625
118,calendar_logistic_hurdle,3,551,551,30,0.0,0.0,0.0,0.5294117647058824
118,calendar_logistic_hurdle,4,581,581,30,0.0,0.0,0.0,0.5
118,calendar_logistic_hurdle,5,611,611,30,0.0,0.0,0.0,0.47368421052631576
118,calendar_logistic_hurdle,6,641,641,30,0.0,0.0,0.0,0.45
118,calendar_logistic_hurdle,7,671,671,30,0.0,0.0,0.0,0.42857142857142855
118,calendar_logistic_hurdle,8,701,701,30,0.0,0.0,0.0,0.4090909090909091
118,calendar_logistic_hurdle,9,731,731,30,0.0,0.0,0.0,0.391304347826087
118,calendar_logistic_hurdle,10,761,761,30,0.0,0.0,0.0,0.375
118,calendar_logistic_hurdle,11,791,791,30,0.0,0.0,0.0,0.36
120,calendar_logistic_hurdle,0,461,461,30,0.0,0.0,0.0,0.0
120,calendar_logistic_hurdle,1,491,491,30,0.0,0.0,0.0,0.0
120,calendar_logistic_hurdle,2,521,521,30,0.0,0.0,0.0,0.0
120,calendar_logistic_hurdle,3,551,551,30,0.0,0.0,0.0,0.0
120,calendar_logistic_hurdle,4,581,581,30,0.0,0.0,0.0,0.0
120,calendar_logistic_hurdle,5,611,611,30,0.0,0.0,0.0,0.0
120,calendar_logistic_hurdle,6,641,641,30,0.0,0.0,0.0,0.0
120,calendar_logistic_hurdle,7,671,671,30,7.0,0.0,7.0,0.0
120,calendar_logistic_hurdle,8,701,701,30,7.0,16.630173727887367,9.630173727887367,0.3181818181818182
120,calendar_logistic_hurdle,9,731,731,30,8.0,10.02557169042742,2.0255716904274195,0.30434782608695654
120,calendar_logistic_hurdle,10,761,761,30,32.0,9.50022157390744,22.49977842609256,0.3333333333333333
120,calendar_logistic_hurdle,11,791,791,30,0.0,16.706510631075798,16.706510631075798,1.28
122,calendar_logistic_hurdle,0,461,461,30,1.0,0.0,1.0,0.0
122,calendar_logistic_hurdle,1,491,491,30,0.0,2.7270647133777524,2.7270647133777524,0.06666666666666667
122,calendar_logistic_hurdle,2,521,521,30,0.0,0.3690473798576243,0.3690473798576243,0.125
122,calendar_logistic_hurdle,3,551,551,30,0.0,0.24405420553237156,0.24405420553237156,0.11764705882352941
122,calendar_logistic_hurdle,4,581,581,30,0.0,0.0,0.0,0.1111111111111111
122,calendar_logistic_hurdle,5,611,611,30,0.0,0.0,0.0,0.10526315789473684
122,calendar_logistic_hurdle,6,641,641,30,0.0,0.0,0.0,0.1
122,calendar_logistic_hurdle,7,671,671,30,0.0,0.0,0.0,0.09523809523809523
122,calendar_logistic_hurdle,8,701,701,30,0.0,0.0,0.0,0.09090909090909091
122,calendar_logistic_hurdle,9,731,731,30,0.0,0.0,0.0,0.08695652173913043
122,calendar_logistic_hurdle,10,761,761,30,0.0,0.0,0.0,0.08333333333333333
122,calendar_logistic_hurdle,11,791,791,30,0.0,0.0,0.0,0.08
124,calendar_logistic_hurdle,0,461,461,30,0.0,0.0,0.0,0.0
124,calendar_logistic_hurdle,1,491,491,30,0.0,0.0,0.0,0.0
124,calendar_logistic_hurdle,2,521,521,30,0.0,0.0,0.0,0.0
124,calendar_logistic_hurdle,3,551,551,30,16.0,0.0,16.0,0.0
124,calendar_logistic_hurdle,4,581,581,30,85.0,11.372678561581527,73.62732143841848,0.8888888888888888
124,calendar_logistic_hurdle,5,611,611,30,97.0,29.25248514900918,67.74751485099083,4.473684210526316
124,calendar_logistic_hurdle,6,641,641,30,13.0,82.40701199962642,69.40701199962642,4.85
124,calendar_logistic_hurdle,7,671,671,30,13.0,67.716001350557,54.71600135055699,8.619047619047619
124,calendar_logistic_hurdle,8,701,701,30,12.0,41.43647218889589,29.43647218889589,8.227272727272727
124,calendar_logistic_hurdle,9,731,731,30,14.0,17.085407224076107,3.085407224076107,7.913043478260869
124,calendar_logistic_hurdle,10,761,761,30,39.0,18.611359766497756,20.388640233502244,7.666666666666667
124,calendar_logistic_hurdle,11,791,791,30,3.0,19.22873454971665,16.22873454971665,8.36
125,calendar_logistic_hurdle,0,461,461,30,86.0,23.993772697173156,62.006227302826844,1.1428571428571428
125,calendar_logistic_hurdle,1,491,491,30,33.0,57.29821077686263,24.298210776862632,5.733333333333333
125,calendar_logistic_hurdle,2,521,521,30,32.0,42.3491182032366,10.3491182032366,8.6875
125,calendar_logistic_hurdle,3,551,551,30,0.0,42.16661023656577,42.16661023656577,8.235294117647058
125,calendar_logistic_hurdle,4,581,581,30,0.0,2.3349323468210734,2.3349323468210734,9.555555555555555
125,calendar_logistic_hurdle,5,611,611,30,0.0,0.6357917536683259,0.6357917536683259,9.052631578947368
125,calendar_logistic_hurdle,6,641,641,30,0.0,0.0,0.0,8.6
125,calendar_logistic_hurdle,7,671,671,30,0.0,0.0,0.0,8.19047619047619
125,calendar_logistic_hurdle,8,701,701,30,0.0,0.0,0.0,7.818181818181818
125,calendar_logistic_hurdle,9,731,731,30,0.0,0.0,0.0,7.478260869565218
125,calendar_logistic_hurdle,10,761,761,30,0.0,0.0,0.0,7.166666666666667
125,calendar_logistic_hurdle,11,791,791,30,0.0,0.0,0.0,6.88
126,calendar_logistic_hurdle,0,461,461,30,0.0,8.210082277520385,8.210082277520385,34.214285714285715
126,calendar_logistic_hurdle,1,491,491,30,81.0,0.898574396776457,80.10142560322355,32.0
126,calendar_logistic_hurdle,2,521,521,30,13.0,43.05099049218078,30.05099049218078,35.0625
126,calendar_logistic_hurdle,3,551,551,30,1.0,31.48052840233876,30.48052840233876,37.0
126,calendar_logistic_hurdle,4,581,581,30,26.0,6.354420906515731,19.64557909348427,35.611111111111114
126,calendar_logistic_hurdle,5,611,611,30,0.0,9.443213940382348,9.443213940382348,35.05263157894737
126,calendar_logistic_hurdle,6,641,641,30,23.0,5.839933974796796,17.160066025203204,34.6
126,calendar_logistic_hurdle,7,671,671,30,10.0,39.05125854028887,29.05125854028887,34.04761904761905
126,calendar_logistic_hurdle,8,701,701,30,27.0,26.220256514002536,0.7797434859974643,33.09090909090909
126,calendar_logistic_hurdle,9,731,731,30,4.0,24.811212568135346,20.811212568135346,32.391304347826086
126,calendar_logistic_hurdle,10,761,761,30,2.0,21.40781589952443,19.40781589952443,32.0
126,calendar_logistic_hurdle,11,791,791,30,1.0,12.245816426768696,11.245816426768696,30.8
127,calendar_logistic_hurdle,0,461,461,30,3.0,1.8280336027802713,1.1719663972197287,1.2857142857142858
127,calendar_logistic_hurdle,1,491,491,30,1.0,7.571973623381123,6.571973623381123,1.4
127,calendar_logistic_hurdle,2,521,521,30,0.0,2.2372209455764214,2.2372209455764214,1.4375
127,calendar_logistic_hurdle,3,551,551,30,3.0,0.6060038141602118,2.3939961858397885,1.411764705882353
127,calendar_logistic_hurdle,4,581,581,30,2.0,6.826536981460054,4.826536981460054,1.5
127,calendar_logistic_hurdle,5,611,611,30,0.0,4.2143380653573805,4.2143380653573805,1.4736842105263157
127,calendar_logistic_hurdle,6,641,641,30,2.0,1.1295330819280829,0.8704669180719171,1.5
127,calendar_logistic_hurdle,7,671,671,30,0.0,3.1920681694523316,3.1920681694523316,1.5238095238095237
127,calendar_logistic_hurdle,8,701,701,30,40.0,1.2668171209489536,38.73318287905104,1.5454545454545454
127,calendar_logistic_hurdle,9,731,731,30,3.0,38.33409422723053,35.33409422723053,3.217391304347826
127,calendar_logistic_hurdle,10,761,761,30,1.0,45.529318449769825,44.529318449769825,4.625
127,calendar_logistic_hurdle,11,791,791,30,0.0,14.318752739840729,14.318752739840729,4.52
128,calendar_logistic_hurdle,0,461,461,30,11.0,4.40617126361077,6.59382873638923,0.21428571428571427
128,calendar_logistic_hurdle,1,491,491,30,6.0,19.651394376469465,13.651394376469465,0.7333333333333333
128,calendar_logistic_hurdle,2,521,521,30,0.0,6.946196583689768,6.946196583689768,1.0
128,calendar_logistic_hurdle,3,551,551,30,46.0,2.409436071782496,43.590563928217506,1.2941176470588236
128,calendar_logistic_hurdle,4,581,581,30,2.0,76.22724997342587,74.22724997342587,3.7777777777777777
128,calendar_logistic_hurdle,5,611,611,30,22.0,55.90780936308728,33.90780936308728,5.894736842105263
128,calendar_logistic_hurdle,6,641,641,30,0.0,49.54603478219933,49.54603478219933,6.6
128,calendar_logistic_hurdle,7,671,671,30,0.0,4.542690629565186,4.542690629565186,7.333333333333333
128,calendar_logistic_hurdle,8,701,701,30,10.0,1.402031597334475,8.597968402665526,7.0
128,calendar_logistic_hurdle,9,731,731,30,1.0,21.64871088343556,20.64871088343556,7.130434782608695
128,calendar_logistic_hurdle,10,761,761,30,54.0,11.089589742468405,42.910410257531595,7.208333333333333
128,calendar_logistic_hurdle,11,791,791,30,0.0,18.480749131441385,18.480749131441385,9.04
130,calendar_logistic_hurdle,0,461,461,30,0.0,0.0,0.0,0.0
130,calendar_logistic_hurdle,1,491,491,30,0.0,0.0,0.0,0.0
130,calendar_logistic_hurdle,2,521,521,30,0.0,0.0,0.0,0.0
130,calendar_logistic_hurdle,3,551,551,30,0.0,0.0,0.0,0.0
130,calendar_logistic_hurdle,4,581,581,30,0.0,0.0,0.0,0.0
130,calendar_logistic_hurdle,5,611,611,30,0.0,0.0,0.0,0.0
130,calendar_logistic_hurdle,6,641,641,30,0.0,0.0,0.0,0.0
130,calendar_logistic_hurdle,7,671,671,30,0.0,0.0,0.0,0.0
130,calendar_logistic_hurdle,8,701,701,30,5.0,0.0,5.0,0.0
130,calendar_logistic_hurdle,9,731,731,30,4.0,5.1495305134069715,1.1495305134069715,0.21739130434782608
130,calendar_logistic_hurdle,10,761,761,30,15.0,6.90608728546374,8.093912714536259,0.25
130,calendar_logistic_hurdle,11,791,791,30,3.0,6.790601204051024,3.7906012040510237,0.68
131,calendar_logistic_hurdle,0,461,461,30,0.0,0.0,0.0,0.0
131,calendar_logistic_hurdle,1,491,491,30,0.0,0.0,0.0,0.0
131,calendar_logistic_hurdle,2,521,521,30,0.0,0.0,0.0,0.0
131,calendar_logistic_hurdle,3,551,551,30,6.0,0.0,6.0,0.0
131,calendar_logistic_hurdle,4,581,581,30,6.0,6.432487254771709,0.4324872547717087,0.3333333333333333
131,calendar_logistic_hurdle,5,611,611,30,10.0,6.868048952361227,3.131951047638773,0.3157894736842105
131,calendar_logistic_hurdle,6,641,641,30,8.0,8.568342272100878,0.5683422721008782,0.5
131,calendar_logistic_hurdle,7,671,671,30,2.0,7.447747277792432,5.447747277792432,0.5714285714285714
131,calendar_logistic_hurdle,8,701,701,30,7.0,5.162715628837441,1.8372843711625588,0.8181818181818182
131,calendar_logistic_hurdle,9,731,731,30,17.0,6.062397763422911,10.937602236577089,1.0
131,calendar_logistic_hurdle,10,761,761,30,18.0,10.709687041480795,7.2903129585192055,1.375
131,calendar_logistic_hurdle,11,791,791,30,5.0,14.030999138857013,9.030999138857013,1.36
134,calendar_logistic_hurdle,0,461,461,30,2.0,2.719268200746478,0.7192682007464781,2.7142857142857144
134,calendar_logistic_hurdle,1,491,491,30,1.0,8.808645268019081,7.808645268019081,2.6666666666666665
134,calendar_logistic_hurdle,2,521,521,30,0.0,4.440524383990796,4.440524383990796,2.5625
134,calendar_logistic_hurdle,3,551,551,30,0.0,1.4423910170014373,1.4423910170014373,2.4705882352941178
134,calendar_logistic_hurdle,4,581,581,30,0.0,0.25374966810712957,0.25374966810712957,2.3333333333333335
134,calendar_logistic_hurdle,5,611,611,30,0.0,0.0,0.0,2.210526315789474
134,calendar_logistic_hurdle,6,641,641,30,0.0,0.0,0.0,2.1
134,calendar_logistic_hurdle,7,671,671,30,0.0,0.0,0.0,2.0
134,calendar_logistic_hurdle,8,701,701,30,1.0,0.0,1.0,1.9090909090909092
134,calendar_logistic_hurdle,9,731,731,30,0.0,4.390749816581821,4.390749816581821,1.8695652173913044
134,calendar_logistic_hurdle,10,761,761,30,1.0,1.2539575072906044,0.2539575072906044,1.8333333333333333
134,calendar_logistic_hurdle,11,791,791,30,0.0,1.7867986075512223,1.7867986075512223,1.8
136,calendar_logistic_hurdle,0,461,461,30,76.0,35.55195313814154,40.44804686185846,2.5
136,calendar_logistic_hurdle,1,491,491,30,80.0,54.144614507830795,25.855385492169205,5.066666666666666
136,calendar_logistic_hurdle,2,521,521,30,36.0,62.144829404878344,26.144829404878344,5.0
136,calendar_logistic_hurdle,3,551,551,30,71.0,47.25230138181735,23.747698618182653,7.294117647058823
136,calendar_logistic_hurdle,4,581,581,30,46.0,45.23847607784856,0.76152392215144,8.833333333333334
136,calendar_logistic_hurdle,5,611,611,30,24.0,24.256558594218244,0.25655859421824445,9.68421052631579
136,calendar_logistic_hurdle,6,641,641,30,4.0,55.258219999587396,51.258219999587396,10.3
136,calendar_logistic_hurdle,7,671,671,30,18.0,12.442614342895947,5.557385657104053,10.761904761904763
136,calendar_logistic_hurdle,8,701,701,30,37.0,23.91252737199946,13.08747262800054,10.909090909090908
136,calendar_logistic_hurdle,9,731,731,30,87.0,39.35672472189862,47.64327527810138,11.26086956521739
136,calendar_logistic_hurdle,10,761,761,30,80.0,60.58447476550278,19.415525234497217,12.875
136,calendar_logistic_hurdle,11,791,791,30,15.0,62.364382306435274,47.364382306435274,12.64
137,calendar_logistic_hurdle,0,461,461,30,0.0,0.0,0.0,0.0
137,calendar_logistic_hurdle,1,491,491,30,0.0,0.0,0.0,0.0
137,calendar_logistic_hurdle,2,521,521,30,0.0,0.0,0.0,0.0
137,calendar_logistic_hurdle,3,551,551,30,0.0,0.0,0.0,0.0
137,calendar_logistic_hurdle,4,581,581,30,26.0,0.0,26.0,0.0
137,calendar_logistic_hurdle,5,611,611,30,54.0,11.221264791868146,42.778735208131856,1.368421052631579
137,calendar_logistic_hurdle,6,641,641,30,36.0,52.93171752993482,16.931717529934822,2.7
137,calendar_logistic_hurdle,7,671,671,30,15.0,42.865735227214714,27.865735227214714,3.4285714285714284
137,calendar_logistic_hurdle,8,701,701,30,9.0,29.722176202966693,20.722176202966693,4.2272727272727275
137,calendar_logistic_hurdle,9,731,731,30,13.0,20.277284157772872,7.277284157772872,4.304347826086956
137,calendar_logistic_hurdle,10,761,761,30,21.0,18.44822709738739,2.5517729026126084,4.291666666666667
137,calendar_logistic_hurdle,11,791,791,30,2.0,16.80621018729013,14.80621018729013,4.44
138,calendar_logistic_hurdle,0,461,461,30,7.0,2.0640102114270036,4.935989788572996,1.9285714285714286
138,calendar_logistic_hurdle,1,491,491,30,2.0,4.039070311321387,2.039070311321387,2.2
138,calendar_logistic_hurdle,2,521,521,30,5.0,4.574796228294364,0.42520377170563606,2.375
138,calendar_logistic_hurdle,3,551,551,30,2.0,4.669944401498766,2.669944401498766,2.411764705882353
138,calendar_logistic_hurdle,4,581,581,30,0.0,1.7248165269430664,1.7248165269430664,2.4444444444444446
138,calendar_logistic_hurdle,5,611,611,30,0.0,2.090198304502538,2.090198304502538,2.4210526315789473
138,calendar_logistic_hurdle,6,641,641,30,0.0,0.6464323698883316,0.6464323698883316,2.3
138,calendar_logistic_hurdle,7,671,671,30,2.0,0.0,2.0,2.1904761904761907
138,calendar_logistic_hurdle,8,701,701,30,0.0,3.3640817271889776,3.3640817271889776,2.1818181818181817
138,calendar_logistic_hurdle,9,731,731,30,1.0,0.9240747681727309,0.07592523182726907,2.1739130434782608
138,calendar_logistic_hurdle,10,761,761,30,4.0,5.03859719267343,1.0385971926734303,2.125
138,calendar_logistic_hurdle,11,791,791,30,0.0,4.08674089013891,4.08674089013891,2.16
139,calendar_logistic_hurdle,0,461,461,30,16.0,4.784702819786554,11.215297180213446,3.4285714285714284
139,calendar_logistic_hurdle,1,491,491,30,8.0,10.19932090508297,2.1993209050829705,4.0
139,calendar_logistic_hurdle,2,521,521,30,17.0,7.539154771795145,9.460845228204855,4.25
139,calendar_logistic_hurdle,3,551,551,30,10.0,10.831409315320471,0.8314093153204709,4.529411764705882
139,calendar_logistic_hurdle,4,581,581,30,5.0,7.426427642071525,2.426427642071525,4.666666666666667
139,calendar_logistic_hurdle,5,611,611,30,6.0,5.914219105725675,0.08578089427432456,4.684210526315789
139,calendar_logistic_hurdle,6,641,641,30,5.0,9.80944838594506,4.8094483859450605,4.5
139,calendar_logistic_hurdle,7,671,671,30,0.0,7.341686635374766,7.341686635374766,4.333333333333333
139,calendar_logistic_hurdle,8,701,701,30,0.0,2.5772078620516305,2.5772078620516305,4.363636363636363
139,calendar_logistic_hurdle,9,731,731,30,1.0,0.6665722666737957,0.33342773332620435,4.173913043478261
139,calendar_logistic_hurdle,10,761,761,30,1.0,7.319883972604768,6.319883972604768,4.041666666666667
139,calendar_logistic_hurdle,11,791,791,30,0.0,5.2024752050808,5.2024752050808,3.88
141,calendar_logistic_hurdle,0,461,461,30,18.0,2.9194614619909847,15.080538538009016,3.0714285714285716
141,calendar_logistic_hurdle,1,491,491,30,6.0,14.903656326187303,8.903656326187303,4.0
141,calendar_logistic_hurdle,2,521,521,30,10.0,12.32509283120436,2.32509283120436,4.5
141,calendar_logistic_hurdle,3,551,551,30,8.0,12.306727191057268,4.306727191057268,4.470588235294118
141,calendar_logistic_hurdle,4,581,581,30,6.0,7.6681923813686454,1.6681923813686454,4.333333333333333
141,calendar_logistic_hurdle,5,611,611,30,6.0,6.0209306870397645,0.02093068703976453,4.2105263157894735
141,calendar_logistic_hurdle,6,641,641,30,21.0,11.013245044737115,9.986754955262885,4.0
141,calendar_logistic_hurdle,7,671,671,30,13.0,11.532044789409518,1.4679552105904818,4.523809523809524
141,calendar_logistic_hurdle,8,701,701,30,6.0,12.416475016233576,6.416475016233576,4.681818181818182
141,calendar_logistic_hurdle,9,731,731,30,18.0,10.068225226376347,7.931774773623653,4.782608695652174
141,calendar_logistic_hurdle,10,761,761,30,14.0,13.10231157120007,0.8976884287999294,5.083333333333333
141,calendar_logistic_hurdle,11,791,791,30,4.0,11.01973255822713,7.01973255822713,5.04
143,calendar_logistic_hurdle,0,461,461,30,29.0,39.850483210262105,10.850483210262105,13.214285714285714
143,calendar_logistic_hurdle,1,491,491,30,45.0,31.757434651122676,13.242565348877324,13.8
143,calendar_logistic_hurdle,2,521,521,30,24.0,26.470648696768976,2.4706486967689756,13.9375
143,calendar_logistic_hurdle,3,551,551,30,19.0,26.46567973755708,7.465679737557078,14.352941176470589
143,calendar_logistic_hurdle,4,581,581,30,22.0,20.397870514313805,1.602129485686195,13.833333333333334
143,calendar_logistic_hurdle,5,611,611,30,5.0,10.706737296154586,5.706737296154586,13.263157894736842
143,calendar_logistic_hurdle,6,641,641,30,11.0,19.92964356476099,8.92964356476099,13.45
143,calendar_logistic_hurdle,7,671,671,30,1.0,21.593538087264104,20.593538087264104,13.095238095238095
143,calendar_logistic_hurdle,8,701,701,30,9.0,14.11943790675322,5.11943790675322,12.954545454545455
143,calendar_logistic_hurdle,9,731,731,30,22.0,15.506301647965865,6.493698352034135,12.73913043478261
143,calendar_logistic_hurdle,10,761,761,30,27.0,22.911617221427313,4.0883827785726865,12.75
143,calendar_logistic_hurdle,11,791,791,30,0.0,26.177180352347698,26.177180352347698,12.44
145,calendar_logistic_hurdle,0,461,461,30,24.0,7.142898246839158,16.85710175316084,2.5
145,calendar_logistic_hurdle,1,491,491,30,15.0,16.48257891436693,1.482578914366929,3.6
145,calendar_logistic_hurdle,2,521,521,30,26.0,16.2141784454532,9.7858215545468,3.9375
145,calendar_logistic_hurdle,3,551,551,30,15.0,16.94155481149893,1.9415548114989285,4.352941176470588
145,calendar_logistic_hurdle,4,581,581,30,29.0,12.62664425841154,16.373355741588462,4.722222222222222
145,calendar_logistic_hurdle,5,611,611,30,3.0,12.318275136943017,9.318275136943017,5.2105263157894735
145,calendar_logistic_hurdle,6,641,641,30,8.0,19.27311974632186,11.27311974632186,6.25
145,calendar_logistic_hurdle,7,671,671,30,3.0,25.026703403269824,22.026703403269824,6.190476190476191
145,calendar_logistic_hurdle,8,701,701,30,1.0,10.518450621112878,9.518450621112878,6.136363636363637
145,calendar_logistic_hurdle,9,731,731,30,1.0,4.534109921080634,3.534109921080634,5.956521739130435
145,calendar_logistic_hurdle,10,761,761,30,2.0,8.412800005839737,6.4128000058397365,5.708333333333333
145,calendar_logistic_hurdle,11,791,791,30,2.0,2.08781023655783,0.08781023655782993,5.52
147,calendar_logistic_hurdle,0,461,461,30,37.0,37.4703328147111,0.47033281471109945,14.071428571428571
147,calendar_logistic_hurdle,1,491,491,30,66.0,40.691866413291045,25.308133586708955,14.866666666666667
147,calendar_logistic_hurdle,2,521,521,30,26.0,37.72885511962457,11.72885511962457,15.75
147,calendar_logistic_hurdle,3,551,551,30,29.0,34.61252635317901,5.612526353179007,17.176470588235293
147,calendar_logistic_hurdle,4,581,581,30,14.0,25.20623910417183,11.206239104171829,16.38888888888889
147,calendar_logistic_hurdle,5,611,611,30,17.0,13.194296050647653,3.8057039493523472,16.31578947368421
147,calendar_logistic_hurdle,6,641,641,30,9.0,27.67019315219271,18.67019315219271,15.65
147,calendar_logistic_hurdle,7,671,671,30,9.0,17.91498162816419,8.914981628164188,15.285714285714286
147,calendar_logistic_hurdle,8,701,701,30,3.0,18.447134361256293,15.447134361256293,14.590909090909092
147,calendar_logistic_hurdle,9,731,731,30,8.0,10.881156423083665,2.881156423083665,14.217391304347826
147,calendar_logistic_hurdle,10,761,761,30,22.0,14.735918601331962,7.264081398668038,13.833333333333334
147,calendar_logistic_hurdle,11,791,791,30,1.0,18.388105856834862,17.388105856834862,13.84
148,calendar_logistic_hurdle,0,461,461,30,0.0,0.0,0.0,0.0
148,calendar_logistic_hurdle,1,491,491,30,17.0,0.0,17.0,0.0
148,calendar_logistic_hurdle,2,521,521,30,143.0,59.19267472983283,83.80732527016717,1.0625
148,calendar_logistic_hurdle,3,551,551,30,0.0,100.68021607260977,100.68021607260977,8.411764705882353
148,calendar_logistic_hurdle,4,581,581,30,0.0,8.831946508399774,8.831946508399774,15.88888888888889
148,calendar_logistic_hurdle,5,611,611,30,0.0,1.8504657502853215,1.8504657502853215,15.052631578947368
148,calendar_logistic_hurdle,6,641,641,30,0.0,0.0,0.0,14.3
148,calendar_logistic_hurdle,7,671,671,30,0.0,0.0,0.0,13.619047619047619
148,calendar_logistic_hurdle,8,701,701,30,0.0,0.0,0.0,13.0
148,calendar_logistic_hurdle,9,731,731,30,0.0,0.0,0.0,12.434782608695652
148,calendar_logistic_hurdle,10,761,761,30,0.0,0.0,0.0,11.916666666666666
148,calendar_logistic_hurdle,11,791,791,30,0.0,0.0,0.0,11.44
150,calendar_logistic_hurdle,0,461,461,30,0.0,0.0,0.0,0.0
150,calendar_logistic_hurdle,1,491,491,30,0.0,0.0,0.0,0.0
150,calendar_logistic_hurdle,2,521,521,30,0.0,0.0,0.0,0.0
150,calendar_logistic_hurdle,3,551,551,30,0.0,0.0,0.0,0.0
150,calendar_logistic_hurdle,4,581,581,30,0.0,0.0,0.0,0.0
150,calendar_logistic_hurdle,5,611,611,30,0.0,0.0,0.0,0.0
150,calendar_logistic_hurdle,6,641,641,30,0.0,0.0,0.0,0.0
150,calendar_logistic_hurdle,7,671,671,30,6.0,0.0,6.0,0.0
150,calendar_logistic_hurdle,8,701,701,30,56.0,11.018729153764287,44.98127084623572,0.2727272727272727
150,calendar_logistic_hurdle,9,731,731,30,50.0,37.22300905389524,12.77699094610476,2.4347826086956523
150,calendar_logistic_hurdle,10,761,761,30,85.0,41.93342188996616,43.06657811003384,2.5833333333333335
150,calendar_logistic_hurdle,11,791,791,30,35.0,79.54760912712473,44.54760912712473,3.88
151,calendar_logistic_hurdle,0,461,461,30,0.0,0.0,0.0,0.0
151,calendar_logistic_hurdle,1,491,491,30,0.0,0.0,0.0,0.0
151,calendar_logistic_hurdle,2,521,521,30,0.0,0.0,0.0,0.0
151,calendar_logistic_hurdle,3,551,551,30,0.0,0.0,0.0,0.0
151,calendar_logistic_hurdle,4,581,581,30,0.0,0.0,0.0,0.0
151,calendar_logistic_hurdle,5,611,611,30,0.0,0.0,0.0,0.0
151,calendar_logistic_hurdle,6,641,641,30,18.0,0.0,18.0,0.0
151,calendar_logistic_hurdle,7,671,671,30,38.0,34.46848687401858,3.5315131259814194,0.8571428571428571
151,calendar_logistic_hurdle,8,701,701,30,54.0,35.37663832652308,18.62336167347692,1.7272727272727273
151,calendar_logistic_hurdle,9,731,731,30,95.0,41.58222901939572,53.41777098060428,2.347826086956522
151,calendar_logistic_hurdle,10,761,761,30,35.0,59.38872521443457,24.388725214434572,3.9583333333333335
151,calendar_logistic_hurdle,11,791,791,30,7.0,60.687230447584625,53.687230447584625,6.2
156,calendar_logistic_hurdle,0,461,461,30,37.0,35.21995677374307,1.7800432262569288,0.5
156,calendar_logistic_hurdle,1,491,491,30,163.0,28.718852343649342,134.28114765635067,2.466666666666667
156,calendar_logistic_hurdle,2,521,521,30,63.0,77.85639903849159,14.856399038491588,10.1875
156,calendar_logistic_hurdle,3,551,551,30,0.0,77.07500958049297,77.07500958049297,15.470588235294118
156,calendar_logistic_hurdle,4,581,581,30,0.0,9.897933495110385,9.897933495110385,18.11111111111111
156,calendar_logistic_hurdle,5,611,611,30,0.0,1.3493431438688224,1.3493431438688224,17.157894736842106
156,calendar_logistic_hurdle,6,641,641,30,0.0,0.0,0.0,16.3
156,calendar_logistic_hurdle,7,671,671,30,0.0,0.0,0.0,15.523809523809524
156,calendar_logistic_hurdle,8,701,701,30,0.0,0.0,0.0,14.818181818181818
156,calendar_logistic_hurdle,9,731,731,30,0.0,0.0,0.0,14.173913043478262
156,calendar_logistic_hurdle,10,761,761,30,0.0,0.0,0.0,13.583333333333334
156,calendar_logistic_hurdle,11,791,791,30,0.0,0.0,0.0,13.04
157,calendar_logistic_hurdle,0,461,461,30,0.0,9.538469154960229,9.538469154960229,7.0
157,calendar_logistic_hurdle,1,491,491,30,0.0,1.5299810192352261,1.5299810192352261,7.2
157,calendar_logistic_hurdle,2,521,521,30,0.0,3.171738625413184,3.171738625413184,6.75
157,calendar_logistic_hurdle,3,551,551,30,0.0,0.0,0.0,6.352941176470588
157,calendar_logistic_hurdle,4,581,581,30,0.0,0.0,0.0,6.0
157,calendar_logistic_hurdle,5,611,611,30,0.0,0.0,0.0,5.684210526315789
157,calendar_logistic_hurdle,6,641,641,30,0.0,0.0,0.0,5.4
157,calendar_logistic_hurdle,7,671,671,30,0.0,0.0,0.0,5.142857142857143
157,calendar_logistic_hurdle,8,701,701,30,0.0,0.0,0.0,4.909090909090909
157,calendar_logistic_hurdle,9,731,731,30,0.0,0.0,0.0,4.695652173913044
157,calendar_logistic_hurdle,10,761,761,30,0.0,0.0,0.0,4.5
157,calendar_logistic_hurdle,11,791,791,30,0.0,0.0,0.0,4.32
158,calendar_logistic_hurdle,0,461,461,30,0.0,6.700605451760211,6.700605451760211,17.714285714285715
158,calendar_logistic_hurdle,1,491,491,30,0.0,1.5819355637866142,1.5819355637866142,16.533333333333335
158,calendar_logistic_hurdle,2,521,521,30,0.0,0.0,0.0,15.5
158,calendar_logistic_hurdle,3,551,551,30,0.0,0.0,0.0,14.588235294117647
158,calendar_logistic_hurdle,4,581,581,30,0.0,0.0,0.0,13.777777777777779
158,calendar_logistic_hurdle,5,611,611,30,0.0,0.0,0.0,13.052631578947368
158,calendar_logistic_hurdle,6,641,641,30,0.0,0.0,0.0,12.4
158,calendar_logistic_hurdle,7,671,671,30,0.0,0.0,0.0,11.80952380952381
158,calendar_logistic_hurdle,8,701,701,30,0.0,0.0,0.0,11.272727272727273
158,calendar_logistic_hurdle,9,731,731,30,0.0,0.0,0.0,10.782608695652174
158,calendar_logistic_hurdle,10,761,761,30,0.0,0.0,0.0,10.333333333333334
158,calendar_logistic_hurdle,11,791,791,30,0.0,0.0,0.0,9.92
159,calendar_logistic_hurdle,0,461,461,30,0.0,18.836564513765495,18.836564513765495,6.642857142857143
159,calendar_logistic_hurdle,1,491,491,30,0.0,3.190240434157075,3.190240434157075,8.066666666666666
159,calendar_logistic_hurdle,2,521,521,30,0.0,2.2100655849379605,2.2100655849379605,7.5625
159,calendar_logistic_hurdle,3,551,551,30,0.0,0.0,0.0,7.117647058823529
159,calendar_logistic_hurdle,4,581,581,30,0.0,0.0,0.0,6.722222222222222
159,calendar_logistic_hurdle,5,611,611,30,0.0,0.0,0.0,6.368421052631579
159,calendar_logistic_hurdle,6,641,641,30,0.0,0.0,0.0,6.05
159,calendar_logistic_hurdle,7,671,671,30,0.0,0.0,0.0,5.761904761904762
159,calendar_logistic_hurdle,8,701,701,30,0.0,0.0,0.0,5.5
159,calendar_logistic_hurdle,9,731,731,30,0.0,0.0,0.0,5.260869565217392
159,calendar_logistic_hurdle,10,761,761,30,0.0,0.0,0.0,5.041666666666667
159,calendar_logistic_hurdle,11,791,791,30,0.0,0.0,0.0,4.84
165,calendar_logistic_hurdle,0,461,461,30,0.0,0.6819851018616423,0.6819851018616423,0.5714285714285714
165,calendar_logistic_hurdle,1,491,491,30,3.0,0.36839011428797463,2.6316098857120256,0.5333333333333333
165,calendar_logistic_hurdle,2,521,521,30,0.0,3.3789625803989893,3.3789625803989893,0.6875
165,calendar_logistic_hurdle,3,551,551,30,0.0,1.4208392385834525,1.4208392385834525,0.8235294117647058
165,calendar_logistic_hurdle,4,581,581,30,0.0,0.22470520817269432,0.22470520817269432,0.7777777777777778
165,calendar_logistic_hurdle,5,611,611,30,4.0,0.0,4.0,0.7368421052631579
165,calendar_logistic_hurdle,6,641,641,30,0.0,3.266434967255936,3.266434967255936,0.9
165,calendar_logistic_hurdle,7,671,671,30,0.0,0.971118177374621,0.971118177374621,1.0476190476190477
165,calendar_logistic_hurdle,8,701,701,30,0.0,0.3503173857524027,0.3503173857524027,1.0
165,calendar_logistic_hurdle,9,731,731,30,0.0,0.0,0.0,0.9565217391304348
165,calendar_logistic_hurdle,10,761,761,30,1.0,0.0,1.0,0.9166666666666666
165,calendar_logistic_hurdle,11,791,791,30,0.0,1.4792263814520314,1.4792263814520314,0.92
167,calendar_logistic_hurdle,0,461,461,30,0.0,0.0,0.0,0.5714285714285714
167,calendar_logistic_hurdle,1,491,491,30,0.0,0.0,0.0,0.5333333333333333
167,calendar_logistic_hurdle,2,521,521,30,0.0,0.0,0.0,0.5
167,calendar_logistic_hurdle,3,551,551,30,0.0,0.0,0.0,0.47058823529411764
167,calendar_logistic_hurdle,4,581,581,30,0.0,0.0,0.0,0.4444444444444444
167,calendar_logistic_hurdle,5,611,611,30,0.0,0.0,0.0,0.42105263157894735
167,calendar_logistic_hurdle,6,641,641,30,0.0,0.0,0.0,0.4
167,calendar_logistic_hurdle,7,671,671,30,0.0,0.0,0.0,0.38095238095238093
167,calendar_logistic_hurdle,8,701,701,30,0.0,0.0,0.0,0.36363636363636365
167,calendar_logistic_hurdle,9,731,731,30,0.0,0.0,0.0,0.34782608695652173
167,calendar_logistic_hurdle,10,761,761,30,0.0,0.0,0.0,0.3333333333333333
167,calendar_logistic_hurdle,11,791,791,30,0.0,0.0,0.0,0.32
168,calendar_logistic_hurdle,0,461,461,30,0.0,0.0,0.0,0.0
168,calendar_logistic_hurdle,1,491,491,30,0.0,0.0,0.0,0.0
168,calendar_logistic_hurdle,2,521,521,30,0.0,0.0,0.0,0.0
168,calendar_logistic_hurdle,3,551,551,30,0.0,0.0,0.0,0.0
168,calendar_logistic_hurdle,4,581,581,30,0.0,0.0,0.0,0.0
168,calendar_logistic_hurdle,5,611,611,30,0.0,0.0,0.0,0.0
168,calendar_logistic_hurdle,6,641,641,30,0.0,0.0,0.0,0.0
168,calendar_logistic_hurdle,7,671,671,30,0.0,0.0,0.0,0.0
168,calendar_logistic_hurdle,8,701,701,30,0.0,0.0,0.0,0.0
168,calendar_logistic_hurdle,9,731,731,30,0.0,0.0,0.0,0.0
168,calendar_logistic_hurdle,10,761,761,30,11.0,0.0,11.0,0.0
168,calendar_logistic_hurdle,11,791,791,30,0.0,6.750733381543684,6.750733381543684,0.44
169,calendar_logistic_hurdle,0,461,461,30,0.0,0.0,0.0,0.0
169,calendar_logistic_hurdle,1,491,491,30,0.0,0.0,0.0,0.0
169,calendar_logistic_hurdle,2,521,521,30,0.0,0.0,0.0,0.0
169,calendar_logistic_hurdle,3,551,551,30,0.0,0.0,0.0,0.0
169,calendar_logistic_hurdle,4,581,581,30,0.0,0.0,0.0,0.0
169,calendar_logistic_hurdle,5,611,611,30,0.0,0.0,0.0,0.0
169,calendar_logistic_hurdle,6,641,641,30,0.0,0.0,0.0,0.0
169,calendar_logistic_hurdle,7,671,671,30,0.0,0.0,0.0,0.0
169,calendar_logistic_hurdle,8,701,701,30,0.0,0.0,0.0,0.0
169,calendar_logistic_hurdle,9,731,731,30,0.0,0.0,0.0,0.0
169,calendar_logistic_hurdle,10,761,761,30,17.0,0.0,17.0,0.0
169,calendar_logistic_hurdle,11,791,791,30,4.0,17.399767515382546,13.399767515382546,0.68
170,calendar_logistic_hurdle,0,461,461,30,0.0,0.0,0.0,0.0
170,calendar_logistic_hurdle,1,491,491,30,0.0,0.0,0.0,0.0
170,calendar_logistic_hurdle,2,521,521,30,0.0,0.0,0.0,0.0
170,calendar_logistic_hurdle,3,551,551,30,0.0,0.0,0.0,0.0
170,calendar_logistic_hurdle,4,581,581,30,0.0,0.0,0.0,0.0
170,calendar_logistic_hurdle,5,611,611,30,0.0,0.0,0.0,0.0
170,calendar_logistic_hurdle,6,641,641,30,0.0,0.0,0.0,0.0
170,calendar_logistic_hurdle,7,671,671,30,0.0,0.0,0.0,0.0
170,calendar_logistic_hurdle,8,701,701,30,0.0,0.0,0.0,0.0
170,calendar_logistic_hurdle,9,731,731,30,0.0,0.0,0.0,0.0
170,calendar_logistic_hurdle,10,761,761,30,28.0,0.0,28.0,0.0
170,calendar_logistic_hurdle,11,791,791,30,4.0,19.918196449353786,15.918196449353786,1.12
171,calendar_logistic_hurdle,0,461,461,30,0.0,0.0,0.0,0.0
171,calendar_logistic_hurdle,1,491,491,30,0.0,0.0,0.0,0.0
171,calendar_logistic_hurdle,2,521,521,30,1.0,0.0,1.0,0.0
171,calendar_logistic_hurdle,3,551,551,30,0.0,4.12086875826143,4.12086875826143,0.058823529411764705
171,calendar_logistic_hurdle,4,581,581,30,4.0,0.42704274418869875,3.572957255811301,0.1111111111111111
171,calendar_logistic_hurdle,5,611,611,30,25.0,4.000924610412422,20.999075389587578,0.3157894736842105
171,calendar_logistic_hurdle,6,641,641,30,0.0,26.046174608955443,26.046174608955443,1.35
171,calendar_logistic_hurdle,7,671,671,30,0.0,3.9063488534849875,3.9063488534849875,2.4761904761904763
171,calendar_logistic_hurdle,8,701,701,30,0.0,0.700894122485794,0.700894122485794,2.3636363636363638
171,calendar_logistic_hurdle,9,731,731,30,0.0,0.0,0.0,2.260869565217391
171,calendar_logistic_hurdle,10,761,761,30,0.0,0.0,0.0,2.1666666666666665
171,calendar_logistic_hurdle,11,791,791,30,0.0,0.0,0.0,2.08
173,calendar_logistic_hurdle,0,461,461,30,0.0,0.0,0.0,0.0
173,calendar_logistic_hurdle,1,491,491,30,0.0,0.0,0.0,0.0
173,calendar_logistic_hurdle,2,521,521,30,0.0,0.0,0.0,0.0
173,calendar_logistic_hurdle,3,551,551,30,0.0,0.0,0.0,0.0
173,calendar_logistic_hurdle,4,581,581,30,22.0,0.0,22.0,0.0
173,calendar_logistic_hurdle,5,611,611,30,23.0,13.14027278901005,9.85972721098995,1.1578947368421053
173,calendar_logistic_hurdle,6,641,641,30,5.0,40.50465136622181,35.50465136622181,1.15
173,calendar_logistic_hurdle,7,671,671,30,6.0,16.24699454719373,10.24699454719373,1.9523809523809523
173,calendar_logistic_hurdle,8,701,701,30,0.0,21.20983080879661,21.20983080879661,1.9090909090909092
173,calendar_logistic_hurdle,9,731,731,30,5.0,2.715765127327082,2.284234872672918,2.0869565217391304
173,calendar_logistic_hurdle,10,761,761,30,3.0,15.752243961106398,12.752243961106398,2.2083333333333335
173,calendar_logistic_hurdle,11,791,791,30,0.0,2.9530884066652745,2.9530884066652745,2.2
174,calendar_logistic_hurdle,0,461,461,30,0.0,0.0,0.0,0.0
174,calendar_logistic_hurdle,1,491,491,30,54.0,0.0,54.0,0.0
174,calendar_logistic_hurdle,2,521,521,30,52.0,73.42452694277911,21.42452694277911,3.375
174,calendar_logistic_hurdle,3,551,551,30,30.0,48.60644272369011,18.606442723690108,3.2941176470588234
174,calendar_logistic_hurdle,4,581,581,30,63.0,42.54103515859461,20.45896484140539,4.333333333333333
174,calendar_logistic_hurdle,5,611,611,30,110.0,18.833904352629247,91.16609564737075,5.842105263157895
174,calendar_logistic_hurdle,6,641,641,30,29.0,85.65502392193939,56.65502392193939,7.9
174,calendar_logistic_hurdle,7,671,671,30,30.0,72.56584781242677,42.56584781242677,11.380952380952381
174,calendar_logistic_hurdle,8,701,701,30,28.0,51.559954677056076,23.559954677056076,10.909090909090908
174,calendar_logistic_hurdle,9,731,731,30,32.0,29.85902796892211,2.14097203107789,10.521739130434783
174,calendar_logistic_hurdle,10,761,761,30,53.0,31.51176998805877,21.48823001194123,10.25
174,calendar_logistic_hurdle,11,791,791,30,14.0,36.59909543470313,22.59909543470313,10.68
178,calendar_logistic_hurdle,0,461,461,30,0.0,0.0,0.0,0.0
178,calendar_logistic_hurdle,1,491,491,30,0.0,0.0,0.0,0.0
178,calendar_logistic_hurdle,2,521,521,30,0.0,0.0,0.0,0.0
178,calendar_logistic_hurdle,3,551,551,30,0.0,0.0,0.0,0.0
178,calendar_logistic_hurdle,4,581,581,30,4.0,0.0,4.0,0.0
178,calendar_logistic_hurdle,5,611,611,30,0.0,3.720197408396329,3.720197408396329,0.21052631578947367
178,calendar_logistic_hurdle,6,641,641,30,1.0,0.6276625447789301,0.37233745522106987,0.4
178,calendar_logistic_hurdle,7,671,671,30,0.0,8.696607338659021,8.696607338659021,0.42857142857142855
178,calendar_logistic_hurdle,8,701,701,30,0.0,1.1469165002693629,1.1469165002693629,0.45454545454545453
178,calendar_logistic_hurdle,9,731,731,30,0.0,0.279799825031038,0.279799825031038,0.43478260869565216
178,calendar_logistic_hurdle,10,761,761,30,0.0,0.0,0.0,0.4166666666666667
178,calendar_logistic_hurdle,11,791,791,30,0.0,0.0,0.0,0.4
186,calendar_logistic_hurdle,0,461,461,30,0.0,0.5465853672640084,0.5465853672640084,1.0714285714285714
186,calendar_logistic_hurdle,1,491,491,30,0.0,0.0,0.0,1.0
186,calendar_logistic_hurdle,2,521,521,30,0.0,0.0,0.0,0.9375
186,calendar_logistic_hurdle,3,551,551,30,0.0,0.0,0.0,0.8823529411764706
186,calendar_logistic_hurdle,4,581,581,30,0.0,0.0,0.0,0.8333333333333334
186,calendar_logistic_hurdle,5,611,611,30,0.0,0.0,0.0,0.7894736842105263
186,calendar_logistic_hurdle,6,641,641,30,0.0,0.0,0.0,0.75
186,calendar_logistic_hurdle,7,671,671,30,0.0,0.0,0.0,0.7142857142857143
186,calendar_logistic_hurdle,8,701,701,30,0.0,0.0,0.0,0.6818181818181818
186,calendar_logistic_hurdle,9,731,731,30,0.0,0.0,0.0,0.6521739130434783
186,calendar_logistic_hurdle,10,761,761,30,0.0,0.0,0.0,0.625
186,calendar_logistic_hurdle,11,791,791,30,0.0,0.0,0.0,0.6
187,calendar_logistic_hurdle,0,461,461,30,0.0,0.0,0.0,0.0
187,calendar_logistic_hurdle,1,491,491,30,50.0,0.0,50.0,0.0
187,calendar_logistic_hurdle,2,521,521,30,75.0,80.78320606146329,5.783206061463289,3.125
187,calendar_logistic_hurdle,3,551,551,30,60.0,69.17839712587975,9.178397125879755,4.411764705882353
187,calendar_logistic_hurdle,4,581,581,30,74.0,56.48525942207991,17.514740577920087,5.0
187,calendar_logistic_hurdle,5,611,611,30,104.0,25.93516781980225,78.06483218019775,5.473684210526316
187,calendar_logistic_hurdle,6,641,641,30,67.0,97.99394713840063,30.993947138400628,6.7
187,calendar_logistic_hurdle,7,671,671,30,27.0,89.60859190966684,62.60859190966684,8.142857142857142
187,calendar_logistic_hurdle,8,701,701,30,36.0,59.09762878866545,23.097628788665453,9.590909090909092
187,calendar_logistic_hurdle,9,731,731,30,42.0,44.55895503662384,2.5589550366238427,9.565217391304348
187,calendar_logistic_hurdle,10,761,761,30,62.0,41.29324904798758,20.70675095201242,9.416666666666666
187,calendar_logistic_hurdle,11,791,791,30,16.0,49.74362843259473,33.74362843259473,9.84
188,calendar_logistic_hurdle,0,461,461,30,19.0,27.202598151769692,8.202598151769692,18.714285714285715
188,calendar_logistic_hurdle,1,491,491,30,31.0,38.27174609745824,7.271746097458241,18.066666666666666
188,calendar_logistic_hurdle,2,521,521,30,18.0,33.6605403731168,15.660540373116802,17.6875
188,calendar_logistic_hurdle,3,551,551,30,31.0,24.156410833696075,6.843589166303925,17.41176470588235
188,calendar_logistic_hurdle,4,581,581,30,35.0,24.638920681555902,10.361079318444098,17.166666666666668
188,calendar_logistic_hurdle,5,611,611,30,37.0,14.59624061368098,22.40375938631902,16.473684210526315
188,calendar_logistic_hurdle,6,641,641,30,17.0,38.763939677925926,21.763939677925926,15.75
188,calendar_logistic_hurdle,7,671,671,30,10.0,28.812762397982027,18.812762397982027,15.952380952380953
188,calendar_logistic_hurdle,8,701,701,30,13.0,21.003550198671444,8.003550198671444,15.545454545454545
188,calendar_logistic_hurdle,9,731,731,30,6.0,15.195262305104205,9.195262305104205,15.0
188,calendar_logistic_hurdle,10,761,761,30,24.0,15.65160310928184,8.34839689071816,14.666666666666666
188,calendar_logistic_hurdle,11,791,791,30,2.0,17.30096744374695,15.300967443746949,14.8
190,calendar_logistic_hurdle,0,461,461,30,227.0,49.28793420731697,177.71206579268303,3.857142857142857
190,calendar_logistic_hurdle,1,491,491,30,67.0,145.58150563609578,78.58150563609578,15.133333333333333
190,calendar_logistic_hurdle,2,521,521,30,0.0,80.71333556903977,80.71333556903977,24.1875
190,calendar_logistic_hurdle,3,551,551,30,0.0,17.164894774879667,17.164894774879667,26.705882352941178
190,calendar_logistic_hurdle,4,581,581,30,0.0,0.9591640433198725,0.9591640433198725,25.22222222222222
190,calendar_logistic_hurdle,5,611,611,30,0.0,0.0,0.0,23.894736842105264
190,calendar_logistic_hurdle,6,641,641,30,0.0,0.0,0.0,22.7
190,calendar_logistic_hurdle,7,671,671,30,0.0,0.0,0.0,21.61904761904762
190,calendar_logistic_hurdle,8,701,701,30,0.0,0.0,0.0,20.636363636363637
190,calendar_logistic_hurdle,9,731,731,30,0.0,0.0,0.0,19.73913043478261
190,calendar_logistic_hurdle,10,761,761,30,0.0,0.0,0.0,18.916666666666668
190,calendar_logistic_hurdle,11,791,791,30,0.0,0.0,0.0,18.16
191,calendar_logistic_hurdle,0,461,461,30,0.0,0.0,0.0,0.0
191,calendar_logistic_hurdle,1,491,491,30,2.0,0.0,2.0,0.0
191,calendar_logistic_hurdle,2,521,521,30,0.0,15.906627285041267,15.906627285041267,0.125
191,calendar_logistic_hurdle,3,551,551,30,16.0,2.8179227700652962,13.182077229934704,0.23529411764705882
191,calendar_logistic_hurdle,4,581,581,30,0.0,16.918496789857908,16.918496789857908,1.1111111111111112
191,calendar_logistic_hurdle,5,611,611,30,0.0,4.660066147746537,4.660066147746537,1.894736842105263
191,calendar_logistic_hurdle,6,641,641,30,0.0,1.043154821359348,1.043154821359348,1.8
191,calendar_logistic_hurdle,7,671,671,30,0.0,0.0,0.0,1.7142857142857142
191,calendar_logistic_hurdle,8,701,701,30,0.0,0.0,0.0,1.6363636363636365
191,calendar_logistic_hurdle,9,731,731,30,0.0,0.0,0.0,1.565217391304348
191,calendar_logistic_hurdle,10,761,761,30,0.0,0.0,0.0,1.5
191,calendar_logistic_hurdle,11,791,791,30,0.0,0.0,0.0,1.44
192,calendar_logistic_hurdle,0,461,461,30,0.0,0.0,0.0,0.0
192,calendar_logistic_hurdle,1,491,491,30,58.0,0.0,58.0,0.0
192,calendar_logistic_hurdle,2,521,521,30,60.0,162.88774851737278,102.88774851737278,3.625
192,calendar_logistic_hurdle,3,551,551,30,51.0,70.22981059621958,19.22981059621958,3.5294117647058822
192,calendar_logistic_hurdle,4,581,581,30,74.0,48.31132701568355,25.688672984316447,3.8333333333333335
192,calendar_logistic_hurdle,5,611,611,30,65.0,22.870283630910684,42.129716369089316,4.842105263157895
192,calendar_logistic_hurdle,6,641,641,30,64.0,72.00146452764461,8.001464527644615,5.05
192,calendar_logistic_hurdle,7,671,671,30,20.0,71.9145255154321,51.9145255154321,4.857142857142857
192,calendar_logistic_hurdle,8,701,701,30,32.0,40.02985890322351,8.029858903223513,6.636363636363637
192,calendar_logistic_hurdle,9,731,731,30,41.0,41.5737478153899,0.5737478153899005,6.869565217391305
192,calendar_logistic_hurdle,10,761,761,30,128.0,32.39777217553165,95.60222782446834,6.958333333333333
192,calendar_logistic_hurdle,11,791,791,30,15.0,67.14219171436258,52.14219171436258,10.16
193,calendar_logistic_hurdle,0,461,461,30,1.0,0.796847305896289,0.20315269410371095,2.857142857142857
193,calendar_logistic_hurdle,1,491,491,30,0.0,4.379049115939596,4.379049115939596,2.7333333333333334
193,calendar_logistic_hurdle,2,521,521,30,0.0,1.1146232884802874,1.1146232884802874,2.625
193,calendar_logistic_hurdle,3,551,551,30,0.0,0.47172462572488455,0.47172462572488455,2.4705882352941178
193,calendar_logistic_hurdle,4,581,581,30,0.0,0.0,0.0,2.3333333333333335
193,calendar_logistic_hurdle,5,611,611,30,0.0,0.0,0.0,2.210526315789474
193,calendar_logistic_hurdle,6,641,641,30,0.0,0.0,0.0,2.1
193,calendar_logistic_hurdle,7,671,671,30,0.0,0.0,0.0,2.0
193,calendar_logistic_hurdle,8,701,701,30,0.0,0.0,0.0,1.9090909090909092
193,calendar_logistic_hurdle,9,731,731,30,0.0,0.0,0.0,1.826086956521739
193,calendar_logistic_hurdle,10,761,761,30,0.0,0.0,0.0,1.75
193,calendar_logistic_hurdle,11,791,791,30,0.0,0.0,0.0,1.68
195,calendar_logistic_hurdle,0,461,461,30,4.0,8.351046733496341,4.351046733496341,0.21428571428571427
195,calendar_logistic_hurdle,1,491,491,30,13.0,5.230777994325633,7.769222005674367,0.26666666666666666
195,calendar_logistic_hurdle,2,521,521,30,5.0,11.043797474639707,6.043797474639707,0.8125
195,calendar_logistic_hurdle,3,551,551,30,3.0,9.123948625577102,6.123948625577102,1.2352941176470589
195,calendar_logistic_hurdle,4,581,581,30,1.0,5.701060197908722,4.701060197908722,1.2777777777777777
195,calendar_logistic_hurdle,5,611,611,30,16.0,2.2405020491250056,13.759497950874994,1.3157894736842106
195,calendar_logistic_hurdle,6,641,641,30,18.0,9.686171486814887,8.313828513185113,2.0
195,calendar_logistic_hurdle,7,671,671,30,7.0,9.190526028462571,2.190526028462571,2.0
195,calendar_logistic_hurdle,8,701,701,30,8.0,9.704340093353249,1.7043400933532489,2.409090909090909
195,calendar_logistic_hurdle,9,731,731,30,8.0,8.540876644763884,0.540876644763884,2.347826086956522
195,calendar_logistic_hurdle,10,761,761,30,17.0,8.655389993086802,8.344610006913198,2.25
195,calendar_logistic_hurdle,11,791,791,30,6.0,8.920126452498963,2.9201264524989625,2.52
198,calendar_logistic_hurdle,0,461,461,30,4.0,1.331943273624666,2.668056726375334,0.5
198,calendar_logistic_hurdle,1,491,491,30,0.0,4.190986774006303,4.190986774006303,0.6666666666666666
198,calendar_logistic_hurdle,2,521,521,30,3.0,0.9828675115295054,2.0171324884704944,0.875
198,calendar_logistic_hurdle,3,551,551,30,1.0,3.433744486922826,2.433744486922826,1.0
198,calendar_logistic_hurdle,4,581,581,30,3.0,0.6434550723987671,2.3565449276012327,1.0555555555555556
198,calendar_logistic_hurdle,5,611,611,30,0.0,2.197248315888415,2.197248315888415,1.105263157894737
198,calendar_logistic_hurdle,6,641,641,30,1.0,0.7097654642499645,0.29023453575003555,1.2
198,calendar_logistic_hurdle,7,671,671,30,0.0,1.8630071594092155,1.8630071594092155,1.1904761904761905
198,calendar_logistic_hurdle,8,701,701,30,0.0,0.3857299049371246,0.3857299049371246,1.1818181818181819
198,calendar_logistic_hurdle,9,731,731,30,1.0,0.35508896063021916,0.6449110393697808,1.1304347826086956
198,calendar_logistic_hurdle,10,761,761,30,1.0,3.8062843610168096,2.8062843610168096,1.125
198,calendar_logistic_hurdle,11,791,791,30,0.0,3.177919204098463,3.177919204098463,1.08
205,calendar_logistic_hurdle,0,461,461,30,36.0,20.998296592834407,15.001703407165593,12.071428571428571
205,calendar_logistic_hurdle,1,491,491,30,27.0,25.14526865299447,1.8547313470055293,13.2
205,calendar_logistic_hurdle,2,521,521,30,15.0,23.202561294624275,8.202561294624275,12.9375
205,calendar_logistic_hurdle,3,551,551,30,8.0,21.370083300779413,13.370083300779413,12.882352941176471
205,calendar_logistic_hurdle,4,581,581,30,30.0,13.066324324158327,16.933675675841673,12.555555555555555
205,calendar_logistic_hurdle,5,611,611,30,8.0,12.329048130121096,4.329048130121096,13.052631578947368
205,calendar_logistic_hurdle,6,641,641,30,20.0,27.047752566311186,7.0477525663111855,13.5
205,calendar_logistic_hurdle,7,671,671,30,1.0,22.882736984880044,21.882736984880044,13.428571428571429
205,calendar_logistic_hurdle,8,701,701,30,7.0,10.00965793614993,3.00965793614993,13.681818181818182
205,calendar_logistic_hurdle,9,731,731,30,15.0,16.711707304571483,1.7117073045714832,13.347826086956522
205,calendar_logistic_hurdle,10,761,761,30,7.0,17.500469923166904,10.500469923166904,13.125
205,calendar_logistic_hurdle,11,791,791,30,0.0,12.425669429953707,12.425669429953707,12.92
206,calendar_logistic_hurdle,0,461,461,30,0.0,0.0,0.0,0.0
206,calendar_logistic_hurdle,1,491,491,30,0.0,0.0,0.0,0.0
206,calendar_logistic_hurdle,2,521,521,30,0.0,0.0,0.0,0.0
206,calendar_logistic_hurdle,3,551,551,30,0.0,0.0,0.0,0.0
206,calendar_logistic_hurdle,4,581,581,30,0.0,0.0,0.0,0.0
206,calendar_logistic_hurdle,5,611,611,30,0.0,0.0,0.0,0.0
206,calendar_logistic_hurdle,6,641,641,30,3.0,0.0,3.0,0.0
206,calendar_logistic_hurdle,7,671,671,30,11.0,6.963102108337715,4.036897891662285,0.14285714285714285
206,calendar_logistic_hurdle,8,701,701,30,14.0,11.517678602970044,2.4823213970299562,0.5
206,calendar_logistic_hurdle,9,731,731,30,23.0,8.372605189635214,14.627394810364786,0.6086956521739131
206,calendar_logistic_hurdle,10,761,761,30,18.0,16.319086271698755,1.6809137283012454,0.9583333333333334
206,calendar_logistic_hurdle,11,791,791,30,4.0,17.246374899835388,13.246374899835388,1.12
207,calendar_logistic_hurdle,0,461,461,30,0.0,0.0,0.0,0.0
207,calendar_logistic_hurdle,1,491,491,30,0.0,0.0,0.0,0.0
207,calendar_logistic_hurdle,2,521,521,30,0.0,0.0,0.0,0.0
207,calendar_logistic_hurdle,3,551,551,30,0.0,0.0,0.0,0.0
207,calendar_logistic_hurdle,4,581,581,30,0.0,0.0,0.0,0.0
207,calendar_logistic_hurdle,5,611,611,30,18.0,0.0,18.0,0.0
207,calendar_logistic_hurdle,6,641,641,30,36.0,4.8207439270443135,31.17925607295569,0.9
207,calendar_logistic_hurdle,7,671,671,30,17.0,42.64831920536502,25.64831920536502,1.7142857142857142
207,calendar_logistic_hurdle,8,701,701,30,5.0,29.660437891135892,24.660437891135892,2.5
207,calendar_logistic_hurdle,9,731,731,30,17.0,18.857031216741593,1.8570312167415928,2.9130434782608696
207,calendar_logistic_hurdle,10,761,761,30,9.0,15.824415860559565,6.824415860559565,3.2916666666666665
207,calendar_logistic_hurdle,11,791,791,30,1.0,15.784719073303048,14.784719073303048,3.48
209,calendar_logistic_hurdle,0,461,461,30,0.0,0.0,0.0,27.214285714285715
209,calendar_logistic_hurdle,1,491,491,30,0.0,0.0,0.0,25.4
209,calendar_logistic_hurdle,2,521,521,30,0.0,0.0,0.0,23.8125
209,calendar_logistic_hurdle,3,551,551,30,0.0,0.0,0.0,22.41176470588235
209,calendar_logistic_hurdle,4,581,581,30,0.0,0.0,0.0,21.166666666666668
209,calendar_logistic_hurdle,5,611,611,30,0.0,0.0,0.0,20.05263157894737
209,calendar_logistic_hurdle,6,641,641,30,0.0,0.0,0.0,19.05
209,calendar_logistic_hurdle,7,671,671,30,0.0,0.0,0.0,18.142857142857142
209,calendar_logistic_hurdle,8,701,701,30,0.0,0.0,0.0,17.318181818181817
209,calendar_logistic_hurdle,9,731,731,30,0.0,0.0,0.0,16.565217391304348
209,calendar_logistic_hurdle,10,761,761,30,0.0,0.0,0.0,15.875
209,calendar_logistic_hurdle,11,791,791,30,0.0,0.0,0.0,15.24
210,calendar_logistic_hurdle,0,461,461,30,0.0,23.672542240817727,23.672542240817727,23.642857142857142
210,calendar_logistic_hurdle,1,491,491,30,0.0,4.258524515897641,4.258524515897641,22.266666666666666
210,calendar_logistic_hurdle,2,521,521,30,0.0,0.4905840024974204,0.4905840024974204,20.875
210,calendar_logistic_hurdle,3,551,551,30,0.0,0.0,0.0,19.647058823529413
210,calendar_logistic_hurdle,4,581,581,30,0.0,0.0,0.0,18.555555555555557
210,calendar_logistic_hurdle,5,611,611,30,0.0,0.0,0.0,17.57894736842105
210,calendar_logistic_hurdle,6,641,641,30,0.0,0.0,0.0,16.7
210,calendar_logistic_hurdle,7,671,671,30,0.0,0.0,0.0,15.904761904761905
210,calendar_logistic_hurdle,8,701,701,30,0.0,0.0,0.0,15.181818181818182
210,calendar_logistic_hurdle,9,731,731,30,0.0,0.0,0.0,14.521739130434783
210,calendar_logistic_hurdle,10,761,761,30,0.0,0.0,0.0,13.916666666666666
210,calendar_logistic_hurdle,11,791,791,30,0.0,0.0,0.0,13.36
211,calendar_logistic_hurdle,0,461,461,30,0.0,11.424071222259741,11.424071222259741,6.928571428571429
211,calendar_logistic_hurdle,1,491,491,30,0.0,3.2356470566322892,3.2356470566322892,6.666666666666667
211,calendar_logistic_hurdle,2,521,521,30,0.0,1.1216600053572239,1.1216600053572239,6.25
211,calendar_logistic_hurdle,3,551,551,30,0.0,0.0,0.0,5.882352941176471
211,calendar_logistic_hurdle,4,581,581,30,0.0,0.0,0.0,5.555555555555555
211,calendar_logistic_hurdle,5,611,611,30,0.0,0.0,0.0,5.2631578947368425
211,calendar_logistic_hurdle,6,641,641,30,0.0,0.0,0.0,5.0
211,calendar_logistic_hurdle,7,671,671,30,0.0,0.0,0.0,4.761904761904762
211,calendar_logistic_hurdle,8,701,701,30,0.0,0.0,0.0,4.545454545454546
211,calendar_logistic_hurdle,9,731,731,30,0.0,0.0,0.0,4.3478260869565215
211,calendar_logistic_hurdle,10,761,761,30,0.0,0.0,0.0,4.166666666666667
211,calendar_logistic_hurdle,11,791,791,30,0.0,0.0,0.0,4.0
212,calendar_logistic_hurdle,0,461,461,30,156.0,25.086536557961548,130.91346344203845,1.1428571428571428
212,calendar_logistic_hurdle,1,491,491,30,43.0,80.01028128866176,37.01028128866176,10.4
212,calendar_logistic_hurdle,2,521,521,30,40.0,70.43713535638061,30.437135356380608,16.8125
212,calendar_logistic_hurdle,3,551,551,30,83.0,71.16085560352847,11.839144396471525,16.0
212,calendar_logistic_hurdle,4,581,581,30,42.0,32.39259224527848,9.607407754721521,17.5
212,calendar_logistic_hurdle,5,611,611,30,3.0,23.813850473513142,20.813850473513142,18.736842105263158
212,calendar_logistic_hurdle,6,641,641,30,1.0,51.24398017386504,50.24398017386504,19.75
212,calendar_logistic_hurdle,7,671,671,30,0.0,32.085411425548436,32.085411425548436,18.904761904761905
212,calendar_logistic_hurdle,8,701,701,30,53.0,1.2800303377084845,51.71996966229152,18.09090909090909
212,calendar_logistic_hurdle,9,731,731,30,181.0,32.048290775549575,148.95170922445044,19.608695652173914
212,calendar_logistic_hurdle,10,761,761,30,14.0,77.24515777503497,63.24515777503497,24.125
212,calendar_logistic_hurdle,11,791,791,30,1.0,60.70881492728576,59.70881492728576,29.84
213,calendar_logistic_hurdle,0,461,461,30,0.0,1.9839791212453384,1.9839791212453384,7.285714285714286
213,calendar_logistic_hurdle,1,491,491,30,0.0,0.0,0.0,6.8
213,calendar_logistic_hurdle,2,521,521,30,0.0,0.0,0.0,6.375
213,calendar_logistic_hurdle,3,551,551,30,0.0,0.0,0.0,6.0
213,calendar_logistic_hurdle,4,581,581,30,0.0,0.0,0.0,5.666666666666667
213,calendar_logistic_hurdle,5,611,611,30,0.0,0.0,0.0,5.368421052631579
213,calendar_logistic_hurdle,6,641,641,30,0.0,0.0,0.0,5.1
213,calendar_logistic_hurdle,7,671,671,30,0.0,0.0,0.0,4.857142857142857
213,calendar_logistic_hurdle,8,701,701,30,0.0,0.0,0.0,4.636363636363637
213,calendar_logistic_hurdle,9,731,731,30,0.0,0.0,0.0,4.434782608695652
213,calendar_logistic_hurdle,10,761,761,30,0.0,0.0,0.0,4.25
213,calendar_logistic_hurdle,11,791,791,30,0.0,0.0,0.0,4.08
215,calendar_logistic_hurdle,0,461,461,30,1046.0,163.21133449725792,882.7886655027421,65.64285714285714
215,calendar_logistic_hurdle,1,491,491,30,506.0,559.1745209959408,53.17452099594084,109.53333333333333
215,calendar_logistic_hurdle,2,521,521,30,432.0,645.1203508565878,213.12035085658783,136.4375
215,calendar_logistic_hurdle,3,551,551,30,338.0,481.15005956262104,143.15005956262104,132.76470588235293
215,calendar_logistic_hurdle,4,581,581,30,588.0,326.4624239130008,261.5375760869992,130.61111111111111
215,calendar_logistic_hurdle,5,611,611,30,751.0,168.0011203379816,582.9988796620185,136.89473684210526
215,calendar_logistic_hurdle,6,641,641,30,314.0,731.6697958741263,417.6697958741263,138.2
215,calendar_logistic_hurdle,7,671,671,30,171.0,558.5782923400529,387.57829234005294,152.42857142857142
215,calendar_logistic_hurdle,8,701,701,30,114.0,344.6730210478763,230.67302104787632,152.0
215,calendar_logistic_hurdle,9,731,731,30,228.0,172.65293343296054,55.34706656703946,147.8695652173913
215,calendar_logistic_hurdle,10,761,761,30,385.0,161.32331091961439,223.67668908038561,146.45833333333334
215,calendar_logistic_hurdle,11,791,791,30,1.0,221.01629638793682,220.01629638793682,146.88
216,calendar_logistic_hurdle,0,461,461,30,0.0,1.7394333720881694,1.7394333720881694,32.5
216,calendar_logistic_hurdle,1,491,491,30,0.0,0.0,0.0,30.333333333333332
216,calendar_logistic_hurdle,2,521,521,30,0.0,0.0,0.0,28.4375
216,calendar_logistic_hurdle,3,551,551,30,0.0,0.0,0.0,26.764705882352942
216,calendar_logistic_hurdle,4,581,581,30,0.0,0.0,0.0,25.27777777777778
216,calendar_logistic_hurdle,5,611,611,30,0.0,0.0,0.0,23.94736842105263
216,calendar_logistic_hurdle,6,641,641,30,0.0,0.0,0.0,22.75
216,calendar_logistic_hurdle,7,671,671,30,0.0,0.0,0.0,21.666666666666668
216,calendar_logistic_hurdle,8,701,701,30,0.0,0.0,0.0,20.681818181818183
216,calendar_logistic_hurdle,9,731,731,30,0.0,0.0,0.0,19.782608695652176
216,calendar_logistic_hurdle,10,761,761,30,0.0,0.0,0.0,18.958333333333332
216,calendar_logistic_hurdle,11,791,791,30,0.0,0.0,0.0,18.2
220,calendar_logistic_hurdle,0,461,461,30,0.0,0.0,0.0,0.0
220,calendar_logistic_hurdle,1,491,491,30,0.0,0.0,0.0,0.0
220,calendar_logistic_hurdle,2,521,521,30,0.0,0.0,0.0,0.0
220,calendar_logistic_hurdle,3,551,551,30,0.0,0.0,0.0,0.0
220,calendar_logistic_hurdle,4,581,581,30,0.0,0.0,0.0,0.0
220,calendar_logistic_hurdle,5,611,611,30,99.0,0.0,99.0,0.0
220,calendar_logistic_hurdle,6,641,641,30,37.0,178.23231793211264,141.23231793211264,4.95
220,calendar_logistic_hurdle,7,671,671,30,27.0,77.32952304630186,50.32952304630186,7.666666666666667
220,calendar_logistic_hurdle,8,701,701,30,26.0,63.08675805234658,37.08675805234658,7.7727272727272725
220,calendar_logistic_hurdle,9,731,731,30,11.0,30.40867843530315,19.40867843530315,7.478260869565218
220,calendar_logistic_hurdle,10,761,761,30,0.0,21.00621881309142,21.00621881309142,7.791666666666667
220,calendar_logistic_hurdle,11,791,791,30,0.0,3.271093431381746,3.271093431381746,7.92
221,calendar_logistic_hurdle,0,461,461,30,85.0,87.75425154137046,2.754251541370465,15.357142857142858
221,calendar_logistic_hurdle,1,491,491,30,66.0,83.70289615539536,17.702896155395365,18.066666666666666
221,calendar_logistic_hurdle,2,521,521,30,42.0,60.21463161440625,18.21463161440625,18.125
221,calendar_logistic_hurdle,3,551,551,30,10.0,54.95650736473802,44.95650736473802,18.470588235294116
221,calendar_logistic_hurdle,4,581,581,30,2.0,27.40247772589377,25.40247772589377,19.22222222222222
221,calendar_logistic_hurdle,5,611,611,30,0.0,16.11579814519361,16.11579814519361,18.63157894736842
221,calendar_logistic_hurdle,6,641,641,30,0.0,1.7028758313536094,1.7028758313536094,17.8
221,calendar_logistic_hurdle,7,671,671,30,0.0,0.2940150371420578,0.2940150371420578,16.952380952380953
221,calendar_logistic_hurdle,8,701,701,30,0.0,0.0,0.0,16.181818181818183
221,calendar_logistic_hurdle,9,731,731,30,0.0,0.0,0.0,15.478260869565217
221,calendar_logistic_hurdle,10,761,761,30,0.0,0.0,0.0,14.833333333333334
221,calendar_logistic_hurdle,11,791,791,30,0.0,0.0,0.0,14.24
222,calendar_logistic_hurdle,0,461,461,30,0.0,0.0,0.0,0.0
222,calendar_logistic_hurdle,1,491,491,30,0.0,0.0,0.0,0.0
222,calendar_logistic_hurdle,2,521,521,30,0.0,0.0,0.0,0.0
222,calendar_logistic_hurdle,3,551,551,30,0.0,0.0,0.0,0.0
222,calendar_logistic_hurdle,4,581,581,30,0.0,0.0,0.0,0.0
222,calendar_logistic_hurdle,5,611,611,30,25.0,0.0,25.0,0.0
222,calendar_logistic_hurdle,6,641,641,30,22.0,57.93973235793649,35.93973235793649,1.25
222,calendar_logistic_hurdle,7,671,671,30,11.0,21.590706668559008,10.590706668559008,1.3333333333333333
222,calendar_logistic_hurdle,8,701,701,30,17.0,24.739720331901967,7.739720331901967,1.7727272727272727
222,calendar_logistic_hurdle,9,731,731,30,21.0,15.960182431044919,5.0398175689550815,1.9565217391304348
222,calendar_logistic_hurdle,10,761,761,30,0.0,13.030753792401985,13.030753792401985,2.0416666666666665
222,calendar_logistic_hurdle,11,791,791,30,0.0,2.0609758570060244,2.0609758570060244,2.8
224,calendar_logistic_hurdle,0,461,461,30,7.0,0.0,7.0,0.0
224,calendar_logistic_hurdle,1,491,491,30,19.0,27.742238513672785,8.742238513672785,0.4666666666666667
224,calendar_logistic_hurdle,2,521,521,30,29.0,19.177674155330397,9.822325844669603,1.1875
224,calendar_logistic_hurdle,3,551,551,30,18.0,21.57991150717539,3.579911507175389,1.7058823529411764
224,calendar_logistic_hurdle,4,581,581,30,1.0,17.46778121096481,16.46778121096481,2.2222222222222223
224,calendar_logistic_hurdle,5,611,611,30,35.0,6.666271350607945,28.333728649392054,3.0
224,calendar_logistic_hurdle,6,641,641,30,20.0,34.24819254033631,14.248192540336312,4.55
224,calendar_logistic_hurdle,7,671,671,30,12.0,28.020158968216933,16.020158968216933,5.0476190476190474
224,calendar_logistic_hurdle,8,701,701,30,11.0,27.08284149359462,16.08284149359462,5.181818181818182
224,calendar_logistic_hurdle,9,731,731,30,19.0,13.99887055137933,5.00112944862067,5.0
224,calendar_logistic_hurdle,10,761,761,30,46.0,13.50097393473971,32.49902606526029,5.125
224,calendar_logistic_hurdle,11,791,791,30,0.0,8.660132025721747,8.660132025721747,6.0
225,calendar_logistic_hurdle,0,461,461,30,0.0,0.0,0.0,0.0
225,calendar_logistic_hurdle,1,491,491,30,0.0,0.0,0.0,0.0
225,calendar_logistic_hurdle,2,521,521,30,0.0,0.0,0.0,0.0
225,calendar_logistic_hurdle,3,551,551,30,1.0,0.0,1.0,0.0
225,calendar_logistic_hurdle,4,581,581,30,2.0,1.37601869260542,0.6239813073945799,0.05555555555555555
225,calendar_logistic_hurdle,5,611,611,30,2.0,2.8571530802447254,0.8571530802447254,0.10526315789473684
225,calendar_logistic_hurdle,6,641,641,30,0.0,5.324610832869589,5.324610832869589,0.1
225,calendar_logistic_hurdle,7,671,671,30,0.0,0.932205231531773,0.932205231531773,0.19047619047619047
225,calendar_logistic_hurdle,8,701,701,30,1.0,0.19411856493047383,0.8058814350695261,0.18181818181818182
225,calendar_logistic_hurdle,9,731,731,30,2.0,2.165999254756606,0.16599925475660582,0.21739130434782608
225,calendar_logistic_hurdle,10,761,761,30,0.0,1.8602486641656217,1.8602486641656217,0.25
225,calendar_logistic_hurdle,11,791,791,30,0.0,0.35692514740132175,0.35692514740132175,0.32
226,calendar_logistic_hurdle,0,461,461,30,1.0,0.0,1.0,2.5714285714285716
226,calendar_logistic_hurdle,1,491,491,30,0.0,4.04639640734694,4.04639640734694,2.466666666666667
226,calendar_logistic_hurdle,2,521,521,30,1.0,0.713411369337804,0.286588630662196,2.375
226,calendar_logistic_hurdle,3,551,551,30,0.0,2.405348932478751,2.405348932478751,2.2941176470588234
226,calendar_logistic_hurdle,4,581,581,30,0.0,0.352251051172278,0.352251051172278,2.2222222222222223
226,calendar_logistic_hurdle,5,611,611,30,0.0,0.27056529278530517,0.27056529278530517,2.1052631578947367
226,calendar_logistic_hurdle,6,641,641,30,0.0,0.0,0.0,2.0
226,calendar_logistic_hurdle,7,671,671,30,0.0,0.0,0.0,1.9047619047619047
226,calendar_logistic_hurdle,8,701,701,30,0.0,0.0,0.0,1.8181818181818181
226,calendar_logistic_hurdle,9,731,731,30,0.0,0.0,0.0,1.7391304347826086
226,calendar_logistic_hurdle,10,761,761,30,0.0,0.0,0.0,1.6666666666666667
226,calendar_logistic_hurdle,11,791,791,30,0.0,0.0,0.0,1.6
227,calendar_logistic_hurdle,0,461,461,30,68.0,84.35054104894671,16.35054104894671,19.357142857142858
227,calendar_logistic_hurdle,1,491,491,30,58.0,71.96413561259374,13.964135612593736,19.066666666666666
227,calendar_logistic_hurdle,2,521,521,30,38.0,60.585648262282795,22.585648262282795,18.5
227,calendar_logistic_hurdle,3,551,551,30,41.0,47.44985974672979,6.449859746729793,18.58823529411765
227,calendar_logistic_hurdle,4,581,581,30,15.0,29.864063097387092,14.864063097387092,17.72222222222222
227,calendar_logistic_hurdle,5,611,611,30,57.0,19.77396551652177,37.22603448347823,18.157894736842106
227,calendar_logistic_hurdle,6,641,641,30,44.0,49.82430810751384,5.824308107513843,19.35
227,calendar_logistic_hurdle,7,671,671,30,27.0,48.55445636728856,21.55445636728856,19.047619047619047
227,calendar_logistic_hurdle,8,701,701,30,22.0,46.119908043266975,24.119908043266975,18.954545454545453
227,calendar_logistic_hurdle,9,731,731,30,40.0,34.57679294390863,5.423207056091371,18.347826086956523
227,calendar_logistic_hurdle,10,761,761,30,51.0,42.27773182899485,8.722268171005148,18.333333333333332
227,calendar_logistic_hurdle,11,791,791,30,19.0,41.73659475768771,22.736594757687712,18.04
228,calendar_logistic_hurdle,0,461,461,30,115.0,157.18685113103015,42.18685113103015,39.214285714285715
228,calendar_logistic_hurdle,1,491,491,30,129.0,142.61664013641916,13.616640136419164,37.266666666666666
228,calendar_logistic_hurdle,2,521,521,30,75.0,126.88896887618868,51.888968876188684,35.8125
228,calendar_logistic_hurdle,3,551,551,30,74.0,92.10157136429916,18.10157136429916,36.88235294117647
228,calendar_logistic_hurdle,4,581,581,30,44.0,60.08635859628356,16.08635859628356,34.888888888888886
228,calendar_logistic_hurdle,5,611,611,30,108.0,37.991191628930224,70.00880837106978,34.63157894736842
228,calendar_logistic_hurdle,6,641,641,30,55.0,101.00431622307632,46.004316223076316,36.1
228,calendar_logistic_hurdle,7,671,671,30,47.0,78.78717921518127,31.78717921518127,36.904761904761905
228,calendar_logistic_hurdle,8,701,701,30,21.0,76.72486822674081,55.72486822674081,35.59090909090909
228,calendar_logistic_hurdle,9,731,731,30,59.0,54.226541948289736,4.773458051710264,35.17391304347826
228,calendar_logistic_hurdle,10,761,761,30,89.0,56.17819405566434,32.82180594433566,35.291666666666664
228,calendar_logistic_hurdle,11,791,791,30,33.0,59.69448048705233,26.69448048705233,35.08
229,calendar_logistic_hurdle,0,461,461,30,172.0,226.51860831270056,54.518608312700565,60.357142857142854
229,calendar_logistic_hurdle,1,491,491,30,198.0,193.45887300577408,4.54112699422592,60.4
229,calendar_logistic_hurdle,2,521,521,30,98.0,172.247030615796,74.247030615796,58.25
229,calendar_logistic_hurdle,3,551,551,30,100.0,132.33910535355375,32.33910535355375,60.705882352941174
229,calendar_logistic_hurdle,4,581,581,30,30.0,106.90700872476933,76.90700872476933,57.44444444444444
229,calendar_logistic_hurdle,5,611,611,30,82.0,42.512838082019485,39.487161917980515,58.10526315789474
229,calendar_logistic_hurdle,6,641,641,30,71.0,88.83046452293965,17.83046452293965,57.8
229,calendar_logistic_hurdle,7,671,671,30,46.0,64.26712848403467,18.26712848403467,55.57142857142857
229,calendar_logistic_hurdle,8,701,701,30,47.0,64.53871711919128,17.538717119191276,54.18181818181818
229,calendar_logistic_hurdle,9,731,731,30,88.0,59.91300650471082,28.086993495289178,51.869565217391305
229,calendar_logistic_hurdle,10,761,761,30,124.0,70.70391844378722,53.29608155621278,51.416666666666664
229,calendar_logistic_hurdle,11,791,791,30,16.0,84.2966348155598,68.2966348155598,50.8
231,calendar_logistic_hurdle,0,461,461,30,0.0,0.0,0.0,0.0
231,calendar_logistic_hurdle,1,491,491,30,17.0,0.0,17.0,0.0
231,calendar_logistic_hurdle,2,521,521,30,15.0,15.683700489811729,0.6837004898117289,1.0625
231,calendar_logistic_hurdle,3,551,551,30,18.0,13.451123178908404,4.548876821091596,1.1176470588235294
231,calendar_logistic_hurdle,4,581,581,30,20.0,12.110822821344012,7.889177178655988,1.2222222222222223
231,calendar_logistic_hurdle,5,611,611,30,10.0,8.46812237476052,1.5318776252394795,1.263157894736842
231,calendar_logistic_hurdle,6,641,641,30,10.0,23.253165070216692,13.253165070216692,1.7
231,calendar_logistic_hurdle,7,671,671,30,11.0,14.922082869128328,3.922082869128328,1.619047619047619
231,calendar_logistic_hurdle,8,701,701,30,8.0,13.974011831173588,5.974011831173588,1.5909090909090908
231,calendar_logistic_hurdle,9,731,731,30,3.0,14.228734764118686,11.228734764118686,1.6521739130434783
231,calendar_logistic_hurdle,10,761,761,30,13.0,10.199165821772096,2.8008341782279036,1.7916666666666667
231,calendar_logistic_hurdle,11,791,791,30,0.0,17.437209089132036,17.437209089132036,2.12
233,calendar_logistic_hurdle,0,461,461,30,0.0,0.0,0.0,1.1428571428571428
233,calendar_logistic_hurdle,1,491,491,30,0.0,0.0,0.0,1.0666666666666667
233,calendar_logistic_hurdle,2,521,521,30,0.0,0.0,0.0,1.0
233,calendar_logistic_hurdle,3,551,551,30,0.0,0.0,0.0,0.9411764705882353
233,calendar_logistic_hurdle,4,581,581,30,0.0,0.0,0.0,0.8888888888888888
233,calendar_logistic_hurdle,5,611,611,30,0.0,0.0,0.0,0.8421052631578947
233,calendar_logistic_hurdle,6,641,641,30,0.0,0.0,0.0,0.8
233,calendar_logistic_hurdle,7,671,671,30,0.0,0.0,0.0,0.7619047619047619
233,calendar_logistic_hurdle,8,701,701,30,0.0,0.0,0.0,0.7272727272727273
233,calendar_logistic_hurdle,9,731,731,30,0.0,0.0,0.0,0.6956521739130435
233,calendar_logistic_hurdle,10,761,761,30,0.0,0.0,0.0,0.6666666666666666
233,calendar_logistic_hurdle,11,791,791,30,0.0,0.0,0.0,0.64
235,calendar_logistic_hurdle,0,461,461,30,0.0,0.0,0.0,8.571428571428571
235,calendar_logistic_hurdle,1,491,491,30,0.0,0.0,0.0,8.0
235,calendar_logistic_hurdle,2,521,521,30,0.0,0.0,0.0,7.5
235,calendar_logistic_hurdle,3,551,551,30,0.0,0.0,0.0,7.0588235294117645
235,calendar_logistic_hurdle,4,581,581,30,0.0,0.0,0.0,6.666666666666667
235,calendar_logistic_hurdle,5,611,611,30,0.0,0.0,0.0,6.315789473684211
235,calendar_logistic_hurdle,6,641,641,30,0.0,0.0,0.0,6.0
235,calendar_logistic_hurdle,7,671,671,30,0.0,0.0,0.0,5.714285714285714
235,calendar_logistic_hurdle,8,701,701,30,0.0,0.0,0.0,5.454545454545454
235,calendar_logistic_hurdle,9,731,731,30,0.0,0.0,0.0,5.217391304347826
235,calendar_logistic_hurdle,10,761,761,30,0.0,0.0,0.0,5.0
235,calendar_logistic_hurdle,11,791,791,30,0.0,0.0,0.0,4.8
236,calendar_logistic_hurdle,0,461,461,30,0.0,0.0,0.0,0.14285714285714285
236,calendar_logistic_hurdle,1,491,491,30,0.0,0.0,0.0,0.13333333333333333
236,calendar_logistic_hurdle,2,521,521,30,0.0,0.0,0.0,0.125
236,calendar_logistic_hurdle,3,551,551,30,0.0,0.0,0.0,0.11764705882352941
236,calendar_logistic_hurdle,4,581,581,30,0.0,0.0,0.0,0.1111111111111111
236,calendar_logistic_hurdle,5,611,611,30,0.0,0.0,0.0,0.10526315789473684
236,calendar_logistic_hurdle,6,641,641,30,0.0,0.0,0.0,0.1
236,calendar_logistic_hurdle,7,671,671,30,0.0,0.0,0.0,0.09523809523809523
236,calendar_logistic_hurdle,8,701,701,30,0.0,0.0,0.0,0.09090909090909091
236,calendar_logistic_hurdle,9,731,731,30,0.0,0.0,0.0,0.08695652173913043
236,calendar_logistic_hurdle,10,761,761,30,0.0,0.0,0.0,0.08333333333333333
236,calendar_logistic_hurdle,11,791,791,30,0.0,0.0,0.0,0.08
237,calendar_logistic_hurdle,0,461,461,30,0.0,0.0,0.0,0.0
237,calendar_logistic_hurdle,1,491,491,30,0.0,0.0,0.0,0.0
237,calendar_logistic_hurdle,2,521,521,30,0.0,0.0,0.0,0.0
237,calendar_logistic_hurdle,3,551,551,30,0.0,0.0,0.0,0.0
237,calendar_logistic_hurdle,4,581,581,30,0.0,0.0,0.0,0.0
237,calendar_logistic_hurdle,5,611,611,30,0.0,0.0,0.0,0.0
237,calendar_logistic_hurdle,6,641,641,30,0.0,0.0,0.0,0.0
237,calendar_logistic_hurdle,7,671,671,30,0.0,0.0,0.0,0.0
237,calendar_logistic_hurdle,8,701,701,30,0.0,0.0,0.0,0.0
237,calendar_logistic_hurdle,9,731,731,30,0.0,0.0,0.0,0.0
237,calendar_logistic_hurdle,10,761,761,30,0.0,0.0,0.0,0.0
237,calendar_logistic_hurdle,11,791,791,30,0.0,0.0,0.0,0.0
242,calendar_logistic_hurdle,0,461,461,30,0.0,0.0,0.0,133.57142857142858
242,calendar_logistic_hurdle,1,491,491,30,0.0,0.0,0.0,124.66666666666667
242,calendar_logistic_hurdle,2,521,521,30,0.0,0.0,0.0,116.875
242,calendar_logistic_hurdle,3,551,551,30,0.0,0.0,0.0,110.0
242,calendar_logistic_hurdle,4,581,581,30,0.0,0.0,0.0,103.88888888888889
242,calendar_logistic_hurdle,5,611,611,30,0.0,0.0,0.0,98.42105263157895
242,calendar_logistic_hurdle,6,641,641,30,0.0,0.0,0.0,93.5
242,calendar_logistic_hurdle,7,671,671,30,0.0,0.0,0.0,89.04761904761905
242,calendar_logistic_hurdle,8,701,701,30,0.0,0.0,0.0,85.0
242,calendar_logistic_hurdle,9,731,731,30,0.0,0.0,0.0,81.30434782608695
242,calendar_logistic_hurdle,10,761,761,30,0.0,0.0,0.0,77.91666666666667
242,calendar_logistic_hurdle,11,791,791,30,0.0,0.0,0.0,74.8
244,calendar_logistic_hurdle,0,461,461,30,65.0,17.40901200587041,47.59098799412959,3.9285714285714284
244,calendar_logistic_hurdle,1,491,491,30,44.0,35.42706108802844,8.572938911971562,6.2
244,calendar_logistic_hurdle,2,521,521,30,7.0,38.55349572491771,31.55349572491771,7.125
244,calendar_logistic_hurdle,3,551,551,30,6.0,23.171881902695574,17.171881902695574,8.882352941176471
244,calendar_logistic_hurdle,4,581,581,30,35.0,12.839824630811007,22.16017536918899,8.444444444444445
244,calendar_logistic_hurdle,5,611,611,30,17.0,12.834757350059034,4.165242649940966,9.526315789473685
244,calendar_logistic_hurdle,6,641,641,30,16.0,26.084864829743463,10.084864829743463,9.95
244,calendar_logistic_hurdle,7,671,671,30,6.0,25.10865315923279,19.10865315923279,9.523809523809524
244,calendar_logistic_hurdle,8,701,701,30,14.0,11.967447019665098,2.032552980334902,9.545454545454545
244,calendar_logistic_hurdle,9,731,731,30,23.0,13.51853727366235,9.48146272633765,9.478260869565217
244,calendar_logistic_hurdle,10,761,761,30,19.0,16.75363288304293,2.246367116957071,9.458333333333334
244,calendar_logistic_hurdle,11,791,791,30,5.0,19.10962832889759,14.109628328897589,9.24
246,calendar_logistic_hurdle,0,461,461,30,0.0,9.633402060446299,9.633402060446299,18.714285714285715
246,calendar_logistic_hurdle,1,491,491,30,0.0,1.9949499861526845,1.9949499861526845,17.533333333333335
246,calendar_logistic_hurdle,2,521,521,30,17.0,0.3569065452797247,16.643093454720276,16.4375
246,calendar_logistic_hurdle,3,551,551,30,49.0,32.54427264350659,16.455727356493412,16.470588235294116
246,calendar_logistic_hurdle,4,581,581,30,62.0,35.30226998522423,26.69773001477577,17.333333333333332
246,calendar_logistic_hurdle,5,611,611,30,143.0,19.28997573609292,123.71002426390709,17.105263157894736
246,calendar_logistic_hurdle,6,641,641,30,19.0,113.20405221104771,94.20405221104771,20.3
246,calendar_logistic_hurdle,7,671,671,30,0.0,62.840335774067796,62.840335774067796,25.238095238095237
246,calendar_logistic_hurdle,8,701,701,30,0.0,11.258064777241083,11.258064777241083,24.954545454545453
246,calendar_logistic_hurdle,9,731,731,30,0.0,0.7023257057609003,0.7023257057609003,23.869565217391305
246,calendar_logistic_hurdle,10,761,761,30,0.0,0.0,0.0,22.875
246,calendar_logistic_hurdle,11,791,791,30,0.0,0.0,0.0,21.96
247,calendar_logistic_hurdle,0,461,461,30,0.0,0.0,0.0,3.0
247,calendar_logistic_hurdle,1,491,491,30,0.0,0.0,0.0,2.8
247,calendar_logistic_hurdle,2,521,521,30,0.0,0.0,0.0,2.625
247,calendar_logistic_hurdle,3,551,551,30,0.0,0.0,0.0,2.4705882352941178
247,calendar_logistic_hurdle,4,581,581,30,0.0,0.0,0.0,2.3333333333333335
247,calendar_logistic_hurdle,5,611,611,30,0.0,0.0,0.0,2.210526315789474
247,calendar_logistic_hurdle,6,641,641,30,0.0,0.0,0.0,2.1
247,calendar_logistic_hurdle,7,671,671,30,0.0,0.0,0.0,2.0
247,calendar_logistic_hurdle,8,701,701,30,0.0,0.0,0.0,1.9090909090909092
247,calendar_logistic_hurdle,9,731,731,30,0.0,0.0,0.0,1.826086956521739
247,calendar_logistic_hurdle,10,761,761,30,0.0,0.0,0.0,1.75
247,calendar_logistic_hurdle,11,791,791,30,0.0,0.0,0.0,1.68
250,calendar_logistic_hurdle,0,461,461,30,0.0,0.0,0.0,7.714285714285714
250,calendar_logistic_hurdle,1,491,491,30,0.0,0.0,0.0,7.2
250,calendar_logistic_hurdle,2,521,521,30,0.0,0.0,0.0,6.75
250,calendar_logistic_hurdle,3,551,551,30,0.0,0.0,0.0,6.352941176470588
250,calendar_logistic_hurdle,4,581,581,30,0.0,0.0,0.0,6.0
250,calendar_logistic_hurdle,5,611,611,30,0.0,0.0,0.0,5.684210526315789
250,calendar_logistic_hurdle,6,641,641,30,0.0,0.0,0.0,5.4
250,calendar_logistic_hurdle,7,671,671,30,0.0,0.0,0.0,5.142857142857143
250,calendar_logistic_hurdle,8,701,701,30,0.0,0.0,0.0,4.909090909090909
250,calendar_logistic_hurdle,9,731,731,30,0.0,0.0,0.0,4.695652173913044
250,calendar_logistic_hurdle,10,761,761,30,0.0,0.0,0.0,4.5
250,calendar_logistic_hurdle,11,791,791,30,0.0,0.0,0.0,4.32
251,calendar_logistic_hurdle,0,461,461,30,25.0,153.6230742404343,128.6230742404343,31.785714285714285
251,calendar_logistic_hurdle,1,491,491,30,34.0,95.06754657188623,61.067546571886226,30.466666666666665
251,calendar_logistic_hurdle,2,521,521,30,60.0,30.195997419242097,29.804002580757903,29.125
251,calendar_logistic_hurdle,3,551,551,30,0.0,34.90597454587166,34.90597454587166,28.941176470588236
251,calendar_logistic_hurdle,4,581,581,30,0.0,4.792615512424711,4.792615512424711,30.666666666666668
251,calendar_logistic_hurdle,5,611,611,30,0.0,1.8388059631251246,1.8388059631251246,29.05263157894737
251,calendar_logistic_hurdle,6,641,641,30,0.0,0.0,0.0,27.6
251,calendar_logistic_hurdle,7,671,671,30,0.0,0.0,0.0,26.285714285714285
251,calendar_logistic_hurdle,8,701,701,30,0.0,0.0,0.0,25.09090909090909
251,calendar_logistic_hurdle,9,731,731,30,0.0,0.0,0.0,24.0
251,calendar_logistic_hurdle,10,761,761,30,0.0,0.0,0.0,23.0
251,calendar_logistic_hurdle,11,791,791,30,0.0,0.0,0.0,22.08
252,calendar_logistic_hurdle,0,461,461,30,0.0,0.0,0.0,13.285714285714286
252,calendar_logistic_hurdle,1,491,491,30,0.0,0.0,0.0,12.4
252,calendar_logistic_hurdle,2,521,521,30,0.0,0.0,0.0,11.625
252,calendar_logistic_hurdle,3,551,551,30,0.0,0.0,0.0,10.941176470588236
252,calendar_logistic_hurdle,4,581,581,30,0.0,0.0,0.0,10.333333333333334
252,calendar_logistic_hurdle,5,611,611,30,0.0,0.0,0.0,9.789473684210526
252,calendar_logistic_hurdle,6,641,641,30,0.0,0.0,0.0,9.3
252,calendar_logistic_hurdle,7,671,671,30,0.0,0.0,0.0,8.857142857142858
252,calendar_logistic_hurdle,8,701,701,30,0.0,0.0,0.0,8.454545454545455
252,calendar_logistic_hurdle,9,731,731,30,0.0,0.0,0.0,8.08695652173913
252,calendar_logistic_hurdle,10,761,761,30,0.0,0.0,0.0,7.75
252,calendar_logistic_hurdle,11,791,791,30,0.0,0.0,0.0,7.44
253,calendar_logistic_hurdle,0,461,461,30,23.0,87.41151469590184,64.41151469590184,18.571428571428573
253,calendar_logistic_hurdle,1,491,491,30,24.0,53.76513119166379,29.76513119166379,17.533333333333335
253,calendar_logistic_hurdle,2,521,521,30,26.0,19.72347082258053,6.276529177419469,16.5
253,calendar_logistic_hurdle,3,551,551,30,0.0,18.572944808489414,18.572944808489414,15.647058823529411
253,calendar_logistic_hurdle,4,581,581,30,0.0,3.3038117363442714,3.3038117363442714,16.22222222222222
253,calendar_logistic_hurdle,5,611,611,30,0.0,0.8313393515747426,0.8313393515747426,15.368421052631579
253,calendar_logistic_hurdle,6,641,641,30,0.0,0.0,0.0,14.6
253,calendar_logistic_hurdle,7,671,671,30,0.0,0.0,0.0,13.904761904761905
253,calendar_logistic_hurdle,8,701,701,30,0.0,0.0,0.0,13.272727272727273
253,calendar_logistic_hurdle,9,731,731,30,0.0,0.0,0.0,12.695652173913043
253,calendar_logistic_hurdle,10,761,761,30,0.0,0.0,0.0,12.166666666666666
253,calendar_logistic_hurdle,11,791,791,30,0.0,0.0,0.0,11.68
254,calendar_logistic_hurdle,0,461,461,30,0.0,0.0,0.0,0.0
254,calendar_logistic_hurdle,1,491,491,30,0.0,0.0,0.0,0.0
254,calendar_logistic_hurdle,2,521,521,30,0.0,0.0,0.0,0.0
254,calendar_logistic_hurdle,3,551,551,30,0.0,0.0,0.0,0.0
254,calendar_logistic_hurdle,4,581,581,30,0.0,0.0,0.0,0.0
254,calendar_logistic_hurdle,5,611,611,30,0.0,0.0,0.0,0.0
254,calendar_logistic_hurdle,6,641,641,30,0.0,0.0,0.0,0.0
254,calendar_logistic_hurdle,7,671,671,30,0.0,0.0,0.0,0.0
254,calendar_logistic_hurdle,8,701,701,30,4.0,0.0,4.0,0.0
254,calendar_logistic_hurdle,9,731,731,30,30.0,7.590327141590344,22.409672858409657,0.17391304347826086
254,calendar_logistic_hurdle,10,761,761,30,25.0,21.630901516464906,3.369098483535094,1.25
254,calendar_logistic_hurdle,11,791,791,30,4.0,28.042711699327608,24.042711699327608,1.4
261,calendar_logistic_hurdle,0,461,461,30,165.0,30.33221521898225,134.66778478101776,36.0
261,calendar_logistic_hurdle,1,491,491,30,3.0,126.4153690486066,123.4153690486066,42.46666666666667
261,calendar_logistic_hurdle,2,521,521,30,49.0,88.10632475401289,39.10632475401289,49.9375
261,calendar_logistic_hurdle,3,551,551,30,175.0,82.33888983102443,92.66111016897557,49.705882352941174
261,calendar_logistic_hurdle,4,581,581,30,35.0,51.37709801284426,16.377098012844257,53.94444444444444
261,calendar_logistic_hurdle,5,611,611,30,66.0,32.462135237531726,33.537864762468274,58.473684210526315
261,calendar_logistic_hurdle,6,641,641,30,44.0,95.48844154631809,51.488441546318086,57.1
261,calendar_logistic_hurdle,7,671,671,30,133.0,39.788041151596374,93.21195884840363,55.42857142857143
261,calendar_logistic_hurdle,8,701,701,30,1.0,63.24644347908236,62.24644347908236,56.95454545454545
261,calendar_logistic_hurdle,9,731,731,30,78.0,20.612420980533376,57.38757901946663,60.21739130434783
261,calendar_logistic_hurdle,10,761,761,30,0.0,61.27142141027205,61.27142141027205,60.916666666666664
261,calendar_logistic_hurdle,11,791,791,30,0.0,8.61485037617939,8.61485037617939,61.6
266,calendar_logistic_hurdle,0,461,461,30,0.0,0.5384033843772223,0.5384033843772223,0.5
266,calendar_logistic_hurdle,1,491,491,30,0.0,0.36554890000666185,0.36554890000666185,0.4666666666666667
266,calendar_logistic_hurdle,2,521,521,30,0.0,0.0,0.0,0.4375
266,calendar_logistic_hurdle,3,551,551,30,0.0,0.0,0.0,0.4117647058823529
266,calendar_logistic_hurdle,4,581,581,30,0.0,0.0,0.0,0.3888888888888889
266,calendar_logistic_hurdle,5,611,611,30,0.0,0.0,0.0,0.3684210526315789
266,calendar_logistic_hurdle,6,641,641,30,0.0,0.0,0.0,0.35
266,calendar_logistic_hurdle,7,671,671,30,0.0,0.0,0.0,0.3333333333333333
266,calendar_logistic_hurdle,8,701,701,30,0.0,0.0,0.0,0.3181818181818182
266,calendar_logistic_hurdle,9,731,731,30,0.0,0.0,0.0,0.30434782608695654
266,calendar_logistic_hurdle,10,761,761,30,0.0,0.0,0.0,0.2916666666666667
266,calendar_logistic_hurdle,11,791,791,30,0.0,0.0,0.0,0.28
267,calendar_logistic_hurdle,0,461,461,30,0.0,0.0,0.0,0.0
267,calendar_logistic_hurdle,1,491,491,30,21.0,0.0,21.0,0.0
267,calendar_logistic_hurdle,2,521,521,30,23.0,35.447099842944176,12.447099842944176,1.3125
267,calendar_logistic_hurdle,3,551,551,30,30.0,25.906015568341733,4.093984431658267,1.3529411764705883
267,calendar_logistic_hurdle,4,581,581,30,57.0,22.448639596233576,34.551360403766424,1.6666666666666667
267,calendar_logistic_hurdle,5,611,611,30,104.0,16.042139826013305,87.95786017398669,3.0
267,calendar_logistic_hurdle,6,641,641,30,17.0,77.62814150369253,60.62814150369253,5.2
267,calendar_logistic_hurdle,7,671,671,30,0.0,56.291961396562726,56.291961396562726,9.095238095238095
267,calendar_logistic_hurdle,8,701,701,30,0.0,7.241041778603983,7.241041778603983,9.454545454545455
267,calendar_logistic_hurdle,9,731,731,30,0.0,0.44002559513457734,0.44002559513457734,9.043478260869565
267,calendar_logistic_hurdle,10,761,761,30,0.0,0.0,0.0,8.666666666666666
267,calendar_logistic_hurdle,11,791,791,30,0.0,0.0,0.0,8.32
268,calendar_logistic_hurdle,0,461,461,30,14.0,61.787796310558434,47.787796310558434,0.42857142857142855
268,calendar_logistic_hurdle,1,491,491,30,0.0,30.30192927801965,30.30192927801965,0.9333333333333333
268,calendar_logistic_hurdle,2,521,521,30,0.0,4.916328547327006,4.916328547327006,1.75
268,calendar_logistic_hurdle,3,551,551,30,0.0,1.1357046641407196,1.1357046641407196,1.6470588235294117
268,calendar_logistic_hurdle,4,581,581,30,0.0,0.0,0.0,1.5555555555555556
268,calendar_logistic_hurdle,5,611,611,30,0.0,0.0,0.0,1.4736842105263157
268,calendar_logistic_hurdle,6,641,641,30,0.0,0.0,0.0,1.4
268,calendar_logistic_hurdle,7,671,671,30,0.0,0.0,0.0,1.3333333333333333
268,calendar_logistic_hurdle,8,701,701,30,0.0,0.0,0.0,1.2727272727272727
268,calendar_logistic_hurdle,9,731,731,30,0.0,0.0,0.0,1.2173913043478262
268,calendar_logistic_hurdle,10,761,761,30,0.0,0.0,0.0,1.1666666666666667
268,calendar_logistic_hurdle,11,791,791,30,0.0,0.0,0.0,1.12
269,calendar_logistic_hurdle,0,461,461,30,1.0,25.158379326708406,24.158379326708406,0.21428571428571427
269,calendar_logistic_hurdle,1,491,491,30,0.0,10.936926460428506,10.936926460428506,0.3333333333333333
269,calendar_logistic_hurdle,2,521,521,30,0.0,1.636745644568749,1.636745644568749,0.375
269,calendar_logistic_hurdle,3,551,551,30,0.0,0.24294218473118354,0.24294218473118354,0.35294117647058826
269,calendar_logistic_hurdle,4,581,581,30,0.0,0.0,0.0,0.3333333333333333
269,calendar_logistic_hurdle,5,611,611,30,0.0,0.0,0.0,0.3157894736842105
269,calendar_logistic_hurdle,6,641,641,30,0.0,0.0,0.0,0.3
269,calendar_logistic_hurdle,7,671,671,30,0.0,0.0,0.0,0.2857142857142857
269,calendar_logistic_hurdle,8,701,701,30,0.0,0.0,0.0,0.2727272727272727
269,calendar_logistic_hurdle,9,731,731,30,0.0,0.0,0.0,0.2608695652173913
269,calendar_logistic_hurdle,10,761,761,30,0.0,0.0,0.0,0.25
269,calendar_logistic_hurdle,11,791,791,30,0.0,0.0,0.0,0.24
270,calendar_logistic_hurdle,0,461,461,30,0.0,0.0,0.0,0.0
270,calendar_logistic_hurdle,1,491,491,30,5.0,0.0,5.0,0.0
270,calendar_logistic_hurdle,2,521,521,30,0.0,6.930871746648673,6.930871746648673,0.3125
270,calendar_logistic_hurdle,3,551,551,30,0.0,1.4704483501578902,1.4704483501578902,0.5882352941176471
270,calendar_logistic_hurdle,4,581,581,30,0.0,0.2201817414599243,0.2201817414599243,0.5555555555555556
270,calendar_logistic_hurdle,5,611,611,30,0.0,0.0,0.0,0.5263157894736842
270,calendar_logistic_hurdle,6,641,641,30,0.0,0.0,0.0,0.5
270,calendar_logistic_hurdle,7,671,671,30,0.0,0.0,0.0,0.47619047619047616
270,calendar_logistic_hurdle,8,701,701,30,0.0,0.0,0.0,0.45454545454545453
270,calendar_logistic_hurdle,9,731,731,30,0.0,0.0,0.0,0.43478260869565216
270,calendar_logistic_hurdle,10,761,761,30,0.0,0.0,0.0,0.4166666666666667
270,calendar_logistic_hurdle,11,791,791,30,0.0,0.0,0.0,0.4
271,calendar_logistic_hurdle,0,461,461,30,0.0,0.0,0.0,0.0
271,calendar_logistic_hurdle,1,491,491,30,1.0,0.0,1.0,0.0
271,calendar_logistic_hurdle,2,521,521,30,0.0,2.364929853858296,2.364929853858296,0.0625
271,calendar_logistic_hurdle,3,551,551,30,0.0,0.40433118058504014,0.40433118058504014,0.11764705882352941
271,calendar_logistic_hurdle,4,581,581,30,0.0,0.18157288694561122,0.18157288694561122,0.1111111111111111
271,calendar_logistic_hurdle,5,611,611,30,0.0,0.0,0.0,0.10526315789473684
271,calendar_logistic_hurdle,6,641,641,30,0.0,0.0,0.0,0.1
271,calendar_logistic_hurdle,7,671,671,30,0.0,0.0,0.0,0.09523809523809523
271,calendar_logistic_hurdle,8,701,701,30,0.0,0.0,0.0,0.09090909090909091
271,calendar_logistic_hurdle,9,731,731,30,0.0,0.0,0.0,0.08695652173913043
271,calendar_logistic_hurdle,10,761,761,30,0.0,0.0,0.0,0.08333333333333333
271,calendar_logistic_hurdle,11,791,791,30,0.0,0.0,0.0,0.08
272,calendar_logistic_hurdle,0,461,461,30,0.0,3.9059646770487366,3.9059646770487366,0.8571428571428571
272,calendar_logistic_hurdle,1,491,491,30,0.0,0.832207702683834,0.832207702683834,0.8
272,calendar_logistic_hurdle,2,521,521,30,0.0,0.0,0.0,0.75
272,calendar_logistic_hurdle,3,551,551,30,0.0,0.0,0.0,0.7058823529411765
272,calendar_logistic_hurdle,4,581,581,30,0.0,0.0,0.0,0.6666666666666666
272,calendar_logistic_hurdle,5,611,611,30,0.0,0.0,0.0,0.631578947368421
272,calendar_logistic_hurdle,6,641,641,30,0.0,0.0,0.0,0.6
272,calendar_logistic_hurdle,7,671,671,30,0.0,0.0,0.0,0.5714285714285714
272,calendar_logistic_hurdle,8,701,701,30,0.0,0.0,0.0,0.5454545454545454
272,calendar_logistic_hurdle,9,731,731,30,0.0,0.0,0.0,0.5217391304347826
272,calendar_logistic_hurdle,10,761,761,30,0.0,0.0,0.0,0.5
272,calendar_logistic_hurdle,11,791,791,30,0.0,0.0,0.0,0.48
274,calendar_logistic_hurdle,0,461,461,30,0.0,0.0,0.0,0.7142857142857143
274,calendar_logistic_hurdle,1,491,491,30,0.0,0.0,0.0,0.6666666666666666
274,calendar_logistic_hurdle,2,521,521,30,0.0,0.0,0.0,0.625
274,calendar_logistic_hurdle,3,551,551,30,0.0,0.0,0.0,0.5882352941176471
274,calendar_logistic_hurdle,4,581,581,30,0.0,0.0,0.0,0.5555555555555556
274,calendar_logistic_hurdle,5,611,611,30,0.0,0.0,0.0,0.5263157894736842
274,calendar_logistic_hurdle,6,641,641,30,0.0,0.0,0.0,0.5
274,calendar_logistic_hurdle,7,671,671,30,0.0,0.0,0.0,0.47619047619047616
274,calendar_logistic_hurdle,8,701,701,30,0.0,0.0,0.0,0.45454545454545453
274,calendar_logistic_hurdle,9,731,731,30,0.0,0.0,0.0,0.43478260869565216
274,calendar_logistic_hurdle,10,761,761,30,0.0,0.0,0.0,0.4166666666666667
274,calendar_logistic_hurdle,11,791,791,30,0.0,0.0,0.0,0.4
276,calendar_logistic_hurdle,0,461,461,30,0.0,0.0,0.0,44.857142857142854
276,calendar_logistic_hurdle,1,491,491,30,0.0,0.0,0.0,41.86666666666667
276,calendar_logistic_hurdle,2,521,521,30,0.0,0.0,0.0,39.25
276,calendar_logistic_hurdle,3,551,551,30,0.0,0.0,0.0,36.94117647058823
276,calendar_logistic_hurdle,4,581,581,30,0.0,0.0,0.0,34.888888888888886
276,calendar_logistic_hurdle,5,611,611,30,0.0,0.0,0.0,33.05263157894737
276,calendar_logistic_hurdle,6,641,641,30,0.0,0.0,0.0,31.4
276,calendar_logistic_hurdle,7,671,671,30,0.0,0.0,0.0,29.904761904761905
276,calendar_logistic_hurdle,8,701,701,30,0.0,0.0,0.0,28.545454545454547
276,calendar_logistic_hurdle,9,731,731,30,0.0,0.0,0.0,27.304347826086957
276,calendar_logistic_hurdle,10,761,761,30,0.0,0.0,0.0,26.166666666666668
276,calendar_logistic_hurdle,11,791,791,30,0.0,0.0,0.0,25.12
277,calendar_logistic_hurdle,0,461,461,30,25.0,66.66157986101419,41.66157986101419,57.642857142857146
277,calendar_logistic_hurdle,1,491,491,30,36.0,44.821487006070704,8.821487006070704,55.0
277,calendar_logistic_hurdle,2,521,521,30,92.0,28.51248862233726,63.48751137766274,52.25
277,calendar_logistic_hurdle,3,551,551,30,55.0,43.74560283785598,11.254397162144024,52.470588235294116
277,calendar_logistic_hurdle,4,581,581,30,100.0,43.47696861580797,56.52303138419203,51.611111111111114
277,calendar_logistic_hurdle,5,611,611,30,109.0,38.20475199446602,70.79524800553398,51.26315789473684
277,calendar_logistic_hurdle,6,641,641,30,50.0,123.8050518425431,73.8050518425431,49.15
277,calendar_logistic_hurdle,7,671,671,30,89.0,123.42487930140118,34.42487930140118,49.61904761904762
277,calendar_logistic_hurdle,8,701,701,30,8.0,82.50634626366062,74.50634626366062,49.13636363636363
277,calendar_logistic_hurdle,9,731,731,30,0.0,83.33893163246796,83.33893163246796,50.52173913043478
277,calendar_logistic_hurdle,10,761,761,30,0.0,13.551630329148896,13.551630329148896,48.75
277,calendar_logistic_hurdle,11,791,791,30,0.0,2.293528914971184,2.293528914971184,46.8
278,calendar_logistic_hurdle,0,461,461,30,0.0,0.0,0.0,0.0
278,calendar_logistic_hurdle,1,491,491,30,0.0,0.0,0.0,0.0
278,calendar_logistic_hurdle,2,521,521,30,0.0,0.0,0.0,0.0
278,calendar_logistic_hurdle,3,551,551,30,8.0,0.0,8.0,0.0
278,calendar_logistic_hurdle,4,581,581,30,0.0,12.855467673883888,12.855467673883888,0.4444444444444444
278,calendar_logistic_hurdle,5,611,611,30,1.0,2.4865176468317958,1.4865176468317958,0.8421052631578947
278,calendar_logistic_hurdle,6,641,641,30,0.0,5.127822228598475,5.127822228598475,0.85
278,calendar_logistic_hurdle,7,671,671,30,0.0,0.3913275573215324,0.3913275573215324,0.8571428571428571
278,calendar_logistic_hurdle,8,701,701,30,0.0,0.22104393297442104,0.22104393297442104,0.8181818181818182
278,calendar_logistic_hurdle,9,731,731,30,0.0,0.0,0.0,0.782608695652174
278,calendar_logistic_hurdle,10,761,761,30,0.0,0.0,0.0,0.75
278,calendar_logistic_hurdle,11,791,791,30,0.0,0.0,0.0,0.72
279,calendar_logistic_hurdle,0,461,461,30,0.0,0.9668934502075767,0.9668934502075767,24.571428571428573
279,calendar_logistic_hurdle,1,491,491,30,11.0,0.6319632315313527,10.368036768468647,22.933333333333334
279,calendar_logistic_hurdle,2,521,521,30,9.0,24.375278596897818,15.375278596897818,22.1875
279,calendar_logistic_hurdle,3,551,551,30,36.0,10.524880936586763,25.47511906341324,21.0
279,calendar_logistic_hurdle,4,581,581,30,10.0,13.17564691701103,3.1756469170110293,21.333333333333332
279,calendar_logistic_hurdle,5,611,611,30,9.0,12.695390215609132,3.695390215609132,21.57894736842105
279,calendar_logistic_hurdle,6,641,641,30,0.0,22.927902061676967,22.927902061676967,20.55
279,calendar_logistic_hurdle,7,671,671,30,0.0,3.446831870305895,3.446831870305895,20.0
279,calendar_logistic_hurdle,8,701,701,30,3.0,0.7401096743035975,2.2598903256964027,19.09090909090909
279,calendar_logistic_hurdle,9,731,731,30,14.0,3.602686417045405,10.397313582954595,18.391304347826086
279,calendar_logistic_hurdle,10,761,761,30,8.0,7.78929256939407,0.21070743060592978,18.083333333333332
279,calendar_logistic_hurdle,11,791,791,30,0.0,4.3887360561649045,4.3887360561649045,17.6
282,calendar_logistic_hurdle,0,461,461,30,0.0,24.67788115569554,24.67788115569554,0.42857142857142855
282,calendar_logistic_hurdle,1,491,491,30,1.0,4.564584774373642,3.5645847743736416,0.8
282,calendar_logistic_hurdle,2,521,521,30,0.0,5.274230093774796,5.274230093774796,0.8125
282,calendar_logistic_hurdle,3,551,551,30,2.0,0.4869078294657821,1.513092170534218,0.8235294117647058
282,calendar_logistic_hurdle,4,581,581,30,1.0,2.3313021738092914,1.3313021738092914,0.8888888888888888
282,calendar_logistic_hurdle,5,611,611,30,11.0,2.2870447232141147,8.712955276785886,0.8947368421052632
282,calendar_logistic_hurdle,6,641,641,30,6.0,12.293259841277244,6.293259841277244,1.35
282,calendar_logistic_hurdle,7,671,671,30,9.0,5.935885740474026,3.064114259525974,1.5238095238095237
282,calendar_logistic_hurdle,8,701,701,30,1.0,8.103018941244036,7.103018941244036,1.5909090909090908
282,calendar_logistic_hurdle,9,731,731,30,1.0,1.9668790332018558,0.9668790332018558,1.8695652173913044
282,calendar_logistic_hurdle,10,761,761,30,3.0,3.728837189724759,0.728837189724759,1.7916666666666667
282,calendar_logistic_hurdle,11,791,791,30,1.0,2.5829694275689707,1.5829694275689707,1.8
283,calendar_logistic_hurdle,0,461,461,30,17.0,9.56939690751647,7.43060309248353,10.357142857142858
283,calendar_logistic_hurdle,1,491,491,30,20.0,17.822960238233193,2.1770397617668067,10.6
283,calendar_logistic_hurdle,2,521,521,30,18.0,14.327707706292157,3.6722922937078426,10.125
283,calendar_logistic_hurdle,3,551,551,30,9.0,16.851334748502897,7.851334748502897,9.647058823529411
283,calendar_logistic_hurdle,4,581,581,30,7.0,8.110374493404878,1.110374493404878,9.61111111111111
283,calendar_logistic_hurdle,5,611,611,30,14.0,5.789814283929075,8.210185716070924,9.210526315789474
283,calendar_logistic_hurdle,6,641,641,30,10.0,11.716619299738186,1.716619299738186,9.1
283,calendar_logistic_hurdle,7,671,671,30,7.0,9.999371791717936,2.9993717917179357,8.857142857142858
283,calendar_logistic_hurdle,8,701,701,30,14.0,8.186709055325297,5.813290944674703,8.590909090909092
283,calendar_logistic_hurdle,9,731,731,30,9.0,11.40684613087103,2.4068461308710294,8.521739130434783
283,calendar_logistic_hurdle,10,761,761,30,18.0,11.104918305902844,6.895081694097156,8.375
283,calendar_logistic_hurdle,11,791,791,30,0.0,12.144569716825385,12.144569716825385,8.4
284,calendar_logistic_hurdle,0,461,461,30,3.0,5.646743437656358,2.646743437656358,3.2857142857142856
284,calendar_logistic_hurdle,1,491,491,30,13.0,5.272371198624436,7.727628801375564,3.066666666666667
284,calendar_logistic_hurdle,2,521,521,30,6.0,7.478973124053101,1.478973124053101,3.5
284,calendar_logistic_hurdle,3,551,551,30,4.0,8.255813996242267,4.255813996242267,3.7058823529411766
284,calendar_logistic_hurdle,4,581,581,30,8.0,5.3829601278686985,2.6170398721313015,3.611111111111111
284,calendar_logistic_hurdle,5,611,611,30,10.0,5.653953769589979,4.346046230410021,3.6315789473684212
284,calendar_logistic_hurdle,6,641,641,30,21.0,9.763605285641063,11.236394714358937,3.55
284,calendar_logistic_hurdle,7,671,671,30,1.0,9.730259703545768,8.730259703545768,3.9047619047619047
284,calendar_logistic_hurdle,8,701,701,30,3.0,5.5605833848247395,2.5605833848247395,4.636363636363637
284,calendar_logistic_hurdle,9,731,731,30,3.0,5.1842063773458795,2.1842063773458795,4.521739130434782
284,calendar_logistic_hurdle,10,761,761,30,5.0,4.855036019169472,0.14496398083052764,4.333333333333333
284,calendar_logistic_hurdle,11,791,791,30,0.0,5.076915496706554,5.076915496706554,4.24
285,calendar_logistic_hurdle,0,461,461,30,0.0,0.0,0.0,0.5714285714285714
285,calendar_logistic_hurdle,1,491,491,30,0.0,0.0,0.0,0.5333333333333333
285,calendar_logistic_hurdle,2,521,521,30,0.0,0.0,0.0,0.5
285,calendar_logistic_hurdle,3,551,551,30,0.0,0.0,0.0,0.47058823529411764
285,calendar_logistic_hurdle,4,581,581,30,0.0,0.0,0.0,0.4444444444444444
285,calendar_logistic_hurdle,5,611,611,30,0.0,0.0,0.0,0.42105263157894735
285,calendar_logistic_hurdle,6,641,641,30,0.0,0.0,0.0,0.4
285,calendar_logistic_hurdle,7,671,671,30,0.0,0.0,0.0,0.38095238095238093
285,calendar_logistic_hurdle,8,701,701,30,0.0,0.0,0.0,0.36363636363636365
285,calendar_logistic_hurdle,9,731,731,30,0.0,0.0,0.0,0.34782608695652173
285,calendar_logistic_hurdle,10,761,761,30,0.0,0.0,0.0,0.3333333333333333
285,calendar_logistic_hurdle,11,791,791,30,0.0,0.0,0.0,0.32
286,calendar_logistic_hurdle,0,461,461,30,37.0,35.77655156778662,1.223448432213381,19.0
286,calendar_logistic_hurdle,1,491,491,30,68.0,41.75188326722206,26.248116732777937,18.733333333333334
286,calendar_logistic_hurdle,2,521,521,30,34.0,44.80242537844676,10.802425378446763,19.5
286,calendar_logistic_hurdle,3,551,551,30,33.0,35.40538405835858,2.405384058358578,20.352941176470587
286,calendar_logistic_hurdle,4,581,581,30,24.0,34.18242375871307,10.182423758713071,19.27777777777778
286,calendar_logistic_hurdle,5,611,611,30,31.0,13.86592869397133,17.13407130602867,18.736842105263158
286,calendar_logistic_hurdle,6,641,641,30,32.0,30.366186792147687,1.633813207852313,18.15
286,calendar_logistic_hurdle,7,671,671,30,17.0,33.93680611309372,16.936806113093724,17.333333333333332
286,calendar_logistic_hurdle,8,701,701,30,11.0,18.172162697624298,7.172162697624298,17.227272727272727
286,calendar_logistic_hurdle,9,731,731,30,25.0,16.917577776305443,8.082422223694557,16.73913043478261
286,calendar_logistic_hurdle,10,761,761,30,46.0,24.032303868700012,21.967696131299988,16.625
286,calendar_logistic_hurdle,11,791,791,30,1.0,32.22238612230044,31.222386122300442,16.8
288,calendar_logistic_hurdle,0,461,461,30,2.0,0.0,2.0,0.0
288,calendar_logistic_hurdle,1,491,491,30,1.0,2.8336731789282594,1.8336731789282594,0.13333333333333333
288,calendar_logistic_hurdle,2,521,521,30,0.0,2.153855237773632,2.153855237773632,0.1875
288,calendar_logistic_hurdle,3,551,551,30,1.0,0.4038717607496389,0.5961282392503611,0.23529411764705882
288,calendar_logistic_hurdle,4,581,581,30,1.0,1.1450043553097988,0.14500435530979883,0.2777777777777778
288,calendar_logistic_hurdle,5,611,611,30,3.0,2.001953515566013,0.9980464844339871,0.2631578947368421
288,calendar_logistic_hurdle,6,641,641,30,1.0,5.9375578217351235,4.9375578217351235,0.35
288,calendar_logistic_hurdle,7,671,671,30,4.0,2.9092693801313567,1.0907306198686433,0.42857142857142855
288,calendar_logistic_hurdle,8,701,701,30,0.0,5.328946585726506,5.328946585726506,0.5454545454545454
288,calendar_logistic_hurdle,9,731,731,30,2.0,1.1538898914779143,0.8461101085220857,0.6956521739130435
288,calendar_logistic_hurdle,10,761,761,30,51.0,3.233083432551308,47.76691656744869,0.75
288,calendar_logistic_hurdle,11,791,791,30,0.0,33.857021326809466,33.857021326809466,2.68
289,calendar_logistic_hurdle,0,461,461,30,1.0,0.9214280534068616,0.07857194659313838,0.7857142857142857
289,calendar_logistic_hurdle,1,491,491,30,0.0,2.0868339856355127,2.0868339856355127,0.8
289,calendar_logistic_hurdle,2,521,521,30,0.0,0.7214812196047241,0.7214812196047241,0.8125
289,calendar_logistic_hurdle,3,551,551,30,2.0,0.6525359980625189,1.347464001937481,0.7647058823529411
289,calendar_logistic_hurdle,4,581,581,30,0.0,2.1309981414048287,2.1309981414048287,0.8333333333333334
289,calendar_logistic_hurdle,5,611,611,30,1.0,1.0896743064602221,0.08967430646022212,0.8947368421052632
289,calendar_logistic_hurdle,6,641,641,30,0.0,4.031507438367257,4.031507438367257,0.9
289,calendar_logistic_hurdle,7,671,671,30,0.0,1.078615612964868,1.078615612964868,0.9047619047619048
289,calendar_logistic_hurdle,8,701,701,30,0.0,0.6187619398516623,0.6187619398516623,0.8636363636363636
289,calendar_logistic_hurdle,9,731,731,30,0.0,0.0,0.0,0.8260869565217391
289,calendar_logistic_hurdle,10,761,761,30,3.0,0.0,3.0,0.7916666666666666
289,calendar_logistic_hurdle,11,791,791,30,0.0,1.8998295152958313,1.8998295152958313,0.88
291,calendar_logistic_hurdle,0,461,461,30,0.0,0.0,0.0,0.0
291,calendar_logistic_hurdle,1,491,491,30,0.0,0.0,0.0,0.0
291,calendar_logistic_hurdle,2,521,521,30,0.0,0.0,0.0,0.0
291,calendar_logistic_hurdle,3,551,551,30,0.0,0.0,0.0,0.0
291,calendar_logistic_hurdle,4,581,581,30,0.0,0.0,0.0,0.0
291,calendar_logistic_hurdle,5,611,611,30,210.0,0.0,210.0,0.0
291,calendar_logistic_hurdle,6,641,641,30,65.0,246.46713203535256,181.46713203535256,10.5
291,calendar_logistic_hurdle,7,671,671,30,57.0,121.64872288531832,64.64872288531832,16.904761904761905
291,calendar_logistic_hurdle,8,701,701,30,72.0,100.70200741087677,28.702007410876774,16.5
291,calendar_logistic_hurdle,9,731,731,30,81.0,57.276369578827484,23.723630421172516,16.434782608695652
291,calendar_logistic_hurdle,10,761,761,30,127.0,69.36634207276735,57.63365792723265,16.125
291,calendar_logistic_hurdle,11,791,791,30,22.0,92.67661144858967,70.67661144858967,17.32
292,calendar_logistic_hurdle,0,461,461,30,34.0,22.95013259047399,11.049867409526009,9.142857142857142
292,calendar_logistic_hurdle,1,491,491,30,45.0,27.726093481414505,17.273906518585495,10.133333333333333
292,calendar_logistic_hurdle,2,521,521,30,21.0,26.16730572143899,5.167305721438989,10.1875
292,calendar_logistic_hurdle,3,551,551,30,10.0,25.345573177819183,15.345573177819183,11.0
292,calendar_logistic_hurdle,4,581,581,30,25.0,15.961979674686821,9.038020325313179,11.0
292,calendar_logistic_hurdle,5,611,611,30,0.0,12.797451352943497,12.797451352943497,11.210526315789474
292,calendar_logistic_hurdle,6,641,641,30,0.0,3.0715285861714596,3.0715285861714596,11.9
292,calendar_logistic_hurdle,7,671,671,30,0.0,1.493073955816924,1.493073955816924,11.333333333333334
292,calendar_logistic_hurdle,8,701,701,30,0.0,0.0,0.0,10.818181818181818
292,calendar_logistic_hurdle,9,731,731,30,0.0,0.0,0.0,10.347826086956522
292,calendar_logistic_hurdle,10,761,761,30,0.0,0.0,0.0,9.916666666666666
292,calendar_logistic_hurdle,11,791,791,30,0.0,0.0,0.0,9.52
293,calendar_logistic_hurdle,0,461,461,30,46.0,29.83840353910702,16.16159646089298,10.214285714285714
293,calendar_logistic_hurdle,1,491,491,30,56.0,41.30952284318213,14.69047715681787,11.466666666666667
293,calendar_logistic_hurdle,2,521,521,30,30.0,40.500800545924456,10.500800545924456,11.375
293,calendar_logistic_hurdle,3,551,551,30,19.0,37.3455816827076,18.345581682707603,12.235294117647058
293,calendar_logistic_hurdle,4,581,581,30,40.0,25.41723479220748,14.58276520779252,12.166666666666666
293,calendar_logistic_hurdle,5,611,611,30,0.0,14.588183165003223,14.588183165003223,12.631578947368421
293,calendar_logistic_hurdle,6,641,641,30,0.0,3.5297407191691166,3.5297407191691166,14.0
293,calendar_logistic_hurdle,7,671,671,30,0.0,1.8596839922022657,1.8596839922022657,13.333333333333334
293,calendar_logistic_hurdle,8,701,701,30,0.0,0.0,0.0,12.727272727272727
293,calendar_logistic_hurdle,9,731,731,30,0.0,0.0,0.0,12.173913043478262
293,calendar_logistic_hurdle,10,761,761,30,0.0,0.0,0.0,11.666666666666666
293,calendar_logistic_hurdle,11,791,791,30,0.0,0.0,0.0,11.2
296,calendar_logistic_hurdle,0,461,461,30,0.0,0.0,0.0,0.0
296,calendar_logistic_hurdle,1,491,491,30,0.0,0.0,0.0,0.0
296,calendar_logistic_hurdle,2,521,521,30,0.0,0.0,0.0,0.0
296,calendar_logistic_hurdle,3,551,551,30,0.0,0.0,0.0,0.0
296,calendar_logistic_hurdle,4,581,581,30,0.0,0.0,0.0,0.0
296,calendar_logistic_hurdle,5,611,611,30,0.0,0.0,0.0,0.0
296,calendar_logistic_hurdle,6,641,641,30,15.0,0.0,15.0,0.0
296,calendar_logistic_hurdle,7,671,671,30,21.0,133.09142568854753,112.09142568854753,0.7142857142857143
296,calendar_logistic_hurdle,8,701,701,30,7.0,27.99553622637119,20.99553622637119,0.9545454545454546
296,calendar_logistic_hurdle,9,731,731,30,14.0,22.73355757637809,8.73355757637809,1.5217391304347827
296,calendar_logistic_hurdle,10,761,761,30,8.0,14.123030341778174,6.123030341778174,1.75
296,calendar_logistic_hurdle,11,791,791,30,0.0,11.193847070336817,11.193847070336817,1.92
297,calendar_logistic_hurdle,0,461,461,30,0.0,0.0,0.0,0.0
297,calendar_logistic_hurdle,1,491,491,30,0.0,0.0,0.0,0.0
297,calendar_logistic_hurdle,2,521,521,30,0.0,0.0,0.0,0.0
297,calendar_logistic_hurdle,3,551,551,30,0.0,0.0,0.0,0.0
297,calendar_logistic_hurdle,4,581,581,30,0.0,0.0,0.0,0.0
297,calendar_logistic_hurdle,5,611,611,30,0.0,0.0,0.0,0.0
297,calendar_logistic_hurdle,6,641,641,30,0.0,0.0,0.0,0.0
297,calendar_logistic_hurdle,7,671,671,30,0.0,0.0,0.0,0.0
297,calendar_logistic_hurdle,8,701,701,30,0.0,0.0,0.0,0.0
297,calendar_logistic_hurdle,9,731,731,30,0.0,0.0,0.0,0.0
297,calendar_logistic_hurdle,10,761,761,30,0.0,0.0,0.0,0.0
297,calendar_logistic_hurdle,11,791,791,30,3.0,0.0,3.0,0.0
299,calendar_logistic_hurdle,0,461,461,30,0.0,0.0,0.0,0.0
299,calendar_logistic_hurdle,1,491,491,30,0.0,0.0,0.0,0.0
299,calendar_logistic_hurdle,2,521,521,30,0.0,0.0,0.0,0.0
299,calendar_logistic_hurdle,3,551,551,30,0.0,0.0,0.0,0.0
299,calendar_logistic_hurdle,4,581,581,30,0.0,0.0,0.0,0.0
299,calendar_logistic_hurdle,5,611,611,30,0.0,0.0,0.0,0.0
299,calendar_logistic_hurdle,6,641,641,30,0.0,0.0,0.0,0.0
299,calendar_logistic_hurdle,7,671,671,30,0.0,0.0,0.0,0.0
299,calendar_logistic_hurdle,8,701,701,30,0.0,0.0,0.0,0.0
299,calendar_logistic_hurdle,9,731,731,30,0.0,0.0,0.0,0.0
299,calendar_logistic_hurdle,10,761,761,30,13.0,0.0,13.0,0.0
299,calendar_logistic_hurdle,11,791,791,30,0.0,55.49025298144673,55.49025298144673,0.52
300,calendar_logistic_hurdle,0,461,461,30,0.0,0.0,0.0,0.7142857142857143
300,calendar_logistic_hurdle,1,491,491,30,0.0,0.0,0.0,0.6666666666666666
300,calendar_logistic_hurdle,2,521,521,30,0.0,0.0,0.0,0.625
300,calendar_logistic_hurdle,3,551,551,30,0.0,0.0,0.0,0.5882352941176471
300,calendar_logistic_hurdle,4,581,581,30,0.0,0.0,0.0,0.5555555555555556
300,calendar_logistic_hurdle,5,611,611,30,0.0,0.0,0.0,0.5263157894736842
300,calendar_logistic_hurdle,6,641,641,30,0.0,0.0,0.0,0.5
300,calendar_logistic_hurdle,7,671,671,30,0.0,0.0,0.0,0.47619047619047616
300,calendar_logistic_hurdle,8,701,701,30,0.0,0.0,0.0,0.45454545454545453
300,calendar_logistic_hurdle,9,731,731,30,0.0,0.0,0.0,0.43478260869565216
300,calendar_logistic_hurdle,10,761,761,30,0.0,0.0,0.0,0.4166666666666667
300,calendar_logistic_hurdle,11,791,791,30,0.0,0.0,0.0,0.4
301,calendar_logistic_hurdle,0,461,461,30,0.0,0.0,0.0,13.285714285714286
301,calendar_logistic_hurdle,1,491,491,30,0.0,0.0,0.0,12.4
301,calendar_logistic_hurdle,2,521,521,30,0.0,0.0,0.0,11.625
301,calendar_logistic_hurdle,3,551,551,30,0.0,0.0,0.0,10.941176470588236
301,calendar_logistic_hurdle,4,581,581,30,0.0,0.0,0.0,10.333333333333334
301,calendar_logistic_hurdle,5,611,611,30,0.0,0.0,0.0,9.789473684210526
301,calendar_logistic_hurdle,6,641,641,30,0.0,0.0,0.0,9.3
301,calendar_logistic_hurdle,7,671,671,30,0.0,0.0,0.0,8.857142857142858
301,calendar_logistic_hurdle,8,701,701,30,0.0,0.0,0.0,8.454545454545455
301,calendar_logistic_hurdle,9,731,731,30,0.0,0.0,0.0,8.08695652173913
301,calendar_logistic_hurdle,10,761,761,30,0.0,0.0,0.0,7.75
301,calendar_logistic_hurdle,11,791,791,30,0.0,0.0,0.0,7.44
302,calendar_logistic_hurdle,0,461,461,30,8.0,47.660725028980096,39.660725028980096,7.357142857142857
302,calendar_logistic_hurdle,1,491,491,30,9.0,27.396577056741837,18.396577056741837,6.933333333333334
302,calendar_logistic_hurdle,2,521,521,30,6.0,12.940191695442339,6.940191695442339,6.5625
302,calendar_logistic_hurdle,3,551,551,30,3.0,8.265876411095133,5.2658764110951335,6.352941176470588
302,calendar_logistic_hurdle,4,581,581,30,3.0,7.695827716829776,4.695827716829776,6.166666666666667
302,calendar_logistic_hurdle,5,611,611,30,5.0,4.7523310827214,0.24766891727859974,5.842105263157895
302,calendar_logistic_hurdle,6,641,641,30,5.0,13.715115991314754,8.715115991314754,5.65
302,calendar_logistic_hurdle,7,671,671,30,57.0,7.90156210720116,49.09843789279884,5.380952380952381
302,calendar_logistic_hurdle,8,701,701,30,1.0,45.07856108198854,44.07856108198854,7.5
302,calendar_logistic_hurdle,9,731,731,30,14.0,15.614747331962072,1.6147473319620715,9.608695652173912
302,calendar_logistic_hurdle,10,761,761,30,30.0,54.719736339904955,24.719736339904955,9.75
302,calendar_logistic_hurdle,11,791,791,30,1.0,14.93285724757477,13.93285724757477,10.0
303,calendar_logistic_hurdle,0,461,461,30,1.0,0.590884378692874,0.409115621307126,1.6428571428571428
303,calendar_logistic_hurdle,1,491,491,30,5.0,3.6220082461599956,1.3779917538400044,1.6
303,calendar_logistic_hurdle,2,521,521,30,2.0,3.736908348051051,1.7369083480510512,1.75
303,calendar_logistic_hurdle,3,551,551,30,2.0,2.0768999518075537,0.07689995180755371,1.8235294117647058
303,calendar_logistic_hurdle,4,581,581,30,0.0,2.620002704693284,2.620002704693284,1.7222222222222223
303,calendar_logistic_hurdle,5,611,611,30,22.0,1.2088116503655042,20.791188349634496,1.736842105263158
303,calendar_logistic_hurdle,6,641,641,30,0.0,39.728363031539615,39.728363031539615,2.75
303,calendar_logistic_hurdle,7,671,671,30,0.0,26.553536062690252,26.553536062690252,3.6666666666666665
303,calendar_logistic_hurdle,8,701,701,30,0.0,12.212401062401895,12.212401062401895,3.5
303,calendar_logistic_hurdle,9,731,731,30,0.0,0.0,0.0,3.347826086956522
303,calendar_logistic_hurdle,10,761,761,30,2.0,0.0,2.0,3.2083333333333335
303,calendar_logistic_hurdle,11,791,791,30,0.0,2.555793636030651,2.555793636030651,3.16
304,calendar_logistic_hurdle,0,461,461,30,0.0,0.0,0.0,0.0
304,calendar_logistic_hurdle,1,491,491,30,0.0,0.0,0.0,0.0
304,calendar_logistic_hurdle,2,521,521,30,0.0,0.0,0.0,0.0
304,calendar_logistic_hurdle,3,551,551,30,0.0,0.0,0.0,0.0
304,calendar_logistic_hurdle,4,581,581,30,0.0,0.0,0.0,0.0
304,calendar_logistic_hurdle,5,611,611,30,0.0,0.0,0.0,0.0
304,calendar_logistic_hurdle,6,641,641,30,0.0,0.0,0.0,0.0
304,calendar_logistic_hurdle,7,671,671,30,0.0,0.0,0.0,0.0
304,calendar_logistic_hurdle,8,701,701,30,0.0,0.0,0.0,0.0
304,calendar_logistic_hurdle,9,731,731,30,0.0,0.0,0.0,0.0
304,calendar_logistic_hurdle,10,761,761,30,7.0,0.0,7.0,0.0
304,calendar_logistic_hurdle,11,791,791,30,3.0,9.751747737531232,6.7517477375312325,0.28
305,calendar_logistic_hurdle,0,461,461,30,0.0,0.0,0.0,0.0
305,calendar_logistic_hurdle,1,491,491,30,0.0,0.0,0.0,0.0
305,calendar_logistic_hurdle,2,521,521,30,0.0,0.0,0.0,0.0
305,calendar_logistic_hurdle,3,551,551,30,0.0,0.0,0.0,0.0
305,calendar_logistic_hurdle,4,581,581,30,0.0,0.0,0.0,0.0
305,calendar_logistic_hurdle,5,611,611,30,0.0,0.0,0.0,0.0
305,calendar_logistic_hurdle,6,641,641,30,0.0,0.0,0.0,0.0
305,calendar_logistic_hurdle,7,671,671,30,0.0,0.0,0.0,0.0
305,calendar_logistic_hurdle,8,701,701,30,2.0,0.0,2.0,0.0
305,calendar_logistic_hurdle,9,731,731,30,0.0,6.835859066077128,6.835859066077128,0.08695652173913043
305,calendar_logistic_hurdle,10,761,761,30,2.0,1.138493594710086,0.861506405289914,0.16666666666666666
305,calendar_logistic_hurdle,11,791,791,30,1.0,1.579670551639339,0.579670551639339,0.24
306,calendar_logistic_hurdle,0,461,461,30,0.0,0.0,0.0,0.0
306,calendar_logistic_hurdle,1,491,491,30,0.0,0.0,0.0,0.0
306,calendar_logistic_hurdle,2,521,521,30,0.0,0.0,0.0,0.0
306,calendar_logistic_hurdle,3,551,551,30,0.0,0.0,0.0,0.0
306,calendar_logistic_hurdle,4,581,581,30,0.0,0.0,0.0,0.0
306,calendar_logistic_hurdle,5,611,611,30,0.0,0.0,0.0,0.0
306,calendar_logistic_hurdle,6,641,641,30,0.0,0.0,0.0,0.0
306,calendar_logistic_hurdle,7,671,671,30,0.0,0.0,0.0,0.0
306,calendar_logistic_hurdle,8,701,701,30,0.0,0.0,0.0,0.0
306,calendar_logistic_hurdle,9,731,731,30,0.0,0.0,0.0,0.0
306,calendar_logistic_hurdle,10,761,761,30,171.0,0.0,171.0,0.0
306,calendar_logistic_hurdle,11,791,791,30,0.0,265.43841913815896,265.43841913815896,6.84
307,calendar_logistic_hurdle,0,461,461,30,0.0,2.0126244780878584,2.0126244780878584,28.571428571428573
307,calendar_logistic_hurdle,1,491,491,30,0.0,1.1305645932398913,1.1305645932398913,26.666666666666668
307,calendar_logistic_hurdle,2,521,521,30,0.0,0.0,0.0,25.0
307,calendar_logistic_hurdle,3,551,551,30,0.0,0.0,0.0,23.529411764705884
307,calendar_logistic_hurdle,4,581,581,30,0.0,0.0,0.0,22.22222222222222
307,calendar_logistic_hurdle,5,611,611,30,0.0,0.0,0.0,21.05263157894737
307,calendar_logistic_hurdle,6,641,641,30,0.0,0.0,0.0,20.0
307,calendar_logistic_hurdle,7,671,671,30,0.0,0.0,0.0,19.047619047619047
307,calendar_logistic_hurdle,8,701,701,30,0.0,0.0,0.0,18.181818181818183
307,calendar_logistic_hurdle,9,731,731,30,0.0,0.0,0.0,17.391304347826086
307,calendar_logistic_hurdle,10,761,761,30,0.0,0.0,0.0,16.666666666666668
307,calendar_logistic_hurdle,11,791,791,30,0.0,0.0,0.0,16.0
308,calendar_logistic_hurdle,0,461,461,30,2.0,0.0,2.0,17.071428571428573
308,calendar_logistic_hurdle,1,491,491,30,0.0,2.420887856885887,2.420887856885887,16.066666666666666
308,calendar_logistic_hurdle,2,521,521,30,1.0,0.6147392214416604,0.3852607785583396,15.1875
308,calendar_logistic_hurdle,3,551,551,30,0.0,2.507637026430106,2.507637026430106,14.352941176470589
308,calendar_logistic_hurdle,4,581,581,30,0.0,0.5984497977469747,0.5984497977469747,13.61111111111111
308,calendar_logistic_hurdle,5,611,611,30,0.0,0.3806223216807473,0.3806223216807473,12.894736842105264
308,calendar_logistic_hurdle,6,641,641,30,0.0,0.0,0.0,12.25
308,calendar_logistic_hurdle,7,671,671,30,0.0,0.0,0.0,11.666666666666666
308,calendar_logistic_hurdle,8,701,701,30,0.0,0.0,0.0,11.136363636363637
308,calendar_logistic_hurdle,9,731,731,30,0.0,0.0,0.0,10.652173913043478
308,calendar_logistic_hurdle,10,761,761,30,0.0,0.0,0.0,10.208333333333334
308,calendar_logistic_hurdle,11,791,791,30,0.0,0.0,0.0,9.8
309,calendar_logistic_hurdle,0,461,461,30,43.0,26.359229270347463,16.640770729652537,0.8571428571428571
309,calendar_logistic_hurdle,1,491,491,30,89.0,34.496490231633295,54.503509768366705,2.8666666666666667
309,calendar_logistic_hurdle,2,521,521,30,18.0,59.160314580801895,41.160314580801895,5.5625
309,calendar_logistic_hurdle,3,551,551,30,17.0,39.52465618237246,22.52465618237246,9.411764705882353
309,calendar_logistic_hurdle,4,581,581,30,44.0,24.848706129916646,19.151293870083354,8.944444444444445
309,calendar_logistic_hurdle,5,611,611,30,22.0,14.16465135652857,7.835348643471431,9.894736842105264
309,calendar_logistic_hurdle,6,641,641,30,19.0,34.934083790588325,15.934083790588325,10.5
309,calendar_logistic_hurdle,7,671,671,30,4.0,30.123905680838277,26.123905680838277,10.142857142857142
309,calendar_logistic_hurdle,8,701,701,30,8.0,15.628939534806005,7.628939534806005,10.363636363636363
309,calendar_logistic_hurdle,9,731,731,30,6.0,12.617607582449827,6.617607582449827,10.08695652173913
309,calendar_logistic_hurdle,10,761,761,30,7.0,10.969169381389232,3.969169381389232,9.75
309,calendar_logistic_hurdle,11,791,791,30,0.0,8.05733727555049,8.05733727555049,9.4
310,calendar_logistic_hurdle,0,461,461,30,0.0,3.0484363947064863,3.0484363947064863,3.0
310,calendar_logistic_hurdle,1,491,491,30,0.0,0.7343413887676116,0.7343413887676116,2.8
310,calendar_logistic_hurdle,2,521,521,30,0.0,0.0,0.0,2.625
310,calendar_logistic_hurdle,3,551,551,30,0.0,0.0,0.0,2.4705882352941178
310,calendar_logistic_hurdle,4,581,581,30,0.0,0.0,0.0,2.3333333333333335
310,calendar_logistic_hurdle,5,611,611,30,0.0,0.0,0.0,2.210526315789474
310,calendar_logistic_hurdle,6,641,641,30,0.0,0.0,0.0,2.1
310,calendar_logistic_hurdle,7,671,671,30,0.0,0.0,0.0,2.0
310,calendar_logistic_hurdle,8,701,701,30,0.0,0.0,0.0,1.9090909090909092
310,calendar_logistic_hurdle,9,731,731,30,0.0,0.0,0.0,1.826086956521739
310,calendar_logistic_hurdle,10,761,761,30,0.0,0.0,0.0,1.75
310,calendar_logistic_hurdle,11,791,791,30,0.0,0.0,0.0,1.68
311,calendar_logistic_hurdle,0,461,461,30,24.0,8.999227282140408,15.000772717859592,0.14285714285714285
311,calendar_logistic_hurdle,1,491,491,30,7.0,14.89021771693037,7.890217716930371,1.6
311,calendar_logistic_hurdle,2,521,521,30,2.0,15.15046030331346,13.15046030331346,2.5625
311,calendar_logistic_hurdle,3,551,551,30,6.0,8.787623238862826,2.7876232388628264,2.7058823529411766
311,calendar_logistic_hurdle,4,581,581,30,3.0,3.1454909548478645,0.14549095484786445,2.7777777777777777
311,calendar_logistic_hurdle,5,611,611,30,8.0,4.667011692234019,3.332988307765981,2.789473684210526
311,calendar_logistic_hurdle,6,641,641,30,4.0,9.170638809598538,5.170638809598538,2.9
311,calendar_logistic_hurdle,7,671,671,30,1.0,9.149155317341021,8.149155317341021,2.9523809523809526
311,calendar_logistic_hurdle,8,701,701,30,3.0,8.508192719094358,5.5081927190943585,2.9545454545454546
311,calendar_logistic_hurdle,9,731,731,30,7.0,5.378211059572204,1.6217889404277956,2.9130434782608696
311,calendar_logistic_hurdle,10,761,761,30,3.0,7.788046161708305,4.788046161708305,2.9583333333333335
311,calendar_logistic_hurdle,11,791,791,30,0.0,3.961060240546802,3.961060240546802,3.0
312,calendar_logistic_hurdle,0,461,461,30,0.0,0.0,0.0,0.2857142857142857
312,calendar_logistic_hurdle,1,491,491,30,0.0,0.0,0.0,0.26666666666666666
312,calendar_logistic_hurdle,2,521,521,30,0.0,0.0,0.0,0.25
312,calendar_logistic_hurdle,3,551,551,30,0.0,0.0,0.0,0.23529411764705882
312,calendar_logistic_hurdle,4,581,581,30,0.0,0.0,0.0,0.2222222222222222
312,calendar_logistic_hurdle,5,611,611,30,0.0,0.0,0.0,0.21052631578947367
312,calendar_logistic_hurdle,6,641,641,30,0.0,0.0,0.0,0.2
312,calendar_logistic_hurdle,7,671,671,30,0.0,0.0,0.0,0.19047619047619047
312,calendar_logistic_hurdle,8,701,701,30,0.0,0.0,0.0,0.18181818181818182
312,calendar_logistic_hurdle,9,731,731,30,0.0,0.0,0.0,0.17391304347826086
312,calendar_logistic_hurdle,10,761,761,30,0.0,0.0,0.0,0.16666666666666666
312,calendar_logistic_hurdle,11,791,791,30,0.0,0.0,0.0,0.16
315,calendar_logistic_hurdle,0,461,461,30,17.0,37.535939669349894,20.535939669349894,2.7142857142857144
315,calendar_logistic_hurdle,1,491,491,30,7.0,27.51548033924606,20.51548033924606,3.933333333333333
315,calendar_logistic_hurdle,2,521,521,30,4.0,25.423188674401636,21.423188674401636,4.3125
315,calendar_logistic_hurdle,3,551,551,30,1.0,11.760419397552386,10.760419397552386,4.235294117647059
315,calendar_logistic_hurdle,4,581,581,30,0.0,6.88187060304013,6.88187060304013,4.166666666666667
315,calendar_logistic_hurdle,5,611,611,30,5.0,1.4389475999272376,3.5610524000727626,4.0
315,calendar_logistic_hurdle,6,641,641,30,7.0,10.715945194890292,3.715945194890292,4.05
315,calendar_logistic_hurdle,7,671,671,30,0.0,12.425004094088523,12.425004094088523,3.9523809523809526
315,calendar_logistic_hurdle,8,701,701,30,6.0,2.6760352630318534,3.3239647369681466,4.090909090909091
315,calendar_logistic_hurdle,9,731,731,30,3.0,8.936024158843788,5.936024158843788,4.173913043478261
315,calendar_logistic_hurdle,10,761,761,30,6.0,3.133179835110636,2.866820164889364,4.125
315,calendar_logistic_hurdle,11,791,791,30,0.0,5.988288952427777,5.988288952427777,4.08
321,calendar_logistic_hurdle,0,461,461,30,14.0,15.09426718874703,1.0942671887470308,0.21428571428571427
321,calendar_logistic_hurdle,1,491,491,30,2.0,24.357032215356778,22.357032215356778,0.9333333333333333
321,calendar_logistic_hurdle,2,521,521,30,0.0,12.934049507169323,12.934049507169323,1.625
321,calendar_logistic_hurdle,3,551,551,30,17.0,3.4719846071963816,13.528015392803619,1.6470588235294117
321,calendar_logistic_hurdle,4,581,581,30,11.0,10.317611320245943,0.682388679754057,2.5
321,calendar_logistic_hurdle,5,611,611,30,3.0,6.639530891181386,3.639530891181386,2.6842105263157894
321,calendar_logistic_hurdle,6,641,641,30,17.0,11.739827927287202,5.260172072712798,2.95
321,calendar_logistic_hurdle,7,671,671,30,8.0,14.328953252841579,6.328953252841579,3.4761904761904763
321,calendar_logistic_hurdle,8,701,701,30,37.0,10.640238591064652,26.35976140893535,3.727272727272727
321,calendar_logistic_hurdle,9,731,731,30,2.0,35.97558513778189,33.97558513778189,4.826086956521739
321,calendar_logistic_hurdle,10,761,761,30,11.0,10.201766890091895,0.7982331099081055,6.083333333333333
321,calendar_logistic_hurdle,11,791,791,30,0.0,22.699652580514424,22.699652580514424,6.2
323,calendar_logistic_hurdle,0,461,461,30,0.0,0.0,0.0,1.0
323,calendar_logistic_hurdle,1,491,491,30,0.0,0.0,0.0,0.9333333333333333
323,calendar_logistic_hurdle,2,521,521,30,0.0,0.0,0.0,0.875
323,calendar_logistic_hurdle,3,551,551,30,0.0,0.0,0.0,0.8235294117647058
323,calendar_logistic_hurdle,4,581,581,30,0.0,0.0,0.0,0.7777777777777778
323,calendar_logistic_hurdle,5,611,611,30,0.0,0.0,0.0,0.7368421052631579
323,calendar_logistic_hurdle,6,641,641,30,0.0,0.0,0.0,0.7
323,calendar_logistic_hurdle,7,671,671,30,0.0,0.0,0.0,0.6666666666666666
323,calendar_logistic_hurdle,8,701,701,30,0.0,0.0,0.0,0.6363636363636364
323,calendar_logistic_hurdle,9,731,731,30,0.0,0.0,0.0,0.6086956521739131
323,calendar_logistic_hurdle,10,761,761,30,0.0,0.0,0.0,0.5833333333333334
323,calendar_logistic_hurdle,11,791,791,30,0.0,0.0,0.0,0.56
324,calendar_logistic_hurdle,0,461,461,30,39.0,39.96962791279574,0.9696279127957368,15.0
324,calendar_logistic_hurdle,1,491,491,30,0.0,39.02887943639067,39.02887943639067,15.666666666666666
324,calendar_logistic_hurdle,2,521,521,30,0.0,4.496623328936082,4.496623328936082,17.125
324,calendar_logistic_hurdle,3,551,551,30,0.0,1.7679750300008896,1.7679750300008896,16.11764705882353
324,calendar_logistic_hurdle,4,581,581,30,0.0,0.0,0.0,15.222222222222221
324,calendar_logistic_hurdle,5,611,611,30,0.0,0.0,0.0,14.421052631578947
324,calendar_logistic_hurdle,6,641,641,30,0.0,0.0,0.0,13.7
324,calendar_logistic_hurdle,7,671,671,30,0.0,0.0,0.0,13.047619047619047
324,calendar_logistic_hurdle,8,701,701,30,0.0,0.0,0.0,12.454545454545455
324,calendar_logistic_hurdle,9,731,731,30,0.0,0.0,0.0,11.91304347826087
324,calendar_logistic_hurdle,10,761,761,30,0.0,0.0,0.0,11.416666666666666
324,calendar_logistic_hurdle,11,791,791,30,0.0,0.0,0.0,10.96
325,calendar_logistic_hurdle,0,461,461,30,0.0,0.0,0.0,14.428571428571429
325,calendar_logistic_hurdle,1,491,491,30,0.0,0.0,0.0,13.466666666666667
325,calendar_logistic_hurdle,2,521,521,30,0.0,0.0,0.0,12.625
325,calendar_logistic_hurdle,3,551,551,30,0.0,0.0,0.0,11.882352941176471
325,calendar_logistic_hurdle,4,581,581,30,0.0,0.0,0.0,11.222222222222221
325,calendar_logistic_hurdle,5,611,611,30,0.0,0.0,0.0,10.631578947368421
325,calendar_logistic_hurdle,6,641,641,30,0.0,0.0,0.0,10.1
325,calendar_logistic_hurdle,7,671,671,30,0.0,0.0,0.0,9.619047619047619
325,calendar_logistic_hurdle,8,701,701,30,0.0,0.0,0.0,9.181818181818182
325,calendar_logistic_hurdle,9,731,731,30,0.0,0.0,0.0,8.782608695652174
325,calendar_logistic_hurdle,10,761,761,30,0.0,0.0,0.0,8.416666666666666
325,calendar_logistic_hurdle,11,791,791,30,0.0,0.0,0.0,8.08
326,calendar_logistic_hurdle,0,461,461,30,0.0,1.3854084241579234,1.3854084241579234,7.428571428571429
326,calendar_logistic_hurdle,1,491,491,30,0.0,0.0,0.0,6.933333333333334
326,calendar_logistic_hurdle,2,521,521,30,0.0,0.0,0.0,6.5
326,calendar_logistic_hurdle,3,551,551,30,0.0,0.0,0.0,6.117647058823529
326,calendar_logistic_hurdle,4,581,581,30,0.0,0.0,0.0,5.777777777777778
326,calendar_logistic_hurdle,5,611,611,30,0.0,0.0,0.0,5.473684210526316
326,calendar_logistic_hurdle,6,641,641,30,0.0,0.0,0.0,5.2
326,calendar_logistic_hurdle,7,671,671,30,0.0,0.0,0.0,4.9523809523809526
326,calendar_logistic_hurdle,8,701,701,30,0.0,0.0,0.0,4.7272727272727275
326,calendar_logistic_hurdle,9,731,731,30,0.0,0.0,0.0,4.521739130434782
326,calendar_logistic_hurdle,10,761,761,30,0.0,0.0,0.0,4.333333333333333
326,calendar_logistic_hurdle,11,791,791,30,0.0,0.0,0.0,4.16
327,calendar_logistic_hurdle,0,461,461,30,0.0,0.0,0.0,0.9285714285714286
327,calendar_logistic_hurdle,1,491,491,30,0.0,0.0,0.0,0.8666666666666667
327,calendar_logistic_hurdle,2,521,521,30,0.0,0.0,0.0,0.8125
327,calendar_logistic_hurdle,3,551,551,30,0.0,0.0,0.0,0.7647058823529411
327,calendar_logistic_hurdle,4,581,581,30,0.0,0.0,0.0,0.7222222222222222
327,calendar_logistic_hurdle,5,611,611,30,0.0,0.0,0.0,0.6842105263157895
327,calendar_logistic_hurdle,6,641,641,30,0.0,0.0,0.0,0.65
327,calendar_logistic_hurdle,7,671,671,30,0.0,0.0,0.0,0.6190476190476191
327,calendar_logistic_hurdle,8,701,701,30,0.0,0.0,0.0,0.5909090909090909
327,calendar_logistic_hurdle,9,731,731,30,0.0,0.0,0.0,0.5652173913043478
327,calendar_logistic_hurdle,10,761,761,30,0.0,0.0,0.0,0.5416666666666666
327,calendar_logistic_hurdle,11,791,791,30,0.0,0.0,0.0,0.52
335,calendar_logistic_hurdle,0,461,461,30,0.0,0.0,0.0,4.857142857142857
335,calendar_logistic_hurdle,1,491,491,30,0.0,0.0,0.0,4.533333333333333
335,calendar_logistic_hurdle,2,521,521,30,0.0,0.0,0.0,4.25
335,calendar_logistic_hurdle,3,551,551,30,0.0,0.0,0.0,4.0
335,calendar_logistic_hurdle,4,581,581,30,0.0,0.0,0.0,3.7777777777777777
335,calendar_logistic_hurdle,5,611,611,30,0.0,0.0,0.0,3.5789473684210527
335,calendar_logistic_hurdle,6,641,641,30,0.0,0.0,0.0,3.4
335,calendar_logistic_hurdle,7,671,671,30,0.0,0.0,0.0,3.238095238095238
335,calendar_logistic_hurdle,8,701,701,30,0.0,0.0,0.0,3.090909090909091
335,calendar_logistic_hurdle,9,731,731,30,0.0,0.0,0.0,2.9565217391304346
335,calendar_logistic_hurdle,10,761,761,30,0.0,0.0,0.0,2.8333333333333335
335,calendar_logistic_hurdle,11,791,791,30,0.0,0.0,0.0,2.72
336,calendar_logistic_hurdle,0,461,461,30,0.0,0.0,0.0,0.7142857142857143
336,calendar_logistic_hurdle,1,491,491,30,0.0,0.0,0.0,0.6666666666666666
336,calendar_logistic_hurdle,2,521,521,30,0.0,0.0,0.0,0.625
336,calendar_logistic_hurdle,3,551,551,30,0.0,0.0,0.0,0.5882352941176471
336,calendar_logistic_hurdle,4,581,581,30,0.0,0.0,0.0,0.5555555555555556
336,calendar_logistic_hurdle,5,611,611,30,0.0,0.0,0.0,0.5263157894736842
336,calendar_logistic_hurdle,6,641,641,30,0.0,0.0,0.0,0.5
336,calendar_logistic_hurdle,7,671,671,30,0.0,0.0,0.0,0.47619047619047616
336,calendar_logistic_hurdle,8,701,701,30,0.0,0.0,0.0,0.45454545454545453
336,calendar_logistic_hurdle,9,731,731,30,0.0,0.0,0.0,0.43478260869565216
336,calendar_logistic_hurdle,10,761,761,30,0.0,0.0,0.0,0.4166666666666667
336,calendar_logistic_hurdle,11,791,791,30,0.0,0.0,0.0,0.4
337,calendar_logistic_hurdle,0,461,461,30,4.0,3.579602498481376,0.4203975015186239,0.14285714285714285
337,calendar_logistic_hurdle,1,491,491,30,3.0,5.103554941590542,2.1035549415905423,0.26666666666666666
337,calendar_logistic_hurdle,2,521,521,30,0.0,3.001746846922143,3.001746846922143,0.3125
337,calendar_logistic_hurdle,3,551,551,30,0.0,0.7291744355335128,0.7291744355335128,0.47058823529411764
337,calendar_logistic_hurdle,4,581,581,30,1.0,0.17930418280485197,0.8206958171951481,0.4444444444444444
337,calendar_logistic_hurdle,5,611,611,30,5.0,1.5375833942670734,3.4624166057329266,0.47368421052631576
337,calendar_logistic_hurdle,6,641,641,30,1.0,11.558546837175905,10.558546837175905,0.65
337,calendar_logistic_hurdle,7,671,671,30,0.0,3.041696757225796,3.041696757225796,0.8095238095238095
337,calendar_logistic_hurdle,8,701,701,30,0.0,0.78869804562819,0.78869804562819,0.8181818181818182
337,calendar_logistic_hurdle,9,731,731,30,2.0,0.2206187378969253,1.7793812621030747,0.782608695652174
337,calendar_logistic_hurdle,10,761,761,30,0.0,3.409908175401414,3.409908175401414,0.8333333333333334
337,calendar_logistic_hurdle,11,791,791,30,0.0,0.591534652828713,0.591534652828713,0.88
339,calendar_logistic_hurdle,0,461,461,30,5.0,6.759639598043157,1.7596395980431572,0.6428571428571429
339,calendar_logistic_hurdle,1,491,491,30,2.0,3.548924955779566,1.5489249557795661,0.8666666666666667
339,calendar_logistic_hurdle,2,521,521,30,0.0,3.9703560816808348,3.9703560816808348,1.0
339,calendar_logistic_hurdle,3,551,551,30,4.0,1.02551280320641,2.97448719679359,1.0588235294117647
339,calendar_logistic_hurdle,4,581,581,30,0.0,2.8617713290226443,2.8617713290226443,1.2222222222222223
339,calendar_logistic_hurdle,5,611,611,30,1.0,1.227146428965079,0.22714642896507908,1.368421052631579
339,calendar_logistic_hurdle,6,641,641,30,0.0,2.51950113070424,2.51950113070424,1.35
339,calendar_logistic_hurdle,7,671,671,30,1.0,0.673813664538383,0.326186335461617,1.3333333333333333
339,calendar_logistic_hurdle,8,701,701,30,2.0,2.3460193237027713,0.34601932370277133,1.3181818181818181
339,calendar_logistic_hurdle,9,731,731,30,5.0,5.950378177415789,0.9503781774157893,1.3043478260869565
339,calendar_logistic_hurdle,10,761,761,30,4.0,5.0033540133196,1.0033540133196004,1.375
339,calendar_logistic_hurdle,11,791,791,30,0.0,4.1671784450197356,4.1671784450197356,1.36
340,calendar_logistic_hurdle,0,461,461,30,123.0,93.80838302097207,29.191616979027927,12.928571428571429
340,calendar_logistic_hurdle,1,491,491,30,3.0,94.70747370477713,91.70747370477713,12.466666666666667
340,calendar_logistic_hurdle,2,521,521,30,0.0,100.13198538404546,100.13198538404546,19.1875
340,calendar_logistic_hurdle,3,551,551,30,0.0,27.31633534829856,27.31633534829856,18.235294117647058
340,calendar_logistic_hurdle,4,581,581,30,0.0,0.6118910131106082,0.6118910131106082,17.22222222222222
340,calendar_logistic_hurdle,5,611,611,30,0.0,0.0,0.0,16.31578947368421
340,calendar_logistic_hurdle,6,641,641,30,0.0,0.0,0.0,15.5
340,calendar_logistic_hurdle,7,671,671,30,0.0,0.0,0.0,14.761904761904763
340,calendar_logistic_hurdle,8,701,701,30,0.0,0.0,0.0,14.090909090909092
340,calendar_logistic_hurdle,9,731,731,30,0.0,0.0,0.0,13.478260869565217
340,calendar_logistic_hurdle,10,761,761,30,0.0,0.0,0.0,12.916666666666666
340,calendar_logistic_hurdle,11,791,791,30,0.0,0.0,0.0,12.4
341,calendar_logistic_hurdle,0,461,461,30,0.0,0.0,0.0,0.0
341,calendar_logistic_hurdle,1,491,491,30,0.0,0.0,0.0,0.0
341,calendar_logistic_hurdle,2,521,521,30,0.0,0.0,0.0,0.0
341,calendar_logistic_hurdle,3,551,551,30,2.0,0.0,2.0,0.0
341,calendar_logistic_hurdle,4,581,581,30,10.0,2.1645963550134524,7.835403644986547,0.1111111111111111
341,calendar_logistic_hurdle,5,611,611,30,3.0,6.700225927838161,3.7002259278381606,0.5263157894736842
341,calendar_logistic_hurdle,6,641,641,30,2.0,8.455860678909108,6.455860678909108,0.85
341,calendar_logistic_hurdle,7,671,671,30,9.0,8.103560341949793,0.8964396580502072,0.8571428571428571
341,calendar_logistic_hurdle,8,701,701,30,45.0,6.965295045805268,38.03470495419473,1.1363636363636365
341,calendar_logistic_hurdle,9,731,731,30,7.0,23.918234826649236,16.918234826649236,2.652173913043478
341,calendar_logistic_hurdle,10,761,761,30,5.0,11.694656443339955,6.694656443339955,4.125
341,calendar_logistic_hurdle,11,791,791,30,0.0,20.435151433967043,20.435151433967043,4.04
342,calendar_logistic_hurdle,0,461,461,30,9.0,0.35804315055902763,8.641956849440973,0.07142857142857142
342,calendar_logistic_hurdle,1,491,491,30,19.0,13.4561281373427,5.5438718626573,0.6
342,calendar_logistic_hurdle,2,521,521,30,5.0,16.6409216849779,11.6409216849779,1.1875
342,calendar_logistic_hurdle,3,551,551,30,0.0,15.278732186621012,15.278732186621012,1.9411764705882353
342,calendar_logistic_hurdle,4,581,581,30,0.0,2.1304153279581373,2.1304153279581373,2.111111111111111
342,calendar_logistic_hurdle,5,611,611,30,0.0,0.3858048794163053,0.3858048794163053,2.0
342,calendar_logistic_hurdle,6,641,641,30,0.0,0.0,0.0,1.9
342,calendar_logistic_hurdle,7,671,671,30,0.0,0.0,0.0,1.8095238095238095
342,calendar_logistic_hurdle,8,701,701,30,0.0,0.0,0.0,1.7272727272727273
342,calendar_logistic_hurdle,9,731,731,30,0.0,0.0,0.0,1.6521739130434783
342,calendar_logistic_hurdle,10,761,761,30,0.0,0.0,0.0,1.5833333333333333
342,calendar_logistic_hurdle,11,791,791,30,0.0,0.0,0.0,1.52
343,calendar_logistic_hurdle,0,461,461,30,0.0,0.0,0.0,4.428571428571429
343,calendar_logistic_hurdle,1,491,491,30,0.0,0.0,0.0,4.133333333333334
343,calendar_logistic_hurdle,2,521,521,30,0.0,0.0,0.0,3.875
343,calendar_logistic_hurdle,3,551,551,30,0.0,0.0,0.0,3.6470588235294117
343,calendar_logistic_hurdle,4,581,581,30,0.0,0.0,0.0,3.4444444444444446
343,calendar_logistic_hurdle,5,611,611,30,0.0,0.0,0.0,3.263157894736842
343,calendar_logistic_hurdle,6,641,641,30,0.0,0.0,0.0,3.1
343,calendar_logistic_hurdle,7,671,671,30,0.0,0.0,0.0,2.9523809523809526
343,calendar_logistic_hurdle,8,701,701,30,0.0,0.0,0.0,2.8181818181818183
343,calendar_logistic_hurdle,9,731,731,30,0.0,0.0,0.0,2.6956521739130435
343,calendar_logistic_hurdle,10,761,761,30,0.0,0.0,0.0,2.5833333333333335
343,calendar_logistic_hurdle,11,791,791,30,0.0,0.0,0.0,2.48
345,calendar_logistic_hurdle,0,461,461,30,3.0,0.0,3.0,0.0
345,calendar_logistic_hurdle,1,491,491,30,23.0,6.5882237428694514,16.411776257130548,0.2
345,calendar_logistic_hurdle,2,521,521,30,9.0,15.233677287296599,6.233677287296599,1.4375
345,calendar_logistic_hurdle,3,551,551,30,12.0,12.587927516102159,0.5879275161021589,2.176470588235294
345,calendar_logistic_hurdle,4,581,581,30,4.0,7.554419502473189,3.5544195024731886,2.2222222222222223
345,calendar_logistic_hurdle,5,611,611,30,0.0,3.455652324699646,3.455652324699646,2.526315789473684
345,calendar_logistic_hurdle,6,641,641,30,3.0,0.8689177296159494,2.1310822703840504,2.6
345,calendar_logistic_hurdle,7,671,671,30,10.0,14.295524805889226,4.295524805889226,2.619047619047619
345,calendar_logistic_hurdle,8,701,701,30,6.0,18.116216306076527,12.116216306076527,2.8181818181818183
345,calendar_logistic_hurdle,9,731,731,30,13.0,13.955546986938314,0.9555469869383142,2.869565217391304
345,calendar_logistic_hurdle,10,761,761,30,9.0,14.099706374383423,5.099706374383423,3.0416666666666665
345,calendar_logistic_hurdle,11,791,791,30,0.0,9.93863521146422,9.93863521146422,3.08
346,calendar_logistic_hurdle,0,461,461,30,0.0,0.0,0.0,0.0
346,calendar_logistic_hurdle,1,491,491,30,49.0,0.0,49.0,0.0
346,calendar_logistic_hurdle,2,521,521,30,80.0,131.95747080500377,51.957470805003766,3.0625
346,calendar_logistic_hurdle,3,551,551,30,24.0,93.06593214442199,69.06593214442199,4.705882352941177
346,calendar_logistic_hurdle,4,581,581,30,0.0,37.528035284328375,37.528035284328375,7.555555555555555
346,calendar_logistic_hurdle,5,611,611,30,0.0,6.351999405178505,6.351999405178505,8.421052631578947
346,calendar_logistic_hurdle,6,641,641,30,0.0,0.6739550060229327,0.6739550060229327,8.0
346,calendar_logistic_hurdle,7,671,671,30,0.0,0.0,0.0,7.619047619047619
346,calendar_logistic_hurdle,8,701,701,30,0.0,0.0,0.0,7.2727272727272725
346,calendar_logistic_hurdle,9,731,731,30,0.0,0.0,0.0,6.956521739130435
346,calendar_logistic_hurdle,10,761,761,30,0.0,0.0,0.0,6.666666666666667
346,calendar_logistic_hurdle,11,791,791,30,0.0,0.0,0.0,6.4
347,calendar_logistic_hurdle,0,461,461,30,5.0,2.9150474498731707,2.0849525501268293,0.07142857142857142
347,calendar_logistic_hurdle,1,491,491,30,5.0,7.208188672007558,2.208188672007558,0.3333333333333333
347,calendar_logistic_hurdle,2,521,521,30,5.0,5.008770803360521,0.008770803360521384,0.3125
347,calendar_logistic_hurdle,3,551,551,30,1.0,6.3823283264867205,5.3823283264867205,0.29411764705882354
347,calendar_logistic_hurdle,4,581,581,30,14.0,2.944590795134826,11.055409204865175,0.5
347,calendar_logistic_hurdle,5,611,611,30,1.0,6.399804582215617,5.399804582215617,1.1578947368421053
347,calendar_logistic_hurdle,6,641,641,30,1.0,6.842044064442969,5.842044064442969,1.75
347,calendar_logistic_hurdle,7,671,671,30,2.0,10.635066051044193,8.635066051044193,1.6666666666666667
347,calendar_logistic_hurdle,8,701,701,30,3.0,5.527166325461985,2.5271663254619847,1.6363636363636365
347,calendar_logistic_hurdle,9,731,731,30,4.0,4.626819941283252,0.6268199412832516,1.608695652173913
347,calendar_logistic_hurdle,10,761,761,30,2.0,6.2363052020941065,4.2363052020941065,1.5833333333333333
347,calendar_logistic_hurdle,11,791,791,30,0.0,3.906740466882925,3.906740466882925,1.6
349,calendar_logistic_hurdle,0,461,461,30,4.0,0.0,4.0,0.0
349,calendar_logistic_hurdle,1,491,491,30,23.0,12.418905672328943,10.581094327671057,0.26666666666666666
349,calendar_logistic_hurdle,2,521,521,30,23.0,17.7400195971164,5.259980402883599,1.4375
349,calendar_logistic_hurdle,3,551,551,30,6.0,19.651490902221568,13.651490902221568,1.3529411764705883
349,calendar_logistic_hurdle,4,581,581,30,74.0,17.520488046122217,56.47951195387778,2.2222222222222223
349,calendar_logistic_hurdle,5,611,611,30,146.0,22.200861762618942,123.79913823738106,5.684210526315789
349,calendar_logistic_hurdle,6,641,641,30,7.0,116.40392507015537,109.40392507015537,9.0
349,calendar_logistic_hurdle,7,671,671,30,8.0,126.53078701271338,118.53078701271338,15.19047619047619
349,calendar_logistic_hurdle,8,701,701,30,3.0,86.74079737506419,83.74079737506419,14.545454545454545
349,calendar_logistic_hurdle,9,731,731,30,3.0,6.3748090569599,3.3748090569599,14.130434782608695
349,calendar_logistic_hurdle,10,761,761,30,11.0,5.3367168854954,5.6632831145046,13.541666666666666
349,calendar_logistic_hurdle,11,791,791,30,1.0,6.2170171487014,5.2170171487014,13.32
350,calendar_logistic_hurdle,0,461,461,30,0.0,0.0,0.0,0.0
350,calendar_logistic_hurdle,1,491,491,30,0.0,0.0,0.0,0.0
350,calendar_logistic_hurdle,2,521,521,30,0.0,0.0,0.0,0.0
350,calendar_logistic_hurdle,3,551,551,30,1.0,0.0,1.0,0.0
350,calendar_logistic_hurdle,4,581,581,30,180.0,8.158370136994883,171.84162986300512,0.05555555555555555
350,calendar_logistic_hurdle,5,611,611,30,292.0,64.88412056032574,227.11587943967425,9.473684210526315
350,calendar_logistic_hurdle,6,641,641,30,53.0,274.0282182953449,221.0282182953449,14.6
350,calendar_logistic_hurdle,7,671,671,30,37.0,164.96701269818857,127.96701269818857,25.285714285714285
350,calendar_logistic_hurdle,8,701,701,30,45.0,109.85281792440296,64.85281792440296,24.863636363636363
350,calendar_logistic_hurdle,9,731,731,30,77.0,51.32000393372272,25.679996066277283,24.130434782608695
350,calendar_logistic_hurdle,10,761,761,30,211.0,59.4926177444849,151.5073822555151,24.458333333333332
350,calendar_logistic_hurdle,11,791,791,30,10.0,120.40591039157697,110.40591039157697,28.84
351,calendar_logistic_hurdle,0,461,461,30,0.0,0.0,0.0,0.0
351,calendar_logistic_hurdle,1,491,491,30,0.0,0.0,0.0,0.0
351,calendar_logistic_hurdle,2,521,521,30,0.0,0.0,0.0,0.0
351,calendar_logistic_hurdle,3,551,551,30,15.0,0.0,15.0,0.0
351,calendar_logistic_hurdle,4,581,581,30,52.0,13.209482529135904,38.790517470864096,0.8333333333333334
351,calendar_logistic_hurdle,5,611,611,30,9.0,16.537439521977888,7.537439521977888,2.736842105263158
351,calendar_logistic_hurdle,6,641,641,30,0.0,15.817056102113686,15.817056102113686,4.75
351,calendar_logistic_hurdle,7,671,671,30,0.0,3.033208384653171,3.033208384653171,4.9523809523809526
351,calendar_logistic_hurdle,8,701,701,30,1.0,0.6390208211651787,0.36097917883482133,4.7272727272727275
351,calendar_logistic_hurdle,9,731,731,30,24.0,3.0516255728181885,20.94837442718181,4.565217391304348
351,calendar_logistic_hurdle,10,761,761,30,267.0,42.066309362888894,224.9336906371111,5.333333333333333
351,calendar_logistic_hurdle,11,791,791,30,0.0,52.96306269889089,52.96306269889089,14.84
352,calendar_logistic_hurdle,0,461,461,30,0.0,0.0,0.0,0.0
352,calendar_logistic_hurdle,1,491,491,30,0.0,0.0,0.0,0.0
352,calendar_logistic_hurdle,2,521,521,30,0.0,0.0,0.0,0.0
352,calendar_logistic_hurdle,3,551,551,30,45.0,0.0,45.0,0.0
352,calendar_logistic_hurdle,4,581,581,30,52.0,50.82095372582054,1.1790462741794627,2.5
352,calendar_logistic_hurdle,5,611,611,30,39.0,23.172903064027313,15.827096935972687,2.736842105263158
352,calendar_logistic_hurdle,6,641,641,30,79.0,53.46143648759418,25.538563512405823,3.25
352,calendar_logistic_hurdle,7,671,671,30,26.0,58.73368849855994,32.73368849855994,5.0
352,calendar_logistic_hurdle,8,701,701,30,27.0,45.87651452304198,18.876514523041983,7.181818181818182
352,calendar_logistic_hurdle,9,731,731,30,92.0,47.41486773100892,44.58513226899108,6.913043478260869
352,calendar_logistic_hurdle,10,761,761,30,117.0,51.71246366530693,65.28753633469307,9.333333333333334
352,calendar_logistic_hurdle,11,791,791,30,6.0,75.00944853160635,69.00944853160635,9.96
353,calendar_logistic_hurdle,0,461,461,30,0.0,0.0,0.0,13.785714285714286
353,calendar_logistic_hurdle,1,491,491,30,0.0,0.0,0.0,12.866666666666667
353,calendar_logistic_hurdle,2,521,521,30,0.0,0.0,0.0,12.0625
353,calendar_logistic_hurdle,3,551,551,30,0.0,0.0,0.0,11.352941176470589
353,calendar_logistic_hurdle,4,581,581,30,0.0,0.0,0.0,10.722222222222221
353,calendar_logistic_hurdle,5,611,611,30,0.0,0.0,0.0,10.157894736842104
353,calendar_logistic_hurdle,6,641,641,30,0.0,0.0,0.0,9.65
353,calendar_logistic_hurdle,7,671,671,30,0.0,0.0,0.0,9.19047619047619
353,calendar_logistic_hurdle,8,701,701,30,0.0,0.0,0.0,8.772727272727273
353,calendar_logistic_hurdle,9,731,731,30,0.0,0.0,0.0,8.391304347826088
353,calendar_logistic_hurdle,10,761,761,30,0.0,0.0,0.0,8.041666666666666
353,calendar_logistic_hurdle,11,791,791,30,0.0,0.0,0.0,7.72
354,calendar_logistic_hurdle,0,461,461,30,0.0,0.0,0.0,0.0
354,calendar_logistic_hurdle,1,491,491,30,7.0,0.0,7.0,0.0
354,calendar_logistic_hurdle,2,521,521,30,19.0,18.8718120195683,0.12818798043170077,0.4375
354,calendar_logistic_hurdle,3,551,551,30,23.0,17.394851338116673,5.605148661883327,1.1176470588235294
354,calendar_logistic_hurdle,4,581,581,30,0.0,15.629863598944192,15.629863598944192,1.2777777777777777
354,calendar_logistic_hurdle,5,611,611,30,36.0,3.5722534973799096,32.42774650262009,2.4210526315789473
354,calendar_logistic_hurdle,6,641,641,30,15.0,52.65419210220419,37.65419210220419,4.1
354,calendar_logistic_hurdle,7,671,671,30,23.0,42.489516223654604,19.489516223654604,4.904761904761905
354,calendar_logistic_hurdle,8,701,701,30,69.0,36.16886210576865,32.83113789423135,5.045454545454546
354,calendar_logistic_hurdle,9,731,731,30,63.0,36.027559877828125,26.972440122171875,6.826086956521739
354,calendar_logistic_hurdle,10,761,761,30,190.0,46.08209245608907,143.91790754391093,6.791666666666667
354,calendar_logistic_hurdle,11,791,791,30,0.0,26.113798883533043,26.113798883533043,11.6
355,calendar_logistic_hurdle,0,461,461,30,13.0,31.700628404111654,18.700628404111654,28.571428571428573
355,calendar_logistic_hurdle,1,491,491,30,21.0,17.556217873087746,3.4437821269122537,26.8
355,calendar_logistic_hurdle,2,521,521,30,2.0,21.29978500160049,19.29978500160049,25.625
355,calendar_logistic_hurdle,3,551,551,30,0.0,8.56866716998421,8.56866716998421,25.235294117647058
355,calendar_logistic_hurdle,4,581,581,30,43.0,1.3133980551774784,41.68660194482252,23.944444444444443
355,calendar_logistic_hurdle,5,611,611,30,2.0,38.32228031543552,36.32228031543552,24.94736842105263
355,calendar_logistic_hurdle,6,641,641,30,0.0,71.77962383214033,71.77962383214033,25.75
355,calendar_logistic_hurdle,7,671,671,30,0.0,20.32467792291389,20.32467792291389,24.61904761904762
355,calendar_logistic_hurdle,8,701,701,30,0.0,0.662575109126236,0.662575109126236,23.5
355,calendar_logistic_hurdle,9,731,731,30,3.0,0.0,3.0,22.47826086956522
355,calendar_logistic_hurdle,10,761,761,30,0.0,13.449341427162002,13.449341427162002,21.666666666666668
355,calendar_logistic_hurdle,11,791,791,30,0.0,3.3240371719580226,3.3240371719580226,20.92
356,calendar_logistic_hurdle,0,461,461,30,77.0,52.16817440937216,24.831825590627837,28.571428571428573
356,calendar_logistic_hurdle,1,491,491,30,76.0,66.77434020539191,9.225659794608092,29.133333333333333
356,calendar_logistic_hurdle,2,521,521,30,75.0,58.150582485407725,16.849417514592275,27.375
356,calendar_logistic_hurdle,3,551,551,30,0.0,64.79376764020701,64.79376764020701,25.823529411764707
356,calendar_logistic_hurdle,4,581,581,30,0.0,6.757602369181246,6.757602369181246,28.555555555555557
356,calendar_logistic_hurdle,5,611,611,30,0.0,2.485072941631028,2.485072941631028,27.05263157894737
356,calendar_logistic_hurdle,6,641,641,30,0.0,0.0,0.0,25.7
356,calendar_logistic_hurdle,7,671,671,30,0.0,0.0,0.0,24.476190476190474
356,calendar_logistic_hurdle,8,701,701,30,0.0,0.0,0.0,23.363636363636363
356,calendar_logistic_hurdle,9,731,731,30,0.0,0.0,0.0,22.347826086956523
356,calendar_logistic_hurdle,10,761,761,30,0.0,0.0,0.0,21.416666666666668
356,calendar_logistic_hurdle,11,791,791,30,0.0,0.0,0.0,20.56
357,calendar_logistic_hurdle,0,461,461,30,0.0,0.0,0.0,0.21428571428571427
357,calendar_logistic_hurdle,1,491,491,30,0.0,0.0,0.0,0.2
357,calendar_logistic_hurdle,2,521,521,30,0.0,0.0,0.0,0.1875
357,calendar_logistic_hurdle,3,551,551,30,0.0,0.0,0.0,0.17647058823529413
357,calendar_logistic_hurdle,4,581,581,30,0.0,0.0,0.0,0.16666666666666666
357,calendar_logistic_hurdle,5,611,611,30,0.0,0.0,0.0,0.15789473684210525
357,calendar_logistic_hurdle,6,641,641,30,0.0,0.0,0.0,0.15
357,calendar_logistic_hurdle,7,671,671,30,0.0,0.0,0.0,0.14285714285714285
357,calendar_logistic_hurdle,8,701,701,30,0.0,0.0,0.0,0.13636363636363635
357,calendar_logistic_hurdle,9,731,731,30,0.0,0.0,0.0,0.13043478260869565
357,calendar_logistic_hurdle,10,761,761,30,0.0,0.0,0.0,0.125
357,calendar_logistic_hurdle,11,791,791,30,0.0,0.0,0.0,0.12
358,calendar_logistic_hurdle,0,461,461,30,28.0,37.815132651427795,9.815132651427795,154.64285714285714
358,calendar_logistic_hurdle,1,491,491,30,118.0,35.837935512497104,82.1620644875029,144.53333333333333
358,calendar_logistic_hurdle,2,521,521,30,49.0,35.298353227422474,13.701646772577526,141.125
358,calendar_logistic_hurdle,3,551,551,30,21.0,61.55923508806119,40.55923508806119,136.88235294117646
358,calendar_logistic_hurdle,4,581,581,30,155.0,33.26816284319939,121.73183715680061,130.83333333333334
358,calendar_logistic_hurdle,5,611,611,30,294.0,49.86655726693829,244.1334427330617,131.0
358,calendar_logistic_hurdle,6,641,641,30,9.0,229.69979732790847,220.69979732790847,131.4
358,calendar_logistic_hurdle,7,671,671,30,23.0,182.8432937679243,159.8432937679243,138.71428571428572
358,calendar_logistic_hurdle,8,701,701,30,4.0,110.39450626508759,106.39450626508759,133.04545454545453
358,calendar_logistic_hurdle,9,731,731,30,95.0,11.969738109345593,83.0302618906544,128.08695652173913
358,calendar_logistic_hurdle,10,761,761,30,12.0,62.184522662411055,50.184522662411055,126.54166666666667
358,calendar_logistic_hurdle,11,791,791,30,60.0,44.010540574327884,15.989459425672116,124.8
359,calendar_logistic_hurdle,0,461,461,30,0.0,0.0,0.0,0.0
359,calendar_logistic_hurdle,1,491,491,30,0.0,0.0,0.0,0.0
359,calendar_logistic_hurdle,2,521,521,30,0.0,0.0,0.0,0.0
359,calendar_logistic_hurdle,3,551,551,30,48.0,0.0,48.0,0.0
359,calendar_logistic_hurdle,4,581,581,30,106.0,39.53121269479355,66.46878730520645,2.6666666666666665
359,calendar_logistic_hurdle,5,611,611,30,93.0,30.517881894719608,62.48211810528039,5.578947368421052
359,calendar_logistic_hurdle,6,641,641,30,41.0,95.7603670974808,54.760367097480795,5.95
359,calendar_logistic_hurdle,7,671,671,30,109.0,75.35757524598547,33.64242475401453,8.142857142857142
359,calendar_logistic_hurdle,8,701,701,30,145.0,66.80398184527499,78.19601815472501,10.863636363636363
359,calendar_logistic_hurdle,9,731,731,30,35.0,103.28587035209745,68.28587035209745,11.956521739130435
359,calendar_logistic_hurdle,10,761,761,30,133.0,93.35429751558264,39.645702484417356,16.041666666666668
359,calendar_logistic_hurdle,11,791,791,30,9.0,97.73736525706924,88.73736525706924,19.32
361,calendar_logistic_hurdle,0,461,461,30,16.0,53.70073372086638,37.70073372086638,4.642857142857143
361,calendar_logistic_hurdle,1,491,491,30,62.0,48.064171420123394,13.935828579876606,6.8
361,calendar_logistic_hurdle,2,521,521,30,45.0,84.23743829918054,39.23743829918054,9.25
361,calendar_logistic_hurdle,3,551,551,30,9.0,59.75341139994175,50.75341139994175,9.705882352941176
361,calendar_logistic_hurdle,4,581,581,30,2.0,30.67753357935999,28.67753357935999,11.166666666666666
361,calendar_logistic_hurdle,5,611,611,30,0.0,11.783412373195445,11.783412373195445,10.947368421052632
361,calendar_logistic_hurdle,6,641,641,30,0.0,1.0290183510358715,1.0290183510358715,10.5
361,calendar_logistic_hurdle,7,671,671,30,18.0,0.5924625985685824,17.40753740143142,10.0
361,calendar_logistic_hurdle,8,701,701,30,38.0,30.507373817884535,7.492626182115465,10.363636363636363
361,calendar_logistic_hurdle,9,731,731,30,23.0,31.58115824077019,8.58115824077019,10.782608695652174
361,calendar_logistic_hurdle,10,761,761,30,32.0,30.32432416962344,1.6756758303765587,10.958333333333334
361,calendar_logistic_hurdle,11,791,791,30,61.0,26.302772628288903,34.697227371711094,10.88
362,calendar_logistic_hurdle,0,461,461,30,13.0,15.846906686788813,2.846906686788813,0.5
362,calendar_logistic_hurdle,1,491,491,30,28.0,13.88341617290149,14.11658382709851,0.8666666666666667
362,calendar_logistic_hurdle,2,521,521,30,3.0,14.789130883988314,11.789130883988314,1.75
362,calendar_logistic_hurdle,3,551,551,30,1.0,11.978255088264895,10.978255088264895,3.1176470588235294
362,calendar_logistic_hurdle,4,581,581,30,0.0,5.3231439734148704,5.3231439734148704,3.0555555555555554
362,calendar_logistic_hurdle,5,611,611,30,0.0,0.6928783416470812,0.6928783416470812,2.9473684210526314
362,calendar_logistic_hurdle,6,641,641,30,28.0,0.32134164835886303,27.678658351641136,2.8
362,calendar_logistic_hurdle,7,671,671,30,16.0,18.072891597011772,2.072891597011772,4.0
362,calendar_logistic_hurdle,8,701,701,30,8.0,17.920918752244965,9.920918752244965,4.363636363636363
362,calendar_logistic_hurdle,9,731,731,30,26.0,12.593051407020978,13.406948592979022,4.521739130434782
362,calendar_logistic_hurdle,10,761,761,30,43.0,15.090846787484317,27.909153212515683,5.083333333333333
362,calendar_logistic_hurdle,11,791,791,30,0.0,21.09968485540949,21.09968485540949,5.56
364,calendar_logistic_hurdle,0,461,461,30,0.0,0.0,0.0,0.0
364,calendar_logistic_hurdle,1,491,491,30,0.0,0.0,0.0,0.0
364,calendar_logistic_hurdle,2,521,521,30,0.0,0.0,0.0,0.0
364,calendar_logistic_hurdle,3,551,551,30,0.0,0.0,0.0,0.0
364,calendar_logistic_hurdle,4,581,581,30,0.0,0.0,0.0,0.0
364,calendar_logistic_hurdle,5,611,611,30,0.0,0.0,0.0,0.0
364,calendar_logistic_hurdle,6,641,641,30,0.0,0.0,0.0,0.0
364,calendar_logistic_hurdle,7,671,671,30,0.0,0.0,0.0,0.0
364,calendar_logistic_hurdle,8,701,701,30,0.0,0.0,0.0,0.0
364,calendar_logistic_hurdle,9,731,731,30,0.0,0.0,0.0,0.0
364,calendar_logistic_hurdle,10,761,761,30,24.0,0.0,24.0,0.0
364,calendar_logistic_hurdle,11,791,791,30,0.0,19.028667829364064,19.028667829364064,0.96
365,calendar_logistic_hurdle,0,461,461,30,12.0,22.82732977613025,10.827329776130249,2.142857142857143
365,calendar_logistic_hurdle,1,491,491,30,12.0,19.19127854894213,7.19127854894213,2.2666666666666666
365,calendar_logistic_hurdle,2,521,521,30,8.0,15.352765529996217,7.352765529996217,2.125
365,calendar_logistic_hurdle,3,551,551,30,3.0,13.044307413649674,10.044307413649674,2.235294117647059
365,calendar_logistic_hurdle,4,581,581,30,11.0,4.712276414053883,6.287723585946117,2.388888888888889
365,calendar_logistic_hurdle,5,611,611,30,2.0,7.02622563797238,5.02622563797238,2.6842105263157894
365,calendar_logistic_hurdle,6,641,641,30,5.0,13.859272395306393,8.859272395306393,3.0
365,calendar_logistic_hurdle,7,671,671,30,0.0,15.057850290251245,15.057850290251245,3.0
365,calendar_logistic_hurdle,8,701,701,30,0.0,2.15097700456326,2.15097700456326,3.090909090909091
365,calendar_logistic_hurdle,9,731,731,30,0.0,0.43137470370786235,0.43137470370786235,2.9565217391304346
365,calendar_logistic_hurdle,10,761,761,30,0.0,0.0,0.0,2.8333333333333335
365,calendar_logistic_hurdle,11,791,791,30,0.0,0.0,0.0,2.72
367,calendar_logistic_hurdle,0,461,461,30,0.0,0.0,0.0,0.0
367,calendar_logistic_hurdle,1,491,491,30,0.0,0.0,0.0,0.0
367,calendar_logistic_hurdle,2,521,521,30,0.0,0.0,0.0,0.0
367,calendar_logistic_hurdle,3,551,551,30,0.0,0.0,0.0,0.0
367,calendar_logistic_hurdle,4,581,581,30,0.0,0.0,0.0,0.0
367,calendar_logistic_hurdle,5,611,611,30,0.0,0.0,0.0,0.0
367,calendar_logistic_hurdle,6,641,641,30,0.0,0.0,0.0,0.0
367,calendar_logistic_hurdle,7,671,671,30,2.0,0.0,2.0,0.0
367,calendar_logistic_hurdle,8,701,701,30,5.0,5.115528733931806,0.1155287339318063,0.09090909090909091
367,calendar_logistic_hurdle,9,731,731,30,4.0,9.067628454745497,5.067628454745497,0.21739130434782608
367,calendar_logistic_hurdle,10,761,761,30,11.0,2.993581677201282,8.006418322798718,0.25
367,calendar_logistic_hurdle,11,791,791,30,1.0,4.19284868445705,3.19284868445705,0.52
368,calendar_logistic_hurdle,0,461,461,30,0.0,0.0,0.0,2.357142857142857
368,calendar_logistic_hurdle,1,491,491,30,0.0,0.0,0.0,2.2
368,calendar_logistic_hurdle,2,521,521,30,0.0,0.0,0.0,2.0625
368,calendar_logistic_hurdle,3,551,551,30,0.0,0.0,0.0,1.9411764705882353
368,calendar_logistic_hurdle,4,581,581,30,0.0,0.0,0.0,1.8333333333333333
368,calendar_logistic_hurdle,5,611,611,30,0.0,0.0,0.0,1.736842105263158
368,calendar_logistic_hurdle,6,641,641,30,0.0,0.0,0.0,1.65
368,calendar_logistic_hurdle,7,671,671,30,0.0,0.0,0.0,1.5714285714285714
368,calendar_logistic_hurdle,8,701,701,30,0.0,0.0,0.0,1.5
368,calendar_logistic_hurdle,9,731,731,30,0.0,0.0,0.0,1.434782608695652
368,calendar_logistic_hurdle,10,761,761,30,0.0,0.0,0.0,1.375
368,calendar_logistic_hurdle,11,791,791,30,0.0,0.0,0.0,1.32
369,calendar_logistic_hurdle,0,461,461,30,0.0,0.0,0.0,0.0
369,calendar_logistic_hurdle,1,491,491,30,32.0,0.0,32.0,0.0
369,calendar_logistic_hurdle,2,521,521,30,26.0,42.10535428083582,16.10535428083582,2.0
369,calendar_logistic_hurdle,3,551,551,30,6.0,31.475227450767914,25.475227450767914,2.235294117647059
369,calendar_logistic_hurdle,4,581,581,30,33.0,17.96075641891355,15.039243581086449,3.2222222222222223
369,calendar_logistic_hurdle,5,611,611,30,41.0,10.487819301415662,30.512180698584338,4.473684210526316
369,calendar_logistic_hurdle,6,641,641,30,42.0,46.92705571774335,4.92705571774335,4.65
369,calendar_logistic_hurdle,7,671,671,30,11.0,37.763147831748334,26.763147831748334,4.476190476190476
369,calendar_logistic_hurdle,8,701,701,30,7.0,31.088136204731313,24.088136204731313,5.681818181818182
369,calendar_logistic_hurdle,9,731,731,30,16.0,27.568648998312522,11.568648998312522,5.608695652173913
369,calendar_logistic_hurdle,10,761,761,30,13.0,16.88986437024687,3.889864370246869,5.75
369,calendar_logistic_hurdle,11,791,791,30,0.0,14.393474465420221,14.393474465420221,5.64
370,calendar_logistic_hurdle,0,461,461,30,0.0,0.0,0.0,0.0
370,calendar_logistic_hurdle,1,491,491,30,0.0,0.0,0.0,0.0
370,calendar_logistic_hurdle,2,521,521,30,0.0,0.0,0.0,0.0
370,calendar_logistic_hurdle,3,551,551,30,0.0,0.0,0.0,0.0
370,calendar_logistic_hurdle,4,581,581,30,0.0,0.0,0.0,0.0
370,calendar_logistic_hurdle,5,611,611,30,0.0,0.0,0.0,0.0
370,calendar_logistic_hurdle,6,641,641,30,0.0,0.0,0.0,0.0
370,calendar_logistic_hurdle,7,671,671,30,0.0,0.0,0.0,0.0
370,calendar_logistic_hurdle,8,701,701,30,9.0,0.0,9.0,0.0
370,calendar_logistic_hurdle,9,731,731,30,54.0,19.529012525763644,34.47098747423635,0.391304347826087
370,calendar_logistic_hurdle,10,761,761,30,53.0,43.50029558875477,9.499704411245233,2.25
370,calendar_logistic_hurdle,11,791,791,30,6.0,53.45370710327615,47.45370710327615,2.2
372,calendar_logistic_hurdle,0,461,461,30,0.0,0.0,0.0,0.0
372,calendar_logistic_hurdle,1,491,491,30,0.0,0.0,0.0,0.0
372,calendar_logistic_hurdle,2,521,521,30,0.0,0.0,0.0,0.0
372,calendar_logistic_hurdle,3,551,551,30,0.0,0.0,0.0,0.0
372,calendar_logistic_hurdle,4,581,581,30,0.0,0.0,0.0,0.0
372,calendar_logistic_hurdle,5,611,611,30,0.0,0.0,0.0,0.0
372,calendar_logistic_hurdle,6,641,641,30,0.0,0.0,0.0,0.0
372,calendar_logistic_hurdle,7,671,671,30,10.0,0.0,10.0,0.0
372,calendar_logistic_hurdle,8,701,701,30,9.0,18.370512615722525,9.370512615722525,0.45454545454545453
372,calendar_logistic_hurdle,9,731,731,30,21.0,9.746541888105769,11.253458111894231,0.4782608695652174
372,calendar_logistic_hurdle,10,761,761,30,13.0,14.74622912353354,1.7462291235335403,0.9583333333333334
372,calendar_logistic_hurdle,11,791,791,30,1.0,13.04440974957716,12.04440974957716,1.24
377,calendar_logistic_hurdle,0,461,461,30,70.0,55.533955334606325,14.466044665393675,55.857142857142854
377,calendar_logistic_hurdle,1,491,491,30,358.0,61.89515019790463,296.1048498020954,54.266666666666666
377,calendar_logistic_hurdle,2,521,521,30,215.0,212.13528731236886,2.8647126876311404,68.875
377,calendar_logistic_hurdle,3,551,551,30,117.0,213.2048723482389,96.2048723482389,73.23529411764706
377,calendar_logistic_hurdle,4,581,581,30,62.0,172.08905709835716,110.08905709835716,74.61111111111111
377,calendar_logistic_hurdle,5,611,611,30,365.0,52.46706676101854,312.53293323898146,73.57894736842105
377,calendar_logistic_hurdle,6,641,641,30,151.0,230.86737267894688,79.86737267894688,85.05
377,calendar_logistic_hurdle,7,671,671,30,105.0,200.47879330269302,95.47879330269302,91.19047619047619
377,calendar_logistic_hurdle,8,701,701,30,81.0,151.09588139326155,70.09588139326155,89.13636363636364
377,calendar_logistic_hurdle,9,731,731,30,193.0,106.0162782217909,86.9837217782091,86.30434782608695
377,calendar_logistic_hurdle,10,761,761,30,370.0,119.24083781687877,250.75916218312125,87.375
377,calendar_logistic_hurdle,11,791,791,30,60.0,190.9393642694182,130.9393642694182,90.96
378,calendar_logistic_hurdle,0,461,461,30,0.0,0.0,0.0,5.0
378,calendar_logistic_hurdle,1,491,491,30,0.0,0.0,0.0,4.666666666666667
378,calendar_logistic_hurdle,2,521,521,30,0.0,0.0,0.0,4.375
378,calendar_logistic_hurdle,3,551,551,30,0.0,0.0,0.0,4.117647058823529
378,calendar_logistic_hurdle,4,581,581,30,0.0,0.0,0.0,3.888888888888889
378,calendar_logistic_hurdle,5,611,611,30,0.0,0.0,0.0,3.6842105263157894
378,calendar_logistic_hurdle,6,641,641,30,0.0,0.0,0.0,3.5
378,calendar_logistic_hurdle,7,671,671,30,0.0,0.0,0.0,3.3333333333333335
378,calendar_logistic_hurdle,8,701,701,30,0.0,0.0,0.0,3.1818181818181817
378,calendar_logistic_hurdle,9,731,731,30,0.0,0.0,0.0,3.0434782608695654
378,calendar_logistic_hurdle,10,761,761,30,0.0,0.0,0.0,2.9166666666666665
378,calendar_logistic_hurdle,11,791,791,30,0.0,0.0,0.0,2.8
380,calendar_logistic_hurdle,0,461,461,30,0.0,0.0,0.0,0.0
380,calendar_logistic_hurdle,1,491,491,30,0.0,0.0,0.0,0.0
380,calendar_logistic_hurdle,2,521,521,30,0.0,0.0,0.0,0.0
380,calendar_logistic_hurdle,3,551,551,30,0.0,0.0,0.0,0.0
380,calendar_logistic_hurdle,4,581,581,30,0.0,0.0,0.0,0.0
380,calendar_logistic_hurdle,5,611,611,30,41.0,0.0,41.0,0.0
380,calendar_logistic_hurdle,6,641,641,30,37.0,10.980583389378713,26.019416610621285,2.05
380,calendar_logistic_hurdle,7,671,671,30,36.0,53.96351993082454,17.96351993082454,2.142857142857143
380,calendar_logistic_hurdle,8,701,701,30,38.0,52.23795954143939,14.237959541439388,2.090909090909091
380,calendar_logistic_hurdle,9,731,731,30,48.0,30.839592189974084,17.160407810025916,2.0869565217391304
380,calendar_logistic_hurdle,10,761,761,30,77.0,39.68376955594049,37.31623044405951,2.4166666666666665
380,calendar_logistic_hurdle,11,791,791,30,9.0,54.64852965714101,45.64852965714101,3.48
381,calendar_logistic_hurdle,0,461,461,30,0.0,0.0,0.0,0.0
381,calendar_logistic_hurdle,1,491,491,30,0.0,0.0,0.0,0.0
381,calendar_logistic_hurdle,2,521,521,30,0.0,0.0,0.0,0.0
381,calendar_logistic_hurdle,3,551,551,30,0.0,0.0,0.0,0.0
381,calendar_logistic_hurdle,4,581,581,30,0.0,0.0,0.0,0.0
381,calendar_logistic_hurdle,5,611,611,30,0.0,0.0,0.0,0.0
381,calendar_logistic_hurdle,6,641,641,30,0.0,0.0,0.0,0.0
381,calendar_logistic_hurdle,7,671,671,30,0.0,0.0,0.0,0.0
381,calendar_logistic_hurdle,8,701,701,30,37.0,0.0,37.0,0.0
381,calendar_logistic_hurdle,9,731,731,30,141.0,34.03695987800753,106.96304012199246,1.608695652173913
381,calendar_logistic_hurdle,10,761,761,30,195.0,95.37035062808138,99.62964937191862,5.875
381,calendar_logistic_hurdle,11,791,791,30,33.0,149.025451139736,116.02545113973599,7.8
382,calendar_logistic_hurdle,0,461,461,30,0.0,0.0,0.0,0.0
382,calendar_logistic_hurdle,1,491,491,30,0.0,0.0,0.0,0.0
382,calendar_logistic_hurdle,2,521,521,30,0.0,0.0,0.0,0.0
382,calendar_logistic_hurdle,3,551,551,30,0.0,0.0,0.0,0.0
382,calendar_logistic_hurdle,4,581,581,30,0.0,0.0,0.0,0.0
382,calendar_logistic_hurdle,5,611,611,30,0.0,0.0,0.0,0.0
382,calendar_logistic_hurdle,6,641,641,30,0.0,0.0,0.0,0.0
382,calendar_logistic_hurdle,7,671,671,30,0.0,0.0,0.0,0.0
382,calendar_logistic_hurdle,8,701,701,30,1.0,0.0,1.0,0.0
382,calendar_logistic_hurdle,9,731,731,30,23.0,6.825128914138303,16.174871085861696,0.043478260869565216
382,calendar_logistic_hurdle,10,761,761,30,21.0,21.15571072710889,0.15571072710888956,0.9583333333333334
382,calendar_logistic_hurdle,11,791,791,30,3.0,22.452907542574795,19.452907542574795,1.0
383,calendar_logistic_hurdle,0,461,461,30,0.0,0.0,0.0,0.0
383,calendar_logistic_hurdle,1,491,491,30,0.0,0.0,0.0,0.0
383,calendar_logistic_hurdle,2,521,521,30,0.0,0.0,0.0,0.0
383,calendar_logistic_hurdle,3,551,551,30,0.0,0.0,0.0,0.0
383,calendar_logistic_hurdle,4,581,581,30,0.0,0.0,0.0,0.0
383,calendar_logistic_hurdle,5,611,611,30,0.0,0.0,0.0,0.0
383,calendar_logistic_hurdle,6,641,641,30,0.0,0.0,0.0,0.0
383,calendar_logistic_hurdle,7,671,671,30,1.0,0.0,1.0,0.0
383,calendar_logistic_hurdle,8,701,701,30,0.0,7.932807152550906,7.932807152550906,0.045454545454545456
383,calendar_logistic_hurdle,9,731,731,30,9.0,0.9920284947795488,8.007971505220452,0.08695652173913043
383,calendar_logistic_hurdle,10,761,761,30,8.0,7.920139024097536,0.07986097590246377,0.4583333333333333
383,calendar_logistic_hurdle,11,791,791,30,0.0,8.718093335526197,8.718093335526197,0.48
384,calendar_logistic_hurdle,0,461,461,30,0.0,0.0,0.0,0.0
384,calendar_logistic_hurdle,1,491,491,30,0.0,0.0,0.0,0.0
384,calendar_logistic_hurdle,2,521,521,30,0.0,0.0,0.0,0.0
384,calendar_logistic_hurdle,3,551,551,30,0.0,0.0,0.0,0.0
384,calendar_logistic_hurdle,4,581,581,30,0.0,0.0,0.0,0.0
384,calendar_logistic_hurdle,5,611,611,30,0.0,0.0,0.0,0.0
384,calendar_logistic_hurdle,6,641,641,30,0.0,0.0,0.0,0.0
384,calendar_logistic_hurdle,7,671,671,30,0.0,0.0,0.0,0.0
384,calendar_logistic_hurdle,8,701,701,30,2.0,0.0,2.0,0.0
384,calendar_logistic_hurdle,9,731,731,30,3.0,13.650257828276606,10.650257828276606,0.08695652173913043
384,calendar_logistic_hurdle,10,761,761,30,1.0,7.270774034116401,6.270774034116401,0.125
384,calendar_logistic_hurdle,11,791,791,30,1.0,2.1168044257850083,1.1168044257850083,0.2
385,calendar_logistic_hurdle,0,461,461,30,0.0,0.0,0.0,0.0
385,calendar_logistic_hurdle,1,491,491,30,0.0,0.0,0.0,0.0
385,calendar_logistic_hurdle,2,521,521,30,0.0,0.0,0.0,0.0
385,calendar_logistic_hurdle,3,551,551,30,0.0,0.0,0.0,0.0
385,calendar_logistic_hurdle,4,581,581,30,0.0,0.0,0.0,0.0
385,calendar_logistic_hurdle,5,611,611,30,0.0,0.0,0.0,0.0
385,calendar_logistic_hurdle,6,641,641,30,0.0,0.0,0.0,0.0
385,calendar_logistic_hurdle,7,671,671,30,0.0,0.0,0.0,0.0
385,calendar_logistic_hurdle,8,701,701,30,12.0,0.0,12.0,0.0
385,calendar_logistic_hurdle,9,731,731,30,20.0,15.53573034127318,4.4642696587268205,0.5217391304347826
385,calendar_logistic_hurdle,10,761,761,30,11.0,19.964705030662348,8.964705030662348,0.8333333333333334
385,calendar_logistic_hurdle,11,791,791,30,0.0,18.72294037489923,18.72294037489923,1.16
386,calendar_logistic_hurdle,0,461,461,30,0.0,4.379989209427666,4.379989209427666,2.5
386,calendar_logistic_hurdle,1,491,491,30,0.0,1.3185268943997908,1.3185268943997908,2.4
386,calendar_logistic_hurdle,2,521,521,30,0.0,0.4119357986197562,0.4119357986197562,2.25
386,calendar_logistic_hurdle,3,551,551,30,0.0,0.0,0.0,2.1176470588235294
386,calendar_logistic_hurdle,4,581,581,30,0.0,0.0,0.0,2.0
386,calendar_logistic_hurdle,5,611,611,30,0.0,0.0,0.0,1.894736842105263
386,calendar_logistic_hurdle,6,641,641,30,6.0,0.0,6.0,1.8
386,calendar_logistic_hurdle,7,671,671,30,1.0,7.486902179523777,6.486902179523777,2.0
386,calendar_logistic_hurdle,8,701,701,30,0.0,3.297612413018217,3.297612413018217,2.1363636363636362
386,calendar_logistic_hurdle,9,731,731,30,2.0,0.8376490075735705,1.1623509924264295,2.0869565217391304
386,calendar_logistic_hurdle,10,761,761,30,10.0,3.1269543207333523,6.873045679266648,2.0833333333333335
386,calendar_logistic_hurdle,11,791,791,30,2.0,4.127352589157437,2.1273525891574367,2.32
388,calendar_logistic_hurdle,0,461,461,30,46.0,37.924503334255036,8.075496665744964,15.142857142857142
388,calendar_logistic_hurdle,1,491,491,30,45.0,46.49096535777324,1.4909653577732414,16.066666666666666
388,calendar_logistic_hurdle,2,521,521,30,28.0,36.37911742044887,8.379117420448871,15.125
388,calendar_logistic_hurdle,3,551,551,30,12.0,30.86108793435675,18.86108793435675,15.235294117647058
388,calendar_logistic_hurdle,4,581,581,30,32.0,19.716898364119295,12.283101635880705,15.277777777777779
388,calendar_logistic_hurdle,5,611,611,30,64.0,15.343754399839023,48.65624560016098,15.526315789473685
388,calendar_logistic_hurdle,6,641,641,30,46.0,54.50426771116237,8.50426771116237,16.35
388,calendar_logistic_hurdle,7,671,671,30,20.0,45.574518860337726,25.574518860337726,16.428571428571427
388,calendar_logistic_hurdle,8,701,701,30,16.0,34.88734229378784,18.88734229378784,16.863636363636363
388,calendar_logistic_hurdle,9,731,731,30,26.0,20.18521017244812,5.814789827551881,16.304347826086957
388,calendar_logistic_hurdle,10,761,761,30,42.0,26.391362445858654,15.608637554141346,16.041666666666668
388,calendar_logistic_hurdle,11,791,791,30,7.0,28.340968568657644,21.340968568657644,16.04
389,calendar_logistic_hurdle,0,461,461,30,0.0,0.0,0.0,0.0
389,calendar_logistic_hurdle,1,491,491,30,103.0,0.0,103.0,0.0
389,calendar_logistic_hurdle,2,521,521,30,79.0,92.94682437314859,13.946824373148587,6.4375
389,calendar_logistic_hurdle,3,551,551,30,43.0,80.13921674585188,37.13921674585188,7.470588235294118
389,calendar_logistic_hurdle,4,581,581,30,76.0,60.372453911851366,15.627546088148634,9.055555555555555
389,calendar_logistic_hurdle,5,611,611,30,0.0,31.579188605344868,31.579188605344868,10.31578947368421
389,calendar_logistic_hurdle,6,641,641,30,0.0,4.609786065135295,4.609786065135295,13.6
389,calendar_logistic_hurdle,7,671,671,30,0.0,2.595779155321564,2.595779155321564,12.952380952380953
389,calendar_logistic_hurdle,8,701,701,30,0.0,0.0,0.0,12.363636363636363
389,calendar_logistic_hurdle,9,731,731,30,0.0,0.0,0.0,11.826086956521738
389,calendar_logistic_hurdle,10,761,761,30,0.0,0.0,0.0,11.333333333333334
389,calendar_logistic_hurdle,11,791,791,30,0.0,0.0,0.0,10.88
390,calendar_logistic_hurdle,0,461,461,30,0.0,0.0,0.0,0.0
390,calendar_logistic_hurdle,1,491,491,30,0.0,0.0,0.0,0.0
390,calendar_logistic_hurdle,2,521,521,30,0.0,0.0,0.0,0.0
390,calendar_logistic_hurdle,3,551,551,30,0.0,0.0,0.0,0.0
390,calendar_logistic_hurdle,4,581,581,30,0.0,0.0,0.0,0.0
390,calendar_logistic_hurdle,5,611,611,30,49.0,0.0,49.0,0.0
390,calendar_logistic_hurdle,6,641,641,30,3.0,46.74765272213618,43.74765272213618,2.45
390,calendar_logistic_hurdle,7,671,671,30,6.0,13.279148391449507,7.279148391449507,4.523809523809524
390,calendar_logistic_hurdle,8,701,701,30,0.0,28.497292412709786,28.497292412709786,4.454545454545454
390,calendar_logistic_hurdle,9,731,731,30,0.0,1.4911536547741655,1.4911536547741655,4.521739130434782
390,calendar_logistic_hurdle,10,761,761,30,11.0,1.1702580321504203,9.82974196784958,4.333333333333333
390,calendar_logistic_hurdle,11,791,791,30,0.0,32.363215526992356,32.363215526992356,4.6
391,calendar_logistic_hurdle,0,461,461,30,0.0,16.11731781755856,16.11731781755856,18.642857142857142
391,calendar_logistic_hurdle,1,491,491,30,0.0,2.520713679149078,2.520713679149078,17.933333333333334
391,calendar_logistic_hurdle,2,521,521,30,0.0,1.6872155342445423,1.6872155342445423,16.8125
391,calendar_logistic_hurdle,3,551,551,30,0.0,0.0,0.0,15.823529411764707
391,calendar_logistic_hurdle,4,581,581,30,0.0,0.0,0.0,14.944444444444445
391,calendar_logistic_hurdle,5,611,611,30,0.0,0.0,0.0,14.157894736842104
391,calendar_logistic_hurdle,6,641,641,30,0.0,0.0,0.0,13.45
391,calendar_logistic_hurdle,7,671,671,30,0.0,0.0,0.0,12.80952380952381
391,calendar_logistic_hurdle,8,701,701,30,0.0,0.0,0.0,12.227272727272727
391,calendar_logistic_hurdle,9,731,731,30,0.0,0.0,0.0,11.695652173913043
391,calendar_logistic_hurdle,10,761,761,30,0.0,0.0,0.0,11.208333333333334
391,calendar_logistic_hurdle,11,791,791,30,0.0,0.0,0.0,10.76
392,calendar_logistic_hurdle,0,461,461,30,4.0,0.0,4.0,0.0
392,calendar_logistic_hurdle,1,491,491,30,75.0,38.01852123677671,36.98147876322329,0.26666666666666666
392,calendar_logistic_hurdle,2,521,521,30,55.0,61.20778278411244,6.207782784112439,4.6875
392,calendar_logistic_hurdle,3,551,551,30,109.0,50.138514277580484,58.861485722419516,5.588235294117647
392,calendar_logistic_hurdle,4,581,581,30,63.0,64.6410693798447,1.6410693798446943,8.277777777777779
392,calendar_logistic_hurdle,5,611,611,30,0.0,32.47103389856875,32.47103389856875,10.263157894736842
392,calendar_logistic_hurdle,6,641,641,30,0.0,5.741234428305023,5.741234428305023,12.9
392,calendar_logistic_hurdle,7,671,671,30,0.0,1.9412553931608583,1.9412553931608583,12.285714285714286
392,calendar_logistic_hurdle,8,701,701,30,0.0,0.0,0.0,11.727272727272727
392,calendar_logistic_hurdle,9,731,731,30,0.0,0.0,0.0,11.217391304347826
392,calendar_logistic_hurdle,10,761,761,30,0.0,0.0,0.0,10.75
392,calendar_logistic_hurdle,11,791,791,30,0.0,0.0,0.0,10.32
393,calendar_logistic_hurdle,0,461,461,30,40.0,73.42968043624599,33.42968043624599,1.4285714285714286
393,calendar_logistic_hurdle,1,491,491,30,0.0,36.124106208721656,36.124106208721656,2.6666666666666665
393,calendar_logistic_hurdle,2,521,521,30,0.0,4.642534161795952,4.642534161795952,5.0
393,calendar_logistic_hurdle,3,551,551,30,0.0,0.8456864309160494,0.8456864309160494,4.705882352941177
393,calendar_logistic_hurdle,4,581,581,30,0.0,0.0,0.0,4.444444444444445
393,calendar_logistic_hurdle,5,611,611,30,77.0,0.0,77.0,4.2105263157894735
393,calendar_logistic_hurdle,6,641,641,30,69.0,54.18067933877799,14.819320661222008,7.85
393,calendar_logistic_hurdle,7,671,671,30,94.0,57.90499533629907,36.09500466370093,7.857142857142857
393,calendar_logistic_hurdle,8,701,701,30,171.0,64.68662475206402,106.31337524793598,8.636363636363637
393,calendar_logistic_hurdle,9,731,731,30,118.0,88.22697363777496,29.77302636222504,11.608695652173912
393,calendar_logistic_hurdle,10,761,761,30,157.0,117.4325355988992,39.56746440110081,13.333333333333334
393,calendar_logistic_hurdle,11,791,791,30,1.0,123.7935883665586,122.7935883665586,14.36
394,calendar_logistic_hurdle,0,461,461,30,0.0,43.03941305700549,43.03941305700549,26.214285714285715
394,calendar_logistic_hurdle,1,491,491,30,0.0,6.211473391408593,6.211473391408593,25.666666666666668
394,calendar_logistic_hurdle,2,521,521,30,0.0,1.068322956345339,1.068322956345339,24.0625
394,calendar_logistic_hurdle,3,551,551,30,0.0,0.0,0.0,22.647058823529413
394,calendar_logistic_hurdle,4,581,581,30,0.0,0.0,0.0,21.38888888888889
394,calendar_logistic_hurdle,5,611,611,30,0.0,0.0,0.0,20.263157894736842
394,calendar_logistic_hurdle,6,641,641,30,0.0,0.0,0.0,19.25
394,calendar_logistic_hurdle,7,671,671,30,0.0,0.0,0.0,18.333333333333332
394,calendar_logistic_hurdle,8,701,701,30,0.0,0.0,0.0,17.5
394,calendar_logistic_hurdle,9,731,731,30,0.0,0.0,0.0,16.73913043478261
394,calendar_logistic_hurdle,10,761,761,30,0.0,0.0,0.0,16.041666666666668
394,calendar_logistic_hurdle,11,791,791,30,0.0,0.0,0.0,15.4
395,calendar_logistic_hurdle,0,461,461,30,424.0,159.88873344609087,264.1112665539091,39.714285714285715
395,calendar_logistic_hurdle,1,491,491,30,448.0,303.96440535303617,144.03559464696383,52.53333333333333
395,calendar_logistic_hurdle,2,521,521,30,322.0,367.12071855100316,45.120718551003165,50.75
395,calendar_logistic_hurdle,3,551,551,30,147.0,353.0804863002011,206.08048630020107,55.1764705882353
395,calendar_logistic_hurdle,4,581,581,30,297.0,220.48407418392586,76.51592581607414,61.833333333333336
395,calendar_logistic_hurdle,5,611,611,30,278.0,134.4220694321814,143.5779305678186,66.47368421052632
395,calendar_logistic_hurdle,6,641,641,30,152.0,294.0651797498363,142.06517974983632,64.1
395,calendar_logistic_hurdle,7,671,671,30,0.0,243.1535638660062,243.1535638660062,67.04761904761905
395,calendar_logistic_hurdle,8,701,701,30,87.0,33.894519351809194,53.105480648190806,70.9090909090909
395,calendar_logistic_hurdle,9,731,731,30,0.0,102.5145948854255,102.5145948854255,71.6086956521739
395,calendar_logistic_hurdle,10,761,761,30,0.0,17.18702590661793,17.18702590661793,72.25
395,calendar_logistic_hurdle,11,791,791,30,0.0,2.9637377240042726,2.9637377240042726,69.36
396,calendar_logistic_hurdle,0,461,461,30,0.0,0.0,0.0,0.0
396,calendar_logistic_hurdle,1,491,491,30,0.0,0.0,0.0,0.0
396,calendar_logistic_hurdle,2,521,521,30,0.0,0.0,0.0,0.0
396,calendar_logistic_hurdle,3,551,551,30,0.0,0.0,0.0,0.0
396,calendar_logistic_hurdle,4,581,581,30,0.0,0.0,0.0,0.0
396,calendar_logistic_hurdle,5,611,611,30,0.0,0.0,0.0,0.0
396,calendar_logistic_hurdle,6,641,641,30,0.0,0.0,0.0,0.0
396,calendar_logistic_hurdle,7,671,671,30,0.0,0.0,0.0,0.0
396,calendar_logistic_hurdle,8,701,701,30,0.0,0.0,0.0,0.0
396,calendar_logistic_hurdle,9,731,731,30,0.0,0.0,0.0,0.0
396,calendar_logistic_hurdle,10,761,761,30,9.0,0.0,9.0,0.0
396,calendar_logistic_hurdle,11,791,791,30,0.0,36.006534085714065,36.006534085714065,0.36
397,calendar_logistic_hurdle,0,461,461,30,0.0,0.0,0.0,0.0
397,calendar_logistic_hurdle,1,491,491,30,0.0,0.0,0.0,0.0
397,calendar_logistic_hurdle,2,521,521,30,0.0,0.0,0.0,0.0
397,calendar_logistic_hurdle,3,551,551,30,0.0,0.0,0.0,0.0
397,calendar_logistic_hurdle,4,581,581,30,0.0,0.0,0.0,0.0
397,calendar_logistic_hurdle,5,611,611,30,0.0,0.0,0.0,0.0
397,calendar_logistic_hurdle,6,641,641,30,33.0,0.0,33.0,0.0
397,calendar_logistic_hurdle,7,671,671,30,108.0,292.80113651480445,184.80113651480445,1.5714285714285714
397,calendar_logistic_hurdle,8,701,701,30,0.0,103.91005250909579,103.91005250909579,4.909090909090909
397,calendar_logistic_hurdle,9,731,731,30,205.0,10.472655355614611,194.52734464438538,9.391304347826088
397,calendar_logistic_hurdle,10,761,761,30,163.0,123.35845641989941,39.64154358010059,17.541666666666668
397,calendar_logistic_hurdle,11,791,791,30,41.0,161.46257968389008,120.46257968389008,18.52
398,calendar_logistic_hurdle,0,461,461,30,0.0,0.0,0.0,0.07142857142857142
398,calendar_logistic_hurdle,1,491,491,30,0.0,0.0,0.0,0.06666666666666667
398,calendar_logistic_hurdle,2,521,521,30,0.0,0.0,0.0,0.0625
398,calendar_logistic_hurdle,3,551,551,30,0.0,0.0,0.0,0.058823529411764705
398,calendar_logistic_hurdle,4,581,581,30,0.0,0.0,0.0,0.05555555555555555
398,calendar_logistic_hurdle,5,611,611,30,0.0,0.0,0.0,0.05263157894736842
398,calendar_logistic_hurdle,6,641,641,30,0.0,0.0,0.0,0.05
398,calendar_logistic_hurdle,7,671,671,30,0.0,0.0,0.0,0.047619047619047616
398,calendar_logistic_hurdle,8,701,701,30,0.0,0.0,0.0,0.045454545454545456
398,calendar_logistic_hurdle,9,731,731,30,0.0,0.0,0.0,0.043478260869565216
398,calendar_logistic_hurdle,10,761,761,30,0.0,0.0,0.0,0.041666666666666664
398,calendar_logistic_hurdle,11,791,791,30,0.0,0.0,0.0,0.04
399,calendar_logistic_hurdle,0,461,461,30,39.0,26.15442445668124,12.845575543318759,13.0
399,calendar_logistic_hurdle,1,491,491,30,34.0,32.37914573820709,1.620854261792907,13.8
399,calendar_logistic_hurdle,2,521,521,30,19.0,28.60094264891274,9.600942648912739,13.25
399,calendar_logistic_hurdle,3,551,551,30,21.0,27.899841171043132,6.899841171043132,13.352941176470589
399,calendar_logistic_hurdle,4,581,581,30,23.0,23.52071772875773,0.5207177287577309,12.722222222222221
399,calendar_logistic_hurdle,5,611,611,30,27.0,13.714559035409719,13.285440964590281,12.157894736842104
399,calendar_logistic_hurdle,6,641,641,30,21.0,30.133379343480144,9.133379343480144,11.75
399,calendar_logistic_hurdle,7,671,671,30,11.0,29.769263332110846,18.769263332110846,11.476190476190476
399,calendar_logistic_hurdle,8,701,701,30,14.0,17.278631687194984,3.2786316871949843,11.409090909090908
399,calendar_logistic_hurdle,9,731,731,30,19.0,21.285927255110824,2.285927255110824,11.043478260869565
399,calendar_logistic_hurdle,10,761,761,30,36.0,23.055707238716824,12.944292761283176,10.791666666666666
399,calendar_logistic_hurdle,11,791,791,30,2.0,23.151947862374435,21.151947862374435,11.04
400,calendar_logistic_hurdle,0,461,461,30,0.0,0.0,0.0,2.7142857142857144
400,calendar_logistic_hurdle,1,491,491,30,0.0,0.0,0.0,2.533333333333333
400,calendar_logistic_hurdle,2,521,521,30,0.0,0.0,0.0,2.375
400,calendar_logistic_hurdle,3,551,551,30,0.0,0.0,0.0,2.235294117647059
400,calendar_logistic_hurdle,4,581,581,30,0.0,0.0,0.0,2.111111111111111
400,calendar_logistic_hurdle,5,611,611,30,0.0,0.0,0.0,2.0
400,calendar_logistic_hurdle,6,641,641,30,0.0,0.0,0.0,1.9
400,calendar_logistic_hurdle,7,671,671,30,0.0,0.0,0.0,1.8095238095238095
400,calendar_logistic_hurdle,8,701,701,30,0.0,0.0,0.0,1.7272727272727273
400,calendar_logistic_hurdle,9,731,731,30,0.0,0.0,0.0,1.6521739130434783
400,calendar_logistic_hurdle,10,761,761,30,0.0,0.0,0.0,1.5833333333333333
400,calendar_logistic_hurdle,11,791,791,30,0.0,0.0,0.0,1.52
401,calendar_logistic_hurdle,0,461,461,30,0.0,0.0,0.0,6.357142857142857
401,calendar_logistic_hurdle,1,491,491,30,0.0,0.0,0.0,5.933333333333334
401,calendar_logistic_hurdle,2,521,521,30,0.0,0.0,0.0,5.5625
401,calendar_logistic_hurdle,3,551,551,30,0.0,0.0,0.0,5.235294117647059
401,calendar_logistic_hurdle,4,581,581,30,0.0,0.0,0.0,4.944444444444445
401,calendar_logistic_hurdle,5,611,611,30,0.0,0.0,0.0,4.684210526315789
401,calendar_logistic_hurdle,6,641,641,30,0.0,0.0,0.0,4.45
401,calendar_logistic_hurdle,7,671,671,30,0.0,0.0,0.0,4.238095238095238
401,calendar_logistic_hurdle,8,701,701,30,0.0,0.0,0.0,4.045454545454546
401,calendar_logistic_hurdle,9,731,731,30,0.0,0.0,0.0,3.869565217391304
401,calendar_logistic_hurdle,10,761,761,30,0.0,0.0,0.0,3.7083333333333335
401,calendar_logistic_hurdle,11,791,791,30,0.0,0.0,0.0,3.56
402,calendar_logistic_hurdle,0,461,461,30,819.0,252.8205155313341,566.1794844686659,71.71428571428571
402,calendar_logistic_hurdle,1,491,491,30,950.0,540.9871978906032,409.01280210939683,98.46666666666667
402,calendar_logistic_hurdle,2,521,521,30,401.0,749.509777464144,348.509777464144,100.5
402,calendar_logistic_hurdle,3,551,551,30,372.0,645.0262815860392,273.0262815860392,126.88235294117646
402,calendar_logistic_hurdle,4,581,581,30,529.0,435.3251218454027,93.67487815459731,121.44444444444444
402,calendar_logistic_hurdle,5,611,611,30,528.0,217.6716178294678,310.3283821705322,123.3157894736842
402,calendar_logistic_hurdle,6,641,641,30,233.0,591.8494208734003,358.8494208734003,117.2
402,calendar_logistic_hurdle,7,671,671,30,231.0,469.1252563676629,238.12525636766293,125.66666666666667
402,calendar_logistic_hurdle,8,701,701,30,0.0,276.7398829450984,276.7398829450984,120.04545454545455
402,calendar_logistic_hurdle,9,731,731,30,0.0,32.92200200029142,32.92200200029142,124.8695652173913
402,calendar_logistic_hurdle,10,761,761,30,0.0,8.908140897784973,8.908140897784973,119.66666666666667
402,calendar_logistic_hurdle,11,791,791,30,0.0,0.0,0.0,114.88
403,calendar_logistic_hurdle,0,461,461,30,0.0,0.0,0.0,0.0
403,calendar_logistic_hurdle,1,491,491,30,0.0,0.0,0.0,0.0
403,calendar_logistic_hurdle,2,521,521,30,0.0,0.0,0.0,0.0
403,calendar_logistic_hurdle,3,551,551,30,0.0,0.0,0.0,0.0
403,calendar_logistic_hurdle,4,581,581,30,0.0,0.0,0.0,0.0
403,calendar_logistic_hurdle,5,611,611,30,0.0,0.0,0.0,0.0
403,calendar_logistic_hurdle,6,641,641,30,0.0,0.0,0.0,0.0
403,calendar_logistic_hurdle,7,671,671,30,0.0,0.0,0.0,0.0
403,calendar_logistic_hurdle,8,701,701,30,145.0,0.0,145.0,0.0
403,calendar_logistic_hurdle,9,731,731,30,185.0,117.78218586152445,67.21781413847555,6.304347826086956
403,calendar_logistic_hurdle,10,761,761,30,312.0,157.99610181380174,154.00389818619826,7.708333333333333
403,calendar_logistic_hurdle,11,791,791,30,85.0,214.524824910736,129.524824910736,12.48
404,calendar_logistic_hurdle,0,461,461,30,288.0,68.80376982126397,219.19623017873602,43.857142857142854
404,calendar_logistic_hurdle,1,491,491,30,400.0,190.7202066838448,209.2797933161552,55.06666666666667
404,calendar_logistic_hurdle,2,521,521,30,88.0,294.04816408153596,206.04816408153596,58.625
404,calendar_logistic_hurdle,3,551,551,30,72.0,200.86323172640272,128.86323172640272,73.52941176470588
404,calendar_logistic_hurdle,4,581,581,30,130.0,141.70660619106366,11.706606191063656,70.33333333333333
404,calendar_logistic_hurdle,5,611,611,30,113.0,45.14142506299961,67.85857493700038,69.6842105263158
404,calendar_logistic_hurdle,6,641,641,30,45.0,137.13967799049485,92.13967799049485,67.05
404,calendar_logistic_hurdle,7,671,671,30,39.0,102.28515838758547,63.28515838758547,67.0952380952381
404,calendar_logistic_hurdle,8,701,701,30,28.0,56.81763742362328,28.81763742362328,64.31818181818181
404,calendar_logistic_hurdle,9,731,731,30,45.0,35.92989309924366,9.070106900756343,62.0
404,calendar_logistic_hurdle,10,761,761,30,48.0,37.86989045106437,10.130109548935629,60.125
404,calendar_logistic_hurdle,11,791,791,30,17.0,43.09422409681895,26.094224096818948,57.84
405,calendar_logistic_hurdle,0,461,461,30,4.0,2.731066717972776,1.2689332820272239,2.0714285714285716
405,calendar_logistic_hurdle,1,491,491,30,1.0,10.719112221100886,9.719112221100886,2.1333333333333333
405,calendar_logistic_hurdle,2,521,521,30,0.0,3.472815600496179,3.472815600496179,2.1875
405,calendar_logistic_hurdle,3,551,551,30,0.0,0.7590097089296578,0.7590097089296578,2.1176470588235294
405,calendar_logistic_hurdle,4,581,581,30,3.0,0.27290515808293225,2.7270948419170677,2.0
405,calendar_logistic_hurdle,5,611,611,30,0.0,3.6213112413358095,3.6213112413358095,2.0526315789473686
405,calendar_logistic_hurdle,6,641,641,30,0.0,0.6457270450887487,0.6457270450887487,2.1
405,calendar_logistic_hurdle,7,671,671,30,1.0,0.29240044326601844,0.7075995567339816,2.0
405,calendar_logistic_hurdle,8,701,701,30,1.0,4.5929451838134385,3.5929451838134385,1.9545454545454546
405,calendar_logistic_hurdle,9,731,731,30,1.0,4.623309640018657,3.6233096400186566,1.8695652173913044
405,calendar_logistic_hurdle,10,761,761,30,5.0,5.913927453201815,0.9139274532018149,1.7916666666666667
405,calendar_logistic_hurdle,11,791,791,30,0.0,3.7657565511433106,3.7657565511433106,1.88
406,calendar_logistic_hurdle,0,461,461,30,0.0,0.0,0.0,4.0
406,calendar_logistic_hurdle,1,491,491,30,0.0,0.0,0.0,3.7333333333333334
406,calendar_logistic_hurdle,2,521,521,30,0.0,0.0,0.0,3.5
406,calendar_logistic_hurdle,3,551,551,30,0.0,0.0,0.0,3.2941176470588234
406,calendar_logistic_hurdle,4,581,581,30,0.0,0.0,0.0,3.111111111111111
406,calendar_logistic_hurdle,5,611,611,30,0.0,0.0,0.0,2.9473684210526314
406,calendar_logistic_hurdle,6,641,641,30,0.0,0.0,0.0,2.8
406,calendar_logistic_hurdle,7,671,671,30,0.0,0.0,0.0,2.6666666666666665
406,calendar_logistic_hurdle,8,701,701,30,0.0,0.0,0.0,2.5454545454545454
406,calendar_logistic_hurdle,9,731,731,30,0.0,0.0,0.0,2.4347826086956523
406,calendar_logistic_hurdle,10,761,761,30,0.0,0.0,0.0,2.3333333333333335
406,calendar_logistic_hurdle,11,791,791,30,0.0,0.0,0.0,2.24
407,calendar_logistic_hurdle,0,461,461,30,0.0,0.0,0.0,0.0
407,calendar_logistic_hurdle,1,491,491,30,0.0,0.0,0.0,0.0
407,calendar_logistic_hurdle,2,521,521,30,0.0,0.0,0.0,0.0
407,calendar_logistic_hurdle,3,551,551,30,0.0,0.0,0.0,0.0
407,calendar_logistic_hurdle,4,581,581,30,0.0,0.0,0.0,0.0
407,calendar_logistic_hurdle,5,611,611,30,0.0,0.0,0.0,0.0
407,calendar_logistic_hurdle,6,641,641,30,15.0,0.0,15.0,0.0
407,calendar_logistic_hurdle,7,671,671,30,11.0,133.09142568854753,122.09142568854753,0.7142857142857143
407,calendar_logistic_hurdle,8,701,701,30,16.0,24.201440093862182,8.201440093862182,0.8636363636363636
407,calendar_logistic_hurdle,9,731,731,30,20.0,17.407586412796512,2.592413587203488,1.0434782608695652
407,calendar_logistic_hurdle,10,761,761,30,14.0,14.383677301545287,0.383677301545287,1.1666666666666667
407,calendar_logistic_hurdle,11,791,791,30,2.0,15.602435529459537,13.602435529459537,1.36
410,calendar_logistic_hurdle,0,461,461,30,0.0,0.0,0.0,0.0
410,calendar_logistic_hurdle,1,491,491,30,0.0,0.0,0.0,0.0
410,calendar_logistic_hurdle,2,521,521,30,0.0,0.0,0.0,0.0
410,calendar_logistic_hurdle,3,551,551,30,0.0,0.0,0.0,0.0
410,calendar_logistic_hurdle,4,581,581,30,0.0,0.0,0.0,0.0
410,calendar_logistic_hurdle,5,611,611,30,0.0,0.0,0.0,0.0
410,calendar_logistic_hurdle,6,641,641,30,0.0,0.0,0.0,0.0
410,calendar_logistic_hurdle,7,671,671,30,0.0,0.0,0.0,0.0
410,calendar_logistic_hurdle,8,701,701,30,0.0,0.0,0.0,0.0
410,calendar_logistic_hurdle,9,731,731,30,0.0,0.0,0.0,0.0
410,calendar_logistic_hurdle,10,761,761,30,0.0,0.0,0.0,0.0
410,calendar_logistic_hurdle,11,791,791,30,1.0,0.0,1.0,0.0
412,calendar_logistic_hurdle,0,461,461,30,3.0,8.320347594839937,5.320347594839937,19.285714285714285
412,calendar_logistic_hurdle,1,491,491,30,48.0,18.51834158771525,29.48165841228475,18.466666666666665
412,calendar_logistic_hurdle,2,521,521,30,10.0,43.54069203284457,33.54069203284457,20.125
412,calendar_logistic_hurdle,3,551,551,30,0.0,30.93273846003999,30.93273846003999,21.176470588235293
412,calendar_logistic_hurdle,4,581,581,30,0.0,7.328644806064629,7.328644806064629,20.555555555555557
412,calendar_logistic_hurdle,5,611,611,30,0.0,1.2064738751933228,1.2064738751933228,19.473684210526315
412,calendar_logistic_hurdle,6,641,641,30,0.0,0.0,0.0,18.5
412,calendar_logistic_hurdle,7,671,671,30,0.0,0.0,0.0,17.61904761904762
412,calendar_logistic_hurdle,8,701,701,30,0.0,0.0,0.0,16.818181818181817
412,calendar_logistic_hurdle,9,731,731,30,0.0,0.0,0.0,16.08695652173913
412,calendar_logistic_hurdle,10,761,761,30,0.0,0.0,0.0,15.416666666666666
412,calendar_logistic_hurdle,11,791,791,30,0.0,0.0,0.0,14.8
413,calendar_logistic_hurdle,0,461,461,30,0.0,0.37489299935817283,0.37489299935817283,0.14285714285714285
413,calendar_logistic_hurdle,1,491,491,30,0.0,0.2658521961778774,0.2658521961778774,0.13333333333333333
413,calendar_logistic_hurdle,2,521,521,30,0.0,0.0,0.0,0.125
413,calendar_logistic_hurdle,3,551,551,30,33.0,0.0,33.0,0.11764705882352941
413,calendar_logistic_hurdle,4,581,581,30,3.0,24.35405975550346,21.35405975550346,1.9444444444444444
413,calendar_logistic_hurdle,5,611,611,30,0.0,12.571260912472724,12.571260912472724,3.4210526315789473
413,calendar_logistic_hurdle,6,641,641,30,0.0,2.934944632139476,2.934944632139476,3.4
413,calendar_logistic_hurdle,7,671,671,30,2.0,0.351737240434675,1.648262759565325,3.238095238095238
413,calendar_logistic_hurdle,8,701,701,30,0.0,3.869488124932959,3.869488124932959,3.1818181818181817
413,calendar_logistic_hurdle,9,731,731,30,0.0,0.719891113892973,0.719891113892973,3.130434782608696
413,calendar_logistic_hurdle,10,761,761,30,0.0,0.4484594630322637,0.4484594630322637,3.0
413,calendar_logistic_hurdle,11,791,791,30,0.0,0.0,0.0,2.88
414,calendar_logistic_hurdle,0,461,461,30,0.0,0.0,0.0,0.0
414,calendar_logistic_hurdle,1,491,491,30,0.0,0.0,0.0,0.0
414,calendar_logistic_hurdle,2,521,521,30,6.0,0.0,6.0,0.0
414,calendar_logistic_hurdle,3,551,551,30,2.0,41.15841811368474,39.15841811368474,0.35294117647058826
414,calendar_logistic_hurdle,4,581,581,30,2.0,5.075901107331047,3.075901107331047,0.5555555555555556
414,calendar_logistic_hurdle,5,611,611,30,0.0,8.696918941686686,8.696918941686686,0.5263157894736842
414,calendar_logistic_hurdle,6,641,641,30,0.0,1.139536520039003,1.139536520039003,0.6
414,calendar_logistic_hurdle,7,671,671,30,5.0,0.40295465652313794,4.597045343476862,0.5714285714285714
414,calendar_logistic_hurdle,8,701,701,30,0.0,9.46694341037351,9.46694341037351,0.7727272727272727
414,calendar_logistic_hurdle,9,731,731,30,0.0,1.5606719130798383,1.5606719130798383,0.9565217391304348
414,calendar_logistic_hurdle,10,761,761,30,0.0,1.0001350182630946,1.0001350182630946,0.9166666666666666
414,calendar_logistic_hurdle,11,791,791,30,0.0,0.0,0.0,0.88
415,calendar_logistic_hurdle,0,461,461,30,0.0,30.893898155279217,30.893898155279217,0.21428571428571427
415,calendar_logistic_hurdle,1,491,491,30,0.0,4.723051128041463,4.723051128041463,0.4
415,calendar_logistic_hurdle,2,521,521,30,0.0,0.6750050218007573,0.6750050218007573,0.375
415,calendar_logistic_hurdle,3,551,551,30,16.0,0.0,16.0,0.35294117647058826
415,calendar_logistic_hurdle,4,581,581,30,1.0,19.2484200083378,18.2484200083378,1.2222222222222223
415,calendar_logistic_hurdle,5,611,611,30,0.0,13.165237259887192,13.165237259887192,1.9473684210526316
415,calendar_logistic_hurdle,6,641,641,30,0.0,3.0154889432266865,3.0154889432266865,1.9
415,calendar_logistic_hurdle,7,671,671,30,2.0,0.2101957353170238,1.7898042646829762,1.8095238095238095
415,calendar_logistic_hurdle,8,701,701,30,0.0,3.5647689723797567,3.5647689723797567,1.8181818181818181
415,calendar_logistic_hurdle,9,731,731,30,1.0,0.6536482716280464,0.3463517283719536,1.826086956521739
415,calendar_logistic_hurdle,10,761,761,30,0.0,2.7438788985769897,2.7438788985769897,1.7916666666666667
415,calendar_logistic_hurdle,11,791,791,30,0.0,0.3398233150857777,0.3398233150857777,1.76
418,calendar_logistic_hurdle,0,461,461,30,0.0,0.0,0.0,0.0
418,calendar_logistic_hurdle,1,491,491,30,0.0,0.0,0.0,0.0
418,calendar_logistic_hurdle,2,521,521,30,0.0,0.0,0.0,0.0
418,calendar_logistic_hurdle,3,551,551,30,0.0,0.0,0.0,0.0
418,calendar_logistic_hurdle,4,581,581,30,0.0,0.0,0.0,0.0
418,calendar_logistic_hurdle,5,611,611,30,5.0,0.0,5.0,0.0
418,calendar_logistic_hurdle,6,641,641,30,5.0,13.08230972113988,8.08230972113988,0.25
418,calendar_logistic_hurdle,7,671,671,30,5.0,7.703221841287988,2.703221841287988,0.23809523809523808
418,calendar_logistic_hurdle,8,701,701,30,2.0,7.293867324312243,5.293867324312243,0.22727272727272727
418,calendar_logistic_hurdle,9,731,731,30,7.0,5.792291774546123,1.2077082254538771,0.34782608695652173
418,calendar_logistic_hurdle,10,761,761,30,1.0,4.996457771671134,3.9964577716711336,0.5416666666666666
418,calendar_logistic_hurdle,11,791,791,30,0.0,2.4681003078194705,2.4681003078194705,0.76
419,calendar_logistic_hurdle,0,461,461,30,244.0,70.93866160921797,173.06133839078203,33.42857142857143
419,calendar_logistic_hurdle,1,491,491,30,298.0,134.5439069675026,163.4560930324974,46.0
419,calendar_logistic_hurdle,2,521,521,30,117.0,193.32461986749772,76.32461986749772,46.5
419,calendar_logistic_hurdle,3,551,551,30,88.0,157.6584736365855,69.65847363658551,54.411764705882355
419,calendar_logistic_hurdle,4,581,581,30,115.0,111.92795184884066,3.0720481511593363,53.0
419,calendar_logistic_hurdle,5,611,611,30,0.0,47.94543864337595,47.94543864337595,51.63157894736842
419,calendar_logistic_hurdle,6,641,641,30,0.0,14.937918574011272,14.937918574011272,54.8
419,calendar_logistic_hurdle,7,671,671,30,0.0,8.891360699593054,8.891360699593054,52.19047619047619
419,calendar_logistic_hurdle,8,701,701,30,0.0,0.0,0.0,49.81818181818182
419,calendar_logistic_hurdle,9,731,731,30,0.0,0.0,0.0,47.65217391304348
419,calendar_logistic_hurdle,10,761,761,30,0.0,0.0,0.0,45.666666666666664
419,calendar_logistic_hurdle,11,791,791,30,0.0,0.0,0.0,43.84
420,calendar_logistic_hurdle,0,461,461,30,0.0,0.0,0.0,0.8571428571428571
420,calendar_logistic_hurdle,1,491,491,30,0.0,0.0,0.0,0.8
420,calendar_logistic_hurdle,2,521,521,30,0.0,0.0,0.0,0.75
420,calendar_logistic_hurdle,3,551,551,30,0.0,0.0,0.0,0.7058823529411765
420,calendar_logistic_hurdle,4,581,581,30,0.0,0.0,0.0,0.6666666666666666
420,calendar_logistic_hurdle,5,611,611,30,0.0,0.0,0.0,0.631578947368421
420,calendar_logistic_hurdle,6,641,641,30,0.0,0.0,0.0,0.6
420,calendar_logistic_hurdle,7,671,671,30,0.0,0.0,0.0,0.5714285714285714
420,calendar_logistic_hurdle,8,701,701,30,0.0,0.0,0.0,0.5454545454545454
420,calendar_logistic_hurdle,9,731,731,30,0.0,0.0,0.0,0.5217391304347826
420,calendar_logistic_hurdle,10,761,761,30,0.0,0.0,0.0,0.5
420,calendar_logistic_hurdle,11,791,791,30,0.0,0.0,0.0,0.48
421,calendar_logistic_hurdle,0,461,461,30,0.0,0.0,0.0,0.42857142857142855
421,calendar_logistic_hurdle,1,491,491,30,0.0,0.0,0.0,0.4
421,calendar_logistic_hurdle,2,521,521,30,0.0,0.0,0.0,0.375
421,calendar_logistic_hurdle,3,551,551,30,0.0,0.0,0.0,0.35294117647058826
421,calendar_logistic_hurdle,4,581,581,30,0.0,0.0,0.0,0.3333333333333333
421,calendar_logistic_hurdle,5,611,611,30,0.0,0.0,0.0,0.3157894736842105
421,calendar_logistic_hurdle,6,641,641,30,0.0,0.0,0.0,0.3
421,calendar_logistic_hurdle,7,671,671,30,0.0,0.0,0.0,0.2857142857142857
421,calendar_logistic_hurdle,8,701,701,30,0.0,0.0,0.0,0.2727272727272727
421,calendar_logistic_hurdle,9,731,731,30,0.0,0.0,0.0,0.2608695652173913
421,calendar_logistic_hurdle,10,761,761,30,0.0,0.0,0.0,0.25
421,calendar_logistic_hurdle,11,791,791,30,0.0,0.0,0.0,0.24
425,calendar_logistic_hurdle,0,461,461,30,0.0,57.12520432764809,57.12520432764809,28.071428571428573
425,calendar_logistic_hurdle,1,491,491,30,6.0,16.617505112854236,10.617505112854236,28.666666666666668
425,calendar_logistic_hurdle,2,521,521,30,3.0,26.04787273807285,23.04787273807285,27.25
425,calendar_logistic_hurdle,3,551,551,30,2.0,5.266939516714471,3.266939516714471,25.823529411764707
425,calendar_logistic_hurdle,4,581,581,30,7.0,3.007953997024351,3.992046002975649,24.444444444444443
425,calendar_logistic_hurdle,5,611,611,30,22.0,5.445782611548322,16.55421738845168,23.42105263157895
425,calendar_logistic_hurdle,6,641,641,30,4.0,23.584827366067103,19.584827366067103,23.0
425,calendar_logistic_hurdle,7,671,671,30,9.0,14.518875200486473,5.518875200486473,22.761904761904763
425,calendar_logistic_hurdle,8,701,701,30,30.0,14.363414176946002,15.636585823053998,21.954545454545453
425,calendar_logistic_hurdle,9,731,731,30,28.0,14.968454145848233,13.031545854151767,21.91304347826087
425,calendar_logistic_hurdle,10,761,761,30,3.0,18.212800546669556,15.212800546669556,21.083333333333332
425,calendar_logistic_hurdle,11,791,791,30,5.0,16.619576584200395,11.619576584200395,21.24
435,calendar_logistic_hurdle,0,461,461,30,2.0,2.0139278772816542,0.013927877281654233,2.857142857142857
435,calendar_logistic_hurdle,1,491,491,30,2.0,3.1273003748087986,1.1273003748087986,2.7333333333333334
435,calendar_logistic_hurdle,2,521,521,30,1.0,2.902090754510873,1.9020907545108732,2.5625
435,calendar_logistic_hurdle,3,551,551,30,2.0,2.861245661217734,0.8612456612177342,2.4705882352941178
435,calendar_logistic_hurdle,4,581,581,30,3.0,1.962396960634508,1.037603039365492,2.388888888888889
435,calendar_logistic_hurdle,5,611,611,30,0.0,2.4086372636902027,2.4086372636902027,2.3157894736842106
435,calendar_logistic_hurdle,6,641,641,30,0.0,1.7034942867791056,1.7034942867791056,2.35
435,calendar_logistic_hurdle,7,671,671,30,0.0,1.3354299561820953,1.3354299561820953,2.238095238095238
435,calendar_logistic_hurdle,8,701,701,30,0.0,0.0,0.0,2.1363636363636362
435,calendar_logistic_hurdle,9,731,731,30,0.0,0.0,0.0,2.0434782608695654
435,calendar_logistic_hurdle,10,761,761,30,0.0,0.0,0.0,1.9583333333333333
435,calendar_logistic_hurdle,11,791,791,30,0.0,0.0,0.0,1.88
436,calendar_logistic_hurdle,0,461,461,30,0.0,0.0,0.0,0.14285714285714285
436,calendar_logistic_hurdle,1,491,491,30,0.0,0.0,0.0,0.13333333333333333
436,calendar_logistic_hurdle,2,521,521,30,0.0,0.0,0.0,0.125
436,calendar_logistic_hurdle,3,551,551,30,0.0,0.0,0.0,0.11764705882352941
436,calendar_logistic_hurdle,4,581,581,30,0.0,0.0,0.0,0.1111111111111111
436,calendar_logistic_hurdle,5,611,611,30,0.0,0.0,0.0,0.10526315789473684
436,calendar_logistic_hurdle,6,641,641,30,0.0,0.0,0.0,0.1
436,calendar_logistic_hurdle,7,671,671,30,0.0,0.0,0.0,0.09523809523809523
436,calendar_logistic_hurdle,8,701,701,30,0.0,0.0,0.0,0.09090909090909091
436,calendar_logistic_hurdle,9,731,731,30,0.0,0.0,0.0,0.08695652173913043
436,calendar_logistic_hurdle,10,761,761,30,0.0,0.0,0.0,0.08333333333333333
436,calendar_logistic_hurdle,11,791,791,30,0.0,0.0,0.0,0.08
437,calendar_logistic_hurdle,0,461,461,30,0.0,0.0,0.0,0.0
437,calendar_logistic_hurdle,1,491,491,30,0.0,0.0,0.0,0.0
437,calendar_logistic_hurdle,2,521,521,30,0.0,0.0,0.0,0.0
437,calendar_logistic_hurdle,3,551,551,30,0.0,0.0,0.0,0.0
437,calendar_logistic_hurdle,4,581,581,30,0.0,0.0,0.0,0.0
437,calendar_logistic_hurdle,5,611,611,30,0.0,0.0,0.0,0.0
437,calendar_logistic_hurdle,6,641,641,30,2.0,0.0,2.0,0.0
437,calendar_logistic_hurdle,7,671,671,30,30.0,17.74552342513967,12.25447657486033,0.09523809523809523
437,calendar_logistic_hurdle,8,701,701,30,3.0,27.678846919985475,24.678846919985475,1.3636363636363635
437,calendar_logistic_hurdle,9,731,731,30,55.0,15.399161490056393,39.60083850994361,2.4782608695652173
437,calendar_logistic_hurdle,10,761,761,30,20.0,38.82903512515796,18.829035125157958,4.541666666666667
437,calendar_logistic_hurdle,11,791,791,30,0.0,24.579598449539983,24.579598449539983,5.76
438,calendar_logistic_hurdle,0,461,461,30,0.0,0.0,0.0,0.0
438,calendar_logistic_hurdle,1,491,491,30,0.0,0.0,0.0,0.0
438,calendar_logistic_hurdle,2,521,521,30,0.0,0.0,0.0,0.0
438,calendar_logistic_hurdle,3,551,551,30,0.0,0.0,0.0,0.0
438,calendar_logistic_hurdle,4,581,581,30,0.0,0.0,0.0,0.0
438,calendar_logistic_hurdle,5,611,611,30,0.0,0.0,0.0,0.0
438,calendar_logistic_hurdle,6,641,641,30,0.0,0.0,0.0,0.0
438,calendar_logistic_hurdle,7,671,671,30,0.0,0.0,0.0,0.0
438,calendar_logistic_hurdle,8,701,701,30,17.0,0.0,17.0,0.0
438,calendar_logistic_hurdle,9,731,731,30,0.0,14.36517710056234,14.36517710056234,0.7391304347826086
438,calendar_logistic_hurdle,10,761,761,30,0.0,2.4395847186819384,2.4395847186819384,1.4166666666666667
438,calendar_logistic_hurdle,11,791,791,30,0.0,0.2632533292442682,0.2632533292442682,1.36
439,calendar_logistic_hurdle,0,461,461,30,20.0,10.673821214846187,9.326178785153813,5.142857142857143
439,calendar_logistic_hurdle,1,491,491,30,21.0,16.686015573813936,4.313984426186064,5.6
439,calendar_logistic_hurdle,2,521,521,30,32.0,14.380620522005282,17.61937947799472,5.3125
439,calendar_logistic_hurdle,3,551,551,30,9.0,19.982337884288903,10.982337884288903,5.647058823529412
439,calendar_logistic_hurdle,4,581,581,30,65.0,12.882381226187462,52.11761877381254,6.611111111111111
439,calendar_logistic_hurdle,5,611,611,30,73.0,23.692166487518183,49.30783351248182,9.210526315789474
439,calendar_logistic_hurdle,6,641,641,30,8.0,62.77825153294488,54.77825153294488,9.15
439,calendar_logistic_hurdle,7,671,671,30,6.0,56.450474520579334,50.450474520579334,11.80952380952381
439,calendar_logistic_hurdle,8,701,701,30,11.0,27.674993681875037,16.674993681875037,11.363636363636363
439,calendar_logistic_hurdle,9,731,731,30,22.0,9.342748379640659,12.657251620359341,11.08695652173913
439,calendar_logistic_hurdle,10,761,761,30,46.0,17.692408943479457,28.307591056520543,11.083333333333334
439,calendar_logistic_hurdle,11,791,791,30,0.0,26.863479588413057,26.863479588413057,11.6
445,calendar_logistic_hurdle,0,461,461,30,0.0,0.0,0.0,1.5
445,calendar_logistic_hurdle,1,491,491,30,0.0,0.0,0.0,1.4
445,calendar_logistic_hurdle,2,521,521,30,0.0,0.0,0.0,1.3125
445,calendar_logistic_hurdle,3,551,551,30,0.0,0.0,0.0,1.2352941176470589
445,calendar_logistic_hurdle,4,581,581,30,0.0,0.0,0.0,1.1666666666666667
445,calendar_logistic_hurdle,5,611,611,30,0.0,0.0,0.0,1.105263157894737
445,calendar_logistic_hurdle,6,641,641,30,0.0,0.0,0.0,1.05
445,calendar_logistic_hurdle,7,671,671,30,0.0,0.0,0.0,1.0
445,calendar_logistic_hurdle,8,701,701,30,0.0,0.0,0.0,0.9545454545454546
445,calendar_logistic_hurdle,9,731,731,30,0.0,0.0,0.0,0.9130434782608695
445,calendar_logistic_hurdle,10,761,761,30,0.0,0.0,0.0,0.875
445,calendar_logistic_hurdle,11,791,791,30,0.0,0.0,0.0,0.84
446,calendar_logistic_hurdle,0,461,461,30,0.0,0.0,0.0,0.0
446,calendar_logistic_hurdle,1,491,491,30,0.0,0.0,0.0,0.0
446,calendar_logistic_hurdle,2,521,521,30,0.0,0.0,0.0,0.0
446,calendar_logistic_hurdle,3,551,551,30,0.0,0.0,0.0,0.0
446,calendar_logistic_hurdle,4,581,581,30,0.0,0.0,0.0,0.0
446,calendar_logistic_hurdle,5,611,611,30,0.0,0.0,0.0,0.0
446,calendar_logistic_hurdle,6,641,641,30,2.0,0.0,2.0,0.0
446,calendar_logistic_hurdle,7,671,671,30,16.0,17.74552342513967,1.7455234251396696,0.09523809523809523
446,calendar_logistic_hurdle,8,701,701,30,14.0,22.88197180569915,8.881971805699148,0.7272727272727273
446,calendar_logistic_hurdle,9,731,731,30,16.0,13.623791883891604,2.376208116108396,0.782608695652174
446,calendar_logistic_hurdle,10,761,761,30,38.0,17.61723720629036,20.38276279370964,0.8333333333333334
446,calendar_logistic_hurdle,11,791,791,30,8.0,21.275530108571825,13.275530108571825,1.68
447,calendar_logistic_hurdle,0,461,461,30,0.0,0.0,0.0,0.14285714285714285
447,calendar_logistic_hurdle,1,491,491,30,0.0,0.0,0.0,0.13333333333333333
447,calendar_logistic_hurdle,2,521,521,30,0.0,0.0,0.0,0.125
447,calendar_logistic_hurdle,3,551,551,30,0.0,0.0,0.0,0.11764705882352941
447,calendar_logistic_hurdle,4,581,581,30,2.0,0.0,2.0,0.1111111111111111
447,calendar_logistic_hurdle,5,611,611,30,10.0,3.2110311255072865,6.7889688744927135,0.21052631578947367
447,calendar_logistic_hurdle,6,641,641,30,0.0,20.552764485442065,20.552764485442065,0.6
447,calendar_logistic_hurdle,7,671,671,30,0.0,4.5338144060616665,4.5338144060616665,1.0476190476190477
447,calendar_logistic_hurdle,8,701,701,30,0.0,1.1619751651158001,1.1619751651158001,1.0
447,calendar_logistic_hurdle,9,731,731,30,40.0,0.0,40.0,0.9565217391304348
447,calendar_logistic_hurdle,10,761,761,30,79.0,20.032374113802042,58.96762588619796,2.5833333333333335
447,calendar_logistic_hurdle,11,791,791,30,9.0,59.68090988462917,50.68090988462917,4.04
450,calendar_logistic_hurdle,0,461,461,30,0.0,0.6051758870715581,0.6051758870715581,2.0
450,calendar_logistic_hurdle,1,491,491,30,0.0,0.4298201865933125,0.4298201865933125,1.8666666666666667
450,calendar_logistic_hurdle,2,521,521,30,0.0,0.0,0.0,1.75
450,calendar_logistic_hurdle,3,551,551,30,4.0,0.0,4.0,1.6470588235294117
450,calendar_logistic_hurdle,4,581,581,30,24.0,4.257969423960257,19.742030576039742,1.7777777777777777
450,calendar_logistic_hurdle,5,611,611,30,12.0,7.781640949881419,4.218359050118581,2.736842105263158
450,calendar_logistic_hurdle,6,641,641,30,11.0,13.706193446096634,2.706193446096634,3.2
450,calendar_logistic_hurdle,7,671,671,30,2.0,11.971861370487707,9.971861370487707,3.0952380952380953
450,calendar_logistic_hurdle,8,701,701,30,0.0,7.209184777064027,7.209184777064027,3.3636363636363638
450,calendar_logistic_hurdle,9,731,731,30,0.0,2.3703922031404017,2.3703922031404017,3.3043478260869565
450,calendar_logistic_hurdle,10,761,761,30,7.0,0.4215693492048286,6.5784306507951715,3.1666666666666665
450,calendar_logistic_hurdle,11,791,791,30,0.0,4.2593710717080375,4.2593710717080375,3.32
455,calendar_logistic_hurdle,0,461,461,30,0.0,0.0,0.0,0.0
455,calendar_logistic_hurdle,1,491,491,30,0.0,0.0,0.0,0.0
455,calendar_logistic_hurdle,2,521,521,30,0.0,0.0,0.0,0.0
455,calendar_logistic_hurdle,3,551,551,30,0.0,0.0,0.0,0.0
455,calendar_logistic_hurdle,4,581,581,30,0.0,0.0,0.0,0.0
455,calendar_logistic_hurdle,5,611,611,30,0.0,0.0,0.0,0.0
455,calendar_logistic_hurdle,6,641,641,30,0.0,0.0,0.0,0.0
455,calendar_logistic_hurdle,7,671,671,30,0.0,0.0,0.0,0.0
455,calendar_logistic_hurdle,8,701,701,30,1.0,0.0,1.0,0.0
455,calendar_logistic_hurdle,9,731,731,30,19.0,6.825128914138303,12.174871085861696,0.043478260869565216
455,calendar_logistic_hurdle,10,761,761,30,13.0,25.357949242378766,12.357949242378766,0.7916666666666666
455,calendar_logistic_hurdle,11,791,791,30,3.0,13.713512315108131,10.713512315108131,1.0
461,calendar_logistic_hurdle,0,461,461,30,0.0,0.0,0.0,0.0
461,calendar_logistic_hurdle,1,491,491,30,0.0,0.0,0.0,0.0
461,calendar_logistic_hurdle,2,521,521,30,0.0,0.0,0.0,0.0
461,calendar_logistic_hurdle,3,551,551,30,2.0,0.0,2.0,0.0
461,calendar_logistic_hurdle,4,581,581,30,3.0,5.661781736191186,2.6617817361911857,0.1111111111111111
461,calendar_logistic_hurdle,5,611,611,30,1.0,2.7986173190310506,1.7986173190310506,0.15789473684210525
461,calendar_logistic_hurdle,6,641,641,30,2.0,6.554655886975244,4.554655886975244,0.25
461,calendar_logistic_hurdle,7,671,671,30,1.0,5.180059798117397,4.180059798117397,0.2857142857142857
461,calendar_logistic_hurdle,8,701,701,30,0.0,4.723484928086516,4.723484928086516,0.3181818181818182
461,calendar_logistic_hurdle,9,731,731,30,0.0,1.1331839431516648,1.1331839431516648,0.34782608695652173
461,calendar_logistic_hurdle,10,761,761,30,0.0,0.1808750430863576,0.1808750430863576,0.3333333333333333
461,calendar_logistic_hurdle,11,791,791,30,0.0,0.0,0.0,0.32
465,calendar_logistic_hurdle,0,461,461,30,19.0,20.874377948868652,1.874377948868652,3.142857142857143
465,calendar_logistic_hurdle,1,491,491,30,20.0,19.322959710443047,0.6770402895569525,3.8
465,calendar_logistic_hurdle,2,521,521,30,31.0,13.98513865254904,17.01486134745096,3.625
465,calendar_logistic_hurdle,3,551,551,30,19.0,19.399215431815268,0.39921543181526786,4.0588235294117645
465,calendar_logistic_hurdle,4,581,581,30,8.0,13.969214726428671,5.969214726428671,4.5
465,calendar_logistic_hurdle,5,611,611,30,7.0,9.626131648467346,2.6261316484673465,4.842105263157895
465,calendar_logistic_hurdle,6,641,641,30,9.0,17.483972010620683,8.483972010620683,4.65
465,calendar_logistic_hurdle,7,671,671,30,4.0,14.453403507596391,10.453403507596391,4.523809523809524
465,calendar_logistic_hurdle,8,701,701,30,3.0,12.349982989300159,9.349982989300159,4.545454545454546
465,calendar_logistic_hurdle,9,731,731,30,10.0,10.24254575437108,0.24254575437107917,4.391304347826087
465,calendar_logistic_hurdle,10,761,761,30,0.0,12.527978720535366,12.527978720535366,4.5
465,calendar_logistic_hurdle,11,791,791,30,1.0,2.9469832907974736,1.9469832907974736,4.72
477,calendar_logistic_hurdle,0,461,461,30,0.0,0.0,0.0,0.2857142857142857
477,calendar_logistic_hurdle,1,491,491,30,0.0,0.0,0.0,0.26666666666666666
477,calendar_logistic_hurdle,2,521,521,30,0.0,0.0,0.0,0.25
477,calendar_logistic_hurdle,3,551,551,30,0.0,0.0,0.0,0.23529411764705882
477,calendar_logistic_hurdle,4,581,581,30,0.0,0.0,0.0,0.2222222222222222
477,calendar_logistic_hurdle,5,611,611,30,0.0,0.0,0.0,0.21052631578947367
477,calendar_logistic_hurdle,6,641,641,30,0.0,0.0,0.0,0.2
477,calendar_logistic_hurdle,7,671,671,30,0.0,0.0,0.0,0.19047619047619047
477,calendar_logistic_hurdle,8,701,701,30,0.0,0.0,0.0,0.18181818181818182
477,calendar_logistic_hurdle,9,731,731,30,0.0,0.0,0.0,0.17391304347826086
477,calendar_logistic_hurdle,10,761,761,30,0.0,0.0,0.0,0.16666666666666666
477,calendar_logistic_hurdle,11,791,791,30,0.0,0.0,0.0,0.16
479,calendar_logistic_hurdle,0,461,461,30,6.0,9.797186789993308,3.797186789993308,2.7142857142857144
479,calendar_logistic_hurdle,1,491,491,30,5.0,7.6376275482691955,2.6376275482691955,2.8
479,calendar_logistic_hurdle,2,521,521,30,1.0,4.596649081465382,3.596649081465382,2.6875
479,calendar_logistic_hurdle,3,551,551,30,2.0,2.5849278149658312,0.5849278149658312,2.764705882352941
479,calendar_logistic_hurdle,4,581,581,30,2.0,1.6788559142354578,0.32114408576454223,2.6666666666666665
479,calendar_logistic_hurdle,5,611,611,30,1.0,3.021116380805386,2.021116380805386,2.526315789473684
479,calendar_logistic_hurdle,6,641,641,30,2.0,4.130044350545833,2.130044350545833,2.45
479,calendar_logistic_hurdle,7,671,671,30,2.0,4.366455375373577,2.366455375373577,2.380952380952381
479,calendar_logistic_hurdle,8,701,701,30,0.0,3.2998904404342713,3.2998904404342713,2.272727272727273
479,calendar_logistic_hurdle,9,731,731,30,0.0,0.8582209438317899,0.8582209438317899,2.260869565217391
479,calendar_logistic_hurdle,10,761,761,30,0.0,0.4293074228581953,0.4293074228581953,2.1666666666666665
479,calendar_logistic_hurdle,11,791,791,30,0.0,0.0,0.0,2.08
480,calendar_logistic_hurdle,0,461,461,30,0.0,0.0,0.0,0.0
480,calendar_logistic_hurdle,1,491,491,30,0.0,0.0,0.0,0.0
480,calendar_logistic_hurdle,2,521,521,30,0.0,0.0,0.0,0.0
480,calendar_logistic_hurdle,3,551,551,30,2.0,0.0,2.0,0.0
480,calendar_logistic_hurdle,4,581,581,30,1.0,1.6933393717020773,0.6933393717020773,0.1111111111111111
480,calendar_logistic_hurdle,5,611,611,30,0.0,2.0056300960473763,2.0056300960473763,0.15789473684210525
480,calendar_logistic_hurdle,6,641,641,30,0.0,0.41604066787122684,0.41604066787122684,0.2
480,calendar_logistic_hurdle,7,671,671,30,0.0,0.19153806606029755,0.19153806606029755,0.19047619047619047
480,calendar_logistic_hurdle,8,701,701,30,0.0,0.0,0.0,0.18181818181818182
480,calendar_logistic_hurdle,9,731,731,30,0.0,0.0,0.0,0.17391304347826086
480,calendar_logistic_hurdle,10,761,761,30,0.0,0.0,0.0,0.16666666666666666
480,calendar_logistic_hurdle,11,791,791,30,0.0,0.0,0.0,0.16
481,calendar_logistic_hurdle,0,461,461,30,0.0,0.0,0.0,0.0
481,calendar_logistic_hurdle,1,491,491,30,0.0,0.0,0.0,0.0
481,calendar_logistic_hurdle,2,521,521,30,0.0,0.0,0.0,0.0
481,calendar_logistic_hurdle,3,551,551,30,0.0,0.0,0.0,0.0
481,calendar_logistic_hurdle,4,581,581,30,0.0,0.0,0.0,0.0
481,calendar_logistic_hurdle,5,611,611,30,0.0,0.0,0.0,0.0
481,calendar_logistic_hurdle,6,641,641,30,2.0,0.0,2.0,0.0
481,calendar_logistic_hurdle,7,671,671,30,0.0,2.40452273291877,2.40452273291877,0.09523809523809523
481,calendar_logistic_hurdle,8,701,701,30,9.0,0.3639276363484515,8.636072363651548,0.18181818181818182
481,calendar_logistic_hurdle,9,731,731,30,2.0,8.159870961901662,6.159870961901662,0.5652173913043478
481,calendar_logistic_hurdle,10,761,761,30,1.0,12.92423815811409,11.92423815811409,0.8333333333333334
481,calendar_logistic_hurdle,11,791,791,30,0.0,5.139692770626692,5.139692770626692,0.84
482,calendar_logistic_hurdle,0,461,461,30,0.0,0.0,0.0,0.0
482,calendar_logistic_hurdle,1,491,491,30,0.0,0.0,0.0,0.0
482,calendar_logistic_hurdle,2,521,521,30,0.0,0.0,0.0,0.0
482,calendar_logistic_hurdle,3,551,551,30,1.0,0.0,1.0,0.0
482,calendar_logistic_hurdle,4,581,581,30,0.0,0.21525579067899248,0.21525579067899248,0.05555555555555555
482,calendar_logistic_hurdle,5,611,611,30,0.0,1.3814516219096515,1.3814516219096515,0.10526315789473684
482,calendar_logistic_hurdle,6,641,641,30,0.0,0.24644536172238918,0.24644536172238918,0.1
482,calendar_logistic_hurdle,7,671,671,30,0.0,0.0,0.0,0.09523809523809523
482,calendar_logistic_hurdle,8,701,701,30,0.0,0.0,0.0,0.09090909090909091
482,calendar_logistic_hurdle,9,731,731,30,0.0,0.0,0.0,0.08695652173913043
482,calendar_logistic_hurdle,10,761,761,30,0.0,0.0,0.0,0.08333333333333333
482,calendar_logistic_hurdle,11,791,791,30,0.0,0.0,0.0,0.08
483,calendar_logistic_hurdle,0,461,461,30,0.0,0.0,0.0,0.0
483,calendar_logistic_hurdle,1,491,491,30,2.0,0.0,2.0,0.0
483,calendar_logistic_hurdle,2,521,521,30,0.0,7.70034897969109,7.70034897969109,0.125
483,calendar_logistic_hurdle,3,551,551,30,0.0,1.3515634465267228,1.3515634465267228,0.23529411764705882
483,calendar_logistic_hurdle,4,581,581,30,0.0,0.16889396415048305,0.16889396415048305,0.2222222222222222
483,calendar_logistic_hurdle,5,611,611,30,0.0,0.0,0.0,0.21052631578947367
483,calendar_logistic_hurdle,6,641,641,30,1.0,0.0,1.0,0.2
483,calendar_logistic_hurdle,7,671,671,30,2.0,2.5654395082239696,0.5654395082239696,0.23809523809523808
483,calendar_logistic_hurdle,8,701,701,30,5.0,3.529880630275738,1.4701193697242618,0.2727272727272727
483,calendar_logistic_hurdle,9,731,731,30,0.0,4.521820429962297,4.521820429962297,0.391304347826087
483,calendar_logistic_hurdle,10,761,761,30,0.0,1.371774844257464,1.371774844257464,0.5833333333333334
483,calendar_logistic_hurdle,11,791,791,30,0.0,0.7518135657457362,0.7518135657457362,0.56
484,calendar_logistic_hurdle,0,461,461,30,0.0,0.0,0.0,0.0
484,calendar_logistic_hurdle,1,491,491,30,0.0,0.0,0.0,0.0
484,calendar_logistic_hurdle,2,521,521,30,0.0,0.0,0.0,0.0
484,calendar_logistic_hurdle,3,551,551,30,0.0,0.0,0.0,0.0
484,calendar_logistic_hurdle,4,581,581,30,0.0,0.0,0.0,0.0
484,calendar_logistic_hurdle,5,611,611,30,119.0,0.0,119.0,0.0
484,calendar_logistic_hurdle,6,641,641,30,37.0,201.89127069557478,164.89127069557478,5.95
484,calendar_logistic_hurdle,7,671,671,30,23.0,64.41627383714992,41.416273837149916,9.571428571428571
484,calendar_logistic_hurdle,8,701,701,30,26.0,58.302674914258134,32.302674914258134,9.772727272727273
484,calendar_logistic_hurdle,9,731,731,30,44.0,22.695201334844867,21.304798665155133,9.478260869565217
484,calendar_logistic_hurdle,10,761,761,30,71.0,30.464314654037025,40.535685345962975,9.833333333333334
484,calendar_logistic_hurdle,11,791,791,30,5.0,48.23022710115039,43.23022710115039,10.52
486,calendar_logistic_hurdle,0,461,461,30,0.0,0.0,0.0,0.0
486,calendar_logistic_hurdle,1,491,491,30,0.0,0.0,0.0,0.0
486,calendar_logistic_hurdle,2,521,521,30,0.0,0.0,0.0,0.0
486,calendar_logistic_hurdle,3,551,551,30,5.0,0.0,5.0,0.0
486,calendar_logistic_hurdle,4,581,581,30,7.0,5.882959676532314,1.1170403234676858,0.2777777777777778
486,calendar_logistic_hurdle,5,611,611,30,7.0,3.2038034920924114,3.7961965079075886,0.3684210526315789
486,calendar_logistic_hurdle,6,641,641,30,7.0,8.061106161619692,1.0611061616196924,0.35
486,calendar_logistic_hurdle,7,671,671,30,5.0,7.73711192329336,2.7371119232933596,0.3333333333333333
486,calendar_logistic_hurdle,8,701,701,30,5.0,7.461216881971762,2.4612168819717617,0.4090909090909091
486,calendar_logistic_hurdle,9,731,731,30,8.0,7.778862522627387,0.22113747737261313,0.391304347826087
486,calendar_logistic_hurdle,10,761,761,30,10.0,7.73394476628045,2.26605523371955,0.5
486,calendar_logistic_hurdle,11,791,791,30,1.0,7.225040460872028,6.225040460872028,0.56
490,calendar_logistic_hurdle,0,461,461,30,0.0,1.545550868495622,1.545550868495622,7.0
490,calendar_logistic_hurdle,1,491,491,30,0.0,0.753202984111835,0.753202984111835,6.533333333333333
490,calendar_logistic_hurdle,2,521,521,30,0.0,0.0,0.0,6.125
490,calendar_logistic_hurdle,3,551,551,30,0.0,0.0,0.0,5.764705882352941
490,calendar_logistic_hurdle,4,581,581,30,0.0,0.0,0.0,5.444444444444445
490,calendar_logistic_hurdle,5,611,611,30,0.0,0.0,0.0,5.157894736842105
490,calendar_logistic_hurdle,6,641,641,30,0.0,0.0,0.0,4.9
490,calendar_logistic_hurdle,7,671,671,30,0.0,0.0,0.0,4.666666666666667
490,calendar_logistic_hurdle,8,701,701,30,0.0,0.0,0.0,4.454545454545454
490,calendar_logistic_hurdle,9,731,731,30,0.0,0.0,0.0,4.260869565217392
490,calendar_logistic_hurdle,10,761,761,30,0.0,0.0,0.0,4.083333333333333
490,calendar_logistic_hurdle,11,791,791,30,0.0,0.0,0.0,3.92
498,calendar_logistic_hurdle,0,461,461,30,0.0,0.0,0.0,0.0
498,calendar_logistic_hurdle,1,491,491,30,0.0,0.0,0.0,0.0
498,calendar_logistic_hurdle,2,521,521,30,0.0,0.0,0.0,0.0
498,calendar_logistic_hurdle,3,551,551,30,84.0,0.0,84.0,0.0
498,calendar_logistic_hurdle,4,581,581,30,154.0,66.53732896927602,87.46267103072398,4.666666666666667
498,calendar_logistic_hurdle,5,611,611,30,152.0,48.868159675170254,103.13184032482974,8.105263157894736
498,calendar_logistic_hurdle,6,641,641,30,19.0,107.53709579194907,88.53709579194907,7.8
498,calendar_logistic_hurdle,7,671,671,30,38.0,144.10365296845748,106.10365296845748,13.761904761904763
498,calendar_logistic_hurdle,8,701,701,30,14.0,74.46705107162275,60.46705107162275,14.0
498,calendar_logistic_hurdle,9,731,731,30,44.0,36.413138535315184,7.586861464684816,14.434782608695652
498,calendar_logistic_hurdle,10,761,761,30,57.0,34.92811067787274,22.071889322127262,15.083333333333334
498,calendar_logistic_hurdle,11,791,791,30,9.0,39.34749096591162,30.347490965911618,15.0
500,calendar_logistic_hurdle,0,461,461,30,0.0,0.0,0.0,0.0
500,calendar_logistic_hurdle,1,491,491,30,0.0,0.0,0.0,0.0
500,calendar_logistic_hurdle,2,521,521,30,0.0,0.0,0.0,0.0
500,calendar_logistic_hurdle,3,551,551,30,2.0,0.0,2.0,0.0
500,calendar_logistic_hurdle,4,581,581,30,0.0,3.220310101516028,3.220310101516028,0.1111111111111111
500,calendar_logistic_hurdle,5,611,611,30,0.0,0.5150941443088534,0.5150941443088534,0.21052631578947367
500,calendar_logistic_hurdle,6,641,641,30,0.0,0.44023891224826883,0.44023891224826883,0.2
500,calendar_logistic_hurdle,7,671,671,30,0.0,0.0,0.0,0.19047619047619047
500,calendar_logistic_hurdle,8,701,701,30,0.0,0.0,0.0,0.18181818181818182
500,calendar_logistic_hurdle,9,731,731,30,0.0,0.0,0.0,0.17391304347826086
500,calendar_logistic_hurdle,10,761,761,30,1.0,0.0,1.0,0.16666666666666666
500,calendar_logistic_hurdle,11,791,791,30,0.0,2.3322944354353696,2.3322944354353696,0.2
501,calendar_logistic_hurdle,0,461,461,30,0.0,0.0,0.0,0.0
501,calendar_logistic_hurdle,1,491,491,30,7.0,0.0,7.0,0.0
501,calendar_logistic_hurdle,2,521,521,30,68.0,30.16748725198494,37.83251274801506,0.4375
501,calendar_logistic_hurdle,3,551,551,30,59.0,58.20000772418133,0.799992275818667,4.0
501,calendar_logistic_hurdle,4,581,581,30,50.0,37.83933113743964,12.160668862560357,4.277777777777778
501,calendar_logistic_hurdle,5,611,611,30,81.0,28.150529277971604,52.8494707220284,4.526315789473684
501,calendar_logistic_hurdle,6,641,641,30,16.0,86.10659404869051,70.10659404869051,5.85
501,calendar_logistic_hurdle,7,671,671,30,18.0,59.40638660177117,41.40638660177117,8.666666666666666
501,calendar_logistic_hurdle,8,701,701,30,11.0,44.71045697286068,33.71045697286068,8.363636363636363
501,calendar_logistic_hurdle,9,731,731,30,42.0,14.397539037806686,27.602460962193312,8.304347826086957
501,calendar_logistic_hurdle,10,761,761,30,68.0,29.12629373375443,38.87370626624557,9.25
501,calendar_logistic_hurdle,11,791,791,30,1.0,44.64029871616709,43.64029871616709,9.92
515,calendar_logistic_hurdle,0,461,461,30,0.0,0.0,0.0,0.0
515,calendar_logistic_hurdle,1,491,491,30,1.0,0.0,1.0,0.0
515,calendar_logistic_hurdle,2,521,521,30,0.0,3.0791491904417665,3.0791491904417665,0.0625
515,calendar_logistic_hurdle,3,551,551,30,2.0,0.527334614276179,1.472665385723821,0.11764705882352941
515,calendar_logistic_hurdle,4,581,581,30,4.0,0.30602714178814633,3.6939728582118536,0.2222222222222222
515,calendar_logistic_hurdle,5,611,611,30,4.0,5.391445039784539,1.3914450397845393,0.3157894736842105
515,calendar_logistic_hurdle,6,641,641,30,3.0,6.809105033058204,3.809105033058204,0.3
515,calendar_logistic_hurdle,7,671,671,30,5.0,5.456964889007417,0.45696488900741716,0.3333333333333333
515,calendar_logistic_hurdle,8,701,701,30,1.0,5.586389934264129,4.586389934264129,0.4090909090909091
515,calendar_logistic_hurdle,9,731,731,30,2.0,2.4360695261085454,0.43606952610854544,0.5652173913043478
515,calendar_logistic_hurdle,10,761,761,30,2.0,5.061217140569817,3.061217140569817,0.5833333333333334
515,calendar_logistic_hurdle,11,791,791,30,0.0,3.189749498431459,3.189749498431459,0.56
516,calendar_logistic_hurdle,0,461,461,30,0.0,0.0,0.0,0.0
516,calendar_logistic_hurdle,1,491,491,30,0.0,0.0,0.0,0.0
516,calendar_logistic_hurdle,2,521,521,30,0.0,0.0,0.0,0.0
516,calendar_logistic_hurdle,3,551,551,30,0.0,0.0,0.0,0.0
516,calendar_logistic_hurdle,4,581,581,30,0.0,0.0,0.0,0.0
516,calendar_logistic_hurdle,5,611,611,30,0.0,0.0,0.0,0.0
516,calendar_logistic_hurdle,6,641,641,30,18.0,0.0,18.0,0.0
516,calendar_logistic_hurdle,7,671,671,30,0.0,23.471267490449765,23.471267490449765,0.8571428571428571
516,calendar_logistic_hurdle,8,701,701,30,19.0,3.3437284768511746,15.656271523148826,1.6363636363636365
516,calendar_logistic_hurdle,9,731,731,30,48.0,14.18358386624292,33.81641613375708,2.391304347826087
516,calendar_logistic_hurdle,10,761,761,30,67.0,28.29886002710474,38.70113997289526,3.5
516,calendar_logistic_hurdle,11,791,791,30,9.0,48.22434305898401,39.22434305898401,4.12
517,calendar_logistic_hurdle,0,461,461,30,0.0,0.0,0.0,0.0
517,calendar_logistic_hurdle,1,491,491,30,0.0,0.0,0.0,0.0
517,calendar_logistic_hurdle,2,521,521,30,0.0,0.0,0.0,0.0
517,calendar_logistic_hurdle,3,551,551,30,1.0,0.0,1.0,0.0
517,calendar_logistic_hurdle,4,581,581,30,0.0,1.610155050758014,1.610155050758014,0.05555555555555555
517,calendar_logistic_hurdle,5,611,611,30,0.0,0.2575470721544267,0.2575470721544267,0.10526315789473684
517,calendar_logistic_hurdle,6,641,641,30,0.0,0.22011945612413442,0.22011945612413442,0.1
517,calendar_logistic_hurdle,7,671,671,30,0.0,0.0,0.0,0.09523809523809523
517,calendar_logistic_hurdle,8,701,701,30,0.0,0.0,0.0,0.09090909090909091
517,calendar_logistic_hurdle,9,731,731,30,0.0,0.0,0.0,0.08695652173913043
517,calendar_logistic_hurdle,10,761,761,30,0.0,0.0,0.0,0.08333333333333333
517,calendar_logistic_hurdle,11,791,791,30,0.0,0.0,0.0,0.08
