fold,origin,origin_date,sku,category,actual_30d,naive_denom,arm,method,yhat,abs_err,sq_err,mase
0,461,2025-08-06,29,Keychains & Charms,108.0,28.428571428571427,per-SKU,persku_rolling_mean_30,45.99999999999999,62.00000000000001,3844.000000000001,2.1809045226130657
0,461,2025-08-06,29,Keychains & Charms,108.0,28.428571428571427,per-SKU,persku_rolling_mean_180,61.49999999999998,46.50000000000002,2162.250000000002,1.6356783919598
0,461,2025-08-06,29,Keychains & Charms,108.0,28.428571428571427,per-SKU,persku_tsb,60.21072952269846,47.78927047730154,2283.814372752685,1.6810296147794512
0,461,2025-08-06,29,Keychains & Charms,108.0,28.428571428571427,per-SKU,persku_ewma_a0.1,79.64697054485472,28.353029455145276,803.8942792843357,0.9973427446533515
0,461,2025-08-06,29,Keychains & Charms,108.0,28.428571428571427,top-down,topdown_RM6_180,77.3505154639175,30.649484536082497,939.3909023275601,1.0781225716209923
0,461,2025-08-06,29,Keychains & Charms,108.0,28.428571428571427,top-down,topdown_rolling_mean_30,65.30412371134021,42.69587628865979,1822.9378520565413,1.501864995078485
0,461,2025-08-06,29,Keychains & Charms,108.0,28.428571428571427,top-down,topdown_tsb,72.51464130000907,35.485358699990925,1259.2106820670217,1.2482286979896307
0,461,2025-08-06,39,Plush & Souvenirs,0.0,0.0,per-SKU,persku_rolling_mean_30,0.0,0.0,0.0,
0,461,2025-08-06,39,Plush & Souvenirs,0.0,0.0,per-SKU,persku_rolling_mean_180,0.0,0.0,0.0,
0,461,2025-08-06,39,Plush & Souvenirs,0.0,0.0,per-SKU,persku_tsb,0.0,0.0,0.0,
0,461,2025-08-06,39,Plush & Souvenirs,0.0,0.0,per-SKU,persku_ewma_a0.1,0.0,0.0,0.0,
0,461,2025-08-06,39,Plush & Souvenirs,0.0,0.0,top-down,topdown_RM6_180,0.0,0.0,0.0,
0,461,2025-08-06,39,Plush & Souvenirs,0.0,0.0,top-down,topdown_rolling_mean_30,0.0,0.0,0.0,
0,461,2025-08-06,39,Plush & Souvenirs,0.0,0.0,top-down,topdown_tsb,0.0,0.0,0.0,
0,461,2025-08-06,48,Umbrellas & Gear,0.0,0.0,per-SKU,persku_rolling_mean_30,0.0,0.0,0.0,
0,461,2025-08-06,48,Umbrellas & Gear,0.0,0.0,per-SKU,persku_rolling_mean_180,0.0,0.0,0.0,
0,461,2025-08-06,48,Umbrellas & Gear,0.0,0.0,per-SKU,persku_tsb,0.0,0.0,0.0,
0,461,2025-08-06,48,Umbrellas & Gear,0.0,0.0,per-SKU,persku_ewma_a0.1,0.0,0.0,0.0,
0,461,2025-08-06,48,Umbrellas & Gear,0.0,0.0,top-down,topdown_RM6_180,0.0,0.0,0.0,
0,461,2025-08-06,48,Umbrellas & Gear,0.0,0.0,top-down,topdown_rolling_mean_30,0.0,0.0,0.0,
0,461,2025-08-06,48,Umbrellas & Gear,0.0,0.0,top-down,topdown_tsb,0.0,0.0,0.0,
0,461,2025-08-06,54,Stationery,114.0,12.714285714285714,per-SKU,persku_rolling_mean_30,53.999999999999986,60.000000000000014,3600.000000000002,4.719101123595507
0,461,2025-08-06,54,Stationery,114.0,12.714285714285714,per-SKU,persku_rolling_mean_180,49.0,65.0,4225.0,5.1123595505617985
0,461,2025-08-06,54,Stationery,114.0,12.714285714285714,per-SKU,persku_tsb,64.72970101943592,49.27029898056408,2427.5623616341736,3.8751920546511074
0,461,2025-08-06,54,Stationery,114.0,12.714285714285714,per-SKU,persku_ewma_a0.1,75.76460138342405,38.23539861657595,1461.945707368458,3.0072785428767603
0,461,2025-08-06,54,Stationery,114.0,12.714285714285714,top-down,topdown_RM6_180,82.77891621129326,31.221083788706736,974.7560729414465,2.4555908597859233
0,461,2025-08-06,54,Stationery,114.0,12.714285714285714,top-down,topdown_rolling_mean_30,49.48497267759563,64.51502732240436,4162.188750410582,5.07421563209922
0,461,2025-08-06,54,Stationery,114.0,12.714285714285714,top-down,topdown_tsb,51.99973667429416,62.00026332570584,3844.0326524568645,4.876425205392594
0,461,2025-08-06,55,Stationery,0.0,0.0,per-SKU,persku_rolling_mean_30,0.0,0.0,0.0,
0,461,2025-08-06,55,Stationery,0.0,0.0,per-SKU,persku_rolling_mean_180,0.0,0.0,0.0,
0,461,2025-08-06,55,Stationery,0.0,0.0,per-SKU,persku_tsb,0.0,0.0,0.0,
0,461,2025-08-06,55,Stationery,0.0,0.0,per-SKU,persku_ewma_a0.1,0.0,0.0,0.0,
0,461,2025-08-06,55,Stationery,0.0,0.0,top-down,topdown_RM6_180,0.0,0.0,0.0,
0,461,2025-08-06,55,Stationery,0.0,0.0,top-down,topdown_rolling_mean_30,0.0,0.0,0.0,
0,461,2025-08-06,55,Stationery,0.0,0.0,top-down,topdown_tsb,0.0,0.0,0.0,
0,461,2025-08-06,74,Bags,0.0,0.0,per-SKU,persku_rolling_mean_30,0.0,0.0,0.0,
0,461,2025-08-06,74,Bags,0.0,0.0,per-SKU,persku_rolling_mean_180,0.0,0.0,0.0,
0,461,2025-08-06,74,Bags,0.0,0.0,per-SKU,persku_tsb,0.0,0.0,0.0,
0,461,2025-08-06,74,Bags,0.0,0.0,per-SKU,persku_ewma_a0.1,0.0,0.0,0.0,
0,461,2025-08-06,74,Bags,0.0,0.0,top-down,topdown_RM6_180,0.0,0.0,0.0,
0,461,2025-08-06,74,Bags,0.0,0.0,top-down,topdown_rolling_mean_30,0.0,0.0,0.0,
0,461,2025-08-06,74,Bags,0.0,0.0,top-down,topdown_tsb,0.0,0.0,0.0,
0,461,2025-08-06,112,Keychains & Charms,76.0,32.785714285714285,per-SKU,persku_rolling_mean_30,56.999999999999986,19.000000000000014,361.00000000000057,0.5795206971677564
0,461,2025-08-06,112,Keychains & Charms,76.0,32.785714285714285,per-SKU,persku_rolling_mean_180,60.49999999999999,15.500000000000007,240.25000000000023,0.47276688453159066
0,461,2025-08-06,112,Keychains & Charms,76.0,32.785714285714285,per-SKU,persku_tsb,60.97735949442375,15.022640505576248,225.6797277597802,0.45820689995221675
0,461,2025-08-06,112,Keychains & Charms,76.0,32.785714285714285,per-SKU,persku_ewma_a0.1,85.40789732133136,9.407897321331362,88.50853200871381,0.28695111655476924
0,461,2025-08-06,112,Keychains & Charms,76.0,32.785714285714285,top-down,topdown_RM6_180,44.64948453608246,31.35051546391754,982.8548198533327,0.9562248725377899
0,461,2025-08-06,112,Keychains & Charms,76.0,32.785714285714285,top-down,topdown_rolling_mean_30,37.6958762886598,38.3041237113402,1467.2058932936548,1.168317498820834
0,461,2025-08-06,112,Keychains & Charms,76.0,32.785714285714285,top-down,topdown_tsb,41.85804497805402,34.14195502194598,1165.6730927205824,1.0413668198414896
0,461,2025-08-06,148,Lanyards & IDs,0.0,0.0,per-SKU,persku_rolling_mean_30,0.0,0.0,0.0,
0,461,2025-08-06,148,Lanyards & IDs,0.0,0.0,per-SKU,persku_rolling_mean_180,0.0,0.0,0.0,
0,461,2025-08-06,148,Lanyards & IDs,0.0,0.0,per-SKU,persku_tsb,0.0,0.0,0.0,
0,461,2025-08-06,148,Lanyards & IDs,0.0,0.0,per-SKU,persku_ewma_a0.1,0.0,0.0,0.0,
0,461,2025-08-06,148,Lanyards & IDs,0.0,0.0,top-down,topdown_RM6_180,0.0,0.0,0.0,
0,461,2025-08-06,148,Lanyards & IDs,0.0,0.0,top-down,topdown_rolling_mean_30,0.0,0.0,0.0,
0,461,2025-08-06,148,Lanyards & IDs,0.0,0.0,top-down,topdown_tsb,0.0,0.0,0.0,
0,461,2025-08-06,156,Bags,37.0,0.5,per-SKU,persku_rolling_mean_30,7.0,30.0,900.0,60.0
0,461,2025-08-06,156,Bags,37.0,0.5,per-SKU,persku_rolling_mean_180,1.166666666666667,35.833333333333336,1284.027777777778,71.66666666666667
0,461,2025-08-06,156,Bags,37.0,0.5,per-SKU,persku_tsb,16.2223425,20.7776575,431.7110511873063,41.555315
0,461,2025-08-06,156,Bags,37.0,0.5,per-SKU,persku_ewma_a0.1,14.509800000000006,22.490199999999994,505.80909603999976,44.98039999999999
0,461,2025-08-06,156,Bags,37.0,0.5,top-down,topdown_RM6_180,2.7698412698412698,34.23015873015873,1171.7037666918618,68.46031746031746
0,461,2025-08-06,156,Bags,37.0,0.5,top-down,topdown_rolling_mean_30,1.7142857142857146,35.285714285714285,1245.0816326530612,70.57142857142857
0,461,2025-08-06,156,Bags,37.0,0.5,top-down,topdown_tsb,1.7024002901386908,35.29759970986131,1245.9205452776011,70.59519941972262
0,461,2025-08-06,174,Uncategorised,0.0,0.0,per-SKU,persku_rolling_mean_30,0.0,0.0,0.0,
0,461,2025-08-06,174,Uncategorised,0.0,0.0,per-SKU,persku_rolling_mean_180,0.0,0.0,0.0,
0,461,2025-08-06,174,Uncategorised,0.0,0.0,per-SKU,persku_tsb,0.0,0.0,0.0,
0,461,2025-08-06,174,Uncategorised,0.0,0.0,per-SKU,persku_ewma_a0.1,0.0,0.0,0.0,
0,461,2025-08-06,174,Uncategorised,0.0,0.0,top-down,topdown_RM6_180,0.0,0.0,0.0,
0,461,2025-08-06,174,Uncategorised,0.0,0.0,top-down,topdown_rolling_mean_30,0.0,0.0,0.0,
0,461,2025-08-06,174,Uncategorised,0.0,0.0,top-down,topdown_tsb,0.0,0.0,0.0,
0,461,2025-08-06,187,Outerwear,0.0,0.0,per-SKU,persku_rolling_mean_30,0.0,0.0,0.0,
0,461,2025-08-06,187,Outerwear,0.0,0.0,per-SKU,persku_rolling_mean_180,0.0,0.0,0.0,
0,461,2025-08-06,187,Outerwear,0.0,0.0,per-SKU,persku_tsb,0.0,0.0,0.0,
0,461,2025-08-06,187,Outerwear,0.0,0.0,per-SKU,persku_ewma_a0.1,0.0,0.0,0.0,
0,461,2025-08-06,187,Outerwear,0.0,0.0,top-down,topdown_RM6_180,0.0,0.0,0.0,
0,461,2025-08-06,187,Outerwear,0.0,0.0,top-down,topdown_rolling_mean_30,0.0,0.0,0.0,
0,461,2025-08-06,187,Outerwear,0.0,0.0,top-down,topdown_tsb,0.0,0.0,0.0,
0,461,2025-08-06,190,Lanyards & IDs,227.0,3.857142857142857,per-SKU,persku_rolling_mean_30,53.999999999999986,173.0,29929.0,44.85185185185185
0,461,2025-08-06,190,Lanyards & IDs,227.0,3.857142857142857,per-SKU,persku_rolling_mean_180,26.833333333333343,200.16666666666666,40066.69444444444,51.895061728395056
0,461,2025-08-06,190,Lanyards & IDs,227.0,3.857142857142857,per-SKU,persku_tsb,57.135720143092506,169.8642798569075,28853.87357130579,44.038887370309354
0,461,2025-08-06,190,Lanyards & IDs,227.0,3.857142857142857,per-SKU,persku_ewma_a0.1,102.69128512934503,124.30871487065497,15452.656592793795,32.228185336836475
0,461,2025-08-06,190,Lanyards & IDs,227.0,3.857142857142857,top-down,topdown_RM6_180,35.38697624766481,191.61302375233518,36715.55087151297,49.67745060245727
0,461,2025-08-06,190,Lanyards & IDs,227.0,3.857142857142857,top-down,topdown_rolling_mean_30,48.89111289031225,178.10888710968774,31722.775667451493,46.176378139548675
0,461,2025-08-06,190,Lanyards & IDs,227.0,3.857142857142857,top-down,topdown_tsb,54.69958302158187,172.30041697841813,29687.43369093676,44.67047847588618
0,461,2025-08-06,192,Lanyards & IDs,0.0,0.0,per-SKU,persku_rolling_mean_30,0.0,0.0,0.0,
0,461,2025-08-06,192,Lanyards & IDs,0.0,0.0,per-SKU,persku_rolling_mean_180,0.0,0.0,0.0,
0,461,2025-08-06,192,Lanyards & IDs,0.0,0.0,per-SKU,persku_tsb,0.0,0.0,0.0,
0,461,2025-08-06,192,Lanyards & IDs,0.0,0.0,per-SKU,persku_ewma_a0.1,0.0,0.0,0.0,
0,461,2025-08-06,192,Lanyards & IDs,0.0,0.0,top-down,topdown_RM6_180,0.0,0.0,0.0,
0,461,2025-08-06,192,Lanyards & IDs,0.0,0.0,top-down,topdown_rolling_mean_30,0.0,0.0,0.0,
0,461,2025-08-06,192,Lanyards & IDs,0.0,0.0,top-down,topdown_tsb,0.0,0.0,0.0,
0,461,2025-08-06,209,Keychains & Charms,0.0,27.214285714285715,per-SKU,persku_rolling_mean_30,0.0,0.0,0.0,0.0
0,461,2025-08-06,209,Keychains & Charms,0.0,27.214285714285715,per-SKU,persku_rolling_mean_180,0.0,0.0,0.0,0.0
0,461,2025-08-06,209,Keychains & Charms,0.0,27.214285714285715,per-SKU,persku_tsb,4.2327433092013987e-07,4.2327433092013987e-07,1.7916115921589209e-13,1.5553387487879154e-08
0,461,2025-08-06,209,Keychains & Charms,0.0,27.214285714285715,per-SKU,persku_ewma_a0.1,1.9354161780740982e-07,1.9354161780740982e-07,3.745835782350949e-14,7.111765483736843e-09
0,461,2025-08-06,209,Keychains & Charms,0.0,27.214285714285715,top-down,topdown_RM6_180,0.0,0.0,0.0,0.0
0,461,2025-08-06,209,Keychains & Charms,0.0,27.214285714285715,top-down,topdown_rolling_mean_30,0.0,0.0,0.0,0.0
0,461,2025-08-06,209,Keychains & Charms,0.0,27.214285714285715,top-down,topdown_tsb,0.0,0.0,0.0,0.0
0,461,2025-08-06,212,Stationery,156.0,1.1428571428571428,per-SKU,persku_rolling_mean_30,16.0,140.0,19600.0,122.5
0,461,2025-08-06,212,Stationery,156.0,1.1428571428571428,per-SKU,persku_rolling_mean_180,4.833333333333336,151.16666666666666,22851.36111111111,132.27083333333334
0,461,2025-08-06,212,Stationery,156.0,1.1428571428571428,per-SKU,persku_tsb,9.15682595485643,146.84317404514357,21562.917763652327,128.48777728950063
0,461,2025-08-06,212,Stationery,156.0,1.1428571428571428,per-SKU,persku_ewma_a0.1,24.957904425616583,131.0420955743834,17172.030812525834,114.6618336275855
0,461,2025-08-06,212,Stationery,156.0,1.1428571428571428,top-down,topdown_RM6_180,8.990968427443837,147.00903157255615,21611.655363900813,128.63290262598665
0,461,2025-08-06,212,Stationery,156.0,1.1428571428571428,top-down,topdown_rolling_mean_30,5.374772313296903,150.62522768670308,22687.959215671144,131.7970742258652
0,461,2025-08-06,212,Stationery,156.0,1.1428571428571428,top-down,topdown_tsb,5.647911473987007,150.352088526013,22605.75052413405,131.5580774602614
0,461,2025-08-06,213,Stationery,0.0,7.285714285714286,per-SKU,persku_rolling_mean_30,0.0,0.0,0.0,0.0
0,461,2025-08-06,213,Stationery,0.0,7.285714285714286,per-SKU,persku_rolling_mean_180,15.333333333333332,15.333333333333332,235.1111111111111,2.104575163398693
0,461,2025-08-06,213,Stationery,0.0,7.285714285714286,per-SKU,persku_tsb,0.0664678923421615,0.0664678923421615,0.004417980712409171,0.009123044046963343
0,461,2025-08-06,213,Stationery,0.0,7.285714285714286,per-SKU,persku_ewma_a0.1,0.060525030060592844,0.060525030060592844,0.0036632792638356675,0.008307357067140194
0,461,2025-08-06,213,Stationery,0.0,7.285714285714286,top-down,topdown_RM6_180,12.711369156041288,12.711369156041288,161.5789058211578,1.7446977272997846
0,461,2025-08-06,213,Stationery,0.0,7.285714285714286,top-down,topdown_rolling_mean_30,7.598816029143898,7.598816029143898,57.74200504477424,1.0429747490981822
0,461,2025-08-06,213,Stationery,0.0,7.285714285714286,top-down,topdown_tsb,7.984978290809217,7.984978290809217,63.75987830469448,1.09597741246401
0,461,2025-08-06,215,Lanyards & IDs,1046.0,65.64285714285714,per-SKU,persku_rolling_mean_30,322.00000000000006,724.0,524176.0,11.029379760609359
0,461,2025-08-06,215,Lanyards & IDs,1046.0,65.64285714285714,per-SKU,persku_rolling_mean_180,187.5,858.5,737022.25,13.078346028291621
0,461,2025-08-06,215,Lanyards & IDs,1046.0,65.64285714285714,per-SKU,persku_tsb,317.5609842061164,728.4390157938835,530623.3997307617,11.097003505021076
0,461,2025-08-06,215,Lanyards & IDs,1046.0,65.64285714285714,per-SKU,persku_ewma_a0.1,638.2484370984588,407.7515629015412,166261.33704864953,6.211666899479409
0,461,2025-08-06,215,Lanyards & IDs,1046.0,65.64285714285714,top-down,topdown_RM6_180,197.85935414998676,848.1406458500132,719342.5551428776,12.920532145702053
0,461,2025-08-06,215,Lanyards & IDs,1046.0,65.64285714285714,top-down,topdown_rolling_mean_30,273.36509207365896,772.634907926341,596964.7009463455,11.770281513567765
0,461,2025-08-06,215,Lanyards & IDs,1046.0,65.64285714285714,top-down,topdown_tsb,305.84201637284474,740.1579836271553,547833.8407270163,11.275529674407155
0,461,2025-08-06,216,Lanyards & IDs,0.0,32.5,per-SKU,persku_rolling_mean_30,0.0,0.0,0.0,0.0
0,461,2025-08-06,216,Lanyards & IDs,0.0,32.5,per-SKU,persku_rolling_mean_180,34.0,34.0,1156.0,1.0461538461538462
0,461,2025-08-06,216,Lanyards & IDs,0.0,32.5,per-SKU,persku_tsb,0.03755593249450373,0.03755593249450373,0.0014104480655317212,0.0011555671536770378
0,461,2025-08-06,216,Lanyards & IDs,0.0,32.5,per-SKU,persku_ewma_a0.1,0.03613766503423841,0.03613766503423841,0.0013059308341268174,0.0011119281548996433
0,461,2025-08-06,216,Lanyards & IDs,0.0,32.5,top-down,topdown_RM6_180,8.00053376034161,8.00053376034161,64.00854045036584,0.2461702695489726
0,461,2025-08-06,216,Lanyards & IDs,0.0,32.5,top-down,topdown_rolling_mean_30,11.053642914331466,11.053642914331466,122.18302167755022,0.3401120896717374
0,461,2025-08-06,216,Lanyards & IDs,0.0,32.5,top-down,topdown_tsb,12.366862248357641,12.366862248357641,152.9392818698534,0.38051883841100437
0,461,2025-08-06,221,Stationery,85.0,15.357142857142858,per-SKU,persku_rolling_mean_30,28.99999999999999,56.000000000000014,3136.000000000002,3.6465116279069774
0,461,2025-08-06,221,Stationery,85.0,15.357142857142858,per-SKU,persku_rolling_mean_180,30.0,55.0,3025.0,3.581395348837209
0,461,2025-08-06,221,Stationery,85.0,15.357142857142858,per-SKU,persku_tsb,49.93757046100771,35.06242953899229,1229.3739651767992,2.283134946725079
0,461,2025-08-06,221,Stationery,85.0,15.357142857142858,per-SKU,persku_ewma_a0.1,34.551313786742526,50.448686213257474,2545.0699406437147,3.285030730165603
0,461,2025-08-06,221,Stationery,85.0,15.357142857142858,top-down,topdown_RM6_180,55.80601092896175,29.193989071038253,852.288997879901,1.9010039395094676
0,461,2025-08-06,221,Stationery,85.0,15.357142857142858,top-down,topdown_rolling_mean_30,33.36065573770492,51.63934426229508,2666.621875839828,3.3625619519634005
0,461,2025-08-06,221,Stationery,85.0,15.357142857142858,top-down,topdown_tsb,35.05600225233314,49.94399774766686,2494.4029110189526,3.252167295196912
0,461,2025-08-06,227,Stationery,68.0,19.357142857142858,per-SKU,persku_rolling_mean_30,52.99999999999999,15.000000000000007,225.00000000000023,0.7749077490774912
0,461,2025-08-06,227,Stationery,68.0,19.357142857142858,per-SKU,persku_rolling_mean_180,66.00000000000001,1.9999999999999858,3.999999999999943,0.10332103321033137
0,461,2025-08-06,227,Stationery,68.0,19.357142857142858,per-SKU,persku_tsb,52.39722027016904,15.602779729830957,243.44673529762377,0.8060476613196804
0,461,2025-08-06,227,Stationery,68.0,19.357142857142858,per-SKU,persku_ewma_a0.1,71.15689930229613,3.156899302296125,9.966013204837761,0.1630870488271061
0,461,2025-08-06,227,Stationery,68.0,19.357142857142858,top-down,topdown_RM6_180,73.78794778384943,5.787947783849432,33.50033954856756,0.29900837259738766
0,461,2025-08-06,227,Stationery,68.0,19.357142857142858,top-down,topdown_rolling_mean_30,44.11020036429873,23.889799635701273,570.7225266339527,1.2341593907742354
0,461,2025-08-06,227,Stationery,68.0,19.357142857142858,top-down,topdown_tsb,46.35182520030716,21.64817479969284,468.6434721580561,1.1183558937110691
0,461,2025-08-06,228,Stationery,115.0,39.214285714285715,per-SKU,persku_rolling_mean_30,105.0,10.0,100.0,0.25500910746812383
0,461,2025-08-06,228,Stationery,115.0,39.214285714285715,per-SKU,persku_rolling_mean_180,127.5,12.5,156.25,0.31876138433515483
0,461,2025-08-06,228,Stationery,115.0,39.214285714285715,per-SKU,persku_tsb,106.3576207943335,8.6423792056665,74.69071833453674,0.22038854076380876
0,461,2025-08-06,228,Stationery,115.0,39.214285714285715,per-SKU,persku_ewma_a0.1,160.56465981629057,45.56465981629057,2076.138224174285,1.1619403231840948
0,461,2025-08-06,228,Stationery,115.0,39.214285714285715,top-down,topdown_RM6_180,135.48459319975714,20.484593199757143,419.61855855953655,0.5223757828717668
0,461,2025-08-06,228,Stationery,115.0,39.214285714285715,top-down,topdown_rolling_mean_30,80.99225865209472,34.00774134790528,1156.5264715860264,0.8672283768136136
0,461,2025-08-06,228,Stationery,115.0,39.214285714285715,top-down,topdown_tsb,85.10818324594213,29.89181675405787,893.5207088581748,0.7622685511053009
0,461,2025-08-06,229,Stationery,172.0,60.357142857142854,per-SKU,persku_rolling_mean_30,111.00000000000003,60.99999999999997,3720.9999999999964,1.0106508875739642
0,461,2025-08-06,229,Stationery,172.0,60.357142857142854,per-SKU,persku_rolling_mean_180,177.66666666666663,5.666666666666629,32.11111111111068,0.09388560157790865
0,461,2025-08-06,229,Stationery,172.0,60.357142857142854,per-SKU,persku_tsb,124.29364030830018,47.70635969169982,2275.896755033841,0.7904012256612988
0,461,2025-08-06,229,Stationery,172.0,60.357142857142854,per-SKU,persku_ewma_a0.1,157.15046689454857,14.849533105451428,220.50863344989793,0.24602776742759763
0,461,2025-08-06,229,Stationery,172.0,60.357142857142854,top-down,topdown_RM6_180,209.27254098360658,37.272540983606575,1389.2423113746318,0.6175332233970321
0,461,2025-08-06,229,Stationery,172.0,60.357142857142854,top-down,topdown_rolling_mean_30,125.10245901639344,46.89754098360656,2199.379350309057,0.7770006790183336
0,461,2025-08-06,229,Stationery,172.0,60.357142857142854,top-down,topdown_tsb,131.4600084462493,40.539991553750696,1643.4909151781778,0.6716684991153962
0,461,2025-08-06,242,Plush & Souvenirs,0.0,133.57142857142858,per-SKU,persku_rolling_mean_30,0.0,0.0,0.0,0.0
0,461,2025-08-06,242,Plush & Souvenirs,0.0,133.57142857142858,per-SKU,persku_rolling_mean_180,0.0,0.0,0.0,0.0
0,461,2025-08-06,242,Plush & Souvenirs,0.0,133.57142857142858,per-SKU,persku_tsb,6.336615513588924e-08,6.336615513588924e-08,4.015269616705582e-15,4.743990224077268e-10
0,461,2025-08-06,242,Plush & Souvenirs,0.0,133.57142857142858,per-SKU,persku_ewma_a0.1,8.47466927008389e-08,8.47466927008389e-08,7.182001923730422e-15,6.344672180811468e-10
0,461,2025-08-06,242,Plush & Souvenirs,0.0,133.57142857142858,top-down,topdown_RM6_180,0.0,0.0,0.0,0.0
0,461,2025-08-06,242,Plush & Souvenirs,0.0,133.57142857142858,top-down,topdown_rolling_mean_30,0.0,0.0,0.0,0.0
0,461,2025-08-06,242,Plush & Souvenirs,0.0,133.57142857142858,top-down,topdown_tsb,0.0,0.0,0.0,0.0
0,461,2025-08-06,250,Plush & Souvenirs,0.0,7.714285714285714,per-SKU,persku_rolling_mean_30,0.0,0.0,0.0,0.0
0,461,2025-08-06,250,Plush & Souvenirs,0.0,7.714285714285714,per-SKU,persku_rolling_mean_180,0.0,0.0,0.0,0.0
0,461,2025-08-06,250,Plush & Souvenirs,0.0,7.714285714285714,per-SKU,persku_tsb,1.7878847036427847e-07,1.7878847036427847e-07,3.196531713519848e-14,2.317628319536943e-08
0,461,2025-08-06,250,Plush & Souvenirs,0.0,7.714285714285714,per-SKU,persku_ewma_a0.1,1.7227980950042066e-07,1.7227980950042066e-07,2.968033276150123e-14,2.2332567898202677e-08
0,461,2025-08-06,250,Plush & Souvenirs,0.0,7.714285714285714,top-down,topdown_RM6_180,0.0,0.0,0.0,0.0
0,461,2025-08-06,250,Plush & Souvenirs,0.0,7.714285714285714,top-down,topdown_rolling_mean_30,0.0,0.0,0.0,0.0
0,461,2025-08-06,250,Plush & Souvenirs,0.0,7.714285714285714,top-down,topdown_tsb,0.0,0.0,0.0,0.0
0,461,2025-08-06,251,Plush & Souvenirs,25.0,31.785714285714285,per-SKU,persku_rolling_mean_30,13.000000000000002,11.999999999999998,143.99999999999997,0.3775280898876404
0,461,2025-08-06,251,Plush & Souvenirs,25.0,31.785714285714285,per-SKU,persku_rolling_mean_180,83.66666666666669,58.666666666666686,3441.77777777778,1.8456928838951316
0,461,2025-08-06,251,Plush & Souvenirs,25.0,31.785714285714285,per-SKU,persku_tsb,75.354308813404,50.354308813404,2535.556416075656,1.5841805019947328
0,461,2025-08-06,251,Plush & Souvenirs,25.0,31.785714285714285,per-SKU,persku_ewma_a0.1,36.783385174799136,11.783385174799136,138.84816617767606,0.37071324145435486
0,461,2025-08-06,251,Plush & Souvenirs,25.0,31.785714285714285,top-down,topdown_RM6_180,83.66666666666669,58.666666666666686,3441.77777777778,1.8456928838951316
0,461,2025-08-06,251,Plush & Souvenirs,25.0,31.785714285714285,top-down,topdown_rolling_mean_30,13.000000000000002,11.999999999999998,143.99999999999997,0.3775280898876404
0,461,2025-08-06,251,Plush & Souvenirs,25.0,31.785714285714285,top-down,topdown_tsb,75.4189792014553,50.4189792014553,2542.073463716782,1.5862150760008409
0,461,2025-08-06,252,Plush & Souvenirs,0.0,13.285714285714286,per-SKU,persku_rolling_mean_30,0.0,0.0,0.0,0.0
0,461,2025-08-06,252,Plush & Souvenirs,0.0,13.285714285714286,per-SKU,persku_rolling_mean_180,0.0,0.0,0.0,0.0
0,461,2025-08-06,252,Plush & Souvenirs,0.0,13.285714285714286,per-SKU,persku_tsb,1.3871814460703485e-07,1.3871814460703485e-07,1.924272364321823e-14,1.0441150669346709e-08
0,461,2025-08-06,252,Plush & Souvenirs,0.0,13.285714285714286,per-SKU,persku_ewma_a0.1,1.2469338351873272e-07,1.2469338351873272e-07,1.5548439893349764e-14,9.385523490657302e-09
0,461,2025-08-06,252,Plush & Souvenirs,0.0,13.285714285714286,top-down,topdown_RM6_180,0.0,0.0,0.0,0.0
0,461,2025-08-06,252,Plush & Souvenirs,0.0,13.285714285714286,top-down,topdown_rolling_mean_30,0.0,0.0,0.0,0.0
0,461,2025-08-06,252,Plush & Souvenirs,0.0,13.285714285714286,top-down,topdown_tsb,0.0,0.0,0.0,0.0
0,461,2025-08-06,261,Stationery,165.0,36.0,per-SKU,persku_rolling_mean_30,32.0,133.0,17689.0,3.6944444444444446
0,461,2025-08-06,261,Stationery,165.0,36.0,per-SKU,persku_rolling_mean_180,73.50000000000001,91.49999999999999,8372.249999999998,2.541666666666666
0,461,2025-08-06,261,Stationery,165.0,36.0,per-SKU,persku_tsb,6.950504200883581,158.04949579911641,24979.643122354915,4.390263772197678
0,461,2025-08-06,261,Stationery,165.0,36.0,per-SKU,persku_ewma_a0.1,12.655172427930385,152.34482757206962,23208.946487963625,4.2318007658908225
0,461,2025-08-06,261,Stationery,165.0,36.0,top-down,topdown_RM6_180,29.45317243472981,135.54682756527018,18372.942463009087,3.7651896545908383
0,461,2025-08-06,261,Stationery,165.0,36.0,top-down,topdown_rolling_mean_30,17.60701275045537,147.39298724954463,21724.692690344426,4.0942496458206845
0,461,2025-08-06,261,Stationery,165.0,36.0,top-down,topdown_tsb,18.501778966509157,146.49822103349084,21461.728765977536,4.069395028708079
0,461,2025-08-06,267,Shirts & Tops,0.0,0.0,per-SKU,persku_rolling_mean_30,0.0,0.0,0.0,
0,461,2025-08-06,267,Shirts & Tops,0.0,0.0,per-SKU,persku_rolling_mean_180,0.0,0.0,0.0,
0,461,2025-08-06,267,Shirts & Tops,0.0,0.0,per-SKU,persku_tsb,0.0,0.0,0.0,
0,461,2025-08-06,267,Shirts & Tops,0.0,0.0,per-SKU,persku_ewma_a0.1,0.0,0.0,0.0,
0,461,2025-08-06,267,Shirts & Tops,0.0,0.0,top-down,topdown_RM6_180,0.0,0.0,0.0,
0,461,2025-08-06,267,Shirts & Tops,0.0,0.0,top-down,topdown_rolling_mean_30,0.0,0.0,0.0,
0,461,2025-08-06,267,Shirts & Tops,0.0,0.0,top-down,topdown_tsb,0.0,0.0,0.0,
0,461,2025-08-06,276,Stationery,0.0,44.857142857142854,per-SKU,persku_rolling_mean_30,0.0,0.0,0.0,0.0
0,461,2025-08-06,276,Stationery,0.0,44.857142857142854,per-SKU,persku_rolling_mean_180,28.666666666666668,28.666666666666668,821.7777777777778,0.6390658174097665
0,461,2025-08-06,276,Stationery,0.0,44.857142857142854,per-SKU,persku_tsb,0.004570490211081656,0.004570490211081656,2.0889380769593237e-05,0.00010188990916424073
0,461,2025-08-06,276,Stationery,0.0,44.857142857142854,per-SKU,persku_ewma_a0.1,0.0020124469267002597,0.0020124469267002597,4.04994263278532e-06,4.48634665187956e-05
0,461,2025-08-06,276,Stationery,0.0,44.857142857142854,top-down,topdown_RM6_180,0.0,0.0,0.0,0.0
0,461,2025-08-06,276,Stationery,0.0,44.857142857142854,top-down,topdown_rolling_mean_30,0.0,0.0,0.0,0.0
0,461,2025-08-06,276,Stationery,0.0,44.857142857142854,top-down,topdown_tsb,0.0,0.0,0.0,0.0
0,461,2025-08-06,277,Stationery,25.0,57.642857142857146,per-SKU,persku_rolling_mean_30,7.0,18.0,324.0,0.31226765799256506
0,461,2025-08-06,277,Stationery,25.0,57.642857142857146,per-SKU,persku_rolling_mean_180,98.16666666666669,73.16666666666669,5353.361111111114,1.2693102023957046
0,461,2025-08-06,277,Stationery,25.0,57.642857142857146,per-SKU,persku_tsb,32.53248726457001,7.532487264570008,56.73836439090937,0.13067511983144994
0,461,2025-08-06,277,Stationery,25.0,57.642857142857146,per-SKU,persku_ewma_a0.1,11.022758302844128,13.977241697155872,195.36328546071275,0.24248002944260497
0,461,2025-08-06,277,Stationery,25.0,57.642857142857146,top-down,topdown_RM6_180,56.426077717061325,31.426077717061325,987.5983606787784,0.5451859826999486
0,461,2025-08-06,277,Stationery,25.0,57.642857142857146,top-down,topdown_rolling_mean_30,33.73132969034609,8.731329690346087,76.23611816151909,0.15147288186474003
0,461,2025-08-06,277,Stationery,25.0,57.642857142857146,top-down,topdown_tsb,35.445513388470175,10.445513388470175,109.10874994870969,0.1812108890193091
0,461,2025-08-06,291,Shirts & Tops,0.0,0.0,per-SKU,persku_rolling_mean_30,0.0,0.0,0.0,
0,461,2025-08-06,291,Shirts & Tops,0.0,0.0,per-SKU,persku_rolling_mean_180,0.0,0.0,0.0,
0,461,2025-08-06,291,Shirts & Tops,0.0,0.0,per-SKU,persku_tsb,0.0,0.0,0.0,
0,461,2025-08-06,291,Shirts & Tops,0.0,0.0,per-SKU,persku_ewma_a0.1,0.0,0.0,0.0,
0,461,2025-08-06,291,Shirts & Tops,0.0,0.0,top-down,topdown_RM6_180,0.0,0.0,0.0,
0,461,2025-08-06,291,Shirts & Tops,0.0,0.0,top-down,topdown_rolling_mean_30,0.0,0.0,0.0,
0,461,2025-08-06,291,Shirts & Tops,0.0,0.0,top-down,topdown_tsb,0.0,0.0,0.0,
0,461,2025-08-06,326,Stationery,0.0,7.428571428571429,per-SKU,persku_rolling_mean_30,0.0,0.0,0.0,0.0
0,461,2025-08-06,326,Stationery,0.0,7.428571428571429,per-SKU,persku_rolling_mean_180,10.166666666666664,10.166666666666664,103.36111111111106,1.3685897435897432
0,461,2025-08-06,326,Stationery,0.0,7.428571428571429,per-SKU,persku_tsb,0.06255389791093614,0.06255389791093614,0.003912990143851821,0.008420717026472173
0,461,2025-08-06,326,Stationery,0.0,7.428571428571429,per-SKU,persku_ewma_a0.1,0.06797605721397387,0.06797605721397387,0.004620744354357449,0.009150623086496482
0,461,2025-08-06,326,Stationery,0.0,7.428571428571429,top-down,topdown_RM6_180,16.12173649058895,16.12173649058895,259.91038747198735,2.1702337583485125
0,461,2025-08-06,326,Stationery,0.0,7.428571428571429,top-down,topdown_rolling_mean_30,9.63752276867031,9.63752276867031,92.88184511663864,1.2973588342440803
0,461,2025-08-06,326,Stationery,0.0,7.428571428571429,top-down,topdown_tsb,10.12728953956291,10.12728953956291,102.56199341814032,1.3632889764796223
0,461,2025-08-06,340,Lanyards & IDs,123.0,12.928571428571429,per-SKU,persku_rolling_mean_30,117.00000000000003,5.999999999999972,35.99999999999966,0.46408839779005306
0,461,2025-08-06,340,Lanyards & IDs,123.0,12.928571428571429,per-SKU,persku_rolling_mean_180,61.83333333333332,61.16666666666668,3741.3611111111127,4.731123388581953
0,461,2025-08-06,340,Lanyards & IDs,123.0,12.928571428571429,per-SKU,persku_tsb,120.5227146120653,2.4772853879346997,6.136942893274775,0.19161323442588837
0,461,2025-08-06,340,Lanyards & IDs,123.0,12.928571428571429,per-SKU,persku_ewma_a0.1,232.14486995957452,109.14486995957452,11912.602638492433,8.442144637757146
0,461,2025-08-06,340,Lanyards & IDs,123.0,12.928571428571429,top-down,topdown_RM6_180,92.62156391780094,30.37843608219906,922.8493788002537,2.349713288125894
0,461,2025-08-06,340,Lanyards & IDs,123.0,12.928571428571429,top-down,topdown_rolling_mean_30,127.96717373899119,4.9671737389911925,24.672814953323744,0.38420128367887674
0,461,2025-08-06,340,Lanyards & IDs,123.0,12.928571428571429,top-down,topdown_tsb,143.1702129521404,20.17021295214039,406.8374905346919,1.5601269686738422
0,461,2025-08-06,346,Keychains & Charms,0.0,0.0,per-SKU,persku_rolling_mean_30,0.0,0.0,0.0,
0,461,2025-08-06,346,Keychains & Charms,0.0,0.0,per-SKU,persku_rolling_mean_180,0.0,0.0,0.0,
0,461,2025-08-06,346,Keychains & Charms,0.0,0.0,per-SKU,persku_tsb,0.0,0.0,0.0,
0,461,2025-08-06,346,Keychains & Charms,0.0,0.0,per-SKU,persku_ewma_a0.1,0.0,0.0,0.0,
0,461,2025-08-06,346,Keychains & Charms,0.0,0.0,top-down,topdown_RM6_180,0.0,0.0,0.0,
0,461,2025-08-06,346,Keychains & Charms,0.0,0.0,top-down,topdown_rolling_mean_30,0.0,0.0,0.0,
0,461,2025-08-06,346,Keychains & Charms,0.0,0.0,top-down,topdown_tsb,0.0,0.0,0.0,
0,461,2025-08-06,350,Keychains & Charms,0.0,0.0,per-SKU,persku_rolling_mean_30,0.0,0.0,0.0,
0,461,2025-08-06,350,Keychains & Charms,0.0,0.0,per-SKU,persku_rolling_mean_180,0.0,0.0,0.0,
0,461,2025-08-06,350,Keychains & Charms,0.0,0.0,per-SKU,persku_tsb,0.0,0.0,0.0,
0,461,2025-08-06,350,Keychains & Charms,0.0,0.0,per-SKU,persku_ewma_a0.1,0.0,0.0,0.0,
0,461,2025-08-06,350,Keychains & Charms,0.0,0.0,top-down,topdown_RM6_180,0.0,0.0,0.0,
0,461,2025-08-06,350,Keychains & Charms,0.0,0.0,top-down,topdown_rolling_mean_30,0.0,0.0,0.0,
0,461,2025-08-06,350,Keychains & Charms,0.0,0.0,top-down,topdown_tsb,0.0,0.0,0.0,
0,461,2025-08-06,352,Plush & Souvenirs,0.0,0.0,per-SKU,persku_rolling_mean_30,0.0,0.0,0.0,
0,461,2025-08-06,352,Plush & Souvenirs,0.0,0.0,per-SKU,persku_rolling_mean_180,0.0,0.0,0.0,
0,461,2025-08-06,352,Plush & Souvenirs,0.0,0.0,per-SKU,persku_tsb,0.0,0.0,0.0,
0,461,2025-08-06,352,Plush & Souvenirs,0.0,0.0,per-SKU,persku_ewma_a0.1,0.0,0.0,0.0,
0,461,2025-08-06,352,Plush & Souvenirs,0.0,0.0,top-down,topdown_RM6_180,0.0,0.0,0.0,
0,461,2025-08-06,352,Plush & Souvenirs,0.0,0.0,top-down,topdown_rolling_mean_30,0.0,0.0,0.0,
0,461,2025-08-06,352,Plush & Souvenirs,0.0,0.0,top-down,topdown_tsb,0.0,0.0,0.0,
0,461,2025-08-06,354,Plush & Souvenirs,0.0,0.0,per-SKU,persku_rolling_mean_30,0.0,0.0,0.0,
0,461,2025-08-06,354,Plush & Souvenirs,0.0,0.0,per-SKU,persku_rolling_mean_180,0.0,0.0,0.0,
0,461,2025-08-06,354,Plush & Souvenirs,0.0,0.0,per-SKU,persku_tsb,0.0,0.0,0.0,
0,461,2025-08-06,354,Plush & Souvenirs,0.0,0.0,per-SKU,persku_ewma_a0.1,0.0,0.0,0.0,
0,461,2025-08-06,354,Plush & Souvenirs,0.0,0.0,top-down,topdown_RM6_180,0.0,0.0,0.0,
0,461,2025-08-06,354,Plush & Souvenirs,0.0,0.0,top-down,topdown_rolling_mean_30,0.0,0.0,0.0,
0,461,2025-08-06,354,Plush & Souvenirs,0.0,0.0,top-down,topdown_tsb,0.0,0.0,0.0,
0,461,2025-08-06,356,Bags,77.0,28.571428571428573,per-SKU,persku_rolling_mean_30,40.000000000000014,36.999999999999986,1368.9999999999989,1.2949999999999995
0,461,2025-08-06,356,Bags,77.0,28.571428571428573,per-SKU,persku_rolling_mean_180,56.33333333333334,20.666666666666657,427.11111111111074,0.7233333333333329
0,461,2025-08-06,356,Bags,77.0,28.571428571428573,per-SKU,persku_tsb,34.164563099349294,42.835436900650706,1834.8746544696282,1.4992402915227747
0,461,2025-08-06,356,Bags,77.0,28.571428571428573,per-SKU,persku_ewma_a0.1,53.10751459218298,23.89248540781702,570.8508589627493,0.8362369892735957
0,461,2025-08-06,356,Bags,77.0,28.571428571428573,top-down,topdown_RM6_180,67.66326530612245,9.336734693877546,87.17461474385662,0.32678571428571407
0,461,2025-08-06,356,Bags,77.0,28.571428571428573,top-down,topdown_rolling_mean_30,41.87755102040817,35.12244897959183,1233.5864223240312,1.229285714285714
0,461,2025-08-06,356,Bags,77.0,28.571428571428573,top-down,topdown_tsb,41.58720708767373,35.41279291232627,1254.0659018513056,1.2394477519314193
0,461,2025-08-06,358,Bags,28.0,154.64285714285714,per-SKU,persku_rolling_mean_30,24.999999999999993,3.000000000000007,9.000000000000043,0.01939953810623561
0,461,2025-08-06,358,Bags,28.0,154.64285714285714,per-SKU,persku_rolling_mean_180,58.833333333333314,30.833333333333314,950.6944444444433,0.19938414164742096
0,461,2025-08-06,358,Bags,28.0,154.64285714285714,per-SKU,persku_tsb,34.09988288083592,6.099882880835921,37.20857115991513,0.03944497013011681
0,461,2025-08-06,358,Bags,28.0,154.64285714285714,per-SKU,persku_ewma_a0.1,37.467205850325634,9.467205850325634,89.62798661243991,0.061219806884322804
0,461,2025-08-06,358,Bags,28.0,154.64285714285714,top-down,topdown_RM6_180,45.900226757369616,17.900226757369616,320.41811796525116,0.11575204369661646
0,461,2025-08-06,358,Bags,28.0,154.64285714285714,top-down,topdown_rolling_mean_30,28.40816326530613,0.4081632653061291,0.16659725114536156,0.00263939293962393
0,461,2025-08-06,358,Bags,28.0,154.64285714285714,top-down,topdown_tsb,28.21120480801259,0.21120480801258879,0.044607470927634486,0.001365758573753461
0,461,2025-08-06,359,Bags,0.0,0.0,per-SKU,persku_rolling_mean_30,0.0,0.0,0.0,
0,461,2025-08-06,359,Bags,0.0,0.0,per-SKU,persku_rolling_mean_180,0.0,0.0,0.0,
0,461,2025-08-06,359,Bags,0.0,0.0,per-SKU,persku_tsb,0.0,0.0,0.0,
0,461,2025-08-06,359,Bags,0.0,0.0,per-SKU,persku_ewma_a0.1,0.0,0.0,0.0,
0,461,2025-08-06,359,Bags,0.0,0.0,top-down,topdown_RM6_180,0.0,0.0,0.0,
0,461,2025-08-06,359,Bags,0.0,0.0,top-down,topdown_rolling_mean_30,0.0,0.0,0.0,
0,461,2025-08-06,359,Bags,0.0,0.0,top-down,topdown_tsb,0.0,0.0,0.0,
0,461,2025-08-06,377,Lanyards & IDs,70.0,55.857142857142854,per-SKU,persku_rolling_mean_30,37.99999999999999,32.00000000000001,1024.0000000000005,0.5728900255754478
0,461,2025-08-06,377,Lanyards & IDs,70.0,55.857142857142854,per-SKU,persku_rolling_mean_180,74.1666666666667,4.1666666666667,17.361111111111388,0.07459505541347033
0,461,2025-08-06,377,Lanyards & IDs,70.0,55.857142857142854,per-SKU,persku_tsb,46.448374592277105,23.551625407722895,554.6790593456986,0.4216403525679291
0,461,2025-08-06,377,Lanyards & IDs,70.0,55.857142857142854,per-SKU,persku_ewma_a0.1,59.43105819130297,10.568941808697033,111.70253095562413,0.18921379197155816
0,461,2025-08-06,377,Lanyards & IDs,70.0,55.857142857142854,top-down,topdown_RM6_180,50.464905257539385,19.535094742460615,381.61992659691236,0.3497331539570954
0,461,2025-08-06,377,Lanyards & IDs,70.0,55.857142857142854,top-down,topdown_rolling_mean_30,69.72297838270617,0.27702161729382624,0.07674097644808713,0.0049594662942628745
0,461,2025-08-06,377,Lanyards & IDs,70.0,55.857142857142854,top-down,topdown_tsb,78.00636187425589,8.006361874255887,64.10183046153824,0.14333640184089824
0,461,2025-08-06,378,Lanyards & IDs,0.0,5.0,per-SKU,persku_rolling_mean_30,0.0,0.0,0.0,0.0
0,461,2025-08-06,378,Lanyards & IDs,0.0,5.0,per-SKU,persku_rolling_mean_180,0.0,0.0,0.0,0.0
0,461,2025-08-06,378,Lanyards & IDs,0.0,5.0,per-SKU,persku_tsb,2.633213462291875e-09,2.633213462291875e-09,6.9338131379951645e-18,5.26642692458375e-10
0,461,2025-08-06,378,Lanyards & IDs,0.0,5.0,per-SKU,persku_ewma_a0.1,2.7416023449175894e-09,2.7416023449175894e-09,7.516383417657624e-18,5.483204689835179e-10
0,461,2025-08-06,378,Lanyards & IDs,0.0,5.0,top-down,topdown_RM6_180,0.0,0.0,0.0,0.0
0,461,2025-08-06,378,Lanyards & IDs,0.0,5.0,top-down,topdown_rolling_mean_30,0.0,0.0,0.0,0.0
0,461,2025-08-06,378,Lanyards & IDs,0.0,5.0,top-down,topdown_tsb,0.0,0.0,0.0,0.0
0,461,2025-08-06,380,Shirts & Tops,0.0,0.0,per-SKU,persku_rolling_mean_30,0.0,0.0,0.0,
0,461,2025-08-06,380,Shirts & Tops,0.0,0.0,per-SKU,persku_rolling_mean_180,0.0,0.0,0.0,
0,461,2025-08-06,380,Shirts & Tops,0.0,0.0,per-SKU,persku_tsb,0.0,0.0,0.0,
0,461,2025-08-06,380,Shirts & Tops,0.0,0.0,per-SKU,persku_ewma_a0.1,0.0,0.0,0.0,
0,461,2025-08-06,380,Shirts & Tops,0.0,0.0,top-down,topdown_RM6_180,0.0,0.0,0.0,
0,461,2025-08-06,380,Shirts & Tops,0.0,0.0,top-down,topdown_rolling_mean_30,0.0,0.0,0.0,
0,461,2025-08-06,380,Shirts & Tops,0.0,0.0,top-down,topdown_tsb,0.0,0.0,0.0,
0,461,2025-08-06,381,Keychains & Charms,0.0,0.0,per-SKU,persku_rolling_mean_30,0.0,0.0,0.0,
0,461,2025-08-06,381,Keychains & Charms,0.0,0.0,per-SKU,persku_rolling_mean_180,0.0,0.0,0.0,
0,461,2025-08-06,381,Keychains & Charms,0.0,0.0,per-SKU,persku_tsb,0.0,0.0,0.0,
0,461,2025-08-06,381,Keychains & Charms,0.0,0.0,per-SKU,persku_ewma_a0.1,0.0,0.0,0.0,
0,461,2025-08-06,381,Keychains & Charms,0.0,0.0,top-down,topdown_RM6_180,0.0,0.0,0.0,
0,461,2025-08-06,381,Keychains & Charms,0.0,0.0,top-down,topdown_rolling_mean_30,0.0,0.0,0.0,
0,461,2025-08-06,381,Keychains & Charms,0.0,0.0,top-down,topdown_tsb,0.0,0.0,0.0,
0,461,2025-08-06,389,Drinkware,0.0,0.0,per-SKU,persku_rolling_mean_30,0.0,0.0,0.0,
0,461,2025-08-06,389,Drinkware,0.0,0.0,per-SKU,persku_rolling_mean_180,0.0,0.0,0.0,
0,461,2025-08-06,389,Drinkware,0.0,0.0,per-SKU,persku_tsb,0.0,0.0,0.0,
0,461,2025-08-06,389,Drinkware,0.0,0.0,per-SKU,persku_ewma_a0.1,0.0,0.0,0.0,
0,461,2025-08-06,389,Drinkware,0.0,0.0,top-down,topdown_RM6_180,0.0,0.0,0.0,
0,461,2025-08-06,389,Drinkware,0.0,0.0,top-down,topdown_rolling_mean_30,0.0,0.0,0.0,
0,461,2025-08-06,389,Drinkware,0.0,0.0,top-down,topdown_tsb,0.0,0.0,0.0,
0,461,2025-08-06,392,Drinkware,4.0,0.0,per-SKU,persku_rolling_mean_30,0.0,4.0,16.0,
0,461,2025-08-06,392,Drinkware,4.0,0.0,per-SKU,persku_rolling_mean_180,0.0,4.0,16.0,
0,461,2025-08-06,392,Drinkware,4.0,0.0,per-SKU,persku_tsb,0.0,4.0,16.0,
0,461,2025-08-06,392,Drinkware,4.0,0.0,per-SKU,persku_ewma_a0.1,0.0,4.0,16.0,
0,461,2025-08-06,392,Drinkware,4.0,0.0,top-down,topdown_RM6_180,0.0,4.0,16.0,
0,461,2025-08-06,392,Drinkware,4.0,0.0,top-down,topdown_rolling_mean_30,0.0,4.0,16.0,
0,461,2025-08-06,392,Drinkware,4.0,0.0,top-down,topdown_tsb,0.0,4.0,16.0,
0,461,2025-08-06,393,Drinkware,40.0,1.4285714285714286,per-SKU,persku_rolling_mean_30,20.000000000000007,19.999999999999993,399.9999999999997,13.999999999999995
0,461,2025-08-06,393,Drinkware,40.0,1.4285714285714286,per-SKU,persku_rolling_mean_180,3.3333333333333335,36.666666666666664,1344.4444444444443,25.666666666666664
0,461,2025-08-06,393,Drinkware,40.0,1.4285714285714286,per-SKU,persku_tsb,49.905296400000005,9.905296400000005,98.11489677185305,6.933707480000003
0,461,2025-08-06,393,Drinkware,40.0,1.4285714285714286,per-SKU,persku_ewma_a0.1,41.12940000000003,1.1294000000000324,1.275544360000073,0.7905800000000226
0,461,2025-08-06,393,Drinkware,40.0,1.4285714285714286,top-down,topdown_RM6_180,5.292929292929292,34.707070707070706,1204.5807570656054,24.294949494949492
0,461,2025-08-06,393,Drinkware,40.0,1.4285714285714286,top-down,topdown_rolling_mean_30,2.3030303030303028,37.696969696969695,1421.0615243342515,26.387878787878787
0,461,2025-08-06,393,Drinkware,40.0,1.4285714285714286,top-down,topdown_tsb,3.625502997320234,36.37449700267977,1323.1040321979594,25.462147901875838
0,461,2025-08-06,394,Drinkware,0.0,26.214285714285715,per-SKU,persku_rolling_mean_30,18.000000000000004,18.000000000000004,324.0000000000001,0.686648501362398
0,461,2025-08-06,394,Drinkware,0.0,26.214285714285715,per-SKU,persku_rolling_mean_180,83.99999999999997,83.99999999999997,7055.999999999995,3.204359673024522
0,461,2025-08-06,394,Drinkware,0.0,26.214285714285715,per-SKU,persku_tsb,12.040088611644533,12.040088611644533,144.96373377625238,0.45929493341423283
0,461,2025-08-06,394,Drinkware,0.0,26.214285714285715,per-SKU,persku_ewma_a0.1,7.943221980763558,7.943221980763558,63.094775435685335,0.3030111927266752
0,461,2025-08-06,394,Drinkware,0.0,26.214285714285715,top-down,topdown_RM6_180,82.04040404040404,82.04040404040404,6730.627895112744,3.129606693639391
0,461,2025-08-06,394,Drinkware,0.0,26.214285714285715,top-down,topdown_rolling_mean_30,35.696969696969695,35.696969696969695,1274.2736455463728,1.3617372636446206
0,461,2025-08-06,394,Drinkware,0.0,26.214285714285715,top-down,topdown_tsb,56.19529645846362,56.19529645846362,3157.9113440546143,2.1436897831566504
0,461,2025-08-06,395,Shirts & Tops,424.0,39.714285714285715,per-SKU,persku_rolling_mean_30,192.00000000000006,231.99999999999994,53823.99999999997,5.841726618705034
0,461,2025-08-06,395,Shirts & Tops,424.0,39.714285714285715,per-SKU,persku_rolling_mean_180,161.66666666666666,262.33333333333337,68818.7777777778,6.605515587529977
0,461,2025-08-06,395,Shirts & Tops,424.0,39.714285714285715,per-SKU,persku_tsb,191.6586124465639,232.3413875534361,53982.520370255996,5.8503227081800455
0,461,2025-08-06,395,Shirts & Tops,424.0,39.714285714285715,per-SKU,persku_ewma_a0.1,313.34329228882086,110.65670771117914,12244.906961477333,2.786319978339043
0,461,2025-08-06,395,Shirts & Tops,424.0,39.714285714285715,top-down,topdown_RM6_180,165.1766213286024,258.82337867139756,66989.54134687765,6.517135434171881
0,461,2025-08-06,395,Shirts & Tops,424.0,39.714285714285715,top-down,topdown_rolling_mean_30,202.97220579538734,221.02779420461266,48853.28581095661,5.56544805551183
0,461,2025-08-06,395,Shirts & Tops,424.0,39.714285714285715,top-down,topdown_tsb,206.11948264785892,217.88051735214108,47471.91984163665,5.486200077212185
0,461,2025-08-06,397,Shirts & Tops,0.0,0.0,per-SKU,persku_rolling_mean_30,0.0,0.0,0.0,
0,461,2025-08-06,397,Shirts & Tops,0.0,0.0,per-SKU,persku_rolling_mean_180,0.0,0.0,0.0,
0,461,2025-08-06,397,Shirts & Tops,0.0,0.0,per-SKU,persku_tsb,0.0,0.0,0.0,
0,461,2025-08-06,397,Shirts & Tops,0.0,0.0,per-SKU,persku_ewma_a0.1,0.0,0.0,0.0,
0,461,2025-08-06,397,Shirts & Tops,0.0,0.0,top-down,topdown_RM6_180,0.0,0.0,0.0,
0,461,2025-08-06,397,Shirts & Tops,0.0,0.0,top-down,topdown_rolling_mean_30,0.0,0.0,0.0,
0,461,2025-08-06,397,Shirts & Tops,0.0,0.0,top-down,topdown_tsb,0.0,0.0,0.0,
0,461,2025-08-06,400,Shirts & Tops,0.0,2.7142857142857144,per-SKU,persku_rolling_mean_30,0.0,0.0,0.0,0.0
0,461,2025-08-06,400,Shirts & Tops,0.0,2.7142857142857144,per-SKU,persku_rolling_mean_180,0.0,0.0,0.0,0.0
0,461,2025-08-06,400,Shirts & Tops,0.0,2.7142857142857144,per-SKU,persku_tsb,1.1766204000804468e-18,1.1766204000804468e-18,1.3844355658854707e-36,4.3349172634542776e-19
0,461,2025-08-06,400,Shirts & Tops,0.0,2.7142857142857144,per-SKU,persku_ewma_a0.1,1.5266229853821333e-18,1.5266229853821333e-18,2.3305777394970573e-36,5.624400472460491e-19
0,461,2025-08-06,400,Shirts & Tops,0.0,2.7142857142857144,top-down,topdown_RM6_180,0.0,0.0,0.0,0.0
0,461,2025-08-06,400,Shirts & Tops,0.0,2.7142857142857144,top-down,topdown_rolling_mean_30,0.0,0.0,0.0,0.0
0,461,2025-08-06,400,Shirts & Tops,0.0,2.7142857142857144,top-down,topdown_tsb,0.0,0.0,0.0,0.0
0,461,2025-08-06,401,Shirts & Tops,0.0,6.357142857142857,per-SKU,persku_rolling_mean_30,0.0,0.0,0.0,0.0
0,461,2025-08-06,401,Shirts & Tops,0.0,6.357142857142857,per-SKU,persku_rolling_mean_180,0.0,0.0,0.0,0.0
0,461,2025-08-06,401,Shirts & Tops,0.0,6.357142857142857,per-SKU,persku_tsb,2.3899008648467308e-18,2.3899008648467308e-18,5.711626143795152e-36,3.7593946188600263e-19
0,461,2025-08-06,401,Shirts & Tops,0.0,6.357142857142857,per-SKU,persku_ewma_a0.1,2.0518734251487016e-18,2.0518734251487016e-18,4.210184552831464e-36,3.2276660620316655e-19
0,461,2025-08-06,401,Shirts & Tops,0.0,6.357142857142857,top-down,topdown_RM6_180,0.0,0.0,0.0,0.0
0,461,2025-08-06,401,Shirts & Tops,0.0,6.357142857142857,top-down,topdown_rolling_mean_30,0.0,0.0,0.0,0.0
0,461,2025-08-06,401,Shirts & Tops,0.0,6.357142857142857,top-down,topdown_tsb,0.0,0.0,0.0,0.0
0,461,2025-08-06,402,Shirts & Tops,819.0,71.71428571428571,per-SKU,persku_rolling_mean_30,346.00000000000017,472.99999999999983,223728.99999999983,6.595617529880476
0,461,2025-08-06,402,Shirts & Tops,819.0,71.71428571428571,per-SKU,persku_rolling_mean_180,255.83333333333331,563.1666666666667,317156.69444444455,7.85292164674635
0,461,2025-08-06,402,Shirts & Tops,819.0,71.71428571428571,per-SKU,persku_tsb,352.78235380751886,466.21764619248114,217358.89362125754,6.501042875193961
0,461,2025-08-06,402,Shirts & Tops,819.0,71.71428571428571,per-SKU,persku_ewma_a0.1,681.0288881524143,137.9711118475857,19036.027704459,1.9238999660021912
0,461,2025-08-06,402,Shirts & Tops,819.0,71.71428571428571,top-down,topdown_RM6_180,267.71023063276175,551.2897693672383,303920.40980898275,7.687307540977426
0,461,2025-08-06,402,Shirts & Tops,819.0,71.71428571428571,top-down,topdown_rolling_mean_30,328.96747486694267,490.03252513305733,240131.87568828047,6.833122860421119
0,461,2025-08-06,402,Shirts & Tops,819.0,71.71428571428571,top-down,topdown_tsb,334.06842804822935,484.93157195177065,235158.6294756153,6.76199403119999
0,461,2025-08-06,403,Shirts & Tops,0.0,0.0,per-SKU,persku_rolling_mean_30,0.0,0.0,0.0,
0,461,2025-08-06,403,Shirts & Tops,0.0,0.0,per-SKU,persku_rolling_mean_180,0.0,0.0,0.0,
0,461,2025-08-06,403,Shirts & Tops,0.0,0.0,per-SKU,persku_tsb,0.0,0.0,0.0,
0,461,2025-08-06,403,Shirts & Tops,0.0,0.0,per-SKU,persku_ewma_a0.1,0.0,0.0,0.0,
0,461,2025-08-06,403,Shirts & Tops,0.0,0.0,top-down,topdown_RM6_180,0.0,0.0,0.0,
0,461,2025-08-06,403,Shirts & Tops,0.0,0.0,top-down,topdown_rolling_mean_30,0.0,0.0,0.0,
0,461,2025-08-06,403,Shirts & Tops,0.0,0.0,top-down,topdown_tsb,0.0,0.0,0.0,
0,461,2025-08-06,404,Shirts & Tops,288.0,43.857142857142854,per-SKU,persku_rolling_mean_30,75.99999999999999,212.0,44944.0,4.833876221498372
0,461,2025-08-06,404,Shirts & Tops,288.0,43.857142857142854,per-SKU,persku_rolling_mean_180,82.1666666666667,205.83333333333331,42367.3611111111,4.693268186753529
0,461,2025-08-06,404,Shirts & Tops,288.0,43.857142857142854,per-SKU,persku_tsb,80.3157502580085,207.6842497419915,43132.747590893894,4.735471492488406
0,461,2025-08-06,404,Shirts & Tops,288.0,43.857142857142854,per-SKU,persku_ewma_a0.1,162.74472225630967,125.25527774369033,15688.884602649006,2.855983531615089
0,461,2025-08-06,404,Shirts & Tops,288.0,43.857142857142854,top-down,topdown_RM6_180,66.7798147053026,221.2201852946974,48938.37038182025,5.044108459488214
0,461,2025-08-06,404,Shirts & Tops,288.0,43.857142857142854,top-down,topdown_rolling_mean_30,82.06031933767002,205.93968066232998,42411.152071302444,4.695693044417948
0,461,2025-08-06,404,Shirts & Tops,288.0,43.857142857142854,top-down,topdown_tsb,83.33274253741703,204.66725746258297,41888.68627725523,4.666680137583326
0,461,2025-08-06,406,Shirts & Tops,0.0,4.0,per-SKU,persku_rolling_mean_30,0.0,0.0,0.0,0.0
0,461,2025-08-06,406,Shirts & Tops,0.0,4.0,per-SKU,persku_rolling_mean_180,0.0,0.0,0.0,0.0
0,461,2025-08-06,406,Shirts & Tops,0.0,4.0,per-SKU,persku_tsb,1.4193086004938184e-18,1.4193086004938184e-18,2.0144369034357213e-36,3.548271501234546e-19
0,461,2025-08-06,406,Shirts & Tops,0.0,4.0,per-SKU,persku_ewma_a0.1,1.1894252234718448e-18,1.1894252234718448e-18,1.414732362231048e-36,2.973563058679612e-19
0,461,2025-08-06,406,Shirts & Tops,0.0,4.0,top-down,topdown_RM6_180,0.0,0.0,0.0,0.0
0,461,2025-08-06,406,Shirts & Tops,0.0,4.0,top-down,topdown_rolling_mean_30,0.0,0.0,0.0,0.0
0,461,2025-08-06,406,Shirts & Tops,0.0,4.0,top-down,topdown_tsb,0.0,0.0,0.0,0.0
0,461,2025-08-06,419,Umbrellas & Gear,244.0,33.42857142857143,per-SKU,persku_rolling_mean_30,22.000000000000004,222.0,49284.0,6.6410256410256405
0,461,2025-08-06,419,Umbrellas & Gear,244.0,33.42857142857143,per-SKU,persku_rolling_mean_180,83.33333333333329,160.6666666666667,25813.777777777792,4.806267806267807
0,461,2025-08-06,419,Umbrellas & Gear,244.0,33.42857142857143,per-SKU,persku_tsb,35.26219802793955,208.73780197206045,43571.469972127124,6.244293221386424
0,461,2025-08-06,419,Umbrellas & Gear,244.0,33.42857142857143,per-SKU,persku_ewma_a0.1,24.30066770758592,219.69933229241408,48267.796609732584,6.572202248063669
0,461,2025-08-06,419,Umbrellas & Gear,244.0,33.42857142857143,top-down,topdown_RM6_180,83.33333333333329,160.6666666666667,25813.777777777792,4.806267806267807
0,461,2025-08-06,419,Umbrellas & Gear,244.0,33.42857142857143,top-down,topdown_rolling_mean_30,22.000000000000004,222.0,49284.0,6.6410256410256405
0,461,2025-08-06,419,Umbrellas & Gear,244.0,33.42857142857143,top-down,topdown_tsb,35.26219802793955,208.73780197206045,43571.469972127124,6.244293221386424
0,461,2025-08-06,477,Bags,0.0,0.2857142857142857,per-SKU,persku_rolling_mean_30,0.0,0.0,0.0,0.0
0,461,2025-08-06,477,Bags,0.0,0.2857142857142857,per-SKU,persku_rolling_mean_180,0.0,0.0,0.0,0.0
0,461,2025-08-06,477,Bags,0.0,0.2857142857142857,per-SKU,persku_tsb,1.2202091690451522e-18,1.2202091690451522e-18,1.4889104162218608e-36,4.2707320916580326e-18
0,461,2025-08-06,477,Bags,0.0,0.2857142857142857,per-SKU,persku_ewma_a0.1,4.9247962705306775e-18,4.9247962705306775e-18,2.425361830623287e-35,1.7236786946857374e-17
0,461,2025-08-06,477,Bags,0.0,0.2857142857142857,top-down,topdown_RM6_180,0.0,0.0,0.0,0.0
0,461,2025-08-06,477,Bags,0.0,0.2857142857142857,top-down,topdown_rolling_mean_30,0.0,0.0,0.0,0.0
0,461,2025-08-06,477,Bags,0.0,0.2857142857142857,top-down,topdown_tsb,0.0,0.0,0.0,0.0
1,491,2025-09-05,29,Keychains & Charms,60.0,30.666666666666668,per-SKU,persku_rolling_mean_30,107.99999999999997,47.99999999999997,2303.9999999999973,1.5652173913043468
1,491,2025-09-05,29,Keychains & Charms,60.0,30.666666666666668,per-SKU,persku_rolling_mean_180,79.50000000000003,19.50000000000003,380.25000000000114,0.6358695652173922
1,491,2025-09-05,29,Keychains & Charms,60.0,30.666666666666668,per-SKU,persku_tsb,96.00345181327874,36.003451813278744,1296.2485424710844,1.1740256026069156
1,491,2025-09-05,29,Keychains & Charms,60.0,30.666666666666668,per-SKU,persku_ewma_a0.1,94.21892893885865,34.21892893885865,1170.9350977226582,1.1158346393106082
1,491,2025-09-05,29,Keychains & Charms,60.0,30.666666666666668,top-down,topdown_RM6_180,78.39092872570194,18.39092872570194,338.2262593938488,0.5997041975772371
1,491,2025-09-05,29,Keychains & Charms,60.0,30.666666666666668,top-down,topdown_rolling_mean_30,101.33909287257018,41.33909287257018,1708.9205995269824,1.3480138980185927
1,491,2025-09-05,29,Keychains & Charms,60.0,30.666666666666668,top-down,topdown_tsb,90.94804019882024,30.948040198820237,957.7811921477934,1.0091752238745728
1,491,2025-09-05,39,Plush & Souvenirs,0.0,0.0,per-SKU,persku_rolling_mean_30,0.0,0.0,0.0,
1,491,2025-09-05,39,Plush & Souvenirs,0.0,0.0,per-SKU,persku_rolling_mean_180,0.0,0.0,0.0,
1,491,2025-09-05,39,Plush & Souvenirs,0.0,0.0,per-SKU,persku_tsb,0.0,0.0,0.0,
1,491,2025-09-05,39,Plush & Souvenirs,0.0,0.0,per-SKU,persku_ewma_a0.1,0.0,0.0,0.0,
1,491,2025-09-05,39,Plush & Souvenirs,0.0,0.0,top-down,topdown_RM6_180,0.0,0.0,0.0,
1,491,2025-09-05,39,Plush & Souvenirs,0.0,0.0,top-down,topdown_rolling_mean_30,0.0,0.0,0.0,
1,491,2025-09-05,39,Plush & Souvenirs,0.0,0.0,top-down,topdown_tsb,0.0,0.0,0.0,
1,491,2025-09-05,48,Umbrellas & Gear,0.0,0.0,per-SKU,persku_rolling_mean_30,0.0,0.0,0.0,
1,491,2025-09-05,48,Umbrellas & Gear,0.0,0.0,per-SKU,persku_rolling_mean_180,0.0,0.0,0.0,
1,491,2025-09-05,48,Umbrellas & Gear,0.0,0.0,per-SKU,persku_tsb,0.0,0.0,0.0,
1,491,2025-09-05,48,Umbrellas & Gear,0.0,0.0,per-SKU,persku_ewma_a0.1,0.0,0.0,0.0,
1,491,2025-09-05,48,Umbrellas & Gear,0.0,0.0,top-down,topdown_RM6_180,0.0,0.0,0.0,
1,491,2025-09-05,48,Umbrellas & Gear,0.0,0.0,top-down,topdown_rolling_mean_30,0.0,0.0,0.0,
1,491,2025-09-05,48,Umbrellas & Gear,0.0,0.0,top-down,topdown_tsb,0.0,0.0,0.0,
1,491,2025-09-05,54,Stationery,116.0,15.866666666666667,per-SKU,persku_rolling_mean_30,113.99999999999997,2.0000000000000284,4.000000000000114,0.12605042016806903
1,491,2025-09-05,54,Stationery,116.0,15.866666666666667,per-SKU,persku_rolling_mean_180,68.0,48.0,2304.0,3.0252100840336134
1,491,2025-09-05,54,Stationery,116.0,15.866666666666667,per-SKU,persku_tsb,88.34197496416678,27.65802503583322,764.9663488827772,1.7431528383928498
1,491,2025-09-05,54,Stationery,116.0,15.866666666666667,per-SKU,persku_ewma_a0.1,70.99031818424683,45.00968181575317,2025.8714571553414,2.836744652253351
1,491,2025-09-05,54,Stationery,116.0,15.866666666666667,top-down,topdown_RM6_180,97.51255020080316,18.48744979919684,341.78580007782324,1.1651754075124057
1,491,2025-09-05,54,Stationery,116.0,15.866666666666667,top-down,topdown_rolling_mean_30,119.72891566265059,3.728915662650593,13.904812019160909,0.23501569302419703
1,491,2025-09-05,54,Stationery,116.0,15.866666666666667,top-down,topdown_tsb,120.33102401105465,4.331024011054652,18.757768984331925,0.2729636981757133
1,491,2025-09-05,55,Stationery,0.0,0.0,per-SKU,persku_rolling_mean_30,0.0,0.0,0.0,
1,491,2025-09-05,55,Stationery,0.0,0.0,per-SKU,persku_rolling_mean_180,0.0,0.0,0.0,
1,491,2025-09-05,55,Stationery,0.0,0.0,per-SKU,persku_tsb,0.0,0.0,0.0,
1,491,2025-09-05,55,Stationery,0.0,0.0,per-SKU,persku_ewma_a0.1,0.0,0.0,0.0,
1,491,2025-09-05,55,Stationery,0.0,0.0,top-down,topdown_RM6_180,0.0,0.0,0.0,
1,491,2025-09-05,55,Stationery,0.0,0.0,top-down,topdown_rolling_mean_30,0.0,0.0,0.0,
1,491,2025-09-05,55,Stationery,0.0,0.0,top-down,topdown_tsb,0.0,0.0,0.0,
1,491,2025-09-05,74,Bags,0.0,0.0,per-SKU,persku_rolling_mean_30,0.0,0.0,0.0,
1,491,2025-09-05,74,Bags,0.0,0.0,per-SKU,persku_rolling_mean_180,0.0,0.0,0.0,
1,491,2025-09-05,74,Bags,0.0,0.0,per-SKU,persku_tsb,0.0,0.0,0.0,
1,491,2025-09-05,74,Bags,0.0,0.0,per-SKU,persku_ewma_a0.1,0.0,0.0,0.0,
1,491,2025-09-05,74,Bags,0.0,0.0,top-down,topdown_RM6_180,0.0,0.0,0.0,
1,491,2025-09-05,74,Bags,0.0,0.0,top-down,topdown_rolling_mean_30,0.0,0.0,0.0,
1,491,2025-09-05,74,Bags,0.0,0.0,top-down,topdown_tsb,0.0,0.0,0.0,
1,491,2025-09-05,112,Keychains & Charms,76.0,31.866666666666667,per-SKU,persku_rolling_mean_30,75.99999999999999,1.4210854715202004e-14,2.0194839173657902e-28,4.459473236988076e-16
1,491,2025-09-05,112,Keychains & Charms,76.0,31.866666666666667,per-SKU,persku_rolling_mean_180,62.833333333333314,13.166666666666686,173.3611111111116,0.4131799163179922
1,491,2025-09-05,112,Keychains & Charms,76.0,31.866666666666667,per-SKU,persku_tsb,74.0664857930752,1.933514206924798,3.7384771883800303,0.060675132016468555
1,491,2025-09-05,112,Keychains & Charms,76.0,31.866666666666667,per-SKU,persku_ewma_a0.1,66.22981996378923,9.770180036210775,95.45641793997157,0.306595607830882
1,491,2025-09-05,112,Keychains & Charms,76.0,31.866666666666667,top-down,topdown_RM6_180,63.94240460763138,12.057595392368619,145.38560664606894,0.378376424446714
1,491,2025-09-05,112,Keychains & Charms,76.0,31.866666666666667,top-down,topdown_rolling_mean_30,82.6609071274298,6.660907127429795,44.367683760245036,0.20902428224152075
1,491,2025-09-05,112,Keychains & Charms,76.0,31.866666666666667,top-down,topdown_tsb,74.18506808374356,1.814931916256441,3.293977860646277,0.056953930426457355
1,491,2025-09-05,148,Lanyards & IDs,17.0,0.0,per-SKU,persku_rolling_mean_30,0.0,17.0,289.0,
1,491,2025-09-05,148,Lanyards & IDs,17.0,0.0,per-SKU,persku_rolling_mean_180,0.0,17.0,289.0,
1,491,2025-09-05,148,Lanyards & IDs,17.0,0.0,per-SKU,persku_tsb,0.0,17.0,289.0,
1,491,2025-09-05,148,Lanyards & IDs,17.0,0.0,per-SKU,persku_ewma_a0.1,0.0,17.0,289.0,
1,491,2025-09-05,148,Lanyards & IDs,17.0,0.0,top-down,topdown_RM6_180,0.0,17.0,289.0,
1,491,2025-09-05,148,Lanyards & IDs,17.0,0.0,top-down,topdown_rolling_mean_30,0.0,17.0,289.0,
1,491,2025-09-05,148,Lanyards & IDs,17.0,0.0,top-down,topdown_tsb,0.0,17.0,289.0,
1,491,2025-09-05,156,Bags,163.0,2.466666666666667,per-SKU,persku_rolling_mean_30,37.00000000000001,126.0,15876.0,51.08108108108108
1,491,2025-09-05,156,Bags,163.0,2.466666666666667,per-SKU,persku_rolling_mean_180,7.333333333333333,155.66666666666666,24232.11111111111,63.1081081081081
1,491,2025-09-05,156,Bags,163.0,2.466666666666667,per-SKU,persku_tsb,24.336047401480137,138.66395259851987,19227.691750244565,56.215115918318865
1,491,2025-09-05,156,Bags,163.0,2.466666666666667,per-SKU,persku_ewma_a0.1,20.596152013300188,142.40384798669982,20278.85592141911,57.73128972433776
1,491,2025-09-05,156,Bags,163.0,2.466666666666667,top-down,topdown_RM6_180,16.40476190476191,146.5952380952381,21490.16383219955,59.43050193050193
1,491,2025-09-05,156,Bags,163.0,2.466666666666667,top-down,topdown_rolling_mean_30,20.28571428571428,142.71428571428572,20367.36734693878,57.85714285714286
1,491,2025-09-05,156,Bags,163.0,2.466666666666667,top-down,topdown_tsb,16.41724861867691,146.58275138132308,21486.503002518773,59.42543974918503
1,491,2025-09-05,174,Uncategorised,54.0,0.0,per-SKU,persku_rolling_mean_30,0.0,54.0,2916.0,
1,491,2025-09-05,174,Uncategorised,54.0,0.0,per-SKU,persku_rolling_mean_180,0.0,54.0,2916.0,
1,491,2025-09-05,174,Uncategorised,54.0,0.0,per-SKU,persku_tsb,0.0,54.0,2916.0,
1,491,2025-09-05,174,Uncategorised,54.0,0.0,per-SKU,persku_ewma_a0.1,0.0,54.0,2916.0,
1,491,2025-09-05,174,Uncategorised,54.0,0.0,top-down,topdown_RM6_180,0.0,54.0,2916.0,
1,491,2025-09-05,174,Uncategorised,54.0,0.0,top-down,topdown_rolling_mean_30,0.0,54.0,2916.0,
1,491,2025-09-05,174,Uncategorised,54.0,0.0,top-down,topdown_tsb,0.0,54.0,2916.0,
1,491,2025-09-05,187,Outerwear,50.0,0.0,per-SKU,persku_rolling_mean_30,0.0,50.0,2500.0,
1,491,2025-09-05,187,Outerwear,50.0,0.0,per-SKU,persku_rolling_mean_180,0.0,50.0,2500.0,
1,491,2025-09-05,187,Outerwear,50.0,0.0,per-SKU,persku_tsb,0.0,50.0,2500.0,
1,491,2025-09-05,187,Outerwear,50.0,0.0,per-SKU,persku_ewma_a0.1,0.0,50.0,2500.0,
1,491,2025-09-05,187,Outerwear,50.0,0.0,top-down,topdown_RM6_180,0.0,50.0,2500.0,
1,491,2025-09-05,187,Outerwear,50.0,0.0,top-down,topdown_rolling_mean_30,0.0,50.0,2500.0,
1,491,2025-09-05,187,Outerwear,50.0,0.0,top-down,topdown_tsb,0.0,50.0,2500.0,
1,491,2025-09-05,190,Lanyards & IDs,67.0,15.133333333333333,per-SKU,persku_rolling_mean_30,226.99999999999997,159.99999999999997,25599.999999999993,10.572687224669602
1,491,2025-09-05,190,Lanyards & IDs,67.0,15.133333333333333,per-SKU,persku_rolling_mean_180,64.66666666666669,2.3333333333333144,5.444444444444356,0.15418502202643047
1,491,2025-09-05,190,Lanyards & IDs,67.0,15.133333333333333,per-SKU,persku_tsb,180.23493050972536,113.23493050972536,12822.14948754233,7.482484394915772
1,491,2025-09-05,190,Lanyards & IDs,67.0,15.133333333333333,per-SKU,persku_ewma_a0.1,181.4523465710478,114.4523465710478,13099.339635619237,7.5629303901573435
1,491,2025-09-05,190,Lanyards & IDs,67.0,15.133333333333333,top-down,topdown_RM6_180,78.43825279349878,11.438252793498776,130.83362696798255,0.755831682389787
1,491,2025-09-05,190,Lanyards & IDs,67.0,15.133333333333333,top-down,topdown_rolling_mean_30,201.67871136264682,134.67871136264682,18138.355294303135,8.899474319117632
1,491,2025-09-05,190,Lanyards & IDs,67.0,15.133333333333333,top-down,topdown_tsb,164.90251517478669,97.90251517478669,9584.902477549338,6.469329196571808
1,491,2025-09-05,192,Lanyards & IDs,58.0,0.0,per-SKU,persku_rolling_mean_30,0.0,58.0,3364.0,
1,491,2025-09-05,192,Lanyards & IDs,58.0,0.0,per-SKU,persku_rolling_mean_180,0.0,58.0,3364.0,
1,491,2025-09-05,192,Lanyards & IDs,58.0,0.0,per-SKU,persku_tsb,0.0,58.0,3364.0,
1,491,2025-09-05,192,Lanyards & IDs,58.0,0.0,per-SKU,persku_ewma_a0.1,0.0,58.0,3364.0,
1,491,2025-09-05,192,Lanyards & IDs,58.0,0.0,top-down,topdown_RM6_180,0.0,58.0,3364.0,
1,491,2025-09-05,192,Lanyards & IDs,58.0,0.0,top-down,topdown_rolling_mean_30,0.0,58.0,3364.0,
1,491,2025-09-05,192,Lanyards & IDs,58.0,0.0,top-down,topdown_tsb,0.0,58.0,3364.0,
1,491,2025-09-05,209,Keychains & Charms,0.0,25.4,per-SKU,persku_rolling_mean_30,0.0,0.0,0.0,0.0
1,491,2025-09-05,209,Keychains & Charms,0.0,25.4,per-SKU,persku_rolling_mean_180,0.0,0.0,0.0,0.0
1,491,2025-09-05,209,Keychains & Charms,0.0,25.4,per-SKU,persku_tsb,1.7943089155871833e-08,1.7943089155871833e-08,3.2195444845556533e-16,7.064208329083399e-10
1,491,2025-09-05,209,Keychains & Charms,0.0,25.4,per-SKU,persku_ewma_a0.1,8.204453353315322e-09,8.204453353315322e-09,6.731305482672703e-17,3.230099745399733e-10
1,491,2025-09-05,209,Keychains & Charms,0.0,25.4,top-down,topdown_RM6_180,0.0,0.0,0.0,0.0
1,491,2025-09-05,209,Keychains & Charms,0.0,25.4,top-down,topdown_rolling_mean_30,0.0,0.0,0.0,0.0
1,491,2025-09-05,209,Keychains & Charms,0.0,25.4,top-down,topdown_tsb,0.0,0.0,0.0,0.0
1,491,2025-09-05,212,Stationery,43.0,10.4,per-SKU,persku_rolling_mean_30,155.99999999999994,112.99999999999994,12768.999999999987,10.86538461538461
1,491,2025-09-05,212,Stationery,43.0,10.4,per-SKU,persku_rolling_mean_180,30.833333333333336,12.166666666666664,148.02777777777771,1.1698717948717947
1,491,2025-09-05,212,Stationery,43.0,10.4,per-SKU,persku_tsb,75.74056028661406,32.740560286614055,1071.9442878814095,3.148130796789813
1,491,2025-09-05,212,Stationery,43.0,10.4,per-SKU,persku_ewma_a0.1,154.60925640405523,111.60925640405523,12456.626115066143,10.731659269620694
1,491,2025-09-05,212,Stationery,43.0,10.4,top-down,topdown_RM6_180,66.60291164658632,23.60291164658632,557.0974381965602,2.2695107352486845
1,491,2025-09-05,212,Stationery,43.0,10.4,top-down,topdown_rolling_mean_30,81.77710843373494,38.77710843373494,1503.6641384816373,3.7285681186283592
1,491,2025-09-05,212,Stationery,43.0,10.4,top-down,topdown_tsb,82.1883597962298,39.188359796229804,1535.7275435187605,3.7681115188682504
1,491,2025-09-05,213,Stationery,0.0,6.8,per-SKU,persku_rolling_mean_30,0.0,0.0,0.0,0.0
1,491,2025-09-05,213,Stationery,0.0,6.8,per-SKU,persku_rolling_mean_180,15.333333333333332,15.333333333333332,235.1111111111111,2.2549019607843137
1,491,2025-09-05,213,Stationery,0.0,6.8,per-SKU,persku_tsb,0.0028176509444965987,0.0028176509444965987,7.939156845022574e-06,0.0004143604330142057
1,491,2025-09-05,213,Stationery,0.0,6.8,per-SKU,persku_ewma_a0.1,0.0025657261289108117,0.0025657261289108117,6.582950568575659e-06,0.00037731266601629586
1,491,2025-09-05,213,Stationery,0.0,6.8,top-down,topdown_RM6_180,0.0,0.0,0.0,0.0
1,491,2025-09-05,213,Stationery,0.0,6.8,top-down,topdown_rolling_mean_30,0.0,0.0,0.0,0.0
1,491,2025-09-05,213,Stationery,0.0,6.8,top-down,topdown_tsb,0.0,0.0,0.0,0.0
1,491,2025-09-05,215,Lanyards & IDs,506.0,109.53333333333333,per-SKU,persku_rolling_mean_30,1046.0,540.0,291600.0,4.930006086427268
1,491,2025-09-05,215,Lanyards & IDs,506.0,109.53333333333333,per-SKU,persku_rolling_mean_180,346.00000000000017,159.99999999999983,25599.999999999945,1.4607425441265962
1,491,2025-09-05,215,Lanyards & IDs,506.0,109.53333333333333,per-SKU,persku_tsb,818.7939504574516,312.7939504574516,97840.0554427787,2.855696443616418
1,491,2025-09-05,215,Lanyards & IDs,506.0,109.53333333333333,per-SKU,persku_ewma_a0.1,794.0183685843997,288.0183685843997,82954.58064201912,2.629504278007301
1,491,2025-09-05,215,Lanyards & IDs,506.0,109.53333333333333,top-down,topdown_RM6_180,378.0425917863881,127.95740821361193,16373.098316744921,1.1682051875862318
1,491,2025-09-05,215,Lanyards & IDs,506.0,109.53333333333333,top-down,topdown_rolling_mean_30,972.0148019155415,466.0148019155415,217169.7956043814,4.254547795942254
1,491,2025-09-05,215,Lanyards & IDs,506.0,109.53333333333333,top-down,topdown_tsb,794.7675019341776,288.76750193417763,83386.67017330528,2.6363435964775803
1,491,2025-09-05,216,Lanyards & IDs,0.0,30.333333333333332,per-SKU,persku_rolling_mean_30,0.0,0.0,0.0,0.0
1,491,2025-09-05,216,Lanyards & IDs,0.0,30.333333333333332,per-SKU,persku_rolling_mean_180,18.16666666666666,18.16666666666666,330.02777777777754,0.5989010989010988
1,491,2025-09-05,216,Lanyards & IDs,0.0,30.333333333333332,per-SKU,persku_tsb,0.001592039478547843,0.001592039478547843,2.534589701254888e-06,5.248481797410472e-05
1,491,2025-09-05,216,Lanyards & IDs,0.0,30.333333333333332,per-SKU,persku_ewma_a0.1,0.0015319174781631478,0.0015319174781631478,2.3467711599017384e-06,5.05027740053785e-05
1,491,2025-09-05,216,Lanyards & IDs,0.0,30.333333333333332,top-down,topdown_RM6_180,0.0,0.0,0.0,0.0
1,491,2025-09-05,216,Lanyards & IDs,0.0,30.333333333333332,top-down,topdown_rolling_mean_30,0.0,0.0,0.0,0.0
1,491,2025-09-05,216,Lanyards & IDs,0.0,30.333333333333332,top-down,topdown_tsb,0.0,0.0,0.0,0.0
1,491,2025-09-05,221,Stationery,66.0,18.066666666666666,per-SKU,persku_rolling_mean_30,84.99999999999997,18.99999999999997,360.9999999999989,1.0516605166051645
1,491,2025-09-05,221,Stationery,66.0,18.066666666666666,per-SKU,persku_rolling_mean_180,44.166666666666664,21.833333333333336,476.69444444444457,1.2084870848708489
1,491,2025-09-05,221,Stationery,66.0,18.066666666666666,per-SKU,persku_tsb,80.96703435807277,14.967034358072766,224.01211747573066,0.8284336360556882
1,491,2025-09-05,221,Stationery,66.0,18.066666666666666,per-SKU,persku_ewma_a0.1,79.23502358826197,13.235023588261967,175.16584938185068,0.7325658812691126
1,491,2025-09-05,221,Stationery,66.0,18.066666666666666,top-down,topdown_RM6_180,86.84136546184735,20.841365461847346,434.36251431428343,1.153581114124392
1,491,2025-09-05,221,Stationery,66.0,18.066666666666666,top-down,topdown_rolling_mean_30,106.62650602409639,40.626506024096386,1650.5129917259399,2.2486995954296893
1,491,2025-09-05,221,Stationery,66.0,18.066666666666666,top-down,topdown_tsb,107.16272327022227,41.16272327022227,1694.3697870208982,2.2783795168019707
1,491,2025-09-05,227,Stationery,58.0,19.066666666666666,per-SKU,persku_rolling_mean_30,68.0,10.0,100.0,0.5244755244755245
1,491,2025-09-05,227,Stationery,58.0,19.066666666666666,per-SKU,persku_rolling_mean_180,67.0,9.0,81.0,0.47202797202797203
1,491,2025-09-05,227,Stationery,58.0,19.066666666666666,per-SKU,persku_tsb,72.54206350405214,14.542063504052138,211.47161095588513,0.7626956383244128
1,491,2025-09-05,227,Stationery,58.0,19.066666666666666,per-SKU,persku_ewma_a0.1,73.49865005714099,15.498650057140992,240.20815359371647,0.8128662617381639
1,491,2025-09-05,227,Stationery,58.0,19.066666666666666,top-down,topdown_RM6_180,61.451305220883505,3.451305220883505,11.911507727697739,0.1810125115847992
1,491,2025-09-05,227,Stationery,58.0,19.066666666666666,top-down,topdown_rolling_mean_30,75.45180722891567,17.45180722891567,304.5655755552332,0.9153045749431296
1,491,2025-09-05,227,Stationery,58.0,19.066666666666666,top-down,topdown_tsb,75.83124909375898,17.831249093758984,317.9534442436806,0.9352053720502964
1,491,2025-09-05,228,Stationery,129.0,37.266666666666666,per-SKU,persku_rolling_mean_30,114.99999999999997,14.000000000000028,196.0000000000008,0.37567084078712065
1,491,2025-09-05,228,Stationery,129.0,37.266666666666666,per-SKU,persku_rolling_mean_180,118.83333333333331,10.166666666666686,103.3611111111115,0.27280858676207564
1,491,2025-09-05,228,Stationery,129.0,37.266666666666666,per-SKU,persku_tsb,125.67280351530295,3.3271964846970548,11.070236447780438,0.08928076434786372
1,491,2025-09-05,228,Stationery,129.0,37.266666666666666,per-SKU,persku_ewma_a0.1,125.45985074191078,3.5401492580892153,12.532656769549622,0.09499506059273387
1,491,2025-09-05,228,Stationery,129.0,37.266666666666666,top-down,topdown_RM6_180,121.06275100401601,7.9372489959839925,62.9999216242489,0.21298521456128783
1,491,2025-09-05,228,Stationery,129.0,37.266666666666666,top-down,topdown_rolling_mean_30,148.64457831325302,19.64457831325302,385.9094571055309,0.5271353751320131
1,491,2025-09-05,228,Stationery,129.0,37.266666666666666,top-down,topdown_tsb,149.3921015080641,20.392101508064087,415.8378039151896,0.5471941370679093
1,491,2025-09-05,229,Stationery,198.0,60.4,per-SKU,persku_rolling_mean_30,171.99999999999991,26.000000000000085,676.0000000000044,0.4304635761589418
1,491,2025-09-05,229,Stationery,198.0,60.4,per-SKU,persku_rolling_mean_180,173.5,24.5,600.25,0.4056291390728477
1,491,2025-09-05,229,Stationery,198.0,60.4,per-SKU,persku_tsb,157.64627355377178,40.35372644622822,1628.423238097019,0.6681080537455004
1,491,2025-09-05,229,Stationery,198.0,60.4,per-SKU,persku_ewma_a0.1,145.3597288752204,52.64027112477959,2770.998144090304,0.8715276676288012
1,491,2025-09-05,229,Stationery,198.0,60.4,top-down,topdown_RM6_180,173.6827309236947,24.31726907630531,591.3295753294344,0.40260379265406143
1,491,2025-09-05,229,Stationery,198.0,60.4,top-down,topdown_rolling_mean_30,213.25301204819277,15.253012048192772,232.65437654231388,0.25253331205617174
1,491,2025-09-05,229,Stationery,198.0,60.4,top-down,topdown_tsb,214.32544654044455,16.325446540444545,266.5202047449128,0.27028885000736
1,491,2025-09-05,242,Plush & Souvenirs,0.0,124.66666666666667,per-SKU,persku_rolling_mean_30,0.0,0.0,0.0,0.0
1,491,2025-09-05,242,Plush & Souvenirs,0.0,124.66666666666667,per-SKU,persku_rolling_mean_180,0.0,0.0,0.0,0.0
1,491,2025-09-05,242,Plush & Souvenirs,0.0,124.66666666666667,per-SKU,persku_tsb,2.6861647116572517e-09,2.6861647116572517e-09,7.215480858152686e-18,2.1546775761956564e-11
1,491,2025-09-05,242,Plush & Souvenirs,0.0,124.66666666666667,per-SKU,persku_ewma_a0.1,3.592510463582375e-09,3.592510463582375e-09,1.290613143094885e-17,2.8816928852265037e-11
1,491,2025-09-05,242,Plush & Souvenirs,0.0,124.66666666666667,top-down,topdown_RM6_180,0.0,0.0,0.0,0.0
1,491,2025-09-05,242,Plush & Souvenirs,0.0,124.66666666666667,top-down,topdown_rolling_mean_30,0.0,0.0,0.0,0.0
1,491,2025-09-05,242,Plush & Souvenirs,0.0,124.66666666666667,top-down,topdown_tsb,0.0,0.0,0.0,0.0
1,491,2025-09-05,250,Plush & Souvenirs,0.0,7.2,per-SKU,persku_rolling_mean_30,0.0,0.0,0.0,0.0
1,491,2025-09-05,250,Plush & Souvenirs,0.0,7.2,per-SKU,persku_rolling_mean_180,0.0,0.0,0.0,0.0
1,491,2025-09-05,250,Plush & Souvenirs,0.0,7.2,per-SKU,persku_tsb,7.579050344995916e-09,7.579050344995916e-09,5.744200413198272e-17,1.0526458812494329e-09
1,491,2025-09-05,250,Plush & Souvenirs,0.0,7.2,per-SKU,persku_ewma_a0.1,7.303140672156432e-09,7.303140672156432e-09,5.3335863677305494e-17,1.0143250933550599e-09
1,491,2025-09-05,250,Plush & Souvenirs,0.0,7.2,top-down,topdown_RM6_180,0.0,0.0,0.0,0.0
1,491,2025-09-05,250,Plush & Souvenirs,0.0,7.2,top-down,topdown_rolling_mean_30,0.0,0.0,0.0,0.0
1,491,2025-09-05,250,Plush & Souvenirs,0.0,7.2,top-down,topdown_tsb,0.0,0.0,0.0,0.0
1,491,2025-09-05,251,Plush & Souvenirs,34.0,30.466666666666665,per-SKU,persku_rolling_mean_30,24.999999999999993,9.000000000000007,81.00000000000013,0.2954048140043766
1,491,2025-09-05,251,Plush & Souvenirs,34.0,30.466666666666665,per-SKU,persku_rolling_mean_180,84.16666666666667,50.16666666666667,2516.694444444445,1.6466083150984685
1,491,2025-09-05,251,Plush & Souvenirs,34.0,30.466666666666665,per-SKU,persku_tsb,36.76382324799188,2.76382324799188,7.638718946140384,0.09071629916822363
1,491,2025-09-05,251,Plush & Souvenirs,34.0,30.466666666666665,per-SKU,persku_ewma_a0.1,16.61080967847435,17.38919032152565,302.38394003824135,0.5707611702907763
1,491,2025-09-05,251,Plush & Souvenirs,34.0,30.466666666666665,top-down,topdown_RM6_180,84.16666666666667,50.16666666666667,2516.694444444445,1.6466083150984685
1,491,2025-09-05,251,Plush & Souvenirs,34.0,30.466666666666665,top-down,topdown_rolling_mean_30,24.999999999999993,9.000000000000007,81.00000000000013,0.2954048140043766
1,491,2025-09-05,251,Plush & Souvenirs,34.0,30.466666666666665,top-down,topdown_tsb,36.78777851476774,2.787778514767737,7.771709047400611,0.09150257707115111
1,491,2025-09-05,252,Plush & Souvenirs,0.0,12.4,per-SKU,persku_rolling_mean_30,0.0,0.0,0.0,0.0
1,491,2025-09-05,252,Plush & Souvenirs,0.0,12.4,per-SKU,persku_rolling_mean_180,0.0,0.0,0.0,0.0
1,491,2025-09-05,252,Plush & Souvenirs,0.0,12.4,per-SKU,persku_tsb,5.880422823681113e-09,5.880422823681113e-09,3.457937258526976e-17,4.742276470710575e-10
1,491,2025-09-05,252,Plush & Souvenirs,0.0,12.4,per-SKU,persku_ewma_a0.1,5.285896956614838e-09,5.285896956614838e-09,2.7940706635950007e-17,4.2628201263022886e-10
1,491,2025-09-05,252,Plush & Souvenirs,0.0,12.4,top-down,topdown_RM6_180,0.0,0.0,0.0,0.0
1,491,2025-09-05,252,Plush & Souvenirs,0.0,12.4,top-down,topdown_rolling_mean_30,0.0,0.0,0.0,0.0
1,491,2025-09-05,252,Plush & Souvenirs,0.0,12.4,top-down,topdown_tsb,0.0,0.0,0.0,0.0
1,491,2025-09-05,261,Stationery,3.0,42.46666666666667,per-SKU,persku_rolling_mean_30,165.0,162.0,26244.0,3.814756671899529
1,491,2025-09-05,261,Stationery,3.0,42.46666666666667,per-SKU,persku_rolling_mean_180,99.16666666666667,96.16666666666667,9248.02777777778,2.2645211930926217
1,491,2025-09-05,261,Stationery,3.0,42.46666666666667,per-SKU,persku_tsb,83.39139290168988,80.39139290168988,6462.776052673875,1.8930469286112217
1,491,2025-09-05,261,Stationery,3.0,42.46666666666667,per-SKU,persku_ewma_a0.1,244.16525727697461,241.16525727697461,58160.68131746936,5.678930705109292
1,491,2025-09-05,261,Stationery,3.0,42.46666666666667,top-down,topdown_RM6_180,87.20933734939754,84.20933734939754,7091.21249682464,1.9829514289497066
1,491,2025-09-05,261,Stationery,3.0,42.46666666666667,top-down,topdown_rolling_mean_30,107.07831325301204,104.07831325301204,10832.295289592103,2.450823702975166
1,491,2025-09-05,261,Stationery,3.0,42.46666666666667,top-down,topdown_tsb,107.61680260611304,104.61680260611304,10944.67538752642,2.463503986015221
1,491,2025-09-05,267,Shirts & Tops,21.0,0.0,per-SKU,persku_rolling_mean_30,0.0,21.0,441.0,
1,491,2025-09-05,267,Shirts & Tops,21.0,0.0,per-SKU,persku_rolling_mean_180,0.0,21.0,441.0,
1,491,2025-09-05,267,Shirts & Tops,21.0,0.0,per-SKU,persku_tsb,0.0,21.0,441.0,
1,491,2025-09-05,267,Shirts & Tops,21.0,0.0,per-SKU,persku_ewma_a0.1,0.0,21.0,441.0,
1,491,2025-09-05,267,Shirts & Tops,21.0,0.0,top-down,topdown_RM6_180,0.0,21.0,441.0,
1,491,2025-09-05,267,Shirts & Tops,21.0,0.0,top-down,topdown_rolling_mean_30,0.0,21.0,441.0,
1,491,2025-09-05,267,Shirts & Tops,21.0,0.0,top-down,topdown_tsb,0.0,21.0,441.0,
1,491,2025-09-05,276,Stationery,0.0,41.86666666666667,per-SKU,persku_rolling_mean_30,0.0,0.0,0.0,0.0
1,491,2025-09-05,276,Stationery,0.0,41.86666666666667,per-SKU,persku_rolling_mean_180,3.6666666666666665,3.6666666666666665,13.444444444444443,0.0875796178343949
1,491,2025-09-05,276,Stationery,0.0,41.86666666666667,per-SKU,persku_tsb,0.00019374837393328875,0.00019374837393328875,3.753843240179349e-08,4.627747785030783e-06
1,491,2025-09-05,276,Stationery,0.0,41.86666666666667,per-SKU,persku_ewma_a0.1,8.530995619022321e-05,8.530995619022321e-05,7.277788625177803e-09,2.037658189256924e-06
1,491,2025-09-05,276,Stationery,0.0,41.86666666666667,top-down,topdown_RM6_180,0.0,0.0,0.0,0.0
1,491,2025-09-05,276,Stationery,0.0,41.86666666666667,top-down,topdown_rolling_mean_30,0.0,0.0,0.0,0.0
1,491,2025-09-05,276,Stationery,0.0,41.86666666666667,top-down,topdown_tsb,0.0,0.0,0.0,0.0
1,491,2025-09-05,277,Stationery,36.0,55.0,per-SKU,persku_rolling_mean_30,24.999999999999993,11.000000000000007,121.00000000000016,0.20000000000000012
1,491,2025-09-05,277,Stationery,36.0,55.0,per-SKU,persku_rolling_mean_180,102.33333333333333,66.33333333333333,4400.11111111111,1.206060606060606
1,491,2025-09-05,277,Stationery,36.0,55.0,per-SKU,persku_tsb,33.56127763305771,2.4387223669422866,5.947366783024589,0.04434040667167794
1,491,2025-09-05,277,Stationery,36.0,55.0,per-SKU,persku_ewma_a0.1,22.293883448608597,13.706116551391403,187.85763092032536,0.24920211911620732
1,491,2025-09-05,277,Stationery,36.0,55.0,top-down,topdown_RM6_180,38.63704819277107,2.6370481927710685,6.954023170997158,0.04794633077765579
1,491,2025-09-05,277,Stationery,36.0,55.0,top-down,topdown_rolling_mean_30,47.43975903614458,11.43975903614458,130.86808680505155,0.20799561883899234
1,491,2025-09-05,277,Stationery,36.0,55.0,top-down,topdown_tsb,47.6783302685311,11.678330268531099,136.38339786088963,0.21233327760965634
1,491,2025-09-05,291,Shirts & Tops,0.0,0.0,per-SKU,persku_rolling_mean_30,0.0,0.0,0.0,
1,491,2025-09-05,291,Shirts & Tops,0.0,0.0,per-SKU,persku_rolling_mean_180,0.0,0.0,0.0,
1,491,2025-09-05,291,Shirts & Tops,0.0,0.0,per-SKU,persku_tsb,0.0,0.0,0.0,
1,491,2025-09-05,291,Shirts & Tops,0.0,0.0,per-SKU,persku_ewma_a0.1,0.0,0.0,0.0,
1,491,2025-09-05,291,Shirts & Tops,0.0,0.0,top-down,topdown_RM6_180,0.0,0.0,0.0,
1,491,2025-09-05,291,Shirts & Tops,0.0,0.0,top-down,topdown_rolling_mean_30,0.0,0.0,0.0,
1,491,2025-09-05,291,Shirts & Tops,0.0,0.0,top-down,topdown_tsb,0.0,0.0,0.0,
1,491,2025-09-05,326,Stationery,0.0,6.933333333333334,per-SKU,persku_rolling_mean_30,0.0,0.0,0.0,0.0
1,491,2025-09-05,326,Stationery,0.0,6.933333333333334,per-SKU,persku_rolling_mean_180,10.166666666666664,10.166666666666664,103.36111111111106,1.4663461538461535
1,491,2025-09-05,326,Stationery,0.0,6.933333333333334,per-SKU,persku_tsb,0.0026517321870742094,0.0026517321870742094,7.03168359196537e-06,0.0003824613731357033
1,491,2025-09-05,326,Stationery,0.0,6.933333333333334,per-SKU,persku_ewma_a0.1,0.002881583800282722,0.002881583800282722,8.303525198051815e-06,0.0004156130481177003
1,491,2025-09-05,326,Stationery,0.0,6.933333333333334,top-down,topdown_RM6_180,0.0,0.0,0.0,0.0
1,491,2025-09-05,326,Stationery,0.0,6.933333333333334,top-down,topdown_rolling_mean_30,0.0,0.0,0.0,0.0
1,491,2025-09-05,326,Stationery,0.0,6.933333333333334,top-down,topdown_tsb,0.0,0.0,0.0,0.0
1,491,2025-09-05,340,Lanyards & IDs,3.0,12.466666666666667,per-SKU,persku_rolling_mean_30,122.99999999999996,119.99999999999996,14399.999999999989,9.625668449197857
1,491,2025-09-05,340,Lanyards & IDs,3.0,12.466666666666667,per-SKU,persku_rolling_mean_180,82.33333333333331,79.33333333333331,6293.777777777775,6.363636363636362
1,491,2025-09-05,340,Lanyards & IDs,3.0,12.466666666666667,per-SKU,persku_tsb,46.300513377133115,43.300513377133115,1874.9344587232838,3.473303212069501
1,491,2025-09-05,340,Lanyards & IDs,3.0,12.466666666666667,per-SKU,persku_ewma_a0.1,66.09232873618973,63.09232873618973,3980.641945355432,5.0608819841863415
1,491,2025-09-05,340,Lanyards & IDs,3.0,12.466666666666667,top-down,topdown_RM6_180,78.43825279349878,75.43825279349878,5690.9299845358255,6.051196748141613
1,491,2025-09-05,340,Lanyards & IDs,3.0,12.466666666666667,top-down,topdown_rolling_mean_30,201.67871136264682,198.67871136264682,39473.230348721925,15.936795029089318
1,491,2025-09-05,340,Lanyards & IDs,3.0,12.466666666666667,top-down,topdown_tsb,164.90251517478669,161.90251517478669,26212.424419922034,12.986832768031018
1,491,2025-09-05,346,Keychains & Charms,49.0,0.0,per-SKU,persku_rolling_mean_30,0.0,49.0,2401.0,
1,491,2025-09-05,346,Keychains & Charms,49.0,0.0,per-SKU,persku_rolling_mean_180,0.0,49.0,2401.0,
1,491,2025-09-05,346,Keychains & Charms,49.0,0.0,per-SKU,persku_tsb,0.0,49.0,2401.0,
1,491,2025-09-05,346,Keychains & Charms,49.0,0.0,per-SKU,persku_ewma_a0.1,0.0,49.0,2401.0,
1,491,2025-09-05,346,Keychains & Charms,49.0,0.0,top-down,topdown_RM6_180,0.0,49.0,2401.0,
1,491,2025-09-05,346,Keychains & Charms,49.0,0.0,top-down,topdown_rolling_mean_30,0.0,49.0,2401.0,
1,491,2025-09-05,346,Keychains & Charms,49.0,0.0,top-down,topdown_tsb,0.0,49.0,2401.0,
1,491,2025-09-05,350,Keychains & Charms,0.0,0.0,per-SKU,persku_rolling_mean_30,0.0,0.0,0.0,
1,491,2025-09-05,350,Keychains & Charms,0.0,0.0,per-SKU,persku_rolling_mean_180,0.0,0.0,0.0,
1,491,2025-09-05,350,Keychains & Charms,0.0,0.0,per-SKU,persku_tsb,0.0,0.0,0.0,
1,491,2025-09-05,350,Keychains & Charms,0.0,0.0,per-SKU,persku_ewma_a0.1,0.0,0.0,0.0,
1,491,2025-09-05,350,Keychains & Charms,0.0,0.0,top-down,topdown_RM6_180,0.0,0.0,0.0,
1,491,2025-09-05,350,Keychains & Charms,0.0,0.0,top-down,topdown_rolling_mean_30,0.0,0.0,0.0,
1,491,2025-09-05,350,Keychains & Charms,0.0,0.0,top-down,topdown_tsb,0.0,0.0,0.0,
1,491,2025-09-05,352,Plush & Souvenirs,0.0,0.0,per-SKU,persku_rolling_mean_30,0.0,0.0,0.0,
1,491,2025-09-05,352,Plush & Souvenirs,0.0,0.0,per-SKU,persku_rolling_mean_180,0.0,0.0,0.0,
1,491,2025-09-05,352,Plush & Souvenirs,0.0,0.0,per-SKU,persku_tsb,0.0,0.0,0.0,
1,491,2025-09-05,352,Plush & Souvenirs,0.0,0.0,per-SKU,persku_ewma_a0.1,0.0,0.0,0.0,
1,491,2025-09-05,352,Plush & Souvenirs,0.0,0.0,top-down,topdown_RM6_180,0.0,0.0,0.0,
1,491,2025-09-05,352,Plush & Souvenirs,0.0,0.0,top-down,topdown_rolling_mean_30,0.0,0.0,0.0,
1,491,2025-09-05,352,Plush & Souvenirs,0.0,0.0,top-down,topdown_tsb,0.0,0.0,0.0,
1,491,2025-09-05,354,Plush & Souvenirs,7.0,0.0,per-SKU,persku_rolling_mean_30,0.0,7.0,49.0,
1,491,2025-09-05,354,Plush & Souvenirs,7.0,0.0,per-SKU,persku_rolling_mean_180,0.0,7.0,49.0,
1,491,2025-09-05,354,Plush & Souvenirs,7.0,0.0,per-SKU,persku_tsb,0.0,7.0,49.0,
1,491,2025-09-05,354,Plush & Souvenirs,7.0,0.0,per-SKU,persku_ewma_a0.1,0.0,7.0,49.0,
1,491,2025-09-05,354,Plush & Souvenirs,7.0,0.0,top-down,topdown_RM6_180,0.0,7.0,49.0,
1,491,2025-09-05,354,Plush & Souvenirs,7.0,0.0,top-down,topdown_rolling_mean_30,0.0,7.0,49.0,
1,491,2025-09-05,354,Plush & Souvenirs,7.0,0.0,top-down,topdown_tsb,0.0,7.0,49.0,
1,491,2025-09-05,356,Bags,76.0,29.133333333333333,per-SKU,persku_rolling_mean_30,76.99999999999999,0.9999999999999858,0.9999999999999716,0.03432494279176153
1,491,2025-09-05,356,Bags,76.0,29.133333333333333,per-SKU,persku_rolling_mean_180,55.83333333333336,20.166666666666643,406.6944444444435,0.6922196796338664
1,491,2025-09-05,356,Bags,76.0,29.133333333333333,per-SKU,persku_tsb,65.99126847135568,10.008731528644319,100.17470681247883,0.343549137138821
1,491,2025-09-05,356,Bags,76.0,29.133333333333333,per-SKU,persku_ewma_a0.1,58.950553697832156,17.049446302167844,290.6836192105048,0.5852212689531296
1,491,2025-09-05,356,Bags,76.0,29.133333333333333,top-down,topdown_RM6_180,61.51785714285716,14.48214285714284,209.73246173469337,0.49709872507355285
1,491,2025-09-05,356,Bags,76.0,29.133333333333333,top-down,topdown_rolling_mean_30,76.07142857142856,0.07142857142855519,0.005102040816324211,0.0024517816279824435
1,491,2025-09-05,356,Bags,76.0,29.133333333333333,top-down,topdown_tsb,61.564682320038415,14.435317679961585,208.37839652141153,0.49549145354559215
1,491,2025-09-05,358,Bags,118.0,144.53333333333333,per-SKU,persku_rolling_mean_30,28.0,90.0,8100.0,0.6226937269372694
1,491,2025-09-05,358,Bags,118.0,144.53333333333333,per-SKU,persku_rolling_mean_180,51.666666666666664,66.33333333333334,4400.111111111112,0.4589483394833949
1,491,2025-09-05,358,Bags,118.0,144.53333333333333,per-SKU,persku_tsb,26.117339731765135,91.88266026823487,8442.423257967866,0.6357195129259793
1,491,2025-09-05,358,Bags,118.0,144.53333333333333,per-SKU,persku_ewma_a0.1,21.419130186755883,96.58086981324412,9327.86441388281,0.6682255752761356
1,491,2025-09-05,358,Bags,118.0,144.53333333333333,top-down,topdown_RM6_180,36.9107142857143,81.0892857142857,6575.472257653058,0.5610421059567737
1,491,2025-09-05,358,Bags,118.0,144.53333333333333,top-down,topdown_rolling_mean_30,45.64285714285714,72.35714285714286,5235.55612244898,0.5006259884027412
1,491,2025-09-05,358,Bags,118.0,144.53333333333333,top-down,topdown_tsb,36.93880939202305,81.06119060797695,6570.916622782771,0.5608477209961505
1,491,2025-09-05,359,Bags,0.0,0.0,per-SKU,persku_rolling_mean_30,0.0,0.0,0.0,
1,491,2025-09-05,359,Bags,0.0,0.0,per-SKU,persku_rolling_mean_180,0.0,0.0,0.0,
1,491,2025-09-05,359,Bags,0.0,0.0,per-SKU,persku_tsb,0.0,0.0,0.0,
1,491,2025-09-05,359,Bags,0.0,0.0,per-SKU,persku_ewma_a0.1,0.0,0.0,0.0,
1,491,2025-09-05,359,Bags,0.0,0.0,top-down,topdown_RM6_180,0.0,0.0,0.0,
1,491,2025-09-05,359,Bags,0.0,0.0,top-down,topdown_rolling_mean_30,0.0,0.0,0.0,
1,491,2025-09-05,359,Bags,0.0,0.0,top-down,topdown_tsb,0.0,0.0,0.0,
1,491,2025-09-05,377,Lanyards & IDs,358.0,54.266666666666666,per-SKU,persku_rolling_mean_30,70.0,288.0,82944.0,5.3071253071253075
1,491,2025-09-05,377,Lanyards & IDs,358.0,54.266666666666666,per-SKU,persku_rolling_mean_180,59.00000000000001,299.0,89401.0,5.50982800982801
1,491,2025-09-05,377,Lanyards & IDs,358.0,54.266666666666666,per-SKU,persku_tsb,73.93263901324318,284.06736098675685,80694.26557798043,5.234656529239992
1,491,2025-09-05,377,Lanyards & IDs,358.0,54.266666666666666,per-SKU,persku_ewma_a0.1,164.15923446351033,193.84076553648967,37574.24238377236,3.5720042789279423
1,491,2025-09-05,377,Lanyards & IDs,358.0,54.266666666666666,top-down,topdown_RM6_180,35.247569293281096,322.7524307067189,104169.13152709538,5.9475263643744265
1,491,2025-09-05,377,Lanyards & IDs,358.0,54.266666666666666,top-down,topdown_rolling_mean_30,90.62777535916409,267.3722246408359,71487.90650938962,4.9270065965756
1,491,2025-09-05,377,Lanyards & IDs,358.0,54.266666666666666,top-down,topdown_tsb,74.10176314816366,283.8982368518364,80598.20888758138,5.231539991127206
1,491,2025-09-05,378,Lanyards & IDs,0.0,4.666666666666667,per-SKU,persku_rolling_mean_30,0.0,0.0,0.0,0.0
1,491,2025-09-05,378,Lanyards & IDs,0.0,4.666666666666667,per-SKU,persku_rolling_mean_180,0.0,0.0,0.0,0.0
1,491,2025-09-05,378,Lanyards & IDs,0.0,4.666666666666667,per-SKU,persku_tsb,1.1162496865243659e-10,1.1162496865243659e-10,1.246013362665745e-20,2.3919636139807837e-11
1,491,2025-09-05,378,Lanyards & IDs,0.0,4.666666666666667,per-SKU,persku_ewma_a0.1,1.1621969893110555e-10,1.1621969893110555e-10,1.3507018419636817e-20,2.4904221199522616e-11
1,491,2025-09-05,378,Lanyards & IDs,0.0,4.666666666666667,top-down,topdown_RM6_180,0.0,0.0,0.0,0.0
1,491,2025-09-05,378,Lanyards & IDs,0.0,4.666666666666667,top-down,topdown_rolling_mean_30,0.0,0.0,0.0,0.0
1,491,2025-09-05,378,Lanyards & IDs,0.0,4.666666666666667,top-down,topdown_tsb,0.0,0.0,0.0,0.0
1,491,2025-09-05,380,Shirts & Tops,0.0,0.0,per-SKU,persku_rolling_mean_30,0.0,0.0,0.0,
1,491,2025-09-05,380,Shirts & Tops,0.0,0.0,per-SKU,persku_rolling_mean_180,0.0,0.0,0.0,
1,491,2025-09-05,380,Shirts & Tops,0.0,0.0,per-SKU,persku_tsb,0.0,0.0,0.0,
1,491,2025-09-05,380,Shirts & Tops,0.0,0.0,per-SKU,persku_ewma_a0.1,0.0,0.0,0.0,
1,491,2025-09-05,380,Shirts & Tops,0.0,0.0,top-down,topdown_RM6_180,0.0,0.0,0.0,
1,491,2025-09-05,380,Shirts & Tops,0.0,0.0,top-down,topdown_rolling_mean_30,0.0,0.0,0.0,
1,491,2025-09-05,380,Shirts & Tops,0.0,0.0,top-down,topdown_tsb,0.0,0.0,0.0,
1,491,2025-09-05,381,Keychains & Charms,0.0,0.0,per-SKU,persku_rolling_mean_30,0.0,0.0,0.0,
1,491,2025-09-05,381,Keychains & Charms,0.0,0.0,per-SKU,persku_rolling_mean_180,0.0,0.0,0.0,
1,491,2025-09-05,381,Keychains & Charms,0.0,0.0,per-SKU,persku_tsb,0.0,0.0,0.0,
1,491,2025-09-05,381,Keychains & Charms,0.0,0.0,per-SKU,persku_ewma_a0.1,0.0,0.0,0.0,
1,491,2025-09-05,381,Keychains & Charms,0.0,0.0,top-down,topdown_RM6_180,0.0,0.0,0.0,
1,491,2025-09-05,381,Keychains & Charms,0.0,0.0,top-down,topdown_rolling_mean_30,0.0,0.0,0.0,
1,491,2025-09-05,381,Keychains & Charms,0.0,0.0,top-down,topdown_tsb,0.0,0.0,0.0,
1,491,2025-09-05,389,Drinkware,103.0,0.0,per-SKU,persku_rolling_mean_30,0.0,103.0,10609.0,
1,491,2025-09-05,389,Drinkware,103.0,0.0,per-SKU,persku_rolling_mean_180,0.0,103.0,10609.0,
1,491,2025-09-05,389,Drinkware,103.0,0.0,per-SKU,persku_tsb,0.0,103.0,10609.0,
1,491,2025-09-05,389,Drinkware,103.0,0.0,per-SKU,persku_ewma_a0.1,0.0,103.0,10609.0,
1,491,2025-09-05,389,Drinkware,103.0,0.0,top-down,topdown_RM6_180,0.0,103.0,10609.0,
1,491,2025-09-05,389,Drinkware,103.0,0.0,top-down,topdown_rolling_mean_30,0.0,103.0,10609.0,
1,491,2025-09-05,389,Drinkware,103.0,0.0,top-down,topdown_tsb,0.0,103.0,10609.0,
1,491,2025-09-05,392,Drinkware,75.0,0.26666666666666666,per-SKU,persku_rolling_mean_30,4.0,71.0,5041.0,266.25
1,491,2025-09-05,392,Drinkware,75.0,0.26666666666666666,per-SKU,persku_rolling_mean_180,0.6666666666666669,74.33333333333333,5525.444444444443,278.75
1,491,2025-09-05,392,Drinkware,75.0,0.26666666666666666,per-SKU,persku_tsb,9.719999999999999,65.28,4261.4784,244.8
1,491,2025-09-05,392,Drinkware,75.0,0.26666666666666666,per-SKU,persku_ewma_a0.1,9.72,65.28,4261.4784,244.8
1,491,2025-09-05,392,Drinkware,75.0,0.26666666666666666,top-down,topdown_RM6_180,1.9028475711892794,73.09715242881072,5343.193693200788,274.1143216080402
1,491,2025-09-05,392,Drinkware,75.0,0.26666666666666666,top-down,topdown_rolling_mean_30,0.884422110552764,74.11557788944724,5493.11888588672,277.93341708542715
1,491,2025-09-05,392,Drinkware,75.0,0.26666666666666666,top-down,topdown_tsb,0.9586545394509246,74.04134546054908,5482.120837608372,277.65504547705905
1,491,2025-09-05,393,Drinkware,0.0,2.6666666666666665,per-SKU,persku_rolling_mean_30,40.000000000000014,40.000000000000014,1600.0000000000011,15.000000000000005
1,491,2025-09-05,393,Drinkware,0.0,2.6666666666666665,per-SKU,persku_rolling_mean_180,10.000000000000004,10.000000000000004,100.00000000000007,3.7500000000000013
1,491,2025-09-05,393,Drinkware,0.0,2.6666666666666665,per-SKU,persku_tsb,33.05450168775622,33.05450168775622,1092.600081825879,12.395438132908584
1,491,2025-09-05,393,Drinkware,0.0,2.6666666666666665,per-SKU,persku_ewma_a0.1,37.22167407288321,37.22167407288321,1385.4530207879461,13.958127777331205
1,491,2025-09-05,393,Drinkware,0.0,2.6666666666666665,top-down,topdown_RM6_180,28.542713567839186,28.542713567839186,814.6864978157112,10.703517587939695
1,491,2025-09-05,393,Drinkware,0.0,2.6666666666666665,top-down,topdown_rolling_mean_30,13.266331658291458,13.266331658291458,175.9955556677862,4.974874371859297
1,491,2025-09-05,393,Drinkware,0.0,2.6666666666666665,top-down,topdown_tsb,14.379818091763868,14.379818091763868,206.77916835221944,5.392431784411451
1,491,2025-09-05,394,Drinkware,0.0,25.666666666666668,per-SKU,persku_rolling_mean_30,0.0,0.0,0.0,0.0
1,491,2025-09-05,394,Drinkware,0.0,25.666666666666668,per-SKU,persku_rolling_mean_180,83.99999999999997,83.99999999999997,7055.999999999995,3.2727272727272716
1,491,2025-09-05,394,Drinkware,0.0,25.666666666666668,per-SKU,persku_tsb,0.5103933019838516,0.5103933019838516,0.2605013227099791,0.019885453324046166
1,491,2025-09-05,394,Drinkware,0.0,25.666666666666668,per-SKU,persku_ewma_a0.1,0.3367223802017246,0.3367223802017246,0.1133819613287148,0.013119053774093167
1,491,2025-09-05,394,Drinkware,0.0,25.666666666666668,top-down,topdown_RM6_180,64.22110552763817,64.22110552763817,4124.350395192038,2.502120994583305
1,491,2025-09-05,394,Drinkware,0.0,25.666666666666668,top-down,topdown_rolling_mean_30,29.849246231155785,29.849246231155785,890.9775005681679,1.162957645369706
1,491,2025-09-05,394,Drinkware,0.0,25.666666666666668,top-down,topdown_tsb,32.354590706468706,32.354590706468706,1046.8195397831112,1.2605684690831962
1,491,2025-09-05,395,Shirts & Tops,448.0,52.53333333333333,per-SKU,persku_rolling_mean_30,423.99999999999994,24.000000000000057,576.0000000000027,0.4568527918781737
1,491,2025-09-05,395,Shirts & Tops,448.0,52.53333333333333,per-SKU,persku_rolling_mean_180,203.5,244.5,59780.25,4.654187817258883
1,491,2025-09-05,395,Shirts & Tops,448.0,52.53333333333333,per-SKU,persku_tsb,359.5343596671424,88.46564033285762,7826.169519502524,1.683990615473178
1,491,2025-09-05,395,Shirts & Tops,448.0,52.53333333333333,per-SKU,persku_ewma_a0.1,350.39760563967036,97.60239436032964,9526.227384869308,1.857913598229625
1,491,2025-09-05,395,Shirts & Tops,448.0,52.53333333333333,top-down,topdown_RM6_180,201.40000000000006,246.59999999999994,60811.55999999997,4.694162436548222
1,491,2025-09-05,395,Shirts & Tops,448.0,52.53333333333333,top-down,topdown_rolling_mean_30,465.4239999999999,17.42399999999992,303.5957759999973,0.33167512690355183
1,491,2025-09-05,395,Shirts & Tops,448.0,52.53333333333333,top-down,topdown_tsb,405.50350995594704,42.49649004405296,1805.9516660642926,0.8089433384020234
1,491,2025-09-05,397,Shirts & Tops,0.0,0.0,per-SKU,persku_rolling_mean_30,0.0,0.0,0.0,
1,491,2025-09-05,397,Shirts & Tops,0.0,0.0,per-SKU,persku_rolling_mean_180,0.0,0.0,0.0,
1,491,2025-09-05,397,Shirts & Tops,0.0,0.0,per-SKU,persku_tsb,0.0,0.0,0.0,
1,491,2025-09-05,397,Shirts & Tops,0.0,0.0,per-SKU,persku_ewma_a0.1,0.0,0.0,0.0,
1,491,2025-09-05,397,Shirts & Tops,0.0,0.0,top-down,topdown_RM6_180,0.0,0.0,0.0,
1,491,2025-09-05,397,Shirts & Tops,0.0,0.0,top-down,topdown_rolling_mean_30,0.0,0.0,0.0,
1,491,2025-09-05,397,Shirts & Tops,0.0,0.0,top-down,topdown_tsb,0.0,0.0,0.0,
1,491,2025-09-05,400,Shirts & Tops,0.0,2.533333333333333,per-SKU,persku_rolling_mean_30,0.0,0.0,0.0,0.0
1,491,2025-09-05,400,Shirts & Tops,0.0,2.533333333333333,per-SKU,persku_rolling_mean_180,0.0,0.0,0.0,0.0
1,491,2025-09-05,400,Shirts & Tops,0.0,2.533333333333333,per-SKU,persku_tsb,4.987178941361943e-20,4.987178941361943e-20,2.487195379316403e-39,1.9686232663270827e-20
1,491,2025-09-05,400,Shirts & Tops,0.0,2.533333333333333,per-SKU,persku_ewma_a0.1,6.471531659991714e-20,6.471531659991714e-20,4.188072202627511e-39,2.554551971049361e-20
1,491,2025-09-05,400,Shirts & Tops,0.0,2.533333333333333,top-down,topdown_RM6_180,0.0,0.0,0.0,0.0
1,491,2025-09-05,400,Shirts & Tops,0.0,2.533333333333333,top-down,topdown_rolling_mean_30,0.0,0.0,0.0,0.0
1,491,2025-09-05,400,Shirts & Tops,0.0,2.533333333333333,top-down,topdown_tsb,0.0,0.0,0.0,0.0
1,491,2025-09-05,401,Shirts & Tops,0.0,5.933333333333334,per-SKU,persku_rolling_mean_30,0.0,0.0,0.0,0.0
1,491,2025-09-05,401,Shirts & Tops,0.0,5.933333333333334,per-SKU,persku_rolling_mean_180,0.0,0.0,0.0,0.0
1,491,2025-09-05,401,Shirts & Tops,0.0,5.933333333333334,per-SKU,persku_tsb,1.0129509105631661e-19,1.0129509105631661e-19,1.0260695472107474e-38,1.707220635780617e-20
1,491,2025-09-05,401,Shirts & Tops,0.0,5.933333333333334,per-SKU,persku_ewma_a0.1,8.698129112618864e-20,8.698129112618864e-20,7.565745005978783e-39,1.4659768167335163e-20
1,491,2025-09-05,401,Shirts & Tops,0.0,5.933333333333334,top-down,topdown_RM6_180,0.0,0.0,0.0,0.0
1,491,2025-09-05,401,Shirts & Tops,0.0,5.933333333333334,top-down,topdown_rolling_mean_30,0.0,0.0,0.0,0.0
1,491,2025-09-05,401,Shirts & Tops,0.0,5.933333333333334,top-down,topdown_tsb,0.0,0.0,0.0,0.0
1,491,2025-09-05,402,Shirts & Tops,950.0,98.46666666666667,per-SKU,persku_rolling_mean_30,818.9999999999998,131.00000000000023,17161.00000000006,1.330399458361546
1,491,2025-09-05,402,Shirts & Tops,950.0,98.46666666666667,per-SKU,persku_rolling_mean_180,346.00000000000017,603.9999999999998,364815.9999999997,6.134055517941771
1,491,2025-09-05,402,Shirts & Tops,950.0,98.46666666666667,per-SKU,persku_tsb,722.4439503772262,227.5560496227738,51781.755719922294,2.3109957646185557
1,491,2025-09-05,402,Shirts & Tops,950.0,98.46666666666667,per-SKU,persku_ewma_a0.1,735.1499353079598,214.85006469204018,46160.55029817385,2.181957325917808
1,491,2025-09-05,402,Shirts & Tops,950.0,98.46666666666667,top-down,topdown_RM6_180,354.3428571428572,595.6571428571428,354807.4318367347,6.049327787987233
1,491,2025-09-05,402,Shirts & Tops,950.0,98.46666666666667,top-down,topdown_rolling_mean_30,818.8662857142855,131.13371428571452,17196.051022367406,1.3317574233484886
1,491,2025-09-05,402,Shirts & Tops,950.0,98.46666666666667,top-down,topdown_tsb,713.4422656367789,236.55773436322113,55959.56168706029,2.402414363878346
1,491,2025-09-05,403,Shirts & Tops,0.0,0.0,per-SKU,persku_rolling_mean_30,0.0,0.0,0.0,
1,491,2025-09-05,403,Shirts & Tops,0.0,0.0,per-SKU,persku_rolling_mean_180,0.0,0.0,0.0,
1,491,2025-09-05,403,Shirts & Tops,0.0,0.0,per-SKU,persku_tsb,0.0,0.0,0.0,
1,491,2025-09-05,403,Shirts & Tops,0.0,0.0,per-SKU,persku_ewma_a0.1,0.0,0.0,0.0,
1,491,2025-09-05,403,Shirts & Tops,0.0,0.0,top-down,topdown_RM6_180,0.0,0.0,0.0,
1,491,2025-09-05,403,Shirts & Tops,0.0,0.0,top-down,topdown_rolling_mean_30,0.0,0.0,0.0,
1,491,2025-09-05,403,Shirts & Tops,0.0,0.0,top-down,topdown_tsb,0.0,0.0,0.0,
1,491,2025-09-05,404,Shirts & Tops,400.0,55.06666666666667,per-SKU,persku_rolling_mean_30,288.00000000000006,111.99999999999994,12543.999999999987,2.033898305084745
1,491,2025-09-05,404,Shirts & Tops,400.0,55.06666666666667,per-SKU,persku_rolling_mean_180,113.0,287.0,82369.0,5.211864406779661
1,491,2025-09-05,404,Shirts & Tops,400.0,55.06666666666667,per-SKU,persku_tsb,255.68219449416478,144.31780550583522,20827.628986020085,2.620783392963109
1,491,2025-09-05,404,Shirts & Tops,400.0,55.06666666666667,per-SKU,persku_ewma_a0.1,265.6676583408524,134.33234165914757,18045.178015629954,2.4394493037375464
1,491,2025-09-05,404,Shirts & Tops,400.0,55.06666666666667,top-down,topdown_RM6_180,106.7571428571429,293.24285714285713,85991.37326530612,5.325233483223798
1,491,2025-09-05,404,Shirts & Tops,400.0,55.06666666666667,top-down,topdown_rolling_mean_30,246.70971428571426,153.29028571428574,23497.911694367354,2.7837218955378766
1,491,2025-09-05,404,Shirts & Tops,400.0,55.06666666666667,top-down,topdown_tsb,214.9473492623629,185.0526507376371,34244.4835450259,3.3605202918457096
1,491,2025-09-05,406,Shirts & Tops,0.0,3.7333333333333334,per-SKU,persku_rolling_mean_30,0.0,0.0,0.0,0.0
1,491,2025-09-05,406,Shirts & Tops,0.0,3.7333333333333334,per-SKU,persku_rolling_mean_180,0.0,0.0,0.0,0.0
1,491,2025-09-05,406,Shirts & Tops,0.0,3.7333333333333334,per-SKU,persku_tsb,6.01560154206463e-20,6.01560154206463e-20,3.6187461912890357e-39,1.6113218416244544e-20
1,491,2025-09-05,406,Shirts & Tops,0.0,3.7333333333333334,per-SKU,persku_ewma_a0.1,5.042111290472943e-20,5.042111290472943e-20,2.5422886265514724e-39,1.3505655242338239e-20
1,491,2025-09-05,406,Shirts & Tops,0.0,3.7333333333333334,top-down,topdown_RM6_180,0.0,0.0,0.0,0.0
1,491,2025-09-05,406,Shirts & Tops,0.0,3.7333333333333334,top-down,topdown_rolling_mean_30,0.0,0.0,0.0,0.0
1,491,2025-09-05,406,Shirts & Tops,0.0,3.7333333333333334,top-down,topdown_tsb,0.0,0.0,0.0,0.0
1,491,2025-09-05,419,Umbrellas & Gear,298.0,46.0,per-SKU,persku_rolling_mean_30,243.99999999999994,54.00000000000006,2916.0000000000064,1.173913043478262
1,491,2025-09-05,419,Umbrellas & Gear,298.0,46.0,per-SKU,persku_rolling_mean_180,110.66666666666663,187.33333333333337,35093.777777777796,4.072463768115943
1,491,2025-09-05,419,Umbrellas & Gear,298.0,46.0,per-SKU,persku_tsb,238.68225306480278,59.31774693519722,3518.595101468099,1.2895162377216787
1,491,2025-09-05,419,Umbrellas & Gear,298.0,46.0,per-SKU,persku_ewma_a0.1,264.5724524786174,33.42754752138262,1117.4009332942935,0.7266858156822309
1,491,2025-09-05,419,Umbrellas & Gear,298.0,46.0,top-down,topdown_RM6_180,110.66666666666663,187.33333333333337,35093.777777777796,4.072463768115943
1,491,2025-09-05,419,Umbrellas & Gear,298.0,46.0,top-down,topdown_rolling_mean_30,243.99999999999994,54.00000000000006,2916.0000000000064,1.173913043478262
1,491,2025-09-05,419,Umbrellas & Gear,298.0,46.0,top-down,topdown_tsb,238.68225306480278,59.31774693519722,3518.595101468099,1.2895162377216787
1,491,2025-09-05,477,Bags,0.0,0.26666666666666666,per-SKU,persku_rolling_mean_30,0.0,0.0,0.0,0.0
1,491,2025-09-05,477,Bags,0.0,0.26666666666666666,per-SKU,persku_rolling_mean_180,0.0,0.0,0.0,0.0
1,491,2025-09-05,477,Bags,0.0,0.26666666666666666,per-SKU,persku_tsb,5.1702277634666794e-20,5.1702277634666794e-20,2.6731255126121662e-39,1.9388354113000047e-19
1,491,2025-09-05,477,Bags,0.0,0.26666666666666666,per-SKU,persku_ewma_a0.1,2.0876781817726074e-19,2.0876781817726074e-19,4.35840019064938e-38,7.828793181647278e-19
1,491,2025-09-05,477,Bags,0.0,0.26666666666666666,top-down,topdown_RM6_180,0.0,0.0,0.0,0.0
1,491,2025-09-05,477,Bags,0.0,0.26666666666666666,top-down,topdown_rolling_mean_30,0.0,0.0,0.0,0.0
1,491,2025-09-05,477,Bags,0.0,0.26666666666666666,top-down,topdown_tsb,0.0,0.0,0.0,0.0
2,521,2025-10-05,29,Keychains & Charms,139.0,31.75,per-SKU,persku_rolling_mean_30,60.0,79.0,6241.0,2.4881889763779528
2,521,2025-10-05,29,Keychains & Charms,139.0,31.75,per-SKU,persku_rolling_mean_180,89.5,49.5,2450.25,1.5590551181102361
2,521,2025-10-05,29,Keychains & Charms,139.0,31.75,per-SKU,persku_tsb,80.7027289215694,58.2972710784306,3398.5718151920205,1.8361345221552945
2,521,2025-10-05,29,Keychains & Charms,139.0,31.75,per-SKU,persku_ewma_a0.1,83.06629370099513,55.93370629900487,3128.579500343337,1.7616915369765314
2,521,2025-10-05,29,Keychains & Charms,139.0,31.75,top-down,topdown_RM6_180,75.03601694915258,63.96398305084742,4091.391127729096,2.014613639396769
2,521,2025-10-05,29,Keychains & Charms,139.0,31.75,top-down,topdown_rolling_mean_30,83.87711864406778,55.12288135593222,3038.53204898018,1.7361537434939283
2,521,2025-10-05,29,Keychains & Charms,139.0,31.75,top-down,topdown_tsb,115.56620456577687,23.43379543422313,549.1427684530167,0.738072297140886
2,521,2025-10-05,39,Plush & Souvenirs,0.0,0.0,per-SKU,persku_rolling_mean_30,0.0,0.0,0.0,
2,521,2025-10-05,39,Plush & Souvenirs,0.0,0.0,per-SKU,persku_rolling_mean_180,0.0,0.0,0.0,
2,521,2025-10-05,39,Plush & Souvenirs,0.0,0.0,per-SKU,persku_tsb,0.0,0.0,0.0,
2,521,2025-10-05,39,Plush & Souvenirs,0.0,0.0,per-SKU,persku_ewma_a0.1,0.0,0.0,0.0,
2,521,2025-10-05,39,Plush & Souvenirs,0.0,0.0,top-down,topdown_RM6_180,0.0,0.0,0.0,
2,521,2025-10-05,39,Plush & Souvenirs,0.0,0.0,top-down,topdown_rolling_mean_30,0.0,0.0,0.0,
2,521,2025-10-05,39,Plush & Souvenirs,0.0,0.0,top-down,topdown_tsb,0.0,0.0,0.0,
2,521,2025-10-05,48,Umbrellas & Gear,0.0,0.0,per-SKU,persku_rolling_mean_30,0.0,0.0,0.0,
2,521,2025-10-05,48,Umbrellas & Gear,0.0,0.0,per-SKU,persku_rolling_mean_180,0.0,0.0,0.0,
2,521,2025-10-05,48,Umbrellas & Gear,0.0,0.0,per-SKU,persku_tsb,0.0,0.0,0.0,
2,521,2025-10-05,48,Umbrellas & Gear,0.0,0.0,per-SKU,persku_ewma_a0.1,0.0,0.0,0.0,
2,521,2025-10-05,48,Umbrellas & Gear,0.0,0.0,top-down,topdown_RM6_180,0.0,0.0,0.0,
2,521,2025-10-05,48,Umbrellas & Gear,0.0,0.0,top-down,topdown_rolling_mean_30,0.0,0.0,0.0,
2,521,2025-10-05,48,Umbrellas & Gear,0.0,0.0,top-down,topdown_tsb,0.0,0.0,0.0,
2,521,2025-10-05,54,Stationery,179.0,15.0,per-SKU,persku_rolling_mean_30,115.99999999999996,63.00000000000004,3969.0000000000055,4.200000000000003
2,521,2025-10-05,54,Stationery,179.0,15.0,per-SKU,persku_rolling_mean_180,87.33333333333333,91.66666666666667,8402.77777777778,6.111111111111112
2,521,2025-10-05,54,Stationery,179.0,15.0,per-SKU,persku_tsb,145.85167219736317,33.14832780263683,1098.8116361110658,2.2098885201757885
2,521,2025-10-05,54,Stationery,179.0,15.0,per-SKU,persku_ewma_a0.1,157.24021319120715,21.759786808792853,473.48832196411547,1.4506524539195236
2,521,2025-10-05,54,Stationery,179.0,15.0,top-down,topdown_RM6_180,110.05725971370141,68.94274028629859,4753.101438184018,4.596182685753239
2,521,2025-10-05,54,Stationery,179.0,15.0,top-down,topdown_rolling_mean_30,94.23108384458078,84.76891615541922,7185.769146164494,5.651261077027948
2,521,2025-10-05,54,Stationery,179.0,15.0,top-down,topdown_tsb,114.01007023468614,64.98992976531386,4223.6909709004285,4.3326619843542575
2,521,2025-10-05,55,Stationery,0.0,0.0,per-SKU,persku_rolling_mean_30,0.0,0.0,0.0,
2,521,2025-10-05,55,Stationery,0.0,0.0,per-SKU,persku_rolling_mean_180,0.0,0.0,0.0,
2,521,2025-10-05,55,Stationery,0.0,0.0,per-SKU,persku_tsb,0.0,0.0,0.0,
2,521,2025-10-05,55,Stationery,0.0,0.0,per-SKU,persku_ewma_a0.1,0.0,0.0,0.0,
2,521,2025-10-05,55,Stationery,0.0,0.0,top-down,topdown_RM6_180,0.0,0.0,0.0,
2,521,2025-10-05,55,Stationery,0.0,0.0,top-down,topdown_rolling_mean_30,0.0,0.0,0.0,
2,521,2025-10-05,55,Stationery,0.0,0.0,top-down,topdown_tsb,0.0,0.0,0.0,
2,521,2025-10-05,74,Bags,0.0,0.0,per-SKU,persku_rolling_mean_30,0.0,0.0,0.0,
2,521,2025-10-05,74,Bags,0.0,0.0,per-SKU,persku_rolling_mean_180,0.0,0.0,0.0,
2,521,2025-10-05,74,Bags,0.0,0.0,per-SKU,persku_tsb,0.0,0.0,0.0,
2,521,2025-10-05,74,Bags,0.0,0.0,per-SKU,persku_ewma_a0.1,0.0,0.0,0.0,
2,521,2025-10-05,74,Bags,0.0,0.0,top-down,topdown_RM6_180,0.0,0.0,0.0,
2,521,2025-10-05,74,Bags,0.0,0.0,top-down,topdown_rolling_mean_30,0.0,0.0,0.0,
2,521,2025-10-05,74,Bags,0.0,0.0,top-down,topdown_tsb,0.0,0.0,0.0,
2,521,2025-10-05,112,Keychains & Charms,36.0,29.875,per-SKU,persku_rolling_mean_30,75.99999999999999,39.999999999999986,1599.9999999999989,1.3389121338912129
2,521,2025-10-05,112,Keychains & Charms,36.0,29.875,per-SKU,persku_rolling_mean_180,67.83333333333333,31.83333333333333,1013.3611111111109,1.0655509065550905
2,521,2025-10-05,112,Keychains & Charms,36.0,29.875,per-SKU,persku_tsb,85.9239706784335,49.923970678433506,2492.4028483010884,1.6710952528345944
2,521,2025-10-05,112,Keychains & Charms,36.0,29.875,per-SKU,persku_ewma_a0.1,90.40807105777205,54.40807105777205,2960.238196227572,1.8211906630216586
2,521,2025-10-05,112,Keychains & Charms,36.0,29.875,top-down,topdown_RM6_180,73.28283898305088,37.28283898305088,1390.0100826360983,1.2479611375079793
2,521,2025-10-05,112,Keychains & Charms,36.0,29.875,top-down,topdown_rolling_mean_30,81.9173728813559,45.9173728813559,2108.4051323254785,1.536983192681369
2,521,2025-10-05,112,Keychains & Charms,36.0,29.875,top-down,topdown_tsb,112.86605959928676,76.86605959928676,5908.391118321104,2.5729224970472555
2,521,2025-10-05,148,Lanyards & IDs,143.0,1.0625,per-SKU,persku_rolling_mean_30,17.0,126.0,15876.0,118.58823529411765
2,521,2025-10-05,148,Lanyards & IDs,143.0,1.0625,per-SKU,persku_rolling_mean_180,2.833333333333334,140.16666666666666,19646.69444444444,131.92156862745097
2,521,2025-10-05,148,Lanyards & IDs,143.0,1.0625,per-SKU,persku_tsb,44.18297399999999,98.81702600000001,9764.804627484678,93.00425976470589
2,521,2025-10-05,148,Lanyards & IDs,143.0,1.0625,per-SKU,persku_ewma_a0.1,41.45700000000002,101.54299999999998,10310.980848999996,95.56988235294115
2,521,2025-10-05,148,Lanyards & IDs,143.0,1.0625,top-down,topdown_RM6_180,3.8098247948547344,139.19017520514527,19373.904873639036,131.00251784013673
2,521,2025-10-05,148,Lanyards & IDs,143.0,1.0625,top-down,topdown_rolling_mean_30,5.706254158349967,137.29374584165004,18849.5726472316,129.21764314508238
2,521,2025-10-05,148,Lanyards & IDs,143.0,1.0625,top-down,topdown_tsb,6.991514857951083,136.00848514204893,18498.308030634944,128.00798601604606
2,521,2025-10-05,156,Bags,63.0,10.1875,per-SKU,persku_rolling_mean_30,163.00000000000003,100.00000000000003,10000.000000000005,9.8159509202454
2,521,2025-10-05,156,Bags,63.0,10.1875,per-SKU,persku_rolling_mean_180,34.49999999999999,28.500000000000007,812.2500000000005,2.7975460122699394
2,521,2025-10-05,156,Bags,63.0,10.1875,per-SKU,persku_tsb,178.50613528074703,115.50613528074703,13341.667287494234,11.338025549030384
2,521,2025-10-05,156,Bags,63.0,10.1875,per-SKU,persku_ewma_a0.1,245.0681567040457,182.0681567040457,33148.81368560894,17.871720903464606
2,521,2025-10-05,156,Bags,63.0,10.1875,top-down,topdown_RM6_180,51.71978984238179,11.280210157618207,127.24314120003297,1.1072598927723394
2,521,2025-10-05,156,Bags,63.0,10.1875,top-down,topdown_rolling_mean_30,129.42031523642729,66.42031523642729,4411.658276106375,6.519785544679979
2,521,2025-10-05,156,Bags,63.0,10.1875,top-down,topdown_tsb,121.23370243464854,58.233702434648535,3391.1640992471907,5.71619165002685
2,521,2025-10-05,174,Uncategorised,52.0,3.375,per-SKU,persku_rolling_mean_30,53.999999999999986,1.9999999999999858,3.999999999999943,0.5925925925925883
2,521,2025-10-05,174,Uncategorised,52.0,3.375,per-SKU,persku_rolling_mean_180,9.000000000000002,43.0,1849.0,12.74074074074074
2,521,2025-10-05,174,Uncategorised,52.0,3.375,per-SKU,persku_tsb,82.60134305951321,30.601343059513212,936.4421970460174,9.067064610226137
2,521,2025-10-05,174,Uncategorised,52.0,3.375,per-SKU,persku_ewma_a0.1,78.5065549581491,26.506554958149096,702.5974557493784,7.853794061673806
2,521,2025-10-05,174,Uncategorised,52.0,3.375,top-down,topdown_RM6_180,9.000000000000002,43.0,1849.0,12.74074074074074
2,521,2025-10-05,174,Uncategorised,52.0,3.375,top-down,topdown_rolling_mean_30,53.999999999999986,1.9999999999999858,3.999999999999943,0.5925925925925883
2,521,2025-10-05,174,Uncategorised,52.0,3.375,top-down,topdown_tsb,82.60134305951321,30.601343059513212,936.4421970460174,9.067064610226137
2,521,2025-10-05,187,Outerwear,75.0,3.125,per-SKU,persku_rolling_mean_30,49.999999999999986,25.000000000000014,625.0000000000007,8.000000000000005
2,521,2025-10-05,187,Outerwear,75.0,3.125,per-SKU,persku_rolling_mean_180,8.333333333333334,66.66666666666667,4444.444444444445,21.333333333333336
2,521,2025-10-05,187,Outerwear,75.0,3.125,per-SKU,persku_tsb,89.28262863558939,14.28262863558939,203.99348074215803,4.570441163388605
2,521,2025-10-05,187,Outerwear,75.0,3.125,per-SKU,persku_ewma_a0.1,91.22015640394277,16.220156403942767,263.0934737683655,5.190450049261686
2,521,2025-10-05,187,Outerwear,75.0,3.125,top-down,topdown_RM6_180,8.333333333333334,66.66666666666667,4444.444444444445,21.333333333333336
2,521,2025-10-05,187,Outerwear,75.0,3.125,top-down,topdown_rolling_mean_30,49.999999999999986,25.000000000000014,625.0000000000007,8.000000000000005
2,521,2025-10-05,187,Outerwear,75.0,3.125,top-down,topdown_tsb,89.28262863558939,14.28262863558939,203.99348074215803,4.570441163388605
2,521,2025-10-05,190,Lanyards & IDs,0.0,24.1875,per-SKU,persku_rolling_mean_30,67.0,67.0,4489.0,2.7700258397932815
2,521,2025-10-05,190,Lanyards & IDs,0.0,24.1875,per-SKU,persku_rolling_mean_180,72.16666666666666,72.16666666666666,5208.0277777777765,2.9836347975882855
2,521,2025-10-05,190,Lanyards & IDs,0.0,24.1875,per-SKU,persku_tsb,53.843383457058074,53.843383457058074,2899.109942103795,2.226083036984313
2,521,2025-10-05,190,Lanyards & IDs,0.0,24.1875,per-SKU,persku_ewma_a0.1,44.285438097330655,44.285438097330655,1961.2000274725053,1.830922505315996
2,521,2025-10-05,190,Lanyards & IDs,0.0,24.1875,top-down,topdown_RM6_180,77.98935462408515,77.98935462408515,6082.339434681312,3.2243660826495155
2,521,2025-10-05,190,Lanyards & IDs,0.0,24.1875,top-down,topdown_rolling_mean_30,116.81037924151697,116.81037924151697,13644.664698547018,4.829369684403803
2,521,2025-10-05,190,Lanyards & IDs,0.0,24.1875,top-down,topdown_tsb,143.12042179805746,143.12042179805746,20483.455135653883,5.917123381831833
2,521,2025-10-05,192,Lanyards & IDs,60.0,3.625,per-SKU,persku_rolling_mean_30,57.99999999999998,2.0000000000000213,4.000000000000085,0.5517241379310404
2,521,2025-10-05,192,Lanyards & IDs,60.0,3.625,per-SKU,persku_rolling_mean_180,9.666666666666671,50.33333333333333,2533.444444444444,13.885057471264366
2,521,2025-10-05,192,Lanyards & IDs,60.0,3.625,per-SKU,persku_tsb,137.41837796820005,77.41837796820005,5993.605247227082,21.35679392226208
2,521,2025-10-05,192,Lanyards & IDs,60.0,3.625,per-SKU,persku_ewma_a0.1,130.0773,70.07730000000001,4910.827975290001,19.331668965517245
2,521,2025-10-05,192,Lanyards & IDs,60.0,3.625,top-down,topdown_RM6_180,12.998225770680857,47.00177422931914,2209.166780703889,12.966006683950107
2,521,2025-10-05,192,Lanyards & IDs,60.0,3.625,top-down,topdown_rolling_mean_30,19.468396540252826,40.531603459747174,1642.810879018189,11.181131988895773
2,521,2025-10-05,192,Lanyards & IDs,60.0,3.625,top-down,topdown_tsb,23.853403633009577,36.14659636699042,1306.5764289181252,9.971474859859427
2,521,2025-10-05,209,Keychains & Charms,0.0,23.8125,per-SKU,persku_rolling_mean_30,0.0,0.0,0.0,0.0
2,521,2025-10-05,209,Keychains & Charms,0.0,23.8125,per-SKU,persku_rolling_mean_180,0.0,0.0,0.0,0.0
2,521,2025-10-05,209,Keychains & Charms,0.0,23.8125,per-SKU,persku_tsb,7.606283323528745e-10,7.606283323528745e-10,5.78555459977915e-19,3.1942397159175835e-11
2,521,2025-10-05,209,Keychains & Charms,0.0,23.8125,per-SKU,persku_ewma_a0.1,3.477962806620184e-10,3.477962806620184e-10,1.2096225284233347e-19,1.460561808554408e-11
2,521,2025-10-05,209,Keychains & Charms,0.0,23.8125,top-down,topdown_RM6_180,0.0,0.0,0.0,0.0
2,521,2025-10-05,209,Keychains & Charms,0.0,23.8125,top-down,topdown_rolling_mean_30,0.0,0.0,0.0,0.0
2,521,2025-10-05,209,Keychains & Charms,0.0,23.8125,top-down,topdown_tsb,0.0,0.0,0.0,0.0
2,521,2025-10-05,212,Stationery,40.0,16.8125,per-SKU,persku_rolling_mean_30,42.99999999999998,2.9999999999999787,8.999999999999872,0.17843866171003592
2,521,2025-10-05,212,Stationery,40.0,16.8125,per-SKU,persku_rolling_mean_180,37.99999999999999,2.000000000000007,4.000000000000028,0.11895910780669187
2,521,2025-10-05,212,Stationery,40.0,16.8125,per-SKU,persku_tsb,80.36558683062928,40.36558683062928,1629.3806001810722,2.400927097732597
2,521,2025-10-05,212,Stationery,40.0,16.8125,per-SKU,persku_ewma_a0.1,82.73054131574962,42.73054131574962,1825.8991611369852,2.541593535509271
2,521,2025-10-05,212,Stationery,40.0,16.8125,top-down,topdown_RM6_180,83.31799591002044,43.31799591002044,1876.448769660548,2.5765350727149707
2,521,2025-10-05,212,Stationery,40.0,16.8125,top-down,topdown_rolling_mean_30,71.33691206543968,31.336912065439677,982.0020577970988,1.8639055503607243
2,521,2025-10-05,212,Stationery,40.0,16.8125,top-down,topdown_tsb,86.31044049456874,46.31044049456874,2144.656898800992,2.754524341684386
2,521,2025-10-05,213,Stationery,0.0,6.375,per-SKU,persku_rolling_mean_30,0.0,0.0,0.0,0.0
2,521,2025-10-05,213,Stationery,0.0,6.375,per-SKU,persku_rolling_mean_180,15.333333333333332,15.333333333333332,235.1111111111111,2.4052287581699345
2,521,2025-10-05,213,Stationery,0.0,6.375,per-SKU,persku_tsb,0.00011944348715246778,0.00011944348715246778,1.4266746623141736e-08,1.8736233278818474e-05
2,521,2025-10-05,213,Stationery,0.0,6.375,per-SKU,persku_ewma_a0.1,0.00010876410242151597,0.00010876410242151597,1.1829629975558018e-08,1.706103567396329e-05
2,521,2025-10-05,213,Stationery,0.0,6.375,top-down,topdown_RM6_180,0.0,0.0,0.0,0.0
2,521,2025-10-05,213,Stationery,0.0,6.375,top-down,topdown_rolling_mean_30,0.0,0.0,0.0,0.0
2,521,2025-10-05,213,Stationery,0.0,6.375,top-down,topdown_tsb,0.0,0.0,0.0,0.0
2,521,2025-10-05,215,Lanyards & IDs,432.0,136.4375,per-SKU,persku_rolling_mean_30,506.00000000000006,74.00000000000006,5476.000000000008,0.5423728813559326
2,521,2025-10-05,215,Lanyards & IDs,432.0,136.4375,per-SKU,persku_rolling_mean_180,391.8333333333335,40.166666666666515,1613.361111111099,0.2943960910062594
2,521,2025-10-05,215,Lanyards & IDs,432.0,136.4375,per-SKU,persku_tsb,652.6808145458896,220.68081454588958,48700.02190863731,1.6174498546652465
2,521,2025-10-05,215,Lanyards & IDs,432.0,136.4375,per-SKU,persku_ewma_a0.1,656.0828069562799,224.0828069562799,50213.10437340541,1.64238429285409
2,521,2025-10-05,215,Lanyards & IDs,432.0,136.4375,top-down,topdown_RM6_180,419.977156797516,12.022843202484012,144.548758671516,0.08811978526786265
2,521,2025-10-05,215,Lanyards & IDs,432.0,136.4375,top-down,topdown_rolling_mean_30,629.0306054557552,197.03060545575522,38821.05948626148,1.4441088810316463
2,521,2025-10-05,215,Lanyards & IDs,432.0,136.4375,top-down,topdown_tsb,770.7116966941371,338.7116966941371,114725.61347742114,2.482541066012915
2,521,2025-10-05,216,Lanyards & IDs,0.0,28.4375,per-SKU,persku_rolling_mean_30,0.0,0.0,0.0,0.0
2,521,2025-10-05,216,Lanyards & IDs,0.0,28.4375,per-SKU,persku_rolling_mean_180,10.66666666666667,10.66666666666667,113.77777777777784,0.3750915750915752
2,521,2025-10-05,216,Lanyards & IDs,0.0,28.4375,per-SKU,persku_tsb,6.748839751551427e-05,6.748839751551427e-05,4.554683799212073e-09,2.3732183741719303e-06
2,521,2025-10-05,216,Lanyards & IDs,0.0,28.4375,per-SKU,persku_ewma_a0.1,6.493975628138411e-05,6.493975628138411e-05,4.217171945885567e-09,2.2835958252794413e-06
2,521,2025-10-05,216,Lanyards & IDs,0.0,28.4375,top-down,topdown_RM6_180,0.0,0.0,0.0,0.0
2,521,2025-10-05,216,Lanyards & IDs,0.0,28.4375,top-down,topdown_rolling_mean_30,0.0,0.0,0.0,0.0
2,521,2025-10-05,216,Lanyards & IDs,0.0,28.4375,top-down,topdown_tsb,0.0,0.0,0.0,0.0
2,521,2025-10-05,221,Stationery,42.0,18.125,per-SKU,persku_rolling_mean_30,66.00000000000001,24.000000000000014,576.0000000000007,1.3241379310344836
2,521,2025-10-05,221,Stationery,42.0,18.125,per-SKU,persku_rolling_mean_180,55.166666666666664,13.166666666666664,173.36111111111106,0.7264367816091952
2,521,2025-10-05,221,Stationery,42.0,18.125,per-SKU,persku_tsb,78.43252917461388,36.432529174613876,1327.3291820590912,2.0100705751511105
2,521,2025-10-05,221,Stationery,42.0,18.125,per-SKU,persku_ewma_a0.1,75.77088683604207,33.77088683604207,1140.4727976927593,1.863221342678183
2,521,2025-10-05,221,Stationery,42.0,18.125,top-down,topdown_RM6_180,69.75460122699386,27.754601226993856,770.3178892694489,1.5312883435582818
2,521,2025-10-05,221,Stationery,42.0,18.125,top-down,topdown_rolling_mean_30,59.7239263803681,17.7239263803681,314.1375663367082,0.9778718002961709
2,521,2025-10-05,221,Stationery,42.0,18.125,top-down,topdown_tsb,72.25990366987149,30.25990366987149,915.6617701099021,1.6695119266135996
2,521,2025-10-05,227,Stationery,38.0,18.5,per-SKU,persku_rolling_mean_30,57.99999999999998,19.99999999999998,399.99999999999915,1.08108108108108
2,521,2025-10-05,227,Stationery,38.0,18.5,per-SKU,persku_rolling_mean_180,68.33333333333333,30.33333333333333,920.1111111111109,1.6396396396396393
2,521,2025-10-05,227,Stationery,38.0,18.5,per-SKU,persku_tsb,68.75220778258492,30.752207782584918,945.6982835032765,1.6622815017613468
2,521,2025-10-05,227,Stationery,38.0,18.5,per-SKU,persku_ewma_a0.1,69.74359020628941,31.74359020628941,1007.655519184833,1.7158697408805088
2,521,2025-10-05,227,Stationery,38.0,18.5,top-down,topdown_RM6_180,69.36707566462167,31.367075664621666,983.8934357501007,1.695517603493063
2,521,2025-10-05,227,Stationery,38.0,18.5,top-down,topdown_rolling_mean_30,59.39212678936605,21.392126789366053,457.6230885723127,1.1563311778035703
2,521,2025-10-05,227,Stationery,38.0,18.5,top-down,topdown_tsb,71.85845976059443,33.85845976059443,1146.395297359792,1.8301870140861853
2,521,2025-10-05,228,Stationery,75.0,35.8125,per-SKU,persku_rolling_mean_30,128.99999999999997,53.99999999999997,2915.999999999997,1.5078534031413604
2,521,2025-10-05,228,Stationery,75.0,35.8125,per-SKU,persku_rolling_mean_180,124.00000000000006,49.00000000000006,2401.0000000000055,1.3682373472949405
2,521,2025-10-05,228,Stationery,75.0,35.8125,per-SKU,persku_tsb,131.9024898376717,56.90248983767171,3237.893349726332,1.5889002397953707
2,521,2025-10-05,228,Stationery,75.0,35.8125,per-SKU,persku_ewma_a0.1,121.48976158854936,46.48976158854936,2161.297932560159,1.2981434300467534
2,521,2025-10-05,228,Stationery,75.0,35.8125,top-down,topdown_RM6_180,135.24642126789362,60.24642126789362,3629.631275588505,1.6822735432570646
2,521,2025-10-05,228,Stationery,75.0,35.8125,top-down,topdown_rolling_mean_30,115.79805725971369,40.79805725971369,1664.4814761668767,1.1392127681595445
2,521,2025-10-05,228,Stationery,75.0,35.8125,top-down,topdown_tsb,140.10392433769528,65.10392433769528,4238.520964168351,1.8179106272305836
2,521,2025-10-05,229,Stationery,98.0,58.25,per-SKU,persku_rolling_mean_30,197.99999999999994,99.99999999999994,9999.999999999989,1.7167381974248916
2,521,2025-10-05,229,Stationery,98.0,58.25,per-SKU,persku_rolling_mean_180,189.83333333333337,91.83333333333337,8433.361111111119,1.5765379113018605
2,521,2025-10-05,229,Stationery,98.0,58.25,per-SKU,persku_tsb,221.54159483599142,123.54159483599142,15262.525654620262,2.1208857482573635
2,521,2025-10-05,229,Stationery,98.0,58.25,per-SKU,persku_ewma_a0.1,234.66237675094408,136.66237675094408,18676.60521921698,2.346135223192173
2,521,2025-10-05,229,Stationery,98.0,58.25,top-down,topdown_RM6_180,186.39979550102245,88.39979550102245,7814.523844622589,1.5175930558115442
2,521,2025-10-05,229,Stationery,98.0,58.25,top-down,topdown_rolling_mean_30,159.59560327198363,61.595603271983634,3794.018342439601,1.05743524930444
2,521,2025-10-05,229,Stationery,98.0,58.25,top-down,topdown_tsb,193.0945203622677,95.0945203622677,9042.967802929747,1.632523954717042
2,521,2025-10-05,242,Plush & Souvenirs,0.0,116.875,per-SKU,persku_rolling_mean_30,0.0,0.0,0.0,0.0
2,521,2025-10-05,242,Plush & Souvenirs,0.0,116.875,per-SKU,persku_rolling_mean_180,0.0,0.0,0.0,0.0
2,521,2025-10-05,242,Plush & Souvenirs,0.0,116.875,per-SKU,persku_tsb,1.1386963344515813e-10,1.1386963344515813e-10,1.2966293420934676e-20,9.742856337553637e-13
2,521,2025-10-05,242,Plush & Souvenirs,0.0,116.875,per-SKU,persku_ewma_a0.1,1.522906796670909e-10,1.522906796670909e-10,2.3192451113464496e-20,1.3030218581141467e-12
2,521,2025-10-05,242,Plush & Souvenirs,0.0,116.875,top-down,topdown_RM6_180,0.0,0.0,0.0,0.0
2,521,2025-10-05,242,Plush & Souvenirs,0.0,116.875,top-down,topdown_rolling_mean_30,0.0,0.0,0.0,0.0
2,521,2025-10-05,242,Plush & Souvenirs,0.0,116.875,top-down,topdown_tsb,0.0,0.0,0.0,0.0
2,521,2025-10-05,250,Plush & Souvenirs,0.0,6.75,per-SKU,persku_rolling_mean_30,0.0,0.0,0.0,0.0
2,521,2025-10-05,250,Plush & Souvenirs,0.0,6.75,per-SKU,persku_rolling_mean_180,0.0,0.0,0.0,0.0
2,521,2025-10-05,250,Plush & Souvenirs,0.0,6.75,per-SKU,persku_tsb,3.212847227505528e-10,3.212847227505528e-10,1.0322387307289958e-19,4.7597736703785597e-11
2,521,2025-10-05,250,Plush & Souvenirs,0.0,6.75,per-SKU,persku_ewma_a0.1,3.0958859213955253e-10,3.0958859213955253e-10,9.58450963829502e-20,4.586497661326704e-11
2,521,2025-10-05,250,Plush & Souvenirs,0.0,6.75,top-down,topdown_RM6_180,0.0,0.0,0.0,0.0
2,521,2025-10-05,250,Plush & Souvenirs,0.0,6.75,top-down,topdown_rolling_mean_30,0.0,0.0,0.0,0.0
2,521,2025-10-05,250,Plush & Souvenirs,0.0,6.75,top-down,topdown_tsb,0.0,0.0,0.0,0.0
2,521,2025-10-05,251,Plush & Souvenirs,60.0,29.125,per-SKU,persku_rolling_mean_30,34.0,26.0,676.0,0.8927038626609443
2,521,2025-10-05,251,Plush & Souvenirs,60.0,29.125,per-SKU,persku_rolling_mean_180,83.83333333333337,23.83333333333337,568.0277777777795,0.8183118741058668
2,521,2025-10-05,251,Plush & Souvenirs,60.0,29.125,per-SKU,persku_tsb,45.499162544407895,14.500837455592105,210.27428691350292,0.4978828310932912
2,521,2025-10-05,251,Plush & Souvenirs,60.0,29.125,per-SKU,persku_ewma_a0.1,29.500758363004564,30.499241636995436,930.203740431836,1.0471842622144356
2,521,2025-10-05,251,Plush & Souvenirs,60.0,29.125,top-down,topdown_RM6_180,77.46835443037972,17.46835443037972,305.1434065053668,0.5997718259357844
2,521,2025-10-05,251,Plush & Souvenirs,60.0,29.125,top-down,topdown_rolling_mean_30,37.36708860759494,22.632911392405063,512.2486780964589,0.7770956701254957
2,521,2025-10-05,251,Plush & Souvenirs,60.0,29.125,top-down,topdown_tsb,52.13959826763125,7.86040173236875,61.78591539422565,0.26988503802124464
2,521,2025-10-05,252,Plush & Souvenirs,0.0,11.625,per-SKU,persku_rolling_mean_30,0.0,0.0,0.0,0.0
2,521,2025-10-05,252,Plush & Souvenirs,0.0,11.625,per-SKU,persku_rolling_mean_180,0.0,0.0,0.0,0.0
2,521,2025-10-05,252,Plush & Souvenirs,0.0,11.625,per-SKU,persku_tsb,2.492779346438593e-10,2.492779346438593e-10,6.213948870030819e-20,2.1443263195170692e-11
2,521,2025-10-05,252,Plush & Souvenirs,0.0,11.625,per-SKU,persku_ewma_a0.1,2.2407529451434336e-10,2.2407529451434336e-10,5.020973761168972e-20,1.927529415177147e-11
2,521,2025-10-05,252,Plush & Souvenirs,0.0,11.625,top-down,topdown_RM6_180,0.0,0.0,0.0,0.0
2,521,2025-10-05,252,Plush & Souvenirs,0.0,11.625,top-down,topdown_rolling_mean_30,0.0,0.0,0.0,0.0
2,521,2025-10-05,252,Plush & Souvenirs,0.0,11.625,top-down,topdown_tsb,0.0,0.0,0.0,0.0
2,521,2025-10-05,261,Stationery,49.0,49.9375,per-SKU,persku_rolling_mean_30,3.000000000000001,46.0,2116.0,0.9211514392991239
2,521,2025-10-05,261,Stationery,49.0,49.9375,per-SKU,persku_rolling_mean_180,57.83333333333333,8.833333333333329,78.0277777777777,0.1768877763871505
2,521,2025-10-05,261,Stationery,49.0,49.9375,per-SKU,persku_tsb,30.27531348927106,18.72468651072894,350.61388492507433,0.374962433256149
2,521,2025-10-05,261,Stationery,49.0,49.9375,per-SKU,persku_ewma_a0.1,11.943042763056399,37.0569572369436,1373.218079660667,0.7420667281490584
2,521,2025-10-05,261,Stationery,49.0,49.9375,top-down,topdown_RM6_180,77.50511247443762,28.505112474437624,812.5414371803395,0.5708157692002528
2,521,2025-10-05,261,Stationery,49.0,49.9375,top-down,topdown_rolling_mean_30,66.359918200409,17.359918200409,301.3667599248916,0.3476329051396045
2,521,2025-10-05,261,Stationery,49.0,49.9375,top-down,topdown_tsb,80.28878185541278,31.28878185541278,978.987869995608,0.6265588356528216
2,521,2025-10-05,267,Shirts & Tops,23.0,1.3125,per-SKU,persku_rolling_mean_30,20.999999999999993,2.000000000000007,4.000000000000028,1.5238095238095293
2,521,2025-10-05,267,Shirts & Tops,23.0,1.3125,per-SKU,persku_rolling_mean_180,3.5,19.5,380.25,14.857142857142858
2,521,2025-10-05,267,Shirts & Tops,23.0,1.3125,per-SKU,persku_tsb,36.68031179506351,13.68031179506351,187.1509308101538,10.42309470100077
2,521,2025-10-05,267,Shirts & Tops,23.0,1.3125,per-SKU,persku_ewma_a0.1,38.852083897997396,15.852083897997396,251.2885639091483,12.077778207998016
2,521,2025-10-05,267,Shirts & Tops,23.0,1.3125,top-down,topdown_RM6_180,4.75201816347124,18.24798183652876,332.9888411062835,13.903224256402863
2,521,2025-10-05,267,Shirts & Tops,23.0,1.3125,top-down,topdown_rolling_mean_30,9.636478304742688,13.363521695257312,178.58371209961285,10.181730815434141
2,521,2025-10-05,267,Shirts & Tops,23.0,1.3125,top-down,topdown_tsb,8.538674206082362,14.461325793917638,209.1299437178276,11.01815298584201
2,521,2025-10-05,276,Stationery,0.0,39.25,per-SKU,persku_rolling_mean_30,0.0,0.0,0.0,0.0
2,521,2025-10-05,276,Stationery,0.0,39.25,per-SKU,persku_rolling_mean_180,3.6666666666666665,3.6666666666666665,13.444444444444443,0.09341825902335456
2,521,2025-10-05,276,Stationery,0.0,39.25,per-SKU,persku_tsb,8.213217984971818e-06,8.213217984971818e-06,6.745694966866454e-11,2.092539614005559e-07
2,521,2025-10-05,276,Stationery,0.0,39.25,per-SKU,persku_ewma_a0.1,3.6163878553115136e-06,3.6163878553115136e-06,1.3078261120044608e-11,9.213727019901946e-08
2,521,2025-10-05,276,Stationery,0.0,39.25,top-down,topdown_RM6_180,0.0,0.0,0.0,0.0
2,521,2025-10-05,276,Stationery,0.0,39.25,top-down,topdown_rolling_mean_30,0.0,0.0,0.0,0.0
2,521,2025-10-05,276,Stationery,0.0,39.25,top-down,topdown_tsb,0.0,0.0,0.0,0.0
2,521,2025-10-05,277,Stationery,92.0,52.25,per-SKU,persku_rolling_mean_30,36.00000000000001,55.99999999999999,3135.999999999999,1.0717703349282295
2,521,2025-10-05,277,Stationery,92.0,52.25,per-SKU,persku_rolling_mean_180,108.33333333333336,16.333333333333357,266.77777777777857,0.3125996810207341
2,521,2025-10-05,277,Stationery,92.0,52.25,per-SKU,persku_tsb,41.810182321114446,50.189817678885554,2519.017798639773,0.9605706732801063
2,521,2025-10-05,277,Stationery,92.0,52.25,per-SKU,persku_ewma_a0.1,38.358299910413635,53.641700089586365,2877.43198850113,1.0266354084131362
2,521,2025-10-05,277,Stationery,92.0,52.25,top-down,topdown_RM6_180,26.35173824130879,65.6482617586912,4309.694271937638,1.2564260623672958
2,521,2025-10-05,277,Stationery,92.0,52.25,top-down,topdown_rolling_mean_30,22.56237218813906,69.43762781186093,4821.584156138523,1.3289498145810705
2,521,2025-10-05,277,Stationery,92.0,52.25,top-down,topdown_tsb,27.298185830840346,64.70181416915966,4186.32475678047,1.2383122329025773
2,521,2025-10-05,291,Shirts & Tops,0.0,0.0,per-SKU,persku_rolling_mean_30,0.0,0.0,0.0,
2,521,2025-10-05,291,Shirts & Tops,0.0,0.0,per-SKU,persku_rolling_mean_180,0.0,0.0,0.0,
2,521,2025-10-05,291,Shirts & Tops,0.0,0.0,per-SKU,persku_tsb,0.0,0.0,0.0,
2,521,2025-10-05,291,Shirts & Tops,0.0,0.0,per-SKU,persku_ewma_a0.1,0.0,0.0,0.0,
2,521,2025-10-05,291,Shirts & Tops,0.0,0.0,top-down,topdown_RM6_180,0.0,0.0,0.0,
2,521,2025-10-05,291,Shirts & Tops,0.0,0.0,top-down,topdown_rolling_mean_30,0.0,0.0,0.0,
2,521,2025-10-05,291,Shirts & Tops,0.0,0.0,top-down,topdown_tsb,0.0,0.0,0.0,
2,521,2025-10-05,326,Stationery,0.0,6.5,per-SKU,persku_rolling_mean_30,0.0,0.0,0.0,0.0
2,521,2025-10-05,326,Stationery,0.0,6.5,per-SKU,persku_rolling_mean_180,10.166666666666664,10.166666666666664,103.36111111111106,1.5641025641025637
2,521,2025-10-05,326,Stationery,0.0,6.5,per-SKU,persku_tsb,0.00011240999884574798,0.00011240999884574798,1.2636007840501061e-08,1.7293845976268918e-05
2,521,2025-10-05,326,Stationery,0.0,6.5,per-SKU,persku_ewma_a0.1,0.00012215367496108397,0.00012215367496108397,1.4921520306498153e-08,1.8792873070935994e-05
2,521,2025-10-05,326,Stationery,0.0,6.5,top-down,topdown_RM6_180,0.0,0.0,0.0,0.0
2,521,2025-10-05,326,Stationery,0.0,6.5,top-down,topdown_rolling_mean_30,0.0,0.0,0.0,0.0
2,521,2025-10-05,326,Stationery,0.0,6.5,top-down,topdown_tsb,0.0,0.0,0.0,0.0
2,521,2025-10-05,340,Lanyards & IDs,0.0,19.1875,per-SKU,persku_rolling_mean_30,3.000000000000001,3.000000000000001,9.000000000000005,0.15635179153094467
2,521,2025-10-05,340,Lanyards & IDs,0.0,19.1875,per-SKU,persku_rolling_mean_180,79.00000000000004,79.00000000000004,6241.000000000006,4.11726384364821
2,521,2025-10-05,340,Lanyards & IDs,0.0,19.1875,per-SKU,persku_tsb,28.089927435460485,28.089927435460485,789.0440233294356,1.4639701595028265
2,521,2025-10-05,340,Lanyards & IDs,0.0,19.1875,per-SKU,persku_ewma_a0.1,8.116140368233443,8.116140368233443,65.8717344768685,0.4229910289633065
2,521,2025-10-05,340,Lanyards & IDs,0.0,19.1875,top-down,topdown_RM6_180,54.45808383233532,54.45808383233532,2965.6828946896617,2.8382063235093327
2,521,2025-10-05,340,Lanyards & IDs,0.0,19.1875,top-down,topdown_rolling_mean_30,81.56586826347305,81.56586826347305,6652.99086557424,4.2509898769236765
2,521,2025-10-05,340,Lanyards & IDs,0.0,19.1875,top-down,topdown_tsb,99.93753591071254,99.93753591071254,9987.51108390496,5.208470926942673
2,521,2025-10-05,346,Keychains & Charms,80.0,3.0625,per-SKU,persku_rolling_mean_30,49.0,31.0,961.0,10.122448979591837
2,521,2025-10-05,346,Keychains & Charms,80.0,3.0625,per-SKU,persku_rolling_mean_180,8.166666666666666,71.83333333333333,5160.027777777777,23.45578231292517
2,521,2025-10-05,346,Keychains & Charms,80.0,3.0625,per-SKU,persku_tsb,114.96842714124003,34.96842714124003,1222.7908967322123,11.418261923670213
2,521,2025-10-05,346,Keychains & Charms,80.0,3.0625,per-SKU,persku_ewma_a0.1,124.50266999999997,44.502669999999966,1980.487637128897,14.531484081632643
2,521,2025-10-05,346,Keychains & Charms,80.0,3.0625,top-down,topdown_RM6_180,17.18114406779662,62.81885593220338,3946.2086606309235,20.512279488066408
2,521,2025-10-05,346,Keychains & Charms,80.0,3.0625,top-down,topdown_rolling_mean_30,19.205508474576266,60.79449152542374,3695.9701998348187,19.851262538913872
2,521,2025-10-05,346,Keychains & Charms,80.0,3.0625,top-down,topdown_tsb,26.461420671603115,53.538579328396885,2866.379476503046,17.48198508682347
2,521,2025-10-05,350,Keychains & Charms,0.0,0.0,per-SKU,persku_rolling_mean_30,0.0,0.0,0.0,
2,521,2025-10-05,350,Keychains & Charms,0.0,0.0,per-SKU,persku_rolling_mean_180,0.0,0.0,0.0,
2,521,2025-10-05,350,Keychains & Charms,0.0,0.0,per-SKU,persku_tsb,0.0,0.0,0.0,
2,521,2025-10-05,350,Keychains & Charms,0.0,0.0,per-SKU,persku_ewma_a0.1,0.0,0.0,0.0,
2,521,2025-10-05,350,Keychains & Charms,0.0,0.0,top-down,topdown_RM6_180,0.0,0.0,0.0,
2,521,2025-10-05,350,Keychains & Charms,0.0,0.0,top-down,topdown_rolling_mean_30,0.0,0.0,0.0,
2,521,2025-10-05,350,Keychains & Charms,0.0,0.0,top-down,topdown_tsb,0.0,0.0,0.0,
2,521,2025-10-05,352,Plush & Souvenirs,0.0,0.0,per-SKU,persku_rolling_mean_30,0.0,0.0,0.0,
2,521,2025-10-05,352,Plush & Souvenirs,0.0,0.0,per-SKU,persku_rolling_mean_180,0.0,0.0,0.0,
2,521,2025-10-05,352,Plush & Souvenirs,0.0,0.0,per-SKU,persku_tsb,0.0,0.0,0.0,
2,521,2025-10-05,352,Plush & Souvenirs,0.0,0.0,per-SKU,persku_ewma_a0.1,0.0,0.0,0.0,
2,521,2025-10-05,352,Plush & Souvenirs,0.0,0.0,top-down,topdown_RM6_180,0.0,0.0,0.0,
2,521,2025-10-05,352,Plush & Souvenirs,0.0,0.0,top-down,topdown_rolling_mean_30,0.0,0.0,0.0,
2,521,2025-10-05,352,Plush & Souvenirs,0.0,0.0,top-down,topdown_tsb,0.0,0.0,0.0,
2,521,2025-10-05,354,Plush & Souvenirs,19.0,0.4375,per-SKU,persku_rolling_mean_30,7.0,12.0,144.0,27.428571428571427
2,521,2025-10-05,354,Plush & Souvenirs,19.0,0.4375,per-SKU,persku_rolling_mean_180,1.166666666666667,17.833333333333332,318.0277777777777,40.76190476190476
2,521,2025-10-05,354,Plush & Souvenirs,19.0,0.4375,per-SKU,persku_tsb,16.458692045250007,2.5413079547499926,6.45824612087559,5.808703896571411
2,521,2025-10-05,354,Plush & Souvenirs,19.0,0.4375,per-SKU,persku_ewma_a0.1,16.43547,2.5645300000000013,6.576814120900007,5.8617828571428605
2,521,2025-10-05,354,Plush & Souvenirs,19.0,0.4375,top-down,topdown_RM6_180,7.531645569620251,11.46835443037975,131.52315334081084,26.213381555153713
2,521,2025-10-05,354,Plush & Souvenirs,19.0,0.4375,top-down,topdown_rolling_mean_30,3.632911392405063,15.367088607594937,236.1474122736741,35.124773960217
2,521,2025-10-05,354,Plush & Souvenirs,19.0,0.4375,top-down,topdown_tsb,5.069127609353038,13.930872390646961,194.06920556448978,31.841994035764483
2,521,2025-10-05,356,Bags,75.0,27.375,per-SKU,persku_rolling_mean_30,75.99999999999999,0.9999999999999858,0.9999999999999716,0.03652968036529628
2,521,2025-10-05,356,Bags,75.0,27.375,per-SKU,persku_rolling_mean_180,61.83333333333332,13.166666666666679,173.36111111111143,0.48097412480974167
2,521,2025-10-05,356,Bags,75.0,27.375,per-SKU,persku_tsb,74.94040717536721,0.059592824632787256,0.0035513047477141353,0.002176906835900904
2,521,2025-10-05,356,Bags,75.0,27.375,per-SKU,persku_ewma_a0.1,70.87389242995904,4.126107570040958,17.0247636795493,0.15072539068642768
2,521,2025-10-05,356,Bags,75.0,27.375,top-down,topdown_RM6_180,48.22183304144776,26.77816695855224,717.0702256600989,0.9781978797644654
2,521,2025-10-05,356,Bags,75.0,27.375,top-down,topdown_rolling_mean_30,120.66725043782833,45.66725043782833,2085.4977625513316,1.6682100616558293
2,521,2025-10-05,356,Bags,75.0,27.375,top-down,topdown_tsb,113.0343215936578,38.03432159365779,1446.6096190897836,1.3893816107272254
2,521,2025-10-05,358,Bags,49.0,141.125,per-SKU,persku_rolling_mean_30,118.00000000000001,69.00000000000001,4761.000000000002,0.48892825509300275
2,521,2025-10-05,358,Bags,49.0,141.125,per-SKU,persku_rolling_mean_180,46.333333333333336,2.6666666666666643,7.111111111111098,0.01889577797460878
2,521,2025-10-05,358,Bags,49.0,141.125,per-SKU,persku_tsb,54.52143893582074,5.52143893582074,30.486287921997263,0.03912445658686087
2,521,2025-10-05,358,Bags,49.0,141.125,per-SKU,persku_ewma_a0.1,44.81087605852815,4.189123941471848,17.548759397012635,0.029683783464813807
2,521,2025-10-05,358,Bags,49.0,141.125,top-down,topdown_RM6_180,42.72504378283713,6.274956217162867,39.37507552731091,0.04446381730496274
2,521,2025-10-05,358,Bags,49.0,141.125,top-down,topdown_rolling_mean_30,106.91243432574427,57.91243432574427,3353.8500495336434,0.41036268787064145
2,521,2025-10-05,358,Bags,49.0,141.125,top-down,topdown_tsb,100.14958027210095,51.14958027210095,2616.2795620120987,0.36244166711851866
2,521,2025-10-05,359,Bags,0.0,0.0,per-SKU,persku_rolling_mean_30,0.0,0.0,0.0,
2,521,2025-10-05,359,Bags,0.0,0.0,per-SKU,persku_rolling_mean_180,0.0,0.0,0.0,
2,521,2025-10-05,359,Bags,0.0,0.0,per-SKU,persku_tsb,0.0,0.0,0.0,
2,521,2025-10-05,359,Bags,0.0,0.0,per-SKU,persku_ewma_a0.1,0.0,0.0,0.0,
2,521,2025-10-05,359,Bags,0.0,0.0,top-down,topdown_RM6_180,0.0,0.0,0.0,
2,521,2025-10-05,359,Bags,0.0,0.0,top-down,topdown_rolling_mean_30,0.0,0.0,0.0,
2,521,2025-10-05,359,Bags,0.0,0.0,top-down,topdown_tsb,0.0,0.0,0.0,
2,521,2025-10-05,377,Lanyards & IDs,215.0,68.875,per-SKU,persku_rolling_mean_30,358.0,143.0,20449.0,2.076225045372051
2,521,2025-10-05,377,Lanyards & IDs,215.0,68.875,per-SKU,persku_rolling_mean_180,107.49999999999997,107.50000000000003,11556.250000000005,1.5607985480943742
2,521,2025-10-05,377,Lanyards & IDs,215.0,68.875,per-SKU,persku_tsb,373.7550404312156,158.7550404312156,25203.1628623169,2.304973363792604
2,521,2025-10-05,377,Lanyards & IDs,215.0,68.875,per-SKU,persku_ewma_a0.1,418.80013767973827,203.80013767973827,41534.49611828027,2.958985665041572
2,521,2025-10-05,377,Lanyards & IDs,215.0,68.875,top-down,topdown_RM6_180,104.43402084719447,110.56597915280553,12224.835746018625,1.605313671910062
2,521,2025-10-05,377,Lanyards & IDs,215.0,68.875,top-down,topdown_rolling_mean_30,156.418496340652,58.58150365934799,3431.7925709902015,0.850548147504145
2,521,2025-10-05,377,Lanyards & IDs,215.0,68.875,top-down,topdown_tsb,191.64976022383556,23.350239776164443,545.2336976043721,0.33902344502598103
2,521,2025-10-05,378,Lanyards & IDs,0.0,4.375,per-SKU,persku_rolling_mean_30,0.0,0.0,0.0,0.0
2,521,2025-10-05,378,Lanyards & IDs,0.0,4.375,per-SKU,persku_rolling_mean_180,0.0,0.0,0.0,0.0
2,521,2025-10-05,378,Lanyards & IDs,0.0,4.375,per-SKU,persku_tsb,4.731911713611174e-12,4.731911713611174e-12,2.239098846541064e-23,1.0815798202539826e-12
2,521,2025-10-05,378,Lanyards & IDs,0.0,4.375,per-SKU,persku_ewma_a0.1,4.9266876520864736e-12,4.9266876520864736e-12,2.427225122122133e-23,1.1261000347626225e-12
2,521,2025-10-05,378,Lanyards & IDs,0.0,4.375,top-down,topdown_RM6_180,0.0,0.0,0.0,0.0
2,521,2025-10-05,378,Lanyards & IDs,0.0,4.375,top-down,topdown_rolling_mean_30,0.0,0.0,0.0,0.0
2,521,2025-10-05,378,Lanyards & IDs,0.0,4.375,top-down,topdown_tsb,0.0,0.0,0.0,0.0
2,521,2025-10-05,380,Shirts & Tops,0.0,0.0,per-SKU,persku_rolling_mean_30,0.0,0.0,0.0,
2,521,2025-10-05,380,Shirts & Tops,0.0,0.0,per-SKU,persku_rolling_mean_180,0.0,0.0,0.0,
2,521,2025-10-05,380,Shirts & Tops,0.0,0.0,per-SKU,persku_tsb,0.0,0.0,0.0,
2,521,2025-10-05,380,Shirts & Tops,0.0,0.0,per-SKU,persku_ewma_a0.1,0.0,0.0,0.0,
2,521,2025-10-05,380,Shirts & Tops,0.0,0.0,top-down,topdown_RM6_180,0.0,0.0,0.0,
2,521,2025-10-05,380,Shirts & Tops,0.0,0.0,top-down,topdown_rolling_mean_30,0.0,0.0,0.0,
2,521,2025-10-05,380,Shirts & Tops,0.0,0.0,top-down,topdown_tsb,0.0,0.0,0.0,
2,521,2025-10-05,381,Keychains & Charms,0.0,0.0,per-SKU,persku_rolling_mean_30,0.0,0.0,0.0,
2,521,2025-10-05,381,Keychains & Charms,0.0,0.0,per-SKU,persku_rolling_mean_180,0.0,0.0,0.0,
2,521,2025-10-05,381,Keychains & Charms,0.0,0.0,per-SKU,persku_tsb,0.0,0.0,0.0,
2,521,2025-10-05,381,Keychains & Charms,0.0,0.0,per-SKU,persku_ewma_a0.1,0.0,0.0,0.0,
2,521,2025-10-05,381,Keychains & Charms,0.0,0.0,top-down,topdown_RM6_180,0.0,0.0,0.0,
2,521,2025-10-05,381,Keychains & Charms,0.0,0.0,top-down,topdown_rolling_mean_30,0.0,0.0,0.0,
2,521,2025-10-05,381,Keychains & Charms,0.0,0.0,top-down,topdown_tsb,0.0,0.0,0.0,
2,521,2025-10-05,389,Drinkware,79.0,6.4375,per-SKU,persku_rolling_mean_30,103.00000000000001,24.000000000000014,576.0000000000007,3.7281553398058276
2,521,2025-10-05,389,Drinkware,79.0,6.4375,per-SKU,persku_rolling_mean_180,17.166666666666668,61.83333333333333,3823.3611111111104,9.605177993527507
2,521,2025-10-05,389,Drinkware,79.0,6.4375,per-SKU,persku_tsb,95.23743929442387,16.237439294423865,263.6544348401002,2.522320667094969
2,521,2025-10-05,389,Drinkware,79.0,6.4375,per-SKU,persku_ewma_a0.1,54.666124539237686,24.333875460762314,592.1374949398903,3.780019489050457
2,521,2025-10-05,389,Drinkware,79.0,6.4375,top-down,topdown_RM6_180,42.586538461538446,36.413461538461554,1325.9401812130188,5.656460044809561
2,521,2025-10-05,389,Drinkware,79.0,6.4375,top-down,topdown_rolling_mean_30,70.51538461538462,8.484615384615381,71.98869822485202,1.3179985063480204
2,521,2025-10-05,389,Drinkware,79.0,6.4375,top-down,topdown_tsb,51.69424238650752,27.30575761349248,745.6043988468026,4.241671085591065
2,521,2025-10-05,392,Drinkware,55.0,4.6875,per-SKU,persku_rolling_mean_30,75.0,20.0,400.0,4.266666666666667
2,521,2025-10-05,392,Drinkware,55.0,4.6875,per-SKU,persku_rolling_mean_180,13.166666666666663,41.833333333333336,1750.027777777778,8.924444444444445
2,521,2025-10-05,392,Drinkware,55.0,4.6875,per-SKU,persku_tsb,59.78087662860324,4.780876628603238,22.856781337924662,1.0199203474353575
2,521,2025-10-05,392,Drinkware,55.0,4.6875,per-SKU,persku_ewma_a0.1,44.17470234712077,10.825297652879229,117.18706927343254,2.3093968326142353
2,521,2025-10-05,392,Drinkware,55.0,4.6875,top-down,topdown_RM6_180,32.663461538461526,22.336538461538474,498.92095044378755,4.765128205128208
2,521,2025-10-05,392,Drinkware,55.0,4.6875,top-down,topdown_rolling_mean_30,54.08461538461539,0.9153846153846104,0.8379289940828311,0.1952820512820502
2,521,2025-10-05,392,Drinkware,55.0,4.6875,top-down,topdown_tsb,39.64898202460285,15.351017975397149,235.65375288096638,3.2748838347513916
2,521,2025-10-05,393,Drinkware,0.0,5.0,per-SKU,persku_rolling_mean_30,0.0,0.0,0.0,0.0
2,521,2025-10-05,393,Drinkware,0.0,5.0,per-SKU,persku_rolling_mean_180,10.000000000000004,10.000000000000004,100.00000000000007,2.000000000000001
2,521,2025-10-05,393,Drinkware,0.0,5.0,per-SKU,persku_tsb,1.4012186127540738,1.4012186127540738,1.963413600728451,0.28024372255081476
2,521,2025-10-05,393,Drinkware,0.0,5.0,per-SKU,persku_ewma_a0.1,1.577869876892105,1.577869876892105,2.4896733484035063,0.31557397537842097
2,521,2025-10-05,393,Drinkware,0.0,5.0,top-down,topdown_RM6_180,24.807692307692303,24.807692307692303,615.4215976331359,4.961538461538461
2,521,2025-10-05,393,Drinkware,0.0,5.0,top-down,topdown_rolling_mean_30,41.07692307692309,41.07692307692309,1687.3136094674564,8.215384615384618
2,521,2025-10-05,393,Drinkware,0.0,5.0,top-down,topdown_tsb,30.113150904761667,30.113150904761667,906.8018574129484,6.0226301809523335
2,521,2025-10-05,394,Drinkware,0.0,24.0625,per-SKU,persku_rolling_mean_30,0.0,0.0,0.0,0.0
2,521,2025-10-05,394,Drinkware,0.0,24.0625,per-SKU,persku_rolling_mean_180,67.16666666666667,67.16666666666667,4511.361111111111,2.7913419913419917
2,521,2025-10-05,394,Drinkware,0.0,24.0625,per-SKU,persku_tsb,0.021636163247007664,0.021636163247007664,0.00046812356005116525,0.0008991652258496692
2,521,2025-10-05,394,Drinkware,0.0,24.0625,per-SKU,persku_ewma_a0.1,0.014274051713938857,0.014274051713938857,0.00020374855233220082,0.0005932073439559005
2,521,2025-10-05,394,Drinkware,0.0,24.0625,top-down,topdown_RM6_180,7.442307692307691,7.442307692307691,55.38794378698223,0.30929070929070923
2,521,2025-10-05,394,Drinkware,0.0,24.0625,top-down,topdown_rolling_mean_30,12.323076923076925,12.323076923076925,151.85822485207106,0.5121278721278723
2,521,2025-10-05,394,Drinkware,0.0,24.0625,top-down,topdown_tsb,9.0339452714285,9.0339452714285,81.61216716716535,0.37543668660482077
2,521,2025-10-05,395,Shirts & Tops,322.0,50.75,per-SKU,persku_rolling_mean_30,448.0,126.0,15876.0,2.4827586206896552
2,521,2025-10-05,395,Shirts & Tops,322.0,50.75,per-SKU,persku_rolling_mean_180,256.1666666666667,65.83333333333331,4334.027777777776,1.2972085385878485
2,521,2025-10-05,395,Shirts & Tops,322.0,50.75,per-SKU,persku_tsb,408.2916471633223,86.2916471633223,7446.248370159309,1.7003280229226068
2,521,2025-10-05,395,Shirts & Tops,322.0,50.75,per-SKU,persku_ewma_a0.1,371.5682834496244,49.5682834496244,2457.0147241423083,0.9767149448201853
2,521,2025-10-05,395,Shirts & Tops,322.0,50.75,top-down,topdown_RM6_180,240.76892028254284,81.23107971745716,6598.488312063881,1.600612408225757
2,521,2025-10-05,395,Shirts & Tops,322.0,50.75,top-down,topdown_rolling_mean_30,488.2482341069629,166.2482341069629,27638.475343683545,3.275827273043604
2,521,2025-10-05,395,Shirts & Tops,322.0,50.75,top-down,topdown_tsb,432.6261597748397,110.62615977483972,12238.147226528366,2.179825808371226
2,521,2025-10-05,397,Shirts & Tops,0.0,0.0,per-SKU,persku_rolling_mean_30,0.0,0.0,0.0,
2,521,2025-10-05,397,Shirts & Tops,0.0,0.0,per-SKU,persku_rolling_mean_180,0.0,0.0,0.0,
2,521,2025-10-05,397,Shirts & Tops,0.0,0.0,per-SKU,persku_tsb,0.0,0.0,0.0,
2,521,2025-10-05,397,Shirts & Tops,0.0,0.0,per-SKU,persku_ewma_a0.1,0.0,0.0,0.0,
2,521,2025-10-05,397,Shirts & Tops,0.0,0.0,top-down,topdown_RM6_180,0.0,0.0,0.0,
2,521,2025-10-05,397,Shirts & Tops,0.0,0.0,top-down,topdown_rolling_mean_30,0.0,0.0,0.0,
2,521,2025-10-05,397,Shirts & Tops,0.0,0.0,top-down,topdown_tsb,0.0,0.0,0.0,
2,521,2025-10-05,400,Shirts & Tops,0.0,2.375,per-SKU,persku_rolling_mean_30,0.0,0.0,0.0,0.0
2,521,2025-10-05,400,Shirts & Tops,0.0,2.375,per-SKU,persku_rolling_mean_180,0.0,0.0,0.0,0.0
2,521,2025-10-05,400,Shirts & Tops,0.0,2.375,per-SKU,persku_tsb,2.113878650852784e-21,2.113878650852784e-21,4.468482950531186e-42,8.900541687801195e-22
2,521,2025-10-05,400,Shirts & Tops,0.0,2.375,per-SKU,persku_ewma_a0.1,2.7433572288178164e-21,2.7433572288178164e-21,7.526008884906969e-42,1.15509778055487e-21
2,521,2025-10-05,400,Shirts & Tops,0.0,2.375,top-down,topdown_RM6_180,0.0,0.0,0.0,0.0
2,521,2025-10-05,400,Shirts & Tops,0.0,2.375,top-down,topdown_rolling_mean_30,0.0,0.0,0.0,0.0
2,521,2025-10-05,400,Shirts & Tops,0.0,2.375,top-down,topdown_tsb,0.0,0.0,0.0,0.0
2,521,2025-10-05,401,Shirts & Tops,0.0,5.5625,per-SKU,persku_rolling_mean_30,0.0,0.0,0.0,0.0
2,521,2025-10-05,401,Shirts & Tops,0.0,5.5625,per-SKU,persku_rolling_mean_180,0.0,0.0,0.0,0.0
2,521,2025-10-05,401,Shirts & Tops,0.0,5.5625,per-SKU,persku_tsb,4.2934320394828165e-21,4.2934320394828165e-21,1.8433558677657578e-41,7.718529509182591e-22
2,521,2025-10-05,401,Shirts & Tops,0.0,5.5625,per-SKU,persku_ewma_a0.1,3.687237679112925e-21,3.687237679112925e-21,1.359572170227007e-41,6.628741895034472e-22
2,521,2025-10-05,401,Shirts & Tops,0.0,5.5625,top-down,topdown_RM6_180,0.0,0.0,0.0,0.0
2,521,2025-10-05,401,Shirts & Tops,0.0,5.5625,top-down,topdown_rolling_mean_30,0.0,0.0,0.0,0.0
2,521,2025-10-05,401,Shirts & Tops,0.0,5.5625,top-down,topdown_tsb,0.0,0.0,0.0,0.0
2,521,2025-10-05,402,Shirts & Tops,401.0,100.5,per-SKU,persku_rolling_mean_30,949.9999999999998,548.9999999999998,301400.99999999977,5.462686567164177
2,521,2025-10-05,402,Shirts & Tops,401.0,100.5,per-SKU,persku_rolling_mean_180,474.6666666666665,73.66666666666652,5426.777777777756,0.7330016583747911
2,521,2025-10-05,402,Shirts & Tops,401.0,100.5,per-SKU,persku_tsb,854.6501128670643,453.6501128670643,205798.4249043002,4.513931471314073
2,521,2025-10-05,402,Shirts & Tops,401.0,100.5,per-SKU,persku_ewma_a0.1,779.1854215800752,378.1854215800752,143024.21309569918,3.7630390206972653
2,521,2025-10-05,402,Shirts & Tops,401.0,100.5,top-down,topdown_RM6_180,478.5961150353178,77.59611503531778,6021.15706857427,0.7721006471175899
2,521,2025-10-05,402,Shirts & Tops,401.0,100.5,top-down,topdown_rolling_mean_30,970.5310292633708,569.5310292633708,324365.5932937945,5.666975415555928
2,521,2025-10-05,402,Shirts & Tops,401.0,100.5,top-down,topdown_tsb,859.9664736125809,458.9664736125809,210650.2239003679,4.56683058320976
2,521,2025-10-05,403,Shirts & Tops,0.0,0.0,per-SKU,persku_rolling_mean_30,0.0,0.0,0.0,
2,521,2025-10-05,403,Shirts & Tops,0.0,0.0,per-SKU,persku_rolling_mean_180,0.0,0.0,0.0,
2,521,2025-10-05,403,Shirts & Tops,0.0,0.0,per-SKU,persku_tsb,0.0,0.0,0.0,
2,521,2025-10-05,403,Shirts & Tops,0.0,0.0,per-SKU,persku_ewma_a0.1,0.0,0.0,0.0,
2,521,2025-10-05,403,Shirts & Tops,0.0,0.0,top-down,topdown_RM6_180,0.0,0.0,0.0,
2,521,2025-10-05,403,Shirts & Tops,0.0,0.0,top-down,topdown_rolling_mean_30,0.0,0.0,0.0,
2,521,2025-10-05,403,Shirts & Tops,0.0,0.0,top-down,topdown_tsb,0.0,0.0,0.0,
2,521,2025-10-05,404,Shirts & Tops,88.0,58.625,per-SKU,persku_rolling_mean_30,399.9999999999999,311.9999999999999,97343.99999999993,5.321961620469081
2,521,2025-10-05,404,Shirts & Tops,88.0,58.625,per-SKU,persku_rolling_mean_180,162.66666666666663,74.66666666666663,5575.111111111106,1.2736318407960192
2,521,2025-10-05,404,Shirts & Tops,88.0,58.625,per-SKU,persku_tsb,329.46081750894524,241.46081750894524,58303.32639208816,4.118734627018256
2,521,2025-10-05,404,Shirts & Tops,88.0,58.625,per-SKU,persku_ewma_a0.1,275.7106309441042,187.7106309441042,35235.28096943369,3.2018870949953806
2,521,2025-10-05,404,Shirts & Tops,88.0,58.625,top-down,topdown_RM6_180,172.88294651866798,84.88294651866798,7205.114609691048,1.4478967423226947
2,521,2025-10-05,404,Shirts & Tops,88.0,58.625,top-down,topdown_rolling_mean_30,350.58425832492446,262.58425832492446,68950.49272005066,4.479049182514703
2,521,2025-10-05,404,Shirts & Tops,88.0,58.625,top-down,topdown_tsb,310.6450996879488,222.6450996879488,49570.84041505666,3.797784216425566
2,521,2025-10-05,406,Shirts & Tops,0.0,3.5,per-SKU,persku_rolling_mean_30,0.0,0.0,0.0,0.0
2,521,2025-10-05,406,Shirts & Tops,0.0,3.5,per-SKU,persku_rolling_mean_180,0.0,0.0,0.0,0.0
2,521,2025-10-05,406,Shirts & Tops,0.0,3.5,per-SKU,persku_tsb,2.5497035732905623e-21,2.5497035732905623e-21,6.500988311650662e-42,7.284867352258749e-22
2,521,2025-10-05,406,Shirts & Tops,0.0,3.5,per-SKU,persku_ewma_a0.1,2.1374093775569333e-21,2.1374093775569333e-21,4.568518847268317e-42,6.106883935876952e-22
2,521,2025-10-05,406,Shirts & Tops,0.0,3.5,top-down,topdown_RM6_180,0.0,0.0,0.0,0.0
2,521,2025-10-05,406,Shirts & Tops,0.0,3.5,top-down,topdown_rolling_mean_30,0.0,0.0,0.0,0.0
2,521,2025-10-05,406,Shirts & Tops,0.0,3.5,top-down,topdown_tsb,0.0,0.0,0.0,0.0
2,521,2025-10-05,419,Umbrellas & Gear,117.0,46.5,per-SKU,persku_rolling_mean_30,298.0,181.0,32761.0,3.89247311827957
2,521,2025-10-05,419,Umbrellas & Gear,117.0,46.5,per-SKU,persku_rolling_mean_180,145.83333333333334,28.833333333333343,831.3611111111117,0.6200716845878138
2,521,2025-10-05,419,Umbrellas & Gear,117.0,46.5,per-SKU,persku_tsb,243.27871945569348,126.27871945569348,15946.314987369738,2.7156713861439457
2,521,2025-10-05,419,Umbrellas & Gear,117.0,46.5,per-SKU,persku_ewma_a0.1,214.44595595759347,97.44595595759347,9495.714332489246,2.095611956077279
2,521,2025-10-05,419,Umbrellas & Gear,117.0,46.5,top-down,topdown_RM6_180,145.83333333333334,28.833333333333343,831.3611111111117,0.6200716845878138
2,521,2025-10-05,419,Umbrellas & Gear,117.0,46.5,top-down,topdown_rolling_mean_30,298.0,181.0,32761.0,3.89247311827957
2,521,2025-10-05,419,Umbrellas & Gear,117.0,46.5,top-down,topdown_tsb,243.27871945569348,126.27871945569348,15946.314987369738,2.7156713861439457
2,521,2025-10-05,477,Bags,0.0,0.25,per-SKU,persku_rolling_mean_30,0.0,0.0,0.0,0.0
2,521,2025-10-05,477,Bags,0.0,0.25,per-SKU,persku_rolling_mean_180,0.0,0.0,0.0,0.0
2,521,2025-10-05,477,Bags,0.0,0.25,per-SKU,persku_tsb,2.1908266247930573e-21,2.1908266247930573e-21,4.7997212999021396e-42,8.76330649917223e-21
2,521,2025-10-05,477,Bags,0.0,0.25,per-SKU,persku_ewma_a0.1,8.849909623123826e-21,8.849909623123826e-21,7.83209003374597e-41,3.5399638492495306e-20
2,521,2025-10-05,477,Bags,0.0,0.25,top-down,topdown_RM6_180,0.0,0.0,0.0,0.0
2,521,2025-10-05,477,Bags,0.0,0.25,top-down,topdown_rolling_mean_30,0.0,0.0,0.0,0.0
2,521,2025-10-05,477,Bags,0.0,0.25,top-down,topdown_tsb,0.0,0.0,0.0,0.0
3,551,2025-11-04,29,Keychains & Charms,94.0,34.529411764705884,per-SKU,persku_rolling_mean_30,139.00000000000003,45.00000000000003,2025.0000000000025,1.3032367972742767
3,551,2025-11-04,29,Keychains & Charms,94.0,34.529411764705884,per-SKU,persku_rolling_mean_180,112.66666666666669,18.666666666666686,348.44444444444514,0.5406019307211817
3,551,2025-11-04,29,Keychains & Charms,94.0,34.529411764705884,per-SKU,persku_tsb,99.63680449937199,5.636804499371991,31.773564964140316,0.1632464676138396
3,551,2025-11-04,29,Keychains & Charms,94.0,34.529411764705884,per-SKU,persku_ewma_a0.1,111.09731663732987,17.097316637329868,292.31823619711673,0.495152270587066
3,551,2025-11-04,29,Keychains & Charms,94.0,34.529411764705884,top-down,topdown_RM6_180,98.88942307692304,4.889423076923038,23.906458025147543,0.14160169047306922
3,551,2025-11-04,29,Keychains & Charms,94.0,34.529411764705884,top-down,topdown_rolling_mean_30,125.45673076923076,31.45673076923076,989.5259106878692,0.9110126457869214
3,551,2025-11-04,29,Keychains & Charms,94.0,34.529411764705884,top-down,topdown_tsb,96.79817316665611,2.798173166656113,7.8297730705943,0.08103738302070515
3,551,2025-11-04,39,Plush & Souvenirs,0.0,0.0,per-SKU,persku_rolling_mean_30,0.0,0.0,0.0,
3,551,2025-11-04,39,Plush & Souvenirs,0.0,0.0,per-SKU,persku_rolling_mean_180,0.0,0.0,0.0,
3,551,2025-11-04,39,Plush & Souvenirs,0.0,0.0,per-SKU,persku_tsb,0.0,0.0,0.0,
3,551,2025-11-04,39,Plush & Souvenirs,0.0,0.0,per-SKU,persku_ewma_a0.1,0.0,0.0,0.0,
3,551,2025-11-04,39,Plush & Souvenirs,0.0,0.0,top-down,topdown_RM6_180,0.0,0.0,0.0,
3,551,2025-11-04,39,Plush & Souvenirs,0.0,0.0,top-down,topdown_rolling_mean_30,0.0,0.0,0.0,
3,551,2025-11-04,39,Plush & Souvenirs,0.0,0.0,top-down,topdown_tsb,0.0,0.0,0.0,
3,551,2025-11-04,48,Umbrellas & Gear,0.0,0.0,per-SKU,persku_rolling_mean_30,0.0,0.0,0.0,
3,551,2025-11-04,48,Umbrellas & Gear,0.0,0.0,per-SKU,persku_rolling_mean_180,0.0,0.0,0.0,
3,551,2025-11-04,48,Umbrellas & Gear,0.0,0.0,per-SKU,persku_tsb,0.0,0.0,0.0,
3,551,2025-11-04,48,Umbrellas & Gear,0.0,0.0,per-SKU,persku_ewma_a0.1,0.0,0.0,0.0,
3,551,2025-11-04,48,Umbrellas & Gear,0.0,0.0,top-down,topdown_RM6_180,0.0,0.0,0.0,
3,551,2025-11-04,48,Umbrellas & Gear,0.0,0.0,top-down,topdown_rolling_mean_30,0.0,0.0,0.0,
3,551,2025-11-04,48,Umbrellas & Gear,0.0,0.0,top-down,topdown_tsb,0.0,0.0,0.0,
3,551,2025-11-04,54,Stationery,339.0,17.823529411764707,per-SKU,persku_rolling_mean_30,179.0,160.0,25600.0,8.976897689768977
3,551,2025-11-04,54,Stationery,339.0,17.823529411764707,per-SKU,persku_rolling_mean_180,112.66666666666669,226.33333333333331,51226.77777777777,12.698569856985698
3,551,2025-11-04,54,Stationery,339.0,17.823529411764707,per-SKU,persku_tsb,124.80795030068941,214.1920496993106,45878.23415439194,12.017375725703895
3,551,2025-11-04,54,Stationery,339.0,17.823529411764707,per-SKU,persku_ewma_a0.1,135.92600808000375,203.07399191999625,41239.0461943227,11.393590305742363
3,551,2025-11-04,54,Stationery,339.0,17.823529411764707,top-down,topdown_RM6_180,137.4053345667592,201.5946654332408,40640.409131140295,11.310591789983807
3,551,2025-11-04,54,Stationery,339.0,17.823529411764707,top-down,topdown_rolling_mean_30,115.96530989824232,223.0346901017577,49744.47298878709,12.513497464455051
3,551,2025-11-04,54,Stationery,339.0,17.823529411764707,top-down,topdown_tsb,92.19023283083172,246.80976716916828,60915.061170099056,13.847412679458285
3,551,2025-11-04,55,Stationery,0.0,0.0,per-SKU,persku_rolling_mean_30,0.0,0.0,0.0,
3,551,2025-11-04,55,Stationery,0.0,0.0,per-SKU,persku_rolling_mean_180,0.0,0.0,0.0,
3,551,2025-11-04,55,Stationery,0.0,0.0,per-SKU,persku_tsb,0.0,0.0,0.0,
3,551,2025-11-04,55,Stationery,0.0,0.0,per-SKU,persku_ewma_a0.1,0.0,0.0,0.0,
3,551,2025-11-04,55,Stationery,0.0,0.0,top-down,topdown_RM6_180,0.0,0.0,0.0,
3,551,2025-11-04,55,Stationery,0.0,0.0,top-down,topdown_rolling_mean_30,0.0,0.0,0.0,
3,551,2025-11-04,55,Stationery,0.0,0.0,top-down,topdown_tsb,0.0,0.0,0.0,
3,551,2025-11-04,74,Bags,100.0,0.0,per-SKU,persku_rolling_mean_30,0.0,100.0,10000.0,
3,551,2025-11-04,74,Bags,100.0,0.0,per-SKU,persku_rolling_mean_180,0.0,100.0,10000.0,
3,551,2025-11-04,74,Bags,100.0,0.0,per-SKU,persku_tsb,0.0,100.0,10000.0,
3,551,2025-11-04,74,Bags,100.0,0.0,per-SKU,persku_ewma_a0.1,0.0,100.0,10000.0,
3,551,2025-11-04,74,Bags,100.0,0.0,top-down,topdown_RM6_180,0.0,100.0,10000.0,
3,551,2025-11-04,74,Bags,100.0,0.0,top-down,topdown_rolling_mean_30,0.0,100.0,10000.0,
3,551,2025-11-04,74,Bags,100.0,0.0,top-down,topdown_tsb,0.0,100.0,10000.0,
3,551,2025-11-04,112,Keychains & Charms,50.0,30.470588235294116,per-SKU,persku_rolling_mean_30,36.00000000000001,13.999999999999993,195.9999999999998,0.45945945945945926
3,551,2025-11-04,112,Keychains & Charms,50.0,30.470588235294116,per-SKU,persku_rolling_mean_180,66.83333333333331,16.833333333333314,283.36111111111046,0.5524453024453019
3,551,2025-11-04,112,Keychains & Charms,50.0,30.470588235294116,per-SKU,persku_tsb,28.60959592941564,21.39040407058436,457.54938630287194,0.7020016779921509
3,551,2025-11-04,112,Keychains & Charms,50.0,30.470588235294116,per-SKU,persku_ewma_a0.1,27.71288539765783,22.28711460234217,496.71547729793366,0.7314304020073686
3,551,2025-11-04,112,Keychains & Charms,50.0,30.470588235294116,top-down,topdown_RM6_180,60.557692307692285,10.557692307692285,111.46486686390485,0.3464879714879708
3,551,2025-11-04,112,Keychains & Charms,50.0,30.470588235294116,top-down,topdown_rolling_mean_30,76.82692307692307,26.826923076923066,719.6838017751473,0.8804202554202551
3,551,2025-11-04,112,Keychains & Charms,50.0,30.470588235294116,top-down,topdown_tsb,59.27705718348973,9.277057183489731,86.06378998573842,0.3044594056357634
3,551,2025-11-04,148,Lanyards & IDs,0.0,8.411764705882353,per-SKU,persku_rolling_mean_30,143.00000000000006,143.00000000000006,20449.000000000015,17.000000000000007
3,551,2025-11-04,148,Lanyards & IDs,0.0,8.411764705882353,per-SKU,persku_rolling_mean_180,26.666666666666668,26.666666666666668,711.1111111111112,3.1701631701631703
3,551,2025-11-04,148,Lanyards & IDs,0.0,8.411764705882353,per-SKU,persku_tsb,98.24846375309707,98.24846375309707,9652.76062984363,11.679887299319232
3,551,2025-11-04,148,Lanyards & IDs,0.0,8.411764705882353,per-SKU,persku_ewma_a0.1,102.82423843716904,102.82423843716904,10572.824010183791,12.223860513509607
3,551,2025-11-04,148,Lanyards & IDs,0.0,8.411764705882353,top-down,topdown_RM6_180,36.68370927318297,36.68370927318297,1345.6945260394102,4.361000403105668
3,551,2025-11-04,148,Lanyards & IDs,0.0,8.411764705882353,top-down,topdown_rolling_mean_30,40.90225563909776,40.90225563909776,1672.9945163661046,4.862505915137496
3,551,2025-11-04,148,Lanyards & IDs,0.0,8.411764705882353,top-down,topdown_tsb,33.93718087406445,33.93718087406445,1151.7322456789661,4.03449003397969
3,551,2025-11-04,156,Bags,0.0,15.470588235294118,per-SKU,persku_rolling_mean_30,63.000000000000014,63.000000000000014,3969.000000000002,4.072243346007605
3,551,2025-11-04,156,Bags,0.0,15.470588235294118,per-SKU,persku_rolling_mean_180,45.0,45.0,2025.0,2.908745247148289
3,551,2025-11-04,156,Bags,0.0,15.470588235294118,per-SKU,persku_tsb,75.15735776526287,75.15735776526287,5648.628426255719,4.858080159731821
3,551,2025-11-04,156,Bags,0.0,15.470588235294118,per-SKU,persku_ewma_a0.1,61.21999514269467,61.21999514269467,3747.887805271559,3.9571859978167656
3,551,2025-11-04,156,Bags,0.0,15.470588235294118,top-down,topdown_RM6_180,62.619047619047656,62.619047619047656,3921.145124716558,4.04761904761905
3,551,2025-11-04,156,Bags,0.0,15.470588235294118,top-down,topdown_rolling_mean_30,71.69241982507286,71.69241982507286,5139.8030603745,4.63411078717201
3,551,2025-11-04,156,Bags,0.0,15.470588235294118,top-down,topdown_tsb,58.89522806618658,58.89522806618658,3468.6478889681316,3.8069158826052165
3,551,2025-11-04,174,Uncategorised,30.0,3.2941176470588234,per-SKU,persku_rolling_mean_30,52.00000000000001,22.000000000000007,484.00000000000034,6.6785714285714315
3,551,2025-11-04,174,Uncategorised,30.0,3.2941176470588234,per-SKU,persku_rolling_mean_180,17.666666666666664,12.333333333333336,152.11111111111117,3.74404761904762
3,551,2025-11-04,174,Uncategorised,30.0,3.2941176470588234,per-SKU,persku_tsb,35.6110329789992,5.611032978999198,31.483691091416613,1.7033492971961852
3,551,2025-11-04,174,Uncategorised,30.0,3.2941176470588234,per-SKU,persku_ewma_a0.1,33.60060914641815,3.600609146418151,12.964386225270045,1.0930420623055102
3,551,2025-11-04,174,Uncategorised,30.0,3.2941176470588234,top-down,topdown_RM6_180,17.666666666666664,12.333333333333336,152.11111111111117,3.74404761904762
3,551,2025-11-04,174,Uncategorised,30.0,3.2941176470588234,top-down,topdown_rolling_mean_30,52.00000000000001,22.000000000000007,484.00000000000034,6.6785714285714315
3,551,2025-11-04,174,Uncategorised,30.0,3.2941176470588234,top-down,topdown_tsb,35.6110329789992,5.611032978999198,31.483691091416613,1.7033492971961852
3,551,2025-11-04,187,Outerwear,60.0,4.411764705882353,per-SKU,persku_rolling_mean_30,75.0,15.0,225.0,3.4
3,551,2025-11-04,187,Outerwear,60.0,4.411764705882353,per-SKU,persku_rolling_mean_180,20.83333333333332,39.16666666666668,1534.0277777777787,8.87777777777778
3,551,2025-11-04,187,Outerwear,60.0,4.411764705882353,per-SKU,persku_tsb,58.16556805809788,1.8344319419021176,3.365140549470774,0.4158045734978133
3,551,2025-11-04,187,Outerwear,60.0,4.411764705882353,per-SKU,persku_ewma_a0.1,56.497327591006986,3.502672408993014,12.268714004720925,0.7939390793717498
3,551,2025-11-04,187,Outerwear,60.0,4.411764705882353,top-down,topdown_RM6_180,20.83333333333332,39.16666666666668,1534.0277777777787,8.87777777777778
3,551,2025-11-04,187,Outerwear,60.0,4.411764705882353,top-down,topdown_rolling_mean_30,75.0,15.0,225.0,3.4
3,551,2025-11-04,187,Outerwear,60.0,4.411764705882353,top-down,topdown_tsb,58.16556805809788,1.8344319419021176,3.365140549470774,0.4158045734978133
3,551,2025-11-04,190,Lanyards & IDs,0.0,26.705882352941178,per-SKU,persku_rolling_mean_30,0.0,0.0,0.0,0.0
3,551,2025-11-04,190,Lanyards & IDs,0.0,26.705882352941178,per-SKU,persku_rolling_mean_180,68.16666666666669,68.16666666666669,4646.694444444447,2.5524963289280476
3,551,2025-11-04,190,Lanyards & IDs,0.0,26.705882352941178,per-SKU,persku_tsb,2.2824833902013064,2.2824833902013064,5.20973042654485,0.08546743972119429
3,551,2025-11-04,190,Lanyards & IDs,0.0,26.705882352941178,per-SKU,persku_ewma_a0.1,1.8773110156712352,1.8773110156712352,3.5242966495605645,0.0702957869304207
3,551,2025-11-04,190,Lanyards & IDs,0.0,26.705882352941178,top-down,topdown_RM6_180,67.40631578947371,67.40631578947371,4543.611408310253,2.5240250405750064
3,551,2025-11-04,190,Lanyards & IDs,0.0,26.705882352941178,top-down,topdown_rolling_mean_30,75.15789473684212,75.15789473684212,5648.709141274241,2.8142824020403436
3,551,2025-11-04,190,Lanyards & IDs,0.0,26.705882352941178,top-down,topdown_tsb,62.35956985609343,62.35956985609343,3888.7159526369965,2.3350499725849962
3,551,2025-11-04,192,Lanyards & IDs,51.0,3.5294117647058822,per-SKU,persku_rolling_mean_30,60.0,9.0,81.0,2.5500000000000003
3,551,2025-11-04,192,Lanyards & IDs,51.0,3.5294117647058822,per-SKU,persku_rolling_mean_180,19.666666666666664,31.333333333333336,981.7777777777779,8.877777777777778
3,551,2025-11-04,192,Lanyards & IDs,51.0,3.5294117647058822,per-SKU,persku_tsb,48.803084949619816,2.196915050380184,4.826435738586968,0.6224592642743856
3,551,2025-11-04,192,Lanyards & IDs,51.0,3.5294117647058822,per-SKU,persku_ewma_a0.1,41.29648283457489,9.703517165425112,94.15824537969979,2.749329863537115
3,551,2025-11-04,192,Lanyards & IDs,51.0,3.5294117647058822,top-down,topdown_RM6_180,27.05423558897244,23.94576441102756,573.3996332284341,6.784633249791143
3,551,2025-11-04,192,Lanyards & IDs,51.0,3.5294117647058822,top-down,topdown_rolling_mean_30,30.165413533834595,20.834586466165405,434.07999321612266,5.903132832080198
3,551,2025-11-04,192,Lanyards & IDs,51.0,3.5294117647058822,top-down,topdown_tsb,25.028670894622532,25.971329105377468,674.5099354998267,7.358543246523616
3,551,2025-11-04,209,Keychains & Charms,0.0,22.41176470588235,per-SKU,persku_rolling_mean_30,0.0,0.0,0.0,0.0
3,551,2025-11-04,209,Keychains & Charms,0.0,22.41176470588235,per-SKU,persku_rolling_mean_180,0.0,0.0,0.0,0.0
3,551,2025-11-04,209,Keychains & Charms,0.0,22.41176470588235,per-SKU,persku_tsb,3.2243916025384437e-11,3.2243916025384437e-11,1.0396701206520433e-21,1.4387049145184658e-12
3,551,2025-11-04,209,Keychains & Charms,0.0,22.41176470588235,per-SKU,persku_ewma_a0.1,1.4743487181075147e-11,1.4743487181075147e-11,2.173704142585272e-22,6.578458847198885e-13
3,551,2025-11-04,209,Keychains & Charms,0.0,22.41176470588235,top-down,topdown_RM6_180,0.0,0.0,0.0,0.0
3,551,2025-11-04,209,Keychains & Charms,0.0,22.41176470588235,top-down,topdown_rolling_mean_30,0.0,0.0,0.0,0.0
3,551,2025-11-04,209,Keychains & Charms,0.0,22.41176470588235,top-down,topdown_tsb,0.0,0.0,0.0,0.0
3,551,2025-11-04,212,Stationery,83.0,16.0,per-SKU,persku_rolling_mean_30,40.000000000000014,42.999999999999986,1848.9999999999989,2.687499999999999
3,551,2025-11-04,212,Stationery,83.0,16.0,per-SKU,persku_rolling_mean_180,44.66666666666666,38.33333333333334,1469.4444444444453,2.395833333333334
3,551,2025-11-04,212,Stationery,83.0,16.0,per-SKU,persku_tsb,43.2641668908486,39.7358331091514,1578.9364328783327,2.4834895693219625
3,551,2025-11-04,212,Stationery,83.0,16.0,per-SKU,persku_ewma_a0.1,32.78096140911041,50.21903859088959,2521.951836993258,3.1386899119305993
3,551,2025-11-04,212,Stationery,83.0,16.0,top-down,topdown_RM6_180,80.29309281529449,2.706907184705514,7.327346506610333,0.16918169904409464
3,551,2025-11-04,212,Stationery,83.0,16.0,top-down,topdown_rolling_mean_30,67.76456984273818,15.235430157261817,232.11833207680283,0.9522143848288636
3,551,2025-11-04,212,Stationery,83.0,16.0,top-down,topdown_tsb,53.87155414808993,29.128445851910072,848.4663577476571,1.8205278657443795
3,551,2025-11-04,213,Stationery,0.0,6.0,per-SKU,persku_rolling_mean_30,0.0,0.0,0.0,0.0
3,551,2025-11-04,213,Stationery,0.0,6.0,per-SKU,persku_rolling_mean_180,6.833333333333334,6.833333333333334,46.69444444444445,1.138888888888889
3,551,2025-11-04,213,Stationery,0.0,6.0,per-SKU,persku_tsb,5.063347768824012e-06,5.063347768824012e-06,2.5637490628055104e-11,8.43891294804002e-07
3,551,2025-11-04,213,Stationery,0.0,6.0,per-SKU,persku_ewma_a0.1,4.6106362804123135e-06,4.6106362804123135e-06,2.1257966910254292e-11,7.684393800687189e-07
3,551,2025-11-04,213,Stationery,0.0,6.0,top-down,topdown_RM6_180,0.0,0.0,0.0,0.0
3,551,2025-11-04,213,Stationery,0.0,6.0,top-down,topdown_rolling_mean_30,0.0,0.0,0.0,0.0
3,551,2025-11-04,213,Stationery,0.0,6.0,top-down,topdown_tsb,0.0,0.0,0.0,0.0
3,551,2025-11-04,215,Lanyards & IDs,338.0,132.76470588235293,per-SKU,persku_rolling_mean_30,431.9999999999999,93.99999999999989,8835.999999999978,0.70801949490474
3,551,2025-11-04,215,Lanyards & IDs,338.0,132.76470588235293,per-SKU,persku_rolling_mean_180,437.83333333333326,99.83333333333326,9966.694444444429,0.7519568749076941
3,551,2025-11-04,215,Lanyards & IDs,338.0,132.76470588235293,per-SKU,persku_tsb,346.4699332857319,8.469933285731884,71.73976986474891,0.0637965732642632
3,551,2025-11-04,215,Lanyards & IDs,338.0,132.76470588235293,per-SKU,persku_ewma_a0.1,366.6967595669248,28.69675956692481,823.5040096418907,0.21614750227634996
3,551,2025-11-04,215,Lanyards & IDs,338.0,132.76470588235293,top-down,topdown_RM6_180,454.8779949874688,116.87799498746881,13660.465712290785,0.8803393508138989
3,551,2025-11-04,215,Lanyards & IDs,338.0,132.76470588235293,top-down,topdown_rolling_mean_30,507.1879699248122,169.1879699248122,28624.569167279154,1.2743444788311067
3,551,2025-11-04,215,Lanyards & IDs,338.0,132.76470588235293,top-down,topdown_tsb,420.8210428383992,82.8210428383992,6859.325136839954,0.6238182225311415
3,551,2025-11-04,216,Lanyards & IDs,0.0,26.764705882352942,per-SKU,persku_rolling_mean_30,0.0,0.0,0.0,0.0
3,551,2025-11-04,216,Lanyards & IDs,0.0,26.764705882352942,per-SKU,persku_rolling_mean_180,4.333333333333334,4.333333333333334,18.777777777777782,0.1619047619047619
3,551,2025-11-04,216,Lanyards & IDs,0.0,26.764705882352942,per-SKU,persku_tsb,2.8609113408208715e-06,2.8609113408208715e-06,8.184813700037476e-12,1.0689119295374685e-07
3,551,2025-11-04,216,Lanyards & IDs,0.0,26.764705882352942,per-SKU,persku_ewma_a0.1,2.752871486878122e-06,2.752871486878122e-06,7.578301423266563e-12,1.028545390701716e-07
3,551,2025-11-04,216,Lanyards & IDs,0.0,26.764705882352942,top-down,topdown_RM6_180,0.0,0.0,0.0,0.0
3,551,2025-11-04,216,Lanyards & IDs,0.0,26.764705882352942,top-down,topdown_rolling_mean_30,0.0,0.0,0.0,0.0
3,551,2025-11-04,216,Lanyards & IDs,0.0,26.764705882352942,top-down,topdown_tsb,0.0,0.0,0.0,0.0
3,551,2025-11-04,221,Stationery,10.0,18.470588235294116,per-SKU,persku_rolling_mean_30,41.999999999999986,31.999999999999986,1023.9999999999991,1.7324840764331204
3,551,2025-11-04,221,Stationery,10.0,18.470588235294116,per-SKU,persku_rolling_mean_180,62.16666666666667,52.16666666666667,2721.3611111111118,2.824309978768578
3,551,2025-11-04,221,Stationery,10.0,18.470588235294116,per-SKU,persku_tsb,38.08952727464642,28.08952727464642,789.0215425131053,1.5207705849330866
3,551,2025-11-04,221,Stationery,10.0,18.470588235294116,per-SKU,persku_ewma_a0.1,34.84647481242401,24.846474812424013,617.347310604421,1.3451913115006633
3,551,2025-11-04,221,Stationery,10.0,18.470588235294116,top-down,topdown_RM6_180,64.83919210607462,54.83919210607462,3007.3369908469567,2.969000846507225
3,551,2025-11-04,221,Stationery,10.0,18.470588235294116,top-down,topdown_rolling_mean_30,54.72201665124882,44.72201665124882,2000.058773354577,2.4212556785707964
3,551,2025-11-04,221,Stationery,10.0,18.470588235294116,top-down,topdown_tsb,43.5029705045245,33.5029705045245,1122.4490326270386,1.8138550910092883
3,551,2025-11-04,227,Stationery,41.0,18.58823529411765,per-SKU,persku_rolling_mean_30,37.99999999999999,3.000000000000007,9.000000000000043,0.1613924050632915
3,551,2025-11-04,227,Stationery,41.0,18.58823529411765,per-SKU,persku_rolling_mean_180,67.0,26.0,676.0,1.3987341772151898
3,551,2025-11-04,227,Stationery,41.0,18.58823529411765,per-SKU,persku_tsb,31.491441888496624,9.508558111503376,90.41267735983665,0.5115363540998651
3,551,2025-11-04,227,Stationery,41.0,18.58823529411765,per-SKU,persku_ewma_a0.1,30.00862555952731,10.99137444047269,120.81031209067633,0.5913081186330245
3,551,2025-11-04,227,Stationery,41.0,18.58823529411765,top-down,topdown_RM6_180,55.09651557200124,14.096515572001238,198.7117512716734,0.7583568503924716
3,551,2025-11-04,227,Stationery,41.0,18.58823529411765,top-down,topdown_rolling_mean_30,46.49953746530988,5.499537465309878,30.244912332346995,0.2958611927540124
3,551,2025-11-04,227,Stationery,41.0,18.58823529411765,top-down,topdown_tsb,36.966254729233256,4.033745270766744,16.27110090943307,0.21700528355390708
3,551,2025-11-04,228,Stationery,74.0,36.88235294117647,per-SKU,persku_rolling_mean_30,75.0,1.0,1.0,0.02711323763955343
3,551,2025-11-04,228,Stationery,74.0,36.88235294117647,per-SKU,persku_rolling_mean_180,126.00000000000003,52.00000000000003,2704.000000000003,1.409888357256779
3,551,2025-11-04,228,Stationery,74.0,36.88235294117647,per-SKU,persku_tsb,56.92823317830283,17.071766821697167,291.4452224144002,0.462870870763719
3,551,2025-11-04,228,Stationery,74.0,36.88235294117647,per-SKU,persku_ewma_a0.1,54.5747184785895,19.425281521410497,377.3415621860521,0.5266822741052288
3,551,2025-11-04,228,Stationery,74.0,36.88235294117647,top-down,topdown_RM6_180,107.16944187480728,33.169441874807276,1100.2118742862185,0.8993309599230043
3,551,2025-11-04,228,Stationery,74.0,36.88235294117647,top-down,topdown_rolling_mean_30,90.44727104532836,16.447271045328364,270.51272483849675,0.44593876837413426
3,551,2025-11-04,228,Stationery,74.0,36.88235294117647,top-down,topdown_tsb,71.9038735282037,2.096126471796296,4.393746185765189,0.056832775152371666
3,551,2025-11-04,229,Stationery,100.0,60.705882352941174,per-SKU,persku_rolling_mean_30,98.0,2.0,4.0,0.03294573643410853
3,551,2025-11-04,229,Stationery,100.0,60.705882352941174,per-SKU,persku_rolling_mean_180,190.49999999999994,90.49999999999994,8190.24999999999,1.49079457364341
3,551,2025-11-04,229,Stationery,100.0,60.705882352941174,per-SKU,persku_tsb,77.40453276360938,22.59546723639062,510.5551396308019,0.37221215408783
3,551,2025-11-04,229,Stationery,100.0,60.705882352941174,per-SKU,persku_ewma_a0.1,70.60526739165948,29.39473260834052,864.0503051158374,0.4842155565327411
3,551,2025-11-04,229,Stationery,100.0,60.705882352941174,top-down,topdown_RM6_180,157.22664199814986,57.22664199814986,3274.8885543844094,0.9426869321400655
3,551,2025-11-04,229,Stationery,100.0,60.705882352941174,top-down,topdown_rolling_mean_30,132.6938020351526,32.6938020351526,1068.8846915137483,0.5385606924395293
3,551,2025-11-04,229,Stationery,100.0,60.705882352941174,top-down,topdown_tsb,105.48906837366563,5.489068373665631,30.12987161077626,0.09042069995379431
3,551,2025-11-04,242,Plush & Souvenirs,0.0,110.0,per-SKU,persku_rolling_mean_30,0.0,0.0,0.0,0.0
3,551,2025-11-04,242,Plush & Souvenirs,0.0,110.0,per-SKU,persku_rolling_mean_180,0.0,0.0,0.0,0.0
3,551,2025-11-04,242,Plush & Souvenirs,0.0,110.0,per-SKU,persku_tsb,4.827065654114358e-12,4.827065654114358e-12,2.3300562829130474e-23,4.388241503740325e-14
3,551,2025-11-04,242,Plush & Souvenirs,0.0,110.0,per-SKU,persku_ewma_a0.1,6.455778305607907e-12,6.455778305607907e-12,4.16770735311577e-23,5.868889368734461e-14
3,551,2025-11-04,242,Plush & Souvenirs,0.0,110.0,top-down,topdown_RM6_180,0.0,0.0,0.0,0.0
3,551,2025-11-04,242,Plush & Souvenirs,0.0,110.0,top-down,topdown_rolling_mean_30,0.0,0.0,0.0,0.0
3,551,2025-11-04,242,Plush & Souvenirs,0.0,110.0,top-down,topdown_tsb,0.0,0.0,0.0,0.0
3,551,2025-11-04,250,Plush & Souvenirs,0.0,6.352941176470588,per-SKU,persku_rolling_mean_30,0.0,0.0,0.0,0.0
3,551,2025-11-04,250,Plush & Souvenirs,0.0,6.352941176470588,per-SKU,persku_rolling_mean_180,0.0,0.0,0.0,0.0
3,551,2025-11-04,250,Plush & Souvenirs,0.0,6.352941176470588,per-SKU,persku_tsb,1.3619631533527618e-11,1.3619631533527618e-11,1.8549436310905987e-22,2.143830889536755e-12
3,551,2025-11-04,250,Plush & Souvenirs,0.0,6.352941176470588,per-SKU,persku_ewma_a0.1,1.312381900958913e-11,1.312381900958913e-11,1.72234625396453e-22,2.0657863255834743e-12
3,551,2025-11-04,250,Plush & Souvenirs,0.0,6.352941176470588,top-down,topdown_RM6_180,0.0,0.0,0.0,0.0
3,551,2025-11-04,250,Plush & Souvenirs,0.0,6.352941176470588,top-down,topdown_rolling_mean_30,0.0,0.0,0.0,0.0
3,551,2025-11-04,250,Plush & Souvenirs,0.0,6.352941176470588,top-down,topdown_tsb,0.0,0.0,0.0,0.0
3,551,2025-11-04,251,Plush & Souvenirs,0.0,28.941176470588236,per-SKU,persku_rolling_mean_30,60.0,60.0,3600.0,2.073170731707317
3,551,2025-11-04,251,Plush & Souvenirs,0.0,28.941176470588236,per-SKU,persku_rolling_mean_180,90.3333333333333,90.3333333333333,8160.111111111105,3.121273712737126
3,551,2025-11-04,251,Plush & Souvenirs,0.0,28.941176470588236,per-SKU,persku_tsb,39.93253782052681,39.93253782052681,1594.6075767878042,1.3797828108718613
3,551,2025-11-04,251,Plush & Souvenirs,0.0,28.941176470588236,per-SKU,persku_ewma_a0.1,38.76734813601093,38.76734813601093,1502.9072814986703,1.3395221916914346
3,551,2025-11-04,251,Plush & Souvenirs,0.0,28.941176470588236,top-down,topdown_RM6_180,77.69195402298848,77.69195402298848,6036.039719910156,2.6844780861601714
3,551,2025-11-04,251,Plush & Souvenirs,0.0,28.941176470588236,top-down,topdown_rolling_mean_30,64.83448275862072,64.83448275862072,4203.510154577888,2.240215867675919
3,551,2025-11-04,251,Plush & Souvenirs,0.0,28.941176470588236,top-down,topdown_tsb,42.773274586381994,42.773274586381994,1829.5530188420319,1.4779383495294591
3,551,2025-11-04,252,Plush & Souvenirs,0.0,10.941176470588236,per-SKU,persku_rolling_mean_30,0.0,0.0,0.0,0.0
3,551,2025-11-04,252,Plush & Souvenirs,0.0,10.941176470588236,per-SKU,persku_rolling_mean_180,0.0,0.0,0.0,0.0
3,551,2025-11-04,252,Plush & Souvenirs,0.0,10.941176470588236,per-SKU,persku_tsb,1.0567180382006802e-11,1.0567180382006802e-11,1.1166530122586942e-22,9.658175617963205e-13
3,551,2025-11-04,252,Plush & Souvenirs,0.0,10.941176470588236,per-SKU,persku_ewma_a0.1,9.498811275323226e-12,9.498811275323226e-12,9.022741564420765e-23,8.681709230134131e-13
3,551,2025-11-04,252,Plush & Souvenirs,0.0,10.941176470588236,top-down,topdown_RM6_180,0.0,0.0,0.0,0.0
3,551,2025-11-04,252,Plush & Souvenirs,0.0,10.941176470588236,top-down,topdown_rolling_mean_30,0.0,0.0,0.0,0.0
3,551,2025-11-04,252,Plush & Souvenirs,0.0,10.941176470588236,top-down,topdown_tsb,0.0,0.0,0.0,0.0
3,551,2025-11-04,261,Stationery,175.0,49.705882352941174,per-SKU,persku_rolling_mean_30,49.0,126.0,15876.0,2.5349112426035503
3,551,2025-11-04,261,Stationery,175.0,49.705882352941174,per-SKU,persku_rolling_mean_180,52.00000000000001,123.0,15129.0,2.4745562130177516
3,551,2025-11-04,261,Stationery,175.0,49.705882352941174,per-SKU,persku_tsb,89.94344729122841,85.05655270877159,7234.61715870004,1.711196918401322
3,551,2025-11-04,261,Stationery,175.0,49.705882352941174,per-SKU,persku_ewma_a0.1,52.03754416909339,122.9624558309066,15119.765543967658,2.4738008865389496
3,551,2025-11-04,261,Stationery,175.0,49.705882352941174,top-down,topdown_RM6_180,72.90209682392847,102.09790317607153,10423.981832950476,2.0540406556132735
3,551,2025-11-04,261,Stationery,175.0,49.705882352941174,top-down,topdown_rolling_mean_30,61.52682701202588,113.47317298797412,12876.1609879587,2.2828922376278817
3,551,2025-11-04,261,Stationery,175.0,49.705882352941174,top-down,topdown_tsb,48.91266631855864,126.08733368144135,15898.015714895135,2.5366682515792935
3,551,2025-11-04,267,Shirts & Tops,30.0,1.3529411764705883,per-SKU,persku_rolling_mean_30,22.999999999999996,7.0000000000000036,49.00000000000005,5.173913043478263
3,551,2025-11-04,267,Shirts & Tops,30.0,1.3529411764705883,per-SKU,persku_rolling_mean_180,7.333333333333333,22.666666666666668,513.7777777777778,16.753623188405797
3,551,2025-11-04,267,Shirts & Tops,30.0,1.3529411764705883,per-SKU,persku_tsb,25.05993045871319,4.94006954128681,24.404287072749675,3.651355747907642
3,551,2025-11-04,267,Shirts & Tops,30.0,1.3529411764705883,per-SKU,persku_ewma_a0.1,24.174743972487384,5.825256027512616,33.93360778607206,4.3056240203354115
3,551,2025-11-04,267,Shirts & Tops,30.0,1.3529411764705883,top-down,topdown_RM6_180,10.297163798597834,19.702836201402164,388.20175437928367,14.562965887992902
3,551,2025-11-04,267,Shirts & Tops,30.0,1.3529411764705883,top-down,topdown_rolling_mean_30,8.770554493307838,21.229445506692162,450.689356521612,15.691329287555076
3,551,2025-11-04,267,Shirts & Tops,30.0,1.3529411764705883,top-down,topdown_tsb,7.367691322416,22.632308677584,512.221396077444,16.72822815299687
3,551,2025-11-04,276,Stationery,0.0,36.94117647058823,per-SKU,persku_rolling_mean_30,0.0,0.0,0.0,0.0
3,551,2025-11-04,276,Stationery,0.0,36.94117647058823,per-SKU,persku_rolling_mean_180,0.0,0.0,0.0,0.0
3,551,2025-11-04,276,Stationery,0.0,36.94117647058823,per-SKU,persku_tsb,3.4816782354979243e-07,3.4816782354979243e-07,1.212208333553994e-13,9.424925159787375e-09
3,551,2025-11-04,276,Stationery,0.0,36.94117647058823,per-SKU,persku_ewma_a0.1,1.5330286995908006e-07,1.5330286995908006e-07,2.350176993769061e-14,4.149918454306308e-09
3,551,2025-11-04,276,Stationery,0.0,36.94117647058823,top-down,topdown_RM6_180,0.0,0.0,0.0,0.0
3,551,2025-11-04,276,Stationery,0.0,36.94117647058823,top-down,topdown_rolling_mean_30,0.0,0.0,0.0,0.0
3,551,2025-11-04,276,Stationery,0.0,36.94117647058823,top-down,topdown_tsb,0.0,0.0,0.0,0.0
3,551,2025-11-04,277,Stationery,55.0,52.470588235294116,per-SKU,persku_rolling_mean_30,91.99999999999999,36.999999999999986,1368.9999999999989,0.7051569506726455
3,551,2025-11-04,277,Stationery,55.0,52.470588235294116,per-SKU,persku_rolling_mean_180,55.83333333333336,0.833333333333357,0.6944444444444839,0.015881913303438418
3,551,2025-11-04,277,Stationery,55.0,52.470588235294116,per-SKU,persku_tsb,70.99360115463818,15.993601154638185,255.79527789364388,0.3048107843372748
3,551,2025-11-04,277,Stationery,55.0,52.470588235294116,per-SKU,persku_ewma_a0.1,92.69562055606092,37.695620556060916,1420.9598091065222,0.7184142931087844
3,551,2025-11-04,277,Stationery,55.0,52.470588235294116,top-down,topdown_RM6_180,51.401017576318225,3.5989824236817753,12.952674485970347,0.0685904722002132
3,551,2025-11-04,277,Stationery,55.0,52.470588235294116,top-down,topdown_rolling_mean_30,43.38066604995373,11.619333950046268,135.0089214426978,0.22144470532599392
3,551,2025-11-04,277,Stationery,55.0,52.470588235294116,top-down,topdown_tsb,34.48681081446761,20.51318918553239,420.790930561443,0.39094643066597606
3,551,2025-11-04,291,Shirts & Tops,0.0,0.0,per-SKU,persku_rolling_mean_30,0.0,0.0,0.0,
3,551,2025-11-04,291,Shirts & Tops,0.0,0.0,per-SKU,persku_rolling_mean_180,0.0,0.0,0.0,
3,551,2025-11-04,291,Shirts & Tops,0.0,0.0,per-SKU,persku_tsb,0.0,0.0,0.0,
3,551,2025-11-04,291,Shirts & Tops,0.0,0.0,per-SKU,persku_ewma_a0.1,0.0,0.0,0.0,
3,551,2025-11-04,291,Shirts & Tops,0.0,0.0,top-down,topdown_RM6_180,0.0,0.0,0.0,
3,551,2025-11-04,291,Shirts & Tops,0.0,0.0,top-down,topdown_rolling_mean_30,0.0,0.0,0.0,
3,551,2025-11-04,291,Shirts & Tops,0.0,0.0,top-down,topdown_tsb,0.0,0.0,0.0,
3,551,2025-11-04,326,Stationery,0.0,6.117647058823529,per-SKU,persku_rolling_mean_30,0.0,0.0,0.0,0.0
3,551,2025-11-04,326,Stationery,0.0,6.117647058823529,per-SKU,persku_rolling_mean_180,8.666666666666668,8.666666666666668,75.11111111111113,1.416666666666667
3,551,2025-11-04,326,Stationery,0.0,6.117647058823529,per-SKU,persku_tsb,4.765190052786972e-06,4.765190052786972e-06,2.2707036239179904e-11,7.789252970901781e-07
3,551,2025-11-04,326,Stationery,0.0,6.117647058823529,per-SKU,persku_ewma_a0.1,5.178235769174625e-06,5.178235769174625e-06,2.6814125681159517e-11,8.464423853458522e-07
3,551,2025-11-04,326,Stationery,0.0,6.117647058823529,top-down,topdown_RM6_180,0.0,0.0,0.0,0.0
3,551,2025-11-04,326,Stationery,0.0,6.117647058823529,top-down,topdown_rolling_mean_30,0.0,0.0,0.0,0.0
3,551,2025-11-04,326,Stationery,0.0,6.117647058823529,top-down,topdown_tsb,0.0,0.0,0.0,0.0
3,551,2025-11-04,340,Lanyards & IDs,0.0,18.235294117647058,per-SKU,persku_rolling_mean_30,0.0,0.0,0.0,0.0
3,551,2025-11-04,340,Lanyards & IDs,0.0,18.235294117647058,per-SKU,persku_rolling_mean_180,71.16666666666666,71.16666666666666,5064.694444444443,3.9026881720430104
3,551,2025-11-04,340,Lanyards & IDs,0.0,18.235294117647058,per-SKU,persku_tsb,1.1907645598559435,1.1907645598559435,1.417920237008919,0.06529999199210013
3,551,2025-11-04,340,Lanyards & IDs,0.0,18.235294117647058,per-SKU,persku_ewma_a0.1,0.3440525909336555,0.3440525909336555,0.11837218532816127,0.018867400147974656
3,551,2025-11-04,340,Lanyards & IDs,0.0,18.235294117647058,top-down,topdown_RM6_180,28.888421052631593,28.888421052631593,834.5408709141282,1.5842037351443132
3,551,2025-11-04,340,Lanyards & IDs,0.0,18.235294117647058,top-down,topdown_rolling_mean_30,32.21052631578949,32.21052631578949,1037.518005540167,1.7663837011884558
3,551,2025-11-04,340,Lanyards & IDs,0.0,18.235294117647058,top-down,topdown_tsb,26.725529938325757,26.725529938325757,714.2539504843463,1.4655935772630255
3,551,2025-11-04,346,Keychains & Charms,24.0,4.705882352941177,per-SKU,persku_rolling_mean_30,80.00000000000003,56.00000000000003,3136.000000000003,11.900000000000006
3,551,2025-11-04,346,Keychains & Charms,24.0,4.705882352941177,per-SKU,persku_rolling_mean_180,21.49999999999999,2.5000000000000107,6.250000000000053,0.5312500000000022
3,551,2025-11-04,346,Keychains & Charms,24.0,4.705882352941177,per-SKU,persku_tsb,74.10440571979366,50.10440571979366,2510.4514725336917,10.647186215456152
3,551,2025-11-04,346,Keychains & Charms,24.0,4.705882352941177,per-SKU,persku_ewma_a0.1,71.76674890299277,47.766748902992774,2281.6623007615613,10.150434141885965
3,551,2025-11-04,346,Keychains & Charms,24.0,4.705882352941177,top-down,topdown_RM6_180,41.5528846153846,17.5528846153846,308.10375832100533,3.729987980769227
3,551,2025-11-04,346,Keychains & Charms,24.0,4.705882352941177,top-down,topdown_rolling_mean_30,52.71634615384615,28.716346153846153,824.6285364275147,6.102223557692307
3,551,2025-11-04,346,Keychains & Charms,24.0,4.705882352941177,top-down,topdown_tsb,40.67415093973498,16.67415093973498,278.0273095610649,3.543257074693683
3,551,2025-11-04,350,Keychains & Charms,1.0,0.0,per-SKU,persku_rolling_mean_30,0.0,1.0,1.0,
3,551,2025-11-04,350,Keychains & Charms,1.0,0.0,per-SKU,persku_rolling_mean_180,0.0,1.0,1.0,
3,551,2025-11-04,350,Keychains & Charms,1.0,0.0,per-SKU,persku_tsb,0.0,1.0,1.0,
3,551,2025-11-04,350,Keychains & Charms,1.0,0.0,per-SKU,persku_ewma_a0.1,0.0,1.0,1.0,
3,551,2025-11-04,350,Keychains & Charms,1.0,0.0,top-down,topdown_RM6_180,0.0,1.0,1.0,
3,551,2025-11-04,350,Keychains & Charms,1.0,0.0,top-down,topdown_rolling_mean_30,0.0,1.0,1.0,
3,551,2025-11-04,350,Keychains & Charms,1.0,0.0,top-down,topdown_tsb,0.0,1.0,1.0,
3,551,2025-11-04,352,Plush & Souvenirs,45.0,0.0,per-SKU,persku_rolling_mean_30,0.0,45.0,2025.0,
3,551,2025-11-04,352,Plush & Souvenirs,45.0,0.0,per-SKU,persku_rolling_mean_180,0.0,45.0,2025.0,
3,551,2025-11-04,352,Plush & Souvenirs,45.0,0.0,per-SKU,persku_tsb,0.0,45.0,2025.0,
3,551,2025-11-04,352,Plush & Souvenirs,45.0,0.0,per-SKU,persku_ewma_a0.1,0.0,45.0,2025.0,
3,551,2025-11-04,352,Plush & Souvenirs,45.0,0.0,top-down,topdown_RM6_180,0.0,45.0,2025.0,
3,551,2025-11-04,352,Plush & Souvenirs,45.0,0.0,top-down,topdown_rolling_mean_30,0.0,45.0,2025.0,
3,551,2025-11-04,352,Plush & Souvenirs,45.0,0.0,top-down,topdown_tsb,0.0,45.0,2025.0,
3,551,2025-11-04,354,Plush & Souvenirs,23.0,1.1176470588235294,per-SKU,persku_rolling_mean_30,18.999999999999996,4.0000000000000036,16.00000000000003,3.5789473684210558
3,551,2025-11-04,354,Plush & Souvenirs,23.0,1.1176470588235294,per-SKU,persku_rolling_mean_180,4.333333333333334,18.666666666666664,348.44444444444434,16.70175438596491
3,551,2025-11-04,354,Plush & Souvenirs,23.0,1.1176470588235294,per-SKU,persku_tsb,14.436335447296809,8.563664552703191,73.33635057122514,7.662226178734434
3,551,2025-11-04,354,Plush & Souvenirs,23.0,1.1176470588235294,per-SKU,persku_ewma_a0.1,15.078764250715011,7.921235749284989,62.74597579575052,7.087421459886569
3,551,2025-11-04,354,Plush & Souvenirs,23.0,1.1176470588235294,top-down,topdown_RM6_180,16.974712643678156,6.025287356321844,36.30408772625187,5.391046581972176
3,551,2025-11-04,354,Plush & Souvenirs,23.0,1.1176470588235294,top-down,topdown_rolling_mean_30,14.165517241379318,8.834482758620682,78.0480856123661,7.904537205081663
3,551,2025-11-04,354,Plush & Souvenirs,23.0,1.1176470588235294,top-down,topdown_tsb,9.345421338201108,13.654578661798892,186.44751843125363,12.21725459213585
3,551,2025-11-04,356,Bags,0.0,25.823529411764707,per-SKU,persku_rolling_mean_30,75.0,75.0,5625.0,2.9043280182232345
3,551,2025-11-04,356,Bags,0.0,25.823529411764707,per-SKU,persku_rolling_mean_180,66.50000000000001,66.50000000000001,4422.250000000002,2.575170842824602
3,551,2025-11-04,356,Bags,0.0,25.823529411764707,per-SKU,persku_tsb,53.30084998819083,53.30084998819083,2840.980609463623,2.0640420268775492
3,551,2025-11-04,356,Bags,0.0,25.823529411764707,per-SKU,persku_ewma_a0.1,54.635955152630146,54.635955152630146,2985.0875954402127,2.1157431380289577
3,551,2025-11-04,356,Bags,0.0,25.823529411764707,top-down,topdown_RM6_180,54.28571428571432,54.28571428571432,2946.938775510208,2.1021802798568188
3,551,2025-11-04,356,Bags,0.0,25.823529411764707,top-down,topdown_rolling_mean_30,62.151603498542244,62.151603498542244,3862.8218174400085,2.4067819122442327
3,551,2025-11-04,356,Bags,0.0,25.823529411764707,top-down,topdown_tsb,51.0574600725876,51.0574600725876,2606.8642290638772,1.9771681577084037
3,551,2025-11-04,358,Bags,21.0,136.88235294117646,per-SKU,persku_rolling_mean_30,49.0,28.0,784.0,0.20455522131499787
3,551,2025-11-04,358,Bags,21.0,136.88235294117646,per-SKU,persku_rolling_mean_180,51.833333333333314,30.833333333333314,950.6944444444433,0.2252542615671106
3,551,2025-11-04,358,Bags,21.0,136.88235294117646,per-SKU,persku_tsb,41.42061566790951,20.42061566790951,417.00154425647133,0.14918369847634794
3,551,2025-11-04,358,Bags,21.0,136.88235294117646,per-SKU,persku_ewma_a0.1,35.62159783200557,14.62159783200557,213.79112316091,0.10681872073231401
3,551,2025-11-04,358,Bags,21.0,136.88235294117646,top-down,topdown_RM6_180,46.42857142857145,25.428571428571452,646.6122448979604,0.18576953772484517
3,551,2025-11-04,358,Bags,21.0,136.88235294117646,top-down,topdown_rolling_mean_30,53.15597667638481,32.15597667638481,1034.0068360122038,0.23491689020135015
3,551,2025-11-04,358,Bags,21.0,136.88235294117646,top-down,topdown_tsb,43.66756453576571,22.667564535765713,513.8184819831034,0.16559888143876972
3,551,2025-11-04,359,Bags,48.0,0.0,per-SKU,persku_rolling_mean_30,0.0,48.0,2304.0,
3,551,2025-11-04,359,Bags,48.0,0.0,per-SKU,persku_rolling_mean_180,0.0,48.0,2304.0,
3,551,2025-11-04,359,Bags,48.0,0.0,per-SKU,persku_tsb,0.0,48.0,2304.0,
3,551,2025-11-04,359,Bags,48.0,0.0,per-SKU,persku_ewma_a0.1,0.0,48.0,2304.0,
3,551,2025-11-04,359,Bags,48.0,0.0,top-down,topdown_RM6_180,0.0,48.0,2304.0,
3,551,2025-11-04,359,Bags,48.0,0.0,top-down,topdown_rolling_mean_30,0.0,48.0,2304.0,
3,551,2025-11-04,359,Bags,48.0,0.0,top-down,topdown_tsb,0.0,48.0,2304.0,
3,551,2025-11-04,377,Lanyards & IDs,117.0,73.23529411764706,per-SKU,persku_rolling_mean_30,214.99999999999994,97.99999999999994,9603.999999999989,1.3381526104417663
3,551,2025-11-04,377,Lanyards & IDs,117.0,73.23529411764706,per-SKU,persku_rolling_mean_180,134.49999999999997,17.49999999999997,306.24999999999903,0.2389558232931723
3,551,2025-11-04,377,Lanyards & IDs,117.0,73.23529411764706,per-SKU,persku_tsb,194.99387140052852,77.99387140052852,6083.0439760421805,1.064976557276293
3,551,2025-11-04,377,Lanyards & IDs,117.0,73.23529411764706,per-SKU,persku_ewma_a0.1,205.68903864726266,88.68903864726266,7865.74557617565,1.2110149855449521
3,551,2025-11-04,377,Lanyards & IDs,117.0,73.23529411764706,top-down,topdown_RM6_180,147.42265664160408,30.42265664160408,925.5380371329368,0.41540976940342916
3,551,2025-11-04,377,Lanyards & IDs,117.0,73.23529411764706,top-down,topdown_rolling_mean_30,164.3759398496241,47.3759398496241,2244.479676635201,0.6469003834888432
3,551,2025-11-04,377,Lanyards & IDs,117.0,73.23529411764706,top-down,topdown_tsb,136.38504563764653,19.385045637646527,375.77999437363866,0.26469540228111726
3,551,2025-11-04,378,Lanyards & IDs,0.0,4.117647058823529,per-SKU,persku_rolling_mean_30,0.0,0.0,0.0,0.0
3,551,2025-11-04,378,Lanyards & IDs,0.0,4.117647058823529,per-SKU,persku_rolling_mean_180,0.0,0.0,0.0,0.0
3,551,2025-11-04,378,Lanyards & IDs,0.0,4.117647058823529,per-SKU,persku_tsb,2.0059121839602905e-13,2.0059121839602905e-13,4.0236836897603426e-26,4.871501018189277e-14
3,551,2025-11-04,378,Lanyards & IDs,0.0,4.117647058823529,per-SKU,persku_ewma_a0.1,2.0884799603215104e-13,2.0884799603215104e-13,4.361748544664538e-26,5.0720227607808114e-14
3,551,2025-11-04,378,Lanyards & IDs,0.0,4.117647058823529,top-down,topdown_RM6_180,0.0,0.0,0.0,0.0
3,551,2025-11-04,378,Lanyards & IDs,0.0,4.117647058823529,top-down,topdown_rolling_mean_30,0.0,0.0,0.0,0.0
3,551,2025-11-04,378,Lanyards & IDs,0.0,4.117647058823529,top-down,topdown_tsb,0.0,0.0,0.0,0.0
3,551,2025-11-04,380,Shirts & Tops,0.0,0.0,per-SKU,persku_rolling_mean_30,0.0,0.0,0.0,
3,551,2025-11-04,380,Shirts & Tops,0.0,0.0,per-SKU,persku_rolling_mean_180,0.0,0.0,0.0,
3,551,2025-11-04,380,Shirts & Tops,0.0,0.0,per-SKU,persku_tsb,0.0,0.0,0.0,
3,551,2025-11-04,380,Shirts & Tops,0.0,0.0,per-SKU,persku_ewma_a0.1,0.0,0.0,0.0,
3,551,2025-11-04,380,Shirts & Tops,0.0,0.0,top-down,topdown_RM6_180,0.0,0.0,0.0,
3,551,2025-11-04,380,Shirts & Tops,0.0,0.0,top-down,topdown_rolling_mean_30,0.0,0.0,0.0,
3,551,2025-11-04,380,Shirts & Tops,0.0,0.0,top-down,topdown_tsb,0.0,0.0,0.0,
3,551,2025-11-04,381,Keychains & Charms,0.0,0.0,per-SKU,persku_rolling_mean_30,0.0,0.0,0.0,
3,551,2025-11-04,381,Keychains & Charms,0.0,0.0,per-SKU,persku_rolling_mean_180,0.0,0.0,0.0,
3,551,2025-11-04,381,Keychains & Charms,0.0,0.0,per-SKU,persku_tsb,0.0,0.0,0.0,
3,551,2025-11-04,381,Keychains & Charms,0.0,0.0,per-SKU,persku_ewma_a0.1,0.0,0.0,0.0,
3,551,2025-11-04,381,Keychains & Charms,0.0,0.0,top-down,topdown_RM6_180,0.0,0.0,0.0,
3,551,2025-11-04,381,Keychains & Charms,0.0,0.0,top-down,topdown_rolling_mean_30,0.0,0.0,0.0,
3,551,2025-11-04,381,Keychains & Charms,0.0,0.0,top-down,topdown_tsb,0.0,0.0,0.0,
3,551,2025-11-04,389,Drinkware,43.0,7.470588235294118,per-SKU,persku_rolling_mean_30,79.00000000000004,36.00000000000004,1296.0000000000032,4.818897637795281
3,551,2025-11-04,389,Drinkware,43.0,7.470588235294118,per-SKU,persku_rolling_mean_180,30.333333333333343,12.666666666666657,160.4444444444442,1.6955380577427808
3,551,2025-11-04,389,Drinkware,43.0,7.470588235294118,per-SKU,persku_tsb,55.82402741198946,12.824027411989462,164.45567906345715,1.7166020945182745
3,551,2025-11-04,389,Drinkware,43.0,7.470588235294118,per-SKU,persku_ewma_a0.1,69.25686380782086,26.256863807820864,689.4228970224532,3.514698304983895
3,551,2025-11-04,389,Drinkware,43.0,7.470588235294118,top-down,topdown_RM6_180,58.451310861423245,15.451310861423245,238.74300733633595,2.0682857058598043
3,551,2025-11-04,389,Drinkware,43.0,7.470588235294118,top-down,topdown_rolling_mean_30,68.50561797752809,25.50561797752809,650.5365484156041,3.414137839511634
3,551,2025-11-04,389,Drinkware,43.0,7.470588235294118,top-down,topdown_tsb,50.152111839446924,7.152111839446924,51.152703763956865,0.957369301343289
3,551,2025-11-04,392,Drinkware,109.0,5.588235294117647,per-SKU,persku_rolling_mean_30,55.000000000000014,53.999999999999986,2915.9999999999986,9.66315789473684
3,551,2025-11-04,392,Drinkware,109.0,5.588235294117647,per-SKU,persku_rolling_mean_180,22.33333333333333,86.66666666666667,7511.111111111112,15.508771929824563
3,551,2025-11-04,392,Drinkware,109.0,5.588235294117647,per-SKU,persku_tsb,40.11520010693755,68.88479989306245,4745.115656307256,12.326753665074333
3,551,2025-11-04,392,Drinkware,109.0,5.588235294117647,per-SKU,persku_ewma_a0.1,45.294439856441016,63.705560143558984,4058.398393204611,11.399942341478976
3,551,2025-11-04,392,Drinkware,109.0,5.588235294117647,top-down,topdown_RM6_180,43.03558052434458,65.96441947565542,4351.304636760228,11.80415927459097
3,551,2025-11-04,392,Drinkware,109.0,5.588235294117647,top-down,topdown_rolling_mean_30,50.43820224719101,58.56179775280899,3429.4841560409045,10.479479597871084
3,551,2025-11-04,392,Drinkware,109.0,5.588235294117647,top-down,topdown_tsb,36.92518124442795,72.07481875557205,5194.7794986485615,12.897599145733947
3,551,2025-11-04,393,Drinkware,0.0,4.705882352941177,per-SKU,persku_rolling_mean_30,0.0,0.0,0.0,0.0
3,551,2025-11-04,393,Drinkware,0.0,4.705882352941177,per-SKU,persku_rolling_mean_180,10.000000000000004,10.000000000000004,100.00000000000007,2.125000000000001
3,551,2025-11-04,393,Drinkware,0.0,4.705882352941177,per-SKU,persku_tsb,0.05939927999143686,0.05939927999143686,0.0035282744635011117,0.012622346998180333
3,551,2025-11-04,393,Drinkware,0.0,4.705882352941177,per-SKU,persku_ewma_a0.1,0.06688773168902916,0.06688773168902916,0.004473968650503556,0.014213642983918695
3,551,2025-11-04,393,Drinkware,0.0,4.705882352941177,top-down,topdown_RM6_180,12.846441947565546,12.846441947565546,165.03107071217167,2.7298689138576786
3,551,2025-11-04,393,Drinkware,0.0,4.705882352941177,top-down,topdown_rolling_mean_30,15.0561797752809,15.0561797752809,226.68854942557758,3.1994382022471908
3,551,2025-11-04,393,Drinkware,0.0,4.705882352941177,top-down,topdown_tsb,11.022442162515807,11.022442162515807,121.49423122600614,2.342268959534609
3,551,2025-11-04,394,Drinkware,0.0,22.647058823529413,per-SKU,persku_rolling_mean_30,0.0,0.0,0.0,0.0
3,551,2025-11-04,394,Drinkware,0.0,22.647058823529413,per-SKU,persku_rolling_mean_180,51.666666666666664,51.666666666666664,2669.4444444444443,2.281385281385281
3,551,2025-11-04,394,Drinkware,0.0,22.647058823529413,per-SKU,persku_tsb,0.0009171820206723172,0.0009171820206723172,8.412228590445548e-07,4.049894636734907e-05
3,551,2025-11-04,394,Drinkware,0.0,22.647058823529413,per-SKU,persku_ewma_a0.1,0.0006050935854342037,0.0006050935854342037,3.6613824713362e-07,2.671841805813367e-05
3,551,2025-11-04,394,Drinkware,0.0,22.647058823529413,top-down,topdown_RM6_180,0.0,0.0,0.0,0.0
3,551,2025-11-04,394,Drinkware,0.0,22.647058823529413,top-down,topdown_rolling_mean_30,0.0,0.0,0.0,0.0
3,551,2025-11-04,394,Drinkware,0.0,22.647058823529413,top-down,topdown_tsb,0.0,0.0,0.0,0.0
3,551,2025-11-04,395,Shirts & Tops,147.0,55.1764705882353,per-SKU,persku_rolling_mean_30,322.00000000000006,175.00000000000006,30625.00000000002,3.171641791044777
3,551,2025-11-04,395,Shirts & Tops,147.0,55.1764705882353,per-SKU,persku_rolling_mean_180,292.16666666666663,145.16666666666663,21073.3611111111,2.63095238095238
3,551,2025-11-04,395,Shirts & Tops,147.0,55.1764705882353,per-SKU,persku_tsb,240.1325251365247,93.13252513652469,8673.667238305403,1.6879029075915988
3,551,2025-11-04,395,Shirts & Tops,147.0,55.1764705882353,per-SKU,persku_ewma_a0.1,239.20300636264594,92.20300636264594,8501.394382310127,1.6710566185127727
3,551,2025-11-04,395,Shirts & Tops,147.0,55.1764705882353,top-down,topdown_RM6_180,279.4275812619503,132.4275812619503,17537.06427889045,2.400073434385027
3,551,2025-11-04,395,Shirts & Tops,147.0,55.1764705882353,top-down,topdown_rolling_mean_30,238.0009560229445,91.00095602294451,8281.17399708988,1.6492710579851348
3,551,2025-11-04,395,Shirts & Tops,147.0,55.1764705882353,top-down,topdown_tsb,199.93235088556148,52.932350885561476,2801.8337702722006,0.9593283209536727
3,551,2025-11-04,397,Shirts & Tops,0.0,0.0,per-SKU,persku_rolling_mean_30,0.0,0.0,0.0,
3,551,2025-11-04,397,Shirts & Tops,0.0,0.0,per-SKU,persku_rolling_mean_180,0.0,0.0,0.0,
3,551,2025-11-04,397,Shirts & Tops,0.0,0.0,per-SKU,persku_tsb,0.0,0.0,0.0,
3,551,2025-11-04,397,Shirts & Tops,0.0,0.0,per-SKU,persku_ewma_a0.1,0.0,0.0,0.0,
3,551,2025-11-04,397,Shirts & Tops,0.0,0.0,top-down,topdown_RM6_180,0.0,0.0,0.0,
3,551,2025-11-04,397,Shirts & Tops,0.0,0.0,top-down,topdown_rolling_mean_30,0.0,0.0,0.0,
3,551,2025-11-04,397,Shirts & Tops,0.0,0.0,top-down,topdown_tsb,0.0,0.0,0.0,
3,551,2025-11-04,400,Shirts & Tops,0.0,2.235294117647059,per-SKU,persku_rolling_mean_30,0.0,0.0,0.0,0.0
3,551,2025-11-04,400,Shirts & Tops,0.0,2.235294117647059,per-SKU,persku_rolling_mean_180,0.0,0.0,0.0,0.0
3,551,2025-11-04,400,Shirts & Tops,0.0,2.235294117647059,per-SKU,persku_tsb,8.960053723754377e-23,8.960053723754377e-23,8.028256273256468e-45,4.008445086942748e-23
3,551,2025-11-04,400,Shirts & Tops,0.0,2.235294117647059,per-SKU,persku_ewma_a0.1,1.1629409049227465e-22,1.1629409049227465e-22,1.3524315483425365e-44,5.2026303641280765e-23
3,551,2025-11-04,400,Shirts & Tops,0.0,2.235294117647059,top-down,topdown_RM6_180,0.0,0.0,0.0,0.0
3,551,2025-11-04,400,Shirts & Tops,0.0,2.235294117647059,top-down,topdown_rolling_mean_30,0.0,0.0,0.0,0.0
3,551,2025-11-04,400,Shirts & Tops,0.0,2.235294117647059,top-down,topdown_tsb,0.0,0.0,0.0,0.0
3,551,2025-11-04,401,Shirts & Tops,0.0,5.235294117647059,per-SKU,persku_rolling_mean_30,0.0,0.0,0.0,0.0
3,551,2025-11-04,401,Shirts & Tops,0.0,5.235294117647059,per-SKU,persku_rolling_mean_180,0.0,0.0,0.0,0.0
3,551,2025-11-04,401,Shirts & Tops,0.0,5.235294117647059,per-SKU,persku_tsb,1.819814890148614e-22,1.819814890148614e-22,3.3117262344066123e-44,3.4760509137670155e-23
3,551,2025-11-04,401,Shirts & Tops,0.0,5.235294117647059,per-SKU,persku_ewma_a0.1,1.56306276053617e-22,1.56306276053617e-22,2.4431651933749525e-44,2.9856254976533584e-23
3,551,2025-11-04,401,Shirts & Tops,0.0,5.235294117647059,top-down,topdown_RM6_180,0.0,0.0,0.0,0.0
3,551,2025-11-04,401,Shirts & Tops,0.0,5.235294117647059,top-down,topdown_rolling_mean_30,0.0,0.0,0.0,0.0
3,551,2025-11-04,401,Shirts & Tops,0.0,5.235294117647059,top-down,topdown_tsb,0.0,0.0,0.0,0.0
3,551,2025-11-04,402,Shirts & Tops,372.0,126.88235294117646,per-SKU,persku_rolling_mean_30,401.00000000000006,29.000000000000057,841.0000000000033,0.22855818266110384
3,551,2025-11-04,402,Shirts & Tops,372.0,126.88235294117646,per-SKU,persku_rolling_mean_180,512.6666666666667,140.66666666666674,19787.11111111113,1.1086385411837436
3,551,2025-11-04,402,Shirts & Tops,372.0,126.88235294117646,per-SKU,persku_tsb,350.0391239409056,21.960876059094403,482.2800772829057,0.17308061799008106
3,551,2025-11-04,402,Shirts & Tops,372.0,126.88235294117646,per-SKU,persku_ewma_a0.1,328.0211587592891,43.97884124071089,1934.1384768756532,0.3466111734316575
3,551,2025-11-04,402,Shirts & Tops,372.0,126.88235294117646,top-down,topdown_RM6_180,507.83739643084766,135.83739643084766,18451.798269111267,1.0705775332982894
3,551,2025-11-04,402,Shirts & Tops,372.0,126.88235294117646,top-down,topdown_rolling_mean_30,432.54780114722735,60.54780114722735,3666.0362237641853,0.47719639290814325
3,551,2025-11-04,402,Shirts & Tops,372.0,126.88235294117646,top-down,topdown_tsb,363.36114021915273,8.63885978084727,74.62989831314053,0.0680855893715362
3,551,2025-11-04,403,Shirts & Tops,0.0,0.0,per-SKU,persku_rolling_mean_30,0.0,0.0,0.0,
3,551,2025-11-04,403,Shirts & Tops,0.0,0.0,per-SKU,persku_rolling_mean_180,0.0,0.0,0.0,
3,551,2025-11-04,403,Shirts & Tops,0.0,0.0,per-SKU,persku_tsb,0.0,0.0,0.0,
3,551,2025-11-04,403,Shirts & Tops,0.0,0.0,per-SKU,persku_ewma_a0.1,0.0,0.0,0.0,
3,551,2025-11-04,403,Shirts & Tops,0.0,0.0,top-down,topdown_RM6_180,0.0,0.0,0.0,
3,551,2025-11-04,403,Shirts & Tops,0.0,0.0,top-down,topdown_rolling_mean_30,0.0,0.0,0.0,
3,551,2025-11-04,403,Shirts & Tops,0.0,0.0,top-down,topdown_tsb,0.0,0.0,0.0,
3,551,2025-11-04,404,Shirts & Tops,72.0,73.52941176470588,per-SKU,persku_rolling_mean_30,88.00000000000001,16.000000000000014,256.00000000000045,0.21760000000000018
3,551,2025-11-04,404,Shirts & Tops,72.0,73.52941176470588,per-SKU,persku_rolling_mean_180,166.99999999999997,94.99999999999997,9024.999999999995,1.2919999999999996
3,551,2025-11-04,404,Shirts & Tops,72.0,73.52941176470588,per-SKU,persku_tsb,89.54684840214534,17.546848402145343,307.8918888478706,0.23863713826917668
3,551,2025-11-04,404,Shirts & Tops,72.0,73.52941176470588,per-SKU,persku_ewma_a0.1,72.68131083634934,0.6813108363493399,0.464184455727037,0.009265827374351021
3,551,2025-11-04,404,Shirts & Tops,72.0,73.52941176470588,top-down,topdown_RM6_180,181.60452517527088,109.60452517527088,12013.151938896588,1.490621542383684
3,551,2025-11-04,404,Shirts & Tops,72.0,73.52941176470588,top-down,topdown_rolling_mean_30,154.68068833652003,82.68068833652003,6836.0962238007605,1.1244573613766724
3,551,2025-11-04,404,Shirts & Tops,72.0,73.52941176470588,top-down,topdown_tsb,129.93928332260944,57.93928332260944,3356.9605519376087,0.7879742531874884
3,551,2025-11-04,406,Shirts & Tops,0.0,3.2941176470588234,per-SKU,persku_rolling_mean_30,0.0,0.0,0.0,0.0
3,551,2025-11-04,406,Shirts & Tops,0.0,3.2941176470588234,per-SKU,persku_rolling_mean_180,0.0,0.0,0.0,0.0
3,551,2025-11-04,406,Shirts & Tops,0.0,3.2941176470588234,per-SKU,persku_tsb,1.0807054840721023e-22,1.0807054840721023e-22,1.1679243433035168e-44,3.280713076647453e-23
3,551,2025-11-04,406,Shirts & Tops,0.0,3.2941176470588234,per-SKU,persku_ewma_a0.1,9.060725922294741e-23,9.060725922294741e-23,8.209675423894389e-45,2.7505775121251895e-23
3,551,2025-11-04,406,Shirts & Tops,0.0,3.2941176470588234,top-down,topdown_RM6_180,0.0,0.0,0.0,0.0
3,551,2025-11-04,406,Shirts & Tops,0.0,3.2941176470588234,top-down,topdown_rolling_mean_30,0.0,0.0,0.0,0.0
3,551,2025-11-04,406,Shirts & Tops,0.0,3.2941176470588234,top-down,topdown_tsb,0.0,0.0,0.0,0.0
3,551,2025-11-04,419,Umbrellas & Gear,88.0,54.411764705882355,per-SKU,persku_rolling_mean_30,117.00000000000003,29.00000000000003,841.0000000000017,0.5329729729729735
3,551,2025-11-04,419,Umbrellas & Gear,88.0,54.411764705882355,per-SKU,persku_rolling_mean_180,156.6666666666667,68.66666666666671,4715.111111111118,1.2619819819819829
3,551,2025-11-04,419,Umbrellas & Gear,88.0,54.411764705882355,per-SKU,persku_tsb,89.90355385017293,1.9035538501729263,3.6235172605081716,0.03498423292209702
3,551,2025-11-04,419,Umbrellas & Gear,88.0,54.411764705882355,per-SKU,persku_ewma_a0.1,82.0313603668275,5.968639633172501,35.624659070677566,0.10969391758262974
3,551,2025-11-04,419,Umbrellas & Gear,88.0,54.411764705882355,top-down,topdown_RM6_180,156.6666666666667,68.66666666666671,4715.111111111118,1.2619819819819829
3,551,2025-11-04,419,Umbrellas & Gear,88.0,54.411764705882355,top-down,topdown_rolling_mean_30,117.00000000000003,29.00000000000003,841.0000000000017,0.5329729729729735
3,551,2025-11-04,419,Umbrellas & Gear,88.0,54.411764705882355,top-down,topdown_tsb,89.90355385017293,1.9035538501729263,3.6235172605081716,0.03498423292209702
3,551,2025-11-04,477,Bags,0.0,0.23529411764705882,per-SKU,persku_rolling_mean_30,0.0,0.0,0.0,0.0
3,551,2025-11-04,477,Bags,0.0,0.23529411764705882,per-SKU,persku_rolling_mean_180,0.0,0.0,0.0,0.0
3,551,2025-11-04,477,Bags,0.0,0.23529411764705882,per-SKU,persku_tsb,9.283795226761875e-23,9.283795226761875e-23,8.618885381244658e-45,3.945612971373797e-22
3,551,2025-11-04,477,Bags,0.0,0.23529411764705882,per-SKU,persku_ewma_a0.1,3.7515791955520155e-22,3.7515791955520155e-22,1.4074346460498708e-43,1.5944211581096065e-21
3,551,2025-11-04,477,Bags,0.0,0.23529411764705882,top-down,topdown_RM6_180,0.0,0.0,0.0,0.0
3,551,2025-11-04,477,Bags,0.0,0.23529411764705882,top-down,topdown_rolling_mean_30,0.0,0.0,0.0,0.0
3,551,2025-11-04,477,Bags,0.0,0.23529411764705882,top-down,topdown_tsb,0.0,0.0,0.0,0.0
4,581,2025-12-04,29,Keychains & Charms,281.0,35.111111111111114,per-SKU,persku_rolling_mean_30,94.00000000000004,186.99999999999994,34968.99999999998,5.325949367088605
4,581,2025-12-04,29,Keychains & Charms,281.0,35.111111111111114,per-SKU,persku_rolling_mean_180,91.33333333333337,189.66666666666663,35973.44444444443,5.401898734177213
4,581,2025-12-04,29,Keychains & Charms,281.0,35.111111111111114,per-SKU,persku_tsb,121.0782541560115,159.9217458439885,25574.964793789255,4.554733267708533
4,581,2025-12-04,29,Keychains & Charms,281.0,35.111111111111114,per-SKU,persku_ewma_a0.1,141.49139540753956,139.50860459246044,19462.650755335475,3.973346333329569
4,581,2025-12-04,29,Keychains & Charms,281.0,35.111111111111114,top-down,topdown_RM6_180,85.95949644225504,195.04050355774496,38040.79802805872,5.5549510506952675
4,581,2025-12-04,29,Keychains & Charms,281.0,35.111111111111114,top-down,topdown_rolling_mean_30,81.3087027914614,199.6912972085386,39876.614180828896,5.687410363534327
4,581,2025-12-04,29,Keychains & Charms,281.0,35.111111111111114,top-down,topdown_tsb,107.47680409782964,173.52319590217036,30110.29951610299,4.942116338985864
4,581,2025-12-04,39,Plush & Souvenirs,0.0,0.0,per-SKU,persku_rolling_mean_30,0.0,0.0,0.0,
4,581,2025-12-04,39,Plush & Souvenirs,0.0,0.0,per-SKU,persku_rolling_mean_180,0.0,0.0,0.0,
4,581,2025-12-04,39,Plush & Souvenirs,0.0,0.0,per-SKU,persku_tsb,0.0,0.0,0.0,
4,581,2025-12-04,39,Plush & Souvenirs,0.0,0.0,per-SKU,persku_ewma_a0.1,0.0,0.0,0.0,
4,581,2025-12-04,39,Plush & Souvenirs,0.0,0.0,top-down,topdown_RM6_180,0.0,0.0,0.0,
4,581,2025-12-04,39,Plush & Souvenirs,0.0,0.0,top-down,topdown_rolling_mean_30,0.0,0.0,0.0,
4,581,2025-12-04,39,Plush & Souvenirs,0.0,0.0,top-down,topdown_tsb,0.0,0.0,0.0,
4,581,2025-12-04,48,Umbrellas & Gear,0.0,0.0,per-SKU,persku_rolling_mean_30,0.0,0.0,0.0,
4,581,2025-12-04,48,Umbrellas & Gear,0.0,0.0,per-SKU,persku_rolling_mean_180,0.0,0.0,0.0,
4,581,2025-12-04,48,Umbrellas & Gear,0.0,0.0,per-SKU,persku_tsb,0.0,0.0,0.0,
4,581,2025-12-04,48,Umbrellas & Gear,0.0,0.0,per-SKU,persku_ewma_a0.1,0.0,0.0,0.0,
4,581,2025-12-04,48,Umbrellas & Gear,0.0,0.0,top-down,topdown_RM6_180,0.0,0.0,0.0,
4,581,2025-12-04,48,Umbrellas & Gear,0.0,0.0,top-down,topdown_rolling_mean_30,0.0,0.0,0.0,
4,581,2025-12-04,48,Umbrellas & Gear,0.0,0.0,top-down,topdown_tsb,0.0,0.0,0.0,
4,581,2025-12-04,54,Stationery,424.0,25.72222222222222,per-SKU,persku_rolling_mean_30,339.0000000000001,84.99999999999989,7224.999999999981,3.3045356371490238
4,581,2025-12-04,54,Stationery,424.0,25.72222222222222,per-SKU,persku_rolling_mean_180,149.83333333333331,274.1666666666667,75167.36111111112,10.658747300215984
4,581,2025-12-04,54,Stationery,424.0,25.72222222222222,per-SKU,persku_tsb,349.33329933592813,74.66670066407187,5575.11618805811,2.902809097091347
4,581,2025-12-04,54,Stationery,424.0,25.72222222222222,per-SKU,persku_ewma_a0.1,381.83712241403015,42.16287758596985,1777.708246329479,1.6391615476186985
4,581,2025-12-04,54,Stationery,424.0,25.72222222222222,top-down,topdown_RM6_180,204.0715287517532,219.9284712482468,48368.53246559092,8.55013495133573
4,581,2025-12-04,54,Stationery,424.0,25.72222222222222,top-down,topdown_rolling_mean_30,259.94296400187005,164.05703599812995,26914.711060491707,6.378027317421899
4,581,2025-12-04,54,Stationery,424.0,25.72222222222222,top-down,topdown_tsb,281.492276200133,142.507723799867,20308.451342619177,5.540257080772367
4,581,2025-12-04,55,Stationery,0.0,0.0,per-SKU,persku_rolling_mean_30,0.0,0.0,0.0,
4,581,2025-12-04,55,Stationery,0.0,0.0,per-SKU,persku_rolling_mean_180,0.0,0.0,0.0,
4,581,2025-12-04,55,Stationery,0.0,0.0,per-SKU,persku_tsb,0.0,0.0,0.0,
4,581,2025-12-04,55,Stationery,0.0,0.0,per-SKU,persku_ewma_a0.1,0.0,0.0,0.0,
4,581,2025-12-04,55,Stationery,0.0,0.0,top-down,topdown_RM6_180,0.0,0.0,0.0,
4,581,2025-12-04,55,Stationery,0.0,0.0,top-down,topdown_rolling_mean_30,0.0,0.0,0.0,
4,581,2025-12-04,55,Stationery,0.0,0.0,top-down,topdown_tsb,0.0,0.0,0.0,
4,581,2025-12-04,74,Bags,225.0,5.555555555555555,per-SKU,persku_rolling_mean_30,99.99999999999997,125.00000000000003,15625.000000000007,22.500000000000007
4,581,2025-12-04,74,Bags,225.0,5.555555555555555,per-SKU,persku_rolling_mean_180,16.666666666666668,208.33333333333334,43402.77777777778,37.5
4,581,2025-12-04,74,Bags,225.0,5.555555555555555,per-SKU,persku_tsb,99.14491939537874,125.85508060462126,15839.501313995715,22.65391450883183
4,581,2025-12-04,74,Bags,225.0,5.555555555555555,per-SKU,persku_ewma_a0.1,79.1560755306543,145.8439244693457,21270.45030462021,26.251906404482227
4,581,2025-12-04,74,Bags,225.0,5.555555555555555,top-down,topdown_RM6_180,23.866292660121545,201.13370733987847,40454.76822828388,36.20406732117812
4,581,2025-12-04,74,Bags,225.0,5.555555555555555,top-down,topdown_rolling_mean_30,23.702664796633936,201.29733520336606,40520.61715997632,36.23352033660589
4,581,2025-12-04,74,Bags,225.0,5.555555555555555,top-down,topdown_tsb,24.827722848776766,200.17227715122323,40068.94053990612,36.03100988722018
4,581,2025-12-04,112,Keychains & Charms,38.0,29.555555555555557,per-SKU,persku_rolling_mean_30,49.999999999999986,11.999999999999986,143.99999999999966,0.40601503759398444
4,581,2025-12-04,112,Keychains & Charms,38.0,29.555555555555557,per-SKU,persku_rolling_mean_180,61.66666666666667,23.66666666666667,560.1111111111113,0.8007518796992482
4,581,2025-12-04,112,Keychains & Charms,38.0,29.555555555555557,per-SKU,persku_tsb,61.24276580632868,23.242765806328677,540.2261623278415,0.7864093693870604
4,581,2025-12-04,112,Keychains & Charms,38.0,29.555555555555557,per-SKU,persku_ewma_a0.1,75.0837614117694,37.0837614117694,1375.2053604450373,1.2547137319771602
4,581,2025-12-04,112,Keychains & Charms,38.0,29.555555555555557,top-down,topdown_RM6_180,47.5270935960591,9.527093596059103,90.76551238807038,0.3223452720471125
4,581,2025-12-04,112,Keychains & Charms,38.0,29.555555555555557,top-down,topdown_rolling_mean_30,44.955665024630534,6.955665024630534,48.38127593486848,0.23534204970554437
4,581,2025-12-04,112,Keychains & Charms,38.0,29.555555555555557,top-down,topdown_tsb,59.42403503019932,21.42403503019932,458.9892769752076,0.7248733656834356
4,581,2025-12-04,148,Lanyards & IDs,0.0,15.88888888888889,per-SKU,persku_rolling_mean_30,0.0,0.0,0.0,0.0
4,581,2025-12-04,148,Lanyards & IDs,0.0,15.88888888888889,per-SKU,persku_rolling_mean_180,26.666666666666668,26.666666666666668,711.1111111111112,1.6783216783216783
4,581,2025-12-04,148,Lanyards & IDs,0.0,15.88888888888889,per-SKU,persku_tsb,4.164866177254381,4.164866177254381,17.34611027443752,0.2621244447223037
4,581,2025-12-04,148,Lanyards & IDs,0.0,15.88888888888889,per-SKU,persku_ewma_a0.1,4.358838566118606,4.358838566118606,18.999473645482905,0.2743324971683039
4,581,2025-12-04,148,Lanyards & IDs,0.0,15.88888888888889,top-down,topdown_RM6_180,52.566596194503155,52.566596194503155,2763.2470354759535,3.308387173080618
4,581,2025-12-04,148,Lanyards & IDs,0.0,15.88888888888889,top-down,topdown_rolling_mean_30,34.23255813953489,34.23255813953489,1171.8680367766362,2.1544966661245732
4,581,2025-12-04,148,Lanyards & IDs,0.0,15.88888888888889,top-down,topdown_tsb,45.36535713004793,45.36535713004793,2058.015627536791,2.8551623368561634
4,581,2025-12-04,156,Bags,0.0,18.11111111111111,per-SKU,persku_rolling_mean_30,0.0,0.0,0.0,0.0
4,581,2025-12-04,156,Bags,0.0,18.11111111111111,per-SKU,persku_rolling_mean_180,45.0,45.0,2025.0,2.4846625766871164
4,581,2025-12-04,156,Bags,0.0,18.11111111111111,per-SKU,persku_tsb,3.1860074485743084,3.1860074485743084,10.150643462370974,0.17591452170042193
4,581,2025-12-04,156,Bags,0.0,18.11111111111111,per-SKU,persku_ewma_a0.1,2.595186503701938,2.595186503701938,6.734992988996689,0.1432925063393708
4,581,2025-12-04,156,Bags,0.0,18.11111111111111,top-down,topdown_RM6_180,53.937821411874694,53.937821411874694,2909.2885786592883,2.978161918447069
4,581,2025-12-04,156,Bags,0.0,18.11111111111111,top-down,topdown_rolling_mean_30,53.568022440392696,53.568022440392696,2869.5330281744154,2.957743570328431
4,581,2025-12-04,156,Bags,0.0,18.11111111111111,top-down,topdown_tsb,56.11065363823549,56.11065363823549,3148.40545171003,3.098134249963923
4,581,2025-12-04,174,Uncategorised,63.0,4.333333333333333,per-SKU,persku_rolling_mean_30,30.0,33.0,1089.0,7.615384615384616
4,581,2025-12-04,174,Uncategorised,63.0,4.333333333333333,per-SKU,persku_rolling_mean_180,22.66666666666667,40.33333333333333,1626.7777777777774,9.307692307692307
4,581,2025-12-04,174,Uncategorised,63.0,4.333333333333333,per-SKU,persku_tsb,48.29594622109311,14.70405377890689,216.20919753298597,3.393243179747744
4,581,2025-12-04,174,Uncategorised,63.0,4.333333333333333,per-SKU,persku_ewma_a0.1,47.659035018314796,15.340964981685204,235.34520656929172,3.5402226880812013
4,581,2025-12-04,174,Uncategorised,63.0,4.333333333333333,top-down,topdown_RM6_180,22.66666666666667,40.33333333333333,1626.7777777777774,9.307692307692307
4,581,2025-12-04,174,Uncategorised,63.0,4.333333333333333,top-down,topdown_rolling_mean_30,30.0,33.0,1089.0,7.615384615384616
4,581,2025-12-04,174,Uncategorised,63.0,4.333333333333333,top-down,topdown_tsb,48.29594622109311,14.70405377890689,216.20919753298597,3.393243179747744
4,581,2025-12-04,187,Outerwear,74.0,5.0,per-SKU,persku_rolling_mean_30,60.0,14.0,196.0,2.8
4,581,2025-12-04,187,Outerwear,74.0,5.0,per-SKU,persku_rolling_mean_180,30.833333333333336,43.166666666666664,1863.3611111111109,8.633333333333333
4,581,2025-12-04,187,Outerwear,74.0,5.0,per-SKU,persku_tsb,65.40504863542499,8.59495136457501,73.87318895940983,1.718990272915002
4,581,2025-12-04,187,Outerwear,74.0,5.0,per-SKU,persku_ewma_a0.1,62.31614352258792,11.683856477412078,136.51250218476417,2.3367712954824156
4,581,2025-12-04,187,Outerwear,74.0,5.0,top-down,topdown_RM6_180,30.833333333333336,43.166666666666664,1863.3611111111109,8.633333333333333
4,581,2025-12-04,187,Outerwear,74.0,5.0,top-down,topdown_rolling_mean_30,60.0,14.0,196.0,2.8
4,581,2025-12-04,187,Outerwear,74.0,5.0,top-down,topdown_tsb,65.40504863542499,8.59495136457501,73.87318895940983,1.718990272915002
4,581,2025-12-04,190,Lanyards & IDs,0.0,25.22222222222222,per-SKU,persku_rolling_mean_30,0.0,0.0,0.0,0.0
4,581,2025-12-04,190,Lanyards & IDs,0.0,25.22222222222222,per-SKU,persku_rolling_mean_180,63.83333333333334,63.83333333333334,4074.6944444444457,2.530837004405287
4,581,2025-12-04,190,Lanyards & IDs,0.0,25.22222222222222,per-SKU,persku_tsb,0.09675711465457562,0.09675711465457562,0.009361939236278692,0.0038361851625162142
4,581,2025-12-04,190,Lanyards & IDs,0.0,25.22222222222222,per-SKU,persku_ewma_a0.1,0.07958138839712628,0.07958138839712628,0.0063331973792142655,0.0031552092316041256
4,581,2025-12-04,190,Lanyards & IDs,0.0,25.22222222222222,top-down,topdown_RM6_180,22.012262156448198,22.012262156448198,484.5396852442015,0.8727328608283427
4,581,2025-12-04,190,Lanyards & IDs,0.0,25.22222222222222,top-down,topdown_rolling_mean_30,14.334883720930234,14.334883720930234,205.48889129259064,0.5683434074377626
4,581,2025-12-04,190,Lanyards & IDs,0.0,25.22222222222222,top-down,topdown_tsb,18.996743298207573,18.996743298207573,360.87625593799436,0.7531748444223267
4,581,2025-12-04,192,Lanyards & IDs,74.0,3.8333333333333335,per-SKU,persku_rolling_mean_30,51.000000000000014,22.999999999999986,528.9999999999993,5.9999999999999964
4,581,2025-12-04,192,Lanyards & IDs,74.0,3.8333333333333335,per-SKU,persku_rolling_mean_180,28.16666666666667,45.83333333333333,2100.694444444444,11.956521739130434
4,581,2025-12-04,192,Lanyards & IDs,74.0,3.8333333333333335,per-SKU,persku_tsb,61.70355252591034,12.29644747408966,151.202620483046,3.2077689062842594
4,581,2025-12-04,192,Lanyards & IDs,74.0,3.8333333333333335,per-SKU,persku_ewma_a0.1,69.93048030370457,4.06951969629543,16.56099055853645,1.0616138338161991
4,581,2025-12-04,192,Lanyards & IDs,74.0,3.8333333333333335,top-down,topdown_RM6_180,55.52346723044396,18.476532769556037,341.38226318447806,4.8199650703189665
4,581,2025-12-04,192,Lanyards & IDs,74.0,3.8333333333333335,top-down,topdown_rolling_mean_30,36.15813953488372,37.84186046511628,1432.0064034613304,9.871789686552072
4,581,2025-12-04,192,Lanyards & IDs,74.0,3.8333333333333335,top-down,topdown_tsb,47.91715846861313,26.08284153138687,680.3146223514397,6.804219529927009
4,581,2025-12-04,209,Keychains & Charms,0.0,21.166666666666668,per-SKU,persku_rolling_mean_30,0.0,0.0,0.0,0.0
4,581,2025-12-04,209,Keychains & Charms,0.0,21.166666666666668,per-SKU,persku_rolling_mean_180,0.0,0.0,0.0,0.0
4,581,2025-12-04,209,Keychains & Charms,0.0,21.166666666666668,per-SKU,persku_tsb,1.36685694764485e-12,1.36685694764485e-12,1.868297915324996e-24,6.457591878637086e-14
4,581,2025-12-04,209,Keychains & Charms,0.0,21.166666666666668,per-SKU,persku_ewma_a0.1,6.249934986215782e-13,6.249934986215782e-13,3.9061687331924063e-25,2.9527251903381646e-14
4,581,2025-12-04,209,Keychains & Charms,0.0,21.166666666666668,top-down,topdown_RM6_180,0.0,0.0,0.0,0.0
4,581,2025-12-04,209,Keychains & Charms,0.0,21.166666666666668,top-down,topdown_rolling_mean_30,0.0,0.0,0.0,0.0
4,581,2025-12-04,209,Keychains & Charms,0.0,21.166666666666668,top-down,topdown_tsb,0.0,0.0,0.0,0.0
4,581,2025-12-04,212,Stationery,42.0,17.5,per-SKU,persku_rolling_mean_30,83.0,41.0,1681.0,2.342857142857143
4,581,2025-12-04,212,Stationery,42.0,17.5,per-SKU,persku_rolling_mean_180,57.83333333333333,15.833333333333329,250.6944444444443,0.9047619047619045
4,581,2025-12-04,212,Stationery,42.0,17.5,per-SKU,persku_tsb,91.88605924165972,49.88605924165972,2488.6189066623833,2.8506319566662697
4,581,2025-12-04,212,Stationery,42.0,17.5,per-SKU,persku_ewma_a0.1,71.98617417619987,29.986174176199867,899.1706417253957,1.713495667211421
4,581,2025-12-04,212,Stationery,42.0,17.5,top-down,topdown_RM6_180,53.431977559607304,11.431977559607304,130.69011092336498,0.6532558605489888
4,581,2025-12-04,212,Stationery,42.0,17.5,top-down,topdown_rolling_mean_30,68.06077606358112,26.060776063581116,679.1640490361225,1.4891872036332066
4,581,2025-12-04,212,Stationery,42.0,17.5,top-down,topdown_tsb,73.70302499877299,31.70302499877299,1005.0817940728251,1.8116014285013136
4,581,2025-12-04,213,Stationery,0.0,5.666666666666667,per-SKU,persku_rolling_mean_30,0.0,0.0,0.0,0.0
4,581,2025-12-04,213,Stationery,0.0,5.666666666666667,per-SKU,persku_rolling_mean_180,0.0,0.0,0.0,0.0
4,581,2025-12-04,213,Stationery,0.0,5.666666666666667,per-SKU,persku_tsb,2.1464117667068164e-07,2.1464117667068164e-07,4.607083472257477e-14,3.787785470659088e-08
4,581,2025-12-04,213,Stationery,0.0,5.666666666666667,per-SKU,persku_ewma_a0.1,1.954502123124127e-07,1.954502123124127e-07,3.8200785492967196e-14,3.449121393748459e-08
4,581,2025-12-04,213,Stationery,0.0,5.666666666666667,top-down,topdown_RM6_180,0.0,0.0,0.0,0.0
4,581,2025-12-04,213,Stationery,0.0,5.666666666666667,top-down,topdown_rolling_mean_30,0.0,0.0,0.0,0.0
4,581,2025-12-04,213,Stationery,0.0,5.666666666666667,top-down,topdown_tsb,0.0,0.0,0.0,0.0
4,581,2025-12-04,215,Lanyards & IDs,588.0,130.61111111111111,per-SKU,persku_rolling_mean_30,337.99999999999994,250.00000000000006,62500.00000000003,1.9140791152700982
4,581,2025-12-04,215,Lanyards & IDs,588.0,130.61111111111111,per-SKU,persku_rolling_mean_180,466.5000000000001,121.49999999999989,14762.249999999973,0.9302424500212666
4,581,2025-12-04,215,Lanyards & IDs,588.0,130.61111111111111,per-SKU,persku_tsb,439.758991709484,148.241008290516,21975.396538988833,1.1349800719818324
4,581,2025-12-04,215,Lanyards & IDs,588.0,130.61111111111111,per-SKU,persku_ewma_a0.1,428.4459496015779,159.55405039842208,25457.494998542214,1.2215963024974892
4,581,2025-12-04,215,Lanyards & IDs,588.0,130.61111111111111,top-down,topdown_RM6_180,419.2186046511627,168.7813953488373,28487.159415900514,1.2922437755334204
4,581,2025-12-04,215,Lanyards & IDs,588.0,130.61111111111111,top-down,topdown_rolling_mean_30,273.00465116279076,314.99534883720924,99222.06978907513,2.411704074466085
4,581,2025-12-04,215,Lanyards & IDs,588.0,130.61111111111111,top-down,topdown_tsb,361.7887231121323,226.2112768878677,51171.54179123955,1.7319451229185958
4,581,2025-12-04,216,Lanyards & IDs,0.0,25.27777777777778,per-SKU,persku_rolling_mean_30,0.0,0.0,0.0,0.0
4,581,2025-12-04,216,Lanyards & IDs,0.0,25.27777777777778,per-SKU,persku_rolling_mean_180,0.0,0.0,0.0,0.0
4,581,2025-12-04,216,Lanyards & IDs,0.0,25.27777777777778,per-SKU,persku_tsb,1.2127734546009868e-07,1.2127734546009868e-07,1.4708194521848116e-14,4.797785095124783e-09
4,581,2025-12-04,216,Lanyards & IDs,0.0,25.27777777777778,per-SKU,persku_ewma_a0.1,1.166974109115803e-07,1.166974109115803e-07,1.3618285713466222e-14,4.616600871227352e-09
4,581,2025-12-04,216,Lanyards & IDs,0.0,25.27777777777778,top-down,topdown_RM6_180,0.0,0.0,0.0,0.0
4,581,2025-12-04,216,Lanyards & IDs,0.0,25.27777777777778,top-down,topdown_rolling_mean_30,0.0,0.0,0.0,0.0
4,581,2025-12-04,216,Lanyards & IDs,0.0,25.27777777777778,top-down,topdown_tsb,0.0,0.0,0.0,0.0
4,581,2025-12-04,221,Stationery,2.0,19.22222222222222,per-SKU,persku_rolling_mean_30,10.000000000000004,8.000000000000004,64.00000000000006,0.4161849710982661
4,581,2025-12-04,221,Stationery,2.0,19.22222222222222,per-SKU,persku_rolling_mean_180,59.00000000000001,57.00000000000001,3249.000000000001,2.965317919075145
4,581,2025-12-04,221,Stationery,2.0,19.22222222222222,per-SKU,persku_tsb,15.807637299400708,13.807637299400708,190.65084779180168,0.7183163912983028
4,581,2025-12-04,221,Stationery,2.0,19.22222222222222,per-SKU,persku_ewma_a0.1,12.871288198290411,10.871288198290411,118.18490709028838,0.5655583455758018
4,581,2025-12-04,221,Stationery,2.0,19.22222222222222,top-down,topdown_RM6_180,37.98176718092568,35.98176718092568,1294.6875694623402,1.8718838417822607
4,581,2025-12-04,221,Stationery,2.0,19.22222222222222,top-down,topdown_rolling_mean_30,48.38055165965405,46.38055165965405,2151.1555722538383,2.412861068999344
4,581,2025-12-04,221,Stationery,2.0,19.22222222222222,top-down,topdown_tsb,52.39130692683864,50.39130692683864,2539.2838137948556,2.6215130771187733
4,581,2025-12-04,227,Stationery,15.0,17.72222222222222,per-SKU,persku_rolling_mean_30,41.0,26.0,676.0,1.4670846394984327
4,581,2025-12-04,227,Stationery,15.0,17.72222222222222,per-SKU,persku_rolling_mean_180,50.66666666666667,35.66666666666667,1272.1111111111115,2.0125391849529786
4,581,2025-12-04,227,Stationery,15.0,17.72222222222222,per-SKU,persku_tsb,44.40323267204002,29.40323267204002,864.5500915661216,1.6591165771057066
4,581,2025-12-04,227,Stationery,15.0,17.72222222222222,per-SKU,persku_ewma_a0.1,49.02783952561879,34.02783952561879,1157.8938627812643,1.9200661801289598
4,581,2025-12-04,227,Stationery,15.0,17.72222222222222,top-down,topdown_RM6_180,44.09747545582049,29.097475455820494,846.663077902076,1.641863818823727
4,581,2025-12-04,227,Stationery,15.0,17.72222222222222,top-down,topdown_rolling_mean_30,56.17064048620852,41.17064048620852,1695.021638044632,2.323108240601108
4,581,2025-12-04,227,Stationery,15.0,17.72222222222222,top-down,topdown_tsb,60.827195330312655,45.827195330312655,2100.13183184263,2.5858605515536923
4,581,2025-12-04,228,Stationery,44.0,34.888888888888886,per-SKU,persku_rolling_mean_30,74.00000000000001,30.000000000000014,900.0000000000009,0.8598726114649686
4,581,2025-12-04,228,Stationery,44.0,34.888888888888886,per-SKU,persku_rolling_mean_180,101.16666666666666,57.16666666666666,3268.027777777777,1.6385350318471337
4,581,2025-12-04,228,Stationery,44.0,34.888888888888886,per-SKU,persku_tsb,80.55293976168991,36.55293976168991,1336.1174052217314,1.0476957256535326
4,581,2025-12-04,228,Stationery,44.0,34.888888888888886,per-SKU,persku_ewma_a0.1,85.75432900639288,41.75432900639288,1743.4239907741019,1.1967801307564838
4,581,2025-12-04,228,Stationery,44.0,34.888888888888886,top-down,topdown_RM6_180,89.48246844319777,45.482468443197774,2068.654935686481,1.303637630537516
4,581,2025-12-04,228,Stationery,44.0,34.888888888888886,top-down,topdown_rolling_mean_30,113.98129967274427,69.98129967274427,4897.3823038864375,2.005833430110505
4,581,2025-12-04,228,Stationery,44.0,34.888888888888886,top-down,topdown_tsb,123.43036716661983,79.43036716661983,6309.1832282240375,2.276666574839422
4,581,2025-12-04,229,Stationery,30.0,57.44444444444444,per-SKU,persku_rolling_mean_30,99.99999999999997,69.99999999999997,4899.999999999996,1.2185686653771755
4,581,2025-12-04,229,Stationery,30.0,57.44444444444444,per-SKU,persku_rolling_mean_180,144.66666666666666,114.66666666666666,13148.444444444442,1.9961315280464216
4,581,2025-12-04,229,Stationery,30.0,57.44444444444444,per-SKU,persku_tsb,126.04981940143753,96.04981940143753,9225.567807048765,1.6720471462532647
4,581,2025-12-04,229,Stationery,30.0,57.44444444444444,per-SKU,persku_ewma_a0.1,134.2519824326268,104.25198243262679,10868.475841132724,1.8148314156550118
4,581,2025-12-04,229,Stationery,30.0,57.44444444444444,top-down,topdown_RM6_180,127.46423562412346,97.46423562412346,9499.277225794656,1.6966694789499248
4,581,2025-12-04,229,Stationery,30.0,57.44444444444444,top-down,topdown_rolling_mean_30,162.36185133239834,132.36185133239834,17519.65968813992,2.304171493213898
4,581,2025-12-04,229,Stationery,30.0,57.44444444444444,top-down,topdown_tsb,175.82167409345845,145.82167409345845,21263.960635418814,2.5384817540447315
4,581,2025-12-04,242,Plush & Souvenirs,0.0,103.88888888888889,per-SKU,persku_rolling_mean_30,0.0,0.0,0.0,0.0
4,581,2025-12-04,242,Plush & Souvenirs,0.0,103.88888888888889,per-SKU,persku_rolling_mean_180,0.0,0.0,0.0,0.0
4,581,2025-12-04,242,Plush & Souvenirs,0.0,103.88888888888889,per-SKU,persku_tsb,2.046249041484146e-13,2.046249041484146e-13,4.187135139774786e-26,1.969651483781531e-15
4,581,2025-12-04,242,Plush & Souvenirs,0.0,103.88888888888889,per-SKU,persku_ewma_a0.1,2.7366791994273224e-13,2.7366791994273224e-13,7.48941304057817e-26,2.634236662550364e-15
4,581,2025-12-04,242,Plush & Souvenirs,0.0,103.88888888888889,top-down,topdown_RM6_180,0.0,0.0,0.0,0.0
4,581,2025-12-04,242,Plush & Souvenirs,0.0,103.88888888888889,top-down,topdown_rolling_mean_30,0.0,0.0,0.0,0.0
4,581,2025-12-04,242,Plush & Souvenirs,0.0,103.88888888888889,top-down,topdown_tsb,0.0,0.0,0.0,0.0
4,581,2025-12-04,250,Plush & Souvenirs,0.0,6.0,per-SKU,persku_rolling_mean_30,0.0,0.0,0.0,0.0
4,581,2025-12-04,250,Plush & Souvenirs,0.0,6.0,per-SKU,persku_rolling_mean_180,0.0,0.0,0.0,0.0
4,581,2025-12-04,250,Plush & Souvenirs,0.0,6.0,per-SKU,persku_tsb,5.773519559878931e-13,5.773519559878931e-13,3.33335281083046e-25,9.622532599798218e-14
4,581,2025-12-04,250,Plush & Souvenirs,0.0,6.0,per-SKU,persku_ewma_a0.1,5.563338888107846e-13,5.563338888107846e-13,3.095073958393305e-25,9.272231480179744e-14
4,581,2025-12-04,250,Plush & Souvenirs,0.0,6.0,top-down,topdown_RM6_180,0.0,0.0,0.0,0.0
4,581,2025-12-04,250,Plush & Souvenirs,0.0,6.0,top-down,topdown_rolling_mean_30,0.0,0.0,0.0,0.0
4,581,2025-12-04,250,Plush & Souvenirs,0.0,6.0,top-down,topdown_tsb,0.0,0.0,0.0,0.0
4,581,2025-12-04,251,Plush & Souvenirs,0.0,30.666666666666668,per-SKU,persku_rolling_mean_30,0.0,0.0,0.0,0.0
4,581,2025-12-04,251,Plush & Souvenirs,0.0,30.666666666666668,per-SKU,persku_rolling_mean_180,54.66666666666667,54.66666666666667,2988.444444444445,1.782608695652174
4,581,2025-12-04,251,Plush & Souvenirs,0.0,30.666666666666668,per-SKU,persku_tsb,1.6927865310810097,1.6927865310810097,2.8655262398092782,0.05519956079611988
4,581,2025-12-04,251,Plush & Souvenirs,0.0,30.666666666666668,per-SKU,persku_ewma_a0.1,1.643392790744048,1.643392790744048,2.70073986466951,0.053588895350349386
4,581,2025-12-04,251,Plush & Souvenirs,0.0,30.666666666666668,top-down,topdown_RM6_180,35.166666666666664,35.166666666666664,1236.6944444444443,1.1467391304347825
4,581,2025-12-04,251,Plush & Souvenirs,0.0,30.666666666666668,top-down,topdown_rolling_mean_30,34.0,34.0,1156.0,1.108695652173913
4,581,2025-12-04,251,Plush & Souvenirs,0.0,30.666666666666668,top-down,topdown_tsb,46.40420289440671,46.40420289440671,2153.350046265264,1.513180529165436
4,581,2025-12-04,252,Plush & Souvenirs,0.0,10.333333333333334,per-SKU,persku_rolling_mean_30,0.0,0.0,0.0,0.0
4,581,2025-12-04,252,Plush & Souvenirs,0.0,10.333333333333334,per-SKU,persku_rolling_mean_180,0.0,0.0,0.0,0.0
4,581,2025-12-04,252,Plush & Souvenirs,0.0,10.333333333333334,per-SKU,persku_tsb,4.4795501609640873e-13,4.4795501609640873e-13,2.006636964459338e-25,4.335048542868471e-14
4,581,2025-12-04,252,Plush & Souvenirs,0.0,10.333333333333334,per-SKU,persku_ewma_a0.1,4.0266561219863543e-13,4.0266561219863543e-13,1.6213959524730186e-25,3.8967639890190523e-14
4,581,2025-12-04,252,Plush & Souvenirs,0.0,10.333333333333334,top-down,topdown_RM6_180,0.0,0.0,0.0,0.0
4,581,2025-12-04,252,Plush & Souvenirs,0.0,10.333333333333334,top-down,topdown_rolling_mean_30,0.0,0.0,0.0,0.0
4,581,2025-12-04,252,Plush & Souvenirs,0.0,10.333333333333334,top-down,topdown_tsb,0.0,0.0,0.0,0.0
4,581,2025-12-04,261,Stationery,35.0,53.94444444444444,per-SKU,persku_rolling_mean_30,175.00000000000006,140.00000000000006,19600.000000000015,2.5952626158599394
4,581,2025-12-04,261,Stationery,35.0,53.94444444444444,per-SKU,persku_rolling_mean_180,77.33333333333337,42.33333333333337,1792.1111111111143,0.7847579814624106
4,581,2025-12-04,261,Stationery,35.0,53.94444444444444,per-SKU,persku_tsb,193.81284682915555,158.81284682915555,25221.52031798082,2.9440074592428425
4,581,2025-12-04,261,Stationery,35.0,53.94444444444444,per-SKU,persku_ewma_a0.1,187.97018525926214,152.97018525926214,23399.87757825298,2.8356985938895143
4,581,2025-12-04,261,Stationery,35.0,53.94444444444444,top-down,topdown_RM6_180,73.06661991584855,38.06661991584855,1449.0675518176774,0.7056633969982223
4,581,2025-12-04,261,Stationery,35.0,53.94444444444444,top-down,topdown_rolling_mean_30,93.07106124357178,58.071061243571776,3372.248153954664,1.0764975307768199
4,581,2025-12-04,261,Stationery,35.0,53.94444444444444,top-down,topdown_tsb,100.78666671518958,65.78666671518958,4327.885517495433,1.2195262624854917
4,581,2025-12-04,267,Shirts & Tops,57.0,1.6666666666666667,per-SKU,persku_rolling_mean_30,30.0,27.0,729.0,16.2
4,581,2025-12-04,267,Shirts & Tops,57.0,1.6666666666666667,per-SKU,persku_rolling_mean_180,12.333333333333336,44.666666666666664,1995.1111111111109,26.799999999999997
4,581,2025-12-04,267,Shirts & Tops,57.0,1.6666666666666667,per-SKU,persku_tsb,33.170284318667655,23.829715681332345,567.8553494531367,14.297829408799407
4,581,2025-12-04,267,Shirts & Tops,57.0,1.6666666666666667,per-SKU,persku_ewma_a0.1,34.692975250915545,22.307024749084455,497.6033531562664,13.384214849450672
4,581,2025-12-04,267,Shirts & Tops,57.0,1.6666666666666667,top-down,topdown_RM6_180,22.22184891060884,34.77815108939116,1209.5197931965195,20.866890653634695
4,581,2025-12-04,267,Shirts & Tops,57.0,1.6666666666666667,top-down,topdown_rolling_mean_30,14.03604153940135,42.96395846059865,1845.901726604046,25.778375076359186
4,581,2025-12-04,267,Shirts & Tops,57.0,1.6666666666666667,top-down,topdown_tsb,18.042236039694068,38.95776396030593,1517.7073727869117,23.374658376183557
4,581,2025-12-04,276,Stationery,0.0,34.888888888888886,per-SKU,persku_rolling_mean_30,0.0,0.0,0.0,0.0
4,581,2025-12-04,276,Stationery,0.0,34.888888888888886,per-SKU,persku_rolling_mean_180,0.0,0.0,0.0,0.0
4,581,2025-12-04,276,Stationery,0.0,34.888888888888886,per-SKU,persku_tsb,1.4759237314436794e-08,1.4759237314436794e-08,2.1783508610386345e-16,4.2303546442653236e-10
4,581,2025-12-04,276,Stationery,0.0,34.888888888888886,per-SKU,persku_ewma_a0.1,6.498686224480258e-09,6.498686224480258e-09,4.2232922644249474e-17,1.862680764978418e-10
4,581,2025-12-04,276,Stationery,0.0,34.888888888888886,top-down,topdown_RM6_180,0.0,0.0,0.0,0.0
4,581,2025-12-04,276,Stationery,0.0,34.888888888888886,top-down,topdown_rolling_mean_30,0.0,0.0,0.0,0.0
4,581,2025-12-04,276,Stationery,0.0,34.888888888888886,top-down,topdown_tsb,0.0,0.0,0.0,0.0
4,581,2025-12-04,277,Stationery,100.0,51.611111111111114,per-SKU,persku_rolling_mean_30,55.000000000000014,44.999999999999986,2024.9999999999986,0.8719052744886971
4,581,2025-12-04,277,Stationery,100.0,51.611111111111114,per-SKU,persku_rolling_mean_180,48.000000000000014,51.999999999999986,2703.9999999999986,1.0075349838536056
4,581,2025-12-04,277,Stationery,100.0,51.611111111111114,per-SKU,persku_tsb,76.84892799735202,23.15107200264798,535.9721348717911,0.44856759531503076
4,581,2025-12-04,277,Stationery,100.0,51.611111111111114,per-SKU,persku_ewma_a0.1,78.29310013734539,21.70689986265461,471.18950164731467,0.42058578851214523
4,581,2025-12-04,277,Stationery,100.0,51.611111111111114,top-down,topdown_RM6_180,58.90392706872372,41.09607293127628,1688.8872103727792,0.796264061101155
4,581,2025-12-04,277,Stationery,100.0,51.611111111111114,top-down,topdown_rolling_mean_30,75.03085553997195,24.969144460028048,623.4581750657493,0.4837939723148599
4,581,2025-12-04,277,Stationery,100.0,51.611111111111114,top-down,topdown_tsb,81.25092514924975,18.749074850750247,351.5278077590354,0.36327593898116733
4,581,2025-12-04,291,Shirts & Tops,0.0,0.0,per-SKU,persku_rolling_mean_30,0.0,0.0,0.0,
4,581,2025-12-04,291,Shirts & Tops,0.0,0.0,per-SKU,persku_rolling_mean_180,0.0,0.0,0.0,
4,581,2025-12-04,291,Shirts & Tops,0.0,0.0,per-SKU,persku_tsb,0.0,0.0,0.0,
4,581,2025-12-04,291,Shirts & Tops,0.0,0.0,per-SKU,persku_ewma_a0.1,0.0,0.0,0.0,
4,581,2025-12-04,291,Shirts & Tops,0.0,0.0,top-down,topdown_RM6_180,0.0,0.0,0.0,
4,581,2025-12-04,291,Shirts & Tops,0.0,0.0,top-down,topdown_rolling_mean_30,0.0,0.0,0.0,
4,581,2025-12-04,291,Shirts & Tops,0.0,0.0,top-down,topdown_tsb,0.0,0.0,0.0,
4,581,2025-12-04,326,Stationery,0.0,5.777777777777778,per-SKU,persku_rolling_mean_30,0.0,0.0,0.0,0.0
4,581,2025-12-04,326,Stationery,0.0,5.777777777777778,per-SKU,persku_rolling_mean_180,0.0,0.0,0.0,0.0
4,581,2025-12-04,326,Stationery,0.0,5.777777777777778,per-SKU,persku_tsb,2.0200192573917834e-07,2.0200192573917834e-07,4.080477800233652e-14,3.49618717625501e-08
4,581,2025-12-04,326,Stationery,0.0,5.777777777777778,per-SKU,persku_ewma_a0.1,2.1951141207746762e-07,2.1951141207746762e-07,4.8185260032243796e-14,3.799235978263863e-08
4,581,2025-12-04,326,Stationery,0.0,5.777777777777778,top-down,topdown_RM6_180,0.0,0.0,0.0,0.0
4,581,2025-12-04,326,Stationery,0.0,5.777777777777778,top-down,topdown_rolling_mean_30,0.0,0.0,0.0,0.0
4,581,2025-12-04,326,Stationery,0.0,5.777777777777778,top-down,topdown_tsb,0.0,0.0,0.0,0.0
4,581,2025-12-04,340,Lanyards & IDs,0.0,17.22222222222222,per-SKU,persku_rolling_mean_30,0.0,0.0,0.0,0.0
4,581,2025-12-04,340,Lanyards & IDs,0.0,17.22222222222222,per-SKU,persku_rolling_mean_180,53.166666666666686,53.166666666666686,2826.6944444444466,3.0870967741935496
4,581,2025-12-04,340,Lanyards & IDs,0.0,17.22222222222222,per-SKU,persku_tsb,0.0504778889253715,0.0504778889253715,0.002548017270362143,0.002930974195666732
4,581,2025-12-04,340,Lanyards & IDs,0.0,17.22222222222222,per-SKU,persku_ewma_a0.1,0.014584787837266824,0.014584787837266824,0.00021271603625808627,0.000846858648615493
4,581,2025-12-04,340,Lanyards & IDs,0.0,17.22222222222222,top-down,topdown_RM6_180,0.9856236786469341,0.9856236786469341,0.9714540359095148,0.05722976198595102
4,581,2025-12-04,340,Lanyards & IDs,0.0,17.22222222222222,top-down,topdown_rolling_mean_30,0.6418604651162791,0.6418604651162791,0.4119848566792862,0.03726931732933234
4,581,2025-12-04,340,Lanyards & IDs,0.0,17.22222222222222,top-down,topdown_tsb,0.8506004461883987,0.8506004461883987,0.723521119055903,0.04938970332706832
4,581,2025-12-04,346,Keychains & Charms,0.0,7.555555555555555,per-SKU,persku_rolling_mean_30,24.000000000000007,24.000000000000007,576.0000000000003,3.1764705882352953
4,581,2025-12-04,346,Keychains & Charms,0.0,7.555555555555555,per-SKU,persku_rolling_mean_180,25.500000000000007,25.500000000000007,650.2500000000003,3.375000000000001
4,581,2025-12-04,346,Keychains & Charms,0.0,7.555555555555555,per-SKU,persku_tsb,33.64229866356282,33.64229866356282,1131.8042593683606,4.452657176059785
4,581,2025-12-04,346,Keychains & Charms,0.0,7.555555555555555,per-SKU,persku_ewma_a0.1,16.98799167270284,16.98799167270284,288.59186107182103,2.2484106625636113
4,581,2025-12-04,346,Keychains & Charms,0.0,7.555555555555555,top-down,topdown_RM6_180,44.88669950738916,44.88669950738916,2014.8157926666502,5.940886699507389
4,581,2025-12-04,346,Keychains & Charms,0.0,7.555555555555555,top-down,topdown_rolling_mean_30,42.45812807881773,42.45812807881773,1802.6926399572906,5.619458128078818
4,581,2025-12-04,346,Keychains & Charms,0.0,7.555555555555555,top-down,topdown_tsb,56.12269975074381,56.12269975074381,3149.7574273121395,7.428004378774917
4,581,2025-12-04,350,Keychains & Charms,180.0,0.05555555555555555,per-SKU,persku_rolling_mean_30,1.0,179.0,32041.0,3222.0
4,581,2025-12-04,350,Keychains & Charms,180.0,0.05555555555555555,per-SKU,persku_rolling_mean_180,0.1666666666666667,179.83333333333334,32340.02777777778,3237.0000000000005
4,581,2025-12-04,350,Keychains & Charms,180.0,0.05555555555555555,per-SKU,persku_tsb,2.6999999999999993,177.3,31435.290000000005,3191.4000000000005
4,581,2025-12-04,350,Keychains & Charms,180.0,0.05555555555555555,per-SKU,persku_ewma_a0.1,2.6999999999999993,177.3,31435.290000000005,3191.4000000000005
4,581,2025-12-04,350,Keychains & Charms,180.0,0.05555555555555555,top-down,topdown_RM6_180,0.2933771209633278,179.70662287903667,32294.470306588308,3234.7192118226603
4,581,2025-12-04,350,Keychains & Charms,180.0,0.05555555555555555,top-down,topdown_rolling_mean_30,0.2775041050903119,179.72249589490968,32300.17553069583,3235.0049261083745
4,581,2025-12-04,350,Keychains & Charms,180.0,0.05555555555555555,top-down,topdown_tsb,0.3668150310506131,179.6331849689494,32268.081142088788,3233.3973294410894
4,581,2025-12-04,352,Plush & Souvenirs,52.0,2.5,per-SKU,persku_rolling_mean_30,45.0,7.0,49.0,2.8
4,581,2025-12-04,352,Plush & Souvenirs,52.0,2.5,per-SKU,persku_rolling_mean_180,7.5,44.5,1980.25,17.8
4,581,2025-12-04,352,Plush & Souvenirs,52.0,2.5,per-SKU,persku_tsb,65.16776374311681,13.167763743116808,173.39000199454156,5.267105497246723
4,581,2025-12-04,352,Plush & Souvenirs,52.0,2.5,per-SKU,persku_ewma_a0.1,62.82281877742059,10.822818777420594,117.13340628888778,4.329127510968237
4,581,2025-12-04,352,Plush & Souvenirs,52.0,2.5,top-down,topdown_RM6_180,16.835106382978722,35.16489361702128,1236.5697430964237,14.065957446808511
4,581,2025-12-04,352,Plush & Souvenirs,52.0,2.5,top-down,topdown_rolling_mean_30,16.27659574468085,35.72340425531915,1276.1616115889547,14.28936170212766
4,581,2025-12-04,352,Plush & Souvenirs,52.0,2.5,top-down,topdown_tsb,22.214777981364914,29.785222018635086,887.1594506993844,11.914088807454034
4,581,2025-12-04,354,Plush & Souvenirs,0.0,1.2777777777777777,per-SKU,persku_rolling_mean_30,22.999999999999996,22.999999999999996,528.9999999999999,18.0
4,581,2025-12-04,354,Plush & Souvenirs,0.0,1.2777777777777777,per-SKU,persku_rolling_mean_180,8.166666666666666,8.166666666666666,66.69444444444443,6.391304347826087
4,581,2025-12-04,354,Plush & Souvenirs,0.0,1.2777777777777777,per-SKU,persku_tsb,21.47514071841467,21.47514071841467,461.1816688757118,16.806631866585395
4,581,2025-12-04,354,Plush & Souvenirs,0.0,1.2777777777777777,per-SKU,persku_ewma_a0.1,27.197662834518468,27.197662834518468,739.7128636601471,21.285127435710105
4,581,2025-12-04,354,Plush & Souvenirs,0.0,1.2777777777777777,top-down,topdown_RM6_180,18.331560283687942,18.331560283687942,336.04610243448514,14.346438482886217
4,581,2025-12-04,354,Plush & Souvenirs,0.0,1.2777777777777777,top-down,topdown_rolling_mean_30,17.72340425531915,17.72340425531915,314.1190583974649,13.87049028677151
4,581,2025-12-04,354,Plush & Souvenirs,0.0,1.2777777777777777,top-down,topdown_tsb,24.189424913041798,24.189424913041798,585.1282776236872,18.930854279771843
4,581,2025-12-04,356,Bags,0.0,28.555555555555557,per-SKU,persku_rolling_mean_30,0.0,0.0,0.0,0.0
4,581,2025-12-04,356,Bags,0.0,28.555555555555557,per-SKU,persku_rolling_mean_180,52.66666666666665,52.66666666666665,2773.777777777776,1.8443579766536957
4,581,2025-12-04,356,Bags,0.0,28.555555555555557,per-SKU,persku_tsb,2.2594847680529515,2.2594847680529515,5.1052714170633005,0.07912592572948078
4,581,2025-12-04,356,Bags,0.0,28.555555555555557,per-SKU,persku_ewma_a0.1,2.3160814223927613,2.3160814223927613,5.364233155152876,0.08110790973359865
4,581,2025-12-04,356,Bags,0.0,28.555555555555557,top-down,topdown_RM6_180,36.03810191678353,36.03810191678353,1298.744789764477,1.2620346974749097
4,581,2025-12-04,356,Bags,0.0,28.555555555555557,top-down,topdown_rolling_mean_30,35.79102384291724,35.79102384291724,1280.9973877242703,1.2533821579231719
4,581,2025-12-04,356,Bags,0.0,28.555555555555557,top-down,topdown_tsb,37.48986150165292,37.48986150165292,1405.4897154131177,1.3128745272952382
4,581,2025-12-04,358,Bags,155.0,130.83333333333334,per-SKU,persku_rolling_mean_30,20.999999999999993,134.0,17956.0,1.024203821656051
4,581,2025-12-04,358,Bags,155.0,130.83333333333334,per-SKU,persku_rolling_mean_180,47.833333333333314,107.16666666666669,11484.694444444449,0.8191082802547771
4,581,2025-12-04,358,Bags,155.0,130.83333333333334,per-SKU,persku_tsb,21.39309015552243,133.60690984447757,17850.80635819036,1.0211993109132043
4,581,2025-12-04,358,Bags,155.0,130.83333333333334,per-SKU,persku_ewma_a0.1,14.052311356782038,140.94768864321796,19866.25093386551,1.077307174343067
4,581,2025-12-04,358,Bags,155.0,130.83333333333334,top-down,topdown_RM6_180,44.86863020102851,110.13136979897149,12128.91861379781,0.8417684315844954
4,581,2025-12-04,358,Bags,155.0,130.83333333333334,top-down,topdown_rolling_mean_30,44.5610098176718,110.4389901823282,12196.770552492384,0.8441196701834002
4,581,2025-12-04,358,Bags,155.0,130.83333333333334,top-down,topdown_tsb,46.67611895570032,108.32388104429968,11734.063204499587,0.8279532309118447
4,581,2025-12-04,359,Bags,106.0,2.6666666666666665,per-SKU,persku_rolling_mean_30,48.000000000000014,57.999999999999986,3363.999999999998,21.749999999999996
4,581,2025-12-04,359,Bags,106.0,2.6666666666666665,per-SKU,persku_rolling_mean_180,8.0,98.0,9604.0,36.75
4,581,2025-12-04,359,Bags,106.0,2.6666666666666665,per-SKU,persku_tsb,50.13594053270317,55.86405946729683,3120.793140165677,20.949022300236315
4,581,2025-12-04,359,Bags,106.0,2.6666666666666665,per-SKU,persku_ewma_a0.1,52.57196587169692,53.42803412830308,2854.5548308151187,20.035512798113658
4,581,2025-12-04,359,Bags,106.0,2.6666666666666665,top-down,topdown_RM6_180,11.455820476858342,94.54417952314165,8938.601881704037,35.45406732117812
4,581,2025-12-04,359,Bags,106.0,2.6666666666666665,top-down,topdown_rolling_mean_30,11.37727910238429,94.62272089761571,8953.45931006808,35.48352033660589
4,581,2025-12-04,359,Bags,106.0,2.6666666666666665,top-down,topdown_tsb,11.917306967412848,94.08269303258714,8851.553128264022,35.28100988722018
4,581,2025-12-04,377,Lanyards & IDs,62.0,74.61111111111111,per-SKU,persku_rolling_mean_30,117.00000000000003,55.00000000000003,3025.000000000003,0.7371556217423682
4,581,2025-12-04,377,Lanyards & IDs,62.0,74.61111111111111,per-SKU,persku_rolling_mean_180,138.66666666666669,76.66666666666669,5877.777777777781,1.0275502606105735
4,581,2025-12-04,377,Lanyards & IDs,62.0,74.61111111111111,per-SKU,persku_tsb,148.57242076889324,86.57242076889324,7494.784037786298,1.1603153937751884
4,581,2025-12-04,377,Lanyards & IDs,62.0,74.61111111111111,per-SKU,persku_ewma_a0.1,121.178640329541,59.178640329541,3502.111471253176,0.7931612255634682
4,581,2025-12-04,377,Lanyards & IDs,62.0,74.61111111111111,top-down,topdown_RM6_180,226.69344608879484,164.69344608879484,27123.931184602774,2.207358175426885
4,581,2025-12-04,377,Lanyards & IDs,62.0,74.61111111111111,top-down,topdown_rolling_mean_30,147.62790697674419,85.62790697674419,7332.138453217955,1.1476562364716272
4,581,2025-12-04,377,Lanyards & IDs,62.0,74.61111111111111,top-down,topdown_tsb,195.6381026233317,133.6381026233317,17859.14247276413,1.791128702323135
4,581,2025-12-04,378,Lanyards & IDs,0.0,3.888888888888889,per-SKU,persku_rolling_mean_30,0.0,0.0,0.0,0.0
4,581,2025-12-04,378,Lanyards & IDs,0.0,3.888888888888889,per-SKU,persku_rolling_mean_180,0.0,0.0,0.0,0.0
4,581,2025-12-04,378,Lanyards & IDs,0.0,3.888888888888889,per-SKU,persku_tsb,8.503294087644075e-15,8.503294087644075e-15,7.230601034096268e-29,2.186561336822762e-15
4,581,2025-12-04,378,Lanyards & IDs,0.0,3.888888888888889,per-SKU,persku_ewma_a0.1,8.853308455260644e-15,8.853308455260644e-15,7.838107060398962e-29,2.276565031352737e-15
4,581,2025-12-04,378,Lanyards & IDs,0.0,3.888888888888889,top-down,topdown_RM6_180,0.0,0.0,0.0,0.0
4,581,2025-12-04,378,Lanyards & IDs,0.0,3.888888888888889,top-down,topdown_rolling_mean_30,0.0,0.0,0.0,0.0
4,581,2025-12-04,378,Lanyards & IDs,0.0,3.888888888888889,top-down,topdown_tsb,0.0,0.0,0.0,0.0
4,581,2025-12-04,380,Shirts & Tops,0.0,0.0,per-SKU,persku_rolling_mean_30,0.0,0.0,0.0,
4,581,2025-12-04,380,Shirts & Tops,0.0,0.0,per-SKU,persku_rolling_mean_180,0.0,0.0,0.0,
4,581,2025-12-04,380,Shirts & Tops,0.0,0.0,per-SKU,persku_tsb,0.0,0.0,0.0,
4,581,2025-12-04,380,Shirts & Tops,0.0,0.0,per-SKU,persku_ewma_a0.1,0.0,0.0,0.0,
4,581,2025-12-04,380,Shirts & Tops,0.0,0.0,top-down,topdown_RM6_180,0.0,0.0,0.0,
4,581,2025-12-04,380,Shirts & Tops,0.0,0.0,top-down,topdown_rolling_mean_30,0.0,0.0,0.0,
4,581,2025-12-04,380,Shirts & Tops,0.0,0.0,top-down,topdown_tsb,0.0,0.0,0.0,
4,581,2025-12-04,381,Keychains & Charms,0.0,0.0,per-SKU,persku_rolling_mean_30,0.0,0.0,0.0,
4,581,2025-12-04,381,Keychains & Charms,0.0,0.0,per-SKU,persku_rolling_mean_180,0.0,0.0,0.0,
4,581,2025-12-04,381,Keychains & Charms,0.0,0.0,per-SKU,persku_tsb,0.0,0.0,0.0,
4,581,2025-12-04,381,Keychains & Charms,0.0,0.0,per-SKU,persku_ewma_a0.1,0.0,0.0,0.0,
4,581,2025-12-04,381,Keychains & Charms,0.0,0.0,top-down,topdown_RM6_180,0.0,0.0,0.0,
4,581,2025-12-04,381,Keychains & Charms,0.0,0.0,top-down,topdown_rolling_mean_30,0.0,0.0,0.0,
4,581,2025-12-04,381,Keychains & Charms,0.0,0.0,top-down,topdown_tsb,0.0,0.0,0.0,
4,581,2025-12-04,389,Drinkware,76.0,9.055555555555555,per-SKU,persku_rolling_mean_30,42.99999999999998,33.00000000000002,1089.0000000000014,3.644171779141107
4,581,2025-12-04,389,Drinkware,76.0,9.055555555555555,per-SKU,persku_rolling_mean_180,37.5,38.5,1482.25,4.251533742331288
4,581,2025-12-04,389,Drinkware,76.0,9.055555555555555,per-SKU,persku_tsb,76.67692632238855,0.6769263223885531,0.4582292459424913,0.07475260001836782
4,581,2025-12-04,389,Drinkware,76.0,9.055555555555555,per-SKU,persku_ewma_a0.1,63.5899674481518,12.410032551848197,154.00890793793187,1.3704330425353837
4,581,2025-12-04,389,Drinkware,76.0,9.055555555555555,top-down,topdown_RM6_180,53.58297413793104,22.41702586206896,502.52304850066866,2.475499788449333
4,581,2025-12-04,389,Drinkware,76.0,9.055555555555555,top-down,topdown_rolling_mean_30,73.70689655172413,2.293103448275872,5.258323424494694,0.25322614766236623
4,581,2025-12-04,389,Drinkware,76.0,9.055555555555555,top-down,topdown_tsb,73.74644292572442,2.2535570742755766,5.078519487017497,0.24885906341693484
4,581,2025-12-04,392,Drinkware,63.0,8.277777777777779,per-SKU,persku_rolling_mean_30,109.00000000000004,46.00000000000004,2116.000000000004,5.557046979865777
4,581,2025-12-04,392,Drinkware,63.0,8.277777777777779,per-SKU,persku_rolling_mean_180,40.500000000000014,22.499999999999986,506.2499999999994,2.7181208053691255
4,581,2025-12-04,392,Drinkware,63.0,8.277777777777779,per-SKU,persku_tsb,91.67765817215981,28.67765817215981,822.4080782392443,3.4644150812005137
4,581,2025-12-04,392,Drinkware,63.0,8.277777777777779,per-SKU,persku_ewma_a0.1,77.85876366425258,14.858763664252578,220.7828576301127,1.7950184292385662
4,581,2025-12-04,392,Drinkware,63.0,8.277777777777779,top-down,topdown_RM6_180,56.917025862068975,6.082974137931025,37.0025743627377,0.7348559361258955
4,581,2025-12-04,392,Drinkware,63.0,8.277777777777779,top-down,topdown_rolling_mean_30,78.29310344827584,15.293103448275843,233.8790130796665,1.847489007174263
4,581,2025-12-04,392,Drinkware,63.0,8.277777777777779,top-down,topdown_tsb,78.33511048554728,15.335110485547276,235.165613603942,1.8525636828177916
4,581,2025-12-04,393,Drinkware,0.0,4.444444444444445,per-SKU,persku_rolling_mean_30,0.0,0.0,0.0,0.0
4,581,2025-12-04,393,Drinkware,0.0,4.444444444444445,per-SKU,persku_rolling_mean_180,10.000000000000004,10.000000000000004,100.00000000000007,2.250000000000001
4,581,2025-12-04,393,Drinkware,0.0,4.444444444444445,per-SKU,persku_tsb,0.002518004279550884,0.002518004279550884,6.340345551836567e-06,0.0005665509628989489
4,581,2025-12-04,393,Drinkware,0.0,4.444444444444445,per-SKU,persku_ewma_a0.1,0.0028354484206998317,0.0028354484206998317,8.039767746449169e-06,0.0006379758946574621
4,581,2025-12-04,393,Drinkware,0.0,4.444444444444445,top-down,topdown_RM6_180,0.0,0.0,0.0,0.0
4,581,2025-12-04,393,Drinkware,0.0,4.444444444444445,top-down,topdown_rolling_mean_30,0.0,0.0,0.0,0.0
4,581,2025-12-04,393,Drinkware,0.0,4.444444444444445,top-down,topdown_tsb,0.0,0.0,0.0,0.0
4,581,2025-12-04,394,Drinkware,0.0,21.38888888888889,per-SKU,persku_rolling_mean_30,0.0,0.0,0.0,0.0
4,581,2025-12-04,394,Drinkware,0.0,21.38888888888889,per-SKU,persku_rolling_mean_180,22.5,22.5,506.25,1.051948051948052
4,581,2025-12-04,394,Drinkware,0.0,21.38888888888889,per-SKU,persku_tsb,3.8880408205502814e-05,3.8880408205502814e-05,1.5116861422265305e-09,1.8177853186988328e-06
4,581,2025-12-04,394,Drinkware,0.0,21.38888888888889,per-SKU,persku_ewma_a0.1,2.56506179514594e-05,2.56506179514594e-05,6.579542012917311e-10,1.199249670457842e-06
4,581,2025-12-04,394,Drinkware,0.0,21.38888888888889,top-down,topdown_RM6_180,0.0,0.0,0.0,0.0
4,581,2025-12-04,394,Drinkware,0.0,21.38888888888889,top-down,topdown_rolling_mean_30,0.0,0.0,0.0,0.0
4,581,2025-12-04,394,Drinkware,0.0,21.38888888888889,top-down,topdown_tsb,0.0,0.0,0.0,0.0
4,581,2025-12-04,395,Shirts & Tops,297.0,61.833333333333336,per-SKU,persku_rolling_mean_30,147.00000000000003,149.99999999999997,22499.999999999993,2.425876010781671
4,581,2025-12-04,395,Shirts & Tops,297.0,61.833333333333336,per-SKU,persku_rolling_mean_180,285.8333333333333,11.166666666666686,124.69444444444487,0.18059299191374692
4,581,2025-12-04,395,Shirts & Tops,297.0,61.833333333333336,per-SKU,persku_tsb,203.5461431895097,93.4538568104903,8733.623352755623,1.5113831290106245
4,581,2025-12-04,395,Shirts & Tops,297.0,61.833333333333336,per-SKU,persku_ewma_a0.1,180.77570051178435,116.22429948821565,13508.087791526445,1.8796382666557787
4,581,2025-12-04,395,Shirts & Tops,297.0,61.833333333333336,top-down,topdown_RM6_180,275.3707493382204,21.629250661779622,467.8244841900942,0.3497992020772985
4,581,2025-12-04,395,Shirts & Tops,297.0,61.833333333333336,top-down,topdown_rolling_mean_30,173.93310934636537,123.06689065363463,15145.459575153662,1.9903001183876219
4,581,2025-12-04,395,Shirts & Tops,297.0,61.833333333333336,top-down,topdown_tsb,223.57743849188458,73.42256150811542,5390.872538412992,1.1874268707511928
4,581,2025-12-04,397,Shirts & Tops,0.0,0.0,per-SKU,persku_rolling_mean_30,0.0,0.0,0.0,
4,581,2025-12-04,397,Shirts & Tops,0.0,0.0,per-SKU,persku_rolling_mean_180,0.0,0.0,0.0,
4,581,2025-12-04,397,Shirts & Tops,0.0,0.0,per-SKU,persku_tsb,0.0,0.0,0.0,
4,581,2025-12-04,397,Shirts & Tops,0.0,0.0,per-SKU,persku_ewma_a0.1,0.0,0.0,0.0,
4,581,2025-12-04,397,Shirts & Tops,0.0,0.0,top-down,topdown_RM6_180,0.0,0.0,0.0,
4,581,2025-12-04,397,Shirts & Tops,0.0,0.0,top-down,topdown_rolling_mean_30,0.0,0.0,0.0,
4,581,2025-12-04,397,Shirts & Tops,0.0,0.0,top-down,topdown_tsb,0.0,0.0,0.0,
4,581,2025-12-04,400,Shirts & Tops,0.0,2.111111111111111,per-SKU,persku_rolling_mean_30,0.0,0.0,0.0,0.0
4,581,2025-12-04,400,Shirts & Tops,0.0,2.111111111111111,per-SKU,persku_rolling_mean_180,0.0,0.0,0.0,0.0
4,581,2025-12-04,400,Shirts & Tops,0.0,2.111111111111111,per-SKU,persku_tsb,3.7979197972447126e-24,3.7979197972447126e-24,1.442419478630332e-47,1.799014640800127e-24
4,581,2025-12-04,400,Shirts & Tops,0.0,2.111111111111111,per-SKU,persku_ewma_a0.1,4.929841196530332e-24,4.929841196530332e-24,2.4303334223007616e-47,2.335187935198578e-24
4,581,2025-12-04,400,Shirts & Tops,0.0,2.111111111111111,top-down,topdown_RM6_180,0.0,0.0,0.0,0.0
4,581,2025-12-04,400,Shirts & Tops,0.0,2.111111111111111,top-down,topdown_rolling_mean_30,0.0,0.0,0.0,0.0
4,581,2025-12-04,400,Shirts & Tops,0.0,2.111111111111111,top-down,topdown_tsb,0.0,0.0,0.0,0.0
4,581,2025-12-04,401,Shirts & Tops,0.0,4.944444444444445,per-SKU,persku_rolling_mean_30,0.0,0.0,0.0,0.0
4,581,2025-12-04,401,Shirts & Tops,0.0,4.944444444444445,per-SKU,persku_rolling_mean_180,0.0,0.0,0.0,0.0
4,581,2025-12-04,401,Shirts & Tops,0.0,4.944444444444445,per-SKU,persku_tsb,7.713567219609504e-24,7.713567219609504e-24,5.94991192514343e-47,1.5600473028423716e-24
4,581,2025-12-04,401,Shirts & Tops,0.0,4.944444444444445,per-SKU,persku_ewma_a0.1,6.626004087598518e-24,6.626004087598518e-24,4.390393016887227e-47,1.3400907143457677e-24
4,581,2025-12-04,401,Shirts & Tops,0.0,4.944444444444445,top-down,topdown_RM6_180,0.0,0.0,0.0,0.0
4,581,2025-12-04,401,Shirts & Tops,0.0,4.944444444444445,top-down,topdown_rolling_mean_30,0.0,0.0,0.0,0.0
4,581,2025-12-04,401,Shirts & Tops,0.0,4.944444444444445,top-down,topdown_tsb,0.0,0.0,0.0,0.0
4,581,2025-12-04,402,Shirts & Tops,529.0,121.44444444444444,per-SKU,persku_rolling_mean_30,371.9999999999999,157.0000000000001,24649.000000000036,1.29277218664227
4,581,2025-12-04,402,Shirts & Tops,529.0,121.44444444444444,per-SKU,persku_rolling_mean_180,521.1666666666666,7.833333333333371,61.361111111111704,0.06450137236962519
4,581,2025-12-04,402,Shirts & Tops,529.0,121.44444444444444,per-SKU,persku_tsb,454.40020392569244,74.59979607430756,5565.129574328274,0.6142709649302545
4,581,2025-12-04,402,Shirts & Tops,529.0,121.44444444444444,per-SKU,persku_ewma_a0.1,441.10025171791847,87.89974828208153,7726.365748053296,0.7237856674645323
4,581,2025-12-04,402,Shirts & Tops,529.0,121.44444444444444,top-down,topdown_RM6_180,517.4087253105274,11.591274689472584,134.35764892680774,0.09544507978522714
4,581,2025-12-04,402,Shirts & Tops,529.0,121.44444444444444,top-down,topdown_rolling_mean_30,326.8121563836287,202.1878436163713,40879.92410623822,1.6648587306014107
4,581,2025-12-04,402,Shirts & Tops,529.0,121.44444444444444,top-down,topdown_tsb,420.09152292422806,108.90847707577194,11861.056378963942,0.8967761149880581
4,581,2025-12-04,403,Shirts & Tops,0.0,0.0,per-SKU,persku_rolling_mean_30,0.0,0.0,0.0,
4,581,2025-12-04,403,Shirts & Tops,0.0,0.0,per-SKU,persku_rolling_mean_180,0.0,0.0,0.0,
4,581,2025-12-04,403,Shirts & Tops,0.0,0.0,per-SKU,persku_tsb,0.0,0.0,0.0,
4,581,2025-12-04,403,Shirts & Tops,0.0,0.0,per-SKU,persku_ewma_a0.1,0.0,0.0,0.0,
4,581,2025-12-04,403,Shirts & Tops,0.0,0.0,top-down,topdown_RM6_180,0.0,0.0,0.0,
4,581,2025-12-04,403,Shirts & Tops,0.0,0.0,top-down,topdown_rolling_mean_30,0.0,0.0,0.0,
4,581,2025-12-04,403,Shirts & Tops,0.0,0.0,top-down,topdown_tsb,0.0,0.0,0.0,
4,581,2025-12-04,404,Shirts & Tops,130.0,70.33333333333333,per-SKU,persku_rolling_mean_30,72.00000000000001,57.999999999999986,3363.999999999998,0.824644549763033
4,581,2025-12-04,404,Shirts & Tops,130.0,70.33333333333333,per-SKU,persku_rolling_mean_180,163.83333333333331,33.833333333333314,1144.6944444444432,0.48104265402843577
4,581,2025-12-04,404,Shirts & Tops,130.0,70.33333333333333,per-SKU,persku_tsb,106.37793603923676,23.622063960763242,558.0019057663895,0.3358587292999513
4,581,2025-12-04,404,Shirts & Tops,130.0,70.33333333333333,per-SKU,persku_ewma_a0.1,102.1880848515618,27.811915148438203,773.5026242239264,0.3954300732005432
4,581,2025-12-04,404,Shirts & Tops,130.0,70.33333333333333,top-down,topdown_RM6_180,168.16534310731015,38.16534310731015,1456.5934144987064,0.5426352100565425
4,581,2025-12-04,404,Shirts & Tops,130.0,70.33333333333333,top-down,topdown_rolling_mean_30,106.2186927306048,23.7813072693952,565.550575441389,0.33812285217149574
4,581,2025-12-04,404,Shirts & Tops,130.0,70.33333333333333,top-down,topdown_tsb,136.53584030038752,6.53584030038752,42.71720843216962,0.09292663934200265
4,581,2025-12-04,406,Shirts & Tops,0.0,3.111111111111111,per-SKU,persku_rolling_mean_30,0.0,0.0,0.0,0.0
4,581,2025-12-04,406,Shirts & Tops,0.0,3.111111111111111,per-SKU,persku_rolling_mean_180,0.0,0.0,0.0,0.0
4,581,2025-12-04,406,Shirts & Tops,0.0,3.111111111111111,per-SKU,persku_tsb,4.580690635798275e-24,4.580690635798275e-24,2.0982726700890004e-47,1.4723648472208741e-24
4,581,2025-12-04,406,Shirts & Tops,0.0,3.111111111111111,per-SKU,persku_ewma_a0.1,3.84094666660351e-24,3.84094666660351e-24,1.4752871295692613e-47,1.2345899999796995e-24
4,581,2025-12-04,406,Shirts & Tops,0.0,3.111111111111111,top-down,topdown_RM6_180,0.0,0.0,0.0,0.0
4,581,2025-12-04,406,Shirts & Tops,0.0,3.111111111111111,top-down,topdown_rolling_mean_30,0.0,0.0,0.0,0.0
4,581,2025-12-04,406,Shirts & Tops,0.0,3.111111111111111,top-down,topdown_tsb,0.0,0.0,0.0,0.0
4,581,2025-12-04,419,Umbrellas & Gear,115.0,53.0,per-SKU,persku_rolling_mean_30,88.00000000000001,26.999999999999986,728.9999999999992,0.5094339622641507
4,581,2025-12-04,419,Umbrellas & Gear,115.0,53.0,per-SKU,persku_rolling_mean_180,147.66666666666666,32.66666666666666,1067.1111111111104,0.6163522012578615
4,581,2025-12-04,419,Umbrellas & Gear,115.0,53.0,per-SKU,persku_tsb,115.2277308925128,0.22773089251279544,0.05186135940467439,0.004296809292694254
4,581,2025-12-04,419,Umbrellas & Gear,115.0,53.0,per-SKU,persku_ewma_a0.1,110.48263736483318,4.517362635166819,20.40656517760131,0.08523325726729847
4,581,2025-12-04,419,Umbrellas & Gear,115.0,53.0,top-down,topdown_RM6_180,147.66666666666666,32.66666666666666,1067.1111111111104,0.6163522012578615
4,581,2025-12-04,419,Umbrellas & Gear,115.0,53.0,top-down,topdown_rolling_mean_30,88.00000000000001,26.999999999999986,728.9999999999992,0.5094339622641507
4,581,2025-12-04,419,Umbrellas & Gear,115.0,53.0,top-down,topdown_tsb,115.2277308925128,0.22773089251279544,0.05186135940467439,0.004296809292694254
4,581,2025-12-04,477,Bags,0.0,0.2222222222222222,per-SKU,persku_rolling_mean_30,0.0,0.0,0.0,0.0
4,581,2025-12-04,477,Bags,0.0,0.2222222222222222,per-SKU,persku_rolling_mean_180,0.0,0.0,0.0,0.0
4,581,2025-12-04,477,Bags,0.0,0.2222222222222222,per-SKU,persku_tsb,3.9342262905015094e-24,3.9342262905015094e-24,1.5478136504873267e-47,1.7704018307256793e-23
4,581,2025-12-04,477,Bags,0.0,0.2222222222222222,per-SKU,persku_ewma_a0.1,1.5903378746065395e-23,1.5903378746065395e-23,2.5291745554080453e-46,7.156520435729428e-23
4,581,2025-12-04,477,Bags,0.0,0.2222222222222222,top-down,topdown_RM6_180,0.0,0.0,0.0,0.0
4,581,2025-12-04,477,Bags,0.0,0.2222222222222222,top-down,topdown_rolling_mean_30,0.0,0.0,0.0,0.0
4,581,2025-12-04,477,Bags,0.0,0.2222222222222222,top-down,topdown_tsb,0.0,0.0,0.0,0.0
5,611,2026-01-03,29,Keychains & Charms,449.0,43.10526315789474,per-SKU,persku_rolling_mean_30,281.00000000000006,167.99999999999994,28223.99999999998,3.897435897435896
5,611,2026-01-03,29,Keychains & Charms,449.0,43.10526315789474,per-SKU,persku_rolling_mean_180,121.33333333333337,327.66666666666663,107365.44444444442,7.6015466015466
5,611,2026-01-03,29,Keychains & Charms,449.0,43.10526315789474,per-SKU,persku_tsb,75.09839640928588,373.9016035907141,139802.40916770752,8.674151975852952
5,611,2026-01-03,29,Keychains & Charms,449.0,43.10526315789474,per-SKU,persku_ewma_a0.1,79.79615677169885,369.20384322830114,136311.47785454796,8.565168524221882
5,611,2026-01-03,29,Keychains & Charms,449.0,43.10526315789474,top-down,topdown_RM6_180,129.47453954496208,319.5254604550379,102096.51987900399,7.412678569774993
5,611,2026-01-03,29,Keychains & Charms,449.0,43.10526315789474,top-down,topdown_rolling_mean_30,277.8829902491874,171.1170097508126,29281.031026059693,3.96974747895658
5,611,2026-01-03,29,Keychains & Charms,449.0,43.10526315789474,top-down,topdown_tsb,80.27911698248649,368.72088301751353,135955.0895732149,8.553964319087616
5,611,2026-01-03,39,Plush & Souvenirs,28.0,0.0,per-SKU,persku_rolling_mean_30,0.0,28.0,784.0,
5,611,2026-01-03,39,Plush & Souvenirs,28.0,0.0,per-SKU,persku_rolling_mean_180,0.0,28.0,784.0,
5,611,2026-01-03,39,Plush & Souvenirs,28.0,0.0,per-SKU,persku_tsb,0.0,28.0,784.0,
5,611,2026-01-03,39,Plush & Souvenirs,28.0,0.0,per-SKU,persku_ewma_a0.1,0.0,28.0,784.0,
5,611,2026-01-03,39,Plush & Souvenirs,28.0,0.0,top-down,topdown_RM6_180,0.0,28.0,784.0,
5,611,2026-01-03,39,Plush & Souvenirs,28.0,0.0,top-down,topdown_rolling_mean_30,0.0,28.0,784.0,
5,611,2026-01-03,39,Plush & Souvenirs,28.0,0.0,top-down,topdown_tsb,0.0,28.0,784.0,
5,611,2026-01-03,48,Umbrellas & Gear,91.0,0.0,per-SKU,persku_rolling_mean_30,0.0,91.0,8281.0,
5,611,2026-01-03,48,Umbrellas & Gear,91.0,0.0,per-SKU,persku_rolling_mean_180,0.0,91.0,8281.0,
5,611,2026-01-03,48,Umbrellas & Gear,91.0,0.0,per-SKU,persku_tsb,0.0,91.0,8281.0,
5,611,2026-01-03,48,Umbrellas & Gear,91.0,0.0,per-SKU,persku_ewma_a0.1,0.0,91.0,8281.0,
5,611,2026-01-03,48,Umbrellas & Gear,91.0,0.0,top-down,topdown_RM6_180,0.0,91.0,8281.0,
5,611,2026-01-03,48,Umbrellas & Gear,91.0,0.0,top-down,topdown_rolling_mean_30,0.0,91.0,8281.0,
5,611,2026-01-03,48,Umbrellas & Gear,91.0,0.0,top-down,topdown_tsb,0.0,91.0,8281.0,
5,611,2026-01-03,54,Stationery,0.0,28.842105263157894,per-SKU,persku_rolling_mean_30,423.99999999999994,423.99999999999994,179775.99999999994,14.700729927007298
5,611,2026-01-03,54,Stationery,0.0,28.842105263157894,per-SKU,persku_rolling_mean_180,204.3333333333333,204.3333333333333,41752.111111111095,7.084549878345498
5,611,2026-01-03,54,Stationery,0.0,28.842105263157894,per-SKU,persku_tsb,159.47412867067874,159.47412867067874,25431.9977152722,5.529212490406745
5,611,2026-01-03,54,Stationery,0.0,28.842105263157894,per-SKU,persku_ewma_a0.1,188.72827510260117,188.72827510260117,35618.36182320311,6.543498589323764
5,611,2026-01-03,54,Stationery,0.0,28.842105263157894,top-down,topdown_RM6_180,297.73877176901937,297.73877176901937,88648.3762145242,10.323059605130235
5,611,2026-01-03,54,Stationery,0.0,28.842105263157894,top-down,topdown_rolling_mean_30,298.74610449129256,298.74610449129256,89249.2349487223,10.3579853746981
5,611,2026-01-03,54,Stationery,0.0,28.842105263157894,top-down,topdown_tsb,128.75411784284495,128.75411784284495,16577.622861489202,4.464102625938055
5,611,2026-01-03,55,Stationery,515.0,0.0,per-SKU,persku_rolling_mean_30,0.0,515.0,265225.0,
5,611,2026-01-03,55,Stationery,515.0,0.0,per-SKU,persku_rolling_mean_180,0.0,515.0,265225.0,
5,611,2026-01-03,55,Stationery,515.0,0.0,per-SKU,persku_tsb,0.0,515.0,265225.0,
5,611,2026-01-03,55,Stationery,515.0,0.0,per-SKU,persku_ewma_a0.1,0.0,515.0,265225.0,
5,611,2026-01-03,55,Stationery,515.0,0.0,top-down,topdown_RM6_180,0.0,515.0,265225.0,
5,611,2026-01-03,55,Stationery,515.0,0.0,top-down,topdown_rolling_mean_30,0.0,515.0,265225.0,
5,611,2026-01-03,55,Stationery,515.0,0.0,top-down,topdown_tsb,0.0,515.0,265225.0,
5,611,2026-01-03,74,Bags,265.0,11.842105263157896,per-SKU,persku_rolling_mean_30,225.0,40.0,1600.0,3.3777777777777773
5,611,2026-01-03,74,Bags,265.0,11.842105263157896,per-SKU,persku_rolling_mean_180,54.16666666666668,210.83333333333331,44450.69444444444,17.8037037037037
5,611,2026-01-03,74,Bags,265.0,11.842105263157896,per-SKU,persku_tsb,62.749317581698975,202.25068241830104,40905.33853866847,17.0789465153232
5,611,2026-01-03,74,Bags,265.0,11.842105263157896,per-SKU,persku_ewma_a0.1,56.243314361408494,208.7566856385915,43579.353798809716,17.628342342814392
5,611,2026-01-03,74,Bags,265.0,11.842105263157896,top-down,topdown_RM6_180,90.89964370546316,174.10035629453682,30310.93406188467,14.701807864871997
5,611,2026-01-03,74,Bags,265.0,11.842105263157896,top-down,topdown_rolling_mean_30,187.58907363420423,77.41092636579577,5992.451520810655,6.53692267088942
5,611,2026-01-03,74,Bags,265.0,11.842105263157896,top-down,topdown_tsb,56.8021179914759,208.1978820085241,43346.35807283532,17.58115448071981
5,611,2026-01-03,112,Keychains & Charms,42.0,28.63157894736842,per-SKU,persku_rolling_mean_30,37.99999999999999,4.000000000000007,16.000000000000057,0.13970588235294143
5,611,2026-01-03,112,Keychains & Charms,42.0,28.63157894736842,per-SKU,persku_rolling_mean_180,55.500000000000014,13.500000000000014,182.2500000000004,0.47150735294117696
5,611,2026-01-03,112,Keychains & Charms,42.0,28.63157894736842,per-SKU,persku_tsb,16.94481295296054,25.05518704703946,627.762397962134,0.8750892534811576
5,611,2026-01-03,112,Keychains & Charms,42.0,28.63157894736842,per-SKU,persku_ewma_a0.1,19.125172648388123,22.874827351611877,523.2577263660509,0.7989369847070324
5,611,2026-01-03,112,Keychains & Charms,42.0,28.63157894736842,top-down,topdown_RM6_180,31.23510292524377,10.764897074756231,115.88300903009525,0.37597986106685366
5,611,2026-01-03,112,Keychains & Charms,42.0,28.63157894736842,top-down,topdown_rolling_mean_30,67.03791982665221,25.037919826652214,626.897429245864,0.8744861704161618
5,611,2026-01-03,112,Keychains & Charms,42.0,28.63157894736842,top-down,topdown_tsb,19.366946509393625,22.633053490606375,512.2551103086495,0.7904926770616197
5,611,2026-01-03,148,Lanyards & IDs,0.0,15.052631578947368,per-SKU,persku_rolling_mean_30,0.0,0.0,0.0,0.0
5,611,2026-01-03,148,Lanyards & IDs,0.0,15.052631578947368,per-SKU,persku_rolling_mean_180,26.666666666666668,26.666666666666668,711.1111111111112,1.7715617715617717
5,611,2026-01-03,148,Lanyards & IDs,0.0,15.052631578947368,per-SKU,persku_tsb,0.17655350131508513,0.17655350131508513,0.031171138826615766,0.011729078758694467
5,611,2026-01-03,148,Lanyards & IDs,0.0,15.052631578947368,per-SKU,persku_ewma_a0.1,0.18477621555245036,0.18477621555245036,0.0341422498338856,0.012275342991246703
5,611,2026-01-03,148,Lanyards & IDs,0.0,15.052631578947368,top-down,topdown_RM6_180,58.27708333333335,58.27708333333335,3396.21844184028,3.8715544871794885
5,611,2026-01-03,148,Lanyards & IDs,0.0,15.052631578947368,top-down,topdown_rolling_mean_30,49.775000000000006,49.775000000000006,2477.5506250000008,3.3067307692307697
5,611,2026-01-03,148,Lanyards & IDs,0.0,15.052631578947368,top-down,topdown_tsb,16.27935252012335,16.27935252012335,265.0173184744465,1.0814954471410618
5,611,2026-01-03,156,Bags,0.0,17.157894736842106,per-SKU,persku_rolling_mean_30,0.0,0.0,0.0,0.0
5,611,2026-01-03,156,Bags,0.0,17.157894736842106,per-SKU,persku_rolling_mean_180,45.0,45.0,2025.0,2.622699386503067
5,611,2026-01-03,156,Bags,0.0,17.157894736842106,per-SKU,persku_tsb,0.13505854601853126,0.13505854601853126,0.018240810852639726,0.007871510350773294
5,611,2026-01-03,156,Bags,0.0,17.157894736842106,per-SKU,persku_ewma_a0.1,0.11001296183213395,0.11001296183213395,0.012102851771078562,0.006411798388989402
5,611,2026-01-03,156,Bags,0.0,17.157894736842106,top-down,topdown_RM6_180,17.620546318289783,17.620546318289783,310.4836525549956,1.0269643559739443
5,611,2026-01-03,156,Bags,0.0,17.157894736842106,top-down,topdown_rolling_mean_30,36.363420427553436,36.363420427553436,1322.2983451910104,2.1193404543666112
5,611,2026-01-03,156,Bags,0.0,17.157894736842106,top-down,topdown_tsb,11.01087210296302,11.01087210296302,121.23930446780929,0.6417379446512189
5,611,2026-01-03,174,Uncategorised,110.0,5.842105263157895,per-SKU,persku_rolling_mean_30,63.000000000000014,46.999999999999986,2208.9999999999986,8.045045045045043
5,611,2026-01-03,174,Uncategorised,110.0,5.842105263157895,per-SKU,persku_rolling_mean_180,33.166666666666664,76.83333333333334,5903.361111111112,13.151651651651653
5,611,2026-01-03,174,Uncategorised,110.0,5.842105263157895,per-SKU,persku_tsb,22.560688391106495,87.4393116088935,7645.633214637179,14.967089374495284
5,611,2026-01-03,174,Uncategorised,110.0,5.842105263157895,per-SKU,persku_ewma_a0.1,24.97757407275661,85.02242592724339,7228.812910553589,14.5533882217804
5,611,2026-01-03,174,Uncategorised,110.0,5.842105263157895,top-down,topdown_RM6_180,33.166666666666664,76.83333333333334,5903.361111111112,13.151651651651653
5,611,2026-01-03,174,Uncategorised,110.0,5.842105263157895,top-down,topdown_rolling_mean_30,63.000000000000014,46.999999999999986,2208.9999999999986,8.045045045045043
5,611,2026-01-03,174,Uncategorised,110.0,5.842105263157895,top-down,topdown_tsb,22.560688391106495,87.4393116088935,7645.633214637179,14.967089374495284
5,611,2026-01-03,187,Outerwear,104.0,5.473684210526316,per-SKU,persku_rolling_mean_30,74.00000000000001,29.999999999999986,899.9999999999992,5.480769230769228
5,611,2026-01-03,187,Outerwear,104.0,5.473684210526316,per-SKU,persku_rolling_mean_180,43.16666666666667,60.83333333333333,3700.694444444444,11.11378205128205
5,611,2026-01-03,187,Outerwear,104.0,5.473684210526316,per-SKU,persku_tsb,25.393553525764325,78.60644647423567,6178.973427306877,14.360793105869977
5,611,2026-01-03,187,Outerwear,104.0,5.473684210526316,per-SKU,persku_ewma_a0.1,26.94894415880598,77.05105584119403,5936.8652062428,14.0766352017566
5,611,2026-01-03,187,Outerwear,104.0,5.473684210526316,top-down,topdown_RM6_180,43.16666666666667,60.83333333333333,3700.694444444444,11.11378205128205
5,611,2026-01-03,187,Outerwear,104.0,5.473684210526316,top-down,topdown_rolling_mean_30,74.00000000000001,29.999999999999986,899.9999999999992,5.480769230769228
5,611,2026-01-03,187,Outerwear,104.0,5.473684210526316,top-down,topdown_tsb,25.393553525764325,78.60644647423567,6178.973427306877,14.360793105869977
5,611,2026-01-03,190,Lanyards & IDs,0.0,23.894736842105264,per-SKU,persku_rolling_mean_30,0.0,0.0,0.0,0.0
5,611,2026-01-03,190,Lanyards & IDs,0.0,23.894736842105264,per-SKU,persku_rolling_mean_180,57.99999999999998,57.99999999999998,3363.9999999999977,2.4273127753303956
5,611,2026-01-03,190,Lanyards & IDs,0.0,23.894736842105264,per-SKU,persku_tsb,0.004101646161575356,0.004101646161575356,1.6823501234765852e-05,0.00017165479530821973
5,611,2026-01-03,190,Lanyards & IDs,0.0,23.894736842105264,per-SKU,persku_ewma_a0.1,0.0033735472313040377,0.0033735472313040377,1.1380820921839139e-05,0.00014118369470215135
5,611,2026-01-03,190,Lanyards & IDs,0.0,23.894736842105264,top-down,topdown_RM6_180,0.0,0.0,0.0,0.0
5,611,2026-01-03,190,Lanyards & IDs,0.0,23.894736842105264,top-down,topdown_rolling_mean_30,0.0,0.0,0.0,0.0
5,611,2026-01-03,190,Lanyards & IDs,0.0,23.894736842105264,top-down,topdown_tsb,0.0,0.0,0.0,0.0
5,611,2026-01-03,192,Lanyards & IDs,65.0,4.842105263157895,per-SKU,persku_rolling_mean_30,74.00000000000001,9.000000000000014,81.00000000000026,1.858695652173916
5,611,2026-01-03,192,Lanyards & IDs,65.0,4.842105263157895,per-SKU,persku_rolling_mean_180,40.500000000000014,24.499999999999986,600.2499999999993,5.05978260869565
5,611,2026-01-03,192,Lanyards & IDs,65.0,4.842105263157895,per-SKU,persku_tsb,26.239454576048686,38.760545423951314,1502.379881562193,8.004895250598642
5,611,2026-01-03,192,Lanyards & IDs,65.0,4.842105263157895,per-SKU,persku_ewma_a0.1,28.735595588655542,36.26440441134446,1315.1070273095395,7.489387867560269
5,611,2026-01-03,192,Lanyards & IDs,65.0,4.842105263157895,top-down,topdown_RM6_180,75.3934294871795,10.393429487179503,108.02337650497239,2.1464691332218537
5,611,2026-01-03,192,Lanyards & IDs,65.0,4.842105263157895,top-down,topdown_rolling_mean_30,64.39423076923077,0.6057692307692264,0.3669563609467403,0.12510451505016632
5,611,2026-01-03,192,Lanyards & IDs,65.0,4.842105263157895,top-down,topdown_tsb,21.06070081274699,43.93929918725301,1930.6620130669332,9.074420484323992
5,611,2026-01-03,209,Keychains & Charms,0.0,20.05263157894737,per-SKU,persku_rolling_mean_30,0.0,0.0,0.0,0.0
5,611,2026-01-03,209,Keychains & Charms,0.0,20.05263157894737,per-SKU,persku_rolling_mean_180,0.0,0.0,0.0,0.0
5,611,2026-01-03,209,Keychains & Charms,0.0,20.05263157894737,per-SKU,persku_tsb,5.794264920719157e-14,5.794264920719157e-14,3.3573505971476575e-27,2.88952843815391e-15
5,611,2026-01-03,209,Keychains & Charms,0.0,20.05263157894737,per-SKU,persku_ewma_a0.1,2.6494198321048463e-14,2.6494198321048463e-14,7.019425446750472e-28,1.3212329871388997e-15
5,611,2026-01-03,209,Keychains & Charms,0.0,20.05263157894737,top-down,topdown_RM6_180,0.0,0.0,0.0,0.0
5,611,2026-01-03,209,Keychains & Charms,0.0,20.05263157894737,top-down,topdown_rolling_mean_30,0.0,0.0,0.0,0.0
5,611,2026-01-03,209,Keychains & Charms,0.0,20.05263157894737,top-down,topdown_tsb,0.0,0.0,0.0,0.0
5,611,2026-01-03,212,Stationery,3.0,18.736842105263158,per-SKU,persku_rolling_mean_30,41.999999999999986,38.999999999999986,1520.9999999999989,2.0814606741573027
5,611,2026-01-03,212,Stationery,3.0,18.736842105263158,per-SKU,persku_rolling_mean_180,63.33333333333336,60.33333333333336,3640.111111111114,3.220037453183522
5,611,2026-01-03,212,Stationery,3.0,18.736842105263158,per-SKU,persku_tsb,19.929391087677327,16.929391087677327,286.6042825995285,0.9035349176007562
5,611,2026-01-03,212,Stationery,3.0,18.736842105263158,per-SKU,persku_ewma_a0.1,27.92539547325572,24.92539547325572,621.2753394981967,1.3302879606512883
5,611,2026-01-03,212,Stationery,3.0,18.736842105263158,top-down,topdown_RM6_180,52.15169569202568,49.15169569202568,2415.889189401496,2.6232646577204717
5,611,2026-01-03,212,Stationery,3.0,18.736842105263158,top-down,topdown_rolling_mean_30,52.328139321723214,49.328139321723214,2433.265328943336,2.632681593013318
5,611,2026-01-03,212,Stationery,3.0,18.736842105263158,top-down,topdown_tsb,22.55247287056201,19.55247287056201,382.2991953540634,1.0435308554513432
5,611,2026-01-03,213,Stationery,0.0,5.368421052631579,per-SKU,persku_rolling_mean_30,0.0,0.0,0.0,0.0
5,611,2026-01-03,213,Stationery,0.0,5.368421052631579,per-SKU,persku_rolling_mean_180,0.0,0.0,0.0,0.0
5,611,2026-01-03,213,Stationery,0.0,5.368421052631579,per-SKU,persku_tsb,9.098888092625503e-09,9.098888092625503e-09,8.278976452212217e-17,1.6948909192145545e-09
5,611,2026-01-03,213,Stationery,0.0,5.368421052631579,per-SKU,persku_ewma_a0.1,8.285360885060104e-09,8.285360885060104e-09,6.864720499568396e-17,1.5433515374131567e-09
5,611,2026-01-03,213,Stationery,0.0,5.368421052631579,top-down,topdown_RM6_180,0.0,0.0,0.0,0.0
5,611,2026-01-03,213,Stationery,0.0,5.368421052631579,top-down,topdown_rolling_mean_30,0.0,0.0,0.0,0.0
5,611,2026-01-03,213,Stationery,0.0,5.368421052631579,top-down,topdown_tsb,0.0,0.0,0.0,0.0
5,611,2026-01-03,215,Lanyards & IDs,751.0,136.89473684210526,per-SKU,persku_rolling_mean_30,588.0000000000001,162.9999999999999,26568.999999999964,1.1906958861976156
5,611,2026-01-03,215,Lanyards & IDs,751.0,136.89473684210526,per-SKU,persku_rolling_mean_180,538.6666666666667,212.33333333333326,45085.44444444441,1.5510701012431112
5,611,2026-01-03,215,Lanyards & IDs,751.0,136.89473684210526,per-SKU,persku_tsb,179.57775919355097,571.422240806449,326523.37728826347,4.1741724626384205
5,611,2026-01-03,215,Lanyards & IDs,751.0,136.89473684210526,per-SKU,persku_ewma_a0.1,182.54983220358216,568.4501677964179,323135.5932677756,4.152461817813125
5,611,2026-01-03,215,Lanyards & IDs,751.0,136.89473684210526,top-down,topdown_RM6_180,553.4285256410258,197.57147435897423,39034.48748037881,1.4432364524492542
5,611,2026-01-03,215,Lanyards & IDs,751.0,136.89473684210526,top-down,topdown_rolling_mean_30,472.6884615384615,278.3115384615385,77457.3124408284,2.033033152929347
5,611,2026-01-03,215,Lanyards & IDs,751.0,136.89473684210526,top-down,topdown_tsb,154.5969281281644,596.4030718718357,355696.62413816195,4.356654504254086
5,611,2026-01-03,216,Lanyards & IDs,0.0,23.94736842105263,per-SKU,persku_rolling_mean_30,0.0,0.0,0.0,0.0
5,611,2026-01-03,216,Lanyards & IDs,0.0,23.94736842105263,per-SKU,persku_rolling_mean_180,0.0,0.0,0.0,0.0
5,611,2026-01-03,216,Lanyards & IDs,0.0,23.94736842105263,per-SKU,persku_tsb,5.141087146597115e-09,5.141087146597115e-09,2.643077704890606e-17,2.1468275996779162e-10
5,611,2026-01-03,216,Lanyards & IDs,0.0,23.94736842105263,per-SKU,persku_ewma_a0.1,4.946938416260745e-09,4.946938416260745e-09,2.447219969427637e-17,2.065754503493498e-10
5,611,2026-01-03,216,Lanyards & IDs,0.0,23.94736842105263,top-down,topdown_RM6_180,0.0,0.0,0.0,0.0
5,611,2026-01-03,216,Lanyards & IDs,0.0,23.94736842105263,top-down,topdown_rolling_mean_30,0.0,0.0,0.0,0.0
5,611,2026-01-03,216,Lanyards & IDs,0.0,23.94736842105263,top-down,topdown_tsb,0.0,0.0,0.0,0.0
5,611,2026-01-03,221,Stationery,0.0,18.63157894736842,per-SKU,persku_rolling_mean_30,2.0,2.0,4.0,0.10734463276836158
5,611,2026-01-03,221,Stationery,0.0,18.63157894736842,per-SKU,persku_rolling_mean_180,38.999999999999986,38.999999999999986,1520.9999999999989,2.09322033898305
5,611,2026-01-03,221,Stationery,0.0,18.63157894736842,per-SKU,persku_tsb,3.1939217728066085,3.1939217728066085,10.201136290808108,0.17142517989639988
5,611,2026-01-03,221,Stationery,0.0,18.63157894736842,per-SKU,persku_ewma_a0.1,1.4915591788981353,1.4915591788981353,2.2247487841552793,0.08005543615554964
5,611,2026-01-03,221,Stationery,0.0,18.63157894736842,top-down,topdown_RM6_180,17.06782768102659,17.06782768102659,291.31074174921747,0.9160698472867378
5,611,2026-01-03,221,Stationery,0.0,18.63157894736842,top-down,topdown_rolling_mean_30,17.1255728689276,17.1255728689276,293.28524608894907,0.9191691652814248
5,611,2026-01-03,221,Stationery,0.0,18.63157894736842,top-down,topdown_tsb,7.380809303093022,7.380809303093022,54.4763459686245,0.3961451320869136
5,611,2026-01-03,227,Stationery,57.0,18.157894736842106,per-SKU,persku_rolling_mean_30,15.0,42.0,1764.0,2.3130434782608695
5,611,2026-01-03,227,Stationery,57.0,18.157894736842106,per-SKU,persku_rolling_mean_180,45.49999999999999,11.500000000000007,132.25000000000017,0.6333333333333336
5,611,2026-01-03,227,Stationery,57.0,18.157894736842106,per-SKU,persku_tsb,9.11674413434954,47.88325586565046,2292.8061922953493,2.63704887376046
5,611,2026-01-03,227,Stationery,57.0,18.157894736842106,per-SKU,persku_ewma_a0.1,8.261034078376076,48.73896592162392,2375.486799109218,2.684174934814071
5,611,2026-01-03,227,Stationery,57.0,18.157894736842106,top-down,topdown_RM6_180,29.71066300030554,27.28933699969446,744.707913882893,1.5028910231715789
5,611,2026-01-03,227,Stationery,57.0,18.157894736842106,top-down,topdown_rolling_mean_30,29.811182401466557,27.188817598533443,739.2318024063219,1.4973551720931462
5,611,2026-01-03,227,Stationery,57.0,18.157894736842106,top-down,topdown_tsb,12.848075453532298,44.151924546467704,1949.3924411569774,2.4315552648779315
5,611,2026-01-03,228,Stationery,108.0,34.63157894736842,per-SKU,persku_rolling_mean_30,44.00000000000001,63.99999999999999,4095.999999999999,1.8480243161094225
5,611,2026-01-03,228,Stationery,108.0,34.63157894736842,per-SKU,persku_rolling_mean_180,90.3333333333333,17.6666666666667,312.1111111111123,0.5101317122593728
5,611,2026-01-03,228,Stationery,108.0,34.63157894736842,per-SKU,persku_tsb,22.107223960064957,85.89277603993504,7377.56897584644,2.4801865421865745
5,611,2026-01-03,228,Stationery,108.0,34.63157894736842,per-SKU,persku_ewma_a0.1,22.447138715670178,85.55286128432982,7319.2920739357805,2.47037137447153
5,611,2026-01-03,228,Stationery,108.0,34.63157894736842,top-down,topdown_RM6_180,61.00168041552096,46.99831958447904,2208.842043764826,1.3570943345062338
5,611,2026-01-03,228,Stationery,108.0,34.63157894736842,top-down,topdown_rolling_mean_30,61.208065994500494,46.791934005499506,2189.485087975021,1.351134872499226
5,611,2026-01-03,228,Stationery,108.0,34.63157894736842,top-down,topdown_tsb,26.379559175869506,81.6204408241305,6661.896360325389,2.3568212396025525
5,611,2026-01-03,229,Stationery,82.0,58.10526315789474,per-SKU,persku_rolling_mean_30,30.0,52.0,2704.0,0.894927536231884
5,611,2026-01-03,229,Stationery,82.0,58.10526315789474,per-SKU,persku_rolling_mean_180,118.16666666666663,36.16666666666663,1308.027777777775,0.6224335748792263
5,611,2026-01-03,229,Stationery,82.0,58.10526315789474,per-SKU,persku_tsb,20.793495948238665,61.206504051761335,3746.236138238277,1.0533728052386462
5,611,2026-01-03,229,Stationery,82.0,58.10526315789474,per-SKU,persku_ewma_a0.1,17.78028943593248,64.21971056406753,4124.1712249326065,1.1052305260120316
5,611,2026-01-03,229,Stationery,82.0,58.10526315789474,top-down,topdown_RM6_180,72.06416131989003,9.935838680109967,98.72089027716937,0.17099722366131284
5,611,2026-01-03,229,Stationery,82.0,58.10526315789474,top-down,topdown_rolling_mean_30,72.30797433547208,9.692025664527918,93.93536148186783,0.16680116632792613
5,611,2026-01-03,229,Stationery,82.0,58.10526315789474,top-down,topdown_tsb,31.16341705750387,50.83658294249613,2584.3581652692883,0.8749049600610747
5,611,2026-01-03,242,Plush & Souvenirs,0.0,98.42105263157895,per-SKU,persku_rolling_mean_30,0.0,0.0,0.0,0.0
5,611,2026-01-03,242,Plush & Souvenirs,0.0,98.42105263157895,per-SKU,persku_rolling_mean_180,0.0,0.0,0.0,0.0
5,611,2026-01-03,242,Plush & Souvenirs,0.0,98.42105263157895,per-SKU,persku_tsb,8.674286698806102e-15,8.674286698806102e-15,7.524324973308447e-29,8.813446378466093e-17
5,611,2026-01-03,242,Plush & Souvenirs,0.0,98.42105263157895,per-SKU,persku_ewma_a0.1,1.160110010914156e-14,1.160110010914156e-14,1.345855237423243e-28,1.178721401463581e-16
5,611,2026-01-03,242,Plush & Souvenirs,0.0,98.42105263157895,top-down,topdown_RM6_180,0.0,0.0,0.0,0.0
5,611,2026-01-03,242,Plush & Souvenirs,0.0,98.42105263157895,top-down,topdown_rolling_mean_30,0.0,0.0,0.0,0.0
5,611,2026-01-03,242,Plush & Souvenirs,0.0,98.42105263157895,top-down,topdown_tsb,0.0,0.0,0.0,0.0
5,611,2026-01-03,250,Plush & Souvenirs,0.0,5.684210526315789,per-SKU,persku_rolling_mean_30,0.0,0.0,0.0,0.0
5,611,2026-01-03,250,Plush & Souvenirs,0.0,5.684210526315789,per-SKU,persku_rolling_mean_180,0.0,0.0,0.0,0.0
5,611,2026-01-03,250,Plush & Souvenirs,0.0,5.684210526315789,per-SKU,persku_tsb,2.4474618146788436e-14,2.4474618146788436e-14,5.990069334311058e-28,4.3057198591572245e-15
5,611,2026-01-03,250,Plush & Souvenirs,0.0,5.684210526315789,per-SKU,persku_ewma_a0.1,2.358363793444451e-14,2.358363793444451e-14,5.561879782229701e-28,4.1489733403189414e-15
5,611,2026-01-03,250,Plush & Souvenirs,0.0,5.684210526315789,top-down,topdown_RM6_180,0.0,0.0,0.0,0.0
5,611,2026-01-03,250,Plush & Souvenirs,0.0,5.684210526315789,top-down,topdown_rolling_mean_30,0.0,0.0,0.0,0.0
5,611,2026-01-03,250,Plush & Souvenirs,0.0,5.684210526315789,top-down,topdown_tsb,0.0,0.0,0.0,0.0
5,611,2026-01-03,251,Plush & Souvenirs,0.0,29.05263157894737,per-SKU,persku_rolling_mean_30,0.0,0.0,0.0,0.0
5,611,2026-01-03,251,Plush & Souvenirs,0.0,29.05263157894737,per-SKU,persku_rolling_mean_180,22.000000000000004,22.000000000000004,484.00000000000017,0.7572463768115942
5,611,2026-01-03,251,Plush & Souvenirs,0.0,29.05263157894737,per-SKU,persku_tsb,0.07175918176520928,0.07175918176520928,0.0051493801676123436,0.0024699718361213337
5,611,2026-01-03,251,Plush & Souvenirs,0.0,29.05263157894737,per-SKU,persku_ewma_a0.1,0.06966532390078024,0.06966532390078024,0.004853257354200623,0.0023979006415123633
5,611,2026-01-03,251,Plush & Souvenirs,0.0,29.05263157894737,top-down,topdown_RM6_180,13.969849246231155,13.969849246231155,195.15668796242517,0.4808462602869419
5,611,2026-01-03,251,Plush & Souvenirs,0.0,29.05263157894737,top-down,topdown_rolling_mean_30,15.678391959798995,15.678391959798995,245.8119744450898,0.539654795717719
5,611,2026-01-03,251,Plush & Souvenirs,0.0,29.05263157894737,top-down,topdown_tsb,7.143084591256286,7.143084591256286,51.02365747784298,0.24586704209034316
5,611,2026-01-03,252,Plush & Souvenirs,0.0,9.789473684210526,per-SKU,persku_rolling_mean_30,0.0,0.0,0.0,0.0
5,611,2026-01-03,252,Plush & Souvenirs,0.0,9.789473684210526,per-SKU,persku_rolling_mean_180,0.0,0.0,0.0,0.0
5,611,2026-01-03,252,Plush & Souvenirs,0.0,9.789473684210526,per-SKU,persku_tsb,1.898933198751987e-14,1.898933198751987e-14,3.6059472933224534e-28,1.9397704718434278e-15
5,611,2026-01-03,252,Plush & Souvenirs,0.0,9.789473684210526,per-SKU,persku_ewma_a0.1,1.70694616986992e-14,1.70694616986992e-14,2.9136652268335895e-28,1.743654689652069e-15
5,611,2026-01-03,252,Plush & Souvenirs,0.0,9.789473684210526,top-down,topdown_RM6_180,0.0,0.0,0.0,0.0
5,611,2026-01-03,252,Plush & Souvenirs,0.0,9.789473684210526,top-down,topdown_rolling_mean_30,0.0,0.0,0.0,0.0
5,611,2026-01-03,252,Plush & Souvenirs,0.0,9.789473684210526,top-down,topdown_tsb,0.0,0.0,0.0,0.0
5,611,2026-01-03,261,Stationery,66.0,58.473684210526315,per-SKU,persku_rolling_mean_30,35.0,31.0,961.0,0.5301530153015301
5,611,2026-01-03,261,Stationery,66.0,58.473684210526315,per-SKU,persku_rolling_mean_180,76.49999999999999,10.499999999999986,110.2499999999997,0.17956795679567933
5,611,2026-01-03,261,Stationery,66.0,58.473684210526315,per-SKU,persku_tsb,34.548045049504694,31.451954950495306,989.2254702079862,0.5378822178752573
5,611,2026-01-03,261,Stationery,66.0,58.473684210526315,per-SKU,persku_ewma_a0.1,21.39735864762589,44.60264135237411,1989.3956156085128,0.7627814452701243
5,611,2026-01-03,261,Stationery,66.0,58.473684210526315,top-down,topdown_RM6_180,81.86235869233123,15.862358692331227,251.61442328417604,0.27127346098496247
5,611,2026-01-03,261,Stationery,66.0,58.473684210526315,top-down,topdown_rolling_mean_30,82.13932172318977,16.139321723189767,260.4777056846251,0.2760100024667917
5,611,2026-01-03,261,Stationery,66.0,58.473684210526315,top-down,topdown_tsb,35.40054832409431,30.59945167590569,936.3264428660876,0.5233029539533827
5,611,2026-01-03,267,Shirts & Tops,104.0,3.0,per-SKU,persku_rolling_mean_30,56.999999999999986,47.000000000000014,2209.0000000000014,15.666666666666671
5,611,2026-01-03,267,Shirts & Tops,104.0,3.0,per-SKU,persku_rolling_mean_180,21.833333333333332,82.16666666666667,6751.361111111112,27.38888888888889
5,611,2026-01-03,267,Shirts & Tops,104.0,3.0,per-SKU,persku_tsb,17.99628738187861,86.0037126181214,7396.638584100414,28.667904206040465
5,611,2026-01-03,267,Shirts & Tops,104.0,3.0,per-SKU,persku_ewma_a0.1,20.030178794056212,83.96982120594379,7050.930873358167,27.98994040198126
5,611,2026-01-03,267,Shirts & Tops,104.0,3.0,top-down,topdown_RM6_180,47.77957860615883,56.22042139384117,3160.735781701074,18.740140464613724
5,611,2026-01-03,267,Shirts & Tops,104.0,3.0,top-down,topdown_rolling_mean_30,45.14991896272284,58.85008103727716,3463.3320380940886,19.616693679092386
5,611,2026-01-03,267,Shirts & Tops,104.0,3.0,top-down,topdown_tsb,15.731753838698678,88.26824616130132,7791.2832803920855,29.422748720433773
5,611,2026-01-03,276,Stationery,0.0,33.05263157894737,per-SKU,persku_rolling_mean_30,0.0,0.0,0.0,0.0
5,611,2026-01-03,276,Stationery,0.0,33.05263157894737,per-SKU,persku_rolling_mean_180,0.0,0.0,0.0,0.0
5,611,2026-01-03,276,Stationery,0.0,33.05263157894737,per-SKU,persku_tsb,6.256611650177668e-10,6.256611650177668e-10,3.9145189341138923e-19,1.8929239069008867e-11
5,611,2026-01-03,276,Stationery,0.0,33.05263157894737,per-SKU,persku_ewma_a0.1,2.754868363229101e-10,2.754868363229101e-10,7.589299698720587e-20,8.33479281868677e-12
5,611,2026-01-03,276,Stationery,0.0,33.05263157894737,top-down,topdown_RM6_180,0.0,0.0,0.0,0.0
5,611,2026-01-03,276,Stationery,0.0,33.05263157894737,top-down,topdown_rolling_mean_30,0.0,0.0,0.0,0.0
5,611,2026-01-03,276,Stationery,0.0,33.05263157894737,top-down,topdown_tsb,0.0,0.0,0.0,0.0
5,611,2026-01-03,277,Stationery,109.0,51.26315789473684,per-SKU,persku_rolling_mean_30,99.99999999999997,9.000000000000028,81.00000000000051,0.17556468172484654
5,611,2026-01-03,277,Stationery,109.0,51.26315789473684,per-SKU,persku_rolling_mean_180,52.5,56.5,3192.25,1.1021560574948666
5,611,2026-01-03,277,Stationery,109.0,51.26315789473684,per-SKU,persku_tsb,26.501679615203578,82.49832038479641,6805.972866312516,1.6093101512434618
5,611,2026-01-03,277,Stationery,109.0,51.26315789473684,per-SKU,persku_ewma_a0.1,33.5650348879743,75.43496511202571,5690.433961452536,1.4715239600908505
5,611,2026-01-03,277,Stationery,109.0,51.26315789473684,top-down,topdown_RM6_180,78.06950809654755,30.93049190345245,956.6953293895375,0.6033668851802839
5,611,2026-01-03,277,Stationery,109.0,51.26315789473684,top-down,topdown_rolling_mean_30,78.33363886342809,30.666361136571908,940.4257053586479,0.5982144369557149
5,611,2026-01-03,277,Stationery,109.0,51.26315789473684,top-down,topdown_tsb,33.760368478962526,75.23963152103747,5661.002151421495,1.467713551231737
5,611,2026-01-03,291,Shirts & Tops,210.0,0.0,per-SKU,persku_rolling_mean_30,0.0,210.0,44100.0,
5,611,2026-01-03,291,Shirts & Tops,210.0,0.0,per-SKU,persku_rolling_mean_180,0.0,210.0,44100.0,
5,611,2026-01-03,291,Shirts & Tops,210.0,0.0,per-SKU,persku_tsb,0.0,210.0,44100.0,
5,611,2026-01-03,291,Shirts & Tops,210.0,0.0,per-SKU,persku_ewma_a0.1,0.0,210.0,44100.0,
5,611,2026-01-03,291,Shirts & Tops,210.0,0.0,top-down,topdown_RM6_180,0.0,210.0,44100.0,
5,611,2026-01-03,291,Shirts & Tops,210.0,0.0,top-down,topdown_rolling_mean_30,0.0,210.0,44100.0,
5,611,2026-01-03,291,Shirts & Tops,210.0,0.0,top-down,topdown_tsb,0.0,210.0,44100.0,
5,611,2026-01-03,326,Stationery,0.0,5.473684210526316,per-SKU,persku_rolling_mean_30,0.0,0.0,0.0,0.0
5,611,2026-01-03,326,Stationery,0.0,5.473684210526316,per-SKU,persku_rolling_mean_180,0.0,0.0,0.0,0.0
5,611,2026-01-03,326,Stationery,0.0,5.473684210526316,per-SKU,persku_tsb,8.563095605907975e-09,8.563095605907975e-09,7.332660635592046e-17,1.5644116972331877e-09
5,611,2026-01-03,326,Stationery,0.0,5.473684210526316,per-SKU,persku_ewma_a0.1,9.305343012592142e-09,9.305343012592142e-09,8.65894085819974e-17,1.700014588838949e-09
5,611,2026-01-03,326,Stationery,0.0,5.473684210526316,top-down,topdown_RM6_180,0.0,0.0,0.0,0.0
5,611,2026-01-03,326,Stationery,0.0,5.473684210526316,top-down,topdown_rolling_mean_30,0.0,0.0,0.0,0.0
5,611,2026-01-03,326,Stationery,0.0,5.473684210526316,top-down,topdown_tsb,0.0,0.0,0.0,0.0
5,611,2026-01-03,340,Lanyards & IDs,0.0,16.31578947368421,per-SKU,persku_rolling_mean_30,0.0,0.0,0.0,0.0
5,611,2026-01-03,340,Lanyards & IDs,0.0,16.31578947368421,per-SKU,persku_rolling_mean_180,40.500000000000014,40.500000000000014,1640.2500000000011,2.48225806451613
5,611,2026-01-03,340,Lanyards & IDs,0.0,16.31578947368421,per-SKU,persku_tsb,0.0021398161788342054,0.0021398161788342054,4.57881327920062e-06,0.00013115002386403194
5,611,2026-01-03,340,Lanyards & IDs,0.0,16.31578947368421,per-SKU,persku_ewma_a0.1,0.0006182660496200265,0.0006182660496200265,3.822529081127531e-07,3.78937256218726e-05
5,611,2026-01-03,340,Lanyards & IDs,0.0,16.31578947368421,top-down,topdown_RM6_180,0.0,0.0,0.0,0.0
5,611,2026-01-03,340,Lanyards & IDs,0.0,16.31578947368421,top-down,topdown_rolling_mean_30,0.0,0.0,0.0,0.0
5,611,2026-01-03,340,Lanyards & IDs,0.0,16.31578947368421,top-down,topdown_tsb,0.0,0.0,0.0,0.0
5,611,2026-01-03,346,Keychains & Charms,0.0,8.421052631578947,per-SKU,persku_rolling_mean_30,0.0,0.0,0.0,0.0
5,611,2026-01-03,346,Keychains & Charms,0.0,8.421052631578947,per-SKU,persku_rolling_mean_180,25.500000000000007,25.500000000000007,650.2500000000003,3.028125000000001
5,611,2026-01-03,346,Keychains & Charms,0.0,8.421052631578947,per-SKU,persku_tsb,1.4261360073891867,1.4261360073891867,2.03386391157197,0.16935365087746593
5,611,2026-01-03,346,Keychains & Charms,0.0,8.421052631578947,per-SKU,persku_ewma_a0.1,0.7201406437756019,0.7201406437756019,0.5186025468175384,0.08551670144835273
5,611,2026-01-03,346,Keychains & Charms,0.0,8.421052631578947,top-down,topdown_RM6_180,26.197183098591548,26.197183098591548,686.2924023011307,3.1109154929577465
5,611,2026-01-03,346,Keychains & Charms,0.0,8.421052631578947,top-down,topdown_rolling_mean_30,56.22535211267605,56.22535211267605,3161.2902201944053,6.676760563380281
5,611,2026-01-03,346,Keychains & Charms,0.0,8.421052631578947,top-down,topdown_tsb,16.24324545949143,16.24324545949143,263.843023057289,1.9288853983146075
5,611,2026-01-03,350,Keychains & Charms,292.0,9.473684210526315,per-SKU,persku_rolling_mean_30,180.0,112.0,12544.0,11.822222222222223
5,611,2026-01-03,350,Keychains & Charms,292.0,9.473684210526315,per-SKU,persku_rolling_mean_180,30.16666666666667,261.8333333333333,68556.69444444444,27.637962962962963
5,611,2026-01-03,350,Keychains & Charms,292.0,9.473684210526315,per-SKU,persku_tsb,60.77756042516912,231.22243957483087,53463.816562936314,24.40681306623215
5,611,2026-01-03,350,Keychains & Charms,292.0,9.473684210526315,per-SKU,persku_ewma_a0.1,58.19073842210351,233.8092615778965,54666.77079960123,24.679866499889076
5,611,2026-01-03,350,Keychains & Charms,292.0,9.473684210526315,top-down,topdown_RM6_180,45.593174431202605,246.4068255687974,60716.323686891745,26.00960936559528
5,611,2026-01-03,350,Keychains & Charms,292.0,9.473684210526315,top-down,topdown_rolling_mean_30,97.85373781148428,194.14626218851572,37692.77112177189,20.493216564343328
5,611,2026-01-03,350,Keychains & Charms,292.0,9.473684210526315,top-down,topdown_tsb,28.269494501614894,263.7305054983851,69553.77953043375,27.838220024829543
5,611,2026-01-03,352,Plush & Souvenirs,39.0,2.736842105263158,per-SKU,persku_rolling_mean_30,52.00000000000001,13.000000000000007,169.0000000000002,4.750000000000003
5,611,2026-01-03,352,Plush & Souvenirs,39.0,2.736842105263158,per-SKU,persku_rolling_mean_180,16.16666666666667,22.83333333333333,521.3611111111109,8.342948717948715
5,611,2026-01-03,352,Plush & Souvenirs,39.0,2.736842105263158,per-SKU,persku_tsb,22.531397728385016,16.468602271614984,271.2148607806422,6.0173739069362435
5,611,2026-01-03,352,Plush & Souvenirs,39.0,2.736842105263158,per-SKU,persku_ewma_a0.1,23.32265212233416,15.677347877665841,245.77923647735366,5.72826172453175
5,611,2026-01-03,352,Plush & Souvenirs,39.0,2.736842105263158,top-down,topdown_RM6_180,22.58458961474037,16.41541038525963,269.4656981164897,5.997938409998711
5,611,2026-01-03,352,Plush & Souvenirs,39.0,2.736842105263158,top-down,topdown_rolling_mean_30,25.346733668341713,13.653266331658287,186.41168152319375,4.988693467336682
5,611,2026-01-03,352,Plush & Souvenirs,39.0,2.736842105263158,top-down,topdown_tsb,11.54798675586433,27.45201324413567,753.6130311562002,10.03054330074188
5,611,2026-01-03,354,Plush & Souvenirs,36.0,2.4210526315789473,per-SKU,persku_rolling_mean_30,0.0,36.0,1296.0,14.869565217391305
5,611,2026-01-03,354,Plush & Souvenirs,36.0,2.4210526315789473,per-SKU,persku_rolling_mean_180,8.166666666666666,27.833333333333336,774.6944444444446,11.496376811594203
5,611,2026-01-03,354,Plush & Souvenirs,36.0,2.4210526315789473,per-SKU,persku_tsb,0.910356089176856,35.08964391082314,1231.2831097883677,14.493548571861732
5,611,2026-01-03,354,Plush & Souvenirs,36.0,2.4210526315789473,per-SKU,persku_ewma_a0.1,1.1529404299340387,34.84705957006596,1214.3175606797256,14.393350691983766
5,611,2026-01-03,354,Plush & Souvenirs,36.0,2.4210526315789473,top-down,topdown_RM6_180,9.77889447236181,26.22110552763819,687.546375091538,10.830456630980992
5,611,2026-01-03,354,Plush & Souvenirs,36.0,2.4210526315789473,top-down,topdown_rolling_mean_30,10.974874371859299,25.0251256281407,626.2569127042244,10.336464933362462
5,611,2026-01-03,354,Plush & Souvenirs,36.0,2.4210526315789473,top-down,topdown_tsb,5.0001592138794,30.9998407861206,960.9901287648263,12.804282063832423
5,611,2026-01-03,356,Bags,0.0,27.05263157894737,per-SKU,persku_rolling_mean_30,0.0,0.0,0.0,0.0
5,611,2026-01-03,356,Bags,0.0,27.05263157894737,per-SKU,persku_rolling_mean_180,44.66666666666666,44.66666666666666,1995.1111111111102,1.6511024643320358
5,611,2026-01-03,356,Bags,0.0,27.05263157894737,per-SKU,persku_tsb,0.09578217642297289,0.09578217642297289,0.009174225320321503,0.0035405862880087255
5,611,2026-01-03,356,Bags,0.0,27.05263157894737,per-SKU,persku_ewma_a0.1,0.09818137415493952,0.09818137415493952,0.009639582230952227,0.0036292725854938732
5,611,2026-01-03,356,Bags,0.0,27.05263157894737,top-down,topdown_RM6_180,20.976840855106886,20.976840855106886,440.0278522604814,0.7754085140992817
5,611,2026-01-03,356,Bags,0.0,27.05263157894737,top-down,topdown_rolling_mean_30,43.2897862232779,43.2897862232779,1874.005591257101,1.6002061055297276
5,611,2026-01-03,356,Bags,0.0,27.05263157894737,top-down,topdown_tsb,13.108181074955978,13.108181074955978,171.82441109383404,0.4845436584127696
5,611,2026-01-03,358,Bags,294.0,131.0,per-SKU,persku_rolling_mean_30,154.99999999999994,139.00000000000006,19321.000000000015,1.0610687022900767
5,611,2026-01-03,358,Bags,294.0,131.0,per-SKU,persku_rolling_mean_180,66.00000000000001,228.0,51984.0,1.7404580152671756
5,611,2026-01-03,358,Bags,294.0,131.0,per-SKU,persku_tsb,35.939628910944904,258.0603710890551,66595.15512662081,1.969926496863016
5,611,2026-01-03,358,Bags,294.0,131.0,per-SKU,persku_ewma_a0.1,65.6367976743732,228.3632023256268,52149.75217641515,1.7432305521040212
5,611,2026-01-03,358,Bags,294.0,131.0,top-down,topdown_RM6_180,62.93052256532065,231.06947743467936,53393.10340193579,1.7638891407227433
5,611,2026-01-03,358,Bags,294.0,131.0,top-down,topdown_rolling_mean_30,129.8693586698337,164.1306413301663,26938.867423451695,1.252905659008903
5,611,2026-01-03,358,Bags,294.0,131.0,top-down,topdown_tsb,39.32454322486793,254.67545677513206,64859.58828362216,1.944087456298718
5,611,2026-01-03,359,Bags,93.0,5.578947368421052,per-SKU,persku_rolling_mean_30,105.99999999999999,12.999999999999986,168.99999999999963,2.3301886792452806
5,611,2026-01-03,359,Bags,93.0,5.578947368421052,per-SKU,persku_rolling_mean_180,25.666666666666657,67.33333333333334,4533.777777777779,12.06918238993711
5,611,2026-01-03,359,Bags,93.0,5.578947368421052,per-SKU,persku_tsb,38.06106971636708,54.93893028363292,3018.2860607098783,9.847544107443637
5,611,2026-01-03,359,Bags,93.0,5.578947368421052,per-SKU,persku_ewma_a0.1,44.123189743273784,48.876810256726216,2388.942580872017,8.760937687526399
5,611,2026-01-03,359,Bags,93.0,5.578947368421052,top-down,topdown_RM6_180,43.07244655581947,49.92755344418053,2492.7605929215033,8.949278447541793
5,611,2026-01-03,359,Bags,93.0,5.578947368421052,top-down,topdown_rolling_mean_30,88.88836104513062,4.1116389548693775,16.905574895199347,0.7369918881369639
5,611,2026-01-03,359,Bags,93.0,5.578947368421052,top-down,topdown_tsb,26.915465140576273,66.08453485942373,4367.165747586389,11.84534115404765
5,611,2026-01-03,377,Lanyards & IDs,365.0,73.57894736842105,per-SKU,persku_rolling_mean_30,62.00000000000003,303.0,91809.0,4.118025751072961
5,611,2026-01-03,377,Lanyards & IDs,365.0,73.57894736842105,per-SKU,persku_rolling_mean_180,143.3333333333333,221.6666666666667,49136.11111111113,3.012637100619934
5,611,2026-01-03,377,Lanyards & IDs,365.0,73.57894736842105,per-SKU,persku_tsb,30.73104917569563,334.2689508243044,111735.73148518123,4.5429971857380425
5,611,2026-01-03,377,Lanyards & IDs,365.0,73.57894736842105,per-SKU,persku_ewma_a0.1,27.961412102885532,337.03858789711444,113595.00973168094,4.580638891305561
5,611,2026-01-03,377,Lanyards & IDs,365.0,73.57894736842105,top-down,topdown_RM6_180,160.56762820512824,204.43237179487176,41792.59463767668,2.7784084864825203
5,611,2026-01-03,377,Lanyards & IDs,365.0,73.57894736842105,top-down,topdown_rolling_mean_30,137.1423076923077,227.8576923076923,51919.12794378698,3.0967783646968194
5,611,2026-01-03,377,Lanyards & IDs,365.0,73.57894736842105,top-down,topdown_tsb,44.85360064985034,320.14639935014964,102493.71701686548,4.351059790881862
5,611,2026-01-03,378,Lanyards & IDs,0.0,3.6842105263157894,per-SKU,persku_rolling_mean_30,0.0,0.0,0.0,0.0
5,611,2026-01-03,378,Lanyards & IDs,0.0,3.6842105263157894,per-SKU,persku_rolling_mean_180,0.0,0.0,0.0,0.0
5,611,2026-01-03,378,Lanyards & IDs,0.0,3.6842105263157894,per-SKU,persku_tsb,3.6046448553001373e-16,3.6046448553001373e-16,1.2993464532841747e-31,9.784036035814659e-17
5,611,2026-01-03,378,Lanyards & IDs,0.0,3.6842105263157894,per-SKU,persku_ewma_a0.1,3.7530199998626415e-16,3.7530199998626415e-16,1.408515911936898e-31,1.0186768571055741e-16
5,611,2026-01-03,378,Lanyards & IDs,0.0,3.6842105263157894,top-down,topdown_RM6_180,0.0,0.0,0.0,0.0
5,611,2026-01-03,378,Lanyards & IDs,0.0,3.6842105263157894,top-down,topdown_rolling_mean_30,0.0,0.0,0.0,0.0
5,611,2026-01-03,378,Lanyards & IDs,0.0,3.6842105263157894,top-down,topdown_tsb,0.0,0.0,0.0,0.0
5,611,2026-01-03,380,Shirts & Tops,41.0,0.0,per-SKU,persku_rolling_mean_30,0.0,41.0,1681.0,
5,611,2026-01-03,380,Shirts & Tops,41.0,0.0,per-SKU,persku_rolling_mean_180,0.0,41.0,1681.0,
5,611,2026-01-03,380,Shirts & Tops,41.0,0.0,per-SKU,persku_tsb,0.0,41.0,1681.0,
5,611,2026-01-03,380,Shirts & Tops,41.0,0.0,per-SKU,persku_ewma_a0.1,0.0,41.0,1681.0,
5,611,2026-01-03,380,Shirts & Tops,41.0,0.0,top-down,topdown_RM6_180,0.0,41.0,1681.0,
5,611,2026-01-03,380,Shirts & Tops,41.0,0.0,top-down,topdown_rolling_mean_30,0.0,41.0,1681.0,
5,611,2026-01-03,380,Shirts & Tops,41.0,0.0,top-down,topdown_tsb,0.0,41.0,1681.0,
5,611,2026-01-03,381,Keychains & Charms,0.0,0.0,per-SKU,persku_rolling_mean_30,0.0,0.0,0.0,
5,611,2026-01-03,381,Keychains & Charms,0.0,0.0,per-SKU,persku_rolling_mean_180,0.0,0.0,0.0,
5,611,2026-01-03,381,Keychains & Charms,0.0,0.0,per-SKU,persku_tsb,0.0,0.0,0.0,
5,611,2026-01-03,381,Keychains & Charms,0.0,0.0,per-SKU,persku_ewma_a0.1,0.0,0.0,0.0,
5,611,2026-01-03,381,Keychains & Charms,0.0,0.0,top-down,topdown_RM6_180,0.0,0.0,0.0,
5,611,2026-01-03,381,Keychains & Charms,0.0,0.0,top-down,topdown_rolling_mean_30,0.0,0.0,0.0,
5,611,2026-01-03,381,Keychains & Charms,0.0,0.0,top-down,topdown_tsb,0.0,0.0,0.0,
5,611,2026-01-03,389,Drinkware,0.0,10.31578947368421,per-SKU,persku_rolling_mean_30,75.99999999999999,75.99999999999999,5775.999999999998,7.367346938775508
5,611,2026-01-03,389,Drinkware,0.0,10.31578947368421,per-SKU,persku_rolling_mean_180,50.16666666666668,50.16666666666668,2516.6944444444457,4.863095238095239
5,611,2026-01-03,389,Drinkware,0.0,10.31578947368421,per-SKU,persku_tsb,33.72472188761062,33.72472188761062,1137.3568663966828,3.269233244207152
5,611,2026-01-03,389,Drinkware,0.0,10.31578947368421,per-SKU,persku_ewma_a0.1,42.18065478693612,42.18065478693612,1779.2076382546768,4.088941025264216
5,611,2026-01-03,389,Drinkware,0.0,10.31578947368421,top-down,topdown_RM6_180,53.188235294117646,53.188235294117646,2828.988373702422,5.156002400960384
5,611,2026-01-03,389,Drinkware,0.0,10.31578947368421,top-down,topdown_rolling_mean_30,64.75764705882354,64.75764705882354,4193.552852595157,6.277527010804322
5,611,2026-01-03,389,Drinkware,0.0,10.31578947368421,top-down,topdown_tsb,29.72946080306175,29.72946080306175,883.8408396407851,2.8819375268274148
5,611,2026-01-03,392,Drinkware,0.0,10.263157894736842,per-SKU,persku_rolling_mean_30,63.000000000000014,63.000000000000014,3969.000000000002,6.13846153846154
5,611,2026-01-03,392,Drinkware,0.0,10.263157894736842,per-SKU,persku_rolling_mean_180,51.000000000000014,51.000000000000014,2601.0000000000014,4.96923076923077
5,611,2026-01-03,392,Drinkware,0.0,10.263157894736842,per-SKU,persku_tsb,29.967995646923935,29.967995646923935,898.0807630940519,2.919958550213101
5,611,2026-01-03,392,Drinkware,0.0,10.263157894736842,per-SKU,persku_ewma_a0.1,32.59079815352807,32.59079815352807,1062.1601242840086,3.1755136662411965
5,611,2026-01-03,392,Drinkware,0.0,10.263157894736842,top-down,topdown_RM6_180,60.97843137254902,60.97843137254902,3718.36909265667,5.9414881850175965
5,611,2026-01-03,392,Drinkware,0.0,10.263157894736842,top-down,topdown_rolling_mean_30,74.24235294117648,74.24235294117648,5511.926970242215,7.2338702865761695
5,611,2026-01-03,392,Drinkware,0.0,10.263157894736842,top-down,topdown_tsb,34.08377576916675,34.08377576916675,1161.7037706828385,3.3209832800726575
5,611,2026-01-03,393,Drinkware,77.0,4.2105263157894735,per-SKU,persku_rolling_mean_30,0.0,77.0,5929.0,18.2875
5,611,2026-01-03,393,Drinkware,77.0,4.2105263157894735,per-SKU,persku_rolling_mean_180,10.000000000000004,67.0,4489.0,15.912500000000001
5,611,2026-01-03,393,Drinkware,77.0,4.2105263157894735,per-SKU,persku_tsb,0.00010674111795211314,76.99989325888205,5928.98356187923,18.28747464898449
5,611,2026-01-03,393,Drinkware,77.0,4.2105263157894735,per-SKU,persku_ewma_a0.1,0.00012019794278309847,76.99987980205722,5928.98148953126,18.28747145298859
5,611,2026-01-03,393,Drinkware,77.0,4.2105263157894735,top-down,topdown_RM6_180,0.0,77.0,5929.0,18.2875
5,611,2026-01-03,393,Drinkware,77.0,4.2105263157894735,top-down,topdown_rolling_mean_30,0.0,77.0,5929.0,18.2875
5,611,2026-01-03,393,Drinkware,77.0,4.2105263157894735,top-down,topdown_tsb,0.0,77.0,5929.0,18.2875
5,611,2026-01-03,394,Drinkware,0.0,20.263157894736842,per-SKU,persku_rolling_mean_30,0.0,0.0,0.0,0.0
5,611,2026-01-03,394,Drinkware,0.0,20.263157894736842,per-SKU,persku_rolling_mean_180,3.000000000000001,3.000000000000001,9.000000000000005,0.1480519480519481
5,611,2026-01-03,394,Drinkware,0.0,20.263157894736842,per-SKU,persku_tsb,1.6481855380444834e-06,1.6481855380444834e-06,2.7165155678189835e-12,8.133902655284464e-08
5,611,2026-01-03,394,Drinkware,0.0,20.263157894736842,per-SKU,persku_ewma_a0.1,1.0873594054374194e-06,1.0873594054374194e-06,1.1823504765932183e-12,5.3661892735872644e-08
5,611,2026-01-03,394,Drinkware,0.0,20.263157894736842,top-down,topdown_RM6_180,0.0,0.0,0.0,0.0
5,611,2026-01-03,394,Drinkware,0.0,20.263157894736842,top-down,topdown_rolling_mean_30,0.0,0.0,0.0,0.0
5,611,2026-01-03,394,Drinkware,0.0,20.263157894736842,top-down,topdown_tsb,0.0,0.0,0.0,0.0
5,611,2026-01-03,395,Shirts & Tops,278.0,66.47368421052632,per-SKU,persku_rolling_mean_30,296.99999999999994,18.999999999999943,360.99999999999784,0.2858273950910522
5,611,2026-01-03,395,Shirts & Tops,278.0,66.47368421052632,per-SKU,persku_rolling_mean_180,305.00000000000006,27.000000000000057,729.0000000000031,0.4061757719714973
5,611,2026-01-03,395,Shirts & Tops,278.0,66.47368421052632,per-SKU,persku_tsb,103.51349341039636,174.48650658960364,30445.540981843795,2.6248959819496984
5,611,2026-01-03,395,Shirts & Tops,278.0,66.47368421052632,per-SKU,persku_ewma_a0.1,114.95248083054415,163.04751916945585,26584.493507314073,2.452813035803374
5,611,2026-01-03,395,Shirts & Tops,278.0,66.47368421052632,top-down,topdown_RM6_180,332.71961102106974,54.71961102106974,2994.2358302971766,0.8231770462393706
5,611,2026-01-03,395,Shirts & Tops,278.0,66.47368421052632,top-down,topdown_rolling_mean_30,314.40761750405187,36.40761750405187,1325.5146123213442,0.5476997090870828
5,611,2026-01-03,395,Shirts & Tops,278.0,66.47368421052632,top-down,topdown_tsb,109.55021309493809,168.4497869050619,28375.33070836076,2.534082304985096
5,611,2026-01-03,397,Shirts & Tops,0.0,0.0,per-SKU,persku_rolling_mean_30,0.0,0.0,0.0,
5,611,2026-01-03,397,Shirts & Tops,0.0,0.0,per-SKU,persku_rolling_mean_180,0.0,0.0,0.0,
5,611,2026-01-03,397,Shirts & Tops,0.0,0.0,per-SKU,persku_tsb,0.0,0.0,0.0,
5,611,2026-01-03,397,Shirts & Tops,0.0,0.0,per-SKU,persku_ewma_a0.1,0.0,0.0,0.0,
5,611,2026-01-03,397,Shirts & Tops,0.0,0.0,top-down,topdown_RM6_180,0.0,0.0,0.0,
5,611,2026-01-03,397,Shirts & Tops,0.0,0.0,top-down,topdown_rolling_mean_30,0.0,0.0,0.0,
5,611,2026-01-03,397,Shirts & Tops,0.0,0.0,top-down,topdown_tsb,0.0,0.0,0.0,
5,611,2026-01-03,400,Shirts & Tops,0.0,2.0,per-SKU,persku_rolling_mean_30,0.0,0.0,0.0,0.0
5,611,2026-01-03,400,Shirts & Tops,0.0,2.0,per-SKU,persku_rolling_mean_180,0.0,0.0,0.0,0.0
5,611,2026-01-03,400,Shirts & Tops,0.0,2.0,per-SKU,persku_tsb,1.6098481032547703e-25,1.6098481032547703e-25,2.5916109155529813e-50,8.049240516273851e-26
5,611,2026-01-03,400,Shirts & Tops,0.0,2.0,per-SKU,persku_ewma_a0.1,2.089816784337987e-25,2.089816784337987e-25,4.367334192100766e-50,1.0449083921689936e-25
5,611,2026-01-03,400,Shirts & Tops,0.0,2.0,top-down,topdown_RM6_180,0.0,0.0,0.0,0.0
5,611,2026-01-03,400,Shirts & Tops,0.0,2.0,top-down,topdown_rolling_mean_30,0.0,0.0,0.0,0.0
5,611,2026-01-03,400,Shirts & Tops,0.0,2.0,top-down,topdown_tsb,0.0,0.0,0.0,0.0
5,611,2026-01-03,401,Shirts & Tops,0.0,4.684210526315789,per-SKU,persku_rolling_mean_30,0.0,0.0,0.0,0.0
5,611,2026-01-03,401,Shirts & Tops,0.0,4.684210526315789,per-SKU,persku_rolling_mean_180,0.0,0.0,0.0,0.0
5,611,2026-01-03,401,Shirts & Tops,0.0,4.684210526315789,per-SKU,persku_tsb,3.2695497969860306e-25,3.2695497969860306e-25,1.0689955874971393e-49,6.979937768846582e-26
5,611,2026-01-03,401,Shirts & Tops,0.0,4.684210526315789,per-SKU,persku_ewma_a0.1,2.8088398800961855e-25,2.8088398800961855e-25,7.889581472018754e-50,5.996399744025564e-26
5,611,2026-01-03,401,Shirts & Tops,0.0,4.684210526315789,top-down,topdown_RM6_180,0.0,0.0,0.0,0.0
5,611,2026-01-03,401,Shirts & Tops,0.0,4.684210526315789,top-down,topdown_rolling_mean_30,0.0,0.0,0.0,0.0
5,611,2026-01-03,401,Shirts & Tops,0.0,4.684210526315789,top-down,topdown_tsb,0.0,0.0,0.0,0.0
5,611,2026-01-03,402,Shirts & Tops,528.0,123.3157894736842,per-SKU,persku_rolling_mean_30,529.0,1.0,1.0,0.008109261630388392
5,611,2026-01-03,402,Shirts & Tops,528.0,123.3157894736842,per-SKU,persku_rolling_mean_180,569.5000000000001,41.500000000000114,1722.2500000000095,0.33653435766111917
5,611,2026-01-03,402,Shirts & Tops,528.0,123.3157894736842,per-SKU,persku_tsb,184.94633045769206,343.05366954230794,117685.82018644302,2.7819119595833763
5,611,2026-01-03,402,Shirts & Tops,528.0,123.3157894736842,per-SKU,persku_ewma_a0.1,198.46496887840976,329.53503112159024,108593.33673630745,2.672285783743156
5,611,2026-01-03,402,Shirts & Tops,528.0,123.3157894736842,top-down,topdown_RM6_180,565.5364667747164,37.53646677471636,1408.9863379293852,0.3043930297565561
5,611,2026-01-03,402,Shirts & Tops,528.0,123.3157894736842,top-down,topdown_rolling_mean_30,534.4108589951377,6.410858995137687,41.09911305553779,0.051987332867100326
5,611,2026-01-03,402,Shirts & Tops,528.0,123.3157894736842,top-down,topdown_tsb,186.2067590725971,341.7932409274029,116822.61954365768,2.7716908141786836
5,611,2026-01-03,403,Shirts & Tops,0.0,0.0,per-SKU,persku_rolling_mean_30,0.0,0.0,0.0,
5,611,2026-01-03,403,Shirts & Tops,0.0,0.0,per-SKU,persku_rolling_mean_180,0.0,0.0,0.0,
5,611,2026-01-03,403,Shirts & Tops,0.0,0.0,per-SKU,persku_tsb,0.0,0.0,0.0,
5,611,2026-01-03,403,Shirts & Tops,0.0,0.0,per-SKU,persku_ewma_a0.1,0.0,0.0,0.0,
5,611,2026-01-03,403,Shirts & Tops,0.0,0.0,top-down,topdown_RM6_180,0.0,0.0,0.0,
5,611,2026-01-03,403,Shirts & Tops,0.0,0.0,top-down,topdown_rolling_mean_30,0.0,0.0,0.0,
5,611,2026-01-03,403,Shirts & Tops,0.0,0.0,top-down,topdown_tsb,0.0,0.0,0.0,
5,611,2026-01-03,404,Shirts & Tops,113.0,69.6842105263158,per-SKU,persku_rolling_mean_30,129.99999999999997,16.99999999999997,288.99999999999903,0.24395770392749203
5,611,2026-01-03,404,Shirts & Tops,113.0,69.6842105263158,per-SKU,persku_rolling_mean_180,175.66666666666666,62.66666666666666,3927.11111111111,0.8992950654582073
5,611,2026-01-03,404,Shirts & Tops,113.0,69.6842105263158,per-SKU,persku_tsb,46.41314837420865,66.58685162579135,4433.808809435152,0.9555514961405103
5,611,2026-01-03,404,Shirts & Tops,113.0,69.6842105263158,per-SKU,persku_ewma_a0.1,50.36712653975664,62.63287346024336,3922.876837886857,0.898810117631891
5,611,2026-01-03,404,Shirts & Tops,113.0,69.6842105263158,top-down,topdown_RM6_180,125.96434359805511,12.964343598055109,168.0742049284325,0.18604420571227118
5,611,2026-01-03,404,Shirts & Tops,113.0,69.6842105263158,top-down,topdown_rolling_mean_30,119.0316045380875,6.031604538087507,36.38025330387781,0.08655625847708658
5,611,2026-01-03,404,Shirts & Tops,113.0,69.6842105263158,top-down,topdown_tsb,41.474623756569244,71.52537624343076,5115.879446764328,1.0264215624057282
5,611,2026-01-03,406,Shirts & Tops,0.0,2.9473684210526314,per-SKU,persku_rolling_mean_30,0.0,0.0,0.0,0.0
5,611,2026-01-03,406,Shirts & Tops,0.0,2.9473684210526314,per-SKU,persku_rolling_mean_180,0.0,0.0,0.0,0.0
5,611,2026-01-03,406,Shirts & Tops,0.0,2.9473684210526314,per-SKU,persku_tsb,1.9415994398411644e-25,1.9415994398411644e-25,3.769808384791523e-50,6.587569528032523e-26
5,611,2026-01-03,406,Shirts & Tops,0.0,2.9473684210526314,per-SKU,persku_ewma_a0.1,1.6282217807065363e-25,1.6282217807065363e-25,2.651106167167164e-50,5.524323898825749e-26
5,611,2026-01-03,406,Shirts & Tops,0.0,2.9473684210526314,top-down,topdown_RM6_180,0.0,0.0,0.0,0.0
5,611,2026-01-03,406,Shirts & Tops,0.0,2.9473684210526314,top-down,topdown_rolling_mean_30,0.0,0.0,0.0,0.0
5,611,2026-01-03,406,Shirts & Tops,0.0,2.9473684210526314,top-down,topdown_tsb,0.0,0.0,0.0,0.0
5,611,2026-01-03,419,Umbrellas & Gear,0.0,51.63157894736842,per-SKU,persku_rolling_mean_30,114.99999999999997,114.99999999999997,13224.999999999993,2.227319062181447
5,611,2026-01-03,419,Umbrellas & Gear,0.0,51.63157894736842,per-SKU,persku_rolling_mean_180,147.33333333333331,147.33333333333331,21707.111111111106,2.853550798504927
5,611,2026-01-03,419,Umbrellas & Gear,0.0,51.63157894736842,per-SKU,persku_tsb,40.27844548335686,40.27844548335686,1622.3531705557507,0.780112603653191
5,611,2026-01-03,419,Umbrellas & Gear,0.0,51.63157894736842,per-SKU,persku_ewma_a0.1,42.43658013401378,42.43658013401378,1800.863333470573,0.8219113379676471
5,611,2026-01-03,419,Umbrellas & Gear,0.0,51.63157894736842,top-down,topdown_RM6_180,147.33333333333331,147.33333333333331,21707.111111111106,2.853550798504927
5,611,2026-01-03,419,Umbrellas & Gear,0.0,51.63157894736842,top-down,topdown_rolling_mean_30,114.99999999999997,114.99999999999997,13224.999999999993,2.227319062181447
5,611,2026-01-03,419,Umbrellas & Gear,0.0,51.63157894736842,top-down,topdown_tsb,40.27844548335686,40.27844548335686,1622.3531705557507,0.780112603653191
5,611,2026-01-03,477,Bags,0.0,0.21052631578947367,per-SKU,persku_rolling_mean_30,0.0,0.0,0.0,0.0
5,611,2026-01-03,477,Bags,0.0,0.21052631578947367,per-SKU,persku_rolling_mean_180,0.0,0.0,0.0,0.0
5,611,2026-01-03,477,Bags,0.0,0.21052631578947367,per-SKU,persku_tsb,1.667273991596003e-25,1.667273991596003e-25,2.7798025630524686e-50,7.919551460081014e-25
5,611,2026-01-03,477,Bags,0.0,0.21052631578947367,per-SKU,persku_ewma_a0.1,6.741626455351679e-25,6.741626455351679e-25,4.544952726349765e-49,3.202272566292048e-24
5,611,2026-01-03,477,Bags,0.0,0.21052631578947367,top-down,topdown_RM6_180,0.0,0.0,0.0,0.0
5,611,2026-01-03,477,Bags,0.0,0.21052631578947367,top-down,topdown_rolling_mean_30,0.0,0.0,0.0,0.0
5,611,2026-01-03,477,Bags,0.0,0.21052631578947367,top-down,topdown_tsb,0.0,0.0,0.0,0.0
6,641,2026-02-02,29,Keychains & Charms,2.0,49.35,per-SKU,persku_rolling_mean_30,448.99999999999983,446.99999999999983,199808.99999999985,9.057750759878417
6,641,2026-02-02,29,Keychains & Charms,2.0,49.35,per-SKU,persku_rolling_mean_180,188.5,186.5,34782.25,3.779128672745694
6,641,2026-02-02,29,Keychains & Charms,2.0,49.35,per-SKU,persku_tsb,716.5004949865101,714.5004949865101,510510.95733596804,14.478226848764136
6,641,2026-02-02,29,Keychains & Charms,2.0,49.35,per-SKU,persku_ewma_a0.1,835.1606875640376,833.1606875640376,694156.73130218,16.88268870443845
6,641,2026-02-02,29,Keychains & Charms,2.0,49.35,top-down,topdown_RM6_180,196.39329198254075,194.39329198254075,37788.75196780934,3.939073799038313
6,641,2026-02-02,29,Keychains & Charms,2.0,49.35,top-down,topdown_rolling_mean_30,444.6533425223984,442.6533425223984,195941.98164625178,8.969672594172208
6,641,2026-02-02,29,Keychains & Charms,2.0,49.35,top-down,topdown_tsb,676.5347216833908,674.5347216833908,454997.0907564895,13.668383418103156
6,641,2026-02-02,39,Plush & Souvenirs,45.0,1.4,per-SKU,persku_rolling_mean_30,28.0,17.0,289.0,12.142857142857144
6,641,2026-02-02,39,Plush & Souvenirs,45.0,1.4,per-SKU,persku_rolling_mean_180,4.666666666666668,40.33333333333333,1626.7777777777774,28.809523809523807
6,641,2026-02-02,39,Plush & Souvenirs,45.0,1.4,per-SKU,persku_tsb,43.3913489033049,1.6086510966950982,2.5877583508983424,1.149036497639356
6,641,2026-02-02,39,Plush & Souvenirs,45.0,1.4,per-SKU,persku_ewma_a0.1,27.60565828329,17.39434171671,302.5631237576778,12.424529797649999
6,641,2026-02-02,39,Plush & Souvenirs,45.0,1.4,top-down,topdown_RM6_180,7.701046337817638,37.29895366218236,1391.211944293627,26.64210975870169
6,641,2026-02-02,39,Plush & Souvenirs,45.0,1.4,top-down,topdown_rolling_mean_30,12.932735426008971,32.067264573991025,1028.3094572583398,22.905188981422164
6,641,2026-02-02,39,Plush & Souvenirs,45.0,1.4,top-down,topdown_tsb,18.50378410526877,26.49621589473123,702.0494567402078,18.925868496236593
6,641,2026-02-02,48,Umbrellas & Gear,35.0,4.55,per-SKU,persku_rolling_mean_30,90.99999999999999,55.999999999999986,3135.9999999999986,12.307692307692305
6,641,2026-02-02,48,Umbrellas & Gear,35.0,4.55,per-SKU,persku_rolling_mean_180,15.166666666666671,19.83333333333333,393.3611111111109,4.358974358974358
6,641,2026-02-02,48,Umbrellas & Gear,35.0,4.55,per-SKU,persku_tsb,111.4454450578622,76.4454450578622,5843.906070094628,16.80119671601367
6,641,2026-02-02,48,Umbrellas & Gear,35.0,4.55,per-SKU,persku_ewma_a0.1,139.09584374450702,104.09584374450702,10835.944684880822,22.87820741637517
6,641,2026-02-02,48,Umbrellas & Gear,35.0,4.55,top-down,topdown_RM6_180,49.162698412698425,14.162698412698425,200.5820263290505,3.11268096982383
6,641,2026-02-02,48,Umbrellas & Gear,35.0,4.55,top-down,topdown_rolling_mean_30,28.166666666666664,6.833333333333336,46.69444444444448,1.5018315018315025
6,641,2026-02-02,48,Umbrellas & Gear,35.0,4.55,top-down,topdown_tsb,36.91812795523067,1.9181279552306734,3.679214852637404,0.42156658356718096
6,641,2026-02-02,54,Stationery,0.0,48.6,per-SKU,persku_rolling_mean_30,0.0,0.0,0.0,0.0
6,641,2026-02-02,54,Stationery,0.0,48.6,per-SKU,persku_rolling_mean_180,195.33333333333337,195.33333333333337,38155.111111111124,4.01920438957476
6,641,2026-02-02,54,Stationery,0.0,48.6,per-SKU,persku_tsb,6.760293029280931,6.760293029280931,45.70156184174435,0.13910067961483397
6,641,2026-02-02,54,Stationery,0.0,48.6,per-SKU,persku_ewma_a0.1,8.000410180882918,8.000410180882918,64.00656306237505,0.16461749343380488
6,641,2026-02-02,54,Stationery,0.0,48.6,top-down,topdown_RM6_180,236.74591470705465,236.74591470705465,56048.62813048,4.871315117429108
6,641,2026-02-02,54,Stationery,0.0,48.6,top-down,topdown_rolling_mean_30,285.8589079314468,285.8589079314468,81715.3152437594,5.881870533568865
6,641,2026-02-02,54,Stationery,0.0,48.6,top-down,topdown_tsb,394.543990594129,394.543990594129,155664.96051394017,8.118189106875082
6,641,2026-02-02,55,Stationery,88.0,25.75,per-SKU,persku_rolling_mean_30,515.0000000000001,427.0000000000001,182329.0000000001,16.582524271844665
6,641,2026-02-02,55,Stationery,88.0,25.75,per-SKU,persku_rolling_mean_180,85.83333333333336,2.166666666666643,4.694444444444342,0.08414239482200556
6,641,2026-02-02,55,Stationery,88.0,25.75,per-SKU,persku_tsb,742.1662662933888,654.1662662933888,427933.5039562329,25.404515195859762
6,641,2026-02-02,55,Stationery,88.0,25.75,per-SKU,persku_ewma_a0.1,834.9417356016692,746.9417356016692,557921.9563836339,29.00744604278327
6,641,2026-02-02,55,Stationery,88.0,25.75,top-down,topdown_RM6_180,159.79573535273022,71.79573535273022,5154.627614839275,2.7881838971934068
6,641,2026-02-02,55,Stationery,88.0,25.75,top-down,topdown_rolling_mean_30,192.94539657233963,104.94539657233963,11013.536261725634,4.075549381450083
6,641,2026-02-02,55,Stationery,88.0,25.75,top-down,topdown_tsb,266.3042662594711,178.3042662594711,31792.41136632836,6.924437524639654
6,641,2026-02-02,74,Bags,38.0,13.25,per-SKU,persku_rolling_mean_30,265.0,227.0,51529.0,17.132075471698112
6,641,2026-02-02,74,Bags,38.0,13.25,per-SKU,persku_rolling_mean_180,98.33333333333329,60.333333333333286,3640.1111111111054,4.553459119496852
6,641,2026-02-02,74,Bags,38.0,13.25,per-SKU,persku_tsb,288.56810253427807,250.56810253427807,62784.37400762849,18.91080019126627
6,641,2026-02-02,74,Bags,38.0,13.25,per-SKU,persku_ewma_a0.1,321.04477991353315,283.04477991353315,80114.34743630042,21.361870182153446
6,641,2026-02-02,74,Bags,38.0,13.25,top-down,topdown_RM6_180,149.94516704922208,111.94516704922208,12531.720425678237,8.448691852771478
6,641,2026-02-02,74,Bags,38.0,13.25,top-down,topdown_rolling_mean_30,294.32287681713854,256.32287681713854,65701.41717981397,19.345122778651966
6,641,2026-02-02,74,Bags,38.0,13.25,top-down,topdown_tsb,300.2705746978923,262.2705746978923,68785.8543523627,19.794005637576777
6,641,2026-02-02,112,Keychains & Charms,30.0,27.4,per-SKU,persku_rolling_mean_30,41.999999999999986,11.999999999999986,143.99999999999966,0.43795620437956156
6,641,2026-02-02,112,Keychains & Charms,30.0,27.4,per-SKU,persku_rolling_mean_180,52.99999999999999,22.999999999999993,528.9999999999997,0.8394160583941603
6,641,2026-02-02,112,Keychains & Charms,30.0,27.4,per-SKU,persku_tsb,45.04675563332296,15.04675563332296,226.40485508893622,0.549151665449743
6,641,2026-02-02,112,Keychains & Charms,30.0,27.4,per-SKU,persku_ewma_a0.1,40.19539836636705,10.195398366367051,103.94614784891994,0.37209483088930845
6,641,2026-02-02,112,Keychains & Charms,30.0,27.4,top-down,topdown_RM6_180,30.98437858947852,0.9843785894785206,0.9690012074237219,0.03592622589337667
6,641,2026-02-02,112,Keychains & Charms,30.0,27.4,top-down,topdown_rolling_mean_30,70.1516195727085,40.1516195727085,1612.152554311508,1.4653875756462955
6,641,2026-02-02,112,Keychains & Charms,30.0,27.4,top-down,topdown_tsb,106.73484686752525,76.73484686752525,5888.236723782549,2.8005418564790237
6,641,2026-02-02,148,Lanyards & IDs,0.0,14.3,per-SKU,persku_rolling_mean_30,0.0,0.0,0.0,0.0
6,641,2026-02-02,148,Lanyards & IDs,0.0,14.3,per-SKU,persku_rolling_mean_180,26.666666666666668,26.666666666666668,711.1111111111112,1.8648018648018647
6,641,2026-02-02,148,Lanyards & IDs,0.0,14.3,per-SKU,persku_tsb,0.007484307418291365,0.007484307418291365,5.601485753149116e-05,0.0005233781411392562
6,641,2026-02-02,148,Lanyards & IDs,0.0,14.3,per-SKU,persku_ewma_a0.1,0.007832877798979399,0.007832877798979399,6.135397461374434e-05,0.0005477536922363215
6,641,2026-02-02,148,Lanyards & IDs,0.0,14.3,top-down,topdown_RM6_180,0.0,0.0,0.0,0.0
6,641,2026-02-02,148,Lanyards & IDs,0.0,14.3,top-down,topdown_rolling_mean_30,0.0,0.0,0.0,0.0
6,641,2026-02-02,148,Lanyards & IDs,0.0,14.3,top-down,topdown_tsb,0.0,0.0,0.0,0.0
6,641,2026-02-02,156,Bags,0.0,16.3,per-SKU,persku_rolling_mean_30,0.0,0.0,0.0,0.0
6,641,2026-02-02,156,Bags,0.0,16.3,per-SKU,persku_rolling_mean_180,43.833333333333314,43.833333333333314,1921.3611111111095,2.6891615541922276
6,641,2026-02-02,156,Bags,0.0,16.3,per-SKU,persku_tsb,0.005725288200692126,0.005725288200692126,3.2778924980984484e-05,0.0003512446748890875
6,641,2026-02-02,156,Bags,0.0,16.3,per-SKU,persku_ewma_a0.1,0.004663576877351315,0.004663576877351315,2.174894929096584e-05,0.00028610901088044877
6,641,2026-02-02,156,Bags,0.0,16.3,top-down,topdown_RM6_180,0.0,0.0,0.0,0.0
6,641,2026-02-02,156,Bags,0.0,16.3,top-down,topdown_rolling_mean_30,0.0,0.0,0.0,0.0
6,641,2026-02-02,156,Bags,0.0,16.3,top-down,topdown_tsb,0.0,0.0,0.0,0.0
6,641,2026-02-02,174,Uncategorised,29.0,7.9,per-SKU,persku_rolling_mean_30,110.00000000000003,81.00000000000003,6561.000000000005,10.253164556962028
6,641,2026-02-02,174,Uncategorised,29.0,7.9,per-SKU,persku_rolling_mean_180,51.50000000000001,22.500000000000007,506.25000000000034,2.8481012658227858
6,641,2026-02-02,174,Uncategorised,29.0,7.9,per-SKU,persku_tsb,166.01616722985736,137.01616722985736,18773.43008236024,17.343818636690806
6,641,2026-02-02,174,Uncategorised,29.0,7.9,per-SKU,persku_ewma_a0.1,211.61776647210564,182.61776647210564,33349.24863126051,23.11617297115261
6,641,2026-02-02,174,Uncategorised,29.0,7.9,top-down,topdown_RM6_180,51.50000000000001,22.500000000000007,506.25000000000034,2.8481012658227858
6,641,2026-02-02,174,Uncategorised,29.0,7.9,top-down,topdown_rolling_mean_30,110.00000000000003,81.00000000000003,6561.000000000005,10.253164556962028
6,641,2026-02-02,174,Uncategorised,29.0,7.9,top-down,topdown_tsb,166.01616722985736,137.01616722985736,18773.43008236024,17.343818636690806
6,641,2026-02-02,187,Outerwear,67.0,6.7,per-SKU,persku_rolling_mean_30,104.00000000000001,37.000000000000014,1369.0000000000011,5.522388059701495
6,641,2026-02-02,187,Outerwear,67.0,6.7,per-SKU,persku_rolling_mean_180,60.49999999999999,6.500000000000007,42.25000000000009,0.9701492537313443
6,641,2026-02-02,187,Outerwear,67.0,6.7,per-SKU,persku_tsb,149.4332077433125,82.4332077433125,6795.233738852115,12.303463842285446
6,641,2026-02-02,187,Outerwear,67.0,6.7,per-SKU,persku_ewma_a0.1,166.34501815948192,99.34501815948192,9869.432633107794,14.827614650668943
6,641,2026-02-02,187,Outerwear,67.0,6.7,top-down,topdown_RM6_180,60.49999999999999,6.500000000000007,42.25000000000009,0.9701492537313443
6,641,2026-02-02,187,Outerwear,67.0,6.7,top-down,topdown_rolling_mean_30,104.00000000000001,37.000000000000014,1369.0000000000011,5.522388059701495
6,641,2026-02-02,187,Outerwear,67.0,6.7,top-down,topdown_tsb,149.4332077433125,82.4332077433125,6795.233738852115,12.303463842285446
6,641,2026-02-02,190,Lanyards & IDs,0.0,22.7,per-SKU,persku_rolling_mean_30,0.0,0.0,0.0,0.0
6,641,2026-02-02,190,Lanyards & IDs,0.0,22.7,per-SKU,persku_rolling_mean_180,49.0,49.0,2401.0,2.158590308370044
6,641,2026-02-02,190,Lanyards & IDs,0.0,22.7,per-SKU,persku_tsb,0.00017387353162427393,0.00017387353162427393,3.0232004999497386e-08,7.659626943800613e-06
6,641,2026-02-02,190,Lanyards & IDs,0.0,22.7,per-SKU,persku_ewma_a0.1,0.00014300857463112694,0.00014300857463112694,2.0451452418026602e-08,6.2999372084196895e-06
6,641,2026-02-02,190,Lanyards & IDs,0.0,22.7,top-down,topdown_RM6_180,0.0,0.0,0.0,0.0
6,641,2026-02-02,190,Lanyards & IDs,0.0,22.7,top-down,topdown_rolling_mean_30,0.0,0.0,0.0,0.0
6,641,2026-02-02,190,Lanyards & IDs,0.0,22.7,top-down,topdown_tsb,0.0,0.0,0.0,0.0
6,641,2026-02-02,192,Lanyards & IDs,64.0,5.05,per-SKU,persku_rolling_mean_30,64.99999999999999,0.9999999999999858,0.9999999999999716,0.19801980198019523
6,641,2026-02-02,192,Lanyards & IDs,64.0,5.05,per-SKU,persku_rolling_mean_180,51.333333333333314,12.666666666666686,160.4444444444449,2.508250825082512
6,641,2026-02-02,192,Lanyards & IDs,64.0,5.05,per-SKU,persku_tsb,77.38632972081659,13.38632972081659,179.19382339441756,2.6507583605577407
6,641,2026-02-02,192,Lanyards & IDs,64.0,5.05,per-SKU,persku_ewma_a0.1,72.14798726325675,8.147987263256752,66.38969644219425,1.6134628244072777
6,641,2026-02-02,192,Lanyards & IDs,64.0,5.05,top-down,topdown_RM6_180,75.33803401078391,11.338034010783915,128.55101522969278,2.245155249660181
6,641,2026-02-02,192,Lanyards & IDs,64.0,5.05,top-down,topdown_rolling_mean_30,93.06926586478637,29.069265864786374,845.0222179176343,5.756290270254728
6,641,2026-02-02,192,Lanyards & IDs,64.0,5.05,top-down,topdown_tsb,136.61403586404685,72.61403586404685,5272.798204465083,14.379017002781556
6,641,2026-02-02,209,Keychains & Charms,0.0,19.05,per-SKU,persku_rolling_mean_30,0.0,0.0,0.0,0.0
6,641,2026-02-02,209,Keychains & Charms,0.0,19.05,per-SKU,persku_rolling_mean_180,0.0,0.0,0.0,0.0
6,641,2026-02-02,209,Keychains & Charms,0.0,19.05,per-SKU,persku_tsb,2.456256013427383e-15,2.456256013427383e-15,6.0331936034981806e-30,1.2893732353949517e-16
6,641,2026-02-02,209,Keychains & Charms,0.0,19.05,per-SKU,persku_ewma_a0.1,1.1231197544025341e-15,1.1231197544025341e-15,1.2613979827292086e-30,5.89564175539388e-17
6,641,2026-02-02,209,Keychains & Charms,0.0,19.05,top-down,topdown_RM6_180,0.0,0.0,0.0,0.0
6,641,2026-02-02,209,Keychains & Charms,0.0,19.05,top-down,topdown_rolling_mean_30,0.0,0.0,0.0,0.0
6,641,2026-02-02,209,Keychains & Charms,0.0,19.05,top-down,topdown_tsb,0.0,0.0,0.0,0.0
6,641,2026-02-02,212,Stationery,1.0,19.75,per-SKU,persku_rolling_mean_30,3.000000000000001,2.000000000000001,4.0000000000000036,0.10126582278481017
6,641,2026-02-02,212,Stationery,1.0,19.75,per-SKU,persku_rolling_mean_180,61.16666666666668,60.16666666666668,3620.027777777779,3.046413502109705
6,641,2026-02-02,212,Stationery,1.0,19.75,per-SKU,persku_tsb,17.421293668197837,16.421293668197837,269.6588857371944,0.8314579072505234
6,641,2026-02-02,212,Stationery,1.0,19.75,per-SKU,persku_ewma_a0.1,4.5543481137047905,3.5543481137047905,12.633390513396803,0.17996699309897674
6,641,2026-02-02,212,Stationery,1.0,19.75,top-down,topdown_RM6_180,39.716221602231975,38.716221602231975,1498.945815153134,1.9603150178345303
6,641,2026-02-02,212,Stationery,1.0,19.75,top-down,topdown_rolling_mean_30,47.9553607014747,46.9553607014747,2204.805898605595,2.3774866177961873
6,641,2026-02-02,212,Stationery,1.0,19.75,top-down,topdown_tsb,66.18824481788796,65.18824481788796,4249.507262436897,3.3006706236905297
6,641,2026-02-02,213,Stationery,0.0,5.1,per-SKU,persku_rolling_mean_30,0.0,0.0,0.0,0.0
6,641,2026-02-02,213,Stationery,0.0,5.1,per-SKU,persku_rolling_mean_180,0.0,0.0,0.0,0.0
6,641,2026-02-02,213,Stationery,0.0,5.1,per-SKU,persku_tsb,3.857124052629677e-10,3.857124052629677e-10,1.4877405957374385e-19,7.562988338489564e-11
6,641,2026-02-02,213,Stationery,0.0,5.1,per-SKU,persku_ewma_a0.1,3.5122604464586847e-10,3.5122604464586847e-10,1.233597344375816e-19,6.886785189134677e-11
6,641,2026-02-02,213,Stationery,0.0,5.1,top-down,topdown_RM6_180,0.0,0.0,0.0,0.0
6,641,2026-02-02,213,Stationery,0.0,5.1,top-down,topdown_rolling_mean_30,0.0,0.0,0.0,0.0
6,641,2026-02-02,213,Stationery,0.0,5.1,top-down,topdown_tsb,0.0,0.0,0.0,0.0
6,641,2026-02-02,215,Lanyards & IDs,314.0,138.2,per-SKU,persku_rolling_mean_30,750.9999999999999,436.9999999999999,190968.9999999999,3.1620839363241675
6,641,2026-02-02,215,Lanyards & IDs,314.0,138.2,per-SKU,persku_rolling_mean_180,610.1666666666665,296.1666666666665,87714.69444444435,2.1430294259527245
6,641,2026-02-02,215,Lanyards & IDs,314.0,138.2,per-SKU,persku_tsb,1065.0326498831284,751.0326498831284,564050.0411904738,5.43438965183161
6,641,2026-02-02,215,Lanyards & IDs,314.0,138.2,per-SKU,persku_ewma_a0.1,1467.7746876658573,1153.7746876658573,1331196.0298984465,8.348586741431674
6,641,2026-02-02,215,Lanyards & IDs,314.0,138.2,top-down,topdown_RM6_180,664.9572791372874,350.9572791372874,123171.01177944787,2.5394882716156832
6,641,2026-02-02,215,Lanyards & IDs,314.0,138.2,top-down,topdown_rolling_mean_30,821.4587308170879,507.45873081708794,257514.36348248972,3.6719155630758897
6,641,2026-02-02,215,Lanyards & IDs,314.0,138.2,top-down,topdown_tsb,1205.798621810561,891.7986218105609,795304.7818632158,6.452956742478734
6,641,2026-02-02,216,Lanyards & IDs,0.0,22.75,per-SKU,persku_rolling_mean_30,0.0,0.0,0.0,0.0
6,641,2026-02-02,216,Lanyards & IDs,0.0,22.75,per-SKU,persku_rolling_mean_180,0.0,0.0,0.0,0.0
6,641,2026-02-02,216,Lanyards & IDs,0.0,22.75,per-SKU,persku_tsb,2.1793663893807786e-10,2.1793663893807786e-10,4.7496378591626116e-20,9.57963248079463e-12
6,641,2026-02-02,216,Lanyards & IDs,0.0,22.75,per-SKU,persku_ewma_a0.1,2.0970644938145688e-10,2.0970644938145688e-10,4.3976794912177536e-20,9.217865906877225e-12
6,641,2026-02-02,216,Lanyards & IDs,0.0,22.75,top-down,topdown_RM6_180,0.0,0.0,0.0,0.0
6,641,2026-02-02,216,Lanyards & IDs,0.0,22.75,top-down,topdown_rolling_mean_30,0.0,0.0,0.0,0.0
6,641,2026-02-02,216,Lanyards & IDs,0.0,22.75,top-down,topdown_tsb,0.0,0.0,0.0,0.0
6,641,2026-02-02,221,Stationery,0.0,17.8,per-SKU,persku_rolling_mean_30,0.0,0.0,0.0,0.0
6,641,2026-02-02,221,Stationery,0.0,17.8,per-SKU,persku_rolling_mean_180,34.166666666666664,34.166666666666664,1167.3611111111109,1.9194756554307113
6,641,2026-02-02,221,Stationery,0.0,17.8,per-SKU,persku_tsb,0.13539404338970407,0.13539404338970407,0.018331546985413068,0.007606406932005846
6,641,2026-02-02,221,Stationery,0.0,17.8,per-SKU,persku_ewma_a0.1,0.06322892122952242,0.06322892122952242,0.003997896479849152,0.003552186585928226
6,641,2026-02-02,221,Stationery,0.0,17.8,top-down,topdown_RM6_180,3.7233957752092475,3.7233957752092475,13.863676098846073,0.2091795379331038
6,641,2026-02-02,221,Stationery,0.0,17.8,top-down,topdown_rolling_mean_30,4.495815065763253,4.495815065763253,20.212353105543844,0.2525738800990591
6,641,2026-02-02,221,Stationery,0.0,17.8,top-down,topdown_tsb,6.205147951676995,6.205147951676995,38.503861102201206,0.3486038175099435
6,641,2026-02-02,227,Stationery,44.0,19.35,per-SKU,persku_rolling_mean_30,56.999999999999986,12.999999999999986,168.99999999999963,0.6718346253229966
6,641,2026-02-02,227,Stationery,44.0,19.35,per-SKU,persku_rolling_mean_180,46.166666666666686,2.1666666666666856,4.694444444444526,0.11197243755383388
6,641,2026-02-02,227,Stationery,44.0,19.35,per-SKU,persku_tsb,37.011357077489464,6.988642922510536,48.841129898356606,0.3611701768739295
6,641,2026-02-02,227,Stationery,44.0,19.35,per-SKU,persku_ewma_a0.1,40.82352171779337,3.176478282206631,10.090014277330388,0.16415908435176385
6,641,2026-02-02,227,Stationery,44.0,19.35,top-down,topdown_RM6_180,35.06197688322042,8.938023116779583,79.8882572360862,0.46191333936845386
6,641,2026-02-02,227,Stationery,44.0,19.35,top-down,topdown_rolling_mean_30,42.33559186927063,1.6644081307293703,2.770254425638037,0.0860159240687013
6,641,2026-02-02,227,Stationery,44.0,19.35,top-down,topdown_tsb,58.43180987829171,14.431809878291709,208.27713636315815,0.7458299678703725
6,641,2026-02-02,228,Stationery,55.0,36.1,per-SKU,persku_rolling_mean_30,107.99999999999997,52.99999999999997,2808.999999999997,1.4681440443213287
6,641,2026-02-02,228,Stationery,55.0,36.1,per-SKU,persku_rolling_mean_180,90.83333333333329,35.833333333333286,1284.0277777777744,0.9926131117266838
6,641,2026-02-02,228,Stationery,55.0,36.1,per-SKU,persku_tsb,84.16738055496278,29.167380554962776,850.7360884380206,0.8079606801928746
6,641,2026-02-02,228,Stationery,55.0,36.1,per-SKU,persku_ewma_a0.1,80.2933649049094,25.293364904909396,639.7543082129023,0.7006472272828087
6,641,2026-02-02,228,Stationery,55.0,36.1,top-down,topdown_RM6_180,70.12395376644083,15.123953766440835,228.7339775294399,0.4189460877130425
6,641,2026-02-02,228,Stationery,55.0,36.1,top-down,topdown_rolling_mean_30,84.67118373854126,29.67118373854126,880.3791444462753,0.8219164470510044
6,641,2026-02-02,228,Stationery,55.0,36.1,top-down,topdown_tsb,116.86361975658342,61.86361975658342,3827.1074493871383,1.7136736774676846
6,641,2026-02-02,229,Stationery,71.0,57.8,per-SKU,persku_rolling_mean_30,82.0,11.0,121.0,0.1903114186851211
6,641,2026-02-02,229,Stationery,71.0,57.8,per-SKU,persku_rolling_mean_180,113.33333333333329,42.333333333333286,1792.111111111107,0.7324106113033441
6,641,2026-02-02,229,Stationery,71.0,57.8,per-SKU,persku_tsb,65.43106466681132,5.568935333188676,31.013040745237273,0.09634836216589406
6,641,2026-02-02,229,Stationery,71.0,57.8,per-SKU,persku_ewma_a0.1,61.90283142608432,9.097168573915681,82.75847606223907,0.15739045975632668
6,641,2026-02-02,229,Stationery,71.0,57.8,top-down,topdown_RM6_180,65.77999202869671,5.220007971303289,27.248483220469883,0.09031155659694272
6,641,2026-02-02,229,Stationery,71.0,57.8,top-down,topdown_rolling_mean_30,79.42606616181749,8.426066161817488,70.9985909633257,0.1457796913809254
6,641,2026-02-02,229,Stationery,71.0,57.8,top-down,topdown_tsb,109.62428047962693,38.62428047962693,1491.83504256889,0.6682401467063483
6,641,2026-02-02,242,Plush & Souvenirs,0.0,93.5,per-SKU,persku_rolling_mean_30,0.0,0.0,0.0,0.0
6,641,2026-02-02,242,Plush & Souvenirs,0.0,93.5,per-SKU,persku_rolling_mean_180,0.0,0.0,0.0,0.0
6,641,2026-02-02,242,Plush & Souvenirs,0.0,93.5,per-SKU,persku_tsb,3.6771306037368144e-16,3.6771306037368144e-16,1.352128947693787e-31,3.932760003996593e-18
6,641,2026-02-02,242,Plush & Souvenirs,0.0,93.5,per-SKU,persku_ewma_a0.1,4.917840708932483e-16,4.917840708932483e-16,2.418515723843355e-31,5.25972268335025e-18
6,641,2026-02-02,242,Plush & Souvenirs,0.0,93.5,top-down,topdown_RM6_180,0.0,0.0,0.0,0.0
6,641,2026-02-02,242,Plush & Souvenirs,0.0,93.5,top-down,topdown_rolling_mean_30,0.0,0.0,0.0,0.0
6,641,2026-02-02,242,Plush & Souvenirs,0.0,93.5,top-down,topdown_tsb,0.0,0.0,0.0,0.0
6,641,2026-02-02,250,Plush & Souvenirs,0.0,5.4,per-SKU,persku_rolling_mean_30,0.0,0.0,0.0,0.0
6,641,2026-02-02,250,Plush & Souvenirs,0.0,5.4,per-SKU,persku_rolling_mean_180,0.0,0.0,0.0,0.0
6,641,2026-02-02,250,Plush & Souvenirs,0.0,5.4,per-SKU,persku_tsb,1.037507411585985e-15,1.037507411585985e-15,1.0764216290958504e-30,1.9213100214555276e-16
6,641,2026-02-02,250,Plush & Souvenirs,0.0,5.4,per-SKU,persku_ewma_a0.1,9.997377283844308e-16,9.997377283844308e-16,9.99475525555262e-31,1.8513661636748718e-16
6,641,2026-02-02,250,Plush & Souvenirs,0.0,5.4,top-down,topdown_RM6_180,0.0,0.0,0.0,0.0
6,641,2026-02-02,250,Plush & Souvenirs,0.0,5.4,top-down,topdown_rolling_mean_30,0.0,0.0,0.0,0.0
6,641,2026-02-02,250,Plush & Souvenirs,0.0,5.4,top-down,topdown_tsb,0.0,0.0,0.0,0.0
6,641,2026-02-02,251,Plush & Souvenirs,0.0,27.6,per-SKU,persku_rolling_mean_30,0.0,0.0,0.0,0.0
6,641,2026-02-02,251,Plush & Souvenirs,0.0,27.6,per-SKU,persku_rolling_mean_180,19.833333333333336,19.833333333333336,393.3611111111112,0.7185990338164252
6,641,2026-02-02,251,Plush & Souvenirs,0.0,27.6,per-SKU,persku_tsb,0.0030419548319089943,0.0030419548319089943,9.253489199374478e-06,0.00011021575477931139
6,641,2026-02-02,251,Plush & Souvenirs,0.0,27.6,per-SKU,persku_ewma_a0.1,0.0029531937717721794,0.0029531937717721794,8.721353453633991e-06,0.00010699977433957171
6,641,2026-02-02,251,Plush & Souvenirs,0.0,27.6,top-down,topdown_RM6_180,0.0,0.0,0.0,0.0
6,641,2026-02-02,251,Plush & Souvenirs,0.0,27.6,top-down,topdown_rolling_mean_30,0.0,0.0,0.0,0.0
6,641,2026-02-02,251,Plush & Souvenirs,0.0,27.6,top-down,topdown_tsb,0.0,0.0,0.0,0.0
6,641,2026-02-02,252,Plush & Souvenirs,0.0,9.3,per-SKU,persku_rolling_mean_30,0.0,0.0,0.0,0.0
6,641,2026-02-02,252,Plush & Souvenirs,0.0,9.3,per-SKU,persku_rolling_mean_180,0.0,0.0,0.0,0.0
6,641,2026-02-02,252,Plush & Souvenirs,0.0,9.3,per-SKU,persku_tsb,8.049797778235785e-16,8.049797778235785e-16,6.479924427048978e-31,8.655696535737402e-17
6,641,2026-02-02,252,Plush & Souvenirs,0.0,9.3,per-SKU,persku_ewma_a0.1,7.23594252542299e-16,7.23594252542299e-16,5.235886423122484e-31,7.780583360669882e-17
6,641,2026-02-02,252,Plush & Souvenirs,0.0,9.3,top-down,topdown_RM6_180,0.0,0.0,0.0,0.0
6,641,2026-02-02,252,Plush & Souvenirs,0.0,9.3,top-down,topdown_rolling_mean_30,0.0,0.0,0.0,0.0
6,641,2026-02-02,252,Plush & Souvenirs,0.0,9.3,top-down,topdown_tsb,0.0,0.0,0.0,0.0
6,641,2026-02-02,261,Stationery,44.0,57.1,per-SKU,persku_rolling_mean_30,66.00000000000001,22.000000000000014,484.0000000000006,0.38528896672504404
6,641,2026-02-02,261,Stationery,44.0,57.1,per-SKU,persku_rolling_mean_180,82.1666666666667,38.1666666666667,1456.694444444447,0.6684179801517811
6,641,2026-02-02,261,Stationery,44.0,57.1,per-SKU,persku_tsb,71.3535064663366,27.353506466336597,748.214316003918,0.4790456473964378
6,641,2026-02-02,261,Stationery,44.0,57.1,per-SKU,persku_ewma_a0.1,102.76373744382333,58.76373744382333,3453.176838366604,1.0291372582105662
6,641,2026-02-02,261,Stationery,44.0,57.1,top-down,topdown_RM6_180,85.6381028298127,41.638102829812695,1733.731607266056,0.7292137098040752
6,641,2026-02-02,261,Stationery,44.0,57.1,top-down,topdown_rolling_mean_30,103.40374651255483,59.40374651255483,3528.8050997278706,1.0403458233372125
6,641,2026-02-02,261,Stationery,44.0,57.1,top-down,topdown_tsb,142.71840288857092,98.71840288857092,9745.323068870208,1.7288687020765485
6,641,2026-02-02,267,Shirts & Tops,17.0,5.2,per-SKU,persku_rolling_mean_30,104.00000000000001,87.00000000000001,7569.000000000003,16.730769230769234
6,641,2026-02-02,267,Shirts & Tops,17.0,5.2,per-SKU,persku_rolling_mean_180,39.16666666666668,22.16666666666668,491.36111111111165,4.2628205128205146
6,641,2026-02-02,267,Shirts & Tops,17.0,5.2,per-SKU,persku_tsb,159.94334560193766,142.94334560193766,20432.80005187499,27.48910492344955
6,641,2026-02-02,267,Shirts & Tops,17.0,5.2,per-SKU,persku_ewma_a0.1,190.3202546547309,173.3202546547309,30039.910673580765,33.33081820283286
6,641,2026-02-02,267,Shirts & Tops,17.0,5.2,top-down,topdown_RM6_180,77.63480055020635,60.63480055020635,3676.5790377633043,11.660538567347375
6,641,2026-02-02,267,Shirts & Tops,17.0,5.2,top-down,topdown_rolling_mean_30,83.67744154057773,66.67744154057773,4445.881210397161,12.822584911649564
6,641,2026-02-02,267,Shirts & Tops,17.0,5.2,top-down,topdown_tsb,134.44423800861358,117.44423800861358,13793.149041423874,22.58543038627184
6,641,2026-02-02,276,Stationery,0.0,31.4,per-SKU,persku_rolling_mean_30,0.0,0.0,0.0,0.0
6,641,2026-02-02,276,Stationery,0.0,31.4,per-SKU,persku_rolling_mean_180,0.0,0.0,0.0,0.0
6,641,2026-02-02,276,Stationery,0.0,31.4,per-SKU,persku_tsb,2.6522501472924303e-11,2.6522501472924303e-11,7.034430843812718e-22,8.446656520039587e-13
6,641,2026-02-02,276,Stationery,0.0,31.4,per-SKU,persku_ewma_a0.1,1.167820608130307e-11,1.167820608130307e-11,1.3638049727738403e-22,3.7191739112430165e-13
6,641,2026-02-02,276,Stationery,0.0,31.4,top-down,topdown_RM6_180,0.0,0.0,0.0,0.0
6,641,2026-02-02,276,Stationery,0.0,31.4,top-down,topdown_rolling_mean_30,0.0,0.0,0.0,0.0
6,641,2026-02-02,276,Stationery,0.0,31.4,top-down,topdown_tsb,0.0,0.0,0.0,0.0
6,641,2026-02-02,277,Stationery,50.0,49.15,per-SKU,persku_rolling_mean_30,109.00000000000004,59.00000000000004,3481.000000000005,1.2004069175991872
6,641,2026-02-02,277,Stationery,50.0,49.15,per-SKU,persku_rolling_mean_180,69.50000000000001,19.500000000000014,380.25000000000057,0.396744659206511
6,641,2026-02-02,277,Stationery,50.0,49.15,per-SKU,persku_tsb,160.92299277652253,110.92299277652253,12303.91032650047,2.2568258957583427
6,641,2026-02-02,277,Stationery,50.0,49.15,per-SKU,persku_ewma_a0.1,202.3438422719429,152.3438422719429,23208.646278178614,3.0995695274047383
6,641,2026-02-02,277,Stationery,50.0,49.15,top-down,topdown_RM6_180,81.91470705460345,31.914707054603454,1018.5485263811555,0.6493327986694497
6,641,2026-02-02,277,Stationery,50.0,49.15,top-down,topdown_rolling_mean_30,98.90793144679157,48.907931446791565,2391.9857584040633,0.9950749022744978
6,641,2026-02-02,277,Stationery,50.0,49.15,top-down,topdown_tsb,136.5132549368939,86.5132549368939,7484.543279775997,1.7601882998350744
6,641,2026-02-02,291,Shirts & Tops,65.0,10.5,per-SKU,persku_rolling_mean_30,210.0,145.0,21025.0,13.80952380952381
6,641,2026-02-02,291,Shirts & Tops,65.0,10.5,per-SKU,persku_rolling_mean_180,35.0,30.0,900.0,2.857142857142857
6,641,2026-02-02,291,Shirts & Tops,65.0,10.5,per-SKU,persku_tsb,349.3155124954724,284.3155124954724,80835.3106455631,27.077667856711656
6,641,2026-02-02,291,Shirts & Tops,65.0,10.5,per-SKU,persku_ewma_a0.1,413.43119294579645,348.43119294579645,121404.29621763084,33.1839231376949
6,641,2026-02-02,291,Shirts & Tops,65.0,10.5,top-down,topdown_RM6_180,85.35763411279233,20.357634112792326,414.4332666703258,1.938822296456412
6,641,2026-02-02,291,Shirts & Tops,65.0,10.5,top-down,topdown_rolling_mean_30,92.00137551581845,27.001375515818452,729.0742797462402,2.5715595729350906
6,641,2026-02-02,291,Shirts & Tops,65.0,10.5,top-down,topdown_tsb,147.81827215606728,82.81827215606728,6858.866202916429,7.887454491054027
6,641,2026-02-02,326,Stationery,0.0,5.2,per-SKU,persku_rolling_mean_30,0.0,0.0,0.0,0.0
6,641,2026-02-02,326,Stationery,0.0,5.2,per-SKU,persku_rolling_mean_180,0.0,0.0,0.0,0.0
6,641,2026-02-02,326,Stationery,0.0,5.2,per-SKU,persku_tsb,3.629995411558535e-10,3.629995411558535e-10,1.3176866687936017e-19,6.980760406843337e-11
6,641,2026-02-02,326,Stationery,0.0,5.2,per-SKU,persku_ewma_a0.1,3.944642684519713e-10,3.944642684519713e-10,1.5560205908534888e-19,7.585851316384063e-11
6,641,2026-02-02,326,Stationery,0.0,5.2,top-down,topdown_RM6_180,0.0,0.0,0.0,0.0
6,641,2026-02-02,326,Stationery,0.0,5.2,top-down,topdown_rolling_mean_30,0.0,0.0,0.0,0.0
6,641,2026-02-02,326,Stationery,0.0,5.2,top-down,topdown_tsb,0.0,0.0,0.0,0.0
6,641,2026-02-02,340,Lanyards & IDs,0.0,15.5,per-SKU,persku_rolling_mean_30,0.0,0.0,0.0,0.0
6,641,2026-02-02,340,Lanyards & IDs,0.0,15.5,per-SKU,persku_rolling_mean_180,20.999999999999993,20.999999999999993,440.9999999999997,1.3548387096774188
6,641,2026-02-02,340,Lanyards & IDs,0.0,15.5,per-SKU,persku_tsb,9.070928631682912e-05,9.070928631682912e-05,8.228174624108482e-09,5.852212020440588e-06
6,641,2026-02-02,340,Lanyards & IDs,0.0,15.5,per-SKU,persku_ewma_a0.1,2.6209013965635247e-05,2.6209013965635247e-05,6.869124130508634e-10,1.6909041268151772e-06
6,641,2026-02-02,340,Lanyards & IDs,0.0,15.5,top-down,topdown_RM6_180,0.0,0.0,0.0,0.0
6,641,2026-02-02,340,Lanyards & IDs,0.0,15.5,top-down,topdown_rolling_mean_30,0.0,0.0,0.0,0.0
6,641,2026-02-02,340,Lanyards & IDs,0.0,15.5,top-down,topdown_tsb,0.0,0.0,0.0,0.0
6,641,2026-02-02,346,Keychains & Charms,0.0,8.0,per-SKU,persku_rolling_mean_30,0.0,0.0,0.0,0.0
6,641,2026-02-02,346,Keychains & Charms,0.0,8.0,per-SKU,persku_rolling_mean_180,25.500000000000007,25.500000000000007,650.2500000000003,3.187500000000001
6,641,2026-02-02,346,Keychains & Charms,0.0,8.0,per-SKU,persku_tsb,0.060455557211219896,0.060455557211219896,0.003654874397719082,0.007556944651402487
6,641,2026-02-02,346,Keychains & Charms,0.0,8.0,per-SKU,persku_ewma_a0.1,0.030527596010707654,0.030527596010707654,0.0009319341181929739,0.0038159495013384568
6,641,2026-02-02,346,Keychains & Charms,0.0,8.0,top-down,topdown_RM6_180,5.7201929703652645,5.7201929703652645,32.720607618216185,0.7150241212956581
6,641,2026-02-02,346,Keychains & Charms,0.0,8.0,top-down,topdown_rolling_mean_30,12.951068228807722,12.951068228807722,167.73016826723278,1.6188835286009653
6,641,2026-02-02,346,Keychains & Charms,0.0,8.0,top-down,topdown_tsb,19.704894806312353,19.704894806312353,388.28287932783553,2.463111850789044
6,641,2026-02-02,350,Keychains & Charms,53.0,14.6,per-SKU,persku_rolling_mean_30,292.0,239.0,57121.0,16.36986301369863
6,641,2026-02-02,350,Keychains & Charms,53.0,14.6,per-SKU,persku_rolling_mean_180,78.83333333333334,25.833333333333343,667.3611111111117,1.7694063926940646
6,641,2026-02-02,350,Keychains & Charms,53.0,14.6,per-SKU,persku_tsb,388.7830011642385,335.7830011642385,112750.22387086299,22.99883569618072
6,641,2026-02-02,350,Keychains & Charms,53.0,14.6,per-SKU,persku_ewma_a0.1,467.3971776762679,414.3971776762679,171725.02086605635,28.383368333990955
6,641,2026-02-02,350,Keychains & Charms,53.0,14.6,top-down,topdown_RM6_180,112.73546979094877,59.73546979094877,3568.326351145353,4.091470533626628
6,641,2026-02-02,350,Keychains & Charms,53.0,14.6,top-down,topdown_rolling_mean_30,255.24396967608553,202.24396967608553,40902.6232703414,13.852326690142844
6,641,2026-02-02,350,Keychains & Charms,53.0,14.6,top-down,topdown_tsb,388.35063514107264,335.35063514107264,112460.04848952082,22.969221585004977
6,641,2026-02-02,352,Plush & Souvenirs,79.0,3.25,per-SKU,persku_rolling_mean_30,38.999999999999986,40.000000000000014,1600.0000000000011,12.307692307692312
6,641,2026-02-02,352,Plush & Souvenirs,79.0,3.25,per-SKU,persku_rolling_mean_180,22.66666666666667,56.33333333333333,3173.444444444444,17.333333333333332
6,641,2026-02-02,352,Plush & Souvenirs,79.0,3.25,per-SKU,persku_tsb,55.48999909055125,23.51000090944875,552.7201427622811,7.233846433676538
6,641,2026-02-02,352,Plush & Souvenirs,79.0,3.25,per-SKU,persku_ewma_a0.1,64.62987993391155,14.370120066088447,206.50035071379781,4.421575404950291
6,641,2026-02-02,352,Plush & Souvenirs,79.0,3.25,top-down,topdown_RM6_180,37.4050822122571,41.5949177877429,1730.1371857690908,12.798436242382431
6,641,2026-02-02,352,Plush & Souvenirs,79.0,3.25,top-down,topdown_rolling_mean_30,62.81614349775786,16.183856502242143,261.9172112851653,4.9796481545360445
6,641,2026-02-02,352,Plush & Souvenirs,79.0,3.25,top-down,topdown_tsb,89.87552279701974,10.875522797019741,118.27699610849609,3.346314706775305
6,641,2026-02-02,354,Plush & Souvenirs,15.0,4.1,per-SKU,persku_rolling_mean_30,36.00000000000001,21.000000000000007,441.0000000000003,5.121951219512197
6,641,2026-02-02,354,Plush & Souvenirs,15.0,4.1,per-SKU,persku_rolling_mean_180,14.16666666666666,0.8333333333333393,0.6944444444444543,0.20325203252032667
6,641,2026-02-02,354,Plush & Souvenirs,15.0,4.1,per-SKU,persku_tsb,45.36744613294222,30.36744613294222,922.1817846371474,7.406694178766395
6,641,2026-02-02,354,Plush & Souvenirs,15.0,4.1,per-SKU,persku_ewma_a0.1,93.4565926502139,78.4565926502139,6155.4369302815985,19.135754304930224
6,641,2026-02-02,354,Plush & Souvenirs,15.0,4.1,top-down,topdown_RM6_180,16.227204783258593,1.2272047832585926,1.5060315800527693,0.29931823981916894
6,641,2026-02-02,354,Plush & Souvenirs,15.0,4.1,top-down,topdown_rolling_mean_30,27.251121076233186,12.251121076233186,150.08996762452497,2.988078311276387
6,641,2026-02-02,354,Plush & Souvenirs,15.0,4.1,top-down,topdown_tsb,38.99011650753062,23.990116507530622,575.5256900448933,5.851247928666006
6,641,2026-02-02,356,Bags,0.0,25.7,per-SKU,persku_rolling_mean_30,0.0,0.0,0.0,0.0
6,641,2026-02-02,356,Bags,0.0,25.7,per-SKU,persku_rolling_mean_180,37.99999999999999,37.99999999999999,1443.9999999999995,1.4785992217898831
6,641,2026-02-02,356,Bags,0.0,25.7,per-SKU,persku_tsb,0.004060317400690922,0.004060317400690922,1.6486177394353487e-05,0.00015798900391793472
6,641,2026-02-02,356,Bags,0.0,25.7,per-SKU,persku_ewma_a0.1,0.0041620221714802645,0.0041620221714802645,1.7322428555893295e-05,0.00016194638799534104
6,641,2026-02-02,356,Bags,0.0,25.7,top-down,topdown_RM6_180,0.0,0.0,0.0,0.0
6,641,2026-02-02,356,Bags,0.0,25.7,top-down,topdown_rolling_mean_30,0.0,0.0,0.0,0.0
6,641,2026-02-02,356,Bags,0.0,25.7,top-down,topdown_tsb,0.0,0.0,0.0,0.0
6,641,2026-02-02,358,Bags,9.0,131.4,per-SKU,persku_rolling_mean_30,294.00000000000006,285.00000000000006,81225.00000000003,2.168949771689498
6,641,2026-02-02,358,Bags,9.0,131.4,per-SKU,persku_rolling_mean_180,110.83333333333333,101.83333333333333,10370.027777777777,0.7749873160832065
6,641,2026-02-02,358,Bags,9.0,131.4,per-SKU,persku_tsb,240.90811516360264,231.90811516360264,53781.37387873479,1.7649019418843428
6,641,2026-02-02,358,Bags,9.0,131.4,per-SKU,persku_ewma_a0.1,236.06641497405036,227.06641497405036,51559.15680916764,1.7280549084783132
6,641,2026-02-02,358,Bags,9.0,131.4,top-down,topdown_RM6_180,119.44784493751588,110.44784493751588,12198.726451341552,0.8405467651256916
6,641,2026-02-02,358,Bags,9.0,131.4,top-down,topdown_rolling_mean_30,234.46059678653407,225.46059678653407,50832.480703340094,1.7158340699127401
6,641,2026-02-02,358,Bags,9.0,131.4,top-down,topdown_tsb,239.1985934034057,230.1985934034057,52991.3924049065,1.7518918828265273
6,641,2026-02-02,359,Bags,41.0,5.95,per-SKU,persku_rolling_mean_30,92.99999999999997,51.99999999999997,2703.9999999999973,8.739495798319323
6,641,2026-02-02,359,Bags,41.0,5.95,per-SKU,persku_rolling_mean_180,41.16666666666666,0.1666666666666572,0.02777777777777462,0.028011204481791126
6,641,2026-02-02,359,Bags,41.0,5.95,per-SKU,persku_tsb,133.92717207969815,92.92717207969815,8635.459310729831,15.618012114234983
6,641,2026-02-02,359,Bags,41.0,5.95,per-SKU,persku_ewma_a0.1,138.9678589330322,97.9678589330322,9597.701383922498,16.46518637529953
6,641,2026-02-02,359,Bags,41.0,5.95,top-down,topdown_RM6_180,62.77365467992856,21.773654679928562,474.092038120775,3.6594377613325313
6,641,2026-02-02,359,Bags,41.0,5.95,top-down,topdown_rolling_mean_30,123.2165263963275,82.2165263963275,6759.557212678016,13.817903596021427
6,641,2026-02-02,359,Bags,41.0,5.95,top-down,topdown_tsb,125.70649483115152,84.70649483115152,7175.190266579899,14.236385685907818
6,641,2026-02-02,377,Lanyards & IDs,151.0,85.05,per-SKU,persku_rolling_mean_30,365.0000000000001,214.0000000000001,45796.00000000005,2.5161669606114065
6,641,2026-02-02,377,Lanyards & IDs,151.0,85.05,per-SKU,persku_rolling_mean_180,197.83333333333326,46.83333333333326,2193.361111111104,0.5506564765824017
6,641,2026-02-02,377,Lanyards & IDs,151.0,85.05,per-SKU,persku_tsb,353.2466179584146,202.24661795841462,40903.69447561692,2.377973168235328
6,641,2026-02-02,377,Lanyards & IDs,151.0,85.05,per-SKU,persku_ewma_a0.1,389.48836258233484,238.48836258233484,56876.69908720321,2.80409597392516
6,641,2026-02-02,377,Lanyards & IDs,151.0,85.05,top-down,topdown_RM6_180,215.70468685192867,64.70468685192867,4186.696500606151,0.7607840899697669
6,641,2026-02-02,377,Lanyards & IDs,151.0,85.05,top-down,topdown_rolling_mean_30,266.47200331812513,115.47200331812513,13333.783550301101,1.3576955122648457
6,641,2026-02-02,377,Lanyards & IDs,151.0,85.05,top-down,topdown_tsb,391.1475553160078,240.1475553160078,57670.84832425503,2.8236044128866293
6,641,2026-02-02,378,Lanyards & IDs,0.0,3.5,per-SKU,persku_rolling_mean_30,0.0,0.0,0.0,0.0
6,641,2026-02-02,378,Lanyards & IDs,0.0,3.5,per-SKU,persku_rolling_mean_180,0.0,0.0,0.0,0.0
6,641,2026-02-02,378,Lanyards & IDs,0.0,3.5,per-SKU,persku_tsb,1.5280507058696502e-17,1.5280507058696502e-17,2.334938959708736e-34,4.365859159627572e-18
6,641,2026-02-02,378,Lanyards & IDs,0.0,3.5,per-SKU,persku_ewma_a0.1,1.5909486482422923e-17,1.5909486482422923e-17,2.531117601343977e-34,4.5455675664065494e-18
6,641,2026-02-02,378,Lanyards & IDs,0.0,3.5,top-down,topdown_RM6_180,0.0,0.0,0.0,0.0
6,641,2026-02-02,378,Lanyards & IDs,0.0,3.5,top-down,topdown_rolling_mean_30,0.0,0.0,0.0,0.0
6,641,2026-02-02,378,Lanyards & IDs,0.0,3.5,top-down,topdown_tsb,0.0,0.0,0.0,0.0
6,641,2026-02-02,380,Shirts & Tops,37.0,2.05,per-SKU,persku_rolling_mean_30,41.0,4.0,16.0,1.9512195121951221
6,641,2026-02-02,380,Shirts & Tops,37.0,2.05,per-SKU,persku_rolling_mean_180,6.833333333333334,30.166666666666664,910.0277777777776,14.715447154471544
6,641,2026-02-02,380,Shirts & Tops,37.0,2.05,per-SKU,persku_tsb,122.99999999999997,85.99999999999997,7395.999999999995,41.95121951219511
6,641,2026-02-02,380,Shirts & Tops,37.0,2.05,per-SKU,persku_ewma_a0.1,122.99999999999997,85.99999999999997,7395.999999999995,41.95121951219511
6,641,2026-02-02,380,Shirts & Tops,37.0,2.05,top-down,topdown_RM6_180,16.66506189821183,20.33493810178817,413.5097076035562,9.919482000872279
6,641,2026-02-02,380,Shirts & Tops,37.0,2.05,top-down,topdown_rolling_mean_30,17.962173314993127,19.037826685006873,362.4388448883598,9.286744724393598
6,641,2026-02-02,380,Shirts & Tops,37.0,2.05,top-down,topdown_tsb,28.85975789713694,8.14024210286306,66.2635414932244,3.9708498062746633
6,641,2026-02-02,381,Keychains & Charms,0.0,0.0,per-SKU,persku_rolling_mean_30,0.0,0.0,0.0,
6,641,2026-02-02,381,Keychains & Charms,0.0,0.0,per-SKU,persku_rolling_mean_180,0.0,0.0,0.0,
6,641,2026-02-02,381,Keychains & Charms,0.0,0.0,per-SKU,persku_tsb,0.0,0.0,0.0,
6,641,2026-02-02,381,Keychains & Charms,0.0,0.0,per-SKU,persku_ewma_a0.1,0.0,0.0,0.0,
6,641,2026-02-02,381,Keychains & Charms,0.0,0.0,top-down,topdown_RM6_180,0.0,0.0,0.0,
6,641,2026-02-02,381,Keychains & Charms,0.0,0.0,top-down,topdown_rolling_mean_30,0.0,0.0,0.0,
6,641,2026-02-02,381,Keychains & Charms,0.0,0.0,top-down,topdown_tsb,0.0,0.0,0.0,
6,641,2026-02-02,389,Drinkware,0.0,13.6,per-SKU,persku_rolling_mean_30,0.0,0.0,0.0,0.0
6,641,2026-02-02,389,Drinkware,0.0,13.6,per-SKU,persku_rolling_mean_180,50.16666666666668,50.16666666666668,2516.6944444444457,3.6887254901960795
6,641,2026-02-02,389,Drinkware,0.0,13.6,per-SKU,persku_tsb,1.4296300233253505,1.4296300233253505,2.0438420035932423,0.10511985465627577
6,641,2026-02-02,389,Drinkware,0.0,13.6,per-SKU,persku_ewma_a0.1,1.7880868132252667,1.7880868132252667,3.19725445163009,0.1314769715606814
6,641,2026-02-02,389,Drinkware,0.0,13.6,top-down,topdown_RM6_180,39.01992753623189,39.01992753623189,1522.5547449327878,2.86911231884058
6,641,2026-02-02,389,Drinkware,0.0,13.6,top-down,topdown_rolling_mean_30,24.899456521739125,24.899456521739125,619.9829350779771,1.8308423913043474
6,641,2026-02-02,389,Drinkware,0.0,13.6,top-down,topdown_tsb,32.63671340341216,32.63671340341216,1065.1550617764628,2.3997583384861882
6,641,2026-02-02,392,Drinkware,0.0,12.9,per-SKU,persku_rolling_mean_30,0.0,0.0,0.0,0.0
6,641,2026-02-02,392,Drinkware,0.0,12.9,per-SKU,persku_rolling_mean_180,51.000000000000014,51.000000000000014,2601.0000000000014,3.953488372093024
6,641,2026-02-02,392,Drinkware,0.0,12.9,per-SKU,persku_tsb,1.270378046659743,1.270378046659743,1.613860381435024,0.09847891834571651
6,641,2026-02-02,392,Drinkware,0.0,12.9,per-SKU,persku_ewma_a0.1,1.3815616828418331,1.3815616828418331,1.9087126834967578,0.10709780487145992
6,641,2026-02-02,392,Drinkware,0.0,12.9,top-down,topdown_RM6_180,56.398550724637694,56.398550724637694,3180.796523839531,4.371980676328503
6,641,2026-02-02,392,Drinkware,0.0,12.9,top-down,topdown_rolling_mean_30,35.9891304347826,35.9891304347826,1295.2175094517954,2.7898550724637676
6,641,2026-02-02,392,Drinkware,0.0,12.9,top-down,topdown_tsb,47.172392482242785,47.172392482242785,2225.2346124987557,3.6567746110265724
6,641,2026-02-02,393,Drinkware,69.0,7.85,per-SKU,persku_rolling_mean_30,76.99999999999999,7.999999999999986,63.99999999999977,1.0191082802547753
6,641,2026-02-02,393,Drinkware,69.0,7.85,per-SKU,persku_rolling_mean_180,19.499999999999993,49.50000000000001,2450.250000000001,6.305732484076434
6,641,2026-02-02,393,Drinkware,69.0,7.85,per-SKU,persku_tsb,64.1887173231732,4.811282676826806,23.14844099633372,0.612902251825071
6,641,2026-02-02,393,Drinkware,69.0,7.85,per-SKU,persku_ewma_a0.1,67.59972509820643,1.4002749017935656,1.96076980059298,0.17837896838134595
6,641,2026-02-02,393,Drinkware,69.0,7.85,top-down,topdown_RM6_180,25.24818840579711,43.75181159420289,1914.2210177746265,5.573479183974891
6,641,2026-02-02,393,Drinkware,69.0,7.85,top-down,topdown_rolling_mean_30,16.111413043478258,52.88858695652174,2797.202630257562,6.737399612295763
6,641,2026-02-02,393,Drinkware,69.0,7.85,top-down,topdown_tsb,21.117873378678457,47.88212662132155,2292.6980497802697,6.09963396449956
6,641,2026-02-02,394,Drinkware,0.0,19.25,per-SKU,persku_rolling_mean_30,0.0,0.0,0.0,0.0
6,641,2026-02-02,394,Drinkware,0.0,19.25,per-SKU,persku_rolling_mean_180,0.0,0.0,0.0,0.0
6,641,2026-02-02,394,Drinkware,0.0,19.25,per-SKU,persku_tsb,6.98684940101661e-08,6.98684940101661e-08,4.881606455248616e-15,3.6295321563722647e-09
6,641,2026-02-02,394,Drinkware,0.0,19.25,per-SKU,persku_ewma_a0.1,4.6094424657942634e-08,4.6094424657942634e-08,2.12469598454675e-15,2.3945155666463708e-09
6,641,2026-02-02,394,Drinkware,0.0,19.25,top-down,topdown_RM6_180,0.0,0.0,0.0,0.0
6,641,2026-02-02,394,Drinkware,0.0,19.25,top-down,topdown_rolling_mean_30,0.0,0.0,0.0,0.0
6,641,2026-02-02,394,Drinkware,0.0,19.25,top-down,topdown_tsb,0.0,0.0,0.0,0.0
6,641,2026-02-02,395,Shirts & Tops,152.0,64.1,per-SKU,persku_rolling_mean_30,278.00000000000006,126.00000000000006,15876.000000000015,1.9656786271450868
6,641,2026-02-02,395,Shirts & Tops,152.0,64.1,per-SKU,persku_rolling_mean_180,319.3333333333333,167.33333333333331,28000.444444444438,2.610504420176807
6,641,2026-02-02,395,Shirts & Tops,152.0,64.1,per-SKU,persku_tsb,420.00556556980916,268.00556556980916,71826.98317639327,4.181054065051625
6,641,2026-02-02,395,Shirts & Tops,152.0,64.1,per-SKU,persku_ewma_a0.1,433.8235665032904,281.8235665032904,79424.52263663455,4.396623502391426
6,641,2026-02-02,395,Shirts & Tops,152.0,64.1,top-down,topdown_RM6_180,293.4676753782669,141.4676753782669,20013.103176930705,2.2069840152615745
6,641,2026-02-02,395,Shirts & Tops,152.0,64.1,top-down,topdown_rolling_mean_30,316.3094910591472,164.3094910591472,26997.608852115976,2.5633305937464463
6,641,2026-02-02,395,Shirts & Tops,152.0,64.1,top-down,topdown_tsb,508.2132976032408,356.2132976032408,126887.913389375,5.5571497285997005
6,641,2026-02-02,397,Shirts & Tops,33.0,0.0,per-SKU,persku_rolling_mean_30,0.0,33.0,1089.0,
6,641,2026-02-02,397,Shirts & Tops,33.0,0.0,per-SKU,persku_rolling_mean_180,0.0,33.0,1089.0,
6,641,2026-02-02,397,Shirts & Tops,33.0,0.0,per-SKU,persku_tsb,0.0,33.0,1089.0,
6,641,2026-02-02,397,Shirts & Tops,33.0,0.0,per-SKU,persku_ewma_a0.1,0.0,33.0,1089.0,
6,641,2026-02-02,397,Shirts & Tops,33.0,0.0,top-down,topdown_RM6_180,0.0,33.0,1089.0,
6,641,2026-02-02,397,Shirts & Tops,33.0,0.0,top-down,topdown_rolling_mean_30,0.0,33.0,1089.0,
6,641,2026-02-02,397,Shirts & Tops,33.0,0.0,top-down,topdown_tsb,0.0,33.0,1089.0,
6,641,2026-02-02,400,Shirts & Tops,0.0,1.9,per-SKU,persku_rolling_mean_30,0.0,0.0,0.0,0.0
6,641,2026-02-02,400,Shirts & Tops,0.0,1.9,per-SKU,persku_rolling_mean_180,0.0,0.0,0.0,0.0
6,641,2026-02-02,400,Shirts & Tops,0.0,1.9,per-SKU,persku_tsb,6.823817361120263e-27,6.823817361120263e-27,4.656448337792631e-53,3.591482821642244e-27
6,641,2026-02-02,400,Shirts & Tops,0.0,1.9,per-SKU,persku_ewma_a0.1,8.858975407107505e-27,8.858975407107505e-27,7.848144526373558e-53,4.66261863531974e-27
6,641,2026-02-02,400,Shirts & Tops,0.0,1.9,top-down,topdown_RM6_180,0.0,0.0,0.0,0.0
6,641,2026-02-02,400,Shirts & Tops,0.0,1.9,top-down,topdown_rolling_mean_30,0.0,0.0,0.0,0.0
6,641,2026-02-02,400,Shirts & Tops,0.0,1.9,top-down,topdown_tsb,0.0,0.0,0.0,0.0
6,641,2026-02-02,401,Shirts & Tops,0.0,4.45,per-SKU,persku_rolling_mean_30,0.0,0.0,0.0,0.0
6,641,2026-02-02,401,Shirts & Tops,0.0,4.45,per-SKU,persku_rolling_mean_180,0.0,0.0,0.0,0.0
6,641,2026-02-02,401,Shirts & Tops,0.0,4.45,per-SKU,persku_tsb,1.3858768093384837e-26,1.3858768093384837e-26,1.920654530662216e-52,3.114329908625806e-27
6,641,2026-02-02,401,Shirts & Tops,0.0,4.45,per-SKU,persku_ewma_a0.1,1.1906997592689683e-26,1.1906997592689683e-26,1.4177659167231791e-52,2.675729796110041e-27
6,641,2026-02-02,401,Shirts & Tops,0.0,4.45,top-down,topdown_RM6_180,0.0,0.0,0.0,0.0
6,641,2026-02-02,401,Shirts & Tops,0.0,4.45,top-down,topdown_rolling_mean_30,0.0,0.0,0.0,0.0
6,641,2026-02-02,401,Shirts & Tops,0.0,4.45,top-down,topdown_tsb,0.0,0.0,0.0,0.0
6,641,2026-02-02,402,Shirts & Tops,233.0,117.2,per-SKU,persku_rolling_mean_30,528.0000000000001,295.0000000000001,87025.00000000007,2.517064846416383
6,641,2026-02-02,402,Shirts & Tops,233.0,117.2,per-SKU,persku_rolling_mean_180,599.8333333333333,366.83333333333326,134566.69444444438,3.129977246871444
6,641,2026-02-02,402,Shirts & Tops,233.0,117.2,per-SKU,persku_tsb,844.0189091509803,611.0189091509803,373344.10734005395,5.21347192108345
6,641,2026-02-02,402,Shirts & Tops,233.0,117.2,per-SKU,persku_ewma_a0.1,900.2643230811989,667.2643230811989,445241.6768570106,5.693381596255963
6,641,2026-02-02,402,Shirts & Tops,233.0,117.2,top-down,topdown_RM6_180,580.8383768913343,347.8383768913343,120991.53643839792,2.9679042396871527
6,641,2026-02-02,402,Shirts & Tops,233.0,117.2,top-down,topdown_rolling_mean_30,626.047455295736,393.047455295736,154486.30211445357,3.3536472294858015
6,641,2026-02-02,402,Shirts & Tops,233.0,117.2,top-down,topdown_tsb,1005.8681471953339,772.8681471953339,597325.1729491483,6.594438116001142
6,641,2026-02-02,403,Shirts & Tops,0.0,0.0,per-SKU,persku_rolling_mean_30,0.0,0.0,0.0,
6,641,2026-02-02,403,Shirts & Tops,0.0,0.0,per-SKU,persku_rolling_mean_180,0.0,0.0,0.0,
6,641,2026-02-02,403,Shirts & Tops,0.0,0.0,per-SKU,persku_tsb,0.0,0.0,0.0,
6,641,2026-02-02,403,Shirts & Tops,0.0,0.0,per-SKU,persku_ewma_a0.1,0.0,0.0,0.0,
6,641,2026-02-02,403,Shirts & Tops,0.0,0.0,top-down,topdown_RM6_180,0.0,0.0,0.0,
6,641,2026-02-02,403,Shirts & Tops,0.0,0.0,top-down,topdown_rolling_mean_30,0.0,0.0,0.0,
6,641,2026-02-02,403,Shirts & Tops,0.0,0.0,top-down,topdown_tsb,0.0,0.0,0.0,
6,641,2026-02-02,404,Shirts & Tops,45.0,67.05,per-SKU,persku_rolling_mean_30,113.0,68.0,4624.0,1.0141685309470545
6,641,2026-02-02,404,Shirts & Tops,45.0,67.05,per-SKU,persku_rolling_mean_180,181.8333333333333,136.8333333333333,18723.3611111111,2.040765597812577
6,641,2026-02-02,404,Shirts & Tops,45.0,67.05,per-SKU,persku_tsb,195.51274588034408,150.51274588034408,22654.086672441033,2.244783682033469
6,641,2026-02-02,404,Shirts & Tops,45.0,67.05,per-SKU,persku_ewma_a0.1,219.12216008590326,174.12216008590326,30318.526632980924,2.5969002249948288
6,641,2026-02-02,404,Shirts & Tops,45.0,67.05,top-down,topdown_RM6_180,128.03645116918847,83.03645116918847,6895.052222773021,1.2384258190781279
6,641,2026-02-02,404,Shirts & Tops,45.0,67.05,top-down,topdown_rolling_mean_30,138.00206327372769,93.00206327372769,8649.383773170448,1.3870553806670796
6,641,2026-02-02,404,Shirts & Tops,45.0,67.05,top-down,topdown_tsb,221.72740823410092,176.72740823410092,31232.57682114256,2.6357555292185073
6,641,2026-02-02,406,Shirts & Tops,0.0,2.8,per-SKU,persku_rolling_mean_30,0.0,0.0,0.0,0.0
6,641,2026-02-02,406,Shirts & Tops,0.0,2.8,per-SKU,persku_rolling_mean_180,0.0,0.0,0.0,0.0
6,641,2026-02-02,406,Shirts & Tops,0.0,2.8,per-SKU,persku_tsb,8.229864262685678e-27,8.229864262685678e-27,6.773066578223088e-53,2.9392372366734568e-27
6,641,2026-02-02,406,Shirts & Tops,0.0,2.8,per-SKU,persku_ewma_a0.1,6.902220721308516e-27,6.902220721308516e-27,4.764065088566065e-53,2.4650788290387556e-27
6,641,2026-02-02,406,Shirts & Tops,0.0,2.8,top-down,topdown_RM6_180,0.0,0.0,0.0,0.0
6,641,2026-02-02,406,Shirts & Tops,0.0,2.8,top-down,topdown_rolling_mean_30,0.0,0.0,0.0,0.0
6,641,2026-02-02,406,Shirts & Tops,0.0,2.8,top-down,topdown_tsb,0.0,0.0,0.0,0.0
6,641,2026-02-02,419,Umbrellas & Gear,0.0,54.8,per-SKU,persku_rolling_mean_30,0.0,0.0,0.0,0.0
6,641,2026-02-02,419,Umbrellas & Gear,0.0,54.8,per-SKU,persku_rolling_mean_180,143.66666666666669,143.66666666666669,20640.111111111117,2.6216545012165455
6,641,2026-02-02,419,Umbrellas & Gear,0.0,54.8,per-SKU,persku_tsb,1.7074499575646478,1.7074499575646478,2.9153853575875175,0.03115784594096073
6,641,2026-02-02,419,Umbrellas & Gear,0.0,54.8,per-SKU,persku_ewma_a0.1,1.7989357851198748,1.7989357851198748,3.2361699589848607,0.03282729534890283
6,641,2026-02-02,419,Umbrellas & Gear,0.0,54.8,top-down,topdown_RM6_180,109.67063492063494,109.67063492063494,12027.648163895192,2.001288958405747
6,641,2026-02-02,419,Umbrellas & Gear,0.0,54.8,top-down,topdown_rolling_mean_30,62.83333333333332,62.83333333333332,3948.0277777777765,1.1465936739659366
6,641,2026-02-02,419,Umbrellas & Gear,0.0,54.8,top-down,topdown_tsb,82.35582390012995,82.35582390012995,6782.481730269215,1.5028435018271888
6,641,2026-02-02,477,Bags,0.0,0.2,per-SKU,persku_rolling_mean_30,0.0,0.0,0.0,0.0
6,641,2026-02-02,477,Bags,0.0,0.2,per-SKU,persku_rolling_mean_180,0.0,0.0,0.0,0.0
6,641,2026-02-02,477,Bags,0.0,0.2,per-SKU,persku_tsb,7.065884438058908e-27,7.065884438058908e-27,4.992672289200304e-53,3.5329422190294536e-26
6,641,2026-02-02,477,Bags,0.0,0.2,per-SKU,persku_ewma_a0.1,2.85785354101198e-26,2.85785354101198e-26,8.167326861874712e-52,1.4289267705059898e-25
6,641,2026-02-02,477,Bags,0.0,0.2,top-down,topdown_RM6_180,0.0,0.0,0.0,0.0
6,641,2026-02-02,477,Bags,0.0,0.2,top-down,topdown_rolling_mean_30,0.0,0.0,0.0,0.0
6,641,2026-02-02,477,Bags,0.0,0.2,top-down,topdown_tsb,0.0,0.0,0.0,0.0
7,671,2026-03-04,29,Keychains & Charms,0.0,68.28571428571429,per-SKU,persku_rolling_mean_30,2.0,2.0,4.0,0.02928870292887029
7,671,2026-03-04,29,Keychains & Charms,0.0,68.28571428571429,per-SKU,persku_rolling_mean_180,170.83333333333343,170.83333333333343,29184.02777777781,2.5017433751743385
7,671,2026-03-04,29,Keychains & Charms,0.0,68.28571428571429,per-SKU,persku_tsb,98.92953916810622,98.92953916810622,9787.053720013862,1.4487589417923503
7,671,2026-03-04,29,Keychains & Charms,0.0,68.28571428571429,per-SKU,persku_ewma_a0.1,38.20810228804947,38.20810228804947,1459.8590804540509,0.559532878695285
7,671,2026-03-04,29,Keychains & Charms,0.0,68.28571428571429,top-down,topdown_RM6_180,176.35113386978784,176.35113386978784,31099.722417159832,2.5825479855408258
7,671,2026-03-04,29,Keychains & Charms,0.0,68.28571428571429,top-down,topdown_rolling_mean_30,45.5157278712509,45.5157278712509,2071.681483649766,0.6665483161061847
7,671,2026-03-04,29,Keychains & Charms,0.0,68.28571428571429,top-down,topdown_tsb,102.77710183863135,102.77710183863135,10563.1326623484,1.5051040018209612
7,671,2026-03-04,39,Plush & Souvenirs,29.0,2.142857142857143,per-SKU,persku_rolling_mean_30,45.0,16.0,256.0,7.466666666666667
7,671,2026-03-04,39,Plush & Souvenirs,29.0,2.142857142857143,per-SKU,persku_rolling_mean_180,12.166666666666664,16.833333333333336,283.3611111111112,7.855555555555557
7,671,2026-03-04,39,Plush & Souvenirs,29.0,2.142857142857143,per-SKU,persku_tsb,45.46735336123789,16.46735336123789,271.17372672387285,7.684764901911016
7,671,2026-03-04,39,Plush & Souvenirs,29.0,2.142857142857143,per-SKU,persku_ewma_a0.1,38.9240061325719,9.924006132571897,98.48589771932461,4.6312028618668855
7,671,2026-03-04,39,Plush & Souvenirs,29.0,2.142857142857143,top-down,topdown_RM6_180,19.946712018140587,9.053287981859413,81.96202328248008,4.2248677248677255
7,671,2026-03-04,39,Plush & Souvenirs,29.0,2.142857142857143,top-down,topdown_rolling_mean_30,34.513605442176875,5.513605442176875,30.39984497200245,2.573015873015875
7,671,2026-03-04,39,Plush & Souvenirs,29.0,2.142857142857143,top-down,topdown_tsb,29.496360680789998,0.49636068078999784,0.24637392543431014,0.23163498436866567
7,671,2026-03-04,48,Umbrellas & Gear,26.0,7.0,per-SKU,persku_rolling_mean_30,35.0,9.0,81.0,1.2857142857142858
7,671,2026-03-04,48,Umbrellas & Gear,26.0,7.0,per-SKU,persku_rolling_mean_180,20.999999999999993,5.000000000000007,25.00000000000007,0.7142857142857153
7,671,2026-03-04,48,Umbrellas & Gear,26.0,7.0,per-SKU,persku_tsb,44.88880093684146,18.888800936841463,356.78680083162294,2.6984001338344945
7,671,2026-03-04,48,Umbrellas & Gear,26.0,7.0,per-SKU,persku_ewma_a0.1,41.12199979622216,15.121999796222163,228.67487783694312,2.160285685174595
7,671,2026-03-04,48,Umbrellas & Gear,26.0,7.0,top-down,topdown_RM6_180,64.82987551867224,38.82987551867224,1507.7592327955817,5.5471250740960345
7,671,2026-03-04,48,Umbrellas & Gear,26.0,7.0,top-down,topdown_rolling_mean_30,18.298755186721994,7.701244813278006,59.30917167404139,1.1001778304682865
7,671,2026-03-04,48,Umbrellas & Gear,26.0,7.0,top-down,topdown_tsb,24.913939136526157,1.0860608634738433,1.17952819916955,0.15515155192483476
7,671,2026-03-04,54,Stationery,0.0,46.285714285714285,per-SKU,persku_rolling_mean_30,0.0,0.0,0.0,0.0
7,671,2026-03-04,54,Stationery,0.0,46.285714285714285,per-SKU,persku_rolling_mean_180,176.33333333333326,176.33333333333326,31093.444444444416,3.8096707818930025
7,671,2026-03-04,54,Stationery,0.0,46.285714285714285,per-SKU,persku_tsb,0.2865766517910888,0.2865766517910888,0.08212617735179097,0.006191470872029697
7,671,2026-03-04,54,Stationery,0.0,46.285714285714285,per-SKU,persku_ewma_a0.1,0.3391466542444592,0.3391466542444592,0.11502045308521078,0.0073272425299728845
7,671,2026-03-04,54,Stationery,0.0,46.285714285714285,top-down,topdown_RM6_180,146.81578505457603,146.81578505457603,21554.87474119147,3.1719459734013338
7,671,2026-03-04,54,Stationery,0.0,46.285714285714285,top-down,topdown_rolling_mean_30,75.40151133501257,75.40151133501257,5685.387911604029,1.6290449979786668
7,671,2026-03-04,54,Stationery,0.0,46.285714285714285,top-down,topdown_tsb,99.53688446248465,99.53688446248465,9907.591368498019,2.1504882445598534
7,671,2026-03-04,55,Stationery,72.0,44.857142857142854,per-SKU,persku_rolling_mean_30,88.00000000000001,16.000000000000014,256.00000000000045,0.35668789808917234
7,671,2026-03-04,55,Stationery,72.0,44.857142857142854,per-SKU,persku_rolling_mean_180,100.49999999999997,28.49999999999997,812.2499999999984,0.6353503184713369
7,671,2026-03-04,55,Stationery,72.0,44.857142857142854,per-SKU,persku_tsb,174.05076017894774,102.05076017894774,10414.357653101106,2.27501694666444
7,671,2026-03-04,55,Stationery,72.0,44.857142857142854,per-SKU,persku_ewma_a0.1,141.90991261525213,69.90991261525213,4887.3958818721885,1.558501236645748
7,671,2026-03-04,55,Stationery,72.0,44.857142857142854,top-down,topdown_RM6_180,208.79697732997488,136.79697732997488,18713.413006617662,3.049614144298803
7,671,2026-03-04,55,Stationery,72.0,44.857142857142854,top-down,topdown_rolling_mean_30,107.2337531486146,35.233753148614596,1241.4173609375089,0.7854658345232554
7,671,2026-03-04,55,Stationery,72.0,44.857142857142854,top-down,topdown_tsb,141.55835219546756,69.55835219546756,4838.364360148707,1.5506639024467292
7,671,2026-03-04,74,Bags,68.0,23.428571428571427,per-SKU,persku_rolling_mean_30,37.99999999999999,30.000000000000007,900.0000000000005,1.2804878048780493
7,671,2026-03-04,74,Bags,68.0,23.428571428571427,per-SKU,persku_rolling_mean_180,104.6666666666667,36.6666666666667,1344.4444444444468,1.5650406504065055
7,671,2026-03-04,74,Bags,68.0,23.428571428571427,per-SKU,persku_tsb,56.60722307525485,11.39277692474515,129.79536605700554,0.4862770638610735
7,671,2026-03-04,74,Bags,68.0,23.428571428571427,per-SKU,persku_ewma_a0.1,36.94783476896143,31.052165231038572,964.2369655357207,1.3253972964467684
7,671,2026-03-04,74,Bags,68.0,23.428571428571427,top-down,topdown_RM6_180,139.17781402936382,71.17781402936382,5066.2812099987,3.038077428082602
7,671,2026-03-04,74,Bags,68.0,23.428571428571427,top-down,topdown_rolling_mean_30,37.898858075040785,30.101141924959215,906.0787451865374,1.2848048382604544
7,671,2026-03-04,74,Bags,68.0,23.428571428571427,top-down,topdown_tsb,56.317986343712384,11.682013656287616,136.46944306569034,0.4986225341098373
7,671,2026-03-04,112,Keychains & Charms,70.0,26.666666666666668,per-SKU,persku_rolling_mean_30,30.0,40.0,1600.0,1.5
7,671,2026-03-04,112,Keychains & Charms,70.0,26.666666666666668,per-SKU,persku_rolling_mean_180,45.33333333333334,24.666666666666657,608.444444444444,0.9249999999999996
7,671,2026-03-04,112,Keychains & Charms,70.0,26.666666666666668,per-SKU,persku_tsb,28.841300945495387,41.15869905450461,1694.0385078592785,1.5434512145439228
7,671,2026-03-04,112,Keychains & Charms,70.0,26.666666666666668,per-SKU,persku_ewma_a0.1,23.070817834278003,46.929182165722,2202.3481387435195,1.7598443312145748
7,671,2026-03-04,112,Keychains & Charms,70.0,26.666666666666668,top-down,topdown_RM6_180,26.50085345037795,43.499146549622054,1892.1757505454962,1.631217995610827
7,671,2026-03-04,112,Keychains & Charms,70.0,26.666666666666668,top-down,topdown_rolling_mean_30,6.839795171909288,63.16020482809071,3989.2114739263734,2.368507681053402
7,671,2026-03-04,112,Keychains & Charms,70.0,26.666666666666668,top-down,topdown_tsb,15.444646451160448,54.55535354883955,2976.28660083888,2.045825758081483
7,671,2026-03-04,148,Lanyards & IDs,0.0,13.619047619047619,per-SKU,persku_rolling_mean_30,0.0,0.0,0.0,0.0
7,671,2026-03-04,148,Lanyards & IDs,0.0,13.619047619047619,per-SKU,persku_rolling_mean_180,26.666666666666668,26.666666666666668,711.1111111111112,1.9580419580419581
7,671,2026-03-04,148,Lanyards & IDs,0.0,13.619047619047619,per-SKU,persku_tsb,0.0003172684603491638,0.0003172684603491638,1.0065927593232892e-07,2.3295935899763775e-05
7,671,2026-03-04,148,Lanyards & IDs,0.0,13.619047619047619,per-SKU,persku_ewma_a0.1,0.0003320447625269629,0.0003320447625269629,1.1025372432158717e-07,2.4380909136595176e-05
7,671,2026-03-04,148,Lanyards & IDs,0.0,13.619047619047619,top-down,topdown_RM6_180,0.0,0.0,0.0,0.0
7,671,2026-03-04,148,Lanyards & IDs,0.0,13.619047619047619,top-down,topdown_rolling_mean_30,0.0,0.0,0.0,0.0
7,671,2026-03-04,148,Lanyards & IDs,0.0,13.619047619047619,top-down,topdown_tsb,0.0,0.0,0.0,0.0
7,671,2026-03-04,156,Bags,0.0,15.523809523809524,per-SKU,persku_rolling_mean_30,0.0,0.0,0.0,0.0
7,671,2026-03-04,156,Bags,0.0,15.523809523809524,per-SKU,persku_rolling_mean_180,37.66666666666666,37.66666666666666,1418.7777777777771,2.426380368098159
7,671,2026-03-04,156,Bags,0.0,15.523809523809524,per-SKU,persku_tsb,0.0002427015982867677,0.0002427015982867677,5.890406581095157e-08,1.5634152036877675e-05
7,671,2026-03-04,156,Bags,0.0,15.523809523809524,per-SKU,persku_ewma_a0.1,0.00019769442553643822,0.00019769442553643822,3.9083085888182315e-08,1.2734916982408597e-05
7,671,2026-03-04,156,Bags,0.0,15.523809523809524,top-down,topdown_RM6_180,0.0,0.0,0.0,0.0
7,671,2026-03-04,156,Bags,0.0,15.523809523809524,top-down,topdown_rolling_mean_30,0.0,0.0,0.0,0.0
7,671,2026-03-04,156,Bags,0.0,15.523809523809524,top-down,topdown_tsb,0.0,0.0,0.0,0.0
7,671,2026-03-04,174,Uncategorised,30.0,11.380952380952381,per-SKU,persku_rolling_mean_30,28.99999999999999,1.0000000000000107,1.0000000000000213,0.08786610878661182
7,671,2026-03-04,174,Uncategorised,30.0,11.380952380952381,per-SKU,persku_rolling_mean_180,56.33333333333334,26.333333333333343,693.4444444444449,2.313807531380754
7,671,2026-03-04,174,Uncategorised,30.0,11.380952380952381,per-SKU,persku_tsb,53.60347271171187,23.603472711711873,557.1239240525271,2.0739453010290765
7,671,2026-03-04,174,Uncategorised,30.0,11.380952380952381,per-SKU,persku_ewma_a0.1,47.76515785114154,17.765157851141538,315.60083347597583,1.5609552923597168
7,671,2026-03-04,174,Uncategorised,30.0,11.380952380952381,top-down,topdown_RM6_180,56.33333333333334,26.333333333333343,693.4444444444449,2.313807531380754
7,671,2026-03-04,174,Uncategorised,30.0,11.380952380952381,top-down,topdown_rolling_mean_30,28.99999999999999,1.0000000000000107,1.0000000000000213,0.08786610878661182
7,671,2026-03-04,174,Uncategorised,30.0,11.380952380952381,top-down,topdown_tsb,53.60347271171187,23.603472711711873,557.1239240525271,2.0739453010290765
7,671,2026-03-04,187,Outerwear,27.0,8.142857142857142,per-SKU,persku_rolling_mean_30,67.0,40.0,1600.0,4.912280701754386
7,671,2026-03-04,187,Outerwear,27.0,8.142857142857142,per-SKU,persku_rolling_mean_180,71.66666666666664,44.66666666666664,1995.111111111109,5.485380116959062
7,671,2026-03-04,187,Outerwear,27.0,8.142857142857142,per-SKU,persku_tsb,93.35934613394664,66.35934613394664,4403.5628193249395,8.149393384870642
7,671,2026-03-04,187,Outerwear,27.0,8.142857142857142,per-SKU,persku_ewma_a0.1,114.02032731452813,87.02032731452813,7572.537365927611,10.686706863187666
7,671,2026-03-04,187,Outerwear,27.0,8.142857142857142,top-down,topdown_RM6_180,71.66666666666664,44.66666666666664,1995.111111111109,5.485380116959062
7,671,2026-03-04,187,Outerwear,27.0,8.142857142857142,top-down,topdown_rolling_mean_30,67.0,40.0,1600.0,4.912280701754386
7,671,2026-03-04,187,Outerwear,27.0,8.142857142857142,top-down,topdown_tsb,93.35934613394664,66.35934613394664,4403.5628193249395,8.149393384870642
7,671,2026-03-04,190,Lanyards & IDs,0.0,21.61904761904762,per-SKU,persku_rolling_mean_30,0.0,0.0,0.0,0.0
7,671,2026-03-04,190,Lanyards & IDs,0.0,21.61904761904762,per-SKU,persku_rolling_mean_180,11.166666666666664,11.166666666666664,124.69444444444439,0.5165198237885461
7,671,2026-03-04,190,Lanyards & IDs,0.0,21.61904761904762,per-SKU,persku_tsb,7.370700398955403e-06,7.370700398955403e-06,5.432722437116133e-11,3.4093548100895033e-07
7,671,2026-03-04,190,Lanyards & IDs,0.0,21.61904761904762,per-SKU,persku_ewma_a0.1,6.062299121901179e-06,6.062299121901179e-06,3.67514706434038e-11,2.8041471709234524e-07
7,671,2026-03-04,190,Lanyards & IDs,0.0,21.61904761904762,top-down,topdown_RM6_180,0.0,0.0,0.0,0.0
7,671,2026-03-04,190,Lanyards & IDs,0.0,21.61904761904762,top-down,topdown_rolling_mean_30,0.0,0.0,0.0,0.0
7,671,2026-03-04,190,Lanyards & IDs,0.0,21.61904761904762,top-down,topdown_tsb,0.0,0.0,0.0,0.0
7,671,2026-03-04,192,Lanyards & IDs,20.0,4.857142857142857,per-SKU,persku_rolling_mean_30,64.0,44.0,1936.0,9.058823529411766
7,671,2026-03-04,192,Lanyards & IDs,20.0,4.857142857142857,per-SKU,persku_rolling_mean_180,62.00000000000003,42.00000000000003,1764.0000000000025,8.647058823529418
7,671,2026-03-04,192,Lanyards & IDs,20.0,4.857142857142857,per-SKU,persku_tsb,75.72915532447071,55.72915532447071,3105.7387531789823,11.473649625626324
7,671,2026-03-04,192,Lanyards & IDs,20.0,4.857142857142857,per-SKU,persku_ewma_a0.1,84.19168211617207,64.19168211617207,4120.572052903686,13.215934553329546
7,671,2026-03-04,192,Lanyards & IDs,20.0,4.857142857142857,top-down,topdown_RM6_180,66.70754587784171,46.70754587784171,2181.5948419306883,9.616259445438
7,671,2026-03-04,192,Lanyards & IDs,20.0,4.857142857142857,top-down,topdown_rolling_mean_30,44.11955628594906,24.11955628594906,581.7529954310647,4.965791000048336
7,671,2026-03-04,192,Lanyards & IDs,20.0,4.857142857142857,top-down,topdown_tsb,51.40715475215996,31.40715475215996,986.4093696261241,6.466178919562346
7,671,2026-03-04,209,Keychains & Charms,0.0,18.142857142857142,per-SKU,persku_rolling_mean_30,0.0,0.0,0.0,0.0
7,671,2026-03-04,209,Keychains & Charms,0.0,18.142857142857142,per-SKU,persku_rolling_mean_180,0.0,0.0,0.0,0.0
7,671,2026-03-04,209,Keychains & Charms,0.0,18.142857142857142,per-SKU,persku_tsb,1.0412353742965136e-16,1.0412353742965136e-16,1.0841711046864009e-32,5.7390926142327525e-18
7,671,2026-03-04,209,Keychains & Charms,0.0,18.142857142857142,per-SKU,persku_ewma_a0.1,4.761034727089979e-17,4.761034727089979e-17,2.266745167255675e-33,2.624192369262193e-18
7,671,2026-03-04,209,Keychains & Charms,0.0,18.142857142857142,top-down,topdown_RM6_180,0.0,0.0,0.0,0.0
7,671,2026-03-04,209,Keychains & Charms,0.0,18.142857142857142,top-down,topdown_rolling_mean_30,0.0,0.0,0.0,0.0
7,671,2026-03-04,209,Keychains & Charms,0.0,18.142857142857142,top-down,topdown_tsb,0.0,0.0,0.0,0.0
7,671,2026-03-04,212,Stationery,0.0,18.904761904761905,per-SKU,persku_rolling_mean_30,1.0,1.0,1.0,0.05289672544080604
7,671,2026-03-04,212,Stationery,0.0,18.904761904761905,per-SKU,persku_rolling_mean_180,35.33333333333333,35.33333333333333,1248.4444444444441,1.8690176322418133
7,671,2026-03-04,212,Stationery,0.0,18.904761904761905,per-SKU,persku_tsb,7.178330458257278,7.178330458257278,51.52842816794415,0.3797101753738107
7,671,2026-03-04,212,Stationery,0.0,18.904761904761905,per-SKU,persku_ewma_a0.1,1.1344958799984926,1.1344958799984926,1.287080901733554,0.0600111170780059
7,671,2026-03-04,212,Stationery,0.0,18.904761904761905,top-down,topdown_RM6_180,15.928127623845516,15.928127623845516,253.7052496015106,0.8425457937046746
7,671,2026-03-04,212,Stationery,0.0,18.904761904761905,top-down,topdown_rolling_mean_30,8.18035264483627,8.18035264483627,66.91816939387977,0.43271386786287575
7,671,2026-03-04,212,Stationery,0.0,18.904761904761905,top-down,topdown_tsb,10.798812936967675,10.798812936967675,116.61436084762042,0.5712218430134034
7,671,2026-03-04,213,Stationery,0.0,4.857142857142857,per-SKU,persku_rolling_mean_30,0.0,0.0,0.0,0.0
7,671,2026-03-04,213,Stationery,0.0,4.857142857142857,per-SKU,persku_rolling_mean_180,0.0,0.0,0.0,0.0
7,671,2026-03-04,213,Stationery,0.0,4.857142857142857,per-SKU,persku_tsb,1.635079562021679e-11,1.635079562021679e-11,2.6734851741410056e-22,3.366340274750516e-12
7,671,2026-03-04,213,Stationery,0.0,4.857142857142857,per-SKU,persku_ewma_a0.1,1.4888878848961178e-11,1.4888878848961178e-11,2.2167871337904355e-22,3.0653574100802426e-12
7,671,2026-03-04,213,Stationery,0.0,4.857142857142857,top-down,topdown_RM6_180,0.0,0.0,0.0,0.0
7,671,2026-03-04,213,Stationery,0.0,4.857142857142857,top-down,topdown_rolling_mean_30,0.0,0.0,0.0,0.0
7,671,2026-03-04,213,Stationery,0.0,4.857142857142857,top-down,topdown_tsb,0.0,0.0,0.0,0.0
7,671,2026-03-04,215,Lanyards & IDs,171.0,152.42857142857142,per-SKU,persku_rolling_mean_30,313.99999999999983,142.99999999999983,20448.999999999953,0.9381443298969062
7,671,2026-03-04,215,Lanyards & IDs,171.0,152.42857142857142,per-SKU,persku_rolling_mean_180,488.16666666666674,317.16666666666674,100594.6944444445,2.080756013745705
7,671,2026-03-04,215,Lanyards & IDs,171.0,152.42857142857142,per-SKU,persku_tsb,360.49709946927555,189.49709946927555,35909.15070726851,1.2431862195735042
7,671,2026-03-04,215,Lanyards & IDs,171.0,152.42857142857142,per-SKU,persku_ewma_a0.1,310.1270460831023,139.1270460831023,19356.33495180967,0.9127360099172598
7,671,2026-03-04,215,Lanyards & IDs,171.0,152.42857142857142,top-down,topdown_RM6_180,543.1900164338539,372.1900164338539,138525.40833303242,2.441733940990607
7,671,2026-03-04,215,Lanyards & IDs,171.0,152.42857142857142,top-down,topdown_rolling_mean_30,359.25924404272797,188.25924404272797,35441.542967539404,1.235065331114429
7,671,2026-03-04,215,Lanyards & IDs,171.0,152.42857142857142,top-down,topdown_tsb,418.6011172675882,247.60111726758822,61306.313272157975,1.6243747149701198
7,671,2026-03-04,216,Lanyards & IDs,0.0,21.666666666666668,per-SKU,persku_rolling_mean_30,0.0,0.0,0.0,0.0
7,671,2026-03-04,216,Lanyards & IDs,0.0,21.666666666666668,per-SKU,persku_rolling_mean_180,0.0,0.0,0.0,0.0
7,671,2026-03-04,216,Lanyards & IDs,0.0,21.666666666666668,per-SKU,persku_tsb,9.238586555192706e-12,9.238586555192706e-12,8.535148153778742e-23,4.263963025473556e-13
7,671,2026-03-04,216,Lanyards & IDs,0.0,21.666666666666668,per-SKU,persku_ewma_a0.1,8.889699287062965e-12,8.889699287062965e-12,7.902675341440778e-23,4.102938132490599e-13
7,671,2026-03-04,216,Lanyards & IDs,0.0,21.666666666666668,top-down,topdown_RM6_180,0.0,0.0,0.0,0.0
7,671,2026-03-04,216,Lanyards & IDs,0.0,21.666666666666668,top-down,topdown_rolling_mean_30,0.0,0.0,0.0,0.0
7,671,2026-03-04,216,Lanyards & IDs,0.0,21.666666666666668,top-down,topdown_tsb,0.0,0.0,0.0,0.0
7,671,2026-03-04,221,Stationery,0.0,16.952380952380953,per-SKU,persku_rolling_mean_30,0.0,0.0,0.0,0.0
7,671,2026-03-04,221,Stationery,0.0,16.952380952380953,per-SKU,persku_rolling_mean_180,20.000000000000007,20.000000000000007,400.0000000000003,1.1797752808988768
7,671,2026-03-04,221,Stationery,0.0,16.952380952380953,per-SKU,persku_tsb,0.005739510322854431,0.005739510322854431,3.294197874615258e-05,0.0003385666201683794
7,671,2026-03-04,221,Stationery,0.0,16.952380952380953,per-SKU,persku_ewma_a0.1,0.002680347207411865,0.002680347207411865,7.1842611522805836e-06,0.00015811036897654259
7,671,2026-03-04,221,Stationery,0.0,16.952380952380953,top-down,topdown_RM6_180,0.6925272879932832,0.6925272879932832,0.47959404461533184,0.04085132878612064
7,671,2026-03-04,221,Stationery,0.0,16.952380952380953,top-down,topdown_rolling_mean_30,0.35566750629722915,0.35566750629722915,0.12649937503568953,0.020980386607420822
7,671,2026-03-04,221,Stationery,0.0,16.952380952380953,top-down,topdown_tsb,0.46951360595511626,0.46951360595511626,0.2204430261769762,0.027696027317577084
7,671,2026-03-04,227,Stationery,27.0,19.047619047619047,per-SKU,persku_rolling_mean_30,44.00000000000001,17.000000000000007,289.0000000000002,0.8925000000000004
7,671,2026-03-04,227,Stationery,27.0,19.047619047619047,per-SKU,persku_rolling_mean_180,42.166666666666686,15.166666666666686,230.02777777777834,0.796250000000001
7,671,2026-03-04,227,Stationery,27.0,19.047619047619047,per-SKU,persku_tsb,43.40891583128703,16.408915831287032,269.2525187582622,0.8614680811425692
7,671,2026-03-04,227,Stationery,27.0,19.047619047619047,per-SKU,persku_ewma_a0.1,44.8394267752327,17.839426775232702,318.24514766888944,0.9365699056997169
7,671,2026-03-04,227,Stationery,27.0,19.047619047619047,top-down,topdown_RM6_180,40.16658270361043,13.16658270361043,173.35890009101334,0.6912455919395476
7,671,2026-03-04,227,Stationery,27.0,19.047619047619047,top-down,topdown_rolling_mean_30,20.62871536523929,6.371284634760709,40.5932678971379,0.3344924433249372
7,671,2026-03-04,227,Stationery,27.0,19.047619047619047,top-down,topdown_tsb,27.231789145396746,0.23178914539674622,0.05372620792375396,0.012168930133329177
7,671,2026-03-04,228,Stationery,47.0,36.904761904761905,per-SKU,persku_rolling_mean_30,55.000000000000014,8.000000000000014,64.00000000000023,0.21677419354838748
7,671,2026-03-04,228,Stationery,47.0,36.904761904761905,per-SKU,persku_rolling_mean_180,80.83333333333333,33.83333333333333,1144.6944444444441,0.916774193548387
7,671,2026-03-04,228,Stationery,47.0,36.904761904761905,per-SKU,persku_tsb,47.16809992550941,0.16809992550940933,0.028257584956268966,0.004554965723480769
7,671,2026-03-04,228,Stationery,47.0,36.904761904761905,per-SKU,persku_ewma_a0.1,55.790509775766694,8.790509775766694,77.2730621178498,0.23819445844012976
7,671,2026-03-04,228,Stationery,47.0,36.904761904761905,top-down,topdown_RM6_180,71.67657430730482,24.67657430730482,608.9333195439362,0.6686555618753564
7,671,2026-03-04,228,Stationery,47.0,36.904761904761905,top-down,topdown_rolling_mean_30,36.81158690176322,10.18841309823678,103.80376146032278,0.2760731291135127
7,671,2026-03-04,228,Stationery,47.0,36.904761904761905,top-down,topdown_tsb,48.59465821635453,1.5946582163545315,2.542934826987016,0.04321009360444537
7,671,2026-03-04,229,Stationery,46.0,55.57142857142857,per-SKU,persku_rolling_mean_30,70.99999999999999,24.999999999999986,624.9999999999993,0.4498714652956296
7,671,2026-03-04,229,Stationery,46.0,55.57142857142857,per-SKU,persku_rolling_mean_180,96.50000000000001,50.500000000000014,2550.2500000000014,0.9087403598971725
7,671,2026-03-04,229,Stationery,46.0,55.57142857142857,per-SKU,persku_tsb,64.09111436180773,18.091114361807726,327.28841885200575,0.3255470450710902
7,671,2026-03-04,229,Stationery,46.0,55.57142857142857,per-SKU,persku_ewma_a0.1,79.0588542248205,33.05885422482049,1092.8878426579317,0.5948894076445848
7,671,2026-03-04,229,Stationery,46.0,55.57142857142857,top-down,topdown_RM6_180,63.36624685138542,17.36624685138542,301.586529703254,0.3125031567087351
7,671,2026-03-04,229,Stationery,46.0,55.57142857142857,top-down,topdown_rolling_mean_30,32.54357682619647,13.456423173803529,181.07532463247665,0.24214643243348252
7,671,2026-03-04,229,Stationery,46.0,55.57142857142857,top-down,topdown_tsb,42.96049494489314,3.039505055106858,9.238590980020144,0.054695463716575854
7,671,2026-03-04,242,Plush & Souvenirs,0.0,89.04761904761905,per-SKU,persku_rolling_mean_30,0.0,0.0,0.0,0.0
7,671,2026-03-04,242,Plush & Souvenirs,0.0,89.04761904761905,per-SKU,persku_rolling_mean_180,0.0,0.0,0.0,0.0
7,671,2026-03-04,242,Plush & Souvenirs,0.0,89.04761904761905,per-SKU,persku_tsb,1.5587782542164473e-17,1.5587782542164473e-17,2.4297896458180754e-34,1.750499643772481e-19
7,671,2026-03-04,242,Plush & Souvenirs,0.0,89.04761904761905,per-SKU,persku_ewma_a0.1,2.084729638646584e-17,2.084729638646584e-17,4.3460976662515166e-34,2.341140235913276e-19
7,671,2026-03-04,242,Plush & Souvenirs,0.0,89.04761904761905,top-down,topdown_RM6_180,0.0,0.0,0.0,0.0
7,671,2026-03-04,242,Plush & Souvenirs,0.0,89.04761904761905,top-down,topdown_rolling_mean_30,0.0,0.0,0.0,0.0
7,671,2026-03-04,242,Plush & Souvenirs,0.0,89.04761904761905,top-down,topdown_tsb,0.0,0.0,0.0,0.0
7,671,2026-03-04,250,Plush & Souvenirs,0.0,5.142857142857143,per-SKU,persku_rolling_mean_30,0.0,0.0,0.0,0.0
7,671,2026-03-04,250,Plush & Souvenirs,0.0,5.142857142857143,per-SKU,persku_rolling_mean_180,0.0,0.0,0.0,0.0
7,671,2026-03-04,250,Plush & Souvenirs,0.0,5.142857142857143,per-SKU,persku_tsb,4.3981140896251313e-17,4.3981140896251313e-17,1.93434075453591e-33,8.551888507604422e-18
7,671,2026-03-04,250,Plush & Souvenirs,0.0,5.142857142857143,per-SKU,persku_ewma_a0.1,4.238004027764954e-17,4.238004027764954e-17,1.7960678139351974e-33,8.240563387320744e-18
7,671,2026-03-04,250,Plush & Souvenirs,0.0,5.142857142857143,top-down,topdown_RM6_180,0.0,0.0,0.0,0.0
7,671,2026-03-04,250,Plush & Souvenirs,0.0,5.142857142857143,top-down,topdown_rolling_mean_30,0.0,0.0,0.0,0.0
7,671,2026-03-04,250,Plush & Souvenirs,0.0,5.142857142857143,top-down,topdown_tsb,0.0,0.0,0.0,0.0
7,671,2026-03-04,251,Plush & Souvenirs,0.0,26.285714285714285,per-SKU,persku_rolling_mean_30,0.0,0.0,0.0,0.0
7,671,2026-03-04,251,Plush & Souvenirs,0.0,26.285714285714285,per-SKU,persku_rolling_mean_180,15.666666666666668,15.666666666666668,245.44444444444449,0.5960144927536233
7,671,2026-03-04,251,Plush & Souvenirs,0.0,26.285714285714285,per-SKU,persku_tsb,0.00012895198874551288,0.00012895198874551288,1.662861540142288e-08,4.905782180535816e-06
7,671,2026-03-04,251,Plush & Souvenirs,0.0,26.285714285714285,per-SKU,persku_ewma_a0.1,0.00012518930459657718,0.00012518930459657718,1.567236198537458e-08,4.762636587913262e-06
7,671,2026-03-04,251,Plush & Souvenirs,0.0,26.285714285714285,top-down,topdown_RM6_180,0.0,0.0,0.0,0.0
7,671,2026-03-04,251,Plush & Souvenirs,0.0,26.285714285714285,top-down,topdown_rolling_mean_30,0.0,0.0,0.0,0.0
7,671,2026-03-04,251,Plush & Souvenirs,0.0,26.285714285714285,top-down,topdown_tsb,0.0,0.0,0.0,0.0
7,671,2026-03-04,252,Plush & Souvenirs,0.0,8.857142857142858,per-SKU,persku_rolling_mean_30,0.0,0.0,0.0,0.0
7,671,2026-03-04,252,Plush & Souvenirs,0.0,8.857142857142858,per-SKU,persku_rolling_mean_180,0.0,0.0,0.0,0.0
7,671,2026-03-04,252,Plush & Souvenirs,0.0,8.857142857142858,per-SKU,persku_tsb,3.4124025170067697e-17,3.4124025170067697e-17,1.1644490938074137e-33,3.8527125192011914e-18
7,671,2026-03-04,252,Plush & Souvenirs,0.0,8.857142857142858,per-SKU,persku_ewma_a0.1,3.0673998486557394e-17,3.0673998486557394e-17,9.408941831533254e-34,3.4631933775145444e-18
7,671,2026-03-04,252,Plush & Souvenirs,0.0,8.857142857142858,top-down,topdown_RM6_180,0.0,0.0,0.0,0.0
7,671,2026-03-04,252,Plush & Souvenirs,0.0,8.857142857142858,top-down,topdown_rolling_mean_30,0.0,0.0,0.0,0.0
7,671,2026-03-04,252,Plush & Souvenirs,0.0,8.857142857142858,top-down,topdown_tsb,0.0,0.0,0.0,0.0
7,671,2026-03-04,261,Stationery,133.0,55.42857142857143,per-SKU,persku_rolling_mean_30,44.00000000000001,89.0,7921.0,1.6056701030927834
7,671,2026-03-04,261,Stationery,133.0,55.42857142857143,per-SKU,persku_rolling_mean_180,62.00000000000003,70.99999999999997,5040.999999999996,1.2809278350515458
7,671,2026-03-04,261,Stationery,133.0,55.42857142857143,per-SKU,persku_tsb,57.932590186068516,75.06740981393148,5635.116016172736,1.3543089399420627
7,671,2026-03-04,261,Stationery,133.0,55.42857142857143,per-SKU,persku_ewma_a0.1,52.44898308649055,80.55101691350944,6488.466325800484,1.4532399958622837
7,671,2026-03-04,261,Stationery,133.0,55.42857142857143,top-down,topdown_RM6_180,50.20822837951303,82.79177162048697,6854.477448058871,1.493665982843837
7,671,2026-03-04,261,Stationery,133.0,55.42857142857143,top-down,topdown_rolling_mean_30,25.785894206549113,107.21410579345088,11494.864481089278,1.934275104521021
7,671,2026-03-04,261,Stationery,133.0,55.42857142857143,top-down,topdown_tsb,34.03973643174593,98.96026356825408,9793.133765498314,1.7853655798396353
7,671,2026-03-04,267,Shirts & Tops,0.0,9.095238095238095,per-SKU,persku_rolling_mean_30,17.0,17.0,289.0,1.8691099476439792
7,671,2026-03-04,267,Shirts & Tops,0.0,9.095238095238095,per-SKU,persku_rolling_mean_180,41.999999999999986,41.999999999999986,1763.9999999999989,4.617801047120418
7,671,2026-03-04,267,Shirts & Tops,0.0,9.095238095238095,per-SKU,persku_tsb,40.060802609032386,40.060802609032386,1604.867905679856,4.404590862773194
7,671,2026-03-04,267,Shirts & Tops,0.0,9.095238095238095,per-SKU,persku_ewma_a0.1,30.451259726620826,30.451259726620826,927.2792189381195,3.3480442631363214
7,671,2026-03-04,267,Shirts & Tops,0.0,9.095238095238095,top-down,topdown_RM6_180,63.521203671430214,63.521203671430214,4034.943315867319,6.984006686387615
7,671,2026-03-04,267,Shirts & Tops,0.0,9.095238095238095,top-down,topdown_rolling_mean_30,36.10874869292436,36.10874869292436,1303.8417321687666,3.9700718458189086
7,671,2026-03-04,267,Shirts & Tops,0.0,9.095238095238095,top-down,topdown_tsb,47.48411152010537,47.48411152010537,2254.7408468538038,5.220766188074413
7,671,2026-03-04,276,Stationery,0.0,29.904761904761905,per-SKU,persku_rolling_mean_30,0.0,0.0,0.0,0.0
7,671,2026-03-04,276,Stationery,0.0,29.904761904761905,per-SKU,persku_rolling_mean_180,0.0,0.0,0.0,0.0
7,671,2026-03-04,276,Stationery,0.0,29.904761904761905,per-SKU,persku_tsb,1.124319557793389e-12,1.124319557793389e-12,1.2640944680367215e-24,3.759667311092542e-14
7,671,2026-03-04,276,Stationery,0.0,29.904761904761905,per-SKU,persku_ewma_a0.1,4.950526823631113e-13,4.950526823631113e-13,2.4507715831491155e-25,1.6554309442078563e-14
7,671,2026-03-04,276,Stationery,0.0,29.904761904761905,top-down,topdown_RM6_180,0.0,0.0,0.0,0.0
7,671,2026-03-04,276,Stationery,0.0,29.904761904761905,top-down,topdown_rolling_mean_30,0.0,0.0,0.0,0.0
7,671,2026-03-04,276,Stationery,0.0,29.904761904761905,top-down,topdown_tsb,0.0,0.0,0.0,0.0
7,671,2026-03-04,277,Stationery,89.0,49.61904761904762,per-SKU,persku_rolling_mean_30,49.999999999999986,39.000000000000014,1521.0000000000011,0.785988483685221
7,671,2026-03-04,277,Stationery,89.0,49.61904761904762,per-SKU,persku_rolling_mean_180,73.66666666666666,15.333333333333343,235.1111111111114,0.3090211132437622
7,671,2026-03-04,277,Stationery,89.0,49.61904761904762,per-SKU,persku_tsb,57.24265301765107,31.757346982348928,1008.5290873573066,0.6400233077056885
7,671,2026-03-04,277,Stationery,89.0,49.61904761904762,per-SKU,persku_ewma_a0.1,61.99402304428005,27.00597695571995,729.322791332877,0.5442663302016497
7,671,2026-03-04,277,Stationery,89.0,49.61904761904762,top-down,topdown_RM6_180,89.68228379513018,0.682283795130175,0.4655111770972346,0.01375044116865036
7,671,2026-03-04,277,Stationery,89.0,49.61904761904762,top-down,topdown_rolling_mean_30,46.05894206549117,42.94105793450883,1843.9344565348435,0.8654147952252258
7,671,2026-03-04,277,Stationery,89.0,49.61904761904762,top-down,topdown_tsb,60.802011971187554,28.197988028812446,795.12652887305,0.568289585993341
7,671,2026-03-04,291,Shirts & Tops,57.0,16.904761904761905,per-SKU,persku_rolling_mean_30,64.99999999999999,7.999999999999986,63.99999999999977,0.47323943661971746
7,671,2026-03-04,291,Shirts & Tops,57.0,16.904761904761905,per-SKU,persku_rolling_mean_180,45.833333333333336,11.166666666666664,124.69444444444439,0.66056338028169
7,671,2026-03-04,291,Shirts & Tops,57.0,16.904761904761905,per-SKU,persku_tsb,100.98754419581138,43.98754419581138,1934.9040443784595,2.602080079188842
7,671,2026-03-04,291,Shirts & Tops,57.0,16.904761904761905,per-SKU,persku_ewma_a0.1,94.23216758770128,37.232167587701284,1386.2343032786741,2.2024662516668365
7,671,2026-03-04,291,Shirts & Tops,57.0,16.904761904761905,top-down,topdown_RM6_180,98.13669106541187,41.13669106541187,1692.2273518111365,2.4334380630243637
7,671,2026-03-04,291,Shirts & Tops,57.0,16.904761904761905,top-down,topdown_rolling_mean_30,55.785988149180895,1.2140118508191051,1.4738247739292292,0.07181478554141185
7,671,2026-03-04,291,Shirts & Tops,57.0,16.904761904761905,top-down,topdown_tsb,73.36028465184819,16.36028465184819,267.65891388949944,0.9677914864473577
7,671,2026-03-04,326,Stationery,0.0,4.9523809523809526,per-SKU,persku_rolling_mean_30,0.0,0.0,0.0,0.0
7,671,2026-03-04,326,Stationery,0.0,4.9523809523809526,per-SKU,persku_rolling_mean_180,0.0,0.0,0.0,0.0
7,671,2026-03-04,326,Stationery,0.0,4.9523809523809526,per-SKU,persku_tsb,1.5387971002968638e-11,1.5387971002968638e-11,2.3678965158820363e-22,3.1071864525225133e-12
7,671,2026-03-04,326,Stationery,0.0,4.9523809523809526,per-SKU,persku_ewma_a0.1,1.67217972378649e-11,1.67217972378649e-11,2.7961850286426615e-22,3.376516749953489e-12
7,671,2026-03-04,326,Stationery,0.0,4.9523809523809526,top-down,topdown_RM6_180,0.0,0.0,0.0,0.0
7,671,2026-03-04,326,Stationery,0.0,4.9523809523809526,top-down,topdown_rolling_mean_30,0.0,0.0,0.0,0.0
7,671,2026-03-04,326,Stationery,0.0,4.9523809523809526,top-down,topdown_tsb,0.0,0.0,0.0,0.0
7,671,2026-03-04,340,Lanyards & IDs,0.0,14.761904761904763,per-SKU,persku_rolling_mean_30,0.0,0.0,0.0,0.0
7,671,2026-03-04,340,Lanyards & IDs,0.0,14.761904761904763,per-SKU,persku_rolling_mean_180,0.5,0.5,0.25,0.03387096774193548
7,671,2026-03-04,340,Lanyards & IDs,0.0,14.761904761904763,per-SKU,persku_tsb,3.845271713288608e-06,3.845271713288608e-06,1.478611454901751e-11,2.604861483195509e-07
7,671,2026-03-04,340,Lanyards & IDs,0.0,14.761904761904763,per-SKU,persku_ewma_a0.1,1.1110304592545964e-06,1.1110304592545964e-06,1.2343886813914794e-12,7.52633536914404e-08
7,671,2026-03-04,340,Lanyards & IDs,0.0,14.761904761904763,top-down,topdown_RM6_180,0.0,0.0,0.0,0.0
7,671,2026-03-04,340,Lanyards & IDs,0.0,14.761904761904763,top-down,topdown_rolling_mean_30,0.0,0.0,0.0,0.0
7,671,2026-03-04,340,Lanyards & IDs,0.0,14.761904761904763,top-down,topdown_tsb,0.0,0.0,0.0,0.0
7,671,2026-03-04,346,Keychains & Charms,0.0,7.619047619047619,per-SKU,persku_rolling_mean_30,0.0,0.0,0.0,0.0
7,671,2026-03-04,346,Keychains & Charms,0.0,7.619047619047619,per-SKU,persku_rolling_mean_180,25.500000000000007,25.500000000000007,650.2500000000003,3.346875000000001
7,671,2026-03-04,346,Keychains & Charms,0.0,7.619047619047619,per-SKU,persku_tsb,0.0025627810943572105,0.0025627810943572105,6.567846937594741e-06,0.0003363650186343839
7,671,2026-03-04,346,Keychains & Charms,0.0,7.619047619047619,per-SKU,persku_ewma_a0.1,0.001294100154251767,0.001294100154251767,1.6746952092344472e-06,0.00016985064524554442
7,671,2026-03-04,346,Keychains & Charms,0.0,7.619047619047619,top-down,topdown_RM6_180,0.0,0.0,0.0,0.0
7,671,2026-03-04,346,Keychains & Charms,0.0,7.619047619047619,top-down,topdown_rolling_mean_30,0.0,0.0,0.0,0.0
7,671,2026-03-04,346,Keychains & Charms,0.0,7.619047619047619,top-down,topdown_tsb,0.0,0.0,0.0,0.0
7,671,2026-03-04,350,Keychains & Charms,37.0,25.285714285714285,per-SKU,persku_rolling_mean_30,52.99999999999999,15.999999999999993,255.99999999999977,0.6327683615819206
7,671,2026-03-04,350,Keychains & Charms,37.0,25.285714285714285,per-SKU,persku_rolling_mean_180,87.66666666666663,50.66666666666663,2567.111111111107,2.0037664783427482
7,671,2026-03-04,350,Keychains & Charms,37.0,25.285714285714285,per-SKU,persku_tsb,93.95113121139755,56.95113121139755,3243.43134625782,2.252304624179564
7,671,2026-03-04,350,Keychains & Charms,37.0,25.285714285714285,per-SKU,persku_ewma_a0.1,63.49638960071878,26.49638960071878,702.0586618730782,1.0478798147176918
7,671,2026-03-04,350,Keychains & Charms,37.0,25.285714285714285,top-down,topdown_RM6_180,126.4813460131675,89.4813460131675,8006.911284328206,3.5388102943060593
7,671,2026-03-04,350,Keychains & Charms,37.0,25.285714285714285,top-down,topdown_rolling_mean_30,32.64447695683978,4.355523043160218,18.970580979499648,0.1722523237407996
7,671,2026-03-04,350,Keychains & Charms,37.0,25.285714285714285,top-down,topdown_tsb,73.71308533508396,36.71308533508396,1347.850634821157,1.4519299285061453
7,671,2026-03-04,352,Plush & Souvenirs,26.0,5.0,per-SKU,persku_rolling_mean_30,79.00000000000004,53.00000000000004,2809.0000000000045,10.600000000000009
7,671,2026-03-04,352,Plush & Souvenirs,26.0,5.0,per-SKU,persku_rolling_mean_180,35.83333333333332,9.833333333333321,96.69444444444422,1.9666666666666643
7,671,2026-03-04,352,Plush & Souvenirs,26.0,5.0,per-SKU,persku_tsb,58.72925980889779,32.72925980889779,1071.2044476383319,6.545851961779557
7,671,2026-03-04,352,Plush & Souvenirs,26.0,5.0,per-SKU,persku_ewma_a0.1,62.5735022149279,36.5735022149279,1337.621064265336,7.31470044298558
7,671,2026-03-04,352,Plush & Souvenirs,26.0,5.0,top-down,topdown_RM6_180,46.45124716553288,20.451247165532877,418.2535106257165,4.0902494331065755
7,671,2026-03-04,352,Plush & Souvenirs,26.0,5.0,top-down,topdown_rolling_mean_30,80.37414965986396,54.37414965986396,2956.548151233284,10.874829931972792
7,671,2026-03-04,352,Plush & Souvenirs,26.0,5.0,top-down,topdown_tsb,68.69015501005889,42.69015501005889,1822.4493347828559,8.538031002011778
7,671,2026-03-04,354,Plush & Souvenirs,23.0,4.904761904761905,per-SKU,persku_rolling_mean_30,15.0,8.0,64.0,1.6310679611650485
7,671,2026-03-04,354,Plush & Souvenirs,23.0,4.904761904761905,per-SKU,persku_rolling_mean_180,16.666666666666668,6.333333333333332,40.11111111111109,1.2912621359223297
7,671,2026-03-04,354,Plush & Souvenirs,23.0,4.904761904761905,per-SKU,persku_tsb,22.823618684264343,0.1763813157356573,0.031110368540641628,0.0359612391305709
7,671,2026-03-04,354,Plush & Souvenirs,23.0,4.904761904761905,per-SKU,persku_ewma_a0.1,12.540544328803765,10.459455671196235,109.40021293771908,2.132510379564281
7,671,2026-03-04,354,Plush & Souvenirs,23.0,4.904761904761905,top-down,topdown_RM6_180,13.935374149659863,9.064625850340137,82.16744180665467,1.848127600554785
7,671,2026-03-04,354,Plush & Souvenirs,23.0,4.904761904761905,top-down,topdown_rolling_mean_30,24.11224489795919,1.1122448979591901,1.2370887130362493,0.22676837725381543
7,671,2026-03-04,354,Plush & Souvenirs,23.0,4.904761904761905,top-down,topdown_tsb,20.60704650301767,2.3929534969823294,5.7262264387199595,0.4878837226857176
7,671,2026-03-04,356,Bags,0.0,24.476190476190474,per-SKU,persku_rolling_mean_30,0.0,0.0,0.0,0.0
7,671,2026-03-04,356,Bags,0.0,24.476190476190474,per-SKU,persku_rolling_mean_180,25.166666666666664,25.166666666666664,633.361111111111,1.0282101167315174
7,671,2026-03-04,356,Bags,0.0,24.476190476190474,per-SKU,persku_tsb,0.00017212155758030323,0.00017212155758030323,2.962583058386964e-08,7.032203714370366e-06
7,671,2026-03-04,356,Bags,0.0,24.476190476190474,per-SKU,persku_ewma_a0.1,0.00017643294061617915,0.00017643294061617915,3.11285825344722e-08,7.2083497138905885e-06
7,671,2026-03-04,356,Bags,0.0,24.476190476190474,top-down,topdown_RM6_180,0.0,0.0,0.0,0.0
7,671,2026-03-04,356,Bags,0.0,24.476190476190474,top-down,topdown_rolling_mean_30,0.0,0.0,0.0,0.0
7,671,2026-03-04,356,Bags,0.0,24.476190476190474,top-down,topdown_tsb,0.0,0.0,0.0,0.0
7,671,2026-03-04,358,Bags,23.0,138.71428571428572,per-SKU,persku_rolling_mean_30,9.000000000000002,13.999999999999998,195.99999999999994,0.10092687950566424
7,671,2026-03-04,358,Bags,23.0,138.71428571428572,per-SKU,persku_rolling_mean_180,107.66666666666667,84.66666666666667,7168.444444444445,0.6103673189152077
7,671,2026-03-04,358,Bags,23.0,138.71428571428572,per-SKU,persku_tsb,68.95581164366035,45.955811643660354,2111.9366238275884,0.33129833316747936
7,671,2026-03-04,358,Bags,23.0,138.71428571428572,per-SKU,persku_ewma_a0.1,18.082279736428863,4.9177202635711375,24.18397259073818,0.03545215432028626
7,671,2026-03-04,358,Bags,23.0,138.71428571428572,top-down,topdown_RM6_180,120.726209896683,97.726209896683,9550.412100770543,0.7045143864848413
7,671,2026-03-04,358,Bags,23.0,138.71428571428572,top-down,topdown_rolling_mean_30,32.87438825448614,9.874388254486142,97.50354340033388,0.07118508525376209
7,671,2026-03-04,358,Bags,23.0,138.71428571428572,top-down,topdown_tsb,48.85158663905355,25.85158663905355,668.3045317564921,0.18636571212499983
7,671,2026-03-04,359,Bags,109.0,8.142857142857142,per-SKU,persku_rolling_mean_30,41.0,68.0,4624.0,8.350877192982457
7,671,2026-03-04,359,Bags,109.0,8.142857142857142,per-SKU,persku_rolling_mean_180,48.000000000000014,60.999999999999986,3720.999999999998,7.4912280701754375
7,671,2026-03-04,359,Bags,109.0,8.142857142857142,per-SKU,persku_tsb,41.22527401851711,67.77472598148289,4593.413481865092,8.32321196263825
7,671,2026-03-04,359,Bags,109.0,8.142857142857142,per-SKU,persku_ewma_a0.1,31.162019616221844,77.83798038377816,6058.751190225434,9.559050222569248
7,671,2026-03-04,359,Bags,109.0,8.142857142857142,top-down,topdown_RM6_180,63.26264274061992,45.73735725938008,2091.905849072168,5.616868435362466
7,671,2026-03-04,359,Bags,109.0,8.142857142857142,top-down,topdown_rolling_mean_30,17.226753670473087,91.77324632952691,8422.328741860025,11.270398672047165
7,671,2026-03-04,359,Bags,109.0,8.142857142857142,top-down,topdown_tsb,25.599084701687453,83.40091529831255,6955.712672596305,10.242217668213824
7,671,2026-03-04,377,Lanyards & IDs,105.0,91.19047619047619,per-SKU,persku_rolling_mean_30,151.0,46.0,2116.0,0.5044386422976501
7,671,2026-03-04,377,Lanyards & IDs,105.0,91.19047619047619,per-SKU,persku_rolling_mean_180,211.33333333333337,106.33333333333337,11306.777777777786,1.166057441253264
7,671,2026-03-04,377,Lanyards & IDs,105.0,91.19047619047619,per-SKU,persku_tsb,169.7845269228555,64.78452692285549,4197.034928618188,0.7104308435404518
7,671,2026-03-04,377,Lanyards & IDs,105.0,91.19047619047619,per-SKU,persku_ewma_a0.1,158.17248843378772,53.17248843378772,2827.313526241289,0.583092562459291
7,671,2026-03-04,377,Lanyards & IDs,105.0,91.19047619047619,top-down,topdown_RM6_180,189.93577102163798,84.93577102163798,7214.085199040117,0.9314105438404164
7,671,2026-03-04,377,Lanyards & IDs,105.0,91.19047619047619,top-down,topdown_rolling_mean_30,125.62119967132293,20.621199671322927,425.23387588456876,0.22613326010328014
7,671,2026-03-04,377,Lanyards & IDs,105.0,91.19047619047619,top-down,topdown_tsb,146.37111057511555,41.37111057511555,1711.568790218438,0.4536779749751575
7,671,2026-03-04,378,Lanyards & IDs,0.0,3.3333333333333335,per-SKU,persku_rolling_mean_30,0.0,0.0,0.0,0.0
7,671,2026-03-04,378,Lanyards & IDs,0.0,3.3333333333333335,per-SKU,persku_rolling_mean_180,0.0,0.0,0.0,0.0
7,671,2026-03-04,378,Lanyards & IDs,0.0,3.3333333333333335,per-SKU,persku_tsb,6.477583932507364e-19,6.477583932507364e-19,4.1959093602677564e-37,1.943275179752209e-19
7,671,2026-03-04,378,Lanyards & IDs,0.0,3.3333333333333335,per-SKU,persku_ewma_a0.1,6.744215595538035e-19,6.744215595538035e-19,4.548444399909845e-37,2.0232646786614104e-19
7,671,2026-03-04,378,Lanyards & IDs,0.0,3.3333333333333335,top-down,topdown_RM6_180,0.0,0.0,0.0,0.0
7,671,2026-03-04,378,Lanyards & IDs,0.0,3.3333333333333335,top-down,topdown_rolling_mean_30,0.0,0.0,0.0,0.0
7,671,2026-03-04,378,Lanyards & IDs,0.0,3.3333333333333335,top-down,topdown_tsb,0.0,0.0,0.0,0.0
7,671,2026-03-04,380,Shirts & Tops,36.0,2.142857142857143,per-SKU,persku_rolling_mean_30,37.00000000000001,1.000000000000007,1.0000000000000142,0.46666666666667
7,671,2026-03-04,380,Shirts & Tops,36.0,2.142857142857143,per-SKU,persku_rolling_mean_180,13.000000000000002,23.0,529.0,10.733333333333334
7,671,2026-03-04,380,Shirts & Tops,36.0,2.142857142857143,per-SKU,persku_tsb,42.89874282149039,6.898742821490387,47.59265251706515,3.219413316695514
7,671,2026-03-04,380,Shirts & Tops,36.0,2.142857142857143,per-SKU,persku_ewma_a0.1,34.858226647515316,1.1417733524846838,1.303646388444114,0.5328275644928525
7,671,2026-03-04,380,Shirts & Tops,36.0,2.142857142857143,top-down,topdown_RM6_180,27.835134193098636,8.164865806901364,66.66503364470707,3.810270709887303
7,671,2026-03-04,380,Shirts & Tops,36.0,2.142857142857143,top-down,topdown_rolling_mean_30,15.822934820494941,20.177065179505057,407.1139592579954,9.415963750435694
7,671,2026-03-04,380,Shirts & Tops,36.0,2.142857142857143,top-down,topdown_tsb,20.807644373978757,15.192355626021243,230.80766946749932,7.089765958809914
7,671,2026-03-04,381,Keychains & Charms,0.0,0.0,per-SKU,persku_rolling_mean_30,0.0,0.0,0.0,
7,671,2026-03-04,381,Keychains & Charms,0.0,0.0,per-SKU,persku_rolling_mean_180,0.0,0.0,0.0,
7,671,2026-03-04,381,Keychains & Charms,0.0,0.0,per-SKU,persku_tsb,0.0,0.0,0.0,
7,671,2026-03-04,381,Keychains & Charms,0.0,0.0,per-SKU,persku_ewma_a0.1,0.0,0.0,0.0,
7,671,2026-03-04,381,Keychains & Charms,0.0,0.0,top-down,topdown_RM6_180,0.0,0.0,0.0,
7,671,2026-03-04,381,Keychains & Charms,0.0,0.0,top-down,topdown_rolling_mean_30,0.0,0.0,0.0,
7,671,2026-03-04,381,Keychains & Charms,0.0,0.0,top-down,topdown_tsb,0.0,0.0,0.0,
7,671,2026-03-04,389,Drinkware,0.0,12.952380952380953,per-SKU,persku_rolling_mean_30,0.0,0.0,0.0,0.0
7,671,2026-03-04,389,Drinkware,0.0,12.952380952380953,per-SKU,persku_rolling_mean_180,50.16666666666668,50.16666666666668,2516.6944444444457,3.873161764705883
7,671,2026-03-04,389,Drinkware,0.0,12.952380952380953,per-SKU,persku_tsb,0.060603672593785934,0.060603672593785934,0.0036728051318548004,0.004678960016432002
7,671,2026-03-04,389,Drinkware,0.0,12.952380952380953,per-SKU,persku_ewma_a0.1,0.0757990711092593,0.0757990711092593,0.005745499181026549,0.005852134166523696
7,671,2026-03-04,389,Drinkware,0.0,12.952380952380953,top-down,topdown_RM6_180,33.28888888888889,33.28888888888889,1108.1501234567902,2.5700980392156865
7,671,2026-03-04,389,Drinkware,0.0,12.952380952380953,top-down,topdown_rolling_mean_30,18.399999999999995,18.399999999999995,338.55999999999983,1.4205882352941173
7,671,2026-03-04,389,Drinkware,0.0,12.952380952380953,top-down,topdown_tsb,22.03025490140564,22.03025490140564,485.3321310209073,1.7008652681232297
7,671,2026-03-04,392,Drinkware,0.0,12.285714285714286,per-SKU,persku_rolling_mean_30,0.0,0.0,0.0,0.0
7,671,2026-03-04,392,Drinkware,0.0,12.285714285714286,per-SKU,persku_rolling_mean_180,50.33333333333333,50.33333333333333,2533.444444444444,4.096899224806201
7,671,2026-03-04,392,Drinkware,0.0,12.285714285714286,per-SKU,persku_tsb,0.05385279684531317,0.05385279684531317,0.0029001237280625717,0.00438336718508363
7,671,2026-03-04,392,Drinkware,0.0,12.285714285714286,per-SKU,persku_ewma_a0.1,0.058565999964322275,0.058565999964322275,0.0034299763518209968,0.004766999997095999
7,671,2026-03-04,392,Drinkware,0.0,12.285714285714286,top-down,topdown_RM6_180,27.594736842105263,27.594736842105263,761.4695013850416,2.246083231334149
7,671,2026-03-04,392,Drinkware,0.0,12.285714285714286,top-down,topdown_rolling_mean_30,15.252631578947366,15.252631578947366,232.64277008310242,1.2414932680538553
7,671,2026-03-04,392,Drinkware,0.0,12.285714285714286,top-down,topdown_tsb,18.261921826165203,18.261921826165203,333.49778878496903,1.486435497478563
7,671,2026-03-04,393,Drinkware,94.0,7.857142857142857,per-SKU,persku_rolling_mean_30,68.99999999999999,25.000000000000014,625.0000000000007,3.181818181818184
7,671,2026-03-04,393,Drinkware,94.0,7.857142857142857,per-SKU,persku_rolling_mean_180,24.33333333333333,69.66666666666667,4853.444444444445,8.866666666666667
7,671,2026-03-04,393,Drinkware,94.0,7.857142857142857,per-SKU,persku_tsb,74.78228875845376,19.21771124154624,369.3204253634527,2.44589052165134
7,671,2026-03-04,393,Drinkware,94.0,7.857142857142857,per-SKU,persku_ewma_a0.1,91.7800205953965,2.2199794046035066,4.9283085568637395,0.2825428333131736
7,671,2026-03-04,393,Drinkware,94.0,7.857142857142857,top-down,topdown_RM6_180,63.94970760233919,30.05029239766081,903.0200731849112,3.8245826687931945
7,671,2026-03-04,393,Drinkware,94.0,7.857142857142857,top-down,topdown_rolling_mean_30,35.34736842105263,58.65263157894737,3440.1311911357343,7.46488038277512
7,671,2026-03-04,393,Drinkware,94.0,7.857142857142857,top-down,topdown_tsb,42.32127915270032,51.67872084729968,2670.6901884131266,6.577291744201777
7,671,2026-03-04,394,Drinkware,0.0,18.333333333333332,per-SKU,persku_rolling_mean_30,0.0,0.0,0.0,0.0
7,671,2026-03-04,394,Drinkware,0.0,18.333333333333332,per-SKU,persku_rolling_mean_180,0.0,0.0,0.0,0.0
7,671,2026-03-04,394,Drinkware,0.0,18.333333333333332,per-SKU,persku_tsb,2.9618063880359456e-09,2.9618063880359456e-09,8.772297080210535e-18,1.615530757110516e-10
7,671,2026-03-04,394,Drinkware,0.0,18.333333333333332,per-SKU,persku_ewma_a0.1,1.953996051279877e-09,1.953996051279877e-09,3.818100568417353e-18,1.0658160279708422e-10
7,671,2026-03-04,394,Drinkware,0.0,18.333333333333332,top-down,topdown_RM6_180,0.0,0.0,0.0,0.0
7,671,2026-03-04,394,Drinkware,0.0,18.333333333333332,top-down,topdown_rolling_mean_30,0.0,0.0,0.0,0.0
7,671,2026-03-04,394,Drinkware,0.0,18.333333333333332,top-down,topdown_tsb,0.0,0.0,0.0,0.0
7,671,2026-03-04,395,Shirts & Tops,0.0,67.04761904761905,per-SKU,persku_rolling_mean_30,151.99999999999997,151.99999999999997,23103.999999999993,2.267045454545454
7,671,2026-03-04,395,Shirts & Tops,0.0,67.04761904761905,per-SKU,persku_rolling_mean_180,273.99999999999994,273.99999999999994,75075.99999999997,4.086647727272727
7,671,2026-03-04,395,Shirts & Tops,0.0,67.04761904761905,per-SKU,persku_tsb,161.3235617433023,161.3235617433023,26025.291573545066,2.406104258955503
7,671,2026-03-04,395,Shirts & Tops,0.0,67.04761904761905,per-SKU,persku_ewma_a0.1,157.74835815322763,157.74835815322763,24884.544500038977,2.3527809099558095
7,671,2026-03-04,395,Shirts & Tops,0.0,67.04761904761905,top-down,topdown_RM6_180,259.4377251074706,259.4377251074706,67307.93320893949,3.869454706858581
7,671,2026-03-04,395,Shirts & Tops,0.0,67.04761904761905,top-down,topdown_rolling_mean_30,147.47786685256185,147.47786685256185,21749.72121138196,2.199598866408948
7,671,2026-03-04,395,Shirts & Tops,0.0,67.04761904761905,top-down,topdown_tsb,193.93791615234048,193.93791615234048,37611.91532151224,2.8925399426130327
7,671,2026-03-04,397,Shirts & Tops,108.0,1.5714285714285714,per-SKU,persku_rolling_mean_30,33.00000000000001,75.0,5625.0,47.72727272727273
7,671,2026-03-04,397,Shirts & Tops,108.0,1.5714285714285714,per-SKU,persku_rolling_mean_180,5.500000000000001,102.5,10506.25,65.22727272727273
7,671,2026-03-04,397,Shirts & Tops,108.0,1.5714285714285714,per-SKU,persku_tsb,89.1,18.900000000000006,357.2100000000002,12.027272727272731
7,671,2026-03-04,397,Shirts & Tops,108.0,1.5714285714285714,per-SKU,persku_ewma_a0.1,89.1,18.900000000000006,357.2100000000002,12.027272727272731
7,671,2026-03-04,397,Shirts & Tops,108.0,1.5714285714285714,top-down,topdown_RM6_180,11.776402927849421,96.22359707215058,9258.980633503586,61.2331981368231
7,671,2026-03-04,397,Shirts & Tops,108.0,1.5714285714285714,top-down,topdown_rolling_mean_30,6.694318577901706,101.30568142209829,10262.84108839567,64.46725181406255
7,671,2026-03-04,397,Shirts & Tops,108.0,1.5714285714285714,top-down,topdown_tsb,8.803234158221782,99.19676584177822,9839.998353468578,63.125214626586136
7,671,2026-03-04,400,Shirts & Tops,0.0,1.8095238095238095,per-SKU,persku_rolling_mean_30,0.0,0.0,0.0,0.0
7,671,2026-03-04,400,Shirts & Tops,0.0,1.8095238095238095,per-SKU,persku_rolling_mean_180,0.0,0.0,0.0,0.0
7,671,2026-03-04,400,Shirts & Tops,0.0,1.8095238095238095,per-SKU,persku_tsb,2.892496342579487e-28,2.892496342579487e-28,8.366535091835708e-56,1.59848482089919e-28
7,671,2026-03-04,400,Shirts & Tops,0.0,1.8095238095238095,per-SKU,persku_ewma_a0.1,3.755422286389421e-28,3.755422286389421e-28,1.4103196549110347e-55,2.0753649477415223e-28
7,671,2026-03-04,400,Shirts & Tops,0.0,1.8095238095238095,top-down,topdown_RM6_180,0.0,0.0,0.0,0.0
7,671,2026-03-04,400,Shirts & Tops,0.0,1.8095238095238095,top-down,topdown_rolling_mean_30,0.0,0.0,0.0,0.0
7,671,2026-03-04,400,Shirts & Tops,0.0,1.8095238095238095,top-down,topdown_tsb,0.0,0.0,0.0,0.0
7,671,2026-03-04,401,Shirts & Tops,0.0,4.238095238095238,per-SKU,persku_rolling_mean_30,0.0,0.0,0.0,0.0
7,671,2026-03-04,401,Shirts & Tops,0.0,4.238095238095238,per-SKU,persku_rolling_mean_180,0.0,0.0,0.0,0.0
7,671,2026-03-04,401,Shirts & Tops,0.0,4.238095238095238,per-SKU,persku_tsb,5.874416681001531e-28,5.874416681001531e-28,3.450877134202905e-55,1.3860983179891253e-28
7,671,2026-03-04,401,Shirts & Tops,0.0,4.238095238095238,per-SKU,persku_ewma_a0.1,5.047514195343272e-28,5.047514195343272e-28,2.547739955219184e-55,1.190986495530435e-28
7,671,2026-03-04,401,Shirts & Tops,0.0,4.238095238095238,top-down,topdown_RM6_180,0.0,0.0,0.0,0.0
7,671,2026-03-04,401,Shirts & Tops,0.0,4.238095238095238,top-down,topdown_rolling_mean_30,0.0,0.0,0.0,0.0
7,671,2026-03-04,401,Shirts & Tops,0.0,4.238095238095238,top-down,topdown_tsb,0.0,0.0,0.0,0.0
7,671,2026-03-04,402,Shirts & Tops,231.0,125.66666666666667,per-SKU,persku_rolling_mean_30,233.00000000000009,2.0000000000000853,4.000000000000341,0.015915119363395902
7,671,2026-03-04,402,Shirts & Tops,231.0,125.66666666666667,per-SKU,persku_rolling_mean_180,502.1666666666666,271.1666666666666,73531.36111111107,2.1578249336870017
7,671,2026-03-04,402,Shirts & Tops,231.0,125.66666666666667,per-SKU,persku_tsb,303.3112710469674,72.31127104696742,5228.9199204279885,0.5754212550156559
7,671,2026-03-04,402,Shirts & Tops,231.0,125.66666666666667,per-SKU,persku_ewma_a0.1,282.15800870723064,51.158008707230636,2617.1418548890856,0.4070929074845939
7,671,2026-03-04,402,Shirts & Tops,231.0,125.66666666666667,top-down,topdown_RM6_180,460.35029627047743,229.35029627047743,52601.558399355774,1.8250686705873536
7,671,2026-03-04,402,Shirts & Tops,231.0,125.66666666666667,top-down,topdown_rolling_mean_30,261.6869989543394,30.6869989543394,941.6919048236275,0.244193625631348
7,671,2026-03-04,402,Shirts & Tops,231.0,125.66666666666667,top-down,topdown_tsb,344.12642618503327,113.12642618503327,12797.58830139778,0.9002102879445618
7,671,2026-03-04,403,Shirts & Tops,0.0,0.0,per-SKU,persku_rolling_mean_30,0.0,0.0,0.0,
7,671,2026-03-04,403,Shirts & Tops,0.0,0.0,per-SKU,persku_rolling_mean_180,0.0,0.0,0.0,
7,671,2026-03-04,403,Shirts & Tops,0.0,0.0,per-SKU,persku_tsb,0.0,0.0,0.0,
7,671,2026-03-04,403,Shirts & Tops,0.0,0.0,per-SKU,persku_ewma_a0.1,0.0,0.0,0.0,
7,671,2026-03-04,403,Shirts & Tops,0.0,0.0,top-down,topdown_RM6_180,0.0,0.0,0.0,
7,671,2026-03-04,403,Shirts & Tops,0.0,0.0,top-down,topdown_rolling_mean_30,0.0,0.0,0.0,
7,671,2026-03-04,403,Shirts & Tops,0.0,0.0,top-down,topdown_tsb,0.0,0.0,0.0,
7,671,2026-03-04,404,Shirts & Tops,39.0,67.0952380952381,per-SKU,persku_rolling_mean_30,45.0,6.0,36.0,0.08942512420156139
7,671,2026-03-04,404,Shirts & Tops,39.0,67.0952380952381,per-SKU,persku_rolling_mean_180,141.33333333333331,102.33333333333331,10472.111111111108,1.5251951738821856
7,671,2026-03-04,404,Shirts & Tops,39.0,67.0952380952381,per-SKU,persku_tsb,62.09864364599272,23.098643645992723,533.54733828456,0.34426651282175097
7,671,2026-03-04,404,Shirts & Tops,39.0,67.0952380952381,per-SKU,persku_ewma_a0.1,50.591311289849074,11.591311289849074,134.3584974181826,0.17275907529228568
7,671,2026-03-04,404,Shirts & Tops,39.0,67.0952380952381,top-down,topdown_RM6_180,102.77588009759496,63.775880097594964,4067.3628822228093,0.9505276664652194
7,671,2026-03-04,404,Shirts & Tops,39.0,67.0952380952381,top-down,topdown_rolling_mean_30,58.42314395259671,19.42314395259671,377.25852100329416,0.28948617672429444
7,671,2026-03-04,404,Shirts & Tops,39.0,67.0952380952381,top-down,topdown_tsb,76.82822538084464,37.82822538084464,1430.9746354639788,0.5637989588344481
7,671,2026-03-04,406,Shirts & Tops,0.0,2.6666666666666665,per-SKU,persku_rolling_mean_30,0.0,0.0,0.0,0.0
7,671,2026-03-04,406,Shirts & Tops,0.0,2.6666666666666665,per-SKU,persku_rolling_mean_180,0.0,0.0,0.0,0.0
7,671,2026-03-04,406,Shirts & Tops,0.0,2.6666666666666665,per-SKU,persku_tsb,3.4884257284524946e-28,3.4884257284524946e-28,1.2169114062929317e-55,1.3081596481696856e-28
7,671,2026-03-04,406,Shirts & Tops,0.0,2.6666666666666665,per-SKU,persku_ewma_a0.1,2.9259313104746632e-28,2.9259313104746632e-28,8.56107403361598e-56,1.0972242414279988e-28
7,671,2026-03-04,406,Shirts & Tops,0.0,2.6666666666666665,top-down,topdown_RM6_180,0.0,0.0,0.0,0.0
7,671,2026-03-04,406,Shirts & Tops,0.0,2.6666666666666665,top-down,topdown_rolling_mean_30,0.0,0.0,0.0,0.0
7,671,2026-03-04,406,Shirts & Tops,0.0,2.6666666666666665,top-down,topdown_tsb,0.0,0.0,0.0,0.0
7,671,2026-03-04,419,Umbrellas & Gear,0.0,52.19047619047619,per-SKU,persku_rolling_mean_30,0.0,0.0,0.0,0.0
7,671,2026-03-04,419,Umbrellas & Gear,0.0,52.19047619047619,per-SKU,persku_rolling_mean_180,103.00000000000001,103.00000000000001,10609.000000000004,1.9735401459854018
7,671,2026-03-04,419,Umbrellas & Gear,0.0,52.19047619047619,per-SKU,persku_tsb,0.0723807813981342,0.0723807813981342,0.005238977515804489,0.0013868580377379728
7,671,2026-03-04,419,Umbrellas & Gear,0.0,52.19047619047619,per-SKU,persku_ewma_a0.1,0.07625897159396695,0.07625897159396695,0.005815430748569459,0.0014611664265267391
7,671,2026-03-04,419,Umbrellas & Gear,0.0,52.19047619047619,top-down,topdown_RM6_180,59.17012448132783,59.17012448132783,3501.103631135831,1.1337341369597487
7,671,2026-03-04,419,Umbrellas & Gear,0.0,52.19047619047619,top-down,topdown_rolling_mean_30,16.70124481327801,16.70124481327801,278.93157831304563,0.32000560317412247
7,671,2026-03-04,419,Umbrellas & Gear,0.0,52.19047619047619,top-down,topdown_tsb,22.738912703972286,22.738912703972286,517.0581509588723,0.4356908456053084
7,671,2026-03-04,477,Bags,0.0,0.19047619047619047,per-SKU,persku_rolling_mean_30,0.0,0.0,0.0,0.0
7,671,2026-03-04,477,Bags,0.0,0.19047619047619047,per-SKU,persku_rolling_mean_180,0.0,0.0,0.0,0.0
7,671,2026-03-04,477,Bags,0.0,0.19047619047619047,per-SKU,persku_tsb,2.994583356907081e-28,2.994583356907081e-28,8.967529481464882e-56,1.5721562623762175e-27
7,671,2026-03-04,477,Bags,0.0,0.19047619047619047,per-SKU,persku_ewma_a0.1,1.2114772178442602e-27,1.2114772178442602e-27,1.4676770493556692e-54,6.360255393682366e-27
7,671,2026-03-04,477,Bags,0.0,0.19047619047619047,top-down,topdown_RM6_180,0.0,0.0,0.0,0.0
7,671,2026-03-04,477,Bags,0.0,0.19047619047619047,top-down,topdown_rolling_mean_30,0.0,0.0,0.0,0.0
7,671,2026-03-04,477,Bags,0.0,0.19047619047619047,top-down,topdown_tsb,0.0,0.0,0.0,0.0
8,701,2026-04-03,29,Keychains & Charms,10.0,65.27272727272727,per-SKU,persku_rolling_mean_30,0.0,10.0,100.0,0.15320334261838442
8,701,2026-04-03,29,Keychains & Charms,10.0,65.27272727272727,per-SKU,persku_rolling_mean_180,160.83333333333334,150.83333333333334,22750.69444444445,2.3108170844939653
8,701,2026-04-03,29,Keychains & Charms,10.0,65.27272727272727,per-SKU,persku_tsb,4.193737752969391,5.806262247030609,33.71268128129293,0.0889538784364021
8,701,2026-04-03,29,Keychains & Charms,10.0,65.27272727272727,per-SKU,persku_ewma_a0.1,1.619685711488357,8.380314288511643,70.22966757423241,0.12838921611925916
8,701,2026-04-03,29,Keychains & Charms,10.0,65.27272727272727,top-down,topdown_RM6_180,146.3244444444444,136.3244444444444,18584.354153086406,2.0885360569483127
8,701,2026-04-03,29,Keychains & Charms,10.0,65.27272727272727,top-down,topdown_rolling_mean_30,49.49435897435897,39.49435897435897,1559.8043907955287,0.6050667809442182
8,701,2026-04-03,29,Keychains & Charms,10.0,65.27272727272727,top-down,topdown_tsb,52.94244550989095,42.94244550989095,1844.0536263699535,0.6578926192323127
8,701,2026-04-03,39,Plush & Souvenirs,47.0,2.772727272727273,per-SKU,persku_rolling_mean_30,28.99999999999999,18.00000000000001,324.0000000000004,6.491803278688528
8,701,2026-04-03,39,Plush & Souvenirs,47.0,2.772727272727273,per-SKU,persku_rolling_mean_180,17.0,30.0,900.0,10.81967213114754
8,701,2026-04-03,39,Plush & Souvenirs,47.0,2.772727272727273,per-SKU,persku_tsb,29.380230897462237,17.619769102537763,310.4562632267444,6.354670823866078
8,701,2026-04-03,39,Plush & Souvenirs,47.0,2.772727272727273,per-SKU,persku_ewma_a0.1,25.58017565374766,21.41982434625234,458.80887502430454,7.725182551107401
8,701,2026-04-03,39,Plush & Souvenirs,47.0,2.772727272727273,top-down,topdown_RM6_180,27.571875000000013,19.428124999999987,377.4520410156245,7.0068647540983555
8,701,2026-04-03,39,Plush & Souvenirs,47.0,2.772727272727273,top-down,topdown_rolling_mean_30,24.86249999999999,22.13750000000001,490.06890625000045,7.984016393442626
8,701,2026-04-03,39,Plush & Souvenirs,47.0,2.772727272727273,top-down,topdown_tsb,24.8802699864373,22.1197300135627,489.2824558729066,7.977607545875072
8,701,2026-04-03,48,Umbrellas & Gear,23.0,7.090909090909091,per-SKU,persku_rolling_mean_30,26.000000000000004,3.0000000000000036,9.000000000000021,0.4230769230769236
8,701,2026-04-03,48,Umbrellas & Gear,23.0,7.090909090909091,per-SKU,persku_rolling_mean_180,25.333333333333336,2.3333333333333357,5.444444444444455,0.3290598290598294
8,701,2026-04-03,48,Umbrellas & Gear,23.0,7.090909090909091,per-SKU,persku_tsb,18.18902416293822,4.810975837061779,23.145488504792286,0.6784709513805073
8,701,2026-04-03,48,Umbrellas & Gear,23.0,7.090909090909091,per-SKU,persku_ewma_a0.1,15.753644693070893,7.246355306929107,52.509665234259636,1.0219219022592332
8,701,2026-04-03,48,Umbrellas & Gear,23.0,7.090909090909091,top-down,topdown_RM6_180,78.66666666666666,55.66666666666666,3098.777777777777,7.850427350427349
8,701,2026-04-03,48,Umbrellas & Gear,23.0,7.090909090909091,top-down,topdown_rolling_mean_30,26.000000000000004,3.0000000000000036,9.000000000000021,0.4230769230769236
8,701,2026-04-03,48,Umbrellas & Gear,23.0,7.090909090909091,top-down,topdown_tsb,18.73944361886046,4.260556381139541,18.152340676868857,0.600847694776089
8,701,2026-04-03,54,Stationery,0.0,44.18181818181818,per-SKU,persku_rolling_mean_30,0.0,0.0,0.0,0.0
8,701,2026-04-03,54,Stationery,0.0,44.18181818181818,per-SKU,persku_rolling_mean_180,156.99999999999991,156.99999999999991,24648.999999999975,3.5534979423868296
8,701,2026-04-03,54,Stationery,0.0,44.18181818181818,per-SKU,persku_tsb,0.012148316204057558,0.012148316204057558,0.00014758158659376744,0.0002749618893922493
8,701,2026-04-03,54,Stationery,0.0,44.18181818181818,per-SKU,persku_ewma_a0.1,0.014376819498586914,0.014376819498586914,0.00020669293889494887,0.00032540126437130876
8,701,2026-04-03,54,Stationery,0.0,44.18181818181818,top-down,topdown_RM6_180,0.0,0.0,0.0,0.0
8,701,2026-04-03,54,Stationery,0.0,44.18181818181818,top-down,topdown_rolling_mean_30,0.0,0.0,0.0,0.0
8,701,2026-04-03,54,Stationery,0.0,44.18181818181818,top-down,topdown_tsb,0.0,0.0,0.0,0.0
8,701,2026-04-03,55,Stationery,87.0,43.54545454545455,per-SKU,persku_rolling_mean_30,72.00000000000001,14.999999999999986,224.99999999999957,0.34446764091858006
8,701,2026-04-03,55,Stationery,87.0,43.54545454545455,per-SKU,persku_rolling_mean_180,112.5,25.5,650.25,0.5855949895615866
8,701,2026-04-03,55,Stationery,87.0,43.54545454545455,per-SKU,persku_tsb,72.47655044002735,14.523449559972647,210.9305871210697,0.33352389386158476
8,701,2026-04-03,55,Stationery,87.0,43.54545454545455,per-SKU,persku_ewma_a0.1,53.99096533635358,33.00903466364642,1089.5963694258107,0.7580362866390618
8,701,2026-04-03,55,Stationery,87.0,43.54545454545455,top-down,topdown_RM6_180,256.30492091388413,169.30492091388413,28664.15624565656,3.8880044468741657
8,701,2026-04-03,55,Stationery,87.0,43.54545454545455,top-down,topdown_rolling_mean_30,163.7082601054482,76.7082601054482,5884.157168405097,1.7615675598328397
8,701,2026-04-03,55,Stationery,87.0,43.54545454545455,top-down,topdown_tsb,161.88609908053607,74.88609908053607,5607.927835499865,1.719722525857822
8,701,2026-04-03,74,Bags,141.0,23.727272727272727,per-SKU,persku_rolling_mean_30,68.0,73.0,5329.0,3.0766283524904217
8,701,2026-04-03,74,Bags,141.0,23.727272727272727,per-SKU,persku_rolling_mean_180,115.99999999999996,25.000000000000043,625.0000000000022,1.0536398467432968
8,701,2026-04-03,74,Bags,141.0,23.727272727272727,per-SKU,persku_tsb,83.33936855874484,57.66063144125516,3324.7484182042635,2.430141554995428
8,701,2026-04-03,74,Bags,141.0,23.727272727272727,per-SKU,persku_ewma_a0.1,58.06481730761213,82.93518269238787,6878.244528219752,3.495352527265389
8,701,2026-04-03,74,Bags,141.0,23.727272727272727,top-down,topdown_RM6_180,117.22021276595743,23.779787234042573,565.4782808963341,1.0022132550745912
8,701,2026-04-03,74,Bags,141.0,23.727272727272727,top-down,topdown_rolling_mean_30,78.93617021276593,62.06382978723407,3851.918967858763,2.6157169642129303
8,701,2026-04-03,74,Bags,141.0,23.727272727272727,top-down,topdown_tsb,57.49644464550338,83.50355535449663,6972.843756841482,3.5193069306492832
8,701,2026-04-03,112,Keychains & Charms,40.0,27.272727272727273,per-SKU,persku_rolling_mean_30,70.0,30.0,900.0,1.0999999999999999
8,701,2026-04-03,112,Keychains & Charms,40.0,27.272727272727273,per-SKU,persku_rolling_mean_180,44.333333333333314,4.333333333333314,18.777777777777615,0.1588888888888882
8,701,2026-04-03,112,Keychains & Charms,40.0,27.272727272727273,per-SKU,persku_tsb,47.64321778733262,7.643217787332617,58.4187781445977,0.2802513188688626
8,701,2026-04-03,112,Keychains & Charms,40.0,27.272727272727273,per-SKU,persku_ewma_a0.1,82.6475389103959,42.647538910395895,1818.8125751137318,1.5637430933811827
8,701,2026-04-03,112,Keychains & Charms,40.0,27.272727272727273,top-down,topdown_RM6_180,46.07111111111109,6.071111111111087,36.858390123456495,0.2226074074074065
8,701,2026-04-03,112,Keychains & Charms,40.0,27.272727272727273,top-down,topdown_rolling_mean_30,15.58358974358974,24.41641025641026,596.1610898093361,0.8952683760683762
8,701,2026-04-03,112,Keychains & Charms,40.0,27.272727272727273,top-down,topdown_tsb,16.669240049677416,23.330759950322584,544.3243598595762,0.8554611981784948
8,701,2026-04-03,148,Lanyards & IDs,0.0,13.0,per-SKU,persku_rolling_mean_30,0.0,0.0,0.0,0.0
8,701,2026-04-03,148,Lanyards & IDs,0.0,13.0,per-SKU,persku_rolling_mean_180,23.833333333333332,23.833333333333332,568.0277777777777,1.8333333333333333
8,701,2026-04-03,148,Lanyards & IDs,0.0,13.0,per-SKU,persku_tsb,1.3449377518395569e-05,1.3449377518395569e-05,1.8088575563232415e-10,1.0345675014150438e-06
8,701,2026-04-03,148,Lanyards & IDs,0.0,13.0,per-SKU,persku_ewma_a0.1,1.4075762082737068e-05,1.4075762082737068e-05,1.9812707820981857e-10,1.0827509294413129e-06
8,701,2026-04-03,148,Lanyards & IDs,0.0,13.0,top-down,topdown_RM6_180,0.0,0.0,0.0,0.0
8,701,2026-04-03,148,Lanyards & IDs,0.0,13.0,top-down,topdown_rolling_mean_30,0.0,0.0,0.0,0.0
8,701,2026-04-03,148,Lanyards & IDs,0.0,13.0,top-down,topdown_tsb,0.0,0.0,0.0,0.0
8,701,2026-04-03,156,Bags,0.0,14.818181818181818,per-SKU,persku_rolling_mean_30,0.0,0.0,0.0,0.0
8,701,2026-04-03,156,Bags,0.0,14.818181818181818,per-SKU,persku_rolling_mean_180,10.499999999999996,10.499999999999996,110.24999999999993,0.7085889570552145
8,701,2026-04-03,156,Bags,0.0,14.818181818181818,per-SKU,persku_tsb,1.0288401866622303e-05,1.0288401866622303e-05,1.0585121296911729e-10,6.94309328422364e-07
8,701,2026-04-03,156,Bags,0.0,14.818181818181818,per-SKU,persku_ewma_a0.1,8.380495683043101e-06,8.380495683043101e-06,7.023270789350406e-11,5.655549233955467e-07
8,701,2026-04-03,156,Bags,0.0,14.818181818181818,top-down,topdown_RM6_180,0.0,0.0,0.0,0.0
8,701,2026-04-03,156,Bags,0.0,14.818181818181818,top-down,topdown_rolling_mean_30,0.0,0.0,0.0,0.0
8,701,2026-04-03,156,Bags,0.0,14.818181818181818,top-down,topdown_tsb,0.0,0.0,0.0,0.0
8,701,2026-04-03,174,Uncategorised,28.0,10.909090909090908,per-SKU,persku_rolling_mean_30,30.0,2.0,4.0,0.18333333333333335
8,701,2026-04-03,174,Uncategorised,28.0,10.909090909090908,per-SKU,persku_rolling_mean_180,52.33333333333335,24.33333333333335,592.1111111111119,2.2305555555555574
8,701,2026-04-03,174,Uncategorised,28.0,10.909090909090908,per-SKU,persku_tsb,29.581504230624176,1.5815042306241764,2.501155631482168,0.14497122114054953
8,701,2026-04-03,174,Uncategorised,28.0,10.909090909090908,per-SKU,persku_ewma_a0.1,33.95216401924473,5.9521640192447265,35.428256511991535,0.5456150350974333
8,701,2026-04-03,174,Uncategorised,28.0,10.909090909090908,top-down,topdown_RM6_180,52.33333333333335,24.33333333333335,592.1111111111119,2.2305555555555574
8,701,2026-04-03,174,Uncategorised,28.0,10.909090909090908,top-down,topdown_rolling_mean_30,30.0,2.0,4.0,0.18333333333333335
8,701,2026-04-03,174,Uncategorised,28.0,10.909090909090908,top-down,topdown_tsb,29.581504230624176,1.5815042306241764,2.501155631482168,0.14497122114054953
8,701,2026-04-03,187,Outerwear,36.0,9.590909090909092,per-SKU,persku_rolling_mean_30,26.999999999999993,9.000000000000007,81.00000000000013,0.9383886255924178
8,701,2026-04-03,187,Outerwear,36.0,9.590909090909092,per-SKU,persku_rolling_mean_180,67.83333333333333,31.83333333333333,1013.3611111111109,3.3191153238546596
8,701,2026-04-03,187,Outerwear,36.0,9.590909090909092,per-SKU,persku_tsb,32.00919509009212,3.9908049099078795,15.926523828944838,0.4161028816017694
8,701,2026-04-03,187,Outerwear,36.0,9.590909090909092,per-SKU,persku_ewma_a0.1,27.406851847395945,8.593148152604055,73.84219517260249,0.8959680538260152
8,701,2026-04-03,187,Outerwear,36.0,9.590909090909092,top-down,topdown_RM6_180,67.83333333333333,31.83333333333333,1013.3611111111109,3.3191153238546596
8,701,2026-04-03,187,Outerwear,36.0,9.590909090909092,top-down,topdown_rolling_mean_30,26.999999999999993,9.000000000000007,81.00000000000013,0.9383886255924178
8,701,2026-04-03,187,Outerwear,36.0,9.590909090909092,top-down,topdown_tsb,32.00919509009212,3.9908049099078795,15.926523828944838,0.4161028816017694
8,701,2026-04-03,190,Lanyards & IDs,0.0,20.636363636363637,per-SKU,persku_rolling_mean_30,0.0,0.0,0.0,0.0
8,701,2026-04-03,190,Lanyards & IDs,0.0,20.636363636363637,per-SKU,persku_rolling_mean_180,0.0,0.0,0.0,0.0
8,701,2026-04-03,190,Lanyards & IDs,0.0,20.636363636363637,per-SKU,persku_tsb,3.124525272113179e-07,3.124525272113179e-07,9.762658176073936e-14,1.514087136266298e-08
8,701,2026-04-03,190,Lanyards & IDs,0.0,20.636363636363637,per-SKU,persku_ewma_a0.1,2.569878815882172e-07,2.569878815882172e-07,6.604277128319953e-14,1.2453157257578806e-08
8,701,2026-04-03,190,Lanyards & IDs,0.0,20.636363636363637,top-down,topdown_RM6_180,0.0,0.0,0.0,0.0
8,701,2026-04-03,190,Lanyards & IDs,0.0,20.636363636363637,top-down,topdown_rolling_mean_30,0.0,0.0,0.0,0.0
8,701,2026-04-03,190,Lanyards & IDs,0.0,20.636363636363637,top-down,topdown_tsb,0.0,0.0,0.0,0.0
8,701,2026-04-03,192,Lanyards & IDs,32.0,6.636363636363637,per-SKU,persku_rolling_mean_30,20.000000000000007,11.999999999999993,143.99999999999983,1.8082191780821906
8,701,2026-04-03,192,Lanyards & IDs,32.0,6.636363636363637,per-SKU,persku_rolling_mean_180,55.66666666666666,23.666666666666657,560.1111111111106,3.566210045662099
8,701,2026-04-03,192,Lanyards & IDs,32.0,6.636363636363637,per-SKU,persku_tsb,21.744324779589313,10.255675220410687,105.1788742265458,1.5453757181440761
8,701,2026-04-03,192,Lanyards & IDs,32.0,6.636363636363637,per-SKU,persku_ewma_a0.1,15.83477981175793,16.16522018824207,261.314343734349,2.435855096858394
8,701,2026-04-03,192,Lanyards & IDs,32.0,6.636363636363637,top-down,topdown_RM6_180,50.582751744765716,18.582751744765716,345.31866240759325,2.8001406738688064
8,701,2026-04-03,192,Lanyards & IDs,32.0,6.636363636363637,top-down,topdown_rolling_mean_30,21.986041874376873,10.013958125623127,100.27935734173344,1.508952594271978
8,701,2026-04-03,192,Lanyards & IDs,32.0,6.636363636363637,top-down,topdown_tsb,19.523869157104876,12.476130842895124,155.653840809039,1.879964921532142
8,701,2026-04-03,209,Keychains & Charms,0.0,17.318181818181817,per-SKU,persku_rolling_mean_30,0.0,0.0,0.0,0.0
8,701,2026-04-03,209,Keychains & Charms,0.0,17.318181818181817,per-SKU,persku_rolling_mean_180,0.0,0.0,0.0,0.0
8,701,2026-04-03,209,Keychains & Charms,0.0,17.318181818181817,per-SKU,persku_tsb,4.413917355355744e-18,4.413917355355744e-18,1.9482666419910644e-35,2.548718682882582e-19
8,701,2026-04-03,209,Keychains & Charms,0.0,17.318181818181817,per-SKU,persku_ewma_a0.1,2.018257766698724e-18,2.018257766698724e-18,4.073364412839721e-36,1.1653981854953263e-19
8,701,2026-04-03,209,Keychains & Charms,0.0,17.318181818181817,top-down,topdown_RM6_180,0.0,0.0,0.0,0.0
8,701,2026-04-03,209,Keychains & Charms,0.0,17.318181818181817,top-down,topdown_rolling_mean_30,0.0,0.0,0.0,0.0
8,701,2026-04-03,209,Keychains & Charms,0.0,17.318181818181817,top-down,topdown_tsb,0.0,0.0,0.0,0.0
8,701,2026-04-03,212,Stationery,53.0,18.09090909090909,per-SKU,persku_rolling_mean_30,0.0,53.0,2809.0,2.9296482412060305
8,701,2026-04-03,212,Stationery,53.0,18.09090909090909,per-SKU,persku_rolling_mean_180,28.16666666666667,24.83333333333333,616.6944444444442,1.3726968174204353
8,701,2026-04-03,212,Stationery,53.0,18.09090909090909,per-SKU,persku_tsb,0.30429774260778925,52.69570225739221,2776.837036399731,2.912827762971429
8,701,2026-04-03,212,Stationery,53.0,18.09090909090909,per-SKU,persku_ewma_a0.1,0.048092594411596835,52.9519074055884,2803.904497890008,2.9269898565903136
8,701,2026-04-03,212,Stationery,53.0,18.09090909090909,top-down,topdown_RM6_180,1.51884397578598,51.48115602421402,2650.309425589468,2.845692041539469
8,701,2026-04-03,212,Stationery,53.0,18.09090909090909,top-down,topdown_rolling_mean_30,0.9701230228471004,52.0298769771529,2707.1080982576655,2.876023350495889
8,701,2026-04-03,212,Stationery,53.0,18.09090909090909,top-down,topdown_tsb,0.9593250315883619,52.040674968411636,2708.2318511678654,2.876620224384563
8,701,2026-04-03,213,Stationery,0.0,4.636363636363637,per-SKU,persku_rolling_mean_30,0.0,0.0,0.0,0.0
8,701,2026-04-03,213,Stationery,0.0,4.636363636363637,per-SKU,persku_rolling_mean_180,0.0,0.0,0.0,0.0
8,701,2026-04-03,213,Stationery,0.0,4.636363636363637,per-SKU,persku_tsb,6.931291650623221e-13,6.931291650623221e-13,4.804280394599918e-25,1.4949844736638318e-13
8,701,2026-04-03,213,Stationery,0.0,4.636363636363637,per-SKU,persku_ewma_a0.1,6.311568198268325e-13,6.311568198268325e-13,3.9835893121392075e-25,1.3613186309990505e-13
8,701,2026-04-03,213,Stationery,0.0,4.636363636363637,top-down,topdown_RM6_180,0.0,0.0,0.0,0.0
8,701,2026-04-03,213,Stationery,0.0,4.636363636363637,top-down,topdown_rolling_mean_30,0.0,0.0,0.0,0.0
8,701,2026-04-03,213,Stationery,0.0,4.636363636363637,top-down,topdown_tsb,0.0,0.0,0.0,0.0
8,701,2026-04-03,215,Lanyards & IDs,114.0,152.0,per-SKU,persku_rolling_mean_30,170.99999999999994,56.99999999999994,3248.9999999999936,0.3749999999999996
8,701,2026-04-03,215,Lanyards & IDs,114.0,152.0,per-SKU,persku_rolling_mean_180,432.33333333333326,318.33333333333326,101336.11111111107,2.0942982456140347
8,701,2026-04-03,215,Lanyards & IDs,114.0,152.0,per-SKU,persku_tsb,162.0100312460334,48.01003124603341,2304.963100245104,0.31585546872390396
8,701,2026-04-03,215,Lanyards & IDs,114.0,152.0,per-SKU,persku_ewma_a0.1,134.95466550523116,20.954665505231162,439.09800643612476,0.13785964148178395
8,701,2026-04-03,215,Lanyards & IDs,114.0,152.0,top-down,topdown_RM6_180,419.59920239282167,305.59920239282167,93390.87250312878,2.010521068373827
8,701,2026-04-03,215,Lanyards & IDs,114.0,152.0,top-down,topdown_rolling_mean_30,182.38085742771688,68.38085742771688,4675.941662549742,0.4498740620244531
8,701,2026-04-03,215,Lanyards & IDs,114.0,152.0,top-down,topdown_tsb,161.95639112873576,47.95639112873576,2299.815450092286,0.31550257321536684
8,701,2026-04-03,216,Lanyards & IDs,0.0,20.681818181818183,per-SKU,persku_rolling_mean_30,0.0,0.0,0.0,0.0
8,701,2026-04-03,216,Lanyards & IDs,0.0,20.681818181818183,per-SKU,persku_rolling_mean_180,0.0,0.0,0.0,0.0
8,701,2026-04-03,216,Lanyards & IDs,0.0,20.681818181818183,per-SKU,persku_tsb,3.9163438490045813e-13,3.9163438490045813e-13,1.533774914363602e-25,1.893616806112105e-14
8,701,2026-04-03,216,Lanyards & IDs,0.0,20.681818181818183,per-SKU,persku_ewma_a0.1,3.768446494969631e-13,3.768446494969631e-13,1.4201188985448898e-25,1.8221059975677334e-14
8,701,2026-04-03,216,Lanyards & IDs,0.0,20.681818181818183,top-down,topdown_RM6_180,0.0,0.0,0.0,0.0
8,701,2026-04-03,216,Lanyards & IDs,0.0,20.681818181818183,top-down,topdown_rolling_mean_30,0.0,0.0,0.0,0.0
8,701,2026-04-03,216,Lanyards & IDs,0.0,20.681818181818183,top-down,topdown_tsb,0.0,0.0,0.0,0.0
8,701,2026-04-03,221,Stationery,0.0,16.181818181818183,per-SKU,persku_rolling_mean_30,0.0,0.0,0.0,0.0
8,701,2026-04-03,221,Stationery,0.0,16.181818181818183,per-SKU,persku_rolling_mean_180,9.000000000000002,9.000000000000002,81.00000000000003,0.5561797752808989
8,701,2026-04-03,221,Stationery,0.0,16.181818181818183,per-SKU,persku_tsb,0.0002433044905183595,0.0002433044905183595,5.919707510639849e-08,1.5035670762370529e-05
8,701,2026-04-03,221,Stationery,0.0,16.181818181818183,per-SKU,persku_ewma_a0.1,0.00011362302270193021,0.00011362302270193021,1.291019128792335e-08,7.0216474703440015e-06
8,701,2026-04-03,221,Stationery,0.0,16.181818181818183,top-down,topdown_RM6_180,0.0,0.0,0.0,0.0
8,701,2026-04-03,221,Stationery,0.0,16.181818181818183,top-down,topdown_rolling_mean_30,0.0,0.0,0.0,0.0
8,701,2026-04-03,221,Stationery,0.0,16.181818181818183,top-down,topdown_tsb,0.0,0.0,0.0,0.0
8,701,2026-04-03,227,Stationery,22.0,18.954545454545453,per-SKU,persku_rolling_mean_30,26.999999999999993,4.999999999999993,24.99999999999993,0.2637889688249397
8,701,2026-04-03,227,Stationery,22.0,18.954545454545453,per-SKU,persku_rolling_mean_180,37.00000000000001,15.000000000000007,225.00000000000023,0.7913669064748206
8,701,2026-04-03,227,Stationery,22.0,18.954545454545453,per-SKU,persku_tsb,22.198705736707357,0.1987057367073568,0.0394839698004134,0.010483276277126738
8,701,2026-04-03,227,Stationery,22.0,18.954545454545453,per-SKU,persku_ewma_a0.1,26.25817552901882,4.258175529018821,18.132058835934718,0.2246519463750937
8,701,2026-04-03,227,Stationery,22.0,18.954545454545453,top-down,topdown_RM6_180,48.60300722515136,26.60300722515136,707.7199934214553,1.4035159687130214
8,701,2026-04-03,227,Stationery,22.0,18.954545454545453,top-down,topdown_rolling_mean_30,31.043936731107213,9.043936731107213,81.7927915962702,0.47713814888335415
8,701,2026-04-03,227,Stationery,22.0,18.954545454545453,top-down,topdown_tsb,30.69840101082758,8.698401010827581,75.66218014516629,0.4589084466144048
8,701,2026-04-03,228,Stationery,21.0,35.59090909090909,per-SKU,persku_rolling_mean_30,47.00000000000002,26.00000000000002,676.0000000000011,0.7305236270753518
8,701,2026-04-03,228,Stationery,21.0,35.59090909090909,per-SKU,persku_rolling_mean_180,67.16666666666667,46.16666666666667,2131.3611111111118,1.2971477224350787
8,701,2026-04-03,228,Stationery,21.0,35.59090909090909,per-SKU,persku_tsb,40.60874127881497,19.608741278814968,384.50273453950206,0.5509480308223873
8,701,2026-04-03,228,Stationery,21.0,35.59090909090909,per-SKU,persku_ewma_a0.1,42.49008794854996,21.490087948549963,461.82388003641233,0.6038083459362696
8,701,2026-04-03,228,Stationery,21.0,35.59090909090909,top-down,topdown_RM6_180,79.73930872876394,58.739308728763945,3450.306389933044,1.6504020332475182
8,701,2026-04-03,228,Stationery,21.0,35.59090909090909,top-down,topdown_rolling_mean_30,50.93145869947277,29.93145869947277,895.8922198782442,0.84098606818442
8,701,2026-04-03,228,Stationery,21.0,35.59090909090909,top-down,topdown_tsb,50.364564158389,29.364564158389,862.2776282121439,0.8250579967874304
8,701,2026-04-03,229,Stationery,47.0,54.18181818181818,per-SKU,persku_rolling_mean_30,45.99999999999999,1.000000000000007,1.0000000000000142,0.018456375838926307
8,701,2026-04-03,229,Stationery,47.0,54.18181818181818,per-SKU,persku_rolling_mean_180,71.16666666666666,24.166666666666657,584.0277777777774,0.44602908277404907
8,701,2026-04-03,229,Stationery,47.0,54.18181818181818,per-SKU,persku_tsb,41.46647938637741,5.533520613622592,30.619850381386147,0.10212873615746396
8,701,2026-04-03,229,Stationery,47.0,54.18181818181818,per-SKU,persku_ewma_a0.1,38.77193788022481,8.228062119775188,67.70100624687937,0.15186020690860247
8,701,2026-04-03,229,Stationery,47.0,54.18181818181818,top-down,topdown_RM6_180,75.56248779535251,28.56248779535251,815.8157090596611,0.5271600096457678
8,701,2026-04-03,229,Stationery,47.0,54.18181818181818,top-down,topdown_rolling_mean_30,48.26362038664325,1.2636203866432467,1.5967364815404284,0.02332185277361697
8,701,2026-04-03,229,Stationery,47.0,54.18181818181818,top-down,topdown_tsb,47.726420321521005,0.7264203215210046,0.5276864835186796,0.013407086471025252
8,701,2026-04-03,242,Plush & Souvenirs,0.0,85.0,per-SKU,persku_rolling_mean_30,0.0,0.0,0.0,0.0
8,701,2026-04-03,242,Plush & Souvenirs,0.0,85.0,per-SKU,persku_rolling_mean_180,0.0,0.0,0.0,0.0
8,701,2026-04-03,242,Plush & Souvenirs,0.0,85.0,per-SKU,persku_tsb,6.607841569045306e-19,6.607841569045306e-19,4.366357020160314e-37,7.77393125770036e-21
8,701,2026-04-03,242,Plush & Souvenirs,0.0,85.0,per-SKU,persku_ewma_a0.1,8.837410407290168e-19,8.837410407290168e-19,7.809982270688057e-37,1.0396953420341374e-20
8,701,2026-04-03,242,Plush & Souvenirs,0.0,85.0,top-down,topdown_RM6_180,0.0,0.0,0.0,0.0
8,701,2026-04-03,242,Plush & Souvenirs,0.0,85.0,top-down,topdown_rolling_mean_30,0.0,0.0,0.0,0.0
8,701,2026-04-03,242,Plush & Souvenirs,0.0,85.0,top-down,topdown_tsb,0.0,0.0,0.0,0.0
8,701,2026-04-03,250,Plush & Souvenirs,0.0,4.909090909090909,per-SKU,persku_rolling_mean_30,0.0,0.0,0.0,0.0
8,701,2026-04-03,250,Plush & Souvenirs,0.0,4.909090909090909,per-SKU,persku_rolling_mean_180,0.0,0.0,0.0,0.0
8,701,2026-04-03,250,Plush & Souvenirs,0.0,4.909090909090909,per-SKU,persku_tsb,1.864411504857574e-18,1.864411504857574e-18,3.4760302594452834e-36,3.797875287672836e-19
8,701,2026-04-03,250,Plush & Souvenirs,0.0,4.909090909090909,per-SKU,persku_ewma_a0.1,1.7965389951198802e-18,1.7965389951198802e-18,3.227552360986349e-36,3.6596164715404964e-19
8,701,2026-04-03,250,Plush & Souvenirs,0.0,4.909090909090909,top-down,topdown_RM6_180,0.0,0.0,0.0,0.0
8,701,2026-04-03,250,Plush & Souvenirs,0.0,4.909090909090909,top-down,topdown_rolling_mean_30,0.0,0.0,0.0,0.0
8,701,2026-04-03,250,Plush & Souvenirs,0.0,4.909090909090909,top-down,topdown_tsb,0.0,0.0,0.0,0.0
8,701,2026-04-03,251,Plush & Souvenirs,0.0,25.09090909090909,per-SKU,persku_rolling_mean_30,0.0,0.0,0.0,0.0
8,701,2026-04-03,251,Plush & Souvenirs,0.0,25.09090909090909,per-SKU,persku_rolling_mean_180,10.000000000000004,10.000000000000004,100.00000000000007,0.3985507246376813
8,701,2026-04-03,251,Plush & Souvenirs,0.0,25.09090909090909,per-SKU,persku_tsb,5.466424164814931e-06,5.466424164814931e-06,2.988179314967262e-11,2.1786473120639218e-07
8,701,2026-04-03,251,Plush & Souvenirs,0.0,25.09090909090909,per-SKU,persku_ewma_a0.1,5.306919625517755e-06,5.306919625517755e-06,2.816339591170551e-11,2.115076662344033e-07
8,701,2026-04-03,251,Plush & Souvenirs,0.0,25.09090909090909,top-down,topdown_RM6_180,0.0,0.0,0.0,0.0
8,701,2026-04-03,251,Plush & Souvenirs,0.0,25.09090909090909,top-down,topdown_rolling_mean_30,0.0,0.0,0.0,0.0
8,701,2026-04-03,251,Plush & Souvenirs,0.0,25.09090909090909,top-down,topdown_tsb,0.0,0.0,0.0,0.0
8,701,2026-04-03,252,Plush & Souvenirs,0.0,8.454545454545455,per-SKU,persku_rolling_mean_30,0.0,0.0,0.0,0.0
8,701,2026-04-03,252,Plush & Souvenirs,0.0,8.454545454545455,per-SKU,persku_rolling_mean_180,0.0,0.0,0.0,0.0
8,701,2026-04-03,252,Plush & Souvenirs,0.0,8.454545454545455,per-SKU,persku_tsb,1.4465569519717947e-18,1.4465569519717947e-18,2.092527015297929e-36,1.7109813410419077e-19
8,701,2026-04-03,252,Plush & Souvenirs,0.0,8.454545454545455,per-SKU,persku_ewma_a0.1,1.3003063247773978e-18,1.3003063247773978e-18,1.6907965382561034e-36,1.5379967282313307e-19
8,701,2026-04-03,252,Plush & Souvenirs,0.0,8.454545454545455,top-down,topdown_RM6_180,0.0,0.0,0.0,0.0
8,701,2026-04-03,252,Plush & Souvenirs,0.0,8.454545454545455,top-down,topdown_rolling_mean_30,0.0,0.0,0.0,0.0
8,701,2026-04-03,252,Plush & Souvenirs,0.0,8.454545454545455,top-down,topdown_tsb,0.0,0.0,0.0,0.0
8,701,2026-04-03,261,Stationery,1.0,56.95454545454545,per-SKU,persku_rolling_mean_30,133.00000000000003,132.00000000000003,17424.000000000007,2.3176376695929775
8,701,2026-04-03,261,Stationery,1.0,56.95454545454545,per-SKU,persku_rolling_mean_180,83.66666666666669,82.66666666666669,6833.777777777781,1.4514498536844909
8,701,2026-04-03,261,Stationery,1.0,56.95454545454545,per-SKU,persku_tsb,112.25686828215942,111.25686828215942,12378.09073995377,1.9534326434217935
8,701,2026-04-03,261,Stationery,1.0,56.95454545454545,per-SKU,persku_ewma_a0.1,219.26555420203965,218.26555420203965,47639.85215112351,3.832276290857839
8,701,2026-04-03,261,Stationery,1.0,56.95454545454545,top-down,topdown_RM6_180,92.26977152899829,91.26977152899829,8330.171194955547,1.6025019741723563
8,701,2026-04-03,261,Stationery,1.0,56.95454545454545,top-down,topdown_rolling_mean_30,58.93497363796135,57.93497363796135,3356.4611704312765,1.0172142218955704
8,701,2026-04-03,261,Stationery,1.0,56.95454545454545,top-down,topdown_tsb,58.278995668992984,57.278995668992984,3280.883344848517,1.0056966518099326
8,701,2026-04-03,267,Shirts & Tops,0.0,9.454545454545455,per-SKU,persku_rolling_mean_30,0.0,0.0,0.0,0.0
8,701,2026-04-03,267,Shirts & Tops,0.0,9.454545454545455,per-SKU,persku_rolling_mean_180,38.49999999999999,38.49999999999999,1482.2499999999995,4.072115384615383
8,701,2026-04-03,267,Shirts & Tops,0.0,9.454545454545455,per-SKU,persku_tsb,1.698223824031686,1.698223824031686,2.883964156508803,0.17961982754181294
8,701,2026-04-03,267,Shirts & Tops,0.0,9.454545454545455,per-SKU,persku_ewma_a0.1,1.2908641707509017,1.2908641707509017,1.666330307328413,0.1365337103678838
8,701,2026-04-03,267,Shirts & Tops,0.0,9.454545454545455,top-down,topdown_RM6_180,41.555292937974514,41.555292937974514,1726.8423711608746,4.395271368439611
8,701,2026-04-03,267,Shirts & Tops,0.0,9.454545454545455,top-down,topdown_rolling_mean_30,24.491190373871934,24.491190373871934,599.8184059292373,2.5904143664672237
8,701,2026-04-03,267,Shirts & Tops,0.0,9.454545454545455,top-down,topdown_tsb,22.721955666920884,22.721955666920884,516.287269329518,2.403283772462786
8,701,2026-04-03,276,Stationery,0.0,28.545454545454547,per-SKU,persku_rolling_mean_30,0.0,0.0,0.0,0.0
8,701,2026-04-03,276,Stationery,0.0,28.545454545454547,per-SKU,persku_rolling_mean_180,0.0,0.0,0.0,0.0
8,701,2026-04-03,276,Stationery,0.0,28.545454545454547,per-SKU,persku_tsb,4.766120832634065e-14,4.766120832634065e-14,2.271590779126843e-27,1.6696601642985577e-15
8,701,2026-04-03,276,Stationery,0.0,28.545454545454547,per-SKU,persku_ewma_a0.1,2.0985856612625004e-14,2.0985856612625004e-14,4.404061777656567e-28,7.351733208244428e-16
8,701,2026-04-03,276,Stationery,0.0,28.545454545454547,top-down,topdown_RM6_180,0.0,0.0,0.0,0.0
8,701,2026-04-03,276,Stationery,0.0,28.545454545454547,top-down,topdown_rolling_mean_30,0.0,0.0,0.0,0.0
8,701,2026-04-03,276,Stationery,0.0,28.545454545454547,top-down,topdown_tsb,0.0,0.0,0.0,0.0
8,701,2026-04-03,277,Stationery,8.0,49.13636363636363,per-SKU,persku_rolling_mean_30,89.00000000000001,81.00000000000001,6561.000000000003,1.6484736355226646
8,701,2026-04-03,277,Stationery,8.0,49.13636363636363,per-SKU,persku_rolling_mean_180,82.5,74.5,5550.25,1.5161887141535617
8,701,2026-04-03,277,Stationery,8.0,49.13636363636363,per-SKU,persku_tsb,81.02912873205992,73.02912873205992,5333.25364336378,1.4862542387653268
8,701,2026-04-03,277,Stationery,8.0,49.13636363636363,per-SKU,persku_ewma_a0.1,117.36859271520773,109.36859271520773,11961.489072504988,2.225817798089334
8,701,2026-04-03,277,Stationery,8.0,49.13636363636363,top-down,topdown_RM6_180,94.16832649873076,86.16832649873076,7424.980491591867,1.7536569685218102
8,701,2026-04-03,277,Stationery,8.0,49.13636363636363,top-down,topdown_rolling_mean_30,60.14762741652023,52.14762741652023,2719.375045172212,1.0612838142122527
8,701,2026-04-03,277,Stationery,8.0,49.13636363636363,top-down,topdown_tsb,59.47815195847844,51.47815195847844,2650.0001290601977,1.0476589667775447
8,701,2026-04-03,291,Shirts & Tops,72.0,16.5,per-SKU,persku_rolling_mean_30,56.999999999999986,15.000000000000014,225.00000000000043,0.90909090909091
8,701,2026-04-03,291,Shirts & Tops,72.0,16.5,per-SKU,persku_rolling_mean_180,55.333333333333314,16.666666666666686,277.7777777777784,1.0101010101010113
8,701,2026-04-03,291,Shirts & Tops,72.0,16.5,per-SKU,persku_tsb,62.04643704064388,9.95356295935612,99.07341558586616,0.6032462399609769
8,701,2026-04-03,291,Shirts & Tops,72.0,16.5,per-SKU,persku_ewma_a0.1,66.59886854409814,5.4011314559018615,29.172221003932563,0.3273413003576886
8,701,2026-04-03,291,Shirts & Tops,72.0,16.5,top-down,topdown_RM6_180,114.01948144964906,42.019481449649064,1765.6368212974019,2.5466352393726703
8,701,2026-04-03,291,Shirts & Tops,72.0,16.5,top-down,topdown_rolling_mean_30,67.1989686291362,4.801031370863797,23.049902224018307,0.2909715982341695
8,701,2026-04-03,291,Shirts & Tops,72.0,16.5,top-down,topdown_tsb,62.344539515849036,9.655460484150964,93.22791716100078,0.5851794232818767
8,701,2026-04-03,326,Stationery,0.0,4.7272727272727275,per-SKU,persku_rolling_mean_30,0.0,0.0,0.0,0.0
8,701,2026-04-03,326,Stationery,0.0,4.7272727272727275,per-SKU,persku_rolling_mean_180,0.0,0.0,0.0,0.0
8,701,2026-04-03,326,Stationery,0.0,4.7272727272727275,per-SKU,persku_tsb,6.523139143212804e-13,6.523139143212804e-13,4.255134428171507e-25,1.3798948187565546e-13
8,701,2026-04-03,326,Stationery,0.0,4.7272727272727275,per-SKU,persku_ewma_a0.1,7.088563533564045e-13,7.088563533564045e-13,5.024773296937398e-25,1.4995038244077786e-13
8,701,2026-04-03,326,Stationery,0.0,4.7272727272727275,top-down,topdown_RM6_180,0.0,0.0,0.0,0.0
8,701,2026-04-03,326,Stationery,0.0,4.7272727272727275,top-down,topdown_rolling_mean_30,0.0,0.0,0.0,0.0
8,701,2026-04-03,326,Stationery,0.0,4.7272727272727275,top-down,topdown_tsb,0.0,0.0,0.0,0.0
8,701,2026-04-03,340,Lanyards & IDs,0.0,14.090909090909092,per-SKU,persku_rolling_mean_30,0.0,0.0,0.0,0.0
8,701,2026-04-03,340,Lanyards & IDs,0.0,14.090909090909092,per-SKU,persku_rolling_mean_180,0.0,0.0,0.0,0.0
8,701,2026-04-03,340,Lanyards & IDs,0.0,14.090909090909092,per-SKU,persku_tsb,1.6300552180922916e-07,1.6300552180922916e-07,2.6570800140299084e-14,1.1568133805816262e-08
8,701,2026-04-03,340,Lanyards & IDs,0.0,14.090909090909092,per-SKU,persku_ewma_a0.1,4.7097868046847784e-08,4.7097868046847784e-08,2.2182091745582856e-15,3.342429345260165e-09
8,701,2026-04-03,340,Lanyards & IDs,0.0,14.090909090909092,top-down,topdown_RM6_180,0.0,0.0,0.0,0.0
8,701,2026-04-03,340,Lanyards & IDs,0.0,14.090909090909092,top-down,topdown_rolling_mean_30,0.0,0.0,0.0,0.0
8,701,2026-04-03,340,Lanyards & IDs,0.0,14.090909090909092,top-down,topdown_tsb,0.0,0.0,0.0,0.0
8,701,2026-04-03,346,Keychains & Charms,0.0,7.2727272727272725,per-SKU,persku_rolling_mean_30,0.0,0.0,0.0,0.0
8,701,2026-04-03,346,Keychains & Charms,0.0,7.2727272727272725,per-SKU,persku_rolling_mean_180,17.333333333333336,17.333333333333336,300.4444444444445,2.3833333333333337
8,701,2026-04-03,346,Keychains & Charms,0.0,7.2727272727272725,per-SKU,persku_tsb,0.00010863925899562829,0.00010863925899562829,1.1802488595119202e-08,1.4937898111898891e-05
8,701,2026-04-03,346,Keychains & Charms,0.0,7.2727272727272725,per-SKU,persku_ewma_a0.1,5.48584044628684e-05,5.48584044628684e-05,3.0094445402116592e-09,7.543030613644405e-06
8,701,2026-04-03,346,Keychains & Charms,0.0,7.2727272727272725,top-down,topdown_RM6_180,0.0,0.0,0.0,0.0
8,701,2026-04-03,346,Keychains & Charms,0.0,7.2727272727272725,top-down,topdown_rolling_mean_30,0.0,0.0,0.0,0.0
8,701,2026-04-03,346,Keychains & Charms,0.0,7.2727272727272725,top-down,topdown_tsb,0.0,0.0,0.0,0.0
8,701,2026-04-03,350,Keychains & Charms,45.0,24.863636363636363,per-SKU,persku_rolling_mean_30,37.00000000000001,7.999999999999993,63.999999999999886,0.3217550274223032
8,701,2026-04-03,350,Keychains & Charms,45.0,24.863636363636363,per-SKU,persku_rolling_mean_180,93.83333333333334,48.83333333333334,2384.6944444444453,1.9640463132236445
8,701,2026-04-03,350,Keychains & Charms,45.0,24.863636363636363,per-SKU,persku_tsb,50.89139398018381,5.891393980183807,34.708523029746,0.2369482039562043
8,701,2026-04-03,350,Keychains & Charms,45.0,24.863636363636363,per-SKU,persku_ewma_a0.1,34.02058654584773,10.979413454152272,120.54751979721993,0.4415851846276965
8,701,2026-04-03,350,Keychains & Charms,45.0,24.863636363636363,top-down,topdown_RM6_180,123.93777777777771,78.93777777777771,6231.172760493817,3.174828356693071
8,701,2026-04-03,350,Keychains & Charms,45.0,24.863636363636363,top-down,topdown_rolling_mean_30,41.92205128205127,3.077948717948729,9.473768310322225,0.12379318426850465
8,701,2026-04-03,350,Keychains & Charms,45.0,24.863636363636363,top-down,topdown_tsb,44.842603513920935,0.1573964860790653,0.0247736538300374,0.006330388836817983
8,701,2026-04-03,352,Plush & Souvenirs,27.0,7.181818181818182,per-SKU,persku_rolling_mean_30,26.000000000000004,0.9999999999999964,0.9999999999999929,0.13924050632911344
8,701,2026-04-03,352,Plush & Souvenirs,27.0,7.181818181818182,per-SKU,persku_rolling_mean_180,40.166666666666664,13.166666666666664,173.36111111111106,1.833333333333333
8,701,2026-04-03,352,Plush & Souvenirs,27.0,7.181818181818182,per-SKU,persku_tsb,35.78629852611581,8.786298526115807,77.19904179002481,1.2234086555351125
8,701,2026-04-03,352,Plush & Souvenirs,27.0,7.181818181818182,per-SKU,persku_ewma_a0.1,23.351639237262923,3.6483607627370773,13.31053625507947,0.5079995998747829
8,701,2026-04-03,352,Plush & Souvenirs,27.0,7.181818181818182,top-down,topdown_RM6_180,38.92500000000002,11.925000000000018,142.20562500000045,1.6604430379746862
8,701,2026-04-03,352,Plush & Souvenirs,27.0,7.181818181818182,top-down,topdown_rolling_mean_30,35.09999999999999,8.099999999999987,65.60999999999979,1.127848101265821
8,701,2026-04-03,352,Plush & Souvenirs,27.0,7.181818181818182,top-down,topdown_tsb,35.12508703967619,8.125087039676188,66.01703940231397,1.1313412333726338
8,701,2026-04-03,354,Plush & Souvenirs,69.0,5.045454545454546,per-SKU,persku_rolling_mean_30,22.999999999999996,46.0,2116.0,9.117117117117116
8,701,2026-04-03,354,Plush & Souvenirs,69.0,5.045454545454546,per-SKU,persku_rolling_mean_180,19.333333333333343,49.66666666666666,2466.777777777777,9.84384384384384
8,701,2026-04-03,354,Plush & Souvenirs,69.0,5.045454545454546,per-SKU,persku_tsb,28.611695656595543,40.38830434340446,1631.2151277354633,8.004889149143224
8,701,2026-04-03,354,Plush & Souvenirs,69.0,5.045454545454546,per-SKU,persku_ewma_a0.1,23.77279502451572,45.227204975484284,2045.5000698944705,8.963950535681569
8,701,2026-04-03,354,Plush & Souvenirs,69.0,5.045454545454546,top-down,topdown_RM6_180,20.00312500000001,48.99687499999999,2400.693759765624,9.71109234234234
8,701,2026-04-03,354,Plush & Souvenirs,69.0,5.045454545454546,top-down,topdown_rolling_mean_30,18.037499999999994,50.962500000000006,2597.1764062500006,10.100675675675676
8,701,2026-04-03,354,Plush & Souvenirs,69.0,5.045454545454546,top-down,topdown_tsb,18.05039195094471,50.949608049055286,2595.862560352359,10.098120514227173
8,701,2026-04-03,356,Bags,0.0,23.363636363636363,per-SKU,persku_rolling_mean_30,0.0,0.0,0.0,0.0
8,701,2026-04-03,356,Bags,0.0,23.363636363636363,per-SKU,persku_rolling_mean_180,12.499999999999996,12.499999999999996,156.24999999999991,0.5350194552529182
8,701,2026-04-03,356,Bags,0.0,23.363636363636363,per-SKU,persku_tsb,7.296432189963372e-06,7.296432189963372e-06,5.323792270273369e-11,3.122986540451249e-07
8,701,2026-04-03,356,Bags,0.0,23.363636363636363,per-SKU,persku_ewma_a0.1,7.479196710622276e-06,7.479196710622276e-06,5.593838343618307e-11,3.2012125998772385e-07
8,701,2026-04-03,356,Bags,0.0,23.363636363636363,top-down,topdown_RM6_180,0.0,0.0,0.0,0.0
8,701,2026-04-03,356,Bags,0.0,23.363636363636363,top-down,topdown_rolling_mean_30,0.0,0.0,0.0,0.0
8,701,2026-04-03,356,Bags,0.0,23.363636363636363,top-down,topdown_tsb,0.0,0.0,0.0,0.0
8,701,2026-04-03,358,Bags,4.0,133.04545454545453,per-SKU,persku_rolling_mean_30,22.999999999999996,18.999999999999996,360.9999999999999,0.14280833618038946
8,701,2026-04-03,358,Bags,4.0,133.04545454545453,per-SKU,persku_rolling_mean_180,91.83333333333337,87.83333333333337,7714.694444444451,0.6601753786584675
8,701,2026-04-03,358,Bags,4.0,133.04545454545453,per-SKU,persku_tsb,49.98035507211493,45.98035507211493,2114.1930525577654,0.345598842359593
8,701,2026-04-03,358,Bags,4.0,133.04545454545453,per-SKU,persku_ewma_a0.1,22.645342218200447,18.645342218200447,347.64878643380797,0.14014264735237783
8,701,2026-04-03,358,Bags,4.0,133.04545454545453,top-down,topdown_RM6_180,103.00212765957446,99.00212765957446,9801.421281122677,0.7441225857569655
8,701,2026-04-03,358,Bags,4.0,133.04545454545453,top-down,topdown_rolling_mean_30,69.36170212765956,65.36170212765956,4272.152105024896,0.49127347004048866
8,701,2026-04-03,358,Bags,4.0,133.04545454545453,top-down,topdown_tsb,50.522482356965234,46.522482356965234,2164.3413646541417,0.3496735947568279
8,701,2026-04-03,359,Bags,145.0,10.863636363636363,per-SKU,persku_rolling_mean_30,109.00000000000004,35.99999999999996,1295.999999999997,3.3138075313807493
8,701,2026-04-03,359,Bags,145.0,10.863636363636363,per-SKU,persku_rolling_mean_180,66.16666666666667,78.83333333333333,6214.694444444443,7.256624825662482
8,701,2026-04-03,359,Bags,145.0,10.863636363636363,per-SKU,persku_tsb,57.69814326756971,87.30185673243028,7621.614188929782,8.036154176206972
8,701,2026-04-03,359,Bags,145.0,10.863636363636363,per-SKU,persku_ewma_a0.1,59.30658024213676,85.69341975786324,7343.362189797346,7.888097216204985
8,701,2026-04-03,359,Bags,145.0,10.863636363636363,top-down,topdown_RM6_180,76.77765957446807,68.22234042553193,4654.287733137167,6.2798807086263695
8,701,2026-04-03,359,Bags,145.0,10.863636363636363,top-down,topdown_rolling_mean_30,51.70212765957446,93.29787234042554,8704.492983250342,8.588088667319505
8,701,2026-04-03,359,Bags,145.0,10.863636363636363,top-down,topdown_tsb,37.659396358105994,107.340603641894,11522.00519020619,9.880725021429575
8,701,2026-04-03,377,Lanyards & IDs,81.0,89.13636363636364,per-SKU,persku_rolling_mean_30,105.0,24.0,576.0,0.2692503824579296
8,701,2026-04-03,377,Lanyards & IDs,81.0,89.13636363636364,per-SKU,persku_rolling_mean_180,169.16666666666666,88.16666666666666,7773.3611111111095,0.9891211966683663
8,701,2026-04-03,377,Lanyards & IDs,81.0,89.13636363636364,per-SKU,persku_tsb,87.27353941166955,6.273539411669546,39.35729674977107,0.070381370248205
8,701,2026-04-03,377,Lanyards & IDs,81.0,89.13636363636364,per-SKU,persku_ewma_a0.1,79.17205510010572,1.8279448998942769,3.341382557049498,0.020507285975356497
8,701,2026-04-03,377,Lanyards & IDs,81.0,89.13636363636364,top-down,topdown_RM6_180,210.81804586241282,129.81804586241282,16852.725031535516,1.4563982707664873
8,701,2026-04-03,377,Lanyards & IDs,81.0,89.13636363636364,top-down,topdown_rolling_mean_30,91.63310069790629,10.633100697906286,113.06283045181516,0.11929026790103942
8,701,2026-04-03,377,Lanyards & IDs,81.0,89.13636363636364,top-down,topdown_tsb,81.3712936010881,0.37129360108809806,0.1378589382089677,0.004165456004048015
8,701,2026-04-03,378,Lanyards & IDs,0.0,3.1818181818181817,per-SKU,persku_rolling_mean_30,0.0,0.0,0.0,0.0
8,701,2026-04-03,378,Lanyards & IDs,0.0,3.1818181818181817,per-SKU,persku_rolling_mean_180,0.0,0.0,0.0,0.0
8,701,2026-04-03,378,Lanyards & IDs,0.0,3.1818181818181817,per-SKU,persku_tsb,2.7459228572390716e-20,2.7459228572390716e-20,7.540092337907987e-40,8.630043265608511e-21
8,701,2026-04-03,378,Lanyards & IDs,0.0,3.1818181818181817,per-SKU,persku_ewma_a0.1,2.858951107526346e-20,2.858951107526346e-20,8.173601435226121e-40,8.985274909368516e-21
8,701,2026-04-03,378,Lanyards & IDs,0.0,3.1818181818181817,top-down,topdown_RM6_180,0.0,0.0,0.0,0.0
8,701,2026-04-03,378,Lanyards & IDs,0.0,3.1818181818181817,top-down,topdown_rolling_mean_30,0.0,0.0,0.0,0.0
8,701,2026-04-03,378,Lanyards & IDs,0.0,3.1818181818181817,top-down,topdown_tsb,0.0,0.0,0.0,0.0
8,701,2026-04-03,380,Shirts & Tops,38.0,2.090909090909091,per-SKU,persku_rolling_mean_30,36.00000000000001,1.999999999999993,3.9999999999999716,0.9565217391304314
8,701,2026-04-03,380,Shirts & Tops,38.0,2.090909090909091,per-SKU,persku_rolling_mean_180,18.999999999999996,19.000000000000004,361.0000000000001,9.086956521739133
8,701,2026-04-03,380,Shirts & Tops,38.0,2.090909090909091,per-SKU,persku_tsb,46.23928984006767,8.23928984006767,67.88589706864234,3.940529923510625
8,701,2026-04-03,380,Shirts & Tops,38.0,2.090909090909091,per-SKU,persku_ewma_a0.1,59.475179607376646,21.475179607376646,461.18333916908574,10.27073807309318
8,701,2026-04-03,380,Shirts & Tops,38.0,2.090909090909091,top-down,topdown_RM6_180,39.15126772668673,1.1512677266867328,1.3254173785104377,0.5506063040675679
8,701,2026-04-03,380,Shirts & Tops,38.0,2.090909090909091,top-down,topdown_rolling_mean_30,23.07434464976364,14.925655350236362,222.77518763403933,7.138356906634782
8,701,2026-04-03,380,Shirts & Tops,38.0,2.090909090909091,top-down,topdown_tsb,21.407462363875876,16.592537636124124,275.31230520619556,7.935561478146321
8,701,2026-04-03,381,Keychains & Charms,37.0,0.0,per-SKU,persku_rolling_mean_30,0.0,37.0,1369.0,
8,701,2026-04-03,381,Keychains & Charms,37.0,0.0,per-SKU,persku_rolling_mean_180,0.0,37.0,1369.0,
8,701,2026-04-03,381,Keychains & Charms,37.0,0.0,per-SKU,persku_tsb,0.0,37.0,1369.0,
8,701,2026-04-03,381,Keychains & Charms,37.0,0.0,per-SKU,persku_ewma_a0.1,0.0,37.0,1369.0,
8,701,2026-04-03,381,Keychains & Charms,37.0,0.0,top-down,topdown_RM6_180,0.0,37.0,1369.0,
8,701,2026-04-03,381,Keychains & Charms,37.0,0.0,top-down,topdown_rolling_mean_30,0.0,37.0,1369.0,
8,701,2026-04-03,381,Keychains & Charms,37.0,0.0,top-down,topdown_tsb,0.0,37.0,1369.0,
8,701,2026-04-03,389,Drinkware,0.0,12.363636363636363,per-SKU,persku_rolling_mean_30,0.0,0.0,0.0,0.0
8,701,2026-04-03,389,Drinkware,0.0,12.363636363636363,per-SKU,persku_rolling_mean_180,33.00000000000001,33.00000000000001,1089.0000000000005,2.6691176470588243
8,701,2026-04-03,389,Drinkware,0.0,12.363636363636363,per-SKU,persku_tsb,0.0025690598769825606,0.0025690598769825606,6.60006865152165e-06,0.00020779160769711887
8,701,2026-04-03,389,Drinkware,0.0,12.363636363636363,per-SKU,persku_ewma_a0.1,0.003213210420506983,0.003213210420506983,1.0324721206454664e-05,0.0002598920193057119
8,701,2026-04-03,389,Drinkware,0.0,12.363636363636363,top-down,topdown_RM6_180,0.0,0.0,0.0,0.0
8,701,2026-04-03,389,Drinkware,0.0,12.363636363636363,top-down,topdown_rolling_mean_30,0.0,0.0,0.0,0.0
8,701,2026-04-03,389,Drinkware,0.0,12.363636363636363,top-down,topdown_tsb,0.0,0.0,0.0,0.0
8,701,2026-04-03,392,Drinkware,0.0,11.727272727272727,per-SKU,persku_rolling_mean_30,0.0,0.0,0.0,0.0
8,701,2026-04-03,392,Drinkware,0.0,11.727272727272727,per-SKU,persku_rolling_mean_180,37.83333333333334,37.83333333333334,1431.3611111111118,3.2260981912144713
8,701,2026-04-03,392,Drinkware,0.0,11.727272727272727,per-SKU,persku_tsb,0.0022828824346327317,0.0022828824346327317,5.211552210354668e-06,0.0001946643936508531
8,701,2026-04-03,392,Drinkware,0.0,11.727272727272727,per-SKU,persku_ewma_a0.1,0.002482680574033892,0.002482680574033892,6.1637028326852565e-06,0.00021170144429746369
8,701,2026-04-03,392,Drinkware,0.0,11.727272727272727,top-down,topdown_RM6_180,0.0,0.0,0.0,0.0
8,701,2026-04-03,392,Drinkware,0.0,11.727272727272727,top-down,topdown_rolling_mean_30,0.0,0.0,0.0,0.0
8,701,2026-04-03,392,Drinkware,0.0,11.727272727272727,top-down,topdown_tsb,0.0,0.0,0.0,0.0
8,701,2026-04-03,393,Drinkware,171.0,8.636363636363637,per-SKU,persku_rolling_mean_30,94.00000000000004,76.99999999999996,5928.999999999994,8.915789473684205
8,701,2026-04-03,393,Drinkware,171.0,8.636363636363637,per-SKU,persku_rolling_mean_180,40.000000000000014,131.0,17161.0,15.168421052631578
8,701,2026-04-03,393,Drinkware,171.0,8.636363636363637,per-SKU,persku_tsb,73.11993859883044,97.88006140116956,9580.506419896723,11.333480793819632
8,701,2026-04-03,393,Drinkware,171.0,8.636363636363637,per-SKU,persku_ewma_a0.1,84.56913741706194,86.43086258293806,7470.2940068307225,10.007784088550723
8,701,2026-04-03,393,Drinkware,171.0,8.636363636363637,top-down,topdown_RM6_180,110.83333333333333,60.16666666666667,3620.0277777777783,6.966666666666667
8,701,2026-04-03,393,Drinkware,171.0,8.636363636363637,top-down,topdown_rolling_mean_30,94.00000000000004,76.99999999999996,5928.999999999994,8.915789473684205
8,701,2026-04-03,393,Drinkware,171.0,8.636363636363637,top-down,topdown_tsb,74.80056272766157,96.19943727233843,9254.331731514576,11.138882210481292
8,701,2026-04-03,394,Drinkware,0.0,17.5,per-SKU,persku_rolling_mean_30,0.0,0.0,0.0,0.0
8,701,2026-04-03,394,Drinkware,0.0,17.5,per-SKU,persku_rolling_mean_180,0.0,0.0,0.0,0.0
8,701,2026-04-03,394,Drinkware,0.0,17.5,per-SKU,persku_tsb,1.2555440337577818e-10,1.2555440337577818e-10,1.576390820704762e-20,7.174537335758754e-12
8,701,2026-04-03,394,Drinkware,0.0,17.5,per-SKU,persku_ewma_a0.1,8.283215587895286e-11,8.283215587895286e-11,6.861166047555145e-21,4.733266050225878e-12
8,701,2026-04-03,394,Drinkware,0.0,17.5,top-down,topdown_RM6_180,0.0,0.0,0.0,0.0
8,701,2026-04-03,394,Drinkware,0.0,17.5,top-down,topdown_rolling_mean_30,0.0,0.0,0.0,0.0
8,701,2026-04-03,394,Drinkware,0.0,17.5,top-down,topdown_tsb,0.0,0.0,0.0,0.0
8,701,2026-04-03,395,Shirts & Tops,87.0,70.9090909090909,per-SKU,persku_rolling_mean_30,0.0,87.0,7569.0,1.226923076923077
8,701,2026-04-03,395,Shirts & Tops,87.0,70.9090909090909,per-SKU,persku_rolling_mean_180,199.33333333333334,112.33333333333334,12618.77777777778,1.5841880341880343
8,701,2026-04-03,395,Shirts & Tops,87.0,70.9090909090909,per-SKU,persku_tsb,6.838692639381944,80.16130736061805,6425.835197763478,1.1304799755984598
8,701,2026-04-03,395,Shirts & Tops,87.0,70.9090909090909,per-SKU,persku_ewma_a0.1,6.68713561812897,80.31286438187104,6450.15618522081,1.1326173182058736
8,701,2026-04-03,395,Shirts & Tops,87.0,70.9090909090909,top-down,topdown_RM6_180,147.67583440767802,60.675834407678025,3681.5568810679647,0.855684844210844
8,701,2026-04-03,395,Shirts & Tops,87.0,70.9090909090909,top-down,topdown_rolling_mean_30,87.03480876665232,0.03480876665231847,0.0012116502358555583,0.0004908928630455168
8,701,2026-04-03,395,Shirts & Tops,87.0,70.9090909090909,top-down,topdown_tsb,80.74744575847919,6.252554241520812,39.0944345431599,0.08817704699580634
8,701,2026-04-03,397,Shirts & Tops,0.0,4.909090909090909,per-SKU,persku_rolling_mean_30,107.99999999999997,107.99999999999997,11663.999999999995,21.999999999999993
8,701,2026-04-03,397,Shirts & Tops,0.0,4.909090909090909,per-SKU,persku_rolling_mean_180,23.50000000000001,23.50000000000001,552.2500000000005,4.787037037037039
8,701,2026-04-03,397,Shirts & Tops,0.0,4.909090909090909,per-SKU,persku_tsb,91.07210575680465,91.07210575680465,8294.12844697861,18.5517252467565
8,701,2026-04-03,397,Shirts & Tops,0.0,4.909090909090909,per-SKU,persku_ewma_a0.1,85.20586571705421,85.20586571705421,7260.039552592674,17.356750423844375
8,701,2026-04-03,397,Shirts & Tops,0.0,4.909090909090909,top-down,topdown_RM6_180,48.42393639879675,48.42393639879675,2344.8776163547127,9.864135192347485
8,701,2026-04-03,397,Shirts & Tops,0.0,4.909090909090909,top-down,topdown_rolling_mean_30,28.539321014181343,28.539321014181343,814.4928439504928,5.813565391777681
8,701,2026-04-03,397,Shirts & Tops,0.0,4.909090909090909,top-down,topdown_tsb,26.477650818478057,26.477650818478057,701.0659928652517,5.393595537097382
8,701,2026-04-03,400,Shirts & Tops,0.0,1.7272727272727273,per-SKU,persku_rolling_mean_30,0.0,0.0,0.0,0.0
8,701,2026-04-03,400,Shirts & Tops,0.0,1.7272727272727273,per-SKU,persku_rolling_mean_180,0.0,0.0,0.0,0.0
8,701,2026-04-03,400,Shirts & Tops,0.0,1.7272727272727273,per-SKU,persku_tsb,1.2260856129927058e-29,1.2260856129927058e-29,1.5032859303876991e-58,7.098390391010402e-30
8,701,2026-04-03,400,Shirts & Tops,0.0,1.7272727272727273,per-SKU,persku_ewma_a0.1,1.591967005326084e-29,1.591967005326084e-29,2.5343589460469e-58,9.216651083466802e-30
8,701,2026-04-03,400,Shirts & Tops,0.0,1.7272727272727273,top-down,topdown_RM6_180,0.0,0.0,0.0,0.0
8,701,2026-04-03,400,Shirts & Tops,0.0,1.7272727272727273,top-down,topdown_rolling_mean_30,0.0,0.0,0.0,0.0
8,701,2026-04-03,400,Shirts & Tops,0.0,1.7272727272727273,top-down,topdown_tsb,0.0,0.0,0.0,0.0
8,701,2026-04-03,401,Shirts & Tops,0.0,4.045454545454546,per-SKU,persku_rolling_mean_30,0.0,0.0,0.0,0.0
8,701,2026-04-03,401,Shirts & Tops,0.0,4.045454545454546,per-SKU,persku_rolling_mean_180,0.0,0.0,0.0,0.0
8,701,2026-04-03,401,Shirts & Tops,0.0,4.045454545454546,per-SKU,persku_tsb,2.490048902913683e-29,2.490048902913683e-29,6.2003435389016364e-58,6.155177063382137e-30
8,701,2026-04-03,401,Shirts & Tops,0.0,4.045454545454546,per-SKU,persku_ewma_a0.1,2.1396997315119735e-29,2.1396997315119735e-29,4.578314941032411e-58,5.289145403737462e-30
8,701,2026-04-03,401,Shirts & Tops,0.0,4.045454545454546,top-down,topdown_RM6_180,0.0,0.0,0.0,0.0
8,701,2026-04-03,401,Shirts & Tops,0.0,4.045454545454546,top-down,topdown_rolling_mean_30,0.0,0.0,0.0,0.0
8,701,2026-04-03,401,Shirts & Tops,0.0,4.045454545454546,top-down,topdown_tsb,0.0,0.0,0.0,0.0
8,701,2026-04-03,402,Shirts & Tops,0.0,120.04545454545455,per-SKU,persku_rolling_mean_30,230.99999999999994,230.99999999999994,53360.99999999997,1.9242711094282463
8,701,2026-04-03,402,Shirts & Tops,0.0,120.04545454545455,per-SKU,persku_rolling_mean_180,382.3333333333335,382.3333333333335,146178.7777777779,3.1849047078126986
8,701,2026-04-03,402,Shirts & Tops,0.0,120.04545454545455,per-SKU,persku_tsb,195.21265707221298,195.21265707221298,38107.98148119343,1.6261561740207064
8,701,2026-04-03,402,Shirts & Tops,0.0,120.04545454545455,per-SKU,persku_ewma_a0.1,184.35603799623402,184.35603799623402,33987.148745668885,1.5357186050424645
8,701,2026-04-03,402,Shirts & Tops,0.0,120.04545454545455,top-down,topdown_RM6_180,340.68471565678277,340.68471565678277,116066.07548214293,2.8379643106585464
8,701,2026-04-03,402,Shirts & Tops,0.0,120.04545454545455,top-down,topdown_rolling_mean_30,200.78727975934675,200.78727975934675,40315.531713158176,1.6725937730805105
8,701,2026-04-03,402,Shirts & Tops,0.0,120.04545454545455,top-down,topdown_tsb,186.28247951723569,186.28247951723569,34701.16217508933,1.5517662057475141
8,701,2026-04-03,403,Shirts & Tops,145.0,0.0,per-SKU,persku_rolling_mean_30,0.0,145.0,21025.0,
8,701,2026-04-03,403,Shirts & Tops,145.0,0.0,per-SKU,persku_rolling_mean_180,0.0,145.0,21025.0,
8,701,2026-04-03,403,Shirts & Tops,145.0,0.0,per-SKU,persku_tsb,0.0,145.0,21025.0,
8,701,2026-04-03,403,Shirts & Tops,145.0,0.0,per-SKU,persku_ewma_a0.1,0.0,145.0,21025.0,
8,701,2026-04-03,403,Shirts & Tops,145.0,0.0,top-down,topdown_RM6_180,0.0,145.0,21025.0,
8,701,2026-04-03,403,Shirts & Tops,145.0,0.0,top-down,topdown_rolling_mean_30,0.0,145.0,21025.0,
8,701,2026-04-03,403,Shirts & Tops,145.0,0.0,top-down,topdown_tsb,0.0,145.0,21025.0,
8,701,2026-04-03,404,Shirts & Tops,28.0,64.31818181818181,per-SKU,persku_rolling_mean_30,38.999999999999986,10.999999999999986,120.99999999999969,0.17102473498233195
8,701,2026-04-03,404,Shirts & Tops,28.0,64.31818181818181,per-SKU,persku_rolling_mean_180,81.16666666666663,53.16666666666663,2826.6944444444403,0.8266195524146049
8,701,2026-04-03,404,Shirts & Tops,28.0,64.31818181818181,per-SKU,persku_tsb,33.70708730655257,5.707087306552573,32.5708455246135,0.08873209946583506
8,701,2026-04-03,404,Shirts & Tops,28.0,64.31818181818181,per-SKU,persku_ewma_a0.1,30.390507904470883,2.3905079044708835,5.714528041337775,0.037166907348663916
8,701,2026-04-03,404,Shirts & Tops,28.0,64.31818181818181,top-down,topdown_RM6_180,67.656138089099,39.656138089099,1572.6092881416887,0.6165618642828113
8,701,2026-04-03,404,Shirts & Tops,28.0,64.31818181818181,top-down,topdown_rolling_mean_30,39.87408680704769,11.87408680704769,140.99393750130398,0.1846147772120489
8,701,2026-04-03,404,Shirts & Tops,28.0,64.31818181818181,top-down,topdown_tsb,36.993597242838135,8.993597242838135,80.8847913663857,0.13982978045402047
8,701,2026-04-03,406,Shirts & Tops,0.0,2.5454545454545454,per-SKU,persku_rolling_mean_30,0.0,0.0,0.0,0.0
8,701,2026-04-03,406,Shirts & Tops,0.0,2.5454545454545454,per-SKU,persku_rolling_mean_180,0.0,0.0,0.0,0.0
8,701,2026-04-03,406,Shirts & Tops,0.0,2.5454545454545454,per-SKU,persku_tsb,1.478664272680805e-29,1.478664272680805e-29,2.186448031302654e-58,5.809038214103162e-30
8,701,2026-04-03,406,Shirts & Tops,0.0,2.5454545454545454,per-SKU,persku_ewma_a0.1,1.2403361728474239e-29,1.2403361728474239e-29,1.5384338216737946e-58,4.872749250472023e-30
8,701,2026-04-03,406,Shirts & Tops,0.0,2.5454545454545454,top-down,topdown_RM6_180,0.0,0.0,0.0,0.0
8,701,2026-04-03,406,Shirts & Tops,0.0,2.5454545454545454,top-down,topdown_rolling_mean_30,0.0,0.0,0.0,0.0
8,701,2026-04-03,406,Shirts & Tops,0.0,2.5454545454545454,top-down,topdown_tsb,0.0,0.0,0.0,0.0
8,701,2026-04-03,419,Umbrellas & Gear,0.0,49.81818181818182,per-SKU,persku_rolling_mean_30,0.0,0.0,0.0,0.0
8,701,2026-04-03,419,Umbrellas & Gear,0.0,49.81818181818182,per-SKU,persku_rolling_mean_180,53.333333333333336,53.333333333333336,2844.444444444445,1.0705596107055961
8,701,2026-04-03,419,Umbrellas & Gear,0.0,49.81818181818182,per-SKU,persku_tsb,0.0030683051603321294,0.0030683051603321294,9.414496556920775e-06,6.15900670869588e-05
8,701,2026-04-03,419,Umbrellas & Gear,0.0,49.81818181818182,per-SKU,persku_ewma_a0.1,0.003232706134745072,0.003232706134745072,1.0450388953618423e-05,6.489008664634269e-05
8,701,2026-04-03,419,Umbrellas & Gear,0.0,49.81818181818182,top-down,topdown_RM6_180,0.0,0.0,0.0,0.0
8,701,2026-04-03,419,Umbrellas & Gear,0.0,49.81818181818182,top-down,topdown_rolling_mean_30,0.0,0.0,0.0,0.0
8,701,2026-04-03,419,Umbrellas & Gear,0.0,49.81818181818182,top-down,topdown_tsb,0.0,0.0,0.0,0.0
8,701,2026-04-03,477,Bags,0.0,0.18181818181818182,per-SKU,persku_rolling_mean_30,0.0,0.0,0.0,0.0
8,701,2026-04-03,477,Bags,0.0,0.18181818181818182,per-SKU,persku_rolling_mean_180,0.0,0.0,0.0,0.0
8,701,2026-04-03,477,Bags,0.0,0.18181818181818182,per-SKU,persku_tsb,1.2691568040915532e-29,1.2691568040915532e-29,1.610758993371885e-58,6.980362422503542e-29
8,701,2026-04-03,477,Bags,0.0,0.18181818181818182,per-SKU,persku_ewma_a0.1,5.135592248845464e-29,5.135592248845464e-29,2.6374307746401616e-57,2.824575736865005e-28
8,701,2026-04-03,477,Bags,0.0,0.18181818181818182,top-down,topdown_RM6_180,0.0,0.0,0.0,0.0
8,701,2026-04-03,477,Bags,0.0,0.18181818181818182,top-down,topdown_rolling_mean_30,0.0,0.0,0.0,0.0
8,701,2026-04-03,477,Bags,0.0,0.18181818181818182,top-down,topdown_tsb,0.0,0.0,0.0,0.0
9,731,2026-05-03,29,Keychains & Charms,67.0,62.869565217391305,per-SKU,persku_rolling_mean_30,10.000000000000004,57.0,3249.0,0.9066390041493776
9,731,2026-05-03,29,Keychains & Charms,67.0,62.869565217391305,per-SKU,persku_rolling_mean_180,139.33333333333334,72.33333333333334,5232.111111111112,1.1505301982480407
9,731,2026-05-03,29,Keychains & Charms,67.0,62.869565217391305,per-SKU,persku_tsb,107.32124526480501,40.321245264805015,1625.8028197045608,0.6413476079464144
9,731,2026-05-03,29,Keychains & Charms,67.0,62.869565217391305,per-SKU,persku_ewma_a0.1,16.0678451240069,50.9321548759931,2594.0844003121474,0.810124178525478
9,731,2026-05-03,29,Keychains & Charms,67.0,62.869565217391305,top-down,topdown_RM6_180,10.956790123456784,56.043209876543216,3140.841373266271,0.8914203507333983
9,731,2026-05-03,29,Keychains & Charms,67.0,62.869565217391305,top-down,topdown_rolling_mean_30,4.888888888888889,62.111111111111114,3857.7901234567903,0.9879360688489319
9,731,2026-05-03,29,Keychains & Charms,67.0,62.869565217391305,top-down,topdown_tsb,5.205333892750377,61.794666107249625,3818.5807593064656,0.9829027112494754
9,731,2026-05-03,39,Plush & Souvenirs,65.0,3.4347826086956523,per-SKU,persku_rolling_mean_30,47.00000000000002,17.99999999999998,323.99999999999926,5.240506329113917
9,731,2026-05-03,39,Plush & Souvenirs,65.0,3.4347826086956523,per-SKU,persku_rolling_mean_180,24.833333333333343,40.16666666666666,1613.3611111111104,11.694092827004216
9,731,2026-05-03,39,Plush & Souvenirs,65.0,3.4347826086956523,per-SKU,persku_tsb,38.08545554017373,26.914544459826267,724.3927034799648,7.835880032607647
9,731,2026-05-03,39,Plush & Souvenirs,65.0,3.4347826086956523,per-SKU,persku_ewma_a0.1,42.66256771881808,22.33743228118192,498.960880916388,6.503303069204862
9,731,2026-05-03,39,Plush & Souvenirs,65.0,3.4347826086956523,top-down,topdown_RM6_180,32.65879629629631,32.34120370370369,1045.9534570044573,9.41579348335677
9,731,2026-05-03,39,Plush & Souvenirs,65.0,3.4347826086956523,top-down,topdown_rolling_mean_30,48.06388888888891,16.93611111111109,286.8318595679005,4.930766526019684
9,731,2026-05-03,39,Plush & Souvenirs,65.0,3.4347826086956523,top-down,topdown_tsb,44.622026767284915,20.377973232715085,415.2617930732525,5.932827650030974
9,731,2026-05-03,48,Umbrellas & Gear,56.0,6.913043478260869,per-SKU,persku_rolling_mean_30,22.999999999999996,33.0,1089.0,4.773584905660377
9,731,2026-05-03,48,Umbrellas & Gear,56.0,6.913043478260869,per-SKU,persku_rolling_mean_180,29.16666666666666,26.83333333333334,720.027777777778,3.8815513626834393
9,731,2026-05-03,48,Umbrellas & Gear,56.0,6.913043478260869,per-SKU,persku_tsb,17.970070599269253,38.02992940073075,1446.2755302245653,5.50118475608055
9,731,2026-05-03,48,Umbrellas & Gear,56.0,6.913043478260869,per-SKU,persku_ewma_a0.1,16.49519079658367,39.50480920341633,1560.6299501983274,5.714532148921859
9,731,2026-05-03,48,Umbrellas & Gear,56.0,6.913043478260869,top-down,topdown_RM6_180,63.000000000000014,7.000000000000014,49.0000000000002,1.0125786163522035
9,731,2026-05-03,48,Umbrellas & Gear,56.0,6.913043478260869,top-down,topdown_rolling_mean_30,22.999999999999996,33.0,1089.0,4.773584905660377
9,731,2026-05-03,48,Umbrellas & Gear,56.0,6.913043478260869,top-down,topdown_tsb,18.20510247407285,37.794897525927155,1428.4542789953346,5.467186434568079
9,731,2026-05-03,54,Stationery,0.0,42.26086956521739,per-SKU,persku_rolling_mean_30,0.0,0.0,0.0,0.0
9,731,2026-05-03,54,Stationery,0.0,42.26086956521739,per-SKU,persku_rolling_mean_180,127.1666666666667,127.1666666666667,16171.36111111112,3.0090877914951997
9,731,2026-05-03,54,Stationery,0.0,42.26086956521739,per-SKU,persku_tsb,0.000514981194983578,0.000514981194983578,2.6520563118671397e-07,1.2185769017101126e-05
9,731,2026-05-03,54,Stationery,0.0,42.26086956521739,per-SKU,persku_ewma_a0.1,0.0006094500308588126,0.0006094500308588126,3.714293401138076e-07,1.4421142705506882e-05
9,731,2026-05-03,54,Stationery,0.0,42.26086956521739,top-down,topdown_RM6_180,0.0,0.0,0.0,0.0
9,731,2026-05-03,54,Stationery,0.0,42.26086956521739,top-down,topdown_rolling_mean_30,0.0,0.0,0.0,0.0
9,731,2026-05-03,54,Stationery,0.0,42.26086956521739,top-down,topdown_tsb,0.0,0.0,0.0,0.0
9,731,2026-05-03,55,Stationery,228.0,42.30434782608695,per-SKU,persku_rolling_mean_30,87.00000000000003,140.99999999999997,19880.999999999993,3.3329907502569367
9,731,2026-05-03,55,Stationery,228.0,42.30434782608695,per-SKU,persku_rolling_mean_180,127.0,101.0,10201.0,2.3874614594039056
9,731,2026-05-03,55,Stationery,228.0,42.30434782608695,per-SKU,persku_tsb,99.77902944048955,128.22097055951045,16440.617291222847,3.030917084140535
9,731,2026-05-03,55,Stationery,228.0,42.30434782608695,per-SKU,persku_ewma_a0.1,100.16679100941299,127.83320899058701,16341.329320831095,3.021751086108429
9,731,2026-05-03,55,Stationery,228.0,42.30434782608695,top-down,topdown_RM6_180,143.83780649436716,84.16219350563284,7083.274815679587,1.9894454785504168
9,731,2026-05-03,55,Stationery,228.0,42.30434782608695,top-down,topdown_rolling_mean_30,58.68091451292246,169.31908548707753,28668.952710180267,4.0024038707120075
9,731,2026-05-03,55,Stationery,228.0,42.30434782608695,top-down,topdown_tsb,73.1076782500627,154.8923217499373,23991.631337086103,3.6613806785699468
9,731,2026-05-03,74,Bags,120.0,25.869565217391305,per-SKU,persku_rolling_mean_30,141.0,21.0,441.0,0.8117647058823529
9,731,2026-05-03,74,Bags,120.0,25.869565217391305,per-SKU,persku_rolling_mean_180,139.50000000000003,19.50000000000003,380.25000000000114,0.7537815126050431
9,731,2026-05-03,74,Bags,120.0,25.869565217391305,per-SKU,persku_tsb,152.87023031255524,32.870230312555236,1080.452040800425,1.2706139448550764
9,731,2026-05-03,74,Bags,120.0,25.869565217391305,per-SKU,persku_ewma_a0.1,168.8070317572175,48.80703175721749,2382.126348950036,1.8866583704470625
9,731,2026-05-03,74,Bags,120.0,25.869565217391305,top-down,topdown_RM6_180,134.25461361014996,14.25461361014996,203.19400917467246,0.5510186773671413
9,731,2026-05-03,74,Bags,120.0,25.869565217391305,top-down,topdown_rolling_mean_30,123.92733564013844,3.9273356401384376,15.423965230301592,0.1518129743246791
9,731,2026-05-03,74,Bags,120.0,25.869565217391305,top-down,topdown_tsb,114.15988572729233,5.840114272707666,34.10693471828379,0.22575231642399382
9,731,2026-05-03,112,Keychains & Charms,52.0,27.391304347826086,per-SKU,persku_rolling_mean_30,40.000000000000014,11.999999999999986,143.99999999999966,0.4380952380952376
9,731,2026-05-03,112,Keychains & Charms,52.0,27.391304347826086,per-SKU,persku_rolling_mean_180,45.0,7.0,49.0,0.2555555555555556
9,731,2026-05-03,112,Keychains & Charms,52.0,27.391304347826086,per-SKU,persku_tsb,50.79754492380284,1.202455076197161,1.4458982102723204,0.04389915357545191
9,731,2026-05-03,112,Keychains & Charms,52.0,27.391304347826086,per-SKU,persku_ewma_a0.1,51.273112096561775,0.7268879034382252,0.5283660241648186,0.026537177427109808
9,731,2026-05-03,112,Keychains & Charms,52.0,27.391304347826086,top-down,topdown_RM6_180,127.82921810699582,75.82921810699582,5750.0703187183435,2.768368280096673
9,731,2026-05-03,112,Keychains & Charms,52.0,27.391304347826086,top-down,topdown_rolling_mean_30,57.037037037037045,5.037037037037045,25.371742112482934,0.18389182833627307
9,731,2026-05-03,112,Keychains & Charms,52.0,27.391304347826086,top-down,topdown_tsb,60.728895415421064,8.728895415421064,76.19361517335888,0.3186739596106103
9,731,2026-05-03,148,Lanyards & IDs,0.0,12.434782608695652,per-SKU,persku_rolling_mean_30,0.0,0.0,0.0,0.0
9,731,2026-05-03,148,Lanyards & IDs,0.0,12.434782608695652,per-SKU,persku_rolling_mean_180,0.0,0.0,0.0,0.0
9,731,2026-05-03,148,Lanyards & IDs,0.0,12.434782608695652,per-SKU,persku_tsb,5.70134691085441e-07,5.70134691085441e-07,3.250535659790912e-13,4.584999263973826e-08
9,731,2026-05-03,148,Lanyards & IDs,0.0,12.434782608695652,per-SKU,persku_ewma_a0.1,5.966878582935948e-07,5.966878582935948e-07,3.5603640023499705e-13,4.798538720542895e-08
9,731,2026-05-03,148,Lanyards & IDs,0.0,12.434782608695652,top-down,topdown_RM6_180,0.0,0.0,0.0,0.0
9,731,2026-05-03,148,Lanyards & IDs,0.0,12.434782608695652,top-down,topdown_rolling_mean_30,0.0,0.0,0.0,0.0
9,731,2026-05-03,148,Lanyards & IDs,0.0,12.434782608695652,top-down,topdown_tsb,0.0,0.0,0.0,0.0
9,731,2026-05-03,156,Bags,0.0,14.173913043478262,per-SKU,persku_rolling_mean_30,0.0,0.0,0.0,0.0
9,731,2026-05-03,156,Bags,0.0,14.173913043478262,per-SKU,persku_rolling_mean_180,0.0,0.0,0.0,0.0
9,731,2026-05-03,156,Bags,0.0,14.173913043478262,per-SKU,persku_tsb,4.3613727192701577e-07,4.3613727192701577e-07,1.902157199639397e-13,3.077042102552565e-08
9,731,2026-05-03,156,Bags,0.0,14.173913043478262,per-SKU,persku_ewma_a0.1,3.5525891892464675e-07,3.5525891892464675e-07,1.2620889947550872e-13,2.5064279556033357e-08
9,731,2026-05-03,156,Bags,0.0,14.173913043478262,top-down,topdown_RM6_180,0.0,0.0,0.0,0.0
9,731,2026-05-03,156,Bags,0.0,14.173913043478262,top-down,topdown_rolling_mean_30,0.0,0.0,0.0,0.0
9,731,2026-05-03,156,Bags,0.0,14.173913043478262,top-down,topdown_tsb,0.0,0.0,0.0,0.0
9,731,2026-05-03,174,Uncategorised,32.0,10.521739130434783,per-SKU,persku_rolling_mean_30,28.0,4.0,16.0,0.3801652892561983
9,731,2026-05-03,174,Uncategorised,32.0,10.521739130434783,per-SKU,persku_rolling_mean_180,48.33333333333336,16.333333333333357,266.77777777777857,1.5523415977961454
9,731,2026-05-03,174,Uncategorised,32.0,10.521739130434783,per-SKU,persku_tsb,33.6792085054216,1.6792085054215988,2.81974120468024,0.15959419679626766
9,731,2026-05-03,174,Uncategorised,32.0,10.521739130434783,per-SKU,persku_ewma_a0.1,32.95629290260218,0.9562929026021791,0.9144961155673009,0.09088734198285173
9,731,2026-05-03,174,Uncategorised,32.0,10.521739130434783,top-down,topdown_RM6_180,48.33333333333336,16.333333333333357,266.77777777777857,1.5523415977961454
9,731,2026-05-03,174,Uncategorised,32.0,10.521739130434783,top-down,topdown_rolling_mean_30,28.0,4.0,16.0,0.3801652892561983
9,731,2026-05-03,174,Uncategorised,32.0,10.521739130434783,top-down,topdown_tsb,33.6792085054216,1.6792085054215988,2.81974120468024,0.15959419679626766
9,731,2026-05-03,187,Outerwear,42.0,9.565217391304348,per-SKU,persku_rolling_mean_30,36.00000000000001,5.999999999999993,35.999999999999915,0.6272727272727265
9,731,2026-05-03,187,Outerwear,42.0,9.565217391304348,per-SKU,persku_rolling_mean_180,61.33333333333333,19.33333333333333,373.7777777777776,2.0212121212121206
9,731,2026-05-03,187,Outerwear,42.0,9.565217391304348,per-SKU,persku_tsb,34.71562542791837,7.2843745720816315,53.06211290638945,0.7615482507176251
9,731,2026-05-03,187,Outerwear,42.0,9.565217391304348,per-SKU,persku_ewma_a0.1,32.05690198410644,9.943098015893561,98.86519815366647,1.0395057016615996
9,731,2026-05-03,187,Outerwear,42.0,9.565217391304348,top-down,topdown_RM6_180,61.33333333333333,19.33333333333333,373.7777777777776,2.0212121212121206
9,731,2026-05-03,187,Outerwear,42.0,9.565217391304348,top-down,topdown_rolling_mean_30,36.00000000000001,5.999999999999993,35.999999999999915,0.6272727272727265
9,731,2026-05-03,187,Outerwear,42.0,9.565217391304348,top-down,topdown_tsb,34.71562542791837,7.2843745720816315,53.06211290638945,0.7615482507176251
9,731,2026-05-03,190,Lanyards & IDs,0.0,19.73913043478261,per-SKU,persku_rolling_mean_30,0.0,0.0,0.0,0.0
9,731,2026-05-03,190,Lanyards & IDs,0.0,19.73913043478261,per-SKU,persku_rolling_mean_180,0.0,0.0,0.0,0.0
9,731,2026-05-03,190,Lanyards & IDs,0.0,19.73913043478261,per-SKU,persku_tsb,1.3245224534506275e-08,1.3245224534506275e-08,1.7543597296948698e-16,6.710135777393047e-10
9,731,2026-05-03,190,Lanyards & IDs,0.0,19.73913043478261,per-SKU,persku_ewma_a0.1,1.0894013963218647e-08,1.0894013963218647e-08,1.1867954023080285e-16,5.518993858018257e-10
9,731,2026-05-03,190,Lanyards & IDs,0.0,19.73913043478261,top-down,topdown_RM6_180,0.0,0.0,0.0,0.0
9,731,2026-05-03,190,Lanyards & IDs,0.0,19.73913043478261,top-down,topdown_rolling_mean_30,0.0,0.0,0.0,0.0
9,731,2026-05-03,190,Lanyards & IDs,0.0,19.73913043478261,top-down,topdown_tsb,0.0,0.0,0.0,0.0
9,731,2026-05-03,192,Lanyards & IDs,41.0,6.869565217391305,per-SKU,persku_rolling_mean_30,32.0,9.0,81.0,1.310126582278481
9,731,2026-05-03,192,Lanyards & IDs,41.0,6.869565217391305,per-SKU,persku_rolling_mean_180,51.000000000000014,10.000000000000014,100.00000000000028,1.4556962025316476
9,731,2026-05-03,192,Lanyards & IDs,41.0,6.869565217391305,per-SKU,persku_tsb,31.535306169390097,9.464693830609903,89.58042930718516,1.377771886734353
9,731,2026-05-03,192,Lanyards & IDs,41.0,6.869565217391305,per-SKU,persku_ewma_a0.1,25.932601989216142,15.067398010783858,227.02648281537336,2.1933554066330934
9,731,2026-05-03,192,Lanyards & IDs,41.0,6.869565217391305,top-down,topdown_RM6_180,63.641951837769334,22.641951837769334,512.6579830238661,3.295980330814523
9,731,2026-05-03,192,Lanyards & IDs,41.0,6.869565217391305,top-down,topdown_rolling_mean_30,25.030418250950568,15.969581749049432,255.0275412395727,2.324685950810993
9,731,2026-05-03,192,Lanyards & IDs,41.0,6.869565217391305,top-down,topdown_tsb,25.777524536645878,15.222475463354122,231.7237592324183,2.2159299725135746
9,731,2026-05-03,209,Keychains & Charms,0.0,16.565217391304348,per-SKU,persku_rolling_mean_30,0.0,0.0,0.0,0.0
9,731,2026-05-03,209,Keychains & Charms,0.0,16.565217391304348,per-SKU,persku_rolling_mean_180,0.0,0.0,0.0,0.0
9,731,2026-05-03,209,Keychains & Charms,0.0,16.565217391304348,per-SKU,persku_tsb,1.8711106922460905e-19,1.8711106922460905e-19,3.5010552226376443e-38,1.1295418877076137e-20
9,731,2026-05-03,209,Keychains & Charms,0.0,16.565217391304348,per-SKU,persku_ewma_a0.1,8.555628442831008e-20,8.555628442831008e-20,7.319877805177894e-39,5.164815070475412e-21
9,731,2026-05-03,209,Keychains & Charms,0.0,16.565217391304348,top-down,topdown_RM6_180,0.0,0.0,0.0,0.0
9,731,2026-05-03,209,Keychains & Charms,0.0,16.565217391304348,top-down,topdown_rolling_mean_30,0.0,0.0,0.0,0.0
9,731,2026-05-03,209,Keychains & Charms,0.0,16.565217391304348,top-down,topdown_tsb,0.0,0.0,0.0,0.0
9,731,2026-05-03,212,Stationery,181.0,19.608695652173914,per-SKU,persku_rolling_mean_30,52.99999999999999,128.0,16384.0,6.527716186252771
9,731,2026-05-03,212,Stationery,181.0,19.608695652173914,per-SKU,persku_rolling_mean_180,30.333333333333343,150.66666666666666,22700.44444444444,7.683665927568366
9,731,2026-05-03,212,Stationery,181.0,19.608695652173914,per-SKU,persku_tsb,55.07979826062913,125.92020173937087,15855.897206083859,6.421651086486762
9,731,2026-05-03,212,Stationery,181.0,19.608695652173914,per-SKU,persku_ewma_a0.1,49.06519610744928,131.93480389255072,17406.792478165815,6.728382460152254
9,731,2026-05-03,212,Stationery,181.0,19.608695652173914,top-down,topdown_RM6_180,31.44632206759444,149.55367793240555,22366.302583109686,7.626905969945294
9,731,2026-05-03,212,Stationery,181.0,19.608695652173914,top-down,topdown_rolling_mean_30,12.829025844930417,168.1709741550696,28281.476548265084,8.57634679726519
9,731,2026-05-03,212,Stationery,181.0,19.608695652173914,top-down,topdown_tsb,15.98305516398132,165.0169448360187,27230.59208301364,8.415498295406717
9,731,2026-05-03,213,Stationery,0.0,4.434782608695652,per-SKU,persku_rolling_mean_30,0.0,0.0,0.0,0.0
9,731,2026-05-03,213,Stationery,0.0,4.434782608695652,per-SKU,persku_rolling_mean_180,0.0,0.0,0.0,0.0
9,731,2026-05-03,213,Stationery,0.0,4.434782608695652,per-SKU,persku_tsb,2.9382548141325345e-14,2.9382548141325345e-14,8.633341352773015e-28,6.625476541671401e-15
9,731,2026-05-03,213,Stationery,0.0,4.434782608695652,per-SKU,persku_ewma_a0.1,2.6755468645761404e-14,2.6755468645761404e-14,7.158551024543216e-28,6.033095871103061e-15
9,731,2026-05-03,213,Stationery,0.0,4.434782608695652,top-down,topdown_RM6_180,0.0,0.0,0.0,0.0
9,731,2026-05-03,213,Stationery,0.0,4.434782608695652,top-down,topdown_rolling_mean_30,0.0,0.0,0.0,0.0
9,731,2026-05-03,213,Stationery,0.0,4.434782608695652,top-down,topdown_tsb,0.0,0.0,0.0,0.0
9,731,2026-05-03,215,Lanyards & IDs,228.0,147.8695652173913,per-SKU,persku_rolling_mean_30,113.99999999999997,114.00000000000003,12996.000000000007,0.7709497206703912
9,731,2026-05-03,215,Lanyards & IDs,228.0,147.8695652173913,per-SKU,persku_rolling_mean_180,379.3333333333333,151.33333333333331,22901.777777777774,1.0234244829951973
9,731,2026-05-03,215,Lanyards & IDs,228.0,147.8695652173913,per-SKU,persku_tsb,112.82738241257849,115.17261758742151,13264.731841938436,0.778879801385091
9,731,2026-05-03,215,Lanyards & IDs,228.0,147.8695652173913,per-SKU,persku_ewma_a0.1,95.68101886177561,132.3189811382244,17508.31276945778,0.8948358030517968
9,731,2026-05-03,215,Lanyards & IDs,228.0,147.8695652173913,top-down,topdown_RM6_180,328.6338719898606,100.63387198986061,10127.176191671651,0.6805583815838853
9,731,2026-05-03,215,Lanyards & IDs,228.0,147.8695652173913,top-down,topdown_rolling_mean_30,129.2519011406844,98.7480988593156,9751.187028329168,0.6678054318624695
9,731,2026-05-03,215,Lanyards & IDs,228.0,147.8695652173913,top-down,topdown_tsb,133.1098034263007,94.89019657369931,9004.149405795297,0.641715531077649
9,731,2026-05-03,216,Lanyards & IDs,0.0,19.782608695652176,per-SKU,persku_rolling_mean_30,0.0,0.0,0.0,0.0
9,731,2026-05-03,216,Lanyards & IDs,0.0,19.782608695652176,per-SKU,persku_rolling_mean_180,0.0,0.0,0.0,0.0
9,731,2026-05-03,216,Lanyards & IDs,0.0,19.782608695652176,per-SKU,persku_tsb,1.660183519633226e-14,1.660183519633226e-14,2.7562093188617666e-28,8.392136472871252e-16
9,731,2026-05-03,216,Lanyards & IDs,0.0,19.782608695652176,per-SKU,persku_ewma_a0.1,1.5974881181994138e-14,1.5974881181994138e-14,2.551968287788304e-28,8.075214663425608e-16
9,731,2026-05-03,216,Lanyards & IDs,0.0,19.782608695652176,top-down,topdown_RM6_180,0.0,0.0,0.0,0.0
9,731,2026-05-03,216,Lanyards & IDs,0.0,19.782608695652176,top-down,topdown_rolling_mean_30,0.0,0.0,0.0,0.0
9,731,2026-05-03,216,Lanyards & IDs,0.0,19.782608695652176,top-down,topdown_tsb,0.0,0.0,0.0,0.0
9,731,2026-05-03,221,Stationery,0.0,15.478260869565217,per-SKU,persku_rolling_mean_30,0.0,0.0,0.0,0.0
9,731,2026-05-03,221,Stationery,0.0,15.478260869565217,per-SKU,persku_rolling_mean_180,2.0,2.0,4.0,0.12921348314606743
9,731,2026-05-03,221,Stationery,0.0,15.478260869565217,per-SKU,persku_tsb,1.0313959166634618e-05,1.0313959166634618e-05,1.0637775369100625e-10,6.663512944735848e-07
9,731,2026-05-03,221,Stationery,0.0,15.478260869565217,per-SKU,persku_ewma_a0.1,4.816611539066011e-06,4.816611539066011e-06,2.3199746718263848e-11,3.1118557696212997e-07
9,731,2026-05-03,221,Stationery,0.0,15.478260869565217,top-down,topdown_RM6_180,0.0,0.0,0.0,0.0
9,731,2026-05-03,221,Stationery,0.0,15.478260869565217,top-down,topdown_rolling_mean_30,0.0,0.0,0.0,0.0
9,731,2026-05-03,221,Stationery,0.0,15.478260869565217,top-down,topdown_tsb,0.0,0.0,0.0,0.0
9,731,2026-05-03,227,Stationery,40.0,18.347826086956523,per-SKU,persku_rolling_mean_30,22.000000000000004,17.999999999999996,323.9999999999999,0.9810426540284357
9,731,2026-05-03,227,Stationery,40.0,18.347826086956523,per-SKU,persku_rolling_mean_180,34.333333333333336,5.666666666666664,32.111111111111086,0.30884676145339635
9,731,2026-05-03,227,Stationery,40.0,18.347826086956523,per-SKU,persku_tsb,23.241432926119664,16.758567073880336,280.8495703697461,0.9133816177707291
9,731,2026-05-03,227,Stationery,40.0,18.347826086956523,per-SKU,persku_ewma_a0.1,17.529372876955616,22.470627123044384,504.92908330289794,1.22470242613749
9,731,2026-05-03,227,Stationery,40.0,18.347826086956523,top-down,topdown_RM6_180,54.15755467196821,14.157554671968207,200.4363542897688,0.7716202783300207
9,731,2026-05-03,227,Stationery,40.0,18.347826086956523,top-down,topdown_rolling_mean_30,22.094433399602387,17.905566600397613,320.6093152812745,0.9758958099742774
9,731,2026-05-03,227,Stationery,40.0,18.347826086956523,top-down,topdown_tsb,27.526372782412274,12.473627217587726,155.5913759633453,0.6798422417168666
9,731,2026-05-03,228,Stationery,59.0,35.17391304347826,per-SKU,persku_rolling_mean_30,20.999999999999993,38.00000000000001,1444.0000000000005,1.0803461063040793
9,731,2026-05-03,228,Stationery,59.0,35.17391304347826,per-SKU,persku_rolling_mean_180,58.16666666666667,0.8333333333333286,0.6944444444444365,0.023691800576843707
9,731,2026-05-03,228,Stationery,59.0,35.17391304347826,per-SKU,persku_tsb,30.096567491536163,28.903432508463837,835.4084107713242,0.8217292307721487
9,731,2026-05-03,228,Stationery,59.0,35.17391304347826,per-SKU,persku_ewma_a0.1,16.839338078249952,42.16066192175005,1777.5214136801044,1.1986343933254031
9,731,2026-05-03,228,Stationery,59.0,35.17391304347826,top-down,topdown_RM6_180,71.62773359840956,12.627733598409563,159.45965583240172,0.3590084953812361
9,731,2026-05-03,228,Stationery,59.0,35.17391304347826,top-down,topdown_rolling_mean_30,29.221669980119287,29.778330019880713,886.7489387729288,0.8466027076109474
9,731,2026-05-03,228,Stationery,59.0,35.17391304347826,top-down,topdown_tsb,36.40584787351301,22.59415212648699,510.4957103148365,0.6423553756603224
9,731,2026-05-03,229,Stationery,88.0,51.869565217391305,per-SKU,persku_rolling_mean_30,47.00000000000002,40.99999999999998,1680.9999999999982,0.7904442581726735
9,731,2026-05-03,229,Stationery,88.0,51.869565217391305,per-SKU,persku_rolling_mean_180,62.66666666666667,25.33333333333333,641.7777777777775,0.48840458228555456
9,731,2026-05-03,229,Stationery,88.0,51.869565217391305,per-SKU,persku_tsb,44.990982557946836,43.009017442053164,1849.7755813308333,0.8291763630907149
9,731,2026-05-03,229,Stationery,88.0,51.869565217391305,per-SKU,persku_ewma_a0.1,39.865114288795745,48.134885711204255,2316.9672224306955,0.9279986348346169
9,731,2026-05-03,229,Stationery,88.0,51.869565217391305,top-down,topdown_RM6_180,95.50364479787942,7.503644797879417,56.30468525274284,0.14466373038661073
9,731,2026-05-03,229,Stationery,88.0,51.869565217391305,top-down,topdown_rolling_mean_30,38.962226640159045,49.037773359840955,2404.703216091127,0.9454055216063219
9,731,2026-05-03,229,Stationery,88.0,51.869565217391305,top-down,topdown_tsb,48.54113049801734,39.45886950198266,1557.0023823744975,0.7607326056543179
9,731,2026-05-03,242,Plush & Souvenirs,0.0,81.30434782608695,per-SKU,persku_rolling_mean_30,0.0,0.0,0.0,0.0
9,731,2026-05-03,242,Plush & Souvenirs,0.0,81.30434782608695,per-SKU,persku_rolling_mean_180,0.0,0.0,0.0,0.0
9,731,2026-05-03,242,Plush & Souvenirs,0.0,81.30434782608695,per-SKU,persku_tsb,2.801140578109462e-20,2.801140578109462e-20,7.846388538331411e-40,3.4452531174608357e-22
9,731,2026-05-03,242,Plush & Souvenirs,0.0,81.30434782608695,per-SKU,persku_ewma_a0.1,3.7462806331848074e-20,3.7462806331848074e-20,1.4034618582575562e-39,4.607724842954576e-22
9,731,2026-05-03,242,Plush & Souvenirs,0.0,81.30434782608695,top-down,topdown_RM6_180,0.0,0.0,0.0,0.0
9,731,2026-05-03,242,Plush & Souvenirs,0.0,81.30434782608695,top-down,topdown_rolling_mean_30,0.0,0.0,0.0,0.0
9,731,2026-05-03,242,Plush & Souvenirs,0.0,81.30434782608695,top-down,topdown_tsb,0.0,0.0,0.0,0.0
9,731,2026-05-03,250,Plush & Souvenirs,0.0,4.695652173913044,per-SKU,persku_rolling_mean_30,0.0,0.0,0.0,0.0
9,731,2026-05-03,250,Plush & Souvenirs,0.0,4.695652173913044,per-SKU,persku_rolling_mean_180,0.0,0.0,0.0,0.0
9,731,2026-05-03,250,Plush & Souvenirs,0.0,4.695652173913044,per-SKU,persku_tsb,7.903456319255126e-20,7.903456319255126e-20,6.24646217903738e-39,1.683143475396925e-20
9,731,2026-05-03,250,Plush & Souvenirs,0.0,4.695652173913044,per-SKU,persku_ewma_a0.1,7.615736888972481e-20,7.615736888972481e-20,5.799944836205624e-39,1.621869893021917e-20
9,731,2026-05-03,250,Plush & Souvenirs,0.0,4.695652173913044,top-down,topdown_RM6_180,0.0,0.0,0.0,0.0
9,731,2026-05-03,250,Plush & Souvenirs,0.0,4.695652173913044,top-down,topdown_rolling_mean_30,0.0,0.0,0.0,0.0
9,731,2026-05-03,250,Plush & Souvenirs,0.0,4.695652173913044,top-down,topdown_tsb,0.0,0.0,0.0,0.0
9,731,2026-05-03,251,Plush & Souvenirs,0.0,24.0,per-SKU,persku_rolling_mean_30,0.0,0.0,0.0,0.0
9,731,2026-05-03,251,Plush & Souvenirs,0.0,24.0,per-SKU,persku_rolling_mean_180,0.0,0.0,0.0,0.0
9,731,2026-05-03,251,Plush & Souvenirs,0.0,24.0,per-SKU,persku_tsb,2.3172805197013642e-07,2.3172805197013642e-07,5.3697890069874247e-14,9.655335498755684e-09
9,731,2026-05-03,251,Plush & Souvenirs,0.0,24.0,per-SKU,persku_ewma_a0.1,2.2496646979917446e-07,2.2496646979917446e-07,5.0609912533902874e-14,9.373602908298935e-09
9,731,2026-05-03,251,Plush & Souvenirs,0.0,24.0,top-down,topdown_RM6_180,0.0,0.0,0.0,0.0
9,731,2026-05-03,251,Plush & Souvenirs,0.0,24.0,top-down,topdown_rolling_mean_30,0.0,0.0,0.0,0.0
9,731,2026-05-03,251,Plush & Souvenirs,0.0,24.0,top-down,topdown_tsb,0.0,0.0,0.0,0.0
9,731,2026-05-03,252,Plush & Souvenirs,0.0,8.08695652173913,per-SKU,persku_rolling_mean_30,0.0,0.0,0.0,0.0
9,731,2026-05-03,252,Plush & Souvenirs,0.0,8.08695652173913,per-SKU,persku_rolling_mean_180,0.0,0.0,0.0,0.0
9,731,2026-05-03,252,Plush & Souvenirs,0.0,8.08695652173913,per-SKU,persku_tsb,6.132122470515062e-20,6.132122470515062e-20,3.760292599339574e-39,7.582732087196044e-21
9,731,2026-05-03,252,Plush & Souvenirs,0.0,8.08695652173913,per-SKU,persku_ewma_a0.1,5.512149121990335e-20,5.512149121990335e-20,3.038378794305882e-39,6.816098376654715e-21
9,731,2026-05-03,252,Plush & Souvenirs,0.0,8.08695652173913,top-down,topdown_RM6_180,0.0,0.0,0.0,0.0
9,731,2026-05-03,252,Plush & Souvenirs,0.0,8.08695652173913,top-down,topdown_rolling_mean_30,0.0,0.0,0.0,0.0
9,731,2026-05-03,252,Plush & Souvenirs,0.0,8.08695652173913,top-down,topdown_tsb,0.0,0.0,0.0,0.0
9,731,2026-05-03,261,Stationery,78.0,60.21739130434783,per-SKU,persku_rolling_mean_30,1.0,77.0,5929.0,1.2787003610108303
9,731,2026-05-03,261,Stationery,78.0,60.21739130434783,per-SKU,persku_rolling_mean_180,75.66666666666669,2.3333333333333144,5.444444444444356,0.03874849578820666
9,731,2026-05-03,261,Stationery,78.0,60.21739130434783,per-SKU,persku_tsb,7.569404584030277,70.43059541596972,4960.4687706480145,1.1696055556442624
9,731,2026-05-03,261,Stationery,78.0,60.21739130434783,per-SKU,persku_ewma_a0.1,9.534220141712286,68.46577985828772,4687.563011603516,1.1369768496322148
9,731,2026-05-03,261,Stationery,78.0,60.21739130434783,top-down,topdown_RM6_180,103.65639496355206,25.65639496355206,658.2506025257795,0.42606287665104503
9,731,2026-05-03,261,Stationery,78.0,60.21739130434783,top-down,topdown_rolling_mean_30,42.2882703777336,35.7117296222664,1275.3276326138591,0.5930467735105611
9,731,2026-05-03,261,Stationery,78.0,60.21739130434783,top-down,topdown_tsb,52.68488554053102,25.31511445946898,640.8550200960154,0.42039540257601915
9,731,2026-05-03,267,Shirts & Tops,0.0,9.043478260869565,per-SKU,persku_rolling_mean_30,0.0,0.0,0.0,0.0
9,731,2026-05-03,267,Shirts & Tops,0.0,9.043478260869565,per-SKU,persku_rolling_mean_180,34.66666666666667,34.66666666666667,1201.777777777778,3.8333333333333344
9,731,2026-05-03,267,Shirts & Tops,0.0,9.043478260869565,per-SKU,persku_tsb,0.07198967491127009,0.07198967491127009,0.00518251329383035,0.007960396744996212
9,731,2026-05-03,267,Shirts & Tops,0.0,9.043478260869565,per-SKU,persku_ewma_a0.1,0.05472122737410719,0.05472122737410719,0.0029944127253287377,0.006050904950021468
9,731,2026-05-03,267,Shirts & Tops,0.0,9.043478260869565,top-down,topdown_RM6_180,8.623448114312486,8.623448114312486,74.36385738023958,0.9535543587941693
9,731,2026-05-03,267,Shirts & Tops,0.0,9.043478260869565,top-down,topdown_rolling_mean_30,4.4202389318341515,4.4202389318341515,19.538512214502322,0.48877642034704566
9,731,2026-05-03,267,Shirts & Tops,0.0,9.043478260869565,top-down,topdown_tsb,5.184146393476036,5.184146393476036,26.87537382899059,0.5732469569709079
9,731,2026-05-03,276,Stationery,0.0,27.304347826086957,per-SKU,persku_rolling_mean_30,0.0,0.0,0.0,0.0
9,731,2026-05-03,276,Stationery,0.0,27.304347826086957,per-SKU,persku_rolling_mean_180,0.0,0.0,0.0,0.0
9,731,2026-05-03,276,Stationery,0.0,27.304347826086957,per-SKU,persku_tsb,2.020413825749958e-15,2.020413825749958e-15,4.082072027281581e-30,7.399604775835833e-17
9,731,2026-05-03,276,Stationery,0.0,27.304347826086957,per-SKU,persku_ewma_a0.1,8.896147692067802e-16,8.896147692067802e-16,7.914144375908328e-31,3.258143263018463e-17
9,731,2026-05-03,276,Stationery,0.0,27.304347826086957,top-down,topdown_RM6_180,0.0,0.0,0.0,0.0
9,731,2026-05-03,276,Stationery,0.0,27.304347826086957,top-down,topdown_rolling_mean_30,0.0,0.0,0.0,0.0
9,731,2026-05-03,276,Stationery,0.0,27.304347826086957,top-down,topdown_tsb,0.0,0.0,0.0,0.0
9,731,2026-05-03,277,Stationery,0.0,50.52173913043478,per-SKU,persku_rolling_mean_30,8.0,8.0,64.0,0.15834767641996558
9,731,2026-05-03,277,Stationery,0.0,50.52173913043478,per-SKU,persku_rolling_mean_180,68.49999999999999,68.49999999999999,4692.249999999998,1.355851979345955
9,731,2026-05-03,277,Stationery,0.0,50.52173913043478,per-SKU,persku_tsb,27.74397591395731,27.74397591395731,769.7281995142433,0.5491492650783288
9,731,2026-05-03,277,Stationery,0.0,50.52173913043478,per-SKU,persku_ewma_a0.1,24.415390590329757,24.415390590329757,596.1112976783628,0.4832650461080761
9,731,2026-05-03,277,Stationery,0.0,50.52173913043478,top-down,topdown_RM6_180,85.60387673956265,85.60387673956265,7328.023712842235,1.6943968717813607
9,731,2026-05-03,277,Stationery,0.0,50.52173913043478,top-down,topdown_rolling_mean_30,34.92345924453281,34.92345924453281,1219.648005604544,0.6912560779898921
9,731,2026-05-03,277,Stationery,0.0,50.52173913043478,top-down,topdown_tsb,43.50942794639359,43.50942794639359,1893.0703202224158,0.8612021022091675
9,731,2026-05-03,291,Shirts & Tops,81.0,16.434782608695652,per-SKU,persku_rolling_mean_30,72.00000000000001,8.999999999999986,80.99999999999974,0.5476190476190468
9,731,2026-05-03,291,Shirts & Tops,81.0,16.434782608695652,per-SKU,persku_rolling_mean_180,67.33333333333334,13.666666666666657,186.77777777777752,0.8315696649029977
9,731,2026-05-03,291,Shirts & Tops,81.0,16.434782608695652,per-SKU,persku_tsb,86.46632339939185,5.466323399391854,29.880691506738913,0.33260697932807576
9,731,2026-05-03,291,Shirts & Tops,81.0,16.434782608695652,per-SKU,persku_ewma_a0.1,99.20321910700451,18.203219107004514,331.35718585761424,1.1076032789976291
9,731,2026-05-03,291,Shirts & Tops,81.0,16.434782608695652,top-down,topdown_RM6_180,98.40876083391896,17.40876083391896,303.0649537725908,1.0592632253442755
9,731,2026-05-03,291,Shirts & Tops,81.0,16.434782608695652,top-down,topdown_rolling_mean_30,50.442726633872084,30.557273366127916,933.7469555722705,1.8593049931770953
9,731,2026-05-03,291,Shirts & Tops,81.0,16.434782608695652,top-down,topdown_tsb,59.16025884319712,21.83974115680288,476.9742937961496,1.3288731391705455
9,731,2026-05-03,326,Stationery,0.0,4.521739130434782,per-SKU,persku_rolling_mean_30,0.0,0.0,0.0,0.0
9,731,2026-05-03,326,Stationery,0.0,4.521739130434782,per-SKU,persku_rolling_mean_180,0.0,0.0,0.0,0.0
9,731,2026-05-03,326,Stationery,0.0,4.521739130434782,per-SKU,persku_tsb,2.7652342387119235e-14,2.7652342387119235e-14,7.646520394944711e-28,6.115421874074447e-15
9,731,2026-05-03,326,Stationery,0.0,4.521739130434782,per-SKU,persku_ewma_a0.1,3.004924186952395e-14,3.004924186952395e-14,9.029569369331513e-28,6.645505413452413e-15
9,731,2026-05-03,326,Stationery,0.0,4.521739130434782,top-down,topdown_RM6_180,0.0,0.0,0.0,0.0
9,731,2026-05-03,326,Stationery,0.0,4.521739130434782,top-down,topdown_rolling_mean_30,0.0,0.0,0.0,0.0
9,731,2026-05-03,326,Stationery,0.0,4.521739130434782,top-down,topdown_tsb,0.0,0.0,0.0,0.0
9,731,2026-05-03,340,Lanyards & IDs,0.0,13.478260869565217,per-SKU,persku_rolling_mean_30,0.0,0.0,0.0,0.0
9,731,2026-05-03,340,Lanyards & IDs,0.0,13.478260869565217,per-SKU,persku_rolling_mean_180,0.0,0.0,0.0,0.0
9,731,2026-05-03,340,Lanyards & IDs,0.0,13.478260869565217,per-SKU,persku_tsb,6.9099928747492345e-09,6.9099928747492345e-09,4.774800152908519e-17,5.126768907072013e-10
9,731,2026-05-03,340,Lanyards & IDs,0.0,13.478260869565217,per-SKU,persku_ewma_a0.1,1.9965331787991753e-09,1.9965331787991753e-09,3.98614473404594e-18,1.4812988100768075e-10
9,731,2026-05-03,340,Lanyards & IDs,0.0,13.478260869565217,top-down,topdown_RM6_180,0.0,0.0,0.0,0.0
9,731,2026-05-03,340,Lanyards & IDs,0.0,13.478260869565217,top-down,topdown_rolling_mean_30,0.0,0.0,0.0,0.0
9,731,2026-05-03,340,Lanyards & IDs,0.0,13.478260869565217,top-down,topdown_tsb,0.0,0.0,0.0,0.0
9,731,2026-05-03,346,Keychains & Charms,0.0,6.956521739130435,per-SKU,persku_rolling_mean_30,0.0,0.0,0.0,0.0
9,731,2026-05-03,346,Keychains & Charms,0.0,6.956521739130435,per-SKU,persku_rolling_mean_180,4.0,4.0,16.0,0.5750000000000001
9,731,2026-05-03,346,Keychains & Charms,0.0,6.956521739130435,per-SKU,persku_tsb,4.605344022985887e-06,4.605344022985887e-06,2.1209193570051832e-11,6.620182033042212e-07
9,731,2026-05-03,346,Keychains & Charms,0.0,6.956521739130435,per-SKU,persku_ewma_a0.1,2.3255113063112822e-06,2.3255113063112822e-06,5.4080028357816066e-12,3.342922502822468e-07
9,731,2026-05-03,346,Keychains & Charms,0.0,6.956521739130435,top-down,topdown_RM6_180,0.0,0.0,0.0,0.0
9,731,2026-05-03,346,Keychains & Charms,0.0,6.956521739130435,top-down,topdown_rolling_mean_30,0.0,0.0,0.0,0.0
9,731,2026-05-03,346,Keychains & Charms,0.0,6.956521739130435,top-down,topdown_tsb,0.0,0.0,0.0,0.0
9,731,2026-05-03,350,Keychains & Charms,77.0,24.130434782608695,per-SKU,persku_rolling_mean_30,45.0,32.0,1024.0,1.3261261261261261
9,731,2026-05-03,350,Keychains & Charms,77.0,24.130434782608695,per-SKU,persku_rolling_mean_180,101.33333333333334,24.333333333333343,592.1111111111115,1.0084084084084088
9,731,2026-05-03,350,Keychains & Charms,77.0,24.130434782608695,per-SKU,persku_tsb,44.66050760413396,32.33949239586604,1045.8427684222772,1.3401951803692231
9,731,2026-05-03,350,Keychains & Charms,77.0,24.130434782608695,per-SKU,persku_ewma_a0.1,38.84262823402601,38.15737176597399,1455.985020086749,1.5812964875989222
9,731,2026-05-03,350,Keychains & Charms,77.0,24.130434782608695,top-down,topdown_RM6_180,123.26388888888884,46.26388888888884,2140.3474151234527,1.9172422422422404
9,731,2026-05-03,350,Keychains & Charms,77.0,24.130434782608695,top-down,topdown_rolling_mean_30,55.000000000000014,21.999999999999986,483.9999999999994,0.9117117117117112
9,731,2026-05-03,350,Keychains & Charms,77.0,24.130434782608695,top-down,topdown_tsb,58.560006293441745,18.439993706558255,340.033367897908,0.7641799193708827
9,731,2026-05-03,352,Plush & Souvenirs,92.0,6.913043478260869,per-SKU,persku_rolling_mean_30,26.999999999999993,65.0,4225.0,9.40251572327044
9,731,2026-05-03,352,Plush & Souvenirs,92.0,6.913043478260869,per-SKU,persku_rolling_mean_180,44.66666666666666,47.33333333333334,2240.4444444444453,6.846960167714887
9,731,2026-05-03,352,Plush & Souvenirs,92.0,6.913043478260869,per-SKU,persku_tsb,30.70937279627742,61.29062720372258,3756.540983025698,8.865939784186285
9,731,2026-05-03,352,Plush & Souvenirs,92.0,6.913043478260869,per-SKU,persku_ewma_a0.1,21.33920290981351,70.66079709018649,4992.948245420508,10.221373163989242
9,731,2026-05-03,352,Plush & Souvenirs,92.0,6.913043478260869,top-down,topdown_RM6_180,35.62777777777779,56.37222222222221,3177.827438271604,8.154472396925227
9,731,2026-05-03,352,Plush & Souvenirs,92.0,6.913043478260869,top-down,topdown_rolling_mean_30,52.43333333333335,39.56666666666665,1565.5211111111096,5.7234800838574404
9,731,2026-05-03,352,Plush & Souvenirs,92.0,6.913043478260869,top-down,topdown_tsb,48.678574655219904,43.321425344780096,1876.7458939033552,6.266621276288945
9,731,2026-05-03,354,Plush & Souvenirs,63.0,6.826086956521739,per-SKU,persku_rolling_mean_30,68.99999999999999,5.999999999999986,35.99999999999983,0.8789808917197431
9,731,2026-05-03,354,Plush & Souvenirs,63.0,6.826086956521739,per-SKU,persku_rolling_mean_180,27.666666666666657,35.33333333333334,1248.444444444445,5.176220806794056
9,731,2026-05-03,354,Plush & Souvenirs,63.0,6.826086956521739,per-SKU,persku_tsb,69.16454093231371,6.164540932313713,38.001564906171225,0.9030856142879962
9,731,2026-05-03,354,Plush & Souvenirs,63.0,6.826086956521739,per-SKU,persku_ewma_a0.1,70.59666765172446,7.596667651724459,57.70935941075681,1.1128876177685514
9,731,2026-05-03,354,Plush & Souvenirs,63.0,6.826086956521739,top-down,topdown_RM6_180,28.880092592592604,34.119907407407396,1164.1680814900542,4.998457773059682
9,731,2026-05-03,354,Plush & Souvenirs,63.0,6.826086956521739,top-down,topdown_rolling_mean_30,42.502777777777794,20.497222222222206,420.1361188271598,3.002777777777775
9,731,2026-05-03,354,Plush & Souvenirs,63.0,6.826086956521739,top-down,topdown_tsb,39.45914763718583,23.54085236281417,554.1717299678136,3.4486599002848783
9,731,2026-05-03,356,Bags,0.0,22.347826086956523,per-SKU,persku_rolling_mean_30,0.0,0.0,0.0,0.0
9,731,2026-05-03,356,Bags,0.0,22.347826086956523,per-SKU,persku_rolling_mean_180,0.0,0.0,0.0,0.0
9,731,2026-05-03,356,Bags,0.0,22.347826086956523,per-SKU,persku_tsb,3.0930421180911957e-07,3.0930421180911957e-07,9.56690954428607e-14,1.3840460839707683e-08
9,731,2026-05-03,356,Bags,0.0,22.347826086956523,per-SKU,persku_ewma_a0.1,3.170518115314657e-07,3.170518115314657e-07,1.0052185119538405e-13,1.4187143317555857e-08
9,731,2026-05-03,356,Bags,0.0,22.347826086956523,top-down,topdown_RM6_180,0.0,0.0,0.0,0.0
9,731,2026-05-03,356,Bags,0.0,22.347826086956523,top-down,topdown_rolling_mean_30,0.0,0.0,0.0,0.0
9,731,2026-05-03,356,Bags,0.0,22.347826086956523,top-down,topdown_tsb,0.0,0.0,0.0,0.0
9,731,2026-05-03,358,Bags,95.0,128.08695652173913,per-SKU,persku_rolling_mean_30,4.0,91.0,8281.0,0.7104548540393755
9,731,2026-05-03,358,Bags,95.0,128.08695652173913,per-SKU,persku_rolling_mean_180,84.33333333333337,10.666666666666629,113.77777777777698,0.08327675944783859
9,731,2026-05-03,358,Bags,95.0,128.08695652173913,per-SKU,persku_tsb,13.200297875732058,81.79970212426794,6691.191267618965,0.6386263234413315
9,731,2026-05-03,358,Bags,95.0,128.08695652173913,per-SKU,persku_ewma_a0.1,3.2241757280952252,91.77582427190478,8422.801920787546,0.7165118663454888
9,731,2026-05-03,358,Bags,95.0,128.08695652173913,top-down,topdown_RM6_180,19.567474048442907,75.4325259515571,5690.065971432335,0.5889165298322516
9,731,2026-05-03,358,Bags,95.0,128.08695652173913,top-down,topdown_rolling_mean_30,18.062283737024224,76.93771626297578,5919.412183762169,0.6006678459091795
9,731,2026-05-03,358,Bags,95.0,128.08695652173913,top-down,topdown_tsb,16.638687798309814,78.36131220169018,6140.495249970759,0.6117821387097333
9,731,2026-05-03,359,Bags,35.0,11.956521739130435,per-SKU,persku_rolling_mean_30,145.00000000000003,110.00000000000003,12100.000000000005,9.200000000000001
9,731,2026-05-03,359,Bags,35.0,11.956521739130435,per-SKU,persku_rolling_mean_180,90.3333333333333,55.3333333333333,3061.777777777774,4.627878787878785
9,731,2026-05-03,359,Bags,35.0,11.956521739130435,per-SKU,persku_tsb,116.38577519647052,81.38577519647052,6623.6444043304355,6.806810289159352
9,731,2026-05-03,359,Bags,35.0,11.956521739130435,per-SKU,persku_ewma_a0.1,107.70315999084663,72.70315999084663,5285.749472654642,6.080627926507172
9,731,2026-05-03,359,Bags,35.0,11.956521739130435,top-down,topdown_RM6_180,160.34457900807385,125.34457900807385,15711.263486711268,10.483364789766176
9,731,2026-05-03,359,Bags,35.0,11.956521739130435,top-down,topdown_rolling_mean_30,148.0103806228374,113.0103806228374,12771.346128518584,9.45177728845549
9,731,2026-05-03,359,Bags,35.0,11.956521739130435,top-down,topdown_tsb,136.34480279170543,101.34480279170543,10270.769052889666,8.476110778942635
9,731,2026-05-03,377,Lanyards & IDs,193.0,86.30434782608695,per-SKU,persku_rolling_mean_30,81.00000000000003,111.99999999999997,12543.999999999995,1.297732997481108
9,731,2026-05-03,377,Lanyards & IDs,193.0,86.30434782608695,per-SKU,persku_rolling_mean_180,146.83333333333334,46.16666666666666,2131.3611111111104,0.5349286314021829
9,731,2026-05-03,377,Lanyards & IDs,193.0,86.30434782608695,per-SKU,persku_tsb,88.216917458902,104.783082541098,10979.494386814556,1.2141112838515133
9,731,2026-05-03,377,Lanyards & IDs,193.0,86.30434782608695,per-SKU,persku_ewma_a0.1,85.8236582712095,107.1763417287905,11486.768226366481,1.2418417429532402
9,731,2026-05-03,377,Lanyards & IDs,193.0,86.30434782608695,top-down,topdown_RM6_180,184.89084283903676,8.109157160963235,65.75842986120132,0.09396000740662691
9,731,2026-05-03,377,Lanyards & IDs,193.0,86.30434782608695,top-down,topdown_rolling_mean_30,72.717680608365,120.282319391635,14467.836358231292,1.3936994186436298
9,731,2026-05-03,377,Lanyards & IDs,193.0,86.30434782608695,top-down,topdown_tsb,74.88815317973845,118.11184682026155,13950.408359292927,1.368550366179353
9,731,2026-05-03,378,Lanyards & IDs,0.0,3.0434782608695654,per-SKU,persku_rolling_mean_30,0.0,0.0,0.0,0.0
9,731,2026-05-03,378,Lanyards & IDs,0.0,3.0434782608695654,per-SKU,persku_rolling_mean_180,0.0,0.0,0.0,0.0
9,731,2026-05-03,378,Lanyards & IDs,0.0,3.0434782608695654,per-SKU,persku_tsb,1.1640285045275145e-21,1.1640285045275145e-21,1.354962359352562e-42,3.82466508630469e-22
9,731,2026-05-03,378,Lanyards & IDs,0.0,3.0434782608695654,per-SKU,persku_ewma_a0.1,1.2119424890025412e-21,1.2119424890025412e-21,1.4688045966496746e-42,3.982096749579778e-22
9,731,2026-05-03,378,Lanyards & IDs,0.0,3.0434782608695654,top-down,topdown_RM6_180,0.0,0.0,0.0,0.0
9,731,2026-05-03,378,Lanyards & IDs,0.0,3.0434782608695654,top-down,topdown_rolling_mean_30,0.0,0.0,0.0,0.0
9,731,2026-05-03,378,Lanyards & IDs,0.0,3.0434782608695654,top-down,topdown_tsb,0.0,0.0,0.0,0.0
9,731,2026-05-03,380,Shirts & Tops,48.0,2.0869565217391304,per-SKU,persku_rolling_mean_30,37.99999999999999,10.000000000000007,100.00000000000014,4.7916666666666705
9,731,2026-05-03,380,Shirts & Tops,48.0,2.0869565217391304,per-SKU,persku_rolling_mean_180,25.333333333333336,22.666666666666664,513.7777777777777,10.86111111111111
9,731,2026-05-03,380,Shirts & Tops,48.0,2.0869565217391304,per-SKU,persku_tsb,42.14079878023486,5.85920121976514,34.3302389336973,2.80753391780413
9,731,2026-05-03,380,Shirts & Tops,48.0,2.0869565217391304,per-SKU,persku_ewma_a0.1,42.42665611734847,5.573343882651528,31.062162034289212,2.6705606104371906
9,731,2026-05-03,380,Shirts & Tops,48.0,2.0869565217391304,top-down,topdown_RM6_180,56.306043569922714,8.306043569922714,68.99035978545447,3.979979210587967
9,731,2026-05-03,380,Shirts & Tops,48.0,2.0869565217391304,top-down,topdown_rolling_mean_30,28.861560084328875,19.138439915671125,366.27988240575377,9.170502459592415
9,731,2026-05-03,380,Shirts & Tops,48.0,2.0869565217391304,top-down,topdown_tsb,33.84942645152,14.150573548479997,200.23873175094178,6.780483158646666
9,731,2026-05-03,381,Keychains & Charms,141.0,1.608695652173913,per-SKU,persku_rolling_mean_30,37.00000000000001,104.0,10816.0,64.64864864864865
9,731,2026-05-03,381,Keychains & Charms,141.0,1.608695652173913,per-SKU,persku_rolling_mean_180,6.166666666666668,134.83333333333334,18180.02777777778,83.81531531531532
9,731,2026-05-03,381,Keychains & Charms,141.0,1.608695652173913,per-SKU,persku_tsb,44.485843528726946,96.51415647127305,9314.982399361379,59.99528645511568
9,731,2026-05-03,381,Keychains & Charms,141.0,1.608695652173913,per-SKU,persku_ewma_a0.1,50.28537887237944,90.71462112762056,8229.142486327743,56.39016989014251
9,731,2026-05-03,381,Keychains & Charms,141.0,1.608695652173913,top-down,topdown_RM6_180,33.783436213991756,107.21656378600824,11495.391550079174,66.64813424535647
9,731,2026-05-03,381,Keychains & Charms,141.0,1.608695652173913,top-down,topdown_rolling_mean_30,15.074074074074076,125.92592592592592,15857.338820301782,78.27827827827828
9,731,2026-05-03,381,Keychains & Charms,141.0,1.608695652173913,top-down,topdown_tsb,16.049779502646995,124.950220497353,15612.557602337134,77.67175868754376
9,731,2026-05-03,389,Drinkware,0.0,11.826086956521738,per-SKU,persku_rolling_mean_30,0.0,0.0,0.0,0.0
9,731,2026-05-03,389,Drinkware,0.0,11.826086956521738,per-SKU,persku_rolling_mean_180,19.833333333333336,19.833333333333336,393.3611111111112,1.6770833333333337
9,731,2026-05-03,389,Drinkware,0.0,11.826086956521738,per-SKU,persku_tsb,0.00010890542386367519,0.00010890542386367519,1.1860391346926753e-08,9.2089145178843e-06
9,731,2026-05-03,389,Drinkware,0.0,11.826086956521738,per-SKU,persku_ewma_a0.1,0.00013621171150728567,0.00013621171150728567,1.855363035174402e-08,1.1517902075983715e-05
9,731,2026-05-03,389,Drinkware,0.0,11.826086956521738,top-down,topdown_RM6_180,0.0,0.0,0.0,0.0
9,731,2026-05-03,389,Drinkware,0.0,11.826086956521738,top-down,topdown_rolling_mean_30,0.0,0.0,0.0,0.0
9,731,2026-05-03,389,Drinkware,0.0,11.826086956521738,top-down,topdown_tsb,0.0,0.0,0.0,0.0
9,731,2026-05-03,392,Drinkware,0.0,11.217391304347826,per-SKU,persku_rolling_mean_30,0.0,0.0,0.0,0.0
9,731,2026-05-03,392,Drinkware,0.0,11.217391304347826,per-SKU,persku_rolling_mean_180,28.666666666666668,28.666666666666668,821.7777777777778,2.555555555555556
9,731,2026-05-03,392,Drinkware,0.0,11.217391304347826,per-SKU,persku_tsb,9.677403061022707e-05,9.677403061022707e-05,9.365213000549167e-09,8.627142263702413e-06
9,731,2026-05-03,392,Drinkware,0.0,11.217391304347826,per-SKU,persku_ewma_a0.1,0.00010524370516067549,0.00010524370516067549,1.1076237475947193e-08,9.382190770137738e-06
9,731,2026-05-03,392,Drinkware,0.0,11.217391304347826,top-down,topdown_RM6_180,0.0,0.0,0.0,0.0
9,731,2026-05-03,392,Drinkware,0.0,11.217391304347826,top-down,topdown_rolling_mean_30,0.0,0.0,0.0,0.0
9,731,2026-05-03,392,Drinkware,0.0,11.217391304347826,top-down,topdown_tsb,0.0,0.0,0.0,0.0
9,731,2026-05-03,393,Drinkware,118.0,11.608695652173912,per-SKU,persku_rolling_mean_30,170.99999999999994,52.99999999999994,2808.999999999994,4.565543071161044
9,731,2026-05-03,393,Drinkware,118.0,11.608695652173912,per-SKU,persku_rolling_mean_180,68.49999999999999,49.500000000000014,2450.2500000000014,4.264044943820227
9,731,2026-05-03,393,Drinkware,118.0,11.608695652173912,per-SKU,persku_tsb,197.74754251631603,79.74754251631603,6359.670537391633,6.869638493914865
9,731,2026-05-03,393,Drinkware,118.0,11.608695652173912,per-SKU,persku_ewma_a0.1,276.39782041805955,158.39782041805955,25089.869513191843,13.644756065975168
9,731,2026-05-03,393,Drinkware,118.0,11.608695652173912,top-down,topdown_RM6_180,117.00000000000003,0.9999999999999716,0.9999999999999432,0.08614232209737584
9,731,2026-05-03,393,Drinkware,118.0,11.608695652173912,top-down,topdown_rolling_mean_30,170.99999999999994,52.99999999999994,2808.999999999994,4.565543071161044
9,731,2026-05-03,393,Drinkware,118.0,11.608695652173912,top-down,topdown_tsb,198.34052060709467,80.34052060709467,6454.599251419004,6.920719003607407
9,731,2026-05-03,394,Drinkware,0.0,16.73913043478261,per-SKU,persku_rolling_mean_30,0.0,0.0,0.0,0.0
9,731,2026-05-03,394,Drinkware,0.0,16.73913043478261,per-SKU,persku_rolling_mean_180,0.0,0.0,0.0,0.0
9,731,2026-05-03,394,Drinkware,0.0,16.73913043478261,per-SKU,persku_tsb,5.322396585652953e-12,5.322396585652953e-12,2.832790541497021e-23,3.1796135446757897e-13
9,731,2026-05-03,394,Drinkware,0.0,16.73913043478261,per-SKU,persku_ewma_a0.1,3.511351030142072e-12,3.511351030142072e-12,1.232958605687979e-23,2.0976902257991597e-13
9,731,2026-05-03,394,Drinkware,0.0,16.73913043478261,top-down,topdown_RM6_180,0.0,0.0,0.0,0.0
9,731,2026-05-03,394,Drinkware,0.0,16.73913043478261,top-down,topdown_rolling_mean_30,0.0,0.0,0.0,0.0
9,731,2026-05-03,394,Drinkware,0.0,16.73913043478261,top-down,topdown_tsb,0.0,0.0,0.0,0.0
9,731,2026-05-03,395,Shirts & Tops,0.0,71.6086956521739,per-SKU,persku_rolling_mean_30,87.00000000000003,87.00000000000003,7569.000000000005,1.2149362477231336
9,731,2026-05-03,395,Shirts & Tops,0.0,71.6086956521739,per-SKU,persku_rolling_mean_180,160.16666666666674,160.16666666666674,25653.361111111135,2.236692977130137
9,731,2026-05-03,395,Shirts & Tops,0.0,71.6086956521739,per-SKU,persku_tsb,91.62716035125335,91.62716035125335,8395.536514034295,1.279553544674455
9,731,2026-05-03,395,Shirts & Tops,0.0,71.6086956521739,per-SKU,persku_ewma_a0.1,89.63939684607904,89.63939684607904,8035.221466928844,1.2517948557740244
9,731,2026-05-03,395,Shirts & Tops,0.0,71.6086956521739,top-down,topdown_RM6_180,121.2355352541579,121.2355352541579,14698.055008362162,1.6930281183033586
9,731,2026-05-03,395,Shirts & Tops,0.0,71.6086956521739,top-down,topdown_rolling_mean_30,62.1433591004919,62.1433591004919,3861.7970802926893,0.8678186152466993
9,731,2026-05-03,395,Shirts & Tops,0.0,71.6086956521739,top-down,topdown_tsb,72.88299929651603,72.88299929651603,5311.931586455957,1.017795375725482
9,731,2026-05-03,397,Shirts & Tops,205.0,9.391304347826088,per-SKU,persku_rolling_mean_30,0.0,205.0,42025.0,21.828703703703702
9,731,2026-05-03,397,Shirts & Tops,205.0,9.391304347826088,per-SKU,persku_rolling_mean_180,23.50000000000001,181.5,32942.25,19.326388888888886
9,731,2026-05-03,397,Shirts & Tops,205.0,9.391304347826088,per-SKU,persku_tsb,3.8606520495939343,201.13934795040606,40457.037293914516,21.41761575397842
9,731,2026-05-03,397,Shirts & Tops,205.0,9.391304347826088,per-SKU,persku_ewma_a0.1,3.6119753395884633,201.38802466041153,40557.13647662252,21.444095218469744
9,731,2026-05-03,397,Shirts & Tops,205.0,9.391304347826088,top-down,topdown_RM6_180,71.52389318341534,133.47610681658466,17815.87109091232,14.212733596210402
9,731,2026-05-03,397,Shirts & Tops,205.0,9.391304347826088,top-down,topdown_rolling_mean_30,36.661981728742084,168.3380182712579,28337.688395494362,17.92488157518024
9,731,2026-05-03,397,Shirts & Tops,205.0,9.391304347826088,top-down,topdown_tsb,42.99792008706595,162.00207991293405,26244.67389611667,17.25022147221057
9,731,2026-05-03,400,Shirts & Tops,0.0,1.6521739130434783,per-SKU,persku_rolling_mean_30,0.0,0.0,0.0,0.0
9,731,2026-05-03,400,Shirts & Tops,0.0,1.6521739130434783,per-SKU,persku_rolling_mean_180,0.0,0.0,0.0,0.0
9,731,2026-05-03,400,Shirts & Tops,0.0,1.6521739130434783,per-SKU,persku_tsb,5.1972189586724705e-31,5.1972189586724705e-31,2.701108490438456e-61,3.1456851591964954e-31
9,731,2026-05-03,400,Shirts & Tops,0.0,1.6521739130434783,per-SKU,persku_ewma_a0.1,6.748532529169998e-31,6.748532529169998e-31,4.55426912972656e-61,4.084638109760788e-31
9,731,2026-05-03,400,Shirts & Tops,0.0,1.6521739130434783,top-down,topdown_RM6_180,0.0,0.0,0.0,0.0
9,731,2026-05-03,400,Shirts & Tops,0.0,1.6521739130434783,top-down,topdown_rolling_mean_30,0.0,0.0,0.0,0.0
9,731,2026-05-03,400,Shirts & Tops,0.0,1.6521739130434783,top-down,topdown_tsb,0.0,0.0,0.0,0.0
9,731,2026-05-03,401,Shirts & Tops,0.0,3.869565217391304,per-SKU,persku_rolling_mean_30,0.0,0.0,0.0,0.0
9,731,2026-05-03,401,Shirts & Tops,0.0,3.869565217391304,per-SKU,persku_rolling_mean_180,0.0,0.0,0.0,0.0
9,731,2026-05-03,401,Shirts & Tops,0.0,3.869565217391304,per-SKU,persku_tsb,1.0554888299972281e-30,1.0554888299972281e-30,1.1140566702489175e-60,2.7276677629141853e-31
9,731,2026-05-03,401,Shirts & Tops,0.0,3.869565217391304,per-SKU,persku_ewma_a0.1,9.07043499799618e-31,9.07043499799618e-31,8.227279105287395e-61,2.344044999482159e-31
9,731,2026-05-03,401,Shirts & Tops,0.0,3.869565217391304,top-down,topdown_RM6_180,0.0,0.0,0.0,0.0
9,731,2026-05-03,401,Shirts & Tops,0.0,3.869565217391304,top-down,topdown_rolling_mean_30,0.0,0.0,0.0,0.0
9,731,2026-05-03,401,Shirts & Tops,0.0,3.869565217391304,top-down,topdown_tsb,0.0,0.0,0.0,0.0
9,731,2026-05-03,402,Shirts & Tops,0.0,124.8695652173913,per-SKU,persku_rolling_mean_30,0.0,0.0,0.0,0.0
9,731,2026-05-03,402,Shirts & Tops,0.0,124.8695652173913,per-SKU,persku_rolling_mean_180,315.49999999999994,315.49999999999994,99540.24999999997,2.526636490250696
9,731,2026-05-03,402,Shirts & Tops,0.0,124.8695652173913,per-SKU,persku_tsb,8.27529064327368,8.27529064327368,68.48043523065292,0.06627147799279061
9,731,2026-05-03,402,Shirts & Tops,0.0,124.8695652173913,per-SKU,persku_ewma_a0.1,7.815065985690132,7.815065985690132,61.07525636069087,0.06258583484361875
9,731,2026-05-03,402,Shirts & Tops,0.0,124.8695652173913,top-down,topdown_RM6_180,235.3694073553526,235.3694073553526,55398.757918809904,1.8849221341131999
9,731,2026-05-03,402,Shirts & Tops,0.0,124.8695652173913,top-down,topdown_rolling_mean_30,120.64652143359098,120.64652143359098,14555.583134025926,0.9661803596701227
9,731,2026-05-03,402,Shirts & Tops,0.0,124.8695652173913,top-down,topdown_tsb,141.49670156311063,141.49670156311063,20021.316553239994,1.1331560361948276
9,731,2026-05-03,403,Shirts & Tops,185.0,6.304347826086956,per-SKU,persku_rolling_mean_30,145.00000000000003,39.99999999999997,1599.9999999999977,6.344827586206892
9,731,2026-05-03,403,Shirts & Tops,185.0,6.304347826086956,per-SKU,persku_rolling_mean_180,24.16666666666668,160.83333333333331,25867.361111111106,25.51149425287356
9,731,2026-05-03,403,Shirts & Tops,185.0,6.304347826086956,per-SKU,persku_tsb,149.69102947371687,35.30897052628313,1246.723399625931,5.600733255893187
9,731,2026-05-03,403,Shirts & Tops,185.0,6.304347826086956,per-SKU,persku_ewma_a0.1,162.6801132811152,22.31988671888479,498.17734314384955,3.5403958243748286
9,731,2026-05-03,403,Shirts & Tops,185.0,6.304347826086956,top-down,topdown_RM6_180,73.55293979854768,111.44706020145232,12420.447227546138,17.677809549195885
9,731,2026-05-03,403,Shirts & Tops,185.0,6.304347826086956,top-down,topdown_rolling_mean_30,37.70203794799718,147.29796205200282,21696.68962467326,23.364504325490103
9,731,2026-05-03,403,Shirts & Tops,185.0,6.304347826086956,top-down,topdown_tsb,44.21771923847207,140.78228076152794,19819.65057641768,22.330982465621677
9,731,2026-05-03,404,Shirts & Tops,45.0,62.0,per-SKU,persku_rolling_mean_30,28.0,17.0,289.0,0.27419354838709675
9,731,2026-05-03,404,Shirts & Tops,45.0,62.0,per-SKU,persku_rolling_mean_180,71.16666666666666,26.166666666666657,684.694444444444,0.422043010752688
9,731,2026-05-03,404,Shirts & Tops,45.0,62.0,per-SKU,persku_tsb,33.02291898647336,11.977081013526643,143.4504696045804,0.19317872602462327
9,731,2026-05-03,404,Shirts & Tops,45.0,62.0,per-SKU,persku_ewma_a0.1,38.26535866158619,6.734641338413809,45.35539395707214,0.1086232473937711
9,731,2026-05-03,404,Shirts & Tops,45.0,62.0,top-down,topdown_RM6_180,56.8133052237058,11.813305223705797,139.55418030843467,0.19053718102751285
9,731,2026-05-03,404,Shirts & Tops,45.0,62.0,top-down,topdown_rolling_mean_30,29.121574139142645,15.878425860857355,252.12440781874363,0.2561036429170541
9,731,2026-05-03,404,Shirts & Tops,45.0,62.0,top-down,topdown_tsb,34.15437623937153,10.84562376062847,117.62755475710884,0.1749294154940076
9,731,2026-05-03,406,Shirts & Tops,0.0,2.4347826086956523,per-SKU,persku_rolling_mean_30,0.0,0.0,0.0,0.0
9,731,2026-05-03,406,Shirts & Tops,0.0,2.4347826086956523,per-SKU,persku_rolling_mean_180,0.0,0.0,0.0,0.0
9,731,2026-05-03,406,Shirts & Tops,0.0,2.4347826086956523,per-SKU,persku_tsb,6.267762962695736e-31,6.267762962695736e-31,3.928485255654043e-61,2.574259788250034e-31
9,731,2026-05-03,406,Shirts & Tops,0.0,2.4347826086956523,per-SKU,persku_ewma_a0.1,5.257928701765112e-31,5.257928701765112e-31,2.7645814232845352e-61,2.1595064310820993e-31
9,731,2026-05-03,406,Shirts & Tops,0.0,2.4347826086956523,top-down,topdown_RM6_180,0.0,0.0,0.0,0.0
9,731,2026-05-03,406,Shirts & Tops,0.0,2.4347826086956523,top-down,topdown_rolling_mean_30,0.0,0.0,0.0,0.0
9,731,2026-05-03,406,Shirts & Tops,0.0,2.4347826086956523,top-down,topdown_tsb,0.0,0.0,0.0,0.0
9,731,2026-05-03,419,Umbrellas & Gear,0.0,47.65217391304348,per-SKU,persku_rolling_mean_30,0.0,0.0,0.0,0.0
9,731,2026-05-03,419,Umbrellas & Gear,0.0,47.65217391304348,per-SKU,persku_rolling_mean_180,33.83333333333333,33.83333333333333,1144.6944444444441,0.7100060827250607
9,731,2026-05-03,419,Umbrellas & Gear,0.0,47.65217391304348,per-SKU,persku_tsb,0.00013006900968830194,0.00013006900968830194,1.6917947281295585e-08,2.7295503857946575e-06
9,731,2026-05-03,419,Umbrellas & Gear,0.0,47.65217391304348,per-SKU,persku_ewma_a0.1,0.00013703815741524078,0.00013703815741524078,1.877945658776431e-08,2.8758007486774983e-06
9,731,2026-05-03,419,Umbrellas & Gear,0.0,47.65217391304348,top-down,topdown_RM6_180,0.0,0.0,0.0,0.0
9,731,2026-05-03,419,Umbrellas & Gear,0.0,47.65217391304348,top-down,topdown_rolling_mean_30,0.0,0.0,0.0,0.0
9,731,2026-05-03,419,Umbrellas & Gear,0.0,47.65217391304348,top-down,topdown_tsb,0.0,0.0,0.0,0.0
9,731,2026-05-03,477,Bags,0.0,0.17391304347826086,per-SKU,persku_rolling_mean_30,0.0,0.0,0.0,0.0
9,731,2026-05-03,477,Bags,0.0,0.17391304347826086,per-SKU,persku_rolling_mean_180,0.0,0.0,0.0,0.0
9,731,2026-05-03,477,Bags,0.0,0.17391304347826086,per-SKU,persku_tsb,5.379006294238695e-31,5.379006294238695e-31,2.8933708713459493e-61,3.0929286191872497e-30
9,731,2026-05-03,477,Bags,0.0,0.17391304347826086,per-SKU,persku_ewma_a0.1,2.1770370385778173e-30,2.1770370385778173e-30,4.739490267339673e-60,1.251796297182245e-29
9,731,2026-05-03,477,Bags,0.0,0.17391304347826086,top-down,topdown_RM6_180,0.0,0.0,0.0,0.0
9,731,2026-05-03,477,Bags,0.0,0.17391304347826086,top-down,topdown_rolling_mean_30,0.0,0.0,0.0,0.0
9,731,2026-05-03,477,Bags,0.0,0.17391304347826086,top-down,topdown_tsb,0.0,0.0,0.0,0.0
10,761,2026-06-02,29,Keychains & Charms,144.0,62.625,per-SKU,persku_rolling_mean_30,67.0,77.0,5929.0,1.2295409181636727
10,761,2026-06-02,29,Keychains & Charms,144.0,62.625,per-SKU,persku_rolling_mean_180,134.83333333333331,9.166666666666686,84.02777777777813,0.14637391882900896
10,761,2026-06-02,29,Keychains & Charms,144.0,62.625,per-SKU,persku_tsb,135.0681443539481,8.9318556460519,79.77804528190921,0.14262444145392256
10,761,2026-06-02,29,Keychains & Charms,144.0,62.625,per-SKU,persku_ewma_a0.1,94.98267429886518,49.01732570113482,2402.6982188911325,0.7827117876428714
10,761,2026-06-02,29,Keychains & Charms,144.0,62.625,top-down,topdown_RM6_180,43.29021990740739,100.70978009259261,10142.459806298362,1.608140201079323
10,761,2026-06-02,29,Keychains & Charms,144.0,62.625,top-down,topdown_rolling_mean_30,45.05034722222223,98.94965277777777,9791.033784842784,1.5800343756930582
10,761,2026-06-02,29,Keychains & Charms,144.0,62.625,top-down,topdown_tsb,49.27145806190452,94.72854193809547,8973.496657717513,1.5126314081931413
10,761,2026-06-02,39,Plush & Souvenirs,123.0,4.041666666666667,per-SKU,persku_rolling_mean_30,64.99999999999999,58.000000000000014,3364.000000000002,14.350515463917528
10,761,2026-06-02,39,Plush & Souvenirs,123.0,4.041666666666667,per-SKU,persku_rolling_mean_180,35.66666666666667,87.33333333333333,7627.11111111111,21.60824742268041
10,761,2026-06-02,39,Plush & Souvenirs,123.0,4.041666666666667,per-SKU,persku_tsb,72.82554561486883,50.17445438513117,2517.4758728456086,12.414297992197403
10,761,2026-06-02,39,Plush & Souvenirs,123.0,4.041666666666667,per-SKU,persku_ewma_a0.1,77.58090956409602,45.41909043590398,2062.8937760248245,11.237713097543253
10,761,2026-06-02,39,Plush & Souvenirs,123.0,4.041666666666667,top-down,topdown_RM6_180,39.16666666666666,83.83333333333334,7028.027777777779,20.742268041237114
10,761,2026-06-02,39,Plush & Souvenirs,123.0,4.041666666666667,top-down,topdown_rolling_mean_30,70.34013605442179,52.65986394557821,2773.061270766808,13.029244687565742
10,761,2026-06-02,39,Plush & Souvenirs,123.0,4.041666666666667,top-down,topdown_tsb,79.29729943263904,43.702700567360964,1909.9260368804123,10.813039315635702
10,761,2026-06-02,48,Umbrellas & Gear,99.0,8.0,per-SKU,persku_rolling_mean_30,56.0,43.0,1849.0,5.375
10,761,2026-06-02,48,Umbrellas & Gear,99.0,8.0,per-SKU,persku_rolling_mean_180,38.49999999999999,60.50000000000001,3660.250000000001,7.562500000000001
10,761,2026-06-02,48,Umbrellas & Gear,99.0,8.0,per-SKU,persku_tsb,56.47721691474782,42.52278308525218,1808.187081315409,5.315347885656522
10,761,2026-06-02,48,Umbrellas & Gear,99.0,8.0,per-SKU,persku_ewma_a0.1,78.69570929066894,20.304290709331056,412.2642212090274,2.538036338666382
10,761,2026-06-02,48,Umbrellas & Gear,99.0,8.0,top-down,topdown_RM6_180,57.66666666666668,41.33333333333332,1708.4444444444434,5.166666666666665
10,761,2026-06-02,48,Umbrellas & Gear,99.0,8.0,top-down,topdown_rolling_mean_30,56.0,43.0,1849.0,5.375
10,761,2026-06-02,48,Umbrellas & Gear,99.0,8.0,top-down,topdown_tsb,56.59121226699227,42.40878773300773,1798.5052769833067,5.301098466625966
10,761,2026-06-02,54,Stationery,0.0,40.5,per-SKU,persku_rolling_mean_30,0.0,0.0,0.0,0.0
10,761,2026-06-02,54,Stationery,0.0,40.5,per-SKU,persku_rolling_mean_180,70.66666666666666,70.66666666666666,4993.7777777777765,1.7448559670781891
10,761,2026-06-02,54,Stationery,0.0,40.5,per-SKU,persku_tsb,2.1830649345308832e-05,2.1830649345308832e-05,4.765772508378329e-10,5.390283788965144e-07
10,761,2026-06-02,54,Stationery,0.0,40.5,per-SKU,persku_ewma_a0.1,2.583529271897134e-05,2.583529271897134e-05,6.674623498749336e-10,6.379084621968232e-07
10,761,2026-06-02,54,Stationery,0.0,40.5,top-down,topdown_RM6_180,0.0,0.0,0.0,0.0
10,761,2026-06-02,54,Stationery,0.0,40.5,top-down,topdown_rolling_mean_30,0.0,0.0,0.0,0.0
10,761,2026-06-02,54,Stationery,0.0,40.5,top-down,topdown_tsb,0.0,0.0,0.0,0.0
10,761,2026-06-02,55,Stationery,195.0,46.416666666666664,per-SKU,persku_rolling_mean_30,227.99999999999994,32.99999999999994,1088.9999999999964,0.7109515260323148
10,761,2026-06-02,55,Stationery,195.0,46.416666666666664,per-SKU,persku_rolling_mean_180,165.0,30.0,900.0,0.6463195691202873
10,761,2026-06-02,55,Stationery,195.0,46.416666666666664,per-SKU,persku_tsb,234.7098496205586,39.7098496205586,1576.872156887378,0.8555084298863612
10,761,2026-06-02,55,Stationery,195.0,46.416666666666664,per-SKU,persku_ewma_a0.1,277.9541228725799,82.95412287257989,6881.386501559082,1.7871624317252401
10,761,2026-06-02,55,Stationery,195.0,46.416666666666664,top-down,topdown_RM6_180,160.98266767143932,34.017332328560684,1157.1788987517398,0.7328689191072321
10,761,2026-06-02,55,Stationery,195.0,46.416666666666664,top-down,topdown_rolling_mean_30,196.56217030896764,1.5621703089676373,2.4403760742200435,0.033655374699482314
10,761,2026-06-02,55,Stationery,195.0,46.416666666666664,top-down,topdown_tsb,197.61025225199603,2.6102522519960303,6.813416819050348,0.056235237026844465
10,761,2026-06-02,74,Bags,395.0,25.666666666666668,per-SKU,persku_rolling_mean_30,120.0,275.0,75625.0,10.714285714285714
10,761,2026-06-02,74,Bags,395.0,25.666666666666668,per-SKU,persku_rolling_mean_180,142.83333333333334,252.16666666666666,63588.027777777774,9.824675324675324
10,761,2026-06-02,74,Bags,395.0,25.666666666666668,per-SKU,persku_tsb,120.82566472535377,274.17433527464624,75171.56612329412,10.68211695875245
10,761,2026-06-02,74,Bags,395.0,25.666666666666668,per-SKU,persku_ewma_a0.1,157.03473925862522,237.96526074137478,56627.465319710485,9.271373795118498
10,761,2026-06-02,74,Bags,395.0,25.666666666666668,top-down,topdown_RM6_180,145.6788288288288,249.3211711711712,62161.04639416444,9.713811863811864
10,761,2026-06-02,74,Bags,395.0,25.666666666666668,top-down,topdown_rolling_mean_30,111.14864864864867,283.85135135135135,80571.58966398831,11.059143559143559
10,761,2026-06-02,74,Bags,395.0,25.666666666666668,top-down,topdown_tsb,119.67476676141422,275.3252332385858,75803.98405788167,10.726957139165679
10,761,2026-06-02,112,Keychains & Charms,189.0,26.75,per-SKU,persku_rolling_mean_30,52.00000000000001,137.0,18769.0,5.121495327102804
10,761,2026-06-02,112,Keychains & Charms,189.0,26.75,per-SKU,persku_rolling_mean_180,45.33333333333334,143.66666666666666,20640.11111111111,5.370716510903426
10,761,2026-06-02,112,Keychains & Charms,189.0,26.75,per-SKU,persku_tsb,67.71329183856419,121.28670816143581,14710.4655766373,4.5340825480910585
10,761,2026-06-02,112,Keychains & Charms,189.0,26.75,per-SKU,persku_ewma_a0.1,77.5337287519774,111.4662712480226,12424.729625937749,4.166963411141031
10,761,2026-06-02,112,Keychains & Charms,189.0,26.75,top-down,topdown_RM6_180,91.07812499999996,97.92187500000004,9588.693603515634,3.6606308411214967
10,761,2026-06-02,112,Keychains & Charms,189.0,26.75,top-down,topdown_rolling_mean_30,94.78125000000001,94.21874999999999,8877.172851562498,3.5221962616822426
10,761,2026-06-02,112,Keychains & Charms,189.0,26.75,top-down,topdown_tsb,103.6620286497212,85.3379713502788,7282.569354181006,3.190204536459021
10,761,2026-06-02,148,Lanyards & IDs,0.0,11.916666666666666,per-SKU,persku_rolling_mean_30,0.0,0.0,0.0,0.0
10,761,2026-06-02,148,Lanyards & IDs,0.0,11.916666666666666,per-SKU,persku_rolling_mean_180,0.0,0.0,0.0,0.0
10,761,2026-06-02,148,Lanyards & IDs,0.0,11.916666666666666,per-SKU,persku_tsb,2.4168669927994428e-08,2.4168669927994428e-08,5.841246060883422e-16,2.0281401338177143e-09
10,761,2026-06-02,148,Lanyards & IDs,0.0,11.916666666666666,per-SKU,persku_ewma_a0.1,2.529428944182356e-08,2.529428944182356e-08,6.398010783667468e-16,2.122597715397781e-09
10,761,2026-06-02,148,Lanyards & IDs,0.0,11.916666666666666,top-down,topdown_RM6_180,0.0,0.0,0.0,0.0
10,761,2026-06-02,148,Lanyards & IDs,0.0,11.916666666666666,top-down,topdown_rolling_mean_30,0.0,0.0,0.0,0.0
10,761,2026-06-02,148,Lanyards & IDs,0.0,11.916666666666666,top-down,topdown_tsb,0.0,0.0,0.0,0.0
10,761,2026-06-02,156,Bags,0.0,13.583333333333334,per-SKU,persku_rolling_mean_30,0.0,0.0,0.0,0.0
10,761,2026-06-02,156,Bags,0.0,13.583333333333334,per-SKU,persku_rolling_mean_180,0.0,0.0,0.0,0.0
10,761,2026-06-02,156,Bags,0.0,13.583333333333334,per-SKU,persku_tsb,1.8488364123979127e-08,1.8488364123979127e-08,3.418196079808385e-16,1.3611065612745369e-09
10,761,2026-06-02,156,Bags,0.0,13.583333333333334,per-SKU,persku_ewma_a0.1,1.5059837060816917e-08,1.5059837060816917e-08,2.267986922983547e-16,1.1086996609190368e-09
10,761,2026-06-02,156,Bags,0.0,13.583333333333334,top-down,topdown_RM6_180,0.0,0.0,0.0,0.0
10,761,2026-06-02,156,Bags,0.0,13.583333333333334,top-down,topdown_rolling_mean_30,0.0,0.0,0.0,0.0
10,761,2026-06-02,156,Bags,0.0,13.583333333333334,top-down,topdown_tsb,0.0,0.0,0.0,0.0
10,761,2026-06-02,174,Uncategorised,53.0,10.25,per-SKU,persku_rolling_mean_30,32.0,21.0,441.0,2.048780487804878
10,761,2026-06-02,174,Uncategorised,53.0,10.25,per-SKU,persku_rolling_mean_180,48.66666666666666,4.333333333333343,18.77777777777786,0.42276422764227733
10,761,2026-06-02,174,Uncategorised,53.0,10.25,per-SKU,persku_tsb,39.864480638778566,13.135519361221434,172.54186888902314,1.2815140840216033
10,761,2026-06-02,174,Uncategorised,53.0,10.25,per-SKU,persku_ewma_a0.1,43.158624541837575,9.841375458162425,96.85267090852167,0.9601341910402366
10,761,2026-06-02,174,Uncategorised,53.0,10.25,top-down,topdown_RM6_180,48.66666666666666,4.333333333333343,18.77777777777786,0.42276422764227733
10,761,2026-06-02,174,Uncategorised,53.0,10.25,top-down,topdown_rolling_mean_30,32.0,21.0,441.0,2.048780487804878
10,761,2026-06-02,174,Uncategorised,53.0,10.25,top-down,topdown_tsb,39.864480638778566,13.135519361221434,172.54186888902314,1.2815140840216033
10,761,2026-06-02,187,Outerwear,62.0,9.416666666666666,per-SKU,persku_rolling_mean_30,41.999999999999986,20.000000000000014,400.00000000000057,2.123893805309736
10,761,2026-06-02,187,Outerwear,62.0,9.416666666666666,per-SKU,persku_rolling_mean_180,58.33333333333332,3.6666666666666785,13.444444444444532,0.3893805309734526
10,761,2026-06-02,187,Outerwear,62.0,9.416666666666666,per-SKU,persku_tsb,47.0850143483799,14.9149856516201,222.45679698803346,1.5838922815879752
10,761,2026-06-02,187,Outerwear,62.0,9.416666666666666,per-SKU,persku_ewma_a0.1,48.93268644644128,13.06731355355872,170.7546835070194,1.387679315422165
10,761,2026-06-02,187,Outerwear,62.0,9.416666666666666,top-down,topdown_RM6_180,58.33333333333332,3.6666666666666785,13.444444444444532,0.3893805309734526
10,761,2026-06-02,187,Outerwear,62.0,9.416666666666666,top-down,topdown_rolling_mean_30,41.999999999999986,20.000000000000014,400.00000000000057,2.123893805309736
10,761,2026-06-02,187,Outerwear,62.0,9.416666666666666,top-down,topdown_tsb,47.0850143483799,14.9149856516201,222.45679698803346,1.5838922815879752
10,761,2026-06-02,190,Lanyards & IDs,0.0,18.916666666666668,per-SKU,persku_rolling_mean_30,0.0,0.0,0.0,0.0
10,761,2026-06-02,190,Lanyards & IDs,0.0,18.916666666666668,per-SKU,persku_rolling_mean_180,0.0,0.0,0.0,0.0
10,761,2026-06-02,190,Lanyards & IDs,0.0,18.916666666666668,per-SKU,persku_tsb,5.614804096330323e-10,5.614804096330323e-10,3.152602504016777e-19,2.968178376914708e-11
10,761,2026-06-02,190,Lanyards & IDs,0.0,18.916666666666668,per-SKU,persku_ewma_a0.1,4.618098701672168e-10,4.618098701672168e-10,2.1326835618386165e-19,2.4412856572716304e-11
10,761,2026-06-02,190,Lanyards & IDs,0.0,18.916666666666668,top-down,topdown_RM6_180,0.0,0.0,0.0,0.0
10,761,2026-06-02,190,Lanyards & IDs,0.0,18.916666666666668,top-down,topdown_rolling_mean_30,0.0,0.0,0.0,0.0
10,761,2026-06-02,190,Lanyards & IDs,0.0,18.916666666666668,top-down,topdown_tsb,0.0,0.0,0.0,0.0
10,761,2026-06-02,192,Lanyards & IDs,128.0,6.958333333333333,per-SKU,persku_rolling_mean_30,41.0,87.0,7569.0,12.502994011976048
10,761,2026-06-02,192,Lanyards & IDs,128.0,6.958333333333333,per-SKU,persku_rolling_mean_180,49.33333333333334,78.66666666666666,6188.4444444444425,11.305389221556885
10,761,2026-06-02,192,Lanyards & IDs,128.0,6.958333333333333,per-SKU,persku_tsb,45.237214821739535,82.76278517826046,6849.678610462889,11.894052959750006
10,761,2026-06-02,192,Lanyards & IDs,128.0,6.958333333333333,per-SKU,persku_ewma_a0.1,56.6984717460094,71.3015282539906,5083.907931354619,10.246926216142361
10,761,2026-06-02,192,Lanyards & IDs,128.0,6.958333333333333,top-down,topdown_RM6_180,53.801522842639585,74.19847715736041,5505.414012471335,10.66325420225539
10,761,2026-06-02,192,Lanyards & IDs,128.0,6.958333333333333,top-down,topdown_rolling_mean_30,43.62030456852791,84.3796954314721,7119.933001107994,12.126423295540901
10,761,2026-06-02,192,Lanyards & IDs,128.0,6.958333333333333,top-down,topdown_tsb,45.06120222110305,82.93879777889694,6878.84417700876,11.919348183793574
10,761,2026-06-02,209,Keychains & Charms,0.0,15.875,per-SKU,persku_rolling_mean_30,0.0,0.0,0.0,0.0
10,761,2026-06-02,209,Keychains & Charms,0.0,15.875,per-SKU,persku_rolling_mean_180,0.0,0.0,0.0,0.0
10,761,2026-06-02,209,Keychains & Charms,0.0,15.875,per-SKU,persku_tsb,7.93185495054532e-21,7.93185495054532e-21,6.291432295649029e-41,4.996444063335634e-22
10,761,2026-06-02,209,Keychains & Charms,0.0,15.875,per-SKU,persku_ewma_a0.1,3.626829994639912e-21,3.626829994639912e-21,1.3153895810019742e-41,2.284617319458212e-22
10,761,2026-06-02,209,Keychains & Charms,0.0,15.875,top-down,topdown_RM6_180,0.0,0.0,0.0,0.0
10,761,2026-06-02,209,Keychains & Charms,0.0,15.875,top-down,topdown_rolling_mean_30,0.0,0.0,0.0,0.0
10,761,2026-06-02,209,Keychains & Charms,0.0,15.875,top-down,topdown_tsb,0.0,0.0,0.0,0.0
10,761,2026-06-02,212,Stationery,14.0,24.125,per-SKU,persku_rolling_mean_30,181.0,167.0,27889.0,6.922279792746114
10,761,2026-06-02,212,Stationery,14.0,24.125,per-SKU,persku_rolling_mean_180,46.66666666666668,32.66666666666668,1067.111111111112,1.35405872193437
10,761,2026-06-02,212,Stationery,14.0,24.125,per-SKU,persku_tsb,131.83115621295997,117.83115621295997,13884.181374482974,4.884193003646009
10,761,2026-06-02,212,Stationery,14.0,24.125,per-SKU,persku_ewma_a0.1,178.5412725451945,164.5412725451945,27073.830370791973,6.820363628816352
10,761,2026-06-02,212,Stationery,14.0,24.125,top-down,topdown_RM6_180,97.33835719668423,83.33835719668423,6945.28178024213,3.4544396765464964
10,761,2026-06-02,212,Stationery,14.0,24.125,top-down,topdown_rolling_mean_30,118.85154483798043,104.85154483798043,10993.84645491102,4.346178024372246
10,761,2026-06-02,212,Stationery,14.0,24.125,top-down,topdown_tsb,119.48526880353248,105.48526880353248,11127.141934553501,4.372446375275958
10,761,2026-06-02,213,Stationery,0.0,4.25,per-SKU,persku_rolling_mean_30,0.0,0.0,0.0,0.0
10,761,2026-06-02,213,Stationery,0.0,4.25,per-SKU,persku_rolling_mean_180,0.0,0.0,0.0,0.0
10,761,2026-06-02,213,Stationery,0.0,4.25,per-SKU,persku_tsb,1.245560248788083e-15,1.245560248788083e-15,1.5514203333610314e-30,2.9307299971484305e-16
10,761,2026-06-02,213,Stationery,0.0,4.25,per-SKU,persku_ewma_a0.1,1.134195306090057e-15,1.134195306090057e-15,1.2863989923567184e-30,2.6686948378589576e-16
10,761,2026-06-02,213,Stationery,0.0,4.25,top-down,topdown_RM6_180,0.0,0.0,0.0,0.0
10,761,2026-06-02,213,Stationery,0.0,4.25,top-down,topdown_rolling_mean_30,0.0,0.0,0.0,0.0
10,761,2026-06-02,213,Stationery,0.0,4.25,top-down,topdown_tsb,0.0,0.0,0.0,0.0
10,761,2026-06-02,215,Lanyards & IDs,385.0,146.45833333333334,per-SKU,persku_rolling_mean_30,227.99999999999994,157.00000000000006,24649.00000000002,1.0719772403982935
10,761,2026-06-02,215,Lanyards & IDs,385.0,146.45833333333334,per-SKU,persku_rolling_mean_180,361.00000000000017,23.99999999999983,575.9999999999918,0.16386913229018374
10,761,2026-06-02,215,Lanyards & IDs,385.0,146.45833333333334,per-SKU,persku_tsb,235.3196552853637,149.6803447146363,22404.20559389235,1.0219995087201341
10,761,2026-06-02,215,Lanyards & IDs,385.0,146.45833333333334,per-SKU,persku_ewma_a0.1,275.39741858415937,109.60258141584063,12012.725853015974,0.7483533297240896
10,761,2026-06-02,215,Lanyards & IDs,385.0,146.45833333333334,top-down,topdown_RM6_180,296.77614213197967,88.22385786802033,7783.449097116653,0.6023819598385456
10,761,2026-06-02,215,Lanyards & IDs,385.0,146.45833333333334,top-down,topdown_rolling_mean_30,240.61522842639587,144.38477157360413,20846.96226236184,0.9858419680701277
10,761,2026-06-02,215,Lanyards & IDs,385.0,146.45833333333334,top-down,topdown_tsb,248.56340580027813,136.43659419972187,18614.944236819578,0.9315727626723541
10,761,2026-06-02,216,Lanyards & IDs,0.0,18.958333333333332,per-SKU,persku_rolling_mean_30,0.0,0.0,0.0,0.0
10,761,2026-06-02,216,Lanyards & IDs,0.0,18.958333333333332,per-SKU,persku_rolling_mean_180,0.0,0.0,0.0,0.0
10,761,2026-06-02,216,Lanyards & IDs,0.0,18.958333333333332,per-SKU,persku_tsb,7.037710234667761e-16,7.037710234667761e-16,4.952936534714735e-31,3.712198805099478e-17
10,761,2026-06-02,216,Lanyards & IDs,0.0,18.958333333333332,per-SKU,persku_ewma_a0.1,6.771937166136868e-16,6.771937166136868e-16,4.585913298210583e-31,3.572010812907359e-17
10,761,2026-06-02,216,Lanyards & IDs,0.0,18.958333333333332,top-down,topdown_RM6_180,0.0,0.0,0.0,0.0
10,761,2026-06-02,216,Lanyards & IDs,0.0,18.958333333333332,top-down,topdown_rolling_mean_30,0.0,0.0,0.0,0.0
10,761,2026-06-02,216,Lanyards & IDs,0.0,18.958333333333332,top-down,topdown_tsb,0.0,0.0,0.0,0.0
10,761,2026-06-02,221,Stationery,0.0,14.833333333333334,per-SKU,persku_rolling_mean_30,0.0,0.0,0.0,0.0
10,761,2026-06-02,221,Stationery,0.0,14.833333333333334,per-SKU,persku_rolling_mean_180,0.3333333333333334,0.3333333333333334,0.11111111111111117,0.022471910112359557
10,761,2026-06-02,221,Stationery,0.0,14.833333333333334,per-SKU,persku_tsb,4.3722067547692535e-07,4.3722067547692535e-07,1.9116191906449886e-13,2.9475551155747774e-08
10,761,2026-06-02,221,Stationery,0.0,14.833333333333334,per-SKU,persku_ewma_a0.1,2.0418174210278018e-07,2.0418174210278018e-07,4.1690183808126235e-14,1.3765061265355966e-08
10,761,2026-06-02,221,Stationery,0.0,14.833333333333334,top-down,topdown_RM6_180,0.0,0.0,0.0,0.0
10,761,2026-06-02,221,Stationery,0.0,14.833333333333334,top-down,topdown_rolling_mean_30,0.0,0.0,0.0,0.0
10,761,2026-06-02,221,Stationery,0.0,14.833333333333334,top-down,topdown_tsb,0.0,0.0,0.0,0.0
10,761,2026-06-02,227,Stationery,51.0,18.333333333333332,per-SKU,persku_rolling_mean_30,40.000000000000014,10.999999999999986,120.99999999999969,0.5999999999999993
10,761,2026-06-02,227,Stationery,51.0,18.333333333333332,per-SKU,persku_rolling_mean_180,34.166666666666664,16.833333333333336,283.3611111111112,0.9181818181818183
10,761,2026-06-02,227,Stationery,51.0,18.333333333333332,per-SKU,persku_tsb,44.54997239514205,6.450027604857951,41.602856103429595,0.3518196875377064
10,761,2026-06-02,227,Stationery,51.0,18.333333333333332,per-SKU,persku_ewma_a0.1,52.57169187581235,1.5716918758123484,2.4702153524945385,0.08572864777158265
10,761,2026-06-02,227,Stationery,51.0,18.333333333333332,top-down,topdown_RM6_180,37.02185380557648,13.978146194423523,195.38857103267682,0.7624443378776468
10,761,2026-06-02,227,Stationery,51.0,18.333333333333332,top-down,topdown_rolling_mean_30,45.204220045214775,5.795779954785225,33.591065284290224,0.3161334520791941
10,761,2026-06-02,227,Stationery,51.0,18.333333333333332,top-down,topdown_tsb,45.44525180989056,5.554748190109443,30.85522745552413,0.30298626491506053
10,761,2026-06-02,228,Stationery,89.0,35.291666666666664,per-SKU,persku_rolling_mean_30,59.00000000000001,29.999999999999993,899.9999999999995,0.8500590318772135
10,761,2026-06-02,228,Stationery,89.0,35.291666666666664,per-SKU,persku_rolling_mean_180,55.66666666666666,33.33333333333334,1111.1111111111118,0.9445100354191267
10,761,2026-06-02,228,Stationery,89.0,35.291666666666664,per-SKU,persku_tsb,63.15181077002103,25.84818922997897,668.1288864688008,0.7324162237538315
10,761,2026-06-02,228,Stationery,89.0,35.291666666666664,per-SKU,persku_ewma_a0.1,71.01103741392659,17.988962586073413,323.60277492314907,0.5097226706797662
10,761,2026-06-02,228,Stationery,89.0,35.291666666666664,top-down,topdown_RM6_180,52.828937452901265,36.171062547098735,1308.3457657861288,1.0249179470252299
10,761,2026-06-02,228,Stationery,89.0,35.291666666666664,top-down,topdown_rolling_mean_30,64.50489826676716,24.495101733232843,600.0100089214267,0.6940760821695258
10,761,2026-06-02,228,Stationery,89.0,35.291666666666664,top-down,topdown_tsb,64.84884247029326,24.151157529706737,583.2784100247104,0.6843303196138864
10,761,2026-06-02,229,Stationery,124.0,51.416666666666664,per-SKU,persku_rolling_mean_30,88.00000000000001,35.999999999999986,1295.999999999999,0.7001620745542947
10,761,2026-06-02,229,Stationery,124.0,51.416666666666664,per-SKU,persku_rolling_mean_180,60.666666666666686,63.333333333333314,4011.1111111111086,1.231766612641815
10,761,2026-06-02,229,Stationery,124.0,51.416666666666664,per-SKU,persku_tsb,92.16163501661585,31.838364983384153,1013.6814848151822,0.6192226576995298
10,761,2026-06-02,229,Stationery,124.0,51.416666666666664,per-SKU,persku_ewma_a0.1,99.99178215746167,24.00821784253833,576.3945239747758,0.46693454474952995
10,761,2026-06-02,229,Stationery,124.0,51.416666666666664,top-down,topdown_RM6_180,75.2916352675207,48.708364732479296,2372.504794912233,0.9473263805344434
10,761,2026-06-02,229,Stationery,124.0,51.416666666666664,top-down,topdown_rolling_mean_30,91.93217784476263,32.067822155237366,1028.3452177799325,0.6236853579624771
10,761,2026-06-02,229,Stationery,124.0,51.416666666666664,top-down,topdown_tsb,92.42236604033921,31.577633959660787,997.1469664903221,0.6141517139642293
10,761,2026-06-02,242,Plush & Souvenirs,0.0,77.91666666666667,per-SKU,persku_rolling_mean_30,0.0,0.0,0.0,0.0
10,761,2026-06-02,242,Plush & Souvenirs,0.0,77.91666666666667,per-SKU,persku_rolling_mean_180,0.0,0.0,0.0,0.0
10,761,2026-06-02,242,Plush & Souvenirs,0.0,77.91666666666667,per-SKU,persku_tsb,1.1874359359776627e-21,1.1874359359776627e-21,1.4100041020511479e-42,1.523981949917856e-23
10,761,2026-06-02,242,Plush & Souvenirs,0.0,77.91666666666667,per-SKU,persku_ewma_a0.1,1.588091752647145e-21,1.588091752647145e-21,2.522035414825881e-42,2.0381926237182608e-23
10,761,2026-06-02,242,Plush & Souvenirs,0.0,77.91666666666667,top-down,topdown_RM6_180,0.0,0.0,0.0,0.0
10,761,2026-06-02,242,Plush & Souvenirs,0.0,77.91666666666667,top-down,topdown_rolling_mean_30,0.0,0.0,0.0,0.0
10,761,2026-06-02,242,Plush & Souvenirs,0.0,77.91666666666667,top-down,topdown_tsb,0.0,0.0,0.0,0.0
10,761,2026-06-02,250,Plush & Souvenirs,0.0,4.5,per-SKU,persku_rolling_mean_30,0.0,0.0,0.0,0.0
10,761,2026-06-02,250,Plush & Souvenirs,0.0,4.5,per-SKU,persku_rolling_mean_180,0.0,0.0,0.0,0.0
10,761,2026-06-02,250,Plush & Souvenirs,0.0,4.5,per-SKU,persku_tsb,3.3503666775080132e-21,3.3503666775080132e-21,1.1224956873756083e-41,7.44525928335114e-22
10,761,2026-06-02,250,Plush & Souvenirs,0.0,4.5,per-SKU,persku_ewma_a0.1,3.228399078428353e-21,3.228399078428353e-21,1.0422560609597039e-41,7.174220174285229e-22
10,761,2026-06-02,250,Plush & Souvenirs,0.0,4.5,top-down,topdown_RM6_180,0.0,0.0,0.0,0.0
10,761,2026-06-02,250,Plush & Souvenirs,0.0,4.5,top-down,topdown_rolling_mean_30,0.0,0.0,0.0,0.0
10,761,2026-06-02,250,Plush & Souvenirs,0.0,4.5,top-down,topdown_tsb,0.0,0.0,0.0,0.0
10,761,2026-06-02,251,Plush & Souvenirs,0.0,23.0,per-SKU,persku_rolling_mean_30,0.0,0.0,0.0,0.0
10,761,2026-06-02,251,Plush & Souvenirs,0.0,23.0,per-SKU,persku_rolling_mean_180,0.0,0.0,0.0,0.0
10,761,2026-06-02,251,Plush & Souvenirs,0.0,23.0,per-SKU,persku_tsb,9.823220527873575e-09,9.823220527873575e-09,9.64956615392368e-17,4.2709654469015543e-10
10,761,2026-06-02,251,Plush & Souvenirs,0.0,23.0,per-SKU,persku_ewma_a0.1,9.536589227873455e-09,9.536589227873455e-09,9.094653410119201e-17,4.146343142553676e-10
10,761,2026-06-02,251,Plush & Souvenirs,0.0,23.0,top-down,topdown_RM6_180,0.0,0.0,0.0,0.0
10,761,2026-06-02,251,Plush & Souvenirs,0.0,23.0,top-down,topdown_rolling_mean_30,0.0,0.0,0.0,0.0
10,761,2026-06-02,251,Plush & Souvenirs,0.0,23.0,top-down,topdown_tsb,0.0,0.0,0.0,0.0
10,761,2026-06-02,252,Plush & Souvenirs,0.0,7.75,per-SKU,persku_rolling_mean_30,0.0,0.0,0.0,0.0
10,761,2026-06-02,252,Plush & Souvenirs,0.0,7.75,per-SKU,persku_rolling_mean_180,0.0,0.0,0.0,0.0
10,761,2026-06-02,252,Plush & Souvenirs,0.0,7.75,per-SKU,persku_tsb,2.5994777421061258e-21,2.5994777421061258e-21,6.757284531705162e-42,3.3541648285240334e-22
10,761,2026-06-02,252,Plush & Souvenirs,0.0,7.75,per-SKU,persku_ewma_a0.1,2.3366638586688662e-21,2.3366638586688662e-21,5.459997988409275e-42,3.015050140217892e-22
10,761,2026-06-02,252,Plush & Souvenirs,0.0,7.75,top-down,topdown_RM6_180,0.0,0.0,0.0,0.0
10,761,2026-06-02,252,Plush & Souvenirs,0.0,7.75,top-down,topdown_rolling_mean_30,0.0,0.0,0.0,0.0
10,761,2026-06-02,252,Plush & Souvenirs,0.0,7.75,top-down,topdown_tsb,0.0,0.0,0.0,0.0
10,761,2026-06-02,261,Stationery,0.0,60.916666666666664,per-SKU,persku_rolling_mean_30,77.99999999999997,77.99999999999997,6083.999999999995,1.2804377564979477
10,761,2026-06-02,261,Stationery,0.0,60.916666666666664,per-SKU,persku_rolling_mean_180,59.50000000000001,59.50000000000001,3540.250000000001,0.9767441860465118
10,761,2026-06-02,261,Stationery,0.0,60.916666666666664,per-SKU,persku_tsb,53.21892473743075,53.21892473743075,2832.253950208318,0.8736348794106279
10,761,2026-06-02,261,Stationery,0.0,60.916666666666664,per-SKU,persku_ewma_a0.1,49.0236090600701,49.0236090600701,2403.3142452745874,0.8047651282090851
10,761,2026-06-02,261,Stationery,0.0,60.916666666666664,top-down,topdown_RM6_180,88.18688771665408,88.18688771665408,7776.927165149755,1.447664367441654
10,761,2026-06-02,261,Stationery,0.0,60.916666666666664,top-down,topdown_rolling_mean_30,107.67746797287114,107.67746797287114,11594.437109048691,1.7676191732892663
10,761,2026-06-02,261,Stationery,0.0,60.916666666666664,top-down,topdown_tsb,108.251611052773,108.251611052773,11718.411295520846,1.7770442306884762
10,761,2026-06-02,267,Shirts & Tops,0.0,8.666666666666666,per-SKU,persku_rolling_mean_30,0.0,0.0,0.0,0.0
10,761,2026-06-02,267,Shirts & Tops,0.0,8.666666666666666,per-SKU,persku_rolling_mean_180,29.666666666666657,29.666666666666657,880.1111111111105,3.423076923076922
10,761,2026-06-02,267,Shirts & Tops,0.0,8.666666666666666,per-SKU,persku_tsb,0.003051725703345011,0.003051725703345011,9.313029768456602e-06,0.000352122196539809
10,761,2026-06-02,267,Shirts & Tops,0.0,8.666666666666666,per-SKU,persku_ewma_a0.1,0.0023196962106298716,0.0023196962106298716,5.380990509610585e-06,0.00026765725507267753
10,761,2026-06-02,267,Shirts & Tops,0.0,8.666666666666666,top-down,topdown_RM6_180,0.0,0.0,0.0,0.0
10,761,2026-06-02,267,Shirts & Tops,0.0,8.666666666666666,top-down,topdown_rolling_mean_30,0.0,0.0,0.0,0.0
10,761,2026-06-02,267,Shirts & Tops,0.0,8.666666666666666,top-down,topdown_tsb,0.0,0.0,0.0,0.0
10,761,2026-06-02,276,Stationery,0.0,26.166666666666668,per-SKU,persku_rolling_mean_30,0.0,0.0,0.0,0.0
10,761,2026-06-02,276,Stationery,0.0,26.166666666666668,per-SKU,persku_rolling_mean_180,0.0,0.0,0.0,0.0
10,761,2026-06-02,276,Stationery,0.0,26.166666666666668,per-SKU,persku_tsb,8.564768226880161e-17,8.564768226880161e-17,7.335525478017594e-33,3.273159831928724e-18
10,761,2026-06-02,276,Stationery,0.0,26.166666666666668,per-SKU,persku_ewma_a0.1,3.771180048541458e-17,3.771180048541458e-17,1.4221798958517152e-33,1.4412153051750795e-18
10,761,2026-06-02,276,Stationery,0.0,26.166666666666668,top-down,topdown_RM6_180,0.0,0.0,0.0,0.0
10,761,2026-06-02,276,Stationery,0.0,26.166666666666668,top-down,topdown_rolling_mean_30,0.0,0.0,0.0,0.0
10,761,2026-06-02,276,Stationery,0.0,26.166666666666668,top-down,topdown_tsb,0.0,0.0,0.0,0.0
10,761,2026-06-02,277,Stationery,0.0,48.75,per-SKU,persku_rolling_mean_30,0.0,0.0,0.0,0.0
10,761,2026-06-02,277,Stationery,0.0,48.75,per-SKU,persku_rolling_mean_180,59.333333333333314,59.333333333333314,3520.444444444442,1.2170940170940168
10,761,2026-06-02,277,Stationery,0.0,48.75,per-SKU,persku_tsb,1.1760992741523497,1.1760992741523497,1.383209502661684,0.024125113315945634
10,761,2026-06-02,277,Stationery,0.0,48.75,per-SKU,persku_ewma_a0.1,1.0349966868658942,1.0349966868658942,1.071218141823378,0.021230701269043983
10,761,2026-06-02,277,Stationery,0.0,48.75,top-down,topdown_RM6_180,40.349660889223806,40.349660889223806,1628.0951338753573,0.8276853515738216
10,761,2026-06-02,277,Stationery,0.0,48.75,top-down,topdown_rolling_mean_30,49.267520723436334,49.267520723436334,2427.2885982342286,1.0106158097115145
10,761,2026-06-02,277,Stationery,0.0,48.75,top-down,topdown_tsb,49.53021826471218,49.53021826471218,2453.2425213500283,1.0160044772248653
10,761,2026-06-02,291,Shirts & Tops,127.0,16.125,per-SKU,persku_rolling_mean_30,81.00000000000003,45.99999999999997,2115.9999999999973,2.852713178294572
10,761,2026-06-02,291,Shirts & Tops,127.0,16.125,per-SKU,persku_rolling_mean_180,80.83333333333333,46.16666666666667,2131.3611111111118,2.8630490956072356
10,761,2026-06-02,291,Shirts & Tops,127.0,16.125,per-SKU,persku_tsb,92.78792201590502,34.212077984094975,1170.466279989796,2.1216792548275953
10,761,2026-06-02,291,Shirts & Tops,127.0,16.125,per-SKU,persku_ewma_a0.1,102.69800623881859,24.301993761181407,590.5869007685001,1.5071003882903198
10,761,2026-06-02,291,Shirts & Tops,127.0,16.125,top-down,topdown_RM6_180,106.46975088967967,20.530249110320327,421.49112853180856,1.2731937432756792
10,761,2026-06-02,291,Shirts & Tops,127.0,16.125,top-down,topdown_rolling_mean_30,84.29893238434163,42.701067615658374,1823.3811755170284,2.648128224226876
10,761,2026-06-02,291,Shirts & Tops,127.0,16.125,top-down,topdown_tsb,97.20663674235395,29.79336325764605,887.6444942020536,1.8476504345827007
10,761,2026-06-02,326,Stationery,0.0,4.333333333333333,per-SKU,persku_rolling_mean_30,0.0,0.0,0.0,0.0
10,761,2026-06-02,326,Stationery,0.0,4.333333333333333,per-SKU,persku_rolling_mean_180,0.0,0.0,0.0,0.0
10,761,2026-06-02,326,Stationery,0.0,4.333333333333333,per-SKU,persku_tsb,1.1722148228128402e-15,1.1722148228128402e-15,1.3740875908221385e-30,2.705111129568093e-16
10,761,2026-06-02,326,Stationery,0.0,4.333333333333333,per-SKU,persku_ewma_a0.1,1.2738221681412446e-15,1.2738221681412446e-15,1.6226229160480613e-30,2.9395896187874875e-16
10,761,2026-06-02,326,Stationery,0.0,4.333333333333333,top-down,topdown_RM6_180,0.0,0.0,0.0,0.0
10,761,2026-06-02,326,Stationery,0.0,4.333333333333333,top-down,topdown_rolling_mean_30,0.0,0.0,0.0,0.0
10,761,2026-06-02,326,Stationery,0.0,4.333333333333333,top-down,topdown_tsb,0.0,0.0,0.0,0.0
10,761,2026-06-02,340,Lanyards & IDs,0.0,12.916666666666666,per-SKU,persku_rolling_mean_30,0.0,0.0,0.0,0.0
10,761,2026-06-02,340,Lanyards & IDs,0.0,12.916666666666666,per-SKU,persku_rolling_mean_180,0.0,0.0,0.0,0.0
10,761,2026-06-02,340,Lanyards & IDs,0.0,12.916666666666666,per-SKU,persku_tsb,2.929226016341108e-10,2.929226016341108e-10,8.580365054809599e-20,2.2677878836189226e-11
10,761,2026-06-02,340,Lanyards & IDs,0.0,12.916666666666666,per-SKU,persku_ewma_a0.1,8.463535398419644e-11,8.463535398419644e-11,7.163143144030236e-21,6.552414502002305e-12
10,761,2026-06-02,340,Lanyards & IDs,0.0,12.916666666666666,top-down,topdown_RM6_180,0.0,0.0,0.0,0.0
10,761,2026-06-02,340,Lanyards & IDs,0.0,12.916666666666666,top-down,topdown_rolling_mean_30,0.0,0.0,0.0,0.0
10,761,2026-06-02,340,Lanyards & IDs,0.0,12.916666666666666,top-down,topdown_tsb,0.0,0.0,0.0,0.0
10,761,2026-06-02,346,Keychains & Charms,0.0,6.666666666666667,per-SKU,persku_rolling_mean_30,0.0,0.0,0.0,0.0
10,761,2026-06-02,346,Keychains & Charms,0.0,6.666666666666667,per-SKU,persku_rolling_mean_180,0.0,0.0,0.0,0.0
10,761,2026-06-02,346,Keychains & Charms,0.0,6.666666666666667,per-SKU,persku_tsb,1.952258673902155e-07,1.952258673902155e-07,3.811313929826201e-14,2.9283880108532324e-08
10,761,2026-06-02,346,Keychains & Charms,0.0,6.666666666666667,per-SKU,persku_ewma_a0.1,9.85811178566464e-08,9.85811178566464e-08,9.718236797866009e-15,1.478716767849696e-08
10,761,2026-06-02,346,Keychains & Charms,0.0,6.666666666666667,top-down,topdown_RM6_180,0.0,0.0,0.0,0.0
10,761,2026-06-02,346,Keychains & Charms,0.0,6.666666666666667,top-down,topdown_rolling_mean_30,0.0,0.0,0.0,0.0
10,761,2026-06-02,346,Keychains & Charms,0.0,6.666666666666667,top-down,topdown_tsb,0.0,0.0,0.0,0.0
10,761,2026-06-02,350,Keychains & Charms,211.0,24.458333333333332,per-SKU,persku_rolling_mean_30,76.99999999999999,134.0,17956.0,5.47870528109029
10,761,2026-06-02,350,Keychains & Charms,211.0,24.458333333333332,per-SKU,persku_rolling_mean_180,113.99999999999997,97.00000000000003,9409.000000000005,3.9659284497444647
10,761,2026-06-02,350,Keychains & Charms,211.0,24.458333333333332,per-SKU,persku_tsb,85.64341040111078,125.35658959888922,15714.27455586434,5.125312010857481
10,761,2026-06-02,350,Keychains & Charms,211.0,24.458333333333332,per-SKU,persku_ewma_a0.1,105.9756559116862,105.0243440883138,11030.112851180533,4.294010661191706
10,761,2026-06-02,350,Keychains & Charms,211.0,24.458333333333332,top-down,topdown_RM6_180,89.39149305555553,121.60850694444447,14788.628961257,4.972068427030098
10,761,2026-06-02,350,Keychains & Charms,211.0,24.458333333333332,top-down,topdown_rolling_mean_30,93.02604166666669,117.97395833333331,13917.854844835065,4.8234667802385
10,761,2026-06-02,350,Keychains & Charms,211.0,24.458333333333332,top-down,topdown_tsb,101.74236145250414,109.25763854749586,11937.231580975253,4.467092547086714
10,761,2026-06-02,352,Plush & Souvenirs,117.0,9.333333333333334,per-SKU,persku_rolling_mean_30,91.99999999999999,25.000000000000014,625.0000000000007,2.6785714285714297
10,761,2026-06-02,352,Plush & Souvenirs,117.0,9.333333333333334,per-SKU,persku_rolling_mean_180,52.5,64.5,4160.25,6.910714285714286
10,761,2026-06-02,352,Plush & Souvenirs,117.0,9.333333333333334,per-SKU,persku_tsb,93.95349144694376,23.046508553056242,531.1415564860945,2.46926877354174
10,761,2026-06-02,352,Plush & Souvenirs,117.0,9.333333333333334,per-SKU,persku_ewma_a0.1,112.37151439997737,4.628485600022628,21.42287894961683,0.4959091714309959
10,761,2026-06-02,352,Plush & Souvenirs,117.0,9.333333333333334,top-down,topdown_RM6_180,40.27777777777777,76.72222222222223,5886.299382716051,8.220238095238095
10,761,2026-06-02,352,Plush & Souvenirs,117.0,9.333333333333334,top-down,topdown_rolling_mean_30,72.3356009070295,44.6643990929705,1994.908546336144,4.785471331389696
10,761,2026-06-02,352,Plush & Souvenirs,117.0,9.333333333333334,top-down,topdown_tsb,81.54686821086993,35.45313178913007,1256.9245536574251,3.79854983454965
10,761,2026-06-02,354,Plush & Souvenirs,190.0,6.791666666666667,per-SKU,persku_rolling_mean_30,63.000000000000014,126.99999999999999,16128.999999999996,18.699386503067483
10,761,2026-06-02,354,Plush & Souvenirs,190.0,6.791666666666667,per-SKU,persku_rolling_mean_180,34.333333333333336,155.66666666666666,24232.11111111111,22.920245398773005
10,761,2026-06-02,354,Plush & Souvenirs,190.0,6.791666666666667,per-SKU,persku_tsb,84.25336941582495,105.74663058417505,11182.349879905987,15.57005603693375
10,761,2026-06-02,354,Plush & Souvenirs,190.0,6.791666666666667,per-SKU,persku_ewma_a0.1,117.50617368272492,72.49382631727508,5255.354854119245,10.673937617267496
10,761,2026-06-02,354,Plush & Souvenirs,190.0,6.791666666666667,top-down,topdown_RM6_180,43.05555555555555,146.94444444444446,21592.669753086422,21.6359918200409
10,761,2026-06-02,354,Plush & Souvenirs,190.0,6.791666666666667,top-down,topdown_rolling_mean_30,77.32426303854878,112.67573696145122,12695.821699806145,16.590292558741282
10,761,2026-06-02,354,Plush & Souvenirs,190.0,6.791666666666667,top-down,topdown_tsb,87.17079015644717,102.82920984355283,10573.846397049423,15.140497154878943
10,761,2026-06-02,356,Bags,0.0,21.416666666666668,per-SKU,persku_rolling_mean_30,0.0,0.0,0.0,0.0
10,761,2026-06-02,356,Bags,0.0,21.416666666666668,per-SKU,persku_rolling_mean_180,0.0,0.0,0.0,0.0
10,761,2026-06-02,356,Bags,0.0,21.416666666666668,per-SKU,persku_tsb,1.3111763797991382e-08,1.3111763797991382e-08,1.7191834989431738e-16,6.122224341474575e-10
10,761,2026-06-02,356,Bags,0.0,21.416666666666668,per-SKU,persku_ewma_a0.1,1.344019352407438e-08,1.344019352407438e-08,1.8063880196457092e-16,6.275576742758465e-10
10,761,2026-06-02,356,Bags,0.0,21.416666666666668,top-down,topdown_RM6_180,0.0,0.0,0.0,0.0
10,761,2026-06-02,356,Bags,0.0,21.416666666666668,top-down,topdown_rolling_mean_30,0.0,0.0,0.0,0.0
10,761,2026-06-02,356,Bags,0.0,21.416666666666668,top-down,topdown_tsb,0.0,0.0,0.0,0.0
10,761,2026-06-02,358,Bags,12.0,126.54166666666667,per-SKU,persku_rolling_mean_30,95.00000000000003,83.00000000000003,6889.000000000005,0.6559104379321701
10,761,2026-06-02,358,Bags,12.0,126.54166666666667,per-SKU,persku_rolling_mean_180,96.66666666666671,84.66666666666671,7168.4444444444525,0.6690813302601255
10,761,2026-06-02,358,Bags,12.0,126.54166666666667,per-SKU,persku_tsb,44.30466695074452,32.30466695074452,1043.5915067985252,0.2552887740592257
10,761,2026-06-02,358,Bags,12.0,126.54166666666667,per-SKU,persku_ewma_a0.1,186.31913801059687,174.31913801059687,30387.16187675752,1.3775631584637225
10,761,2026-06-02,358,Bags,12.0,126.54166666666667,top-down,topdown_RM6_180,54.02072072072072,42.02072072072072,1765.7409698888075,0.33207023289341364
10,761,2026-06-02,358,Bags,12.0,126.54166666666667,top-down,topdown_rolling_mean_30,41.216216216216225,29.216216216216225,853.5872899926959,0.23088218280842587
10,761,2026-06-02,358,Bags,12.0,126.54166666666667,top-down,topdown_tsb,44.377877036147524,32.377877036147524,1048.326921367889,0.2558673193505237
10,761,2026-06-02,359,Bags,133.0,16.041666666666668,per-SKU,persku_rolling_mean_30,35.0,98.0,9604.0,6.1090909090909085
10,761,2026-06-02,359,Bags,133.0,16.041666666666668,per-SKU,persku_rolling_mean_180,88.16666666666663,44.83333333333337,2010.0277777777812,2.794805194805197
10,761,2026-06-02,359,Bags,133.0,16.041666666666668,per-SKU,persku_tsb,56.229245541499544,76.77075445850045,5893.748740127367,4.785709368841586
10,761,2026-06-02,359,Bags,133.0,16.041666666666668,per-SKU,persku_ewma_a0.1,43.23156875553961,89.76843124446039,8058.371248091412,5.595954155498829
10,761,2026-06-02,359,Bags,133.0,16.041666666666668,top-down,topdown_RM6_180,127.9671171171171,5.032882882882902,25.329910112815707,0.3137381537381549
10,761,2026-06-02,359,Bags,133.0,16.041666666666668,top-down,topdown_rolling_mean_30,97.63513513513516,35.36486486486484,1250.6736669101517,2.204563004563003
10,761,2026-06-02,359,Bags,133.0,16.041666666666668,top-down,topdown_tsb,105.1246431430052,27.8753568569948,777.035519904807,1.7376845832931822
10,761,2026-06-02,377,Lanyards & IDs,370.0,87.375,per-SKU,persku_rolling_mean_30,193.00000000000003,176.99999999999997,31328.99999999999,2.025751072961373
10,761,2026-06-02,377,Lanyards & IDs,370.0,87.375,per-SKU,persku_rolling_mean_180,159.49999999999997,210.50000000000003,44310.250000000015,2.409155937052933
10,761,2026-06-02,377,Lanyards & IDs,370.0,87.375,per-SKU,persku_tsb,195.3830233809726,174.6169766190274,30491.088523569964,1.9984775578715583
10,761,2026-06-02,377,Lanyards & IDs,370.0,87.375,per-SKU,persku_ewma_a0.1,229.3361907368777,140.6638092631223,19786.30723641205,1.6098862290486098
10,761,2026-06-02,377,Lanyards & IDs,370.0,87.375,top-down,topdown_RM6_180,219.255668358714,150.744331641286,22723.853521978024,1.7252570144925437
10,761,2026-06-02,377,Lanyards & IDs,370.0,87.375,top-down,topdown_rolling_mean_30,177.76446700507609,192.23553299492391,36954.50014584248,2.200120549298128
10,761,2026-06-02,377,Lanyards & IDs,370.0,87.375,top-down,topdown_tsb,183.63651227739845,186.36348772260155,34731.349556132256,2.132915453191434
10,761,2026-06-02,378,Lanyards & IDs,0.0,2.9166666666666665,per-SKU,persku_rolling_mean_30,0.0,0.0,0.0,0.0
10,761,2026-06-02,378,Lanyards & IDs,0.0,2.9166666666666665,per-SKU,persku_rolling_mean_180,0.0,0.0,0.0,0.0
10,761,2026-06-02,378,Lanyards & IDs,0.0,2.9166666666666665,per-SKU,persku_tsb,4.934451657228761e-23,4.934451657228761e-23,2.4348813157527668e-45,1.691811996764147e-23
10,761,2026-06-02,378,Lanyards & IDs,0.0,2.9166666666666665,per-SKU,persku_ewma_a0.1,5.137564587176621e-23,5.137564587176621e-23,2.639456988741128e-45,1.761450715603413e-23
10,761,2026-06-02,378,Lanyards & IDs,0.0,2.9166666666666665,top-down,topdown_RM6_180,0.0,0.0,0.0,0.0
10,761,2026-06-02,378,Lanyards & IDs,0.0,2.9166666666666665,top-down,topdown_rolling_mean_30,0.0,0.0,0.0,0.0
10,761,2026-06-02,378,Lanyards & IDs,0.0,2.9166666666666665,top-down,topdown_tsb,0.0,0.0,0.0,0.0
10,761,2026-06-02,380,Shirts & Tops,77.0,2.4166666666666665,per-SKU,persku_rolling_mean_30,48.000000000000014,28.999999999999986,840.9999999999992,11.999999999999995
10,761,2026-06-02,380,Shirts & Tops,77.0,2.4166666666666665,per-SKU,persku_rolling_mean_180,33.333333333333336,43.666666666666664,1906.7777777777776,18.06896551724138
10,761,2026-06-02,380,Shirts & Tops,77.0,2.4166666666666665,per-SKU,persku_tsb,63.5953078993401,13.4046921006599,179.68577031349395,5.546769145100649
10,761,2026-06-02,380,Shirts & Tops,77.0,2.4166666666666665,per-SKU,persku_ewma_a0.1,72.69449913557719,4.305500864422811,18.537337693545574,1.7815865645887494
10,761,2026-06-02,380,Shirts & Tops,77.0,2.4166666666666665,top-down,topdown_RM6_180,61.8538552787663,15.146144721233703,229.4056999165556,6.267370229476016
10,761,2026-06-02,380,Shirts & Tops,77.0,2.4166666666666665,top-down,topdown_rolling_mean_30,48.97366548042705,28.02633451957295,785.4754266030062,11.597103939133635
10,761,2026-06-02,380,Shirts & Tops,77.0,2.4166666666666665,top-down,topdown_tsb,56.472427059843724,20.527572940156276,421.38125081343617,8.494168113168115
10,761,2026-06-02,381,Keychains & Charms,195.0,5.875,per-SKU,persku_rolling_mean_30,141.0,54.0,2916.0,9.191489361702128
10,761,2026-06-02,381,Keychains & Charms,195.0,5.875,per-SKU,persku_rolling_mean_180,29.666666666666657,165.33333333333334,27335.111111111113,28.141843971631207
10,761,2026-06-02,381,Keychains & Charms,195.0,5.875,per-SKU,persku_tsb,144.51022860381667,50.48977139618333,2549.2170156388524,8.594003641903546
10,761,2026-06-02,381,Keychains & Charms,195.0,5.875,per-SKU,persku_ewma_a0.1,165.37022280971433,29.629777190285665,877.9236963459726,5.04336633026139
10,761,2026-06-02,381,Keychains & Charms,195.0,5.875,top-down,topdown_RM6_180,100.07349537037034,94.92650462962966,9011.041281199101,16.157702915681643
10,761,2026-06-02,381,Keychains & Charms,195.0,5.875,top-down,topdown_rolling_mean_30,104.14236111111113,90.85763888888887,8255.11054446373,15.46513002364066
10,761,2026-06-02,381,Keychains & Charms,195.0,5.875,top-down,topdown_tsb,113.90025370154551,81.09974629845449,6577.168849673683,13.804212135907147
10,761,2026-06-02,389,Drinkware,0.0,11.333333333333334,per-SKU,persku_rolling_mean_30,0.0,0.0,0.0,0.0
10,761,2026-06-02,389,Drinkware,0.0,11.333333333333334,per-SKU,persku_rolling_mean_180,12.666666666666668,12.666666666666668,160.44444444444449,1.1176470588235294
10,761,2026-06-02,389,Drinkware,0.0,11.333333333333334,per-SKU,persku_tsb,4.616627060034561e-06,4.616627060034561e-06,2.1313245411443354e-11,4.073494464736377e-07
10,761,2026-06-02,389,Drinkware,0.0,11.333333333333334,per-SKU,persku_ewma_a0.1,5.774172221443435e-06,5.774172221443435e-06,3.334106484288901e-11,5.09485784245009e-07
10,761,2026-06-02,389,Drinkware,0.0,11.333333333333334,top-down,topdown_RM6_180,0.0,0.0,0.0,0.0
10,761,2026-06-02,389,Drinkware,0.0,11.333333333333334,top-down,topdown_rolling_mean_30,0.0,0.0,0.0,0.0
10,761,2026-06-02,389,Drinkware,0.0,11.333333333333334,top-down,topdown_tsb,0.0,0.0,0.0,0.0
10,761,2026-06-02,392,Drinkware,0.0,10.75,per-SKU,persku_rolling_mean_30,0.0,0.0,0.0,0.0
10,761,2026-06-02,392,Drinkware,0.0,10.75,per-SKU,persku_rolling_mean_180,10.499999999999996,10.499999999999996,110.24999999999993,0.9767441860465113
10,761,2026-06-02,392,Drinkware,0.0,10.75,per-SKU,persku_tsb,4.102363248528753e-06,4.102363248528753e-06,1.6829384222879384e-11,3.8161518590965145e-07
10,761,2026-06-02,392,Drinkware,0.0,10.75,per-SKU,persku_ewma_a0.1,4.4614025629363855e-06,4.4614025629363855e-06,1.9904112828575348e-11,4.150141919010591e-07
10,761,2026-06-02,392,Drinkware,0.0,10.75,top-down,topdown_RM6_180,0.0,0.0,0.0,0.0
10,761,2026-06-02,392,Drinkware,0.0,10.75,top-down,topdown_rolling_mean_30,0.0,0.0,0.0,0.0
10,761,2026-06-02,392,Drinkware,0.0,10.75,top-down,topdown_tsb,0.0,0.0,0.0,0.0
10,761,2026-06-02,393,Drinkware,157.0,13.333333333333334,per-SKU,persku_rolling_mean_30,118.00000000000001,38.999999999999986,1520.9999999999989,2.924999999999999
10,761,2026-06-02,393,Drinkware,157.0,13.333333333333334,per-SKU,persku_rolling_mean_180,88.16666666666663,68.83333333333337,4738.027777777783,5.162500000000002
10,761,2026-06-02,393,Drinkware,157.0,13.333333333333334,per-SKU,persku_tsb,130.14557273234297,26.85442726765703,721.1602638738814,2.0140820450742773
10,761,2026-06-02,393,Drinkware,157.0,13.333333333333334,per-SKU,persku_ewma_a0.1,108.75071780903095,48.249282190969055,2327.9932319437635,3.618696164322679
10,761,2026-06-02,393,Drinkware,157.0,13.333333333333334,top-down,topdown_RM6_180,111.33333333333331,45.666666666666686,2085.444444444446,3.425000000000001
10,761,2026-06-02,393,Drinkware,157.0,13.333333333333334,top-down,topdown_rolling_mean_30,118.00000000000001,38.999999999999986,1520.9999999999989,2.924999999999999
10,761,2026-06-02,393,Drinkware,157.0,13.333333333333334,top-down,topdown_tsb,130.2878324502194,26.712167549780588,713.5398952075511,2.003412566233544
10,761,2026-06-02,394,Drinkware,0.0,16.041666666666668,per-SKU,persku_rolling_mean_30,0.0,0.0,0.0,0.0
10,761,2026-06-02,394,Drinkware,0.0,16.041666666666668,per-SKU,persku_rolling_mean_180,0.0,0.0,0.0,0.0
10,761,2026-06-02,394,Drinkware,0.0,16.041666666666668,per-SKU,persku_tsb,2.2562255606588447e-13,2.2562255606588447e-13,5.090553780570318e-26,1.4064782715795394e-14
10,761,2026-06-02,394,Drinkware,0.0,16.041666666666668,per-SKU,persku_ewma_a0.1,1.4885023727859618e-13,1.4885023727859618e-13,2.2156393137894384e-26,9.278975830354046e-15
10,761,2026-06-02,394,Drinkware,0.0,16.041666666666668,top-down,topdown_RM6_180,0.0,0.0,0.0,0.0
10,761,2026-06-02,394,Drinkware,0.0,16.041666666666668,top-down,topdown_rolling_mean_30,0.0,0.0,0.0,0.0
10,761,2026-06-02,394,Drinkware,0.0,16.041666666666668,top-down,topdown_tsb,0.0,0.0,0.0,0.0
10,761,2026-06-02,395,Shirts & Tops,0.0,72.25,per-SKU,persku_rolling_mean_30,0.0,0.0,0.0,0.0
10,761,2026-06-02,395,Shirts & Tops,0.0,72.25,per-SKU,persku_rolling_mean_180,135.66666666666666,135.66666666666666,18405.44444444444,1.8777393310265282
10,761,2026-06-02,395,Shirts & Tops,0.0,72.25,per-SKU,persku_tsb,3.8841814567585944,3.8841814567585944,15.086865589027317,0.053760296979357705
10,761,2026-06-02,395,Shirts & Tops,0.0,72.25,per-SKU,persku_ewma_a0.1,3.799917859397059,3.799917859397059,14.439375738164728,0.05259401881518421
10,761,2026-06-02,395,Shirts & Tops,0.0,72.25,top-down,topdown_RM6_180,44.108896797153015,44.108896797153015,1945.5947766618956,0.6105037618983117
10,761,2026-06-02,395,Shirts & Tops,0.0,72.25,top-down,topdown_rolling_mean_30,34.923843416370104,34.923843416370104,1219.6748389711374,0.4833749953822852
10,761,2026-06-02,395,Shirts & Tops,0.0,72.25,top-down,topdown_tsb,40.271320936118066,40.271320936118066,1621.7792899398212,0.5573885250673781
10,761,2026-06-02,397,Shirts & Tops,163.0,17.541666666666668,per-SKU,persku_rolling_mean_30,205.00000000000006,42.00000000000006,1764.0000000000048,2.3942992874109295
10,761,2026-06-02,397,Shirts & Tops,163.0,17.541666666666668,per-SKU,persku_rolling_mean_180,57.66666666666668,105.33333333333331,11095.111111111108,6.004750593824227
10,761,2026-06-02,397,Shirts & Tops,163.0,17.541666666666668,per-SKU,persku_tsb,237.46802650562333,74.46802650562333,5545.486971642218,4.245208161840759
10,761,2026-06-02,397,Shirts & Tops,163.0,17.541666666666668,per-SKU,persku_ewma_a0.1,324.6162836617878,161.6162836617878,26119.82314464746,9.213279828700491
10,761,2026-06-02,397,Shirts & Tops,163.0,17.541666666666668,top-down,topdown_RM6_180,158.69062870699878,4.30937129300122,18.57068094094301,0.2456648718100458
10,761,2026-06-02,397,Shirts & Tops,163.0,17.541666666666668,top-down,topdown_rolling_mean_30,125.64555160142349,37.35444839857651,1395.354815161915,2.1294697424366653
10,761,2026-06-02,397,Shirts & Tops,163.0,17.541666666666668,top-down,topdown_tsb,144.8841776207466,18.115822379253387,328.1830204766579,1.0327309669883165
10,761,2026-06-02,400,Shirts & Tops,0.0,1.5833333333333333,per-SKU,persku_rolling_mean_30,0.0,0.0,0.0,0.0
10,761,2026-06-02,400,Shirts & Tops,0.0,1.5833333333333333,per-SKU,persku_rolling_mean_180,0.0,0.0,0.0,0.0
10,761,2026-06-02,400,Shirts & Tops,0.0,1.5833333333333333,per-SKU,persku_tsb,2.203044180026614e-32,2.203044180026614e-32,4.8534036591491357e-64,1.3913963242273353e-32
10,761,2026-06-02,400,Shirts & Tops,0.0,1.5833333333333333,per-SKU,persku_ewma_a0.1,2.860781105694909e-32,2.860781105694909e-32,8.184068534700984e-64,1.8068091193862582e-32
10,761,2026-06-02,400,Shirts & Tops,0.0,1.5833333333333333,top-down,topdown_RM6_180,0.0,0.0,0.0,0.0
10,761,2026-06-02,400,Shirts & Tops,0.0,1.5833333333333333,top-down,topdown_rolling_mean_30,0.0,0.0,0.0,0.0
10,761,2026-06-02,400,Shirts & Tops,0.0,1.5833333333333333,top-down,topdown_tsb,0.0,0.0,0.0,0.0
10,761,2026-06-02,401,Shirts & Tops,0.0,3.7083333333333335,per-SKU,persku_rolling_mean_30,0.0,0.0,0.0,0.0
10,761,2026-06-02,401,Shirts & Tops,0.0,3.7083333333333335,per-SKU,persku_rolling_mean_180,0.0,0.0,0.0,0.0
10,761,2026-06-02,401,Shirts & Tops,0.0,3.7083333333333335,per-SKU,persku_tsb,4.4740592621884145e-32,4.4740592621884145e-32,2.001720628157394e-63,1.2064878909272129e-32
10,761,2026-06-02,401,Shirts & Tops,0.0,3.7083333333333335,per-SKU,persku_ewma_a0.1,3.8450624562511655e-32,3.8450624562511655e-32,1.4784505292472247e-63,1.0368707747194154e-32
10,761,2026-06-02,401,Shirts & Tops,0.0,3.7083333333333335,top-down,topdown_RM6_180,0.0,0.0,0.0,0.0
10,761,2026-06-02,401,Shirts & Tops,0.0,3.7083333333333335,top-down,topdown_rolling_mean_30,0.0,0.0,0.0,0.0
10,761,2026-06-02,401,Shirts & Tops,0.0,3.7083333333333335,top-down,topdown_tsb,0.0,0.0,0.0,0.0
10,761,2026-06-02,402,Shirts & Tops,0.0,119.66666666666667,per-SKU,persku_rolling_mean_30,0.0,0.0,0.0,0.0
10,761,2026-06-02,402,Shirts & Tops,0.0,119.66666666666667,per-SKU,persku_rolling_mean_180,253.49999999999991,253.49999999999991,64262.249999999956,2.1183844011142052
10,761,2026-06-02,402,Shirts & Tops,0.0,119.66666666666667,per-SKU,persku_tsb,0.3507991554324303,0.3507991554324303,0.12306004745210639,0.0029314692654520635
10,761,2026-06-02,402,Shirts & Tops,0.0,119.66666666666667,per-SKU,persku_ewma_a0.1,0.33128969913064926,0.33128969913064926,0.1097528647500761,0.002768437597192055
10,761,2026-06-02,402,Shirts & Tops,0.0,119.66666666666667,top-down,topdown_RM6_180,117.11672597864765,117.11672597864765,13716.327503957642,0.978691303442738
10,761,2026-06-02,402,Shirts & Tops,0.0,119.66666666666667,top-down,topdown_rolling_mean_30,92.72882562277579,92.72882562277579,8598.63510137916,0.7748926932265385
10,761,2026-06-02,402,Shirts & Tops,0.0,119.66666666666667,top-down,topdown_tsb,106.92730041658933,106.92730041658933,11433.447574379545,0.893542900417181
10,761,2026-06-02,403,Shirts & Tops,312.0,7.708333333333333,per-SKU,persku_rolling_mean_30,184.99999999999994,127.00000000000006,16129.000000000015,16.475675675675685
10,761,2026-06-02,403,Shirts & Tops,312.0,7.708333333333333,per-SKU,persku_rolling_mean_180,55.000000000000014,257.0,66049.0,33.340540540540545
10,761,2026-06-02,403,Shirts & Tops,312.0,7.708333333333333,per-SKU,persku_tsb,206.18275708508966,105.81724291491034,11197.288898113142,13.727642324096477
10,761,2026-06-02,403,Shirts & Tops,312.0,7.708333333333333,per-SKU,persku_ewma_a0.1,227.51479962641324,84.48520037358676,7137.749082165105,10.960242210627472
10,761,2026-06-02,403,Shirts & Tops,312.0,7.708333333333333,top-down,topdown_RM6_180,167.3096085409252,144.6903914590748,20935.309380580304,18.77064537847457
10,761,2026-06-02,403,Shirts & Tops,312.0,7.708333333333333,top-down,topdown_rolling_mean_30,132.46975088967972,179.53024911032028,32231.11034561366,23.290410695392904
10,761,2026-06-02,403,Shirts & Tops,312.0,7.708333333333333,top-down,topdown_tsb,152.75328630941334,159.24671369058666,25359.51582125168,20.65903312742746
10,761,2026-06-02,404,Shirts & Tops,48.0,60.125,per-SKU,persku_rolling_mean_30,45.0,3.0,9.0,0.0498960498960499
10,761,2026-06-02,404,Shirts & Tops,48.0,60.125,per-SKU,persku_rolling_mean_180,66.66666666666667,18.66666666666667,348.4444444444446,0.31046431046431056
10,761,2026-06-02,404,Shirts & Tops,48.0,60.125,per-SKU,persku_tsb,45.72357966648632,2.276420333513677,5.18208953483452,0.03786146084846032
10,761,2026-06-02,404,Shirts & Tops,48.0,60.125,per-SKU,persku_ewma_a0.1,46.57361458838261,1.4263854116173889,2.034575342474908,0.023723665889686302
10,761,2026-06-02,404,Shirts & Tops,48.0,60.125,top-down,topdown_RM6_180,56.783867141162496,8.783867141162496,77.1563219535942,0.146093424385239
10,761,2026-06-02,404,Shirts & Tops,48.0,60.125,top-down,topdown_rolling_mean_30,44.9594306049822,3.0405693950177977,9.245062245918897,0.05057080074873676
10,761,2026-06-02,404,Shirts & Tops,48.0,60.125,top-down,topdown_tsb,51.8435395959221,3.8435395959221026,14.772796625421039,0.0639258144851909
10,761,2026-06-02,406,Shirts & Tops,0.0,2.3333333333333335,per-SKU,persku_rolling_mean_30,0.0,0.0,0.0,0.0
10,761,2026-06-02,406,Shirts & Tops,0.0,2.3333333333333335,per-SKU,persku_rolling_mean_180,0.0,0.0,0.0,0.0
10,761,2026-06-02,406,Shirts & Tops,0.0,2.3333333333333335,per-SKU,persku_tsb,2.656795287852614e-32,2.656795287852614e-32,7.058561201555855e-64,1.1386265519368346e-32
10,761,2026-06-02,406,Shirts & Tops,0.0,2.3333333333333335,per-SKU,persku_ewma_a0.1,2.2288968779632686e-32,2.2288968779632686e-32,4.967981292594406e-64,9.55241519127115e-33
10,761,2026-06-02,406,Shirts & Tops,0.0,2.3333333333333335,top-down,topdown_RM6_180,0.0,0.0,0.0,0.0
10,761,2026-06-02,406,Shirts & Tops,0.0,2.3333333333333335,top-down,topdown_rolling_mean_30,0.0,0.0,0.0,0.0
10,761,2026-06-02,406,Shirts & Tops,0.0,2.3333333333333335,top-down,topdown_tsb,0.0,0.0,0.0,0.0
10,761,2026-06-02,419,Umbrellas & Gear,0.0,45.666666666666664,per-SKU,persku_rolling_mean_30,0.0,0.0,0.0,0.0
10,761,2026-06-02,419,Umbrellas & Gear,0.0,45.666666666666664,per-SKU,persku_rolling_mean_180,19.166666666666668,19.166666666666668,367.36111111111114,0.41970802919708033
10,761,2026-06-02,419,Umbrellas & Gear,0.0,45.666666666666664,per-SKU,persku_tsb,5.513775976397436e-06,5.513775976397436e-06,3.04017255178975e-11,1.2073961992111175e-07
10,761,2026-06-02,419,Umbrellas & Gear,0.0,45.666666666666664,per-SKU,persku_ewma_a0.1,5.809206220733471e-06,5.809206220733471e-06,3.374687691500845e-11,1.2720889534452856e-07
10,761,2026-06-02,419,Umbrellas & Gear,0.0,45.666666666666664,top-down,topdown_RM6_180,0.0,0.0,0.0,0.0
10,761,2026-06-02,419,Umbrellas & Gear,0.0,45.666666666666664,top-down,topdown_rolling_mean_30,0.0,0.0,0.0,0.0
10,761,2026-06-02,419,Umbrellas & Gear,0.0,45.666666666666664,top-down,topdown_tsb,0.0,0.0,0.0,0.0
10,761,2026-06-02,477,Bags,0.0,0.16666666666666666,per-SKU,persku_rolling_mean_30,0.0,0.0,0.0,0.0
10,761,2026-06-02,477,Bags,0.0,0.16666666666666666,per-SKU,persku_rolling_mean_180,0.0,0.0,0.0,0.0
10,761,2026-06-02,477,Bags,0.0,0.16666666666666666,per-SKU,persku_tsb,2.2797949392208433e-32,2.2797949392208433e-32,5.197464964896969e-64,1.367876963532506e-31
10,761,2026-06-02,477,Bags,0.0,0.16666666666666666,per-SKU,persku_ewma_a0.1,9.228712167336028e-32,9.228712167336028e-32,8.516912826753604e-63,5.537227300401617e-31
10,761,2026-06-02,477,Bags,0.0,0.16666666666666666,top-down,topdown_RM6_180,0.0,0.0,0.0,0.0
10,761,2026-06-02,477,Bags,0.0,0.16666666666666666,top-down,topdown_rolling_mean_30,0.0,0.0,0.0,0.0
10,761,2026-06-02,477,Bags,0.0,0.16666666666666666,top-down,topdown_tsb,0.0,0.0,0.0,0.0
11,791,2026-07-02,29,Keychains & Charms,8.0,63.2,per-SKU,persku_rolling_mean_30,144.00000000000003,136.00000000000003,18496.000000000007,2.1518987341772156
11,791,2026-07-02,29,Keychains & Charms,8.0,63.2,per-SKU,persku_rolling_mean_180,112.0,104.0,10816.0,1.6455696202531644
11,791,2026-07-02,29,Keychains & Charms,8.0,63.2,per-SKU,persku_tsb,138.45194574935238,130.45194574935238,17017.710149791976,2.06411306565431
11,791,2026-07-02,29,Keychains & Charms,8.0,63.2,per-SKU,persku_ewma_a0.1,132.6866609299975,124.68666092999749,15546.763413872162,1.9728902045885677
11,791,2026-07-02,29,Keychains & Charms,8.0,63.2,top-down,topdown_RM6_180,66.56222406181017,58.56222406181017,3429.5340870656582,0.9266174693324394
11,791,2026-07-02,29,Keychains & Charms,8.0,63.2,top-down,topdown_rolling_mean_30,135.1978476821192,127.1978476821192,16179.292454963597,2.0126241721854305
11,791,2026-07-02,29,Keychains & Charms,8.0,63.2,top-down,topdown_tsb,98.86846262771573,90.86846262771573,8257.07750032457,1.4377921301853753
11,791,2026-07-02,39,Plush & Souvenirs,4.0,6.2,per-SKU,persku_rolling_mean_30,122.99999999999996,118.99999999999996,14160.999999999989,19.193548387096765
11,791,2026-07-02,39,Plush & Souvenirs,4.0,6.2,per-SKU,persku_rolling_mean_180,56.16666666666666,52.16666666666666,2721.36111111111,8.413978494623654
11,791,2026-07-02,39,Plush & Souvenirs,4.0,6.2,per-SKU,persku_tsb,83.04416087365749,79.04416087365749,6247.9793682206455,12.749058205428627
11,791,2026-07-02,39,Plush & Souvenirs,4.0,6.2,per-SKU,persku_ewma_a0.1,62.39634968411883,58.39634968411883,3410.1336564298854,9.418766078083681
11,791,2026-07-02,39,Plush & Souvenirs,4.0,6.2,top-down,topdown_RM6_180,54.971626733921816,50.971626733921816,2598.106731902253,8.221230118374486
11,791,2026-07-02,39,Plush & Souvenirs,4.0,6.2,top-down,topdown_rolling_mean_30,127.4274905422446,123.4274905422446,15234.34542155588,19.90765976487816
11,791,2026-07-02,39,Plush & Souvenirs,4.0,6.2,top-down,topdown_tsb,69.72194677012925,65.72194677012925,4319.374287255702,10.600313995182137
11,791,2026-07-02,48,Umbrellas & Gear,9.0,9.4,per-SKU,persku_rolling_mean_30,98.99999999999997,89.99999999999997,8099.9999999999945,9.57446808510638
11,791,2026-07-02,48,Umbrellas & Gear,9.0,9.4,per-SKU,persku_rolling_mean_180,55.000000000000014,46.000000000000014,2116.0000000000014,4.893617021276597
11,791,2026-07-02,48,Umbrellas & Gear,9.0,9.4,per-SKU,persku_tsb,83.53853582805898,74.53853582805898,5555.993323390832,7.929631471070104
11,791,2026-07-02,48,Umbrellas & Gear,9.0,9.4,per-SKU,persku_ewma_a0.1,77.68070686328014,68.68070686328014,4717.039495239816,7.3064581769446955
11,791,2026-07-02,48,Umbrellas & Gear,9.0,9.4,top-down,topdown_RM6_180,55.000000000000014,46.000000000000014,2116.0000000000014,4.893617021276597
11,791,2026-07-02,48,Umbrellas & Gear,9.0,9.4,top-down,topdown_rolling_mean_30,98.99999999999997,89.99999999999997,8099.9999999999945,9.57446808510638
11,791,2026-07-02,48,Umbrellas & Gear,9.0,9.4,top-down,topdown_tsb,83.55793767201303,74.55793767201303,5558.886069903779,7.931695497022662
11,791,2026-07-02,54,Stationery,0.0,38.88,per-SKU,persku_rolling_mean_30,0.0,0.0,0.0,0.0
11,791,2026-07-02,54,Stationery,0.0,38.88,per-SKU,persku_rolling_mean_180,0.0,0.0,0.0,0.0
11,791,2026-07-02,54,Stationery,0.0,38.88,per-SKU,persku_tsb,9.25426511647732e-07,9.25426511647732e-07,8.564142284604899e-13,2.380212221316183e-08
11,791,2026-07-02,54,Stationery,0.0,38.88,per-SKU,persku_ewma_a0.1,1.095187982736455e-06,1.095187982736455e-06,1.1994367175303457e-12,2.8168415193838862e-08
11,791,2026-07-02,54,Stationery,0.0,38.88,top-down,topdown_RM6_180,0.0,0.0,0.0,0.0
11,791,2026-07-02,54,Stationery,0.0,38.88,top-down,topdown_rolling_mean_30,0.0,0.0,0.0,0.0
11,791,2026-07-02,54,Stationery,0.0,38.88,top-down,topdown_tsb,0.0,0.0,0.0,0.0
11,791,2026-07-02,55,Stationery,90.0,45.88,per-SKU,persku_rolling_mean_30,195.0,105.0,11025.0,2.288578901482127
11,791,2026-07-02,55,Stationery,90.0,45.88,per-SKU,persku_rolling_mean_180,197.50000000000006,107.50000000000006,11556.250000000013,2.343068875326941
11,791,2026-07-02,55,Stationery,90.0,45.88,per-SKU,persku_tsb,192.55977381341836,102.55977381341836,10518.507204659534,2.235391757049223
11,791,2026-07-02,55,Stationery,90.0,45.88,per-SKU,persku_ewma_a0.1,175.10450488682355,85.10450488682355,7242.776752031373,1.8549368981434948
11,791,2026-07-02,55,Stationery,90.0,45.88,top-down,topdown_RM6_180,189.68614718614717,99.68614718614717,9937.327940818197,2.1727582211453176
11,791,2026-07-02,55,Stationery,90.0,45.88,top-down,topdown_rolling_mean_30,174.047619047619,84.04761904761901,7064.002267573689,1.8319010254494117
11,791,2026-07-02,55,Stationery,90.0,45.88,top-down,topdown_tsb,187.36980541313255,97.36980541313255,9480.879006191297,2.1222712600944322
11,791,2026-07-02,74,Bags,60.0,35.64,per-SKU,persku_rolling_mean_30,395.0000000000001,335.0000000000001,112225.00000000007,9.399551066217736
11,791,2026-07-02,74,Bags,60.0,35.64,per-SKU,persku_rolling_mean_180,171.16666666666663,111.16666666666663,12358.02777777777,3.119154508043396
11,791,2026-07-02,74,Bags,60.0,35.64,per-SKU,persku_tsb,266.94784962939383,206.94784962939383,42827.4124662302,5.806617554135629
11,791,2026-07-02,74,Bags,60.0,35.64,per-SKU,persku_ewma_a0.1,235.2654498072829,175.2654498072829,30717.977896149197,4.9176613301706755
11,791,2026-07-02,74,Bags,60.0,35.64,top-down,topdown_RM6_180,204.49382716049382,144.49382716049382,20878.46608748666,4.0542600213382105
11,791,2026-07-02,74,Bags,60.0,35.64,top-down,topdown_rolling_mean_30,328.0,268.0,71824.0,7.519640852974186
11,791,2026-07-02,74,Bags,60.0,35.64,top-down,topdown_tsb,243.41326480562125,183.41326480562125,33640.42570665694,5.146275667946724
11,791,2026-07-02,112,Keychains & Charms,8.0,31.16,per-SKU,persku_rolling_mean_30,189.00000000000006,181.00000000000006,32761.000000000022,5.80872913992298
11,791,2026-07-02,112,Keychains & Charms,8.0,31.16,per-SKU,persku_rolling_mean_180,70.5,62.5,3906.25,2.0057766367137355
11,791,2026-07-02,112,Keychains & Charms,8.0,31.16,per-SKU,persku_tsb,156.07060473038845,148.07060473038845,21924.903985222936,4.7519449528366
11,791,2026-07-02,112,Keychains & Charms,8.0,31.16,per-SKU,persku_ewma_a0.1,161.3116897977845,153.3116897977845,23504.474228652103,4.920144088503996
11,791,2026-07-02,112,Keychains & Charms,8.0,31.16,top-down,topdown_RM6_180,84.63341611479031,76.63341611479031,5872.6804654226025,2.4593522501537324
11,791,2026-07-02,112,Keychains & Charms,8.0,31.16,top-down,topdown_rolling_mean_30,171.90314569536423,163.90314569536423,26864.241168835793,5.260049605114385
11,791,2026-07-02,112,Keychains & Charms,8.0,31.16,top-down,topdown_tsb,125.7105791782268,117.7105791782268,13855.7804504736,3.777618073755674
11,791,2026-07-02,148,Lanyards & IDs,0.0,11.44,per-SKU,persku_rolling_mean_30,0.0,0.0,0.0,0.0
11,791,2026-07-02,148,Lanyards & IDs,0.0,11.44,per-SKU,persku_rolling_mean_180,0.0,0.0,0.0,0.0
11,791,2026-07-02,148,Lanyards & IDs,0.0,11.44,per-SKU,persku_tsb,1.0245379122190698e-09,1.0245379122190698e-09,1.0496779335742104e-18,8.955750980935925e-11
11,791,2026-07-02,148,Lanyards & IDs,0.0,11.44,per-SKU,persku_ewma_a0.1,1.0722542271874735e-09,1.0722542271874735e-09,1.1497291277214062e-18,9.37285163625414e-11
11,791,2026-07-02,148,Lanyards & IDs,0.0,11.44,top-down,topdown_RM6_180,0.0,0.0,0.0,0.0
11,791,2026-07-02,148,Lanyards & IDs,0.0,11.44,top-down,topdown_rolling_mean_30,0.0,0.0,0.0,0.0
11,791,2026-07-02,148,Lanyards & IDs,0.0,11.44,top-down,topdown_tsb,0.0,0.0,0.0,0.0
11,791,2026-07-02,156,Bags,0.0,13.04,per-SKU,persku_rolling_mean_30,0.0,0.0,0.0,0.0
11,791,2026-07-02,156,Bags,0.0,13.04,per-SKU,persku_rolling_mean_180,0.0,0.0,0.0,0.0
11,791,2026-07-02,156,Bags,0.0,13.04,per-SKU,persku_tsb,7.837431698294282e-10,7.837431698294282e-10,6.142533562542799e-19,6.010300382127518e-11
11,791,2026-07-02,156,Bags,0.0,13.04,per-SKU,persku_ewma_a0.1,6.38403936444057e-10,6.38403936444057e-10,4.075595860672676e-19,4.895735708926818e-11
11,791,2026-07-02,156,Bags,0.0,13.04,top-down,topdown_RM6_180,0.0,0.0,0.0,0.0
11,791,2026-07-02,156,Bags,0.0,13.04,top-down,topdown_rolling_mean_30,0.0,0.0,0.0,0.0
11,791,2026-07-02,156,Bags,0.0,13.04,top-down,topdown_tsb,0.0,0.0,0.0,0.0
11,791,2026-07-02,174,Uncategorised,14.0,10.68,per-SKU,persku_rolling_mean_30,52.99999999999999,38.99999999999999,1520.9999999999995,3.6516853932584263
11,791,2026-07-02,174,Uncategorised,14.0,10.68,per-SKU,persku_rolling_mean_180,47.00000000000002,33.00000000000002,1089.0000000000014,3.08988764044944
11,791,2026-07-02,174,Uncategorised,14.0,10.68,per-SKU,persku_tsb,46.448756126792695,32.448756126792695,1052.9217741760665,3.0382730455798406
11,791,2026-07-02,174,Uncategorised,14.0,10.68,per-SKU,persku_ewma_a0.1,49.461330491598794,35.461330491598794,1257.5059602343943,3.3203492969661794
11,791,2026-07-02,174,Uncategorised,14.0,10.68,top-down,topdown_RM6_180,47.00000000000002,33.00000000000002,1089.0000000000014,3.08988764044944
11,791,2026-07-02,174,Uncategorised,14.0,10.68,top-down,topdown_rolling_mean_30,52.99999999999999,38.99999999999999,1520.9999999999995,3.6516853932584263
11,791,2026-07-02,174,Uncategorised,14.0,10.68,top-down,topdown_tsb,46.448756126792695,32.448756126792695,1052.9217741760665,3.0382730455798406
11,791,2026-07-02,187,Outerwear,16.0,9.84,per-SKU,persku_rolling_mean_30,62.00000000000003,46.00000000000003,2116.0000000000027,4.674796747967482
11,791,2026-07-02,187,Outerwear,16.0,9.84,per-SKU,persku_rolling_mean_180,56.33333333333334,40.33333333333334,1626.7777777777785,4.0989159891598925
11,791,2026-07-02,187,Outerwear,16.0,9.84,per-SKU,persku_tsb,61.64135127623589,45.64135127623589,2083.1329463207594,4.638348706934542
11,791,2026-07-02,187,Outerwear,16.0,9.84,per-SKU,persku_ewma_a0.1,62.09936366386022,46.09936366386022,2125.1513302128355,4.6848946812866075
11,791,2026-07-02,187,Outerwear,16.0,9.84,top-down,topdown_RM6_180,56.33333333333334,40.33333333333334,1626.7777777777785,4.0989159891598925
11,791,2026-07-02,187,Outerwear,16.0,9.84,top-down,topdown_rolling_mean_30,62.00000000000003,46.00000000000003,2116.0000000000027,4.674796747967482
11,791,2026-07-02,187,Outerwear,16.0,9.84,top-down,topdown_tsb,61.64135127623589,45.64135127623589,2083.1329463207594,4.638348706934542
11,791,2026-07-02,190,Lanyards & IDs,0.0,18.16,per-SKU,persku_rolling_mean_30,0.0,0.0,0.0,0.0
11,791,2026-07-02,190,Lanyards & IDs,0.0,18.16,per-SKU,persku_rolling_mean_180,0.0,0.0,0.0,0.0
11,791,2026-07-02,190,Lanyards & IDs,0.0,18.16,per-SKU,persku_tsb,2.3801804913187084e-11,2.3801804913187084e-11,5.665259171254168e-22,1.3106720767173504e-12
11,791,2026-07-02,190,Lanyards & IDs,0.0,18.16,per-SKU,persku_ewma_a0.1,1.9576655299315557e-11,1.9576655299315557e-11,3.8324543270821987e-22,1.0780096530460108e-12
11,791,2026-07-02,190,Lanyards & IDs,0.0,18.16,top-down,topdown_RM6_180,0.0,0.0,0.0,0.0
11,791,2026-07-02,190,Lanyards & IDs,0.0,18.16,top-down,topdown_rolling_mean_30,0.0,0.0,0.0,0.0
11,791,2026-07-02,190,Lanyards & IDs,0.0,18.16,top-down,topdown_tsb,0.0,0.0,0.0,0.0
11,791,2026-07-02,192,Lanyards & IDs,15.0,10.16,per-SKU,persku_rolling_mean_30,128.0,113.0,12769.0,11.122047244094489
11,791,2026-07-02,192,Lanyards & IDs,15.0,10.16,per-SKU,persku_rolling_mean_180,58.33333333333332,43.33333333333332,1877.7777777777767,4.265091863517059
11,791,2026-07-02,192,Lanyards & IDs,15.0,10.16,per-SKU,persku_tsb,145.4928140669711,130.4928140669711,17028.374523117094,12.843780912103455
11,791,2026-07-02,192,Lanyards & IDs,15.0,10.16,per-SKU,persku_ewma_a0.1,162.01947206232228,147.01947206232228,21614.72516548396,14.470420478575027
11,791,2026-07-02,192,Lanyards & IDs,15.0,10.16,top-down,topdown_RM6_180,76.24872773536893,61.24872773536893,3751.4066492013512,6.028418084189855
11,791,2026-07-02,192,Lanyards & IDs,15.0,10.16,top-down,topdown_rolling_mean_30,112.90267175572514,97.90267175572514,9584.93313690926,9.636089739736725
11,791,2026-07-02,192,Lanyards & IDs,15.0,10.16,top-down,topdown_tsb,120.99018306341102,105.99018306341102,11233.91890581538,10.432104632225494
11,791,2026-07-02,209,Keychains & Charms,0.0,15.24,per-SKU,persku_rolling_mean_30,0.0,0.0,0.0,0.0
11,791,2026-07-02,209,Keychains & Charms,0.0,15.24,per-SKU,persku_rolling_mean_180,0.0,0.0,0.0,0.0
11,791,2026-07-02,209,Keychains & Charms,0.0,15.24,per-SKU,persku_tsb,3.362405186246237e-22,3.362405186246237e-22,1.1305768636495592e-43,2.2063026156471372e-23
11,791,2026-07-02,209,Keychains & Charms,0.0,15.24,per-SKU,persku_ewma_a0.1,1.5374552434008206e-22,1.5374552434008206e-22,2.363768625460677e-44,1.0088288998693049e-23
11,791,2026-07-02,209,Keychains & Charms,0.0,15.24,top-down,topdown_RM6_180,0.0,0.0,0.0,0.0
11,791,2026-07-02,209,Keychains & Charms,0.0,15.24,top-down,topdown_rolling_mean_30,0.0,0.0,0.0,0.0
11,791,2026-07-02,209,Keychains & Charms,0.0,15.24,top-down,topdown_tsb,0.0,0.0,0.0,0.0
11,791,2026-07-02,212,Stationery,1.0,29.84,per-SKU,persku_rolling_mean_30,14.0,13.0,169.0,0.435656836461126
11,791,2026-07-02,212,Stationery,1.0,29.84,per-SKU,persku_rolling_mean_180,41.999999999999986,40.999999999999986,1680.9999999999989,1.3739946380697046
11,791,2026-07-02,212,Stationery,1.0,29.84,per-SKU,persku_tsb,67.66612513750972,66.66612513750972,4444.372240850106,2.234119475117618
11,791,2026-07-02,212,Stationery,1.0,29.84,per-SKU,persku_ewma_a0.1,20.872604754591503,19.872604754591503,394.9204197322128,0.6659720092021281
11,791,2026-07-02,212,Stationery,1.0,29.84,top-down,topdown_RM6_180,92.23953823953825,91.23953823953825,8324.653338164162,3.057625276123936
11,791,2026-07-02,212,Stationery,1.0,29.84,top-down,topdown_rolling_mean_30,84.63492063492063,83.63492063492063,6994.799949609473,2.8027788416528363
11,791,2026-07-02,212,Stationery,1.0,29.84,top-down,topdown_tsb,91.11316027932722,90.11316027932722,8120.381655527716,3.0198780254466224
11,791,2026-07-02,213,Stationery,0.0,4.08,per-SKU,persku_rolling_mean_30,0.0,0.0,0.0,0.0
11,791,2026-07-02,213,Stationery,0.0,4.08,per-SKU,persku_rolling_mean_180,0.0,0.0,0.0,0.0
11,791,2026-07-02,213,Stationery,0.0,4.08,per-SKU,persku_tsb,5.28007416476933e-17,5.28007416476933e-17,2.7879183185464535e-33,1.294135824698365e-17
11,791,2026-07-02,213,Stationery,0.0,4.08,per-SKU,persku_ewma_a0.1,4.807985273547095e-17,4.807985273547095e-17,2.311672239064573e-33,1.1784277631242879e-17
11,791,2026-07-02,213,Stationery,0.0,4.08,top-down,topdown_RM6_180,0.0,0.0,0.0,0.0
11,791,2026-07-02,213,Stationery,0.0,4.08,top-down,topdown_rolling_mean_30,0.0,0.0,0.0,0.0
11,791,2026-07-02,213,Stationery,0.0,4.08,top-down,topdown_tsb,0.0,0.0,0.0,0.0
11,791,2026-07-02,215,Lanyards & IDs,1.0,146.88,per-SKU,persku_rolling_mean_30,384.9999999999999,383.9999999999999,147455.9999999999,2.6143790849673194
11,791,2026-07-02,215,Lanyards & IDs,1.0,146.88,per-SKU,persku_rolling_mean_180,327.16666666666674,326.16666666666674,106384.6944444445,2.2206336238198987
11,791,2026-07-02,215,Lanyards & IDs,1.0,146.88,per-SKU,persku_tsb,390.0131302106763,389.0131302106763,151331.2154763086,2.6485098734387003
11,791,2026-07-02,215,Lanyards & IDs,1.0,146.88,per-SKU,persku_ewma_a0.1,404.52813230923357,403.52813230923357,162834.95356497832,2.747332055482255
11,791,2026-07-02,215,Lanyards & IDs,1.0,146.88,top-down,topdown_RM6_180,275.7851993214588,274.7851993214588,75506.90576613383,1.8708142655328077
11,791,2026-07-02,215,Lanyards & IDs,1.0,146.88,top-down,topdown_rolling_mean_30,408.35941475826957,407.35941475826957,165941.6927921999,2.773416494813927
11,791,2026-07-02,215,Lanyards & IDs,1.0,146.88,top-down,topdown_tsb,437.6112591398001,436.6112591398001,190629.39160764168,2.972571208740469
11,791,2026-07-02,216,Lanyards & IDs,0.0,18.2,per-SKU,persku_rolling_mean_30,0.0,0.0,0.0,0.0
11,791,2026-07-02,216,Lanyards & IDs,0.0,18.2,per-SKU,persku_rolling_mean_180,0.0,0.0,0.0,0.0
11,791,2026-07-02,216,Lanyards & IDs,0.0,18.2,per-SKU,persku_tsb,2.9833668845290997e-17,2.9833668845290997e-17,8.900477967704867e-34,1.6392125739170878e-18
11,791,2026-07-02,216,Lanyards & IDs,0.0,18.2,per-SKU,persku_ewma_a0.1,2.870702602395273e-17,2.870702602395273e-17,8.240933431398992e-34,1.577309122195205e-18
11,791,2026-07-02,216,Lanyards & IDs,0.0,18.2,top-down,topdown_RM6_180,0.0,0.0,0.0,0.0
11,791,2026-07-02,216,Lanyards & IDs,0.0,18.2,top-down,topdown_rolling_mean_30,0.0,0.0,0.0,0.0
11,791,2026-07-02,216,Lanyards & IDs,0.0,18.2,top-down,topdown_tsb,0.0,0.0,0.0,0.0
11,791,2026-07-02,221,Stationery,0.0,14.24,per-SKU,persku_rolling_mean_30,0.0,0.0,0.0,0.0
11,791,2026-07-02,221,Stationery,0.0,14.24,per-SKU,persku_rolling_mean_180,0.0,0.0,0.0,0.0
11,791,2026-07-02,221,Stationery,0.0,14.24,per-SKU,persku_tsb,1.8534290855339282e-08,1.8534290855339282e-08,3.4351993751031334e-16,1.3015653690547248e-09
11,791,2026-07-02,221,Stationery,0.0,14.24,per-SKU,persku_ewma_a0.1,8.655500546388336e-09,8.655500546388336e-09,7.491768970852879e-17,6.078300945497427e-10
11,791,2026-07-02,221,Stationery,0.0,14.24,top-down,topdown_RM6_180,0.0,0.0,0.0,0.0
11,791,2026-07-02,221,Stationery,0.0,14.24,top-down,topdown_rolling_mean_30,0.0,0.0,0.0,0.0
11,791,2026-07-02,221,Stationery,0.0,14.24,top-down,topdown_tsb,0.0,0.0,0.0,0.0
11,791,2026-07-02,227,Stationery,19.0,18.04,per-SKU,persku_rolling_mean_30,51.000000000000014,32.000000000000014,1024.000000000001,1.7738359201773846
11,791,2026-07-02,227,Stationery,19.0,18.04,per-SKU,persku_rolling_mean_180,40.166666666666664,21.166666666666664,448.02777777777766,1.1733185513673319
11,791,2026-07-02,227,Stationery,19.0,18.04,per-SKU,persku_tsb,49.55253609885813,30.552536098858127,933.457462072029,1.6935995620209605
11,791,2026-07-02,227,Stationery,19.0,18.04,per-SKU,persku_ewma_a0.1,52.958329706354675,33.958329706354675,1153.1681564454905,1.8823907819487071
11,791,2026-07-02,227,Stationery,19.0,18.04,top-down,topdown_RM6_180,42.02849927849928,23.028499278499282,530.311779019842,1.276524350249406
11,791,2026-07-02,227,Stationery,19.0,18.04,top-down,topdown_rolling_mean_30,38.56349206349206,19.563492063492063,382.73022171831695,1.0844507795727307
11,791,2026-07-02,227,Stationery,19.0,18.04,top-down,topdown_tsb,41.51527061114506,22.515270611145063,506.93741069309254,1.2480748675801032
11,791,2026-07-02,228,Stationery,33.0,35.08,per-SKU,persku_rolling_mean_30,89.00000000000001,56.000000000000014,3136.000000000002,1.5963511972633984
11,791,2026-07-02,228,Stationery,33.0,35.08,per-SKU,persku_rolling_mean_180,63.16666666666666,30.166666666666657,910.0277777777773,0.8599391866210564
11,791,2026-07-02,228,Stationery,33.0,35.08,per-SKU,persku_tsb,86.09747176159907,53.09747176159907,2819.3415074738105,1.513610939612288
11,791,2026-07-02,228,Stationery,33.0,35.08,per-SKU,persku_ewma_a0.1,88.72235676851352,55.72235676851352,3104.981043837505,1.5884366239599066
11,791,2026-07-02,228,Stationery,33.0,35.08,top-down,topdown_RM6_180,62.856782106782106,29.856782106782106,891.4274377718641,0.8511055332606073
11,791,2026-07-02,228,Stationery,33.0,35.08,top-down,topdown_rolling_mean_30,57.67460317460317,24.67460317460317,608.8360418241368,0.7033809342817323
11,791,2026-07-02,228,Stationery,33.0,35.08,top-down,topdown_tsb,62.08921002905766,29.08921002905766,846.1821401146287,0.8292249153095115
11,791,2026-07-02,229,Stationery,16.0,50.8,per-SKU,persku_rolling_mean_30,124.00000000000006,108.00000000000006,11664.000000000013,2.125984251968505
11,791,2026-07-02,229,Stationery,16.0,50.8,per-SKU,persku_rolling_mean_180,76.33333333333334,60.33333333333334,3640.111111111112,1.1876640419947508
11,791,2026-07-02,229,Stationery,16.0,50.8,per-SKU,persku_tsb,136.23880071764964,120.23880071764964,14457.369198018663,2.366905525937985
11,791,2026-07-02,229,Stationery,16.0,50.8,per-SKU,persku_ewma_a0.1,153.99147114652828,137.99147114652828,19041.646109183148,2.7163675422544937
11,791,2026-07-02,229,Stationery,16.0,50.8,top-down,topdown_RM6_180,96.33080808080808,80.33080808080808,6453.038726915621,1.5813151197009465
11,791,2026-07-02,229,Stationery,16.0,50.8,top-down,topdown_rolling_mean_30,88.38888888888889,72.38888888888889,5240.151234567901,1.4249781277340332
11,791,2026-07-02,229,Stationery,16.0,50.8,top-down,topdown_tsb,95.15446980784576,79.15446980784576,6265.430090561165,1.5581588544851528
11,791,2026-07-02,242,Plush & Souvenirs,0.0,74.8,per-SKU,persku_rolling_mean_30,0.0,0.0,0.0,0.0
11,791,2026-07-02,242,Plush & Souvenirs,0.0,74.8,per-SKU,persku_rolling_mean_180,0.0,0.0,0.0,0.0
11,791,2026-07-02,242,Plush & Souvenirs,0.0,74.8,per-SKU,persku_tsb,5.03367847037077e-23,5.03367847037077e-23,2.5337918943074214e-45,6.729516671618677e-25
11,791,2026-07-02,242,Plush & Souvenirs,0.0,74.8,per-SKU,persku_ewma_a0.1,6.732104884203069e-23,6.732104884203069e-23,4.532123617191082e-45,9.00014021952282e-25
11,791,2026-07-02,242,Plush & Souvenirs,0.0,74.8,top-down,topdown_RM6_180,0.0,0.0,0.0,0.0
11,791,2026-07-02,242,Plush & Souvenirs,0.0,74.8,top-down,topdown_rolling_mean_30,0.0,0.0,0.0,0.0
11,791,2026-07-02,242,Plush & Souvenirs,0.0,74.8,top-down,topdown_tsb,0.0,0.0,0.0,0.0
11,791,2026-07-02,250,Plush & Souvenirs,0.0,4.32,per-SKU,persku_rolling_mean_30,0.0,0.0,0.0,0.0
11,791,2026-07-02,250,Plush & Souvenirs,0.0,4.32,per-SKU,persku_rolling_mean_180,0.0,0.0,0.0,0.0
11,791,2026-07-02,250,Plush & Souvenirs,0.0,4.32,per-SKU,persku_tsb,1.4202592410625249e-22,1.4202592410625249e-22,2.017136311823499e-44,3.2876371320891777e-23
11,791,2026-07-02,250,Plush & Souvenirs,0.0,4.32,per-SKU,persku_ewma_a0.1,1.3685557630921862e-22,1.3685557630921862e-22,1.872944876692836e-44,3.1679531553059863e-23
11,791,2026-07-02,250,Plush & Souvenirs,0.0,4.32,top-down,topdown_RM6_180,0.0,0.0,0.0,0.0
11,791,2026-07-02,250,Plush & Souvenirs,0.0,4.32,top-down,topdown_rolling_mean_30,0.0,0.0,0.0,0.0
11,791,2026-07-02,250,Plush & Souvenirs,0.0,4.32,top-down,topdown_tsb,0.0,0.0,0.0,0.0
11,791,2026-07-02,251,Plush & Souvenirs,0.0,22.08,per-SKU,persku_rolling_mean_30,0.0,0.0,0.0,0.0
11,791,2026-07-02,251,Plush & Souvenirs,0.0,22.08,per-SKU,persku_rolling_mean_180,0.0,0.0,0.0,0.0
11,791,2026-07-02,251,Plush & Souvenirs,0.0,22.08,per-SKU,persku_tsb,4.164176961694414e-10,4.164176961694414e-10,1.734036976830652e-19,1.8859497109123253e-11
11,791,2026-07-02,251,Plush & Souvenirs,0.0,22.08,per-SKU,persku_ewma_a0.1,4.042670633645062e-10,4.042670633645062e-10,1.6343185852136168e-19,1.8309196710349013e-11
11,791,2026-07-02,251,Plush & Souvenirs,0.0,22.08,top-down,topdown_RM6_180,0.0,0.0,0.0,0.0
11,791,2026-07-02,251,Plush & Souvenirs,0.0,22.08,top-down,topdown_rolling_mean_30,0.0,0.0,0.0,0.0
11,791,2026-07-02,251,Plush & Souvenirs,0.0,22.08,top-down,topdown_tsb,0.0,0.0,0.0,0.0
11,791,2026-07-02,252,Plush & Souvenirs,0.0,7.44,per-SKU,persku_rolling_mean_30,0.0,0.0,0.0,0.0
11,791,2026-07-02,252,Plush & Souvenirs,0.0,7.44,per-SKU,persku_rolling_mean_180,0.0,0.0,0.0,0.0
11,791,2026-07-02,252,Plush & Souvenirs,0.0,7.44,per-SKU,persku_tsb,1.101948723985224e-22,1.101948723985224e-22,1.2142909902926632e-44,1.4811138763242256e-23
11,791,2026-07-02,252,Plush & Souvenirs,0.0,7.44,per-SKU,persku_ewma_a0.1,9.90538874688094e-23,9.90538874688094e-23,9.811672622683555e-45,1.3313694552259327e-23
11,791,2026-07-02,252,Plush & Souvenirs,0.0,7.44,top-down,topdown_RM6_180,0.0,0.0,0.0,0.0
11,791,2026-07-02,252,Plush & Souvenirs,0.0,7.44,top-down,topdown_rolling_mean_30,0.0,0.0,0.0,0.0
11,791,2026-07-02,252,Plush & Souvenirs,0.0,7.44,top-down,topdown_tsb,0.0,0.0,0.0,0.0
11,791,2026-07-02,261,Stationery,0.0,61.6,per-SKU,persku_rolling_mean_30,0.0,0.0,0.0,0.0
11,791,2026-07-02,261,Stationery,0.0,61.6,per-SKU,persku_rolling_mean_180,53.666666666666686,53.666666666666686,2880.111111111113,0.8712121212121215
11,791,2026-07-02,261,Stationery,0.0,61.6,per-SKU,persku_tsb,2.2560118617812455,2.2560118617812455,5.0895895204976815,0.03662356918476048
11,791,2026-07-02,261,Stationery,0.0,61.6,per-SKU,persku_ewma_a0.1,2.0781675708877554,2.0781675708877554,4.318780452689514,0.03373648654038564
11,791,2026-07-02,261,Stationery,0.0,61.6,top-down,topdown_RM6_180,29.382756132756132,29.382756132756132,863.3463579570181,0.4769927943629242
11,791,2026-07-02,261,Stationery,0.0,61.6,top-down,topdown_rolling_mean_30,26.96031746031746,26.96031746031746,726.8587175610984,0.4376674912389198
11,791,2026-07-02,261,Stationery,0.0,61.6,top-down,topdown_tsb,29.023950250269557,29.023950250269557,842.3896881301223,0.471168023543337
11,791,2026-07-02,267,Shirts & Tops,0.0,8.32,per-SKU,persku_rolling_mean_30,0.0,0.0,0.0,0.0
11,791,2026-07-02,267,Shirts & Tops,0.0,8.32,per-SKU,persku_rolling_mean_180,20.166666666666657,20.166666666666657,406.69444444444406,2.423878205128204
11,791,2026-07-02,267,Shirts & Tops,0.0,8.32,per-SKU,persku_tsb,0.00012936618730304377,0.00012936618730304377,1.6735610417326205e-08,1.5548820589308144e-05
11,791,2026-07-02,267,Shirts & Tops,0.0,8.32,per-SKU,persku_ewma_a0.1,9.83346092152302e-05,9.83346092152302e-05,9.669695369512035e-09,1.1819063607599783e-05
11,791,2026-07-02,267,Shirts & Tops,0.0,8.32,top-down,topdown_RM6_180,0.0,0.0,0.0,0.0
11,791,2026-07-02,267,Shirts & Tops,0.0,8.32,top-down,topdown_rolling_mean_30,0.0,0.0,0.0,0.0
11,791,2026-07-02,267,Shirts & Tops,0.0,8.32,top-down,topdown_tsb,0.0,0.0,0.0,0.0
11,791,2026-07-02,276,Stationery,0.0,25.12,per-SKU,persku_rolling_mean_30,0.0,0.0,0.0,0.0
11,791,2026-07-02,276,Stationery,0.0,25.12,per-SKU,persku_rolling_mean_180,0.0,0.0,0.0,0.0
11,791,2026-07-02,276,Stationery,0.0,25.12,per-SKU,persku_tsb,3.6307044549621964e-18,3.6307044549621964e-18,1.318201483928234e-35,1.44534413016011e-19
11,791,2026-07-02,276,Stationery,0.0,25.12,per-SKU,persku_ewma_a0.1,1.5986469032205856e-18,1.5986469032205856e-18,2.555671921176768e-36,6.364040219827172e-20
11,791,2026-07-02,276,Stationery,0.0,25.12,top-down,topdown_RM6_180,0.0,0.0,0.0,0.0
11,791,2026-07-02,276,Stationery,0.0,25.12,top-down,topdown_rolling_mean_30,0.0,0.0,0.0,0.0
11,791,2026-07-02,276,Stationery,0.0,25.12,top-down,topdown_tsb,0.0,0.0,0.0,0.0
11,791,2026-07-02,277,Stationery,0.0,46.8,per-SKU,persku_rolling_mean_30,0.0,0.0,0.0,0.0
11,791,2026-07-02,277,Stationery,0.0,46.8,per-SKU,persku_rolling_mean_180,42.66666666666668,42.66666666666668,1820.4444444444455,0.911680911680912
11,791,2026-07-02,277,Stationery,0.0,46.8,per-SKU,persku_tsb,0.04985621047795914,0.04985621047795914,0.002485641723222563,0.0010653036426914347
11,791,2026-07-02,277,Stationery,0.0,46.8,per-SKU,persku_ewma_a0.1,0.04387470836725655,0.04387470836725655,0.001924990034311812,0.0009374937685311229
11,791,2026-07-02,277,Stationery,0.0,46.8,top-down,topdown_RM6_180,2.9754689754689756,2.9754689754689756,8.853415623978396,0.06357839691173026
11,791,2026-07-02,277,Stationery,0.0,46.8,top-down,topdown_rolling_mean_30,2.73015873015873,2.73015873015873,7.453766691861928,0.05833672500339167
11,791,2026-07-02,277,Stationery,0.0,46.8,top-down,topdown_tsb,2.939134202558942,2.939134202558942,8.638509860651789,0.06280201287519108
11,791,2026-07-02,291,Shirts & Tops,22.0,17.32,per-SKU,persku_rolling_mean_30,127.0,105.0,11025.0,6.062355658198614
11,791,2026-07-02,291,Shirts & Tops,22.0,17.32,per-SKU,persku_rolling_mean_180,102.00000000000003,80.00000000000003,6400.000000000005,4.618937644341803
11,791,2026-07-02,291,Shirts & Tops,22.0,17.32,per-SKU,persku_tsb,120.97624910526969,98.97624910526969,9796.297886948398,5.714564036101021
11,791,2026-07-02,291,Shirts & Tops,22.0,17.32,per-SKU,persku_ewma_a0.1,123.0900458553636,101.0900458553636,10219.197371039516,5.836607728369723
11,791,2026-07-02,291,Shirts & Tops,22.0,17.32,top-down,topdown_RM6_180,112.04495283965484,90.04495283965484,8108.0935318956645,5.198900279425799
11,791,2026-07-02,291,Shirts & Tops,22.0,17.32,top-down,topdown_rolling_mean_30,122.55267910897051,100.55267910897051,10110.841275991594,5.805581934698067
11,791,2026-07-02,291,Shirts & Tops,22.0,17.32,top-down,topdown_tsb,112.55907783366175,90.55907783366175,8200.946578083207,5.2285841705347424
11,791,2026-07-02,326,Stationery,0.0,4.16,per-SKU,persku_rolling_mean_30,0.0,0.0,0.0,0.0
11,791,2026-07-02,326,Stationery,0.0,4.16,per-SKU,persku_rolling_mean_180,0.0,0.0,0.0,0.0
11,791,2026-07-02,326,Stationery,0.0,4.16,per-SKU,persku_tsb,4.9691544086413646e-17,4.9691544086413646e-17,2.469249553691991e-33,1.1945082713080203e-17
11,791,2026-07-02,326,Stationery,0.0,4.16,per-SKU,persku_ewma_a0.1,5.39987971441546e-17,5.39987971441546e-17,2.915870093015559e-33,1.298048008272947e-17
11,791,2026-07-02,326,Stationery,0.0,4.16,top-down,topdown_RM6_180,0.0,0.0,0.0,0.0
11,791,2026-07-02,326,Stationery,0.0,4.16,top-down,topdown_rolling_mean_30,0.0,0.0,0.0,0.0
11,791,2026-07-02,326,Stationery,0.0,4.16,top-down,topdown_tsb,0.0,0.0,0.0,0.0
11,791,2026-07-02,340,Lanyards & IDs,0.0,12.4,per-SKU,persku_rolling_mean_30,0.0,0.0,0.0,0.0
11,791,2026-07-02,340,Lanyards & IDs,0.0,12.4,per-SKU,persku_rolling_mean_180,0.0,0.0,0.0,0.0
11,791,2026-07-02,340,Lanyards & IDs,0.0,12.4,per-SKU,persku_tsb,1.2417328368259703e-11,1.2417328368259703e-11,1.5419004380518718e-22,1.0013974490532018e-12
11,791,2026-07-02,340,Lanyards & IDs,0.0,12.4,per-SKU,persku_ewma_a0.1,3.5877906864230238e-12,3.5877906864230238e-12,1.2872242009583791e-23,2.893379585825019e-13
11,791,2026-07-02,340,Lanyards & IDs,0.0,12.4,top-down,topdown_RM6_180,0.0,0.0,0.0,0.0
11,791,2026-07-02,340,Lanyards & IDs,0.0,12.4,top-down,topdown_rolling_mean_30,0.0,0.0,0.0,0.0
11,791,2026-07-02,340,Lanyards & IDs,0.0,12.4,top-down,topdown_tsb,0.0,0.0,0.0,0.0
11,791,2026-07-02,346,Keychains & Charms,0.0,6.4,per-SKU,persku_rolling_mean_30,0.0,0.0,0.0,0.0
11,791,2026-07-02,346,Keychains & Charms,0.0,6.4,per-SKU,persku_rolling_mean_180,0.0,0.0,0.0,0.0
11,791,2026-07-02,346,Keychains & Charms,0.0,6.4,per-SKU,persku_tsb,8.275850643954997e-09,8.275850643954997e-09,6.848970388105035e-17,1.2931016631179684e-09
11,791,2026-07-02,346,Keychains & Charms,0.0,6.4,per-SKU,persku_ewma_a0.1,4.178967770008844e-09,4.178967770008844e-09,1.7463771622772692e-17,6.529637140638819e-10
11,791,2026-07-02,346,Keychains & Charms,0.0,6.4,top-down,topdown_RM6_180,0.0,0.0,0.0,0.0
11,791,2026-07-02,346,Keychains & Charms,0.0,6.4,top-down,topdown_rolling_mean_30,0.0,0.0,0.0,0.0
11,791,2026-07-02,346,Keychains & Charms,0.0,6.4,top-down,topdown_tsb,0.0,0.0,0.0,0.0
11,791,2026-07-02,350,Keychains & Charms,10.0,28.84,per-SKU,persku_rolling_mean_30,211.0,201.0,40401.0,6.969486823855756
11,791,2026-07-02,350,Keychains & Charms,10.0,28.84,per-SKU,persku_rolling_mean_180,119.16666666666671,109.16666666666671,11917.361111111122,3.785251964863617
11,791,2026-07-02,350,Keychains & Charms,10.0,28.84,per-SKU,persku_tsb,102.2584151604957,92.2584151604957,8511.615167926384,3.198974173387507
11,791,2026-07-02,350,Keychains & Charms,10.0,28.84,per-SKU,persku_ewma_a0.1,78.44374113665853,68.44374113665853,4684.545700781923,2.373222646902168
11,791,2026-07-02,350,Keychains & Charms,10.0,28.84,top-down,topdown_RM6_180,100.29511589403975,90.29511589403975,8153.207954318071,3.1308986093633755
11,791,2026-07-02,350,Keychains & Charms,10.0,28.84,top-down,topdown_rolling_mean_30,203.71440397350992,193.71440397350992,37525.27030681219,6.716865602410191
11,791,2026-07-02,350,Keychains & Charms,10.0,28.84,top-down,topdown_tsb,148.97374685533637,138.97374685533637,19313.702315011116,4.818784565025533
11,791,2026-07-02,352,Plush & Souvenirs,6.0,9.96,per-SKU,persku_rolling_mean_30,117.00000000000003,111.00000000000003,12321.000000000005,11.144578313253014
11,791,2026-07-02,352,Plush & Souvenirs,6.0,9.96,per-SKU,persku_rolling_mean_180,63.33333333333336,57.33333333333336,3287.111111111114,5.7563587684069635
11,791,2026-07-02,352,Plush & Souvenirs,6.0,9.96,per-SKU,persku_tsb,86.97652852147928,80.97652852147928,6557.198171389948,8.13017354633326
11,791,2026-07-02,352,Plush & Souvenirs,6.0,9.96,per-SKU,persku_ewma_a0.1,65.30645320380462,59.30645320380462,3517.2553916150678,5.954463173072753
11,791,2026-07-02,352,Plush & Souvenirs,6.0,9.96,top-down,topdown_RM6_180,55.20554854981086,49.20554854981086,2421.186008087793,4.940316119458921
11,791,2026-07-02,352,Plush & Souvenirs,6.0,9.96,top-down,topdown_rolling_mean_30,127.9697351828499,121.9697351828499,14876.616300574533,12.245957347675692
11,791,2026-07-02,352,Plush & Souvenirs,6.0,9.96,top-down,topdown_tsb,70.01863590532129,64.01863590532129,4098.3857431780925,6.427573886076434
11,791,2026-07-02,354,Plush & Souvenirs,0.0,11.6,per-SKU,persku_rolling_mean_30,190.00000000000006,190.00000000000006,36100.00000000002,16.37931034482759
11,791,2026-07-02,354,Plush & Souvenirs,0.0,11.6,per-SKU,persku_rolling_mean_180,66.00000000000001,66.00000000000001,4356.000000000002,5.6896551724137945
11,791,2026-07-02,354,Plush & Souvenirs,0.0,11.6,per-SKU,persku_tsb,33.67117471266631,33.67117471266631,1133.748006530899,2.902687475229854
11,791,2026-07-02,354,Plush & Souvenirs,0.0,11.6,per-SKU,persku_ewma_a0.1,43.6712946728736,43.6712946728736,1907.181978404958,3.764766782144276
11,791,2026-07-02,354,Plush & Souvenirs,0.0,11.6,top-down,topdown_RM6_180,75.32282471626735,75.32282471626735,5673.527923237535,6.493346958298909
11,791,2026-07-02,354,Plush & Souvenirs,0.0,11.6,top-down,topdown_rolling_mean_30,174.60277427490539,174.60277427490539,30486.12878449356,15.051963299560809
11,791,2026-07-02,354,Plush & Souvenirs,0.0,11.6,top-down,topdown_tsb,95.53390153183669,95.53390153183669,9126.72634189467,8.235681166537645
11,791,2026-07-02,356,Bags,0.0,20.56,per-SKU,persku_rolling_mean_30,0.0,0.0,0.0,0.0
11,791,2026-07-02,356,Bags,0.0,20.56,per-SKU,persku_rolling_mean_180,0.0,0.0,0.0,0.0
11,791,2026-07-02,356,Bags,0.0,20.56,per-SKU,persku_tsb,5.558228544279028e-10,5.558228544279028e-10,3.0893904550438165e-19,2.7034185526648973e-11
11,791,2026-07-02,356,Bags,0.0,20.56,per-SKU,persku_ewma_a0.1,5.697453709285732e-10,5.697453709285732e-10,3.246097876945374e-19,2.7711350726097918e-11
11,791,2026-07-02,356,Bags,0.0,20.56,top-down,topdown_RM6_180,0.0,0.0,0.0,0.0
11,791,2026-07-02,356,Bags,0.0,20.56,top-down,topdown_rolling_mean_30,0.0,0.0,0.0,0.0
11,791,2026-07-02,356,Bags,0.0,20.56,top-down,topdown_tsb,0.0,0.0,0.0,0.0
11,791,2026-07-02,358,Bags,60.0,124.8,per-SKU,persku_rolling_mean_30,12.000000000000004,48.0,2304.0,0.38461538461538464
11,791,2026-07-02,358,Bags,60.0,124.8,per-SKU,persku_rolling_mean_180,72.83333333333333,12.833333333333329,164.69444444444431,0.10283119658119655
11,791,2026-07-02,358,Bags,60.0,124.8,per-SKU,persku_tsb,30.52441901197014,29.47558098802986,868.8098745819074,0.236182539968188
11,791,2026-07-02,358,Bags,60.0,124.8,per-SKU,persku_ewma_a0.1,13.361354420340856,46.63864557965914,2175.163261505059,0.3737070959908585
11,791,2026-07-02,358,Bags,60.0,124.8,top-down,topdown_RM6_180,34.601851851851855,25.398148148148145,645.065929355281,0.20351080246913578
11,791,2026-07-02,358,Bags,60.0,124.8,top-down,topdown_rolling_mean_30,55.5,4.5,20.25,0.03605769230769231
11,791,2026-07-02,358,Bags,60.0,124.8,top-down,topdown_tsb,41.18730547778043,18.812694522219573,353.9174751863503,0.15074274456906708
11,791,2026-07-02,359,Bags,9.0,19.32,per-SKU,persku_rolling_mean_30,133.00000000000003,124.00000000000003,15376.000000000007,6.418219461697724
11,791,2026-07-02,359,Bags,9.0,19.32,per-SKU,persku_rolling_mean_180,92.66666666666667,83.66666666666667,7000.111111111112,4.330572808833678
11,791,2026-07-02,359,Bags,9.0,19.32,per-SKU,persku_tsb,111.44403262291972,102.44403262291972,10494.77982004584,5.302486160606611
11,791,2026-07-02,359,Bags,9.0,19.32,per-SKU,persku_ewma_a0.1,101.038857675234,92.038857675234,8471.15132216198,4.763916028738819
11,791,2026-07-02,359,Bags,9.0,19.32,top-down,topdown_RM6_180,97.57098765432099,88.57098765432099,7844.8198540618805,4.584419650844771
11,791,2026-07-02,359,Bags,9.0,19.32,top-down,topdown_rolling_mean_30,156.5,147.5,21756.25,7.634575569358178
11,791,2026-07-02,359,Bags,9.0,19.32,top-down,topdown_tsb,116.14078031121868,107.14078031121868,11479.146805696824,5.545589043023741
11,791,2026-07-02,377,Lanyards & IDs,60.0,90.96,per-SKU,persku_rolling_mean_30,369.9999999999999,309.9999999999999,96099.99999999993,3.4080914687774837
11,791,2026-07-02,377,Lanyards & IDs,60.0,90.96,per-SKU,persku_rolling_mean_180,210.8333333333333,150.8333333333333,22750.69444444443,1.6582380533567864
11,791,2026-07-02,377,Lanyards & IDs,60.0,90.96,per-SKU,persku_tsb,408.84833324729027,348.84833324729027,121695.15960941248,3.8351839627010804
11,791,2026-07-02,377,Lanyards & IDs,60.0,90.96,per-SKU,persku_ewma_a0.1,436.6561992769904,376.6561992769904,141869.89245378788,4.1408992884453655
11,791,2026-07-02,377,Lanyards & IDs,60.0,90.96,top-down,topdown_RM6_180,244.29940627650544,184.29940627650544,33966.27115387241,2.0261588201023026
11,791,2026-07-02,377,Lanyards & IDs,60.0,90.96,top-down,topdown_rolling_mean_30,361.73791348600497,301.73791348600497,91045.76843488782,3.317259383091524
11,791,2026-07-02,377,Lanyards & IDs,60.0,90.96,top-down,topdown_tsb,387.65013877033186,327.65013877033186,107354.61343621773,3.602134331248152
11,791,2026-07-02,378,Lanyards & IDs,0.0,2.8,per-SKU,persku_rolling_mean_30,0.0,0.0,0.0,0.0
11,791,2026-07-02,378,Lanyards & IDs,0.0,2.8,per-SKU,persku_rolling_mean_180,0.0,0.0,0.0,0.0
11,791,2026-07-02,378,Lanyards & IDs,0.0,2.8,per-SKU,persku_tsb,2.0917712120298134e-24,2.0917712120298134e-24,4.375506803476675e-48,7.470611471535048e-25
11,791,2026-07-02,378,Lanyards & IDs,0.0,2.8,per-SKU,persku_ewma_a0.1,2.177873135641501e-24,2.177873135641501e-24,4.7431313949489436e-48,7.778118341576789e-25
11,791,2026-07-02,378,Lanyards & IDs,0.0,2.8,top-down,topdown_RM6_180,0.0,0.0,0.0,0.0
11,791,2026-07-02,378,Lanyards & IDs,0.0,2.8,top-down,topdown_rolling_mean_30,0.0,0.0,0.0,0.0
11,791,2026-07-02,378,Lanyards & IDs,0.0,2.8,top-down,topdown_tsb,0.0,0.0,0.0,0.0
11,791,2026-07-02,380,Shirts & Tops,9.0,3.48,per-SKU,persku_rolling_mean_30,76.99999999999999,67.99999999999999,4623.999999999998,19.540229885057467
11,791,2026-07-02,380,Shirts & Tops,9.0,3.48,per-SKU,persku_rolling_mean_180,46.166666666666686,37.166666666666686,1381.3611111111125,10.680076628352495
11,791,2026-07-02,380,Shirts & Tops,9.0,3.48,per-SKU,persku_tsb,73.62844137922968,64.62844137922968,4176.835435108528,18.57139120092807
11,791,2026-07-02,380,Shirts & Tops,9.0,3.48,per-SKU,persku_ewma_a0.1,74.69615501802654,65.69615501802654,4315.984784152574,18.878205464950156
11,791,2026-07-02,380,Shirts & Tops,9.0,3.48,top-down,topdown_RM6_180,65.22616897451336,56.22616897451336,3161.3820775505283,16.15694510761878
11,791,2026-07-02,380,Shirts & Tops,9.0,3.48,top-down,topdown_rolling_mean_30,71.34316676700784,62.343166767007844,3886.670442538951,17.91470309396777
11,791,2026-07-02,380,Shirts & Tops,9.0,3.48,top-down,topdown_tsb,65.5254631674531,56.5254631674531,3195.127986295097,16.242949186049742
11,791,2026-07-02,381,Keychains & Charms,33.0,7.8,per-SKU,persku_rolling_mean_30,195.0,162.0,26244.0,20.76923076923077
11,791,2026-07-02,381,Keychains & Charms,33.0,7.8,per-SKU,persku_rolling_mean_180,62.16666666666667,29.16666666666667,850.6944444444447,3.73931623931624
11,791,2026-07-02,381,Keychains & Charms,33.0,7.8,per-SKU,persku_tsb,156.61919740360904,123.61919740360904,15281.70596671246,15.848615051744748
11,791,2026-07-02,381,Keychains & Charms,33.0,7.8,per-SKU,persku_ewma_a0.1,146.322085051035,113.322085051035,12841.894960314012,14.528472442440385
11,791,2026-07-02,381,Keychains & Charms,33.0,7.8,top-down,topdown_RM6_180,112.34257726269318,79.34257726269318,6295.244566686437,10.17212529008887
11,791,2026-07-02,381,Keychains & Charms,33.0,7.8,top-down,topdown_rolling_mean_30,228.18460264900662,195.18460264900662,38097.0291112506,25.0236670062829
11,791,2026-07-02,381,Keychains & Charms,33.0,7.8,top-down,topdown_tsb,166.86849122234375,133.86849122234375,17920.772942146727,17.16262707978766
11,791,2026-07-02,389,Drinkware,0.0,10.88,per-SKU,persku_rolling_mean_30,0.0,0.0,0.0,0.0
11,791,2026-07-02,389,Drinkware,0.0,10.88,per-SKU,persku_rolling_mean_180,0.0,0.0,0.0,0.0
11,791,2026-07-02,389,Drinkware,0.0,10.88,per-SKU,persku_tsb,1.9570416839957113e-07,1.9570416839957113e-07,3.8300121528967697e-14,1.798751547790176e-08
11,791,2026-07-02,389,Drinkware,0.0,10.88,per-SKU,persku_ewma_a0.1,2.4477384854756564e-07,2.4477384854756564e-07,5.99142369327866e-14,2.2497596373857133e-08
11,791,2026-07-02,389,Drinkware,0.0,10.88,top-down,topdown_RM6_180,0.0,0.0,0.0,0.0
11,791,2026-07-02,389,Drinkware,0.0,10.88,top-down,topdown_rolling_mean_30,0.0,0.0,0.0,0.0
11,791,2026-07-02,389,Drinkware,0.0,10.88,top-down,topdown_tsb,0.0,0.0,0.0,0.0
11,791,2026-07-02,392,Drinkware,0.0,10.32,per-SKU,persku_rolling_mean_30,0.0,0.0,0.0,0.0
11,791,2026-07-02,392,Drinkware,0.0,10.32,per-SKU,persku_rolling_mean_180,0.0,0.0,0.0,0.0
11,791,2026-07-02,392,Drinkware,0.0,10.32,per-SKU,persku_tsb,1.7390392977081248e-07,1.7390392977081248e-07,3.024257678973168e-14,1.6851155985543844e-08
11,791,2026-07-02,392,Drinkware,0.0,10.32,per-SKU,persku_ewma_a0.1,1.8912402217489168e-07,1.8912402217489168e-07,3.576789576360892e-14,1.8325971140977876e-08
11,791,2026-07-02,392,Drinkware,0.0,10.32,top-down,topdown_RM6_180,0.0,0.0,0.0,0.0
11,791,2026-07-02,392,Drinkware,0.0,10.32,top-down,topdown_rolling_mean_30,0.0,0.0,0.0,0.0
11,791,2026-07-02,392,Drinkware,0.0,10.32,top-down,topdown_tsb,0.0,0.0,0.0,0.0
11,791,2026-07-02,393,Drinkware,1.0,14.36,per-SKU,persku_rolling_mean_30,156.99999999999991,155.99999999999991,24335.999999999975,10.863509749303615
11,791,2026-07-02,393,Drinkware,1.0,14.36,per-SKU,persku_rolling_mean_180,114.33333333333337,113.33333333333337,12844.444444444453,7.892293407613745
11,791,2026-07-02,393,Drinkware,1.0,14.36,per-SKU,persku_tsb,96.15690211323476,95.15690211323476,9054.836019787743,6.626525216799078
11,791,2026-07-02,393,Drinkware,1.0,14.36,per-SKU,persku_ewma_a0.1,79.8617830292027,78.8617830292027,6219.180822545042,5.491767620418015
11,791,2026-07-02,393,Drinkware,1.0,14.36,top-down,topdown_RM6_180,114.33333333333337,113.33333333333337,12844.444444444453,7.892293407613745
11,791,2026-07-02,393,Drinkware,1.0,14.36,top-down,topdown_rolling_mean_30,156.99999999999991,155.99999999999991,24335.999999999975,10.863509749303615
11,791,2026-07-02,393,Drinkware,1.0,14.36,top-down,topdown_tsb,96.17731074757027,95.17731074757027,9058.720481139557,6.6279464308892955
11,791,2026-07-02,394,Drinkware,0.0,15.4,per-SKU,persku_rolling_mean_30,0.0,0.0,0.0,0.0
11,791,2026-07-02,394,Drinkware,0.0,15.4,per-SKU,persku_rolling_mean_180,0.0,0.0,0.0,0.0
11,791,2026-07-02,394,Drinkware,0.0,15.4,per-SKU,persku_tsb,9.564401484647756e-15,9.564401484647756e-15,9.147777575953219e-29,6.210650314706335e-16
11,791,2026-07-02,394,Drinkware,0.0,15.4,per-SKU,persku_ewma_a0.1,6.309933967780466e-15,6.309933967780466e-15,3.9815266677749736e-29,4.097359719337965e-16
11,791,2026-07-02,394,Drinkware,0.0,15.4,top-down,topdown_RM6_180,0.0,0.0,0.0,0.0
11,791,2026-07-02,394,Drinkware,0.0,15.4,top-down,topdown_rolling_mean_30,0.0,0.0,0.0,0.0
11,791,2026-07-02,394,Drinkware,0.0,15.4,top-down,topdown_tsb,0.0,0.0,0.0,0.0
11,791,2026-07-02,395,Shirts & Tops,0.0,69.36,per-SKU,persku_rolling_mean_30,0.0,0.0,0.0,0.0
11,791,2026-07-02,395,Shirts & Tops,0.0,69.36,per-SKU,persku_rolling_mean_180,86.16666666666666,86.16666666666666,7424.6944444444425,1.242310649750096
11,791,2026-07-02,395,Shirts & Tops,0.0,69.36,per-SKU,persku_tsb,0.1646549509031135,0.1646549509031135,0.027111252856906715,0.0023739179772651886
11,791,2026-07-02,395,Shirts & Tops,0.0,69.36,per-SKU,persku_ewma_a0.1,0.16108291941052164,0.16108291941052164,0.02594770692581661,0.0023224180999210156
11,791,2026-07-02,395,Shirts & Tops,0.0,69.36,top-down,topdown_RM6_180,34.81396748946418,34.81396748946418,1212.012332357469,0.501931480528607
11,791,2026-07-02,395,Shirts & Tops,0.0,69.36,top-down,topdown_rolling_mean_30,38.078868151715845,38.078868151715845,1450.0001997157592,0.5490032893845999
11,791,2026-07-02,395,Shirts & Tops,0.0,69.36,top-down,topdown_tsb,34.97371346974491,34.97371346974491,1223.1606338638164,0.5042346232662184
11,791,2026-07-02,397,Shirts & Tops,41.0,18.52,per-SKU,persku_rolling_mean_30,163.00000000000003,122.00000000000003,14884.000000000007,6.587473002159829
11,791,2026-07-02,397,Shirts & Tops,41.0,18.52,per-SKU,persku_rolling_mean_180,84.83333333333337,43.83333333333337,1921.3611111111145,2.3668106551475905
11,791,2026-07-02,397,Shirts & Tops,41.0,18.52,per-SKU,persku_tsb,180.58469726602868,139.58469726602868,19483.887710848874,7.536970694709972
11,791,2026-07-02,397,Shirts & Tops,41.0,18.52,per-SKU,persku_ewma_a0.1,169.92064140052287,128.92064140052287,16620.53177912221,6.961157743008794
11,791,2026-07-02,397,Shirts & Tops,41.0,18.52,top-down,topdown_RM6_180,147.25908087497493,106.25908087497493,11290.992268394462,5.737531364739467
11,791,2026-07-02,397,Shirts & Tops,41.0,18.52,top-down,topdown_rolling_mean_30,161.06923540036126,120.06923540036126,14416.621289627366,6.483220054015187
11,791,2026-07-02,397,Shirts & Tops,41.0,18.52,top-down,topdown_tsb,147.93478800995547,106.93478800995547,11435.048886734116,5.774016631207099
11,791,2026-07-02,400,Shirts & Tops,0.0,1.52,per-SKU,persku_rolling_mean_30,0.0,0.0,0.0,0.0
11,791,2026-07-02,400,Shirts & Tops,0.0,1.52,per-SKU,persku_rolling_mean_180,0.0,0.0,0.0,0.0
11,791,2026-07-02,400,Shirts & Tops,0.0,1.52,per-SKU,persku_tsb,9.338500569696584e-34,9.338500569696584e-34,8.720759289022342e-67,6.143750374800384e-34
11,791,2026-07-02,400,Shirts & Tops,0.0,1.52,per-SKU,persku_ewma_a0.1,1.2127182464226095e-33,1.2127182464226095e-33,1.4706855452063291e-66,7.97840951593822e-34
11,791,2026-07-02,400,Shirts & Tops,0.0,1.52,top-down,topdown_RM6_180,0.0,0.0,0.0,0.0
11,791,2026-07-02,400,Shirts & Tops,0.0,1.52,top-down,topdown_rolling_mean_30,0.0,0.0,0.0,0.0
11,791,2026-07-02,400,Shirts & Tops,0.0,1.52,top-down,topdown_tsb,0.0,0.0,0.0,0.0
11,791,2026-07-02,401,Shirts & Tops,0.0,3.56,per-SKU,persku_rolling_mean_30,0.0,0.0,0.0,0.0
11,791,2026-07-02,401,Shirts & Tops,0.0,3.56,per-SKU,persku_rolling_mean_180,0.0,0.0,0.0,0.0
11,791,2026-07-02,401,Shirts & Tops,0.0,3.56,per-SKU,persku_tsb,1.8964957953972713e-33,1.8964957953972713e-33,3.5966963019595286e-66,5.327235380329414e-34
11,791,2026-07-02,401,Shirts & Tops,0.0,3.56,per-SKU,persku_ewma_a0.1,1.6299665116103492e-33,1.6299665116103492e-33,2.6567908289712105e-66,4.578557616883003e-34
11,791,2026-07-02,401,Shirts & Tops,0.0,3.56,top-down,topdown_RM6_180,0.0,0.0,0.0,0.0
11,791,2026-07-02,401,Shirts & Tops,0.0,3.56,top-down,topdown_rolling_mean_30,0.0,0.0,0.0,0.0
11,791,2026-07-02,401,Shirts & Tops,0.0,3.56,top-down,topdown_tsb,0.0,0.0,0.0,0.0
11,791,2026-07-02,402,Shirts & Tops,0.0,114.88,per-SKU,persku_rolling_mean_30,0.0,0.0,0.0,0.0
11,791,2026-07-02,402,Shirts & Tops,0.0,114.88,per-SKU,persku_rolling_mean_180,165.33333333333337,165.33333333333337,27335.111111111124,1.4391829155060356
11,791,2026-07-02,402,Shirts & Tops,0.0,114.88,per-SKU,persku_tsb,0.014870782520748312,0.014870782520748312,0.0002211401727793935,0.00012944622667782304
11,791,2026-07-02,402,Shirts & Tops,0.0,114.88,per-SKU,persku_ewma_a0.1,0.014043754070796104,0.014043754070796104,0.00019722702840100213,0.00012224716287252877
11,791,2026-07-02,402,Shirts & Tops,0.0,114.88,top-down,topdown_RM6_180,0.0,0.0,0.0,0.0
11,791,2026-07-02,402,Shirts & Tops,0.0,114.88,top-down,topdown_rolling_mean_30,0.0,0.0,0.0,0.0
11,791,2026-07-02,402,Shirts & Tops,0.0,114.88,top-down,topdown_tsb,0.0,0.0,0.0,0.0
11,791,2026-07-02,403,Shirts & Tops,85.0,12.48,per-SKU,persku_rolling_mean_30,311.9999999999999,226.9999999999999,51528.99999999995,18.189102564102555
11,791,2026-07-02,403,Shirts & Tops,85.0,12.48,per-SKU,persku_rolling_mean_180,106.99999999999999,21.999999999999986,483.9999999999994,1.7628205128205117
11,791,2026-07-02,403,Shirts & Tops,85.0,12.48,per-SKU,persku_tsb,238.72166293467555,153.72166293467555,23630.349655402002,12.31744094027849
11,791,2026-07-02,403,Shirts & Tops,85.0,12.48,per-SKU,persku_ewma_a0.1,235.27799326732224,150.27799326732224,22583.47526045335,12.041505870779025
11,791,2026-07-02,403,Shirts & Tops,85.0,12.48,top-down,topdown_RM6_180,256.9030704394943,171.9030704394943,29550.665626525733,13.774284490344092
11,791,2026-07-02,403,Shirts & Tops,85.0,12.48,top-down,topdown_rolling_mean_30,280.99578567128236,195.99578567128236,38414.34800090325,15.70479051853224
11,791,2026-07-02,403,Shirts & Tops,85.0,12.48,top-down,topdown_tsb,258.08188560432444,173.08188560432444,29957.33912434845,13.868740833679842
11,791,2026-07-02,404,Shirts & Tops,17.0,57.84,per-SKU,persku_rolling_mean_30,48.000000000000014,31.000000000000014,961.0000000000009,0.5359612724757955
11,791,2026-07-02,404,Shirts & Tops,17.0,57.84,per-SKU,persku_rolling_mean_180,52.99999999999999,35.99999999999999,1295.9999999999995,0.6224066390041492
11,791,2026-07-02,404,Shirts & Tops,17.0,57.84,per-SKU,persku_tsb,51.986461840714725,34.986461840714725,1224.0525121317876,0.6048835034701715
11,791,2026-07-02,404,Shirts & Tops,17.0,57.84,per-SKU,persku_ewma_a0.1,52.71749843590685,35.71749843590685,1275.739694519008,0.6175224487535762
11,791,2026-07-02,404,Shirts & Tops,17.0,57.84,top-down,topdown_RM6_180,48.41942604856513,31.41942604856513,987.1803332212529,0.5432127601757456
11,791,2026-07-02,404,Shirts & Tops,17.0,57.84,top-down,topdown_rolling_mean_30,52.96026490066226,35.96026490066226,1293.1406517258022,0.621719655958891
11,791,2026-07-02,404,Shirts & Tops,17.0,57.84,top-down,topdown_tsb,48.64160149240383,31.64160149240383,1001.1909450040922,0.5470539677109929
11,791,2026-07-02,406,Shirts & Tops,0.0,2.24,per-SKU,persku_rolling_mean_30,0.0,0.0,0.0,0.0
11,791,2026-07-02,406,Shirts & Tops,0.0,2.24,per-SKU,persku_rolling_mean_180,0.0,0.0,0.0,0.0
11,791,2026-07-02,406,Shirts & Tops,0.0,2.24,per-SKU,persku_tsb,1.126174984100213e-33,1.126174984100213e-33,1.2682700948131148e-66,5.027566893304521e-34
11,791,2026-07-02,406,Shirts & Tops,0.0,2.24,per-SKU,persku_ewma_a0.1,9.448552033287628e-34,9.448552033287628e-34,8.927513552574376e-67,4.218103586289119e-34
11,791,2026-07-02,406,Shirts & Tops,0.0,2.24,top-down,topdown_RM6_180,0.0,0.0,0.0,0.0
11,791,2026-07-02,406,Shirts & Tops,0.0,2.24,top-down,topdown_rolling_mean_30,0.0,0.0,0.0,0.0
11,791,2026-07-02,406,Shirts & Tops,0.0,2.24,top-down,topdown_tsb,0.0,0.0,0.0,0.0
11,791,2026-07-02,419,Umbrellas & Gear,0.0,43.84,per-SKU,persku_rolling_mean_30,0.0,0.0,0.0,0.0
11,791,2026-07-02,419,Umbrellas & Gear,0.0,43.84,per-SKU,persku_rolling_mean_180,0.0,0.0,0.0,0.0
11,791,2026-07-02,419,Umbrellas & Gear,0.0,43.84,per-SKU,persku_tsb,2.3373535010954835e-07,2.3373535010954835e-07,5.4632213890833145e-14,5.331554518922179e-09
11,791,2026-07-02,419,Umbrellas & Gear,0.0,43.84,per-SKU,persku_ewma_a0.1,2.4625898035648333e-07,2.4625898035648333e-07,6.064348540621484e-14,5.61722126725555e-09
11,791,2026-07-02,419,Umbrellas & Gear,0.0,43.84,top-down,topdown_RM6_180,0.0,0.0,0.0,0.0
11,791,2026-07-02,419,Umbrellas & Gear,0.0,43.84,top-down,topdown_rolling_mean_30,0.0,0.0,0.0,0.0
11,791,2026-07-02,419,Umbrellas & Gear,0.0,43.84,top-down,topdown_tsb,0.0,0.0,0.0,0.0
11,791,2026-07-02,477,Bags,0.0,0.16,per-SKU,persku_rolling_mean_30,0.0,0.0,0.0,0.0
11,791,2026-07-02,477,Bags,0.0,0.16,per-SKU,persku_rolling_mean_180,0.0,0.0,0.0,0.0
11,791,2026-07-02,477,Bags,0.0,0.16,per-SKU,persku_tsb,9.662637573183697e-34,9.662637573183697e-34,9.336656487070132e-67,6.0391484832398105e-33
11,791,2026-07-02,477,Bags,0.0,0.16,per-SKU,persku_ewma_a0.1,3.9121579816195536e-33,3.9121579816195536e-33,1.5304980073149579e-65,2.4450987385122208e-32
11,791,2026-07-02,477,Bags,0.0,0.16,top-down,topdown_RM6_180,0.0,0.0,0.0,0.0
11,791,2026-07-02,477,Bags,0.0,0.16,top-down,topdown_rolling_mean_30,0.0,0.0,0.0,0.0
11,791,2026-07-02,477,Bags,0.0,0.16,top-down,topdown_tsb,0.0,0.0,0.0,0.0
